{"type":"FeatureCollection","features":[{"type":"Feature","properties":{"id":"1457","name":"Votrubcův lom - Kozákov","geometry_kind":"bod","technicke_prvky":"lom","jevy":"láva, lávový proud","hornina":"melafyr","stupen_ochrany":"Národní přírodní památka (NPP) v CHKO","url":"https://lokality.geology.cz/1457"},"geometry":{"type":"Point","coordinates":[15.260991,50.589946]}},{"type":"Feature","properties":{"id":"1968","name":"Vyhlídka","geometry_kind":"bod","technicke_prvky":"","jevy":"skála, tor (izolovaná skála)","hornina":"rohovec kontaktní, granit (žula)","stupen_ochrany":"Zajímavé geologické lokality registrované v ČGS","url":"https://lokality.geology.cz/1968"},"geometry":{"type":"Point","coordinates":[15.164219,50.707913]}},{"type":"Feature","properties":{"id":"2019","name":"Mšenský vrch","geometry_kind":"bod","technicke_prvky":"lom","jevy":"charakteristická hornina","hornina":"granit (žula)","stupen_ochrany":"Zajímavé geol. lokality registrované v ČGS v CHKO","url":"https://lokality.geology.cz/2019"},"geometry":{"type":"Point","coordinates":[15.187909,50.745185]}},{"type":"Feature","properties":{"id":"1918","name":"Starý mlýn","geometry_kind":"bod","technicke_prvky":"lom","jevy":"skalní věž, viklan, voštiny","hornina":"pískovec","stupen_ochrany":"Zajímavé geol. lokality registrované v ČGS v CHKO","url":"https://lokality.geology.cz/1918"},"geometry":{"type":"Point","coordinates":[14.608657,50.821284]}},{"type":"Feature","properties":{"id":"1956","name":"Ruprechtice","geometry_kind":"bod","technicke_prvky":"lom","jevy":"vyrostlice, charakteristická hornina","hornina":"granit (žula)","stupen_ochrany":"Zajímavé geologické lokality registrované v ČGS","url":"https://lokality.geology.cz/1956"},"geometry":{"type":"Point","coordinates":[15.087023,50.79466]}},{"type":"Feature","properties":{"id":"1995","name":"Horní Černá Studnice","geometry_kind":"bod","technicke_prvky":"lom","jevy":"charakteristická hornina","hornina":"granit (žula)","stupen_ochrany":"Zajímavé geologické lokality registrované v ČGS","url":"https://lokality.geology.cz/1995"},"geometry":{"type":"Point","coordinates":[15.213755,50.710824]}},{"type":"Feature","properties":{"id":"3126","name":"Mumlavský vodopád","geometry_kind":"bod","technicke_prvky":"","jevy":"evorzní hrnec","hornina":"granit (žula)","stupen_ochrany":"Zajímavé geologické lokality registrované v ČGS","url":"https://lokality.geology.cz/3126"},"geometry":{"type":"Point","coordinates":[15.453313,50.77067]}},{"type":"Feature","properties":{"id":"3844","name":"Živcová jáma u Oldřichova v Hájích","geometry_kind":"bod","technicke_prvky":"jáma (šachta), staré dobývky","jevy":"žíla (magmatická)","hornina":"pegmatit","stupen_ochrany":"Geologické lokality doporučené k ochraně v CHKO","url":"https://lokality.geology.cz/3844"},"geometry":{"type":"Point","coordinates":[15.073163,50.864681]}},{"type":"Feature","properties":{"id":"3845","name":"Zaječí Důl","geometry_kind":"bod","technicke_prvky":"lom","jevy":"žíla (magmatická), charakteristická hornina","hornina":"monzodiorit, granit (žula)","stupen_ochrany":"Geologické lokality doporučené k ochraně","url":"https://lokality.geology.cz/3845"},"geometry":{"type":"Point","coordinates":[15.081591,50.827359]}},{"type":"Feature","properties":{"id":"3121","name":"Příchovice, rozhledna Štěpánka (Hvězda)","geometry_kind":"bod","technicke_prvky":"","jevy":"výchoz","hornina":"svor, ortorula","stupen_ochrany":"Geologické lokality doporučené k ochraně","url":"https://lokality.geology.cz/3121"},"geometry":{"type":"Point","coordinates":[15.365904,50.746533]}},{"type":"Feature","properties":{"id":"284","name":"Kumburk","geometry_kind":"bod","technicke_prvky":"","jevy":"kamenné varhany (sloupcovitá odlučnost), intruze, kamenné moře, skála, vulkán, charakteristická hornina","hornina":"bazalt (čedič)","stupen_ochrany":"Geologické lokality doporučené k ochraně","url":"https://lokality.geology.cz/284"},"geometry":{"type":"Point","coordinates":[15.44504,50.49334]}},{"type":"Feature","properties":{"id":"3228","name":"Prachovna","geometry_kind":"bod","technicke_prvky":"","jevy":"skála, zvrstvení, diskordance","hornina":"pískovec","stupen_ochrany":"Přírodní rezervace (PR) v CHKO","url":"https://lokality.geology.cz/3228"},"geometry":{"type":"Point","coordinates":[15.192146,50.544433]}},{"type":"Feature","properties":{"id":"4071","name":"Luž","geometry_kind":"bod","technicke_prvky":"","jevy":"láva, maar","hornina":"fonolit, trachybazalt, hawaiit, struska, brekcie, pískovec","stupen_ochrany":"Přírodní rezervace (PR) v CHKO","url":"https://lokality.geology.cz/4071"},"geometry":{"type":"Point","coordinates":[14.646843,50.84895]}},{"type":"Feature","properties":{"id":"4055","name":"Janské kameny","geometry_kind":"bod","technicke_prvky":"","jevy":"žíla (magmatická), skalní zeď","hornina":"bazalt (čedič)","stupen_ochrany":"Zajímavé geologické lokality registrované v ČGS","url":"https://lokality.geology.cz/4055"},"geometry":{"type":"Point","coordinates":[14.717494,50.834366]}},{"type":"Feature","properties":{"id":"3204","name":"Čertí kopeček","geometry_kind":"bod","technicke_prvky":"lom","jevy":"vulkanoklastika","hornina":"pyroklastika","stupen_ochrany":"Zajímavé geol. lokality registrované v ČGS v CHKO","url":"https://lokality.geology.cz/3204"},"geometry":{"type":"Point","coordinates":[15.230268,50.61811]}},{"type":"Feature","properties":{"id":"3686","name":"Pytlácké kameny","geometry_kind":"bod","technicke_prvky":"","jevy":"deformační stavby, charakteristická hornina, skalní hřbet, skalní okno","hornina":"granit (žula)","stupen_ochrany":"Geologické lokality doporučené k ochraně v CHKO","url":"https://lokality.geology.cz/3686"},"geometry":{"type":"Point","coordinates":[15.334091,50.843031]}},{"type":"Feature","properties":{"id":"1456","name":"Skalky v lesoparku v Semilech - semilské souvrství","geometry_kind":"bod","technicke_prvky":"","jevy":"skála, zvrstvení, charakteristická hornina","hornina":"slepenec (konglomerát) , prachovec (siltovec), droba","stupen_ochrany":"Geologické lokality doporučené k ochraně","url":"https://lokality.geology.cz/1456"},"geometry":{"type":"Point","coordinates":[15.333977,50.605125]}},{"type":"Feature","properties":{"id":"3234","name":"Skály nad Vidlákem","geometry_kind":"bod","technicke_prvky":"","jevy":"skalní defilé, zvrstvení","hornina":"pískovec","stupen_ochrany":"Zajímavé geol. lokality registrované v ČGS v CHKO","url":"https://lokality.geology.cz/3234"},"geometry":{"type":"Point","coordinates":[15.212325,50.521291]}},{"type":"Feature","properties":{"id":"3235","name":"Hlavatá skála u Rokytnice","geometry_kind":"bod","technicke_prvky":"","jevy":"skála","hornina":"pískovec","stupen_ochrany":"Zajímavé geol. lokality registrované v ČGS v CHKO","url":"https://lokality.geology.cz/3235"},"geometry":{"type":"Point","coordinates":[15.225794,50.525397]}},{"type":"Feature","properties":{"id":"3439","name":"Pekařova brána","geometry_kind":"bod","technicke_prvky":"","jevy":"zvrstvení, skalní brána (most)","hornina":"pískovec","stupen_ochrany":"Zajímavé geol. lokality registrované v ČGS v CHKO","url":"https://lokality.geology.cz/3439"},"geometry":{"type":"Point","coordinates":[15.169027,50.514537]}},{"type":"Feature","properties":{"id":"3952","name":"Pohanské kameny","geometry_kind":"bod","technicke_prvky":"","jevy":"selektivní eroze","hornina":"granit (žula)","stupen_ochrany":"Zajímavé geologické lokality registrované v ČGS","url":"https://lokality.geology.cz/3952"},"geometry":{"type":"Point","coordinates":[15.021268,50.971287]}},{"type":"Feature","properties":{"id":"3685","name":"Houba","geometry_kind":"bod","technicke_prvky":"","jevy":"skalní hřib, selektivní eroze, tor (izolovaná skála)","hornina":"granit (žula)","stupen_ochrany":"Zajímavé geol. lokality registrované v ČGS v CHKO","url":"https://lokality.geology.cz/3685"},"geometry":{"type":"Point","coordinates":[15.325711,50.850964]}},{"type":"Feature","properties":{"id":"3193","name":"Hlavatice","geometry_kind":"bod","technicke_prvky":"","jevy":"skalní věž","hornina":"pískovec","stupen_ochrany":"Zajímavé geol. lokality registrované v ČGS v CHKO","url":"https://lokality.geology.cz/3193"},"geometry":{"type":"Point","coordinates":[15.155502,50.56948]}},{"type":"Feature","properties":{"id":"3441","name":"Sedmihorky","geometry_kind":"bod","technicke_prvky":"","jevy":"pramen, sesuv","hornina":"pískovec, jílovec (lupek)","stupen_ochrany":"Geologické lokality doporučené k ochraně v CHKO","url":"https://lokality.geology.cz/3441"},"geometry":{"type":"Point","coordinates":[15.186922,50.552936]}},{"type":"Feature","properties":{"id":"3443","name":"Skála Osudová","geometry_kind":"bod","technicke_prvky":"","jevy":"skalní věž, skalní okno, zvrstvení","hornina":"pískovec","stupen_ochrany":"Geologické lokality doporučené k ochraně v CHKO","url":"https://lokality.geology.cz/3443"},"geometry":{"type":"Point","coordinates":[15.196221,50.547889]}},{"type":"Feature","properties":{"id":"3577","name":"Smrk","geometry_kind":"bod","technicke_prvky":"","jevy":"charakteristická hornina","hornina":"ortorula","stupen_ochrany":"Zajímavé geol. lokality registrované v ČGS v CHKO","url":"https://lokality.geology.cz/3577"},"geometry":{"type":"Point","coordinates":[15.273128,50.889261]}},{"type":"Feature","properties":{"id":"3370","name":"Bítouchov- intruze dioritů v granitech","geometry_kind":"bod","technicke_prvky":"","jevy":"skála","hornina":"metagranit, granit (žula), diorit","stupen_ochrany":"Přírodní rezervace (PR)","url":"https://lokality.geology.cz/3370"},"geometry":{"type":"Point","coordinates":[15.308361,50.617278]}},{"type":"Feature","properties":{"id":"3569","name":"Jelení stráň - Věžní skály","geometry_kind":"bod","technicke_prvky":"","jevy":"skála, viklan","hornina":"granit (žula)","stupen_ochrany":"Zajímavé geol. lokality registrované v ČGS v CHKO","url":"https://lokality.geology.cz/3569"},"geometry":{"type":"Point","coordinates":[15.348527,50.836357]}},{"type":"Feature","properties":{"id":"3226","name":"Kopicův statek","geometry_kind":"bod","technicke_prvky":"","jevy":"skála","hornina":"pískovec","stupen_ochrany":"Zajímavé geol. lokality registrované v ČGS v CHKO","url":"https://lokality.geology.cz/3226"},"geometry":{"type":"Point","coordinates":[15.159315,50.555698]}},{"type":"Feature","properties":{"id":"3230","name":"Krkavčí skály u Hrubé skály","geometry_kind":"bod","technicke_prvky":"","jevy":"skála, skalní defilé","hornina":"pískovec","stupen_ochrany":"Zajímavé geol. lokality registrované v ČGS v CHKO","url":"https://lokality.geology.cz/3230"},"geometry":{"type":"Point","coordinates":[15.201226,50.535481]}},{"type":"Feature","properties":{"id":"1656","name":"Kodešova skála","geometry_kind":"bod","technicke_prvky":"","jevy":"intruze, kamenné varhany (sloupcovitá odlučnost)","hornina":"limburgit, nefelinit","stupen_ochrany":"Přírodní památka (PP)","url":"https://lokality.geology.cz/1656"},"geometry":{"type":"Point","coordinates":[15.017713,50.893252]}},{"type":"Feature","properties":{"id":"31","name":"Naděje","geometry_kind":"bod","technicke_prvky":"","jevy":"jeskyně pseudokrasová, suť","hornina":"fonolit","stupen_ochrany":"Přírodní památka (PP) v CHKO","url":"https://lokality.geology.cz/31"},"geometry":{"type":"Point","coordinates":[14.641141,50.821309]}},{"type":"Feature","properties":{"id":"36","name":"Krápník","geometry_kind":"bod","technicke_prvky":"","jevy":"skalní převis , voštiny","hornina":"pískovec","stupen_ochrany":"Geologické lokality doporučené k ochraně v CHKO","url":"https://lokality.geology.cz/36"},"geometry":{"type":"Point","coordinates":[14.45247,50.579508]}},{"type":"Feature","properties":{"id":"3131","name":"Harrachovy Kameny, tory v porfyrickém granitu","geometry_kind":"bod","technicke_prvky":"","jevy":"mrazový srub, tor (izolovaná skála)","hornina":"granit (žula)","stupen_ochrany":"Zajímavé geologické lokality registrované v ČGS v NP","url":"https://lokality.geology.cz/3131"},"geometry":{"type":"Point","coordinates":[15.538278,50.754439]}},{"type":"Feature","properties":{"id":"35","name":"Stříbrník","geometry_kind":"bod","technicke_prvky":"lom","jevy":"kamenné varhany (sloupcovitá odlučnost), intruze, žíla (magmatická)","hornina":"bazanit, tufit","stupen_ochrany":"Přírodní památka (PP)","url":"https://lokality.geology.cz/35"},"geometry":{"type":"Point","coordinates":[14.848616,50.732208]}},{"type":"Feature","properties":{"id":"65","name":"Suché skály","geometry_kind":"plocha","technicke_prvky":"","jevy":"zlom, tektonické zrcadlo, voštiny, zkameněliny - fauna, suťové pole, skalní stěna, skalní plotna, skalní ostroh, skalní ohlaz, skalní komín, skalní hřbet, skalní hradba, inkrustace","hornina":"pískovec, melafyr","stupen_ochrany":"Národní přírodní památka (NPP) v CHKO","url":"https://lokality.geology.cz/65"},"geometry":{"type":"Polygon","coordinates":[[[15.215811,50.632838],[15.217091,50.633422],[15.216925,50.633825],[15.214631,50.635615],[15.214307,50.635952],[15.213682,50.636228],[15.214025,50.636509],[15.213226,50.637088],[15.213491,50.637689],[15.212708,50.63797],[15.211357,50.63874],[15.211124,50.638767],[15.210563,50.638649],[15.21037,50.638688],[15.210147,50.639023],[15.21043,50.639173],[15.210762,50.639154],[15.210277,50.639369],[15.208643,50.639563],[15.207862,50.639836],[15.206759,50.639792],[15.206203,50.639647],[15.205532,50.638515],[15.20695,50.636192],[15.207176,50.636129],[15.207448,50.636268],[15.207336,50.637111],[15.207015,50.638082],[15.207303,50.638277],[15.207547,50.63827],[15.207772,50.638215],[15.208067,50.638022],[15.209074,50.637115],[15.211328,50.635032],[15.212989,50.633345],[15.213651,50.633525],[15.214784,50.633562],[15.215811,50.632838]]]}},{"type":"Feature","properties":{"id":"38","name":"Provodínské kameny","geometry_kind":"plocha","technicke_prvky":"staré dobývky","jevy":"intruze, kamenné varhany (sloupcovitá odlučnost)","hornina":"bazaltoid, pískovec, prachovec (siltovec)","stupen_ochrany":"Přírodní památka (PP)","url":"https://lokality.geology.cz/38"},"geometry":{"type":"Polygon","coordinates":[[[14.607407,50.630787],[14.607391,50.630124],[14.608029,50.629671],[14.608799,50.629474],[14.609505,50.629707],[14.610293,50.630228],[14.6094,50.630741],[14.609198,50.63095],[14.608449,50.630986],[14.607439,50.630772],[14.607407,50.630787]]]}},{"type":"Feature","properties":{"id":"1208","name":"Kozákov","geometry_kind":"plocha","technicke_prvky":"lom","jevy":"vulkán, skála, kamenné moře, skalní komín, skalní převis , skalní stěna, diskordance, skalní věž, žíla (magmatická), zlom, výchoz, jeskyně pseudokrasová","hornina":"melafyr, pískovec","stupen_ochrany":"Národní přírodní památka (NPP) v CHKO","url":"https://lokality.geology.cz/1208"},"geometry":{"type":"Polygon","coordinates":[[[15.249745,50.590311],[15.251254,50.59074],[15.251536,50.590681],[15.251324,50.591752],[15.252045,50.591918],[15.25328,50.592724],[15.253691,50.592159],[15.254659,50.59144],[15.254721,50.591055],[15.255256,50.590727],[15.258883,50.589233],[15.262979,50.586735],[15.26443,50.586453],[15.264322,50.58678],[15.263414,50.587413],[15.26393,50.587537],[15.264117,50.587742],[15.26355,50.588883],[15.264156,50.588551],[15.263961,50.588961],[15.264229,50.589119],[15.263706,50.58982],[15.263269,50.590084],[15.264029,50.590344],[15.264267,50.590291],[15.264301,50.589976],[15.264679,50.590007],[15.264652,50.589642],[15.265211,50.589624],[15.266028,50.590885],[15.266294,50.590834],[15.266471,50.591238],[15.264915,50.591548],[15.26347,50.591586],[15.262861,50.591782],[15.262249,50.592213],[15.261587,50.593473],[15.261663,50.593733],[15.262008,50.593861],[15.261889,50.59482],[15.262131,50.594894],[15.261979,50.595444],[15.261155,50.596655],[15.2613,50.597219],[15.259293,50.597865],[15.259346,50.598458],[15.256435,50.600072],[15.25412,50.601046],[15.254384,50.601511],[15.25499,50.601832],[15.252971,50.602748],[15.252797,50.602408],[15.25241,50.602277],[15.251583,50.602355],[15.250232,50.603062],[15.249802,50.603725],[15.249282,50.604119],[15.247213,50.604432],[15.246792,50.604326],[15.246633,50.604051],[15.246889,50.603337],[15.245167,50.602184],[15.245953,50.601024],[15.245484,50.600017],[15.245455,50.598873],[15.24518,50.598678],[15.244997,50.598165],[15.244409,50.597973],[15.244255,50.598106],[15.243953,50.597619],[15.243756,50.597748],[15.243266,50.597419],[15.241908,50.596159],[15.241699,50.596568],[15.241098,50.596293],[15.240328,50.59537],[15.240605,50.595338],[15.240809,50.594811],[15.240673,50.594709],[15.241656,50.593774],[15.242144,50.593895],[15.242197,50.5937],[15.242821,50.593713],[15.243181,50.593262],[15.243503,50.593361],[15.243228,50.593239],[15.244908,50.592595],[15.24526,50.592324],[15.244886,50.591986],[15.245322,50.591939],[15.245925,50.591272],[15.249085,50.5912],[15.249377,50.590444],[15.249745,50.590311]]]}},{"type":"Feature","properties":{"id":"1569","name":"Nístějka","geometry_kind":"plocha","technicke_prvky":"","jevy":"kaňon, skalní ostroh","hornina":"fylit","stupen_ochrany":"Přírodní památka (PP)","url":"https://lokality.geology.cz/1569"},"geometry":{"type":"Polygon","coordinates":[[[15.44812,50.673714],[15.44862,50.673781],[15.44927,50.674176],[15.448172,50.674542],[15.447483,50.675521],[15.446267,50.675398],[15.446376,50.674836],[15.44515,50.674912],[15.445184,50.674516],[15.446755,50.674205],[15.44812,50.673714]]]}},{"type":"Feature","properties":{"id":"1352","name":"Kaňon potoka Kolné","geometry_kind":"plocha","technicke_prvky":"","jevy":"kaňon, vodopád, soutěska, skalní stěna","hornina":"pískovec","stupen_ochrany":"Přírodní památka (PP)","url":"https://lokality.geology.cz/1352"},"geometry":{"type":"Polygon","coordinates":[[[14.426922,50.650758],[14.424768,50.649236],[14.42467,50.648302],[14.426565,50.645945],[14.427521,50.64621],[14.42571,50.648511],[14.425733,50.64913],[14.427526,50.650539],[14.426926,50.65074],[14.426922,50.650758]]]}},{"type":"Feature","properties":{"id":"3957","name":"Smědavská hora - východ (svahové deformace)","geometry_kind":"plocha","technicke_prvky":"","jevy":"sesuv","hornina":"granit (žula), štěrk","stupen_ochrany":"Zajímavé geol. lokality registrované v ČGS v CHKO","url":"https://lokality.geology.cz/3957"},"geometry":{"type":"Polygon","coordinates":[[[15.261225,50.856079],[15.260423,50.855725],[15.259817,50.855531],[15.258751,50.854776],[15.25819,50.854215],[15.257606,50.853914],[15.256726,50.853735],[15.256046,50.853554],[15.255789,50.852836],[15.256087,50.852416],[15.256905,50.851974],[15.25782,50.852337],[15.259032,50.853222],[15.26085,50.8543],[15.261423,50.854654],[15.261676,50.855109],[15.261798,50.855862],[15.261225,50.856079]]]}},{"type":"Feature","properties":{"id":"1613","name":"Ondříkovický pseudokrasový systém","geometry_kind":"plocha","technicke_prvky":"","jevy":"závrt, pramen, vyvěračka, vývěr, kras","hornina":"pískovec, vápenec","stupen_ochrany":"Přírodní památka (PP) v CHKO","url":"https://lokality.geology.cz/1613"},"geometry":{"type":"Polygon","coordinates":[[[15.15752,50.622487],[15.158083,50.622659],[15.157782,50.623378],[15.157071,50.624154],[15.156313,50.624736],[15.156533,50.62556],[15.157422,50.626312],[15.157264,50.62639],[15.15704,50.626227],[15.156853,50.626239],[15.156077,50.625632],[15.155664,50.62442],[15.155933,50.624007],[15.156238,50.623832],[15.156418,50.623929],[15.156608,50.623835],[15.157002,50.623432],[15.15752,50.622487]]]}},{"type":"Feature","properties":{"id":"2851","name":"Kodešův vrch u Heřmanic","geometry_kind":"plocha","technicke_prvky":"lom","jevy":"kamenné varhany (sloupcovitá odlučnost)","hornina":"bazalt (čedič)","stupen_ochrany":"Geologické lokality doporučené k ochraně","url":"https://lokality.geology.cz/2851"},"geometry":{"type":"Polygon","coordinates":[[[15.001671,50.897195],[15.00293,50.897624],[15.003498,50.899049],[15.001237,50.89938],[15.000533,50.898479],[15.001647,50.897102],[15.001671,50.897195]]]}},{"type":"Feature","properties":{"id":"34","name":"Bílé kameny","geometry_kind":"plocha","technicke_prvky":"","jevy":"skála, skalní mísa","hornina":"pískovec","stupen_ochrany":"Přírodní památka (PP) v CHKO","url":"https://lokality.geology.cz/34"},"geometry":{"type":"Polygon","coordinates":[[[14.854227,50.802326],[14.853309,50.802059],[14.853142,50.801556],[14.853542,50.801354],[14.853818,50.801331],[14.854196,50.80158],[14.854453,50.8022],[14.854227,50.802326]]]}},{"type":"Feature","properties":{"id":"1637","name":"Údolí Vošmendy","geometry_kind":"plocha","technicke_prvky":"","jevy":"kras, jeskyně pseudokrasová, deformační stavby, vrása","hornina":"mramor (kalcitický, dolomitický), fylit, břidlice zelená","stupen_ochrany":"Přírodní rezervace (PR)","url":"https://lokality.geology.cz/1637"},"geometry":{"type":"Polygon","coordinates":[[[15.359029,50.64599],[15.359573,50.645109],[15.36067,50.644309],[15.361775,50.643327],[15.362623,50.643503],[15.362368,50.644226],[15.360748,50.645366],[15.360022,50.646594],[15.360345,50.647127],[15.361053,50.647727],[15.361222,50.647523],[15.361464,50.647814],[15.361194,50.648028],[15.361715,50.64835],[15.360938,50.649765],[15.361642,50.650392],[15.361147,50.650806],[15.361318,50.65139],[15.360881,50.651654],[15.360649,50.651527],[15.35982,50.65234],[15.35979,50.652129],[15.359178,50.651981],[15.359085,50.652091],[15.358282,50.651828],[15.358205,50.651424],[15.358555,50.651306],[15.358115,50.651009],[15.358361,50.65063],[15.358611,50.650586],[15.356792,50.649255],[15.357694,50.648874],[15.358078,50.64837],[15.358505,50.646483],[15.359029,50.64599]]]}},{"type":"Feature","properties":{"id":"3399","name":"Žíla polzenitu u Vesce","geometry_kind":"plocha","technicke_prvky":"","jevy":"žíla (magmatická), charakteristická hornina","hornina":"polzenit","stupen_ochrany":"Geologické lokality doporučené k ochraně","url":"https://lokality.geology.cz/3399"},"geometry":{"type":"Polygon","coordinates":[[[14.983985,50.703906],[14.983566,50.703509],[14.983242,50.703002],[14.98295,50.702543],[14.982977,50.702345],[14.983255,50.702378],[14.983597,50.702732],[14.984335,50.703799],[14.984632,50.704159],[14.984412,50.704259],[14.984246,50.704236],[14.983985,50.703906]]]}},{"type":"Feature","properties":{"id":"4050","name":"Dubnice","geometry_kind":"plocha","technicke_prvky":"lom, štěrkovna","jevy":"charakteristická hornina","hornina":"písek, štěrk","stupen_ochrany":"Zajímavé geologické lokality registrované v ČGS","url":"https://lokality.geology.cz/4050"},"geometry":{"type":"Polygon","coordinates":[[[14.785408,50.737687],[14.785546,50.738669],[14.782066,50.738775],[14.784081,50.736995],[14.78129,50.737839],[14.780659,50.737577],[14.780355,50.736364],[14.77937,50.736426],[14.77844,50.734108],[14.782499,50.733697],[14.787196,50.736178],[14.789838,50.736046],[14.791024,50.736319],[14.790028,50.737531],[14.787638,50.736795],[14.785408,50.737687]]]}},{"type":"Feature","properties":{"id":"1589","name":"Děvín, Ostrý a Schachtstein","geometry_kind":"plocha","technicke_prvky":"staré dobývky","jevy":"žíla (magmatická), inkrustace","hornina":"lamprofyr, polzenit, pískovec","stupen_ochrany":"Přírodní památka (PP)","url":"https://lokality.geology.cz/1589"},"geometry":{"type":"Polygon","coordinates":[[[14.846144,50.685633],[14.847905,50.686088],[14.848015,50.686315],[14.84902,50.686218],[14.849288,50.687473],[14.849777,50.687315],[14.849884,50.687487],[14.850886,50.687335],[14.851753,50.688042],[14.852705,50.689301],[14.853398,50.689195],[14.854834,50.689841],[14.854117,50.690824],[14.854165,50.691417],[14.856431,50.692124],[14.856673,50.69247],[14.856631,50.692948],[14.857421,50.693684],[14.856611,50.694351],[14.854986,50.694206],[14.854258,50.694272],[14.854325,50.693951],[14.85384,50.693811],[14.852582,50.693887],[14.852177,50.693364],[14.852069,50.692575],[14.85142,50.691505],[14.847914,50.691892],[14.846582,50.687029],[14.846033,50.687337],[14.845721,50.687329],[14.844952,50.687047],[14.844755,50.686686],[14.844968,50.686142],[14.84559,50.685622],[14.846144,50.685633]]]}},{"type":"Feature","properties":{"id":"3903","name":"Lom Studenec","geometry_kind":"plocha","technicke_prvky":"lom","jevy":"lávový proud, struskový kužel, vulkanoklastika","hornina":"bazaltandezit, pyroklastika, melafyr","stupen_ochrany":"Zajímavé geologické lokality registrované v ČGS","url":"https://lokality.geology.cz/3903"},"geometry":{"type":"Polygon","coordinates":[[[15.556428,50.553523],[15.55691,50.553008],[15.557095,50.552787],[15.557469,50.55269],[15.5581,50.552585],[15.558393,50.552617],[15.558337,50.55283],[15.558267,50.553051],[15.558411,50.553189],[15.558466,50.553419],[15.558957,50.554345],[15.560027,50.554618],[15.560185,50.5555],[15.559858,50.555574],[15.559726,50.556189],[15.558843,50.556419],[15.557749,50.557086],[15.557651,50.55715],[15.556964,50.557025],[15.555997,50.556659],[15.555812,50.556364],[15.555536,50.555872],[15.555523,50.555128],[15.555838,50.554446],[15.556144,50.553963],[15.556428,50.553523]]]}},{"type":"Feature","properties":{"id":"3155","name":"Podtrosecká údolí - Rokytnice","geometry_kind":"plocha","technicke_prvky":"","jevy":"údolní niva, rašeliniště, selektivní eroze, erozní rýha, pramen, skalní strž (rokle), skalní věž, skalní stěna, sesuv, strukturní terasa, voštiny","hornina":"pískovec, rašelina, písek","stupen_ochrany":"Přírodní rezervace (PR) v CHKO","url":"https://lokality.geology.cz/3155"},"geometry":{"type":"Polygon","coordinates":[[[15.18097,50.510885],[15.181133,50.511207],[15.181447,50.511486],[15.181821,50.511607],[15.18363,50.511799],[15.184052,50.512033],[15.184453,50.512518],[15.184823,50.512729],[15.185475,50.512882],[15.185922,50.512846],[15.186024,50.512908],[15.186491,50.512919],[15.187254,50.513226],[15.187433,50.513539],[15.187118,50.514547],[15.187277,50.514677],[15.18756,50.514682],[15.188447,50.51451],[15.189484,50.514657],[15.190348,50.515026],[15.191573,50.515796],[15.192416,50.515774],[15.192677,50.515677],[15.192994,50.51573],[15.194273,50.515299],[15.19501,50.515096],[15.195236,50.515105],[15.196145,50.514535],[15.196609,50.514419],[15.197826,50.513802],[15.199788,50.513797],[15.200118,50.51357],[15.201253,50.512294],[15.201717,50.512177],[15.200504,50.513556],[15.200327,50.51395],[15.200826,50.514724],[15.2013,50.514627],[15.201301,50.514409],[15.201495,50.514361],[15.201754,50.514491],[15.202471,50.514314],[15.202466,50.514195],[15.203486,50.514142],[15.203503,50.514343],[15.202653,50.514473],[15.201292,50.515025],[15.201614,50.516193],[15.201868,50.516485],[15.202704,50.516997],[15.20272,50.517134],[15.203155,50.517305],[15.203826,50.51793],[15.204585,50.517829],[15.205203,50.517299],[15.206276,50.51676],[15.206764,50.516383],[15.206791,50.516104],[15.207169,50.515845],[15.207363,50.515299],[15.207298,50.51484],[15.207468,50.514845],[15.207617,50.514739],[15.208143,50.514736],[15.208435,50.514624],[15.209119,50.514616],[15.21058,50.514843],[15.211384,50.515234],[15.211317,50.515283],[15.211741,50.515508],[15.211765,50.515745],[15.211518,50.516487],[15.210967,50.517113],[15.208542,50.519372],[15.20834,50.520389],[15.208505,50.520701],[15.209184,50.521146],[15.210403,50.521661],[15.210491,50.521578],[15.213488,50.521802],[15.214058,50.522011],[15.214416,50.522285],[15.214542,50.522721],[15.215303,50.523326],[15.21586,50.523525],[15.217118,50.523708],[15.218219,50.52396],[15.218502,50.524183],[15.218842,50.524255],[15.219119,50.524223],[15.219692,50.52456],[15.220512,50.525369],[15.221094,50.525371],[15.221552,50.525498],[15.221491,50.525593],[15.220768,50.52558],[15.220053,50.52603],[15.219792,50.526344],[15.21987,50.526377],[15.219638,50.527047],[15.219589,50.52765],[15.219454,50.527902],[15.219508,50.528414],[15.220151,50.528829],[15.224024,50.529513],[15.224429,50.529546],[15.225495,50.529405],[15.226213,50.530016],[15.226808,50.531242],[15.227194,50.531373],[15.227703,50.531387],[15.227734,50.531443],[15.226589,50.531768],[15.225379,50.532277],[15.224033,50.532685],[15.223469,50.532377],[15.223272,50.532007],[15.222942,50.531736],[15.222586,50.531599],[15.221774,50.531533],[15.221002,50.531625],[15.220914,50.531427],[15.221138,50.531156],[15.220943,50.531067],[15.220879,50.531098],[15.218803,50.529961],[15.218504,50.529892],[15.218239,50.529934],[15.218046,50.53019],[15.217795,50.530097],[15.217583,50.529872],[15.217866,50.529595],[15.217838,50.528451],[15.218036,50.528168],[15.218271,50.527417],[15.218403,50.526467],[15.218318,50.526107],[15.218036,50.525667],[15.217245,50.525214],[15.215965,50.524857],[15.215179,50.524521],[15.214277,50.52434],[15.214049,50.524058],[15.212612,50.523063],[15.212177,50.522965],[15.210651,50.523204],[15.210605,50.522792],[15.210013,50.522409],[15.209904,50.5226],[15.20964,50.522424],[15.20895,50.522251],[15.207886,50.521739],[15.207267,50.521281],[15.206915,50.520835],[15.207125,50.519493],[15.207103,50.519247],[15.206959,50.519045],[15.20644,50.518722],[15.20583,50.518645],[15.204801,50.518743],[15.203936,50.518737],[15.203154,50.518592],[15.202908,50.518472],[15.20254,50.518107],[15.201448,50.517665],[15.201187,50.517336],[15.200897,50.517149],[15.199687,50.516589],[15.199494,50.516275],[15.199525,50.515906],[15.19931,50.515344],[15.198738,50.514863],[15.198267,50.51487],[15.197942,50.515007],[15.19603,50.516112],[15.194703,50.516639],[15.194159,50.516731],[15.193421,50.516653],[15.19288,50.516799],[15.191557,50.516946],[15.191371,50.516813],[15.191216,50.516447],[15.190918,50.516232],[15.190399,50.516127],[15.189953,50.516154],[15.189422,50.515821],[15.188533,50.515577],[15.188106,50.515578],[15.187385,50.515919],[15.186451,50.515897],[15.186136,50.51598],[15.185756,50.515959],[15.184639,50.515433],[15.184333,50.515399],[15.183694,50.51561],[15.185437,50.514139],[15.185484,50.513762],[15.185237,50.513434],[15.183209,50.5122],[15.181737,50.511953],[15.180259,50.511172],[15.18097,50.510885]]]}},{"type":"Feature","properties":{"id":"4057","name":"Kozí hřbety u Jítravského sedla","geometry_kind":"plocha","technicke_prvky":"","jevy":"zlom, skalní hřbet","hornina":"pískovec","stupen_ochrany":"Zajímavé geol. lokality registrované v ČGS v CHKO","url":"https://lokality.geology.cz/4057"},"geometry":{"type":"Polygon","coordinates":[[[14.852761,50.810001],[14.849752,50.809814],[14.84912,50.80948],[14.849866,50.809198],[14.852444,50.809531],[14.855489,50.806376],[14.858811,50.804848],[14.859481,50.804514],[14.8607,50.804226],[14.860843,50.804846],[14.860181,50.80528],[14.858641,50.805596],[14.857875,50.805704],[14.856519,50.806443],[14.855414,50.806805],[14.852761,50.810001]]]}},{"type":"Feature","properties":{"id":"1653","name":"Divadlo","geometry_kind":"plocha","technicke_prvky":"","jevy":"inkrustace, voštiny, skalní brána (most), skalní okno","hornina":"pískovec","stupen_ochrany":"Přírodní památka (PP)","url":"https://lokality.geology.cz/1653"},"geometry":{"type":"Polygon","coordinates":[[[14.860048,50.679968],[14.861039,50.680768],[14.862595,50.681106],[14.86372,50.680983],[14.863943,50.681146],[14.863312,50.681574],[14.861725,50.681106],[14.861377,50.681267],[14.861087,50.681841],[14.862523,50.682487],[14.862743,50.682669],[14.862606,50.682775],[14.859706,50.681345],[14.859881,50.680707],[14.859762,50.68018],[14.860048,50.679968]]]}},{"type":"Feature","properties":{"id":"3960","name":"Jizerskohorské bučiny  - Stržový vrch","geometry_kind":"plocha","technicke_prvky":"","jevy":"eroze, skalní strž (rokle), charakteristická hornina, skalní hřbet, žíla (magmatická)","hornina":"granit (žula), aplit, lamprofyr","stupen_ochrany":"Národní přírodní rezervace (NPR) v CHKO","url":"https://lokality.geology.cz/3960"},"geometry":{"type":"Polygon","coordinates":[[[15.086389,50.860338],[15.086728,50.860647],[15.08787,50.860731],[15.089448,50.861847],[15.090345,50.862083],[15.090824,50.861768],[15.091366,50.861849],[15.091887,50.86161],[15.092082,50.862133],[15.093011,50.862562],[15.093168,50.862992],[15.093556,50.862842],[15.093795,50.863288],[15.094558,50.863341],[15.095028,50.863279],[15.094895,50.863866],[15.095412,50.863927],[15.095457,50.864555],[15.095313,50.86477],[15.095947,50.865175],[15.096368,50.865853],[15.097438,50.866293],[15.097834,50.86667],[15.09748,50.867003],[15.097553,50.867281],[15.098682,50.867645],[15.098975,50.868176],[15.099404,50.868039],[15.099628,50.867078],[15.099124,50.866666],[15.099386,50.866433],[15.099637,50.865901],[15.100271,50.86539],[15.100907,50.865288],[15.101951,50.866071],[15.102261,50.866803],[15.102308,50.86735],[15.102976,50.867939],[15.102763,50.868139],[15.102302,50.869072],[15.101316,50.869698],[15.101166,50.870085],[15.100396,50.870702],[15.099294,50.870984],[15.097837,50.870965],[15.097181,50.871302],[15.096505,50.871174],[15.096069,50.870786],[15.09499,50.870952],[15.094102,50.87088],[15.093638,50.87105],[15.093225,50.870826],[15.0932,50.870453],[15.092651,50.870408],[15.091951,50.87075],[15.091219,50.870899],[15.090945,50.871121],[15.090864,50.871731],[15.090509,50.871929],[15.089982,50.872973],[15.089838,50.873895],[15.089198,50.87387],[15.087829,50.872363],[15.08825,50.872334],[15.088343,50.872088],[15.086883,50.870673],[15.087589,50.870087],[15.087117,50.868672],[15.086958,50.867761],[15.089377,50.867913],[15.090393,50.868195],[15.089223,50.865988],[15.089967,50.865215],[15.089596,50.864714],[15.089522,50.864445],[15.088174,50.863819],[15.08776,50.863957],[15.086661,50.863868],[15.085842,50.864019],[15.085151,50.863546],[15.08501,50.862827],[15.085713,50.861978],[15.085475,50.861388],[15.085989,50.861321],[15.085966,50.861083],[15.086225,50.860796],[15.086006,50.860606],[15.086389,50.860338]]]}},{"type":"Feature","properties":{"id":"1655","name":"Jelení vrchy","geometry_kind":"plocha","technicke_prvky":"","jevy":"kamenné varhany (sloupcovitá odlučnost), intruze","hornina":"bazalt (čedič)","stupen_ochrany":"Přírodní památka (PP)","url":"https://lokality.geology.cz/1655"},"geometry":{"type":"Polygon","coordinates":[[[14.829113,50.677133],[14.82867,50.677277],[14.827995,50.677637],[14.827619,50.678005],[14.827939,50.678322],[14.828038,50.678602],[14.827886,50.678852],[14.827283,50.67921],[14.82711,50.679975],[14.826213,50.681405],[14.825767,50.681631],[14.825135,50.68165],[14.824843,50.681544],[14.824824,50.681361],[14.824635,50.6811],[14.824352,50.680886],[14.824322,50.680684],[14.824377,50.680489],[14.824232,50.68016],[14.824426,50.679913],[14.824629,50.679758],[14.825056,50.679558],[14.825779,50.679582],[14.826218,50.679529],[14.82659,50.679387],[14.826988,50.678913],[14.826962,50.678766],[14.826748,50.678421],[14.826656,50.678178],[14.826636,50.678067],[14.826546,50.677951],[14.826387,50.677756],[14.826347,50.677535],[14.82585,50.677113],[14.825658,50.676798],[14.825669,50.676472],[14.825751,50.676144],[14.82582,50.675814],[14.825948,50.675471],[14.826101,50.675357],[14.826685,50.675224],[14.82739,50.675193],[14.827968,50.675296],[14.828252,50.675374],[14.828765,50.67558],[14.829035,50.675793],[14.829063,50.67614],[14.829071,50.676513],[14.829113,50.677133]]]}},{"type":"Feature","properties":{"id":"3012","name":"Hadí kopec","geometry_kind":"plocha","technicke_prvky":"","jevy":"kamenné varhany (sloupcovitá odlučnost)","hornina":"bazalt (čedič), limburgit","stupen_ochrany":"Přírodní památka (PP)","url":"https://lokality.geology.cz/3012"},"geometry":{"type":"Polygon","coordinates":[[[15.141432,50.914222],[15.141302,50.914511],[15.141257,50.914806],[15.141001,50.915148],[15.140946,50.915207],[15.140834,50.915198],[15.140572,50.915358],[15.140639,50.915454],[15.140443,50.915502],[15.140049,50.91518],[15.139483,50.915497],[15.138636,50.915292],[15.138675,50.914815],[15.138698,50.914699],[15.139367,50.914726],[15.139589,50.914617],[15.139696,50.914372],[15.140716,50.914219],[15.140757,50.914231],[15.141432,50.914222]]]}},{"type":"Feature","properties":{"id":"3953","name":"Zákrut Smědé - Harta","geometry_kind":"plocha","technicke_prvky":"","jevy":"charakteristická hornina, koryto řeky, meandry, skála, žíla (magmatická)","hornina":"granit (žula), porfyr, metagranit","stupen_ochrany":"Geologické lokality doporučené k ochraně","url":"https://lokality.geology.cz/3953"},"geometry":{"type":"Polygon","coordinates":[[[15.044963,50.930217],[15.044822,50.930414],[15.043509,50.931087],[15.042884,50.93148],[15.043178,50.932075],[15.043021,50.933195],[15.042382,50.934076],[15.040996,50.934824],[15.040511,50.934739],[15.040469,50.933258],[15.039874,50.932802],[15.039012,50.932387],[15.03825,50.931908],[15.037691,50.931346],[15.037216,50.930863],[15.036405,50.929356],[15.035776,50.928924],[15.034949,50.928902],[15.034361,50.928482],[15.034661,50.928135],[15.03538,50.927704],[15.036253,50.927785],[15.038777,50.928063],[15.039822,50.928076],[15.040166,50.927515],[15.040331,50.926423],[15.040527,50.926239],[15.04117,50.926111],[15.043056,50.92544],[15.043814,50.924958],[15.044547,50.92509],[15.044948,50.925513],[15.045334,50.927067],[15.045067,50.927462],[15.044556,50.928063],[15.043391,50.928784],[15.043431,50.92915],[15.044208,50.92963],[15.044763,50.929929],[15.044963,50.930217]]]}},{"type":"Feature","properties":{"id":"527","name":"Velký Vápenný","geometry_kind":"plocha","technicke_prvky":"lom","jevy":"kras, zkameněliny - fauna","hornina":"fylit, vápenec, břidlice","stupen_ochrany":"Přírodní rezervace (PR)","url":"https://lokality.geology.cz/527"},"geometry":{"type":"Polygon","coordinates":[[[14.883767,50.790671],[14.883876,50.790146],[14.884629,50.7901],[14.885685,50.790595],[14.885776,50.790848],[14.885544,50.791001],[14.885324,50.791028],[14.884361,50.790911],[14.883767,50.790671]]]}},{"type":"Feature","properties":{"id":"3691","name":"Kamenický vrch u Zákup","geometry_kind":"plocha","technicke_prvky":"lom","jevy":"žíla (magmatická), charakteristická hornina","hornina":"bazaltoid","stupen_ochrany":"Geologické lokality doporučené k ochraně","url":"https://lokality.geology.cz/3691"},"geometry":{"type":"Polygon","coordinates":[[[14.670404,50.689576],[14.668893,50.689565],[14.667876,50.688091],[14.669362,50.686803],[14.670433,50.686939],[14.6718,50.688643],[14.671253,50.689476],[14.670404,50.689576]]]}},{"type":"Feature","properties":{"id":"4058","name":"Krkavčí skály Vajoletky","geometry_kind":"plocha","technicke_prvky":"","jevy":"skalní věž","hornina":"pískovec, polzenit","stupen_ochrany":"Zajímavé geologické lokality registrované v ČGS","url":"https://lokality.geology.cz/4058"},"geometry":{"type":"Polygon","coordinates":[[[14.892474,50.742158],[14.893317,50.742781],[14.893029,50.74293],[14.891175,50.741878],[14.891159,50.741886],[14.890949,50.741796],[14.891267,50.741641],[14.892474,50.742158]]]}},{"type":"Feature","properties":{"id":"70","name":"Borecké skály","geometry_kind":"plocha","technicke_prvky":"","jevy":"kuesta, inkrustace, kaňon, skalní ostroh, charakteristická hornina","hornina":"pískovec","stupen_ochrany":"Přírodní památka (PP)","url":"https://lokality.geology.cz/70"},"geometry":{"type":"Polygon","coordinates":[[[15.232607,50.539122],[15.232062,50.53886],[15.232276,50.538497],[15.233154,50.538659],[15.235194,50.538551],[15.237105,50.538524],[15.23938,50.538381],[15.239863,50.538239],[15.240273,50.537892],[15.240012,50.5372],[15.238162,50.535492],[15.23667,50.534556],[15.238197,50.534027],[15.240322,50.535068],[15.245083,50.535289],[15.246861,50.53507],[15.247566,50.53596],[15.245757,50.537627],[15.243267,50.540144],[15.241717,50.540074],[15.240581,50.539638],[15.238531,50.539509],[15.235434,50.539495],[15.233397,50.539439],[15.232607,50.539122]]]}},{"type":"Feature","properties":{"id":"4059","name":"Ortel","geometry_kind":"plocha","technicke_prvky":"lom","jevy":"suťové pole, kamenné varhany (sloupcovitá odlučnost)","hornina":"fonolit","stupen_ochrany":"Zajímavé geologické lokality registrované v ČGS","url":"https://lokality.geology.cz/4059"},"geometry":{"type":"Polygon","coordinates":[[[14.634458,50.751778],[14.632422,50.75194],[14.62946,50.751278],[14.629556,50.751296],[14.628134,50.750857],[14.627235,50.749301],[14.628626,50.747461],[14.631237,50.746478],[14.63355,50.74683],[14.635711,50.74803],[14.636212,50.748699],[14.636315,50.749832],[14.635525,50.751062],[14.634458,50.751778]]]}},{"type":"Feature","properties":{"id":"1812","name":"Ronov","geometry_kind":"plocha","technicke_prvky":"","jevy":"žíla (magmatická)","hornina":"bazanit","stupen_ochrany":"Přírodní památka (PP) v CHKO","url":"https://lokality.geology.cz/1812"},"geometry":{"type":"Polygon","coordinates":[[[14.414355,50.618687],[14.415616,50.618925],[14.417069,50.620386],[14.416911,50.621116],[14.416352,50.621721],[14.415122,50.621867],[14.413563,50.621495],[14.412497,50.620948],[14.4124,50.619551],[14.412764,50.619056],[14.413562,50.618727],[14.414355,50.618687]]]}},{"type":"Feature","properties":{"id":"1652","name":"Široký kámen","geometry_kind":"plocha","technicke_prvky":"","jevy":"stolová (tabulová) hora, skalní stěna","hornina":"pískovec","stupen_ochrany":"Přírodní památka (PP)","url":"https://lokality.geology.cz/1652"},"geometry":{"type":"Polygon","coordinates":[[[14.857505,50.683564],[14.85761,50.684643],[14.857922,50.684723],[14.858592,50.684036],[14.86038,50.684085],[14.861614,50.68495],[14.861821,50.685602],[14.862834,50.685741],[14.86348,50.686412],[14.86325,50.686764],[14.862573,50.68707],[14.861081,50.687317],[14.861729,50.68777],[14.860681,50.68849],[14.85931,50.688974],[14.85775,50.68858],[14.85623,50.68848],[14.855747,50.688676],[14.85459,50.687989],[14.854264,50.688116],[14.853681,50.687487],[14.853752,50.687348],[14.853338,50.68735],[14.853223,50.687077],[14.85347,50.686989],[14.853009,50.686597],[14.853535,50.686469],[14.853416,50.685389],[14.853032,50.685175],[14.853422,50.684465],[14.854932,50.683448],[14.856164,50.684322],[14.857505,50.683564]]]}},{"type":"Feature","properties":{"id":"3961","name":"Jizerskohorské bučiny - Špičák","geometry_kind":"plocha","technicke_prvky":"","jevy":"skalní brána (most), skalní hřib, skalní věž, skalní hřbet","hornina":"granit (žula), aplit, lamprofyr","stupen_ochrany":"Národní přírodní rezervace (NPR) v CHKO","url":"https://lokality.geology.cz/3961"},"geometry":{"type":"Polygon","coordinates":[[[15.073054,50.863177],[15.073453,50.862974],[15.07397,50.862617],[15.074795,50.862712],[15.075595,50.862723],[15.07618,50.862806],[15.076702,50.862704],[15.077003,50.862982],[15.078123,50.864378],[15.078235,50.864668],[15.077851,50.865643],[15.077921,50.865794],[15.077542,50.866669],[15.07721,50.866896],[15.076914,50.866872],[15.076978,50.867049],[15.076593,50.867254],[15.076094,50.867594],[15.075798,50.867923],[15.075325,50.868066],[15.075009,50.867859],[15.074789,50.867814],[15.073675,50.867378],[15.073298,50.86733],[15.072247,50.866863],[15.071883,50.866544],[15.071414,50.86617],[15.071298,50.865898],[15.071066,50.865489],[15.071038,50.865061],[15.071777,50.864668],[15.072213,50.864214],[15.072652,50.863815],[15.07259,50.863629],[15.073054,50.863177]]]}},{"type":"Feature","properties":{"id":"540","name":"Kotelní jámy","geometry_kind":"plocha","technicke_prvky":"štola","jevy":"žíla (hydrotermální), kar","hornina":"svor, erlan, kvarcit","stupen_ochrany":"Geologické lokality doporučené k ochraně v NP","url":"https://lokality.geology.cz/540"},"geometry":{"type":"Polygon","coordinates":[[[15.529165,50.751069],[15.529742,50.748669],[15.529897,50.748237],[15.531533,50.746489],[15.532142,50.746591],[15.532709,50.746979],[15.532913,50.747403],[15.533432,50.747669],[15.534471,50.747759],[15.534872,50.747682],[15.535417,50.747742],[15.536328,50.747976],[15.536939,50.748358],[15.537383,50.74909],[15.537587,50.749513],[15.537641,50.749825],[15.538138,50.749837],[15.538367,50.749982],[15.538686,50.750622],[15.539215,50.751505],[15.540479,50.752283],[15.541713,50.752985],[15.541455,50.753807],[15.541029,50.754164],[15.537516,50.754244],[15.535827,50.754566],[15.534463,50.754532],[15.53257,50.753244],[15.531877,50.753063],[15.531375,50.752635],[15.531048,50.752184],[15.530936,50.751949],[15.530692,50.751586],[15.530412,50.75141],[15.529774,50.751315],[15.529647,50.751305],[15.529165,50.751069]]]}},{"type":"Feature","properties":{"id":"1955","name":"Liberec - Mikschův lom Na Bídě","geometry_kind":"plocha","technicke_prvky":"lom","jevy":"skalní stěna","hornina":"granit (žula)","stupen_ochrany":"Zajímavé geologické lokality registrované v ČGS","url":"https://lokality.geology.cz/1955"},"geometry":{"type":"Polygon","coordinates":[[[15.062221,50.763744],[15.062209,50.763734],[15.06167,50.763925],[15.061423,50.763379],[15.061691,50.763256],[15.062221,50.763744]]]}},{"type":"Feature","properties":{"id":"3962","name":"Jizerskohorské bučiny - Frýdlantské cimbuří","geometry_kind":"plocha","technicke_prvky":"","jevy":"mrazový srub","hornina":"granit (žula)","stupen_ochrany":"Národní přírodní rezervace (NPR) v CHKO","url":"https://lokality.geology.cz/3962"},"geometry":{"type":"Polygon","coordinates":[[[15.217394,50.851737],[15.21633,50.853546],[15.216408,50.854014],[15.216842,50.853849],[15.217178,50.85346],[15.218913,50.853372],[15.218574,50.853635],[15.218635,50.853903],[15.217956,50.854292],[15.21684,50.85529],[15.218917,50.855565],[15.221492,50.854503],[15.223225,50.853854],[15.223633,50.853814],[15.224665,50.85338],[15.225666,50.853243],[15.225788,50.853489],[15.225726,50.853728],[15.225346,50.854124],[15.224816,50.854271],[15.22363,50.855046],[15.223487,50.856693],[15.222832,50.856604],[15.222067,50.856633],[15.221565,50.855424],[15.220609,50.855909],[15.22008,50.855622],[15.219287,50.85622],[15.218953,50.856103],[15.218469,50.856091],[15.218059,50.856565],[15.217586,50.856854],[15.217014,50.856708],[15.216566,50.85737],[15.216513,50.858208],[15.216768,50.859008],[15.216606,50.859747],[15.219116,50.861724],[15.21803,50.862715],[15.217661,50.86284],[15.217313,50.863219],[15.216626,50.863508],[15.21494,50.863419],[15.214773,50.864039],[15.212871,50.863669],[15.212637,50.863478],[15.212294,50.86269],[15.2124,50.862019],[15.213119,50.86079],[15.211601,50.859436],[15.211386,50.859147],[15.210816,50.85892],[15.210348,50.860259],[15.20995,50.861886],[15.20936,50.863043],[15.208959,50.863473],[15.20847,50.863769],[15.208396,50.863999],[15.206419,50.864148],[15.204184,50.864014],[15.20353,50.863844],[15.202026,50.863777],[15.201498,50.863699],[15.200352,50.863344],[15.199548,50.862926],[15.19938,50.862695],[15.199562,50.862501],[15.200005,50.862364],[15.20025,50.862067],[15.199625,50.861618],[15.199992,50.861358],[15.200234,50.861006],[15.200574,50.859882],[15.201075,50.859098],[15.201675,50.858603],[15.203052,50.857807],[15.203955,50.857445],[15.204421,50.857546],[15.204616,50.857072],[15.205225,50.85675],[15.205487,50.856154],[15.206214,50.855887],[15.20629,50.85515],[15.206646,50.855015],[15.206786,50.854746],[15.207898,50.854482],[15.208961,50.854032],[15.213496,50.853046],[15.214894,50.852996],[15.214923,50.852708],[15.215725,50.852636],[15.216041,50.8522],[15.21611,50.852713],[15.217394,50.851737]]]}},{"type":"Feature","properties":{"id":"556","name":"Radčice - Jirkov - Jílové","geometry_kind":"plocha","technicke_prvky":"lom","jevy":"charakteristická hornina, ichnofosilie, zkameněliny - fauna","hornina":"fylit, břidlice chloritická","stupen_ochrany":"Geologické lokality doporučené k ochraně","url":"https://lokality.geology.cz/556"},"geometry":{"type":"Polygon","coordinates":[[[15.278774,50.668267],[15.274135,50.665993],[15.274247,50.663701],[15.278237,50.663205],[15.295134,50.665698],[15.297561,50.666761],[15.294176,50.668239],[15.291199,50.669451],[15.288952,50.670141],[15.286707,50.669962],[15.284004,50.669573],[15.282388,50.669671],[15.281708,50.669861],[15.281261,50.669744],[15.280159,50.669048],[15.278774,50.668267]]]}},{"type":"Feature","properties":{"id":"536","name":"Vápenný vrch","geometry_kind":"plocha","technicke_prvky":"lom","jevy":"kras, minerál","hornina":"mramor (kalcitický, dolomitický), skarn, svor, ortorula","stupen_ochrany":"Přírodní rezervace (PR) v CHKO","url":"https://lokality.geology.cz/536"},"geometry":{"type":"Polygon","coordinates":[[[15.13659,50.894712],[15.135769,50.894238],[15.134454,50.894222],[15.133328,50.894267],[15.132252,50.894415],[15.131609,50.893838],[15.13127,50.893176],[15.130253,50.893248],[15.130136,50.892831],[15.131261,50.892722],[15.131573,50.892032],[15.132038,50.891788],[15.133603,50.891842],[15.134519,50.891844],[15.135003,50.891648],[15.135652,50.891628],[15.135564,50.891068],[15.135694,50.890779],[15.135837,50.890709],[15.136235,50.890796],[15.137529,50.891272],[15.138678,50.891401],[15.139661,50.891145],[15.141101,50.891107],[15.141741,50.89134],[15.142363,50.892025],[15.142512,50.892418],[15.141971,50.892546],[15.141521,50.893071],[15.141283,50.893397],[15.140399,50.893162],[15.139983,50.89331],[15.139546,50.8937],[15.139145,50.893695],[15.138332,50.893892],[15.137774,50.894028],[15.137331,50.89459],[15.13659,50.894712]]]}},{"type":"Feature","properties":{"id":"3963","name":"Jizerskohorské bučiny - Paličník","geometry_kind":"plocha","technicke_prvky":"","jevy":"skalní strž (rokle), skalní hřbet, skalní věž, skalní okno","hornina":"granit (žula), pegmatit, aplit","stupen_ochrany":"Národní přírodní rezervace (NPR) v CHKO","url":"https://lokality.geology.cz/3963"},"geometry":{"type":"Polygon","coordinates":[[[15.255747,50.867545],[15.260247,50.871402],[15.258026,50.871623],[15.257048,50.872079],[15.256175,50.872218],[15.255801,50.872587],[15.254895,50.872968],[15.254749,50.873699],[15.253127,50.875227],[15.249114,50.874454],[15.249348,50.873929],[15.24819,50.873918],[15.24726,50.874061],[15.245179,50.874655],[15.246909,50.872302],[15.24909,50.870991],[15.250135,50.87063],[15.25074,50.870253],[15.253484,50.868986],[15.254553,50.868148],[15.255747,50.867545]]]}},{"type":"Feature","properties":{"id":"277","name":"Lom u Bradlecké Lhoty - čedič","geometry_kind":"plocha","technicke_prvky":"lom","jevy":"kamenné varhany (sloupcovitá odlučnost)","hornina":"bazanit","stupen_ochrany":"Geologické lokality doporučené k ochraně","url":"https://lokality.geology.cz/277"},"geometry":{"type":"Polygon","coordinates":[[[15.413631,50.48939],[15.41327,50.489198],[15.413314,50.488975],[15.413485,50.488826],[15.413724,50.488691],[15.414068,50.488673],[15.414339,50.48874],[15.414597,50.48895],[15.414791,50.489192],[15.414728,50.489368],[15.414557,50.489518],[15.414232,50.489583],[15.413952,50.48956],[15.413631,50.48939]]]}},{"type":"Feature","properties":{"id":"538","name":"Bukovec","geometry_kind":"plocha","technicke_prvky":"lom","jevy":"kamenné varhany (sloupcovitá odlučnost), suť","hornina":"bazalt (čedič)","stupen_ochrany":"Přírodní rezervace (PR) v CHKO","url":"https://lokality.geology.cz/538"},"geometry":{"type":"Polygon","coordinates":[[[15.363208,50.815787],[15.363157,50.815829],[15.359474,50.817539],[15.358503,50.817318],[15.356797,50.817192],[15.356426,50.81719],[15.355073,50.817526],[15.353073,50.817513],[15.352049,50.817704],[15.352513,50.815349],[15.35491,50.813057],[15.353616,50.810989],[15.356957,50.809559],[15.360997,50.810314],[15.363022,50.812231],[15.363238,50.815563],[15.363208,50.815787]]]}},{"type":"Feature","properties":{"id":"4080","name":"Dlouhý kámen","geometry_kind":"plocha","technicke_prvky":"","jevy":"stolová (tabulová) hora, skalní defilé, voštiny, skalní okno","hornina":"pískovec","stupen_ochrany":"Zajímavé geologické lokality registrované v ČGS","url":"https://lokality.geology.cz/4080"},"geometry":{"type":"Polygon","coordinates":[[[14.84547,50.670171],[14.845466,50.670878],[14.845831,50.671317],[14.848525,50.672159],[14.848592,50.672935],[14.848184,50.67339],[14.846619,50.673985],[14.845659,50.673868],[14.845033,50.673444],[14.844398,50.672928],[14.844088,50.672703],[14.844074,50.672702],[14.842989,50.671949],[14.842538,50.671168],[14.841524,50.670348],[14.841401,50.669286],[14.84191,50.668694],[14.843208,50.668349],[14.841922,50.667879],[14.842284,50.667166],[14.843506,50.667187],[14.844374,50.667404],[14.845419,50.668145],[14.845067,50.668949],[14.844009,50.669922],[14.844275,50.670017],[14.844991,50.669659],[14.845447,50.669661],[14.84547,50.670171]]]}},{"type":"Feature","properties":{"id":"3231","name":"U Přibyla","geometry_kind":"plocha","technicke_prvky":"","jevy":"skála, zvrstvení, zkameněliny - fauna","hornina":"pískovec","stupen_ochrany":"Geologické lokality doporučené k ochraně v CHKO","url":"https://lokality.geology.cz/3231"},"geometry":{"type":"Polygon","coordinates":[[[15.180143,50.511253],[15.179714,50.511554],[15.179006,50.51204],[15.178719,50.512053],[15.178652,50.511748],[15.178634,50.511267],[15.178551,50.511115],[15.178952,50.51103],[15.179361,50.511045],[15.180082,50.511203],[15.180143,50.511253]]]}},{"type":"Feature","properties":{"id":"1585","name":"Vranovské skály","geometry_kind":"plocha","technicke_prvky":"","jevy":"skalní stěna, skalní hřib","hornina":"pískovec","stupen_ochrany":"Přírodní památka (PP)","url":"https://lokality.geology.cz/1585"},"geometry":{"type":"Polygon","coordinates":[[[14.759036,50.665501],[14.760423,50.665963],[14.761531,50.666737],[14.761615,50.667152],[14.76086,50.668104],[14.761018,50.668507],[14.759174,50.669068],[14.755871,50.66917],[14.754477,50.669487],[14.753081,50.668934],[14.75295,50.668669],[14.753175,50.66828],[14.75461,50.668374],[14.755765,50.668109],[14.755845,50.667862],[14.756364,50.667769],[14.755901,50.66773],[14.757055,50.667193],[14.758504,50.6662],[14.75881,50.665899],[14.75863,50.665667],[14.759036,50.665501]]]}},{"type":"Feature","properties":{"id":"4085","name":"Kozí hřbet","geometry_kind":"plocha","technicke_prvky":"","jevy":"inkrustace, žíla (magmatická), skalní věž","hornina":"bazalt (čedič), pískovec, lamprofyr, polzenit","stupen_ochrany":"Zajímavé geologické lokality registrované v ČGS","url":"https://lokality.geology.cz/4085"},"geometry":{"type":"Polygon","coordinates":[[[14.830042,50.68276],[14.830782,50.682704],[14.831861,50.682867],[14.832472,50.683363],[14.833354,50.683926],[14.834208,50.684623],[14.835967,50.685705],[14.837479,50.686466],[14.838675,50.687373],[14.839347,50.688191],[14.839235,50.688871],[14.838701,50.689379],[14.837739,50.689199],[14.836227,50.688991],[14.835103,50.688353],[14.833988,50.687398],[14.832781,50.686063],[14.830992,50.685125],[14.82969,50.684317],[14.829439,50.683326],[14.830042,50.68276]]]}},{"type":"Feature","properties":{"id":"3689","name":"Jizerskohorské bučiny - Tišina","geometry_kind":"plocha","technicke_prvky":"","jevy":"charakteristická hornina, skalní věž, skalní mísa, viklan","hornina":"granit (žula)","stupen_ochrany":"Národní přírodní rezervace (NPR) v CHKO","url":"https://lokality.geology.cz/3689"},"geometry":{"type":"Polygon","coordinates":[[[15.254977,50.876933],[15.256232,50.880693],[15.255779,50.880811],[15.252585,50.881172],[15.251557,50.881516],[15.249395,50.881869],[15.248997,50.881783],[15.248531,50.881319],[15.247762,50.880941],[15.246957,50.880886],[15.24659,50.881001],[15.24632,50.881206],[15.24299,50.88017],[15.240802,50.879723],[15.241302,50.878939],[15.242147,50.878581],[15.242077,50.877497],[15.245777,50.876968],[15.246843,50.876936],[15.247039,50.876743],[15.248269,50.87704],[15.249185,50.877114],[15.250112,50.877061],[15.251165,50.877308],[15.251762,50.877329],[15.253465,50.877193],[15.254061,50.876932],[15.254977,50.876933]]]}},{"type":"Feature","properties":{"id":"4048","name":"Sloupské a Svojkovské skály","geometry_kind":"plocha","technicke_prvky":"","jevy":"skalní město, skalní věž, skalní okno, skalní stěna, skalní převis , skalní strž (rokle), voštiny","hornina":"pískovec, bazalt (čedič), augitit, tefrit, limburgit","stupen_ochrany":"Geologické lokality doporučené k ochraně","url":"https://lokality.geology.cz/4048"},"geometry":{"type":"Polygon","coordinates":[[[14.579603,50.736193],[14.57916,50.736128],[14.578391,50.73618],[14.578015,50.735866],[14.57721,50.735216],[14.576148,50.734835],[14.574986,50.734789],[14.573779,50.735284],[14.572318,50.735231],[14.57159,50.73476],[14.572183,50.733922],[14.573314,50.732913],[14.574784,50.732586],[14.576382,50.732533],[14.577919,50.732901],[14.579342,50.73266],[14.582144,50.732257],[14.583997,50.73208],[14.585107,50.730761],[14.586186,50.729991],[14.587213,50.729399],[14.588765,50.728889],[14.590291,50.728639],[14.591426,50.728609],[14.592938,50.72795],[14.59368,50.727823],[14.596404,50.727648],[14.598588,50.727328],[14.598228,50.726535],[14.59708,50.725547],[14.598187,50.724781],[14.598751,50.724611],[14.599628,50.724587],[14.601952,50.724142],[14.602597,50.723263],[14.603269,50.722187],[14.603797,50.72118],[14.603924,50.720184],[14.603608,50.71905],[14.604086,50.718347],[14.606037,50.718442],[14.606629,50.718683],[14.606742,50.719364],[14.606282,50.719978],[14.606203,50.720688],[14.606766,50.721262],[14.608841,50.721585],[14.611149,50.721955],[14.612393,50.723767],[14.613394,50.724905],[14.613384,50.726365],[14.613569,50.727442],[14.613996,50.728122],[14.613592,50.729149],[14.614108,50.729746],[14.614445,50.730447],[14.614621,50.731033],[14.613517,50.732526],[14.611123,50.733301],[14.609173,50.733932],[14.607184,50.734886],[14.605835,50.734843],[14.603851,50.734428],[14.601762,50.734639],[14.59875,50.735288],[14.595768,50.736139],[14.595821,50.73696],[14.594655,50.737268],[14.592698,50.737599],[14.59159,50.737631],[14.589954,50.736792],[14.588374,50.735885],[14.588108,50.735191],[14.587438,50.73458],[14.586882,50.734369],[14.586232,50.734404],[14.58536,50.734737],[14.584213,50.734621],[14.583043,50.734275],[14.582056,50.734481],[14.581451,50.734837],[14.581369,50.735356],[14.581504,50.735994],[14.580735,50.736381],[14.579603,50.736193]]]}},{"type":"Feature","properties":{"id":"32","name":"Dutý kámen","geometry_kind":"plocha","technicke_prvky":"","jevy":"kamenné varhany (sloupcovitá odlučnost), voštiny, skalní okno, skalní hřbet, skalní věž","hornina":"pískovec","stupen_ochrany":"Přírodní památka (PP)","url":"https://lokality.geology.cz/32"},"geometry":{"type":"Polygon","coordinates":[[[14.655596,50.7695],[14.656224,50.769843],[14.656703,50.769948],[14.657117,50.770219],[14.657394,50.770197],[14.65763,50.770299],[14.658758,50.771184],[14.660271,50.771603],[14.660754,50.771889],[14.660993,50.772245],[14.660861,50.772533],[14.660448,50.772861],[14.660896,50.773244],[14.660856,50.773367],[14.660605,50.773536],[14.660406,50.773601],[14.658438,50.772426],[14.657573,50.772117],[14.657294,50.771948],[14.656119,50.770814],[14.655116,50.770212],[14.654816,50.769742],[14.655092,50.76972],[14.655596,50.7695]]]}},{"type":"Feature","properties":{"id":"3696","name":"Dlouhý vrch u Provodína","geometry_kind":"plocha","technicke_prvky":"lom","jevy":"žíla (magmatická)","hornina":"fonolit","stupen_ochrany":"Zajímavé geol. lokality registrované v ČGS v CHKO","url":"https://lokality.geology.cz/3696"},"geometry":{"type":"Polygon","coordinates":[[[14.619416,50.623591],[14.617753,50.623702],[14.616031,50.62301],[14.614853,50.622446],[14.613768,50.621446],[14.613517,50.620744],[14.61382,50.620661],[14.615251,50.62111],[14.617222,50.622504],[14.618971,50.623335],[14.619416,50.623591]]]}},{"type":"Feature","properties":{"id":"551","name":"Lom Basa a okolí","geometry_kind":"plocha","technicke_prvky":"lom","jevy":"skalní stěna, kras, vyvěračka, vývěr","hornina":"vápenec","stupen_ochrany":"Geologické lokality doporučené k ochraně","url":"https://lokality.geology.cz/551"},"geometry":{"type":"Polygon","coordinates":[[[15.009994,50.709702],[15.010958,50.709944],[15.01101,50.711018],[15.011466,50.712705],[15.010094,50.713481],[15.008995,50.712711],[15.008602,50.711346],[15.008706,50.710276],[15.009513,50.70968],[15.009994,50.709702]]]}},{"type":"Feature","properties":{"id":"4047","name":"Pusté kostely a Pekelné doly u Velenic","geometry_kind":"plocha","technicke_prvky":"štola, staré dobývky","jevy":"skalní stěna","hornina":"pískovec","stupen_ochrany":"Zajímavé geologické lokality registrované v ČGS","url":"https://lokality.geology.cz/4047"},"geometry":{"type":"Polygon","coordinates":[[[14.647147,50.72868],[14.646605,50.729214],[14.646297,50.729116],[14.646287,50.729097],[14.646191,50.728472],[14.64615,50.728395],[14.645803,50.728348],[14.645537,50.728452],[14.645301,50.728151],[14.645048,50.72793],[14.64467,50.727825],[14.64422,50.727723],[14.643479,50.72785],[14.642812,50.727757],[14.642026,50.728098],[14.641185,50.727545],[14.641159,50.727198],[14.641323,50.726695],[14.641378,50.725693],[14.640145,50.725171],[14.640163,50.724818],[14.641496,50.725204],[14.643186,50.72485],[14.645026,50.724998],[14.645472,50.725118],[14.643443,50.725389],[14.641964,50.725625],[14.641746,50.727058],[14.642338,50.726691],[14.643957,50.726739],[14.646077,50.726512],[14.646457,50.72688],[14.650261,50.726053],[14.650945,50.726066],[14.650452,50.726568],[14.646579,50.72718],[14.643966,50.727238],[14.646414,50.728092],[14.647147,50.72868]]]}},{"type":"Feature","properties":{"id":"3984","name":"Bezděčínské skály","geometry_kind":"plocha","technicke_prvky":"","jevy":"skalní věž, skalní defilé, skalní hřbet, zlom","hornina":"pískovec","stupen_ochrany":"Zajímavé geologické lokality registrované v ČGS","url":"https://lokality.geology.cz/3984"},"geometry":{"type":"Polygon","coordinates":[[[15.135924,50.661468],[15.134859,50.661871],[15.132978,50.662361],[15.13187,50.662624],[15.131147,50.662602],[15.130669,50.661929],[15.130534,50.661682],[15.136227,50.660595],[15.135924,50.661468]]]}},{"type":"Feature","properties":{"id":"1640","name":"Jizerskohorské bučiny - Poledník, Svinské čelo, Ořešník","geometry_kind":"plocha","technicke_prvky":"","jevy":"viklan, vodopád, tor (izolovaná skála), suťové pole, skalní mísa, skalní brána (most), skalní hřib, skalní hřbet, skála, skalní věž, mrazový srub","hornina":"granit (žula)","stupen_ochrany":"Národní přírodní rezervace (NPR) v CHKO","url":"https://lokality.geology.cz/1640"},"geometry":{"type":"Polygon","coordinates":[[[15.19266,50.848672],[15.192626,50.848987],[15.193058,50.849257],[15.194799,50.849642],[15.194762,50.850255],[15.194893,50.850601],[15.195278,50.850749],[15.196187,50.850786],[15.195963,50.851756],[15.195329,50.852421],[15.194576,50.852822],[15.193185,50.853118],[15.192496,50.853769],[15.192287,50.854169],[15.192831,50.854666],[15.193804,50.855243],[15.193928,50.855479],[15.193657,50.856898],[15.192757,50.858248],[15.189963,50.859401],[15.190153,50.86102],[15.189255,50.861854],[15.187888,50.861889],[15.187649,50.862295],[15.188221,50.862939],[15.187479,50.863215],[15.186832,50.863226],[15.186526,50.864325],[15.186142,50.864593],[15.185684,50.864738],[15.185305,50.864698],[15.183756,50.863785],[15.181238,50.86264],[15.180126,50.862043],[15.18047,50.8614],[15.180974,50.860961],[15.182178,50.860242],[15.18238,50.85966],[15.182982,50.858948],[15.183047,50.858554],[15.182589,50.858336],[15.182656,50.858006],[15.182347,50.857691],[15.181844,50.857488],[15.181078,50.857453],[15.17966,50.857738],[15.177468,50.858531],[15.176694,50.858677],[15.176005,50.858476],[15.174881,50.857869],[15.17404,50.857566],[15.170661,50.856505],[15.168845,50.859195],[15.163117,50.856504],[15.162457,50.857076],[15.168791,50.861103],[15.169399,50.861496],[15.16982,50.86182],[15.170358,50.863132],[15.170472,50.863703],[15.170054,50.864358],[15.169393,50.865011],[15.16895,50.86522],[15.167948,50.865429],[15.166978,50.866121],[15.166342,50.866152],[15.164514,50.865705],[15.163558,50.866398],[15.158062,50.865891],[15.154695,50.866326],[15.154779,50.86598],[15.154504,50.86564],[15.153642,50.865299],[15.152264,50.864961],[15.151663,50.864677],[15.151403,50.864402],[15.151213,50.86378],[15.150973,50.86348],[15.150613,50.863351],[15.149875,50.863318],[15.148838,50.863633],[15.147253,50.863822],[15.146857,50.86408],[15.146708,50.864322],[15.14622,50.8644],[15.145616,50.864343],[15.145274,50.864406],[15.144849,50.865024],[15.144315,50.865044],[15.142245,50.864587],[15.141982,50.864402],[15.141443,50.863453],[15.14104,50.863039],[15.140432,50.862927],[15.140021,50.863193],[15.139989,50.863987],[15.139694,50.864244],[15.138846,50.864402],[15.137795,50.86429],[15.137283,50.864412],[15.136455,50.864898],[15.135157,50.865509],[15.134509,50.865456],[15.13415,50.865318],[15.13333,50.864772],[15.13151,50.864353],[15.131152,50.864142],[15.130312,50.863268],[15.129832,50.863021],[15.12931,50.863196],[15.128813,50.863246],[15.127796,50.863037],[15.127411,50.862743],[15.127169,50.862171],[15.126772,50.861939],[15.126028,50.862504],[15.125229,50.86263],[15.124747,50.862817],[15.124606,50.863023],[15.124599,50.864473],[15.125931,50.867091],[15.126241,50.868176],[15.126143,50.868521],[15.125456,50.868729],[15.12458,50.868531],[15.124079,50.868744],[15.123513,50.869133],[15.122604,50.86683],[15.122259,50.866766],[15.122017,50.866973],[15.121571,50.866982],[15.121772,50.866482],[15.121542,50.866065],[15.121577,50.865678],[15.121231,50.865405],[15.121251,50.864881],[15.120617,50.864268],[15.119947,50.863262],[15.119542,50.863211],[15.119349,50.862887],[15.119603,50.862555],[15.119224,50.862515],[15.119039,50.8623],[15.117714,50.861912],[15.116965,50.862078],[15.116593,50.862003],[15.116024,50.86163],[15.116058,50.861252],[15.115829,50.860473],[15.11614,50.860208],[15.116819,50.860036],[15.117483,50.860154],[15.117678,50.859825],[15.117378,50.85961],[15.117075,50.859196],[15.117507,50.859113],[15.118342,50.85909],[15.11855,50.858491],[15.118532,50.857447],[15.118807,50.857216],[15.119183,50.857201],[15.119922,50.857651],[15.120747,50.857817],[15.122118,50.857131],[15.123571,50.856034],[15.124152,50.855991],[15.125004,50.85567],[15.125086,50.854698],[15.124539,50.853866],[15.124626,50.853365],[15.126065,50.853754],[15.127573,50.854437],[15.128037,50.854548],[15.128902,50.854445],[15.13004,50.854202],[15.130464,50.853874],[15.129993,50.852731],[15.13912,50.851204],[15.140684,50.853596],[15.141701,50.853451],[15.142137,50.853487],[15.143188,50.853744],[15.14463,50.853833],[15.145704,50.854328],[15.146255,50.854363],[15.149382,50.853837],[15.150969,50.852569],[15.151517,50.852831],[15.151838,50.853156],[15.152291,50.853392],[15.155337,50.852342],[15.156144,50.852244],[15.156946,50.852246],[15.157571,50.852341],[15.160362,50.85099],[15.160912,50.851243],[15.161431,50.851366],[15.162301,50.850884],[15.162757,50.850966],[15.163362,50.850806],[15.163821,50.850517],[15.165035,50.850814],[15.165544,50.850701],[15.166626,50.850308],[15.167046,50.85085],[15.167774,50.851217],[15.16848,50.851835],[15.169079,50.852201],[15.169727,50.852325],[15.170224,50.852628],[15.171325,50.852635],[15.173296,50.853084],[15.174199,50.853148],[15.174735,50.853472],[15.175356,50.853513],[15.175688,50.853785],[15.176399,50.853171],[15.177265,50.852779],[15.177412,50.852474],[15.177849,50.852436],[15.177806,50.853149],[15.178483,50.853339],[15.178805,50.852948],[15.179189,50.853034],[15.179646,50.852826],[15.179705,50.852532],[15.180894,50.851812],[15.181674,50.85192],[15.18217,50.852087],[15.182342,50.8523],[15.182828,50.852375],[15.184978,50.851434],[15.185503,50.851313],[15.186087,50.851043],[15.188905,50.850409],[15.189449,50.850199],[15.189952,50.849832],[15.190496,50.84983],[15.190713,50.849603],[15.19145,50.849427],[15.19217,50.84905],[15.19223,50.848819],[15.19266,50.848672]]]}},{"type":"Feature","properties":{"id":"2858","name":"Galerie","geometry_kind":"plocha","technicke_prvky":"","jevy":"skalní stěna, soutěska","hornina":"granit (žula), břidlice zelená, alkalickoživcový trachyt, metagranitoid","stupen_ochrany":"Přírodní rezervace (PR)","url":"https://lokality.geology.cz/2858"},"geometry":{"type":"Polygon","coordinates":[[[15.308369,50.620051],[15.308234,50.619869],[15.308016,50.619244],[15.308072,50.618596],[15.308206,50.618281],[15.308195,50.618044],[15.309456,50.617792],[15.30861,50.617099],[15.309166,50.616663],[15.309355,50.616352],[15.309268,50.615856],[15.308944,50.615332],[15.309004,50.615029],[15.309348,50.614802],[15.310215,50.614591],[15.310741,50.614524],[15.312509,50.614511],[15.312239,50.614435],[15.313079,50.614439],[15.313054,50.614709],[15.312891,50.614669],[15.312681,50.614797],[15.313893,50.61493],[15.313974,50.615027],[15.314422,50.615135],[15.314301,50.615171],[15.314363,50.615366],[15.313585,50.615268],[15.312554,50.615294],[15.312102,50.615204],[15.312037,50.615026],[15.311986,50.615212],[15.311738,50.615174],[15.310989,50.615359],[15.310763,50.615568],[15.310432,50.615587],[15.310171,50.615466],[15.309764,50.615579],[15.309732,50.615739],[15.310095,50.61585],[15.310395,50.615846],[15.310566,50.615914],[15.310417,50.615948],[15.310431,50.616021],[15.310976,50.616074],[15.311073,50.616163],[15.311149,50.616568],[15.310977,50.61708],[15.310583,50.61713],[15.310744,50.617324],[15.310421,50.617516],[15.310349,50.617664],[15.309918,50.617539],[15.309713,50.617785],[15.309578,50.61782],[15.309674,50.617981],[15.308938,50.618031],[15.308733,50.617988],[15.308695,50.618184],[15.308376,50.618285],[15.3082,50.618525],[15.308349,50.618637],[15.308503,50.619011],[15.308633,50.619003],[15.30835,50.61928],[15.308658,50.619667],[15.308376,50.619943],[15.308369,50.620051]]]}},{"type":"Feature","properties":{"id":"3570","name":"Bílý Štolpich","geometry_kind":"plocha","technicke_prvky":"","jevy":"deformační stavby, vodopád","hornina":"granit (žula), bazaltoid","stupen_ochrany":"Přírodní rezervace (PR) v CHKO","url":"https://lokality.geology.cz/3570"},"geometry":{"type":"Polygon","coordinates":[[[15.171892,50.864044],[15.170765,50.864025],[15.171096,50.863517],[15.169564,50.862098],[15.168403,50.861035],[15.166307,50.859643],[15.164365,50.858553],[15.163825,50.857821],[15.165494,50.857992],[15.167843,50.859051],[15.169236,50.860314],[15.170608,50.861104],[15.171635,50.862265],[15.171892,50.864044]]]}},{"type":"Feature","properties":{"id":"522","name":"Důlní revír Nové Město pod Smrkem","geometry_kind":"plocha","technicke_prvky":"důlní dílo","jevy":"zrudnění","hornina":"ortorula, svor","stupen_ochrany":"Geologické lokality doporučené k ochraně v CHKO","url":"https://lokality.geology.cz/522"},"geometry":{"type":"Polygon","coordinates":[[[15.270562,50.913933],[15.270859,50.914528],[15.271008,50.914929],[15.270849,50.915514],[15.269919,50.916011],[15.268677,50.915984],[15.266241,50.91541],[15.264859,50.915155],[15.264064,50.914974],[15.263279,50.914096],[15.261408,50.913774],[15.259817,50.913992],[15.258713,50.914783],[15.257843,50.915121],[15.256939,50.914913],[15.255639,50.913459],[15.254383,50.912716],[15.251055,50.911943],[15.248266,50.911485],[15.24568,50.911876],[15.244631,50.91182],[15.243847,50.911367],[15.242193,50.910755],[15.240293,50.910938],[15.239093,50.911422],[15.237936,50.91133],[15.237175,50.910979],[15.23718,50.909811],[15.23783,50.909211],[15.238573,50.908935],[15.239352,50.908834],[15.243142,50.90959],[15.24623,50.909483],[15.248591,50.907851],[15.249567,50.906479],[15.250543,50.906539],[15.251565,50.907309],[15.251887,50.9095],[15.253504,50.911015],[15.257772,50.912461],[15.260326,50.91223],[15.262188,50.912378],[15.264139,50.912869],[15.267892,50.914029],[15.269537,50.914114],[15.270562,50.913933]]]}},{"type":"Feature","properties":{"id":"44","name":"Čertova zeď","geometry_kind":"plocha","technicke_prvky":"staré dobývky","jevy":"žíla (magmatická), skalní zeď, kamenné varhany (sloupcovitá odlučnost), selektivní eroze","hornina":"nefelinit","stupen_ochrany":"Národní přírodní památka (NPP)","url":"https://lokality.geology.cz/44"},"geometry":{"type":"Polygon","coordinates":[[[14.913223,50.654448],[14.913793,50.65445],[14.914509,50.65499],[14.916065,50.655673],[14.918592,50.656771],[14.919876,50.657114],[14.920711,50.657283],[14.922591,50.658754],[14.922966,50.659148],[14.92506,50.659992],[14.927157,50.662279],[14.928707,50.662788],[14.931247,50.664033],[14.933133,50.664434],[14.933924,50.666413],[14.935419,50.667262],[14.937996,50.66812],[14.940208,50.668947],[14.941648,50.669646],[14.942547,50.670754],[14.942995,50.671698],[14.944049,50.672266],[14.946004,50.673026],[14.947692,50.673629],[14.949059,50.675102],[14.949599,50.675944],[14.950057,50.676843],[14.950169,50.678104],[14.95066,50.679051],[14.951911,50.680115],[14.953841,50.681209],[14.956864,50.683236],[14.958932,50.684703],[14.963055,50.687492],[14.964324,50.689029],[14.964091,50.6894],[14.962802,50.689076],[14.960422,50.687247],[14.957512,50.684876],[14.95532,50.683181],[14.953603,50.682368],[14.951947,50.681052],[14.950318,50.679811],[14.949065,50.678338],[14.946671,50.677351],[14.946042,50.676175],[14.94552,50.675244],[14.944565,50.674756],[14.943071,50.673554],[14.942098,50.672249],[14.940645,50.671195],[14.938982,50.670123],[14.93667,50.669088],[14.936035,50.668845],[14.934028,50.667573],[14.932874,50.666806],[14.932051,50.666575],[14.930727,50.665313],[14.929628,50.66476],[14.928505,50.664186],[14.927382,50.663404],[14.926998,50.663054],[14.926514,50.662634],[14.925363,50.661985],[14.923288,50.661259],[14.921019,50.660572],[14.920015,50.659764],[14.919738,50.659242],[14.918819,50.65844],[14.91722,50.657546],[14.915593,50.656857],[14.914283,50.65567],[14.913545,50.6551],[14.913147,50.654469],[14.913223,50.654448]]]}},{"type":"Feature","properties":{"id":"3182","name":"Vyskeř","geometry_kind":"plocha","technicke_prvky":"lom","jevy":"výchoz, charakteristická hornina, vulkán","hornina":"bazanit, pyroklastika, tuf, pikrit","stupen_ochrany":"Geologické lokality doporučené k ochraně v CHKO","url":"https://lokality.geology.cz/3182"},"geometry":{"type":"Polygon","coordinates":[[[15.15692,50.532213],[15.156823,50.531842],[15.157725,50.531173],[15.158545,50.530768],[15.159291,50.530593],[15.160362,50.530499],[15.161596,50.530726],[15.162392,50.531298],[15.162515,50.531961],[15.160994,50.532743],[15.159086,50.533041],[15.15692,50.532213]]]}},{"type":"Feature","properties":{"id":"3830","name":"Čertova stěna","geometry_kind":"plocha","technicke_prvky":"staré dobývky","jevy":"charakteristická hornina, žíla (magmatická)","hornina":"nefelinit","stupen_ochrany":"Geologické lokality doporučené k ochraně","url":"https://lokality.geology.cz/3830"},"geometry":{"type":"Polygon","coordinates":[[[14.89335,50.642521],[14.8925,50.642078],[14.89162,50.641506],[14.890313,50.640653],[14.890101,50.6403],[14.891767,50.641001],[14.892596,50.641542],[14.893678,50.642104],[14.894258,50.642542],[14.894354,50.642904],[14.893899,50.642829],[14.89335,50.642521]]]}},{"type":"Feature","properties":{"id":"3364","name":"Vrch Tábor","geometry_kind":"plocha","technicke_prvky":"","jevy":"intruze","hornina":"dolerit","stupen_ochrany":"Geologické lokality doporučené k ochraně","url":"https://lokality.geology.cz/3364"},"geometry":{"type":"Polygon","coordinates":[[[15.368628,50.509454],[15.368241,50.509541],[15.367138,50.509589],[15.366473,50.50979],[15.365538,50.509706],[15.364531,50.509553],[15.363873,50.509356],[15.363758,50.50893],[15.364501,50.5084],[15.36677,50.508708],[15.368856,50.508575],[15.369328,50.508775],[15.368897,50.509167],[15.368642,50.509455],[15.368628,50.509454]]]}},{"type":"Feature","properties":{"id":"1634","name":"Hruboskalsko","geometry_kind":"plocha","technicke_prvky":"","jevy":"skalní město, voštiny, skalní komín, jeskyně pseudokrasová, skalní stěna, skalní strž (rokle), skalní věž, stratotyp, charakteristická hornina, zvrstvení","hornina":"pískovec","stupen_ochrany":"Přírodní rezervace (PR) v CHKO","url":"https://lokality.geology.cz/1634"},"geometry":{"type":"Polygon","coordinates":[[[15.191902,50.55507],[15.191953,50.554313],[15.190898,50.554255],[15.190287,50.554323],[15.189449,50.554246],[15.18866,50.554064],[15.188291,50.554062],[15.188394,50.554115],[15.18757,50.55404],[15.186705,50.55367],[15.186634,50.553456],[15.186408,50.553302],[15.18615,50.553598],[15.185654,50.553449],[15.185499,50.55408],[15.186946,50.554388],[15.187309,50.554417],[15.18805,50.554269],[15.188195,50.554326],[15.18697,50.555975],[15.183606,50.558576],[15.182501,50.559193],[15.178899,50.560913],[15.176847,50.560221],[15.174507,50.559967],[15.17445,50.560253],[15.174342,50.560298],[15.17365,50.559771],[15.173336,50.559637],[15.173175,50.55966],[15.170921,50.560972],[15.170739,50.560958],[15.170485,50.560375],[15.170197,50.560325],[15.169976,50.560433],[15.170209,50.560833],[15.169693,50.561208],[15.168843,50.561329],[15.168312,50.561495],[15.167824,50.561518],[15.167296,50.561738],[15.167125,50.561951],[15.166781,50.561896],[15.166773,50.561578],[15.166584,50.561527],[15.166423,50.561622],[15.166515,50.562155],[15.166028,50.562388],[15.166126,50.562042],[15.165428,50.561831],[15.165395,50.561638],[15.167385,50.559444],[15.167623,50.558611],[15.167942,50.558365],[15.168528,50.55757],[15.170703,50.556442],[15.170421,50.555929],[15.169749,50.555449],[15.169676,50.55489],[15.169971,50.554624],[15.171099,50.553964],[15.17141,50.553617],[15.172876,50.552902],[15.174295,50.55242],[15.17496,50.552365],[15.175343,50.552088],[15.175374,50.551719],[15.177631,50.550959],[15.178515,50.550804],[15.1792,50.550579],[15.179909,50.550093],[15.179885,50.549928],[15.179417,50.549636],[15.179567,50.549385],[15.180255,50.549215],[15.180911,50.548923],[15.181565,50.54885],[15.181978,50.548992],[15.182573,50.548931],[15.183555,50.548503],[15.184158,50.548471],[15.184567,50.548205],[15.184909,50.547635],[15.185275,50.547293],[15.185615,50.546804],[15.186475,50.546484],[15.187128,50.546491],[15.188403,50.54616],[15.188526,50.54597],[15.188363,50.545649],[15.188749,50.545281],[15.188129,50.545322],[15.187914,50.545187],[15.187957,50.545045],[15.189669,50.543661],[15.189655,50.543307],[15.190945,50.543185],[15.190451,50.542882],[15.190859,50.542689],[15.191872,50.542245],[15.193318,50.541837],[15.19399,50.541819],[15.193764,50.542099],[15.194098,50.542135],[15.194503,50.542458],[15.194889,50.542517],[15.19532,50.542497],[15.196159,50.542212],[15.19739,50.541958],[15.198047,50.542228],[15.199493,50.543034],[15.1995,50.543714],[15.198537,50.543836],[15.198246,50.544012],[15.197593,50.543651],[15.197115,50.543694],[15.196653,50.543801],[15.196689,50.543904],[15.195718,50.543925],[15.195803,50.54414],[15.196597,50.54415],[15.197522,50.544288],[15.197906,50.54422],[15.197764,50.544145],[15.198278,50.544277],[15.198213,50.544317],[15.198427,50.544461],[15.198468,50.54461],[15.198303,50.544941],[15.198501,50.545228],[15.199014,50.54508],[15.199388,50.544847],[15.199322,50.54525],[15.199578,50.545461],[15.200806,50.545578],[15.200821,50.545788],[15.201185,50.54589],[15.200665,50.5465],[15.200596,50.546775],[15.200847,50.547086],[15.197672,50.547889],[15.196743,50.547841],[15.19627,50.548075],[15.195161,50.548284],[15.194743,50.548458],[15.194794,50.548626],[15.195135,50.548844],[15.195175,50.549001],[15.194635,50.549356],[15.19463,50.549664],[15.195885,50.550717],[15.19582,50.550829],[15.19497,50.551313],[15.194834,50.551565],[15.195258,50.552079],[15.196102,50.552411],[15.196208,50.552519],[15.196241,50.553138],[15.194355,50.554036],[15.194541,50.554106],[15.194657,50.554305],[15.193645,50.554459],[15.192553,50.555087],[15.192187,50.555211],[15.191996,50.555241],[15.191902,50.55507]]]}},{"type":"Feature","properties":{"id":"3198","name":"Besedické skály (Sokol - Tyršova skála)","geometry_kind":"plocha","technicke_prvky":"","jevy":"skála, láva, litologické rozhraní, vrstva, zvrstvení","hornina":"pískovec, bazanit","stupen_ochrany":"Geologické lokality doporučené k ochraně v CHKO","url":"https://lokality.geology.cz/3198"},"geometry":{"type":"Polygon","coordinates":[[[15.204691,50.633092],[15.203628,50.633133],[15.201121,50.633275],[15.199731,50.632673],[15.198916,50.632046],[15.198249,50.631104],[15.197852,50.630238],[15.197971,50.629215],[15.198064,50.628461],[15.198315,50.627774],[15.200515,50.627173],[15.201503,50.62622],[15.201748,50.625134],[15.203066,50.624099],[15.204256,50.62356],[15.206157,50.623315],[15.206624,50.624259],[15.206396,50.6254],[15.205801,50.62624],[15.206984,50.62688],[15.206141,50.627536],[15.204729,50.627332],[15.203666,50.627518],[15.202913,50.628291],[15.201372,50.629018],[15.200635,50.630282],[15.200931,50.631085],[15.201751,50.632256],[15.203388,50.632479],[15.204293,50.632226],[15.204951,50.6315],[15.206971,50.631518],[15.208,50.631927],[15.207406,50.632477],[15.205774,50.632944],[15.204691,50.633092]]]}},{"type":"Feature","properties":{"id":"3203","name":"Prackov","geometry_kind":"plocha","technicke_prvky":"","jevy":"výchoz, struskový kužel, láva","hornina":"pyroklastika","stupen_ochrany":"Zajímavé geol. lokality registrované v ČGS v CHKO","url":"https://lokality.geology.cz/3203"},"geometry":{"type":"Polygon","coordinates":[[[15.246938,50.604809],[15.247186,50.605282],[15.247602,50.605624],[15.248134,50.605956],[15.247727,50.606286],[15.247337,50.606816],[15.246814,50.6073],[15.246098,50.607605],[15.245317,50.607524],[15.244599,50.607267],[15.244029,50.606695],[15.243155,50.606081],[15.242848,50.605477],[15.24315,50.604812],[15.243958,50.604189],[15.2444,50.603826],[15.245308,50.603554],[15.245921,50.603622],[15.246425,50.603952],[15.246473,50.604282],[15.246907,50.604535],[15.246938,50.604809]]]}},{"type":"Feature","properties":{"id":"3197","name":"Maloskalská Drábovna","geometry_kind":"plocha","technicke_prvky":"","jevy":"skalní město, skalní okno, skalní defilé, skalní věž, skalní strž (rokle), skalní převis ","hornina":"pískovec, písek","stupen_ochrany":"Geologické lokality doporučené k ochraně v CHKO","url":"https://lokality.geology.cz/3197"},"geometry":{"type":"Polygon","coordinates":[[[15.170986,50.635196],[15.170963,50.633889],[15.173666,50.632912],[15.1727,50.632616],[15.171398,50.632003],[15.170495,50.631386],[15.169537,50.630765],[15.169521,50.629423],[15.170198,50.628318],[15.169184,50.627692],[15.169637,50.626568],[15.170155,50.624834],[15.171734,50.624346],[15.17413,50.624903],[15.175032,50.625519],[15.175858,50.625949],[15.176452,50.626686],[15.177135,50.627828],[15.178246,50.628824],[15.179029,50.629468],[15.17977,50.630035],[15.181192,50.630622],[15.181526,50.631229],[15.181953,50.631372],[15.182983,50.631636],[15.182699,50.632773],[15.181069,50.633511],[15.179701,50.633799],[15.179874,50.634357],[15.18103,50.634849],[15.181511,50.635577],[15.180597,50.636155],[15.179563,50.63705],[15.176887,50.638175],[15.175545,50.6389],[15.173908,50.639674],[15.17257,50.639239],[15.17157,50.638542],[15.168758,50.63835],[15.16868,50.636749],[15.170986,50.635196]]]}},{"type":"Feature","properties":{"id":"1636","name":"Trosky","geometry_kind":"plocha","technicke_prvky":"","jevy":"vulkán, struskový kužel","hornina":"bazanit, struska","stupen_ochrany":"Přírodní památka (PP) v CHKO","url":"https://lokality.geology.cz/1636"},"geometry":{"type":"Polygon","coordinates":[[[15.231367,50.515154],[15.23134,50.515723],[15.232304,50.516091],[15.23209,50.516599],[15.231731,50.516688],[15.232206,50.516799],[15.230107,50.517209],[15.229748,50.517153],[15.229024,50.516578],[15.229113,50.51606],[15.229483,50.515627],[15.230087,50.515377],[15.231367,50.515154]]]}},{"type":"Feature","properties":{"id":"1793","name":"Na Čihadle","geometry_kind":"plocha","technicke_prvky":"","jevy":"rašeliniště","hornina":"rašelina","stupen_ochrany":"Přírodní rezervace (PR) v CHKO","url":"https://lokality.geology.cz/1793"},"geometry":{"type":"Polygon","coordinates":[[[15.229327,50.834356],[15.229538,50.832588],[15.231196,50.831235],[15.23207,50.831369],[15.231779,50.831608],[15.232226,50.832451],[15.232043,50.833152],[15.230589,50.833841],[15.230175,50.834624],[15.229327,50.834356]]]}},{"type":"Feature","properties":{"id":"3576","name":"Smědavská hora - sever (svahové deformace)","geometry_kind":"plocha","technicke_prvky":"","jevy":"sesuv","hornina":"granit (žula), štěrk","stupen_ochrany":"Zajímavé geol. lokality registrované v ČGS v CHKO","url":"https://lokality.geology.cz/3576"},"geometry":{"type":"Polygon","coordinates":[[[15.250874,50.86327],[15.250148,50.863175],[15.248663,50.858636],[15.248417,50.857646],[15.249228,50.85724],[15.250594,50.857494],[15.251313,50.858195],[15.251749,50.859743],[15.251516,50.860911],[15.250874,50.86327]]]}},{"type":"Feature","properties":{"id":"3572","name":"Kočičí kameny","geometry_kind":"plocha","technicke_prvky":"","jevy":"charakteristická hornina, selektivní eroze, skála","hornina":"granit (žula), rohovec kontaktní","stupen_ochrany":"Zajímavé geol. lokality registrované v ČGS v CHKO","url":"https://lokality.geology.cz/3572"},"geometry":{"type":"Polygon","coordinates":[[[15.224111,50.887556],[15.223622,50.887281],[15.223241,50.886825],[15.223423,50.886486],[15.224185,50.886257],[15.224912,50.886207],[15.225446,50.886186],[15.226101,50.886347],[15.227368,50.886956],[15.229037,50.887135],[15.229788,50.887032],[15.230148,50.88688],[15.230642,50.886774],[15.231003,50.886758],[15.231486,50.886778],[15.231634,50.886899],[15.231716,50.887205],[15.231424,50.887516],[15.230835,50.887669],[15.230218,50.887674],[15.229309,50.887565],[15.228724,50.887481],[15.228031,50.88758],[15.22752,50.88763],[15.226857,50.887577],[15.226572,50.887499],[15.226085,50.887569],[15.225601,50.88763],[15.224832,50.887677],[15.224111,50.887556]]]}},{"type":"Feature","properties":{"id":"33","name":"Jezevčí vrch","geometry_kind":"plocha","technicke_prvky":"","jevy":"kamenné moře, skalní strž (rokle), skalní ostroh, skála, skalní věž, suťové pole, voštiny, selektivní eroze","hornina":"trachyt","stupen_ochrany":"Národní přírodní rezervace (NPR) v CHKO","url":"https://lokality.geology.cz/33"},"geometry":{"type":"Polygon","coordinates":[[[14.698401,50.787876],[14.699536,50.786567],[14.700586,50.78593],[14.702038,50.785827],[14.703903,50.785804],[14.705349,50.785391],[14.706891,50.783844],[14.708569,50.782943],[14.713371,50.78656],[14.713924,50.786653],[14.713048,50.787757],[14.712986,50.789747],[14.713109,50.790519],[14.714009,50.791004],[14.713967,50.791544],[14.711998,50.793418],[14.712447,50.794],[14.71242,50.796165],[14.707983,50.794883],[14.706788,50.794781],[14.704605,50.794007],[14.703574,50.794146],[14.702065,50.793837],[14.70124,50.793677],[14.700336,50.793555],[14.699571,50.792773],[14.6984,50.791948],[14.69834,50.791218],[14.699015,50.790731],[14.700341,50.7898],[14.700321,50.789218],[14.698401,50.787876]]]}},{"type":"Feature","properties":{"id":"3692","name":"Prysk - Klučky","geometry_kind":"plocha","technicke_prvky":"lom","jevy":"kamenné varhany (sloupcovitá odlučnost)","hornina":"bazanit","stupen_ochrany":"Zajímavé geol. lokality registrované v ČGS v CHKO","url":"https://lokality.geology.cz/3692"},"geometry":{"type":"Polygon","coordinates":[[[14.508385,50.78122],[14.508431,50.781006],[14.508368,50.780701],[14.508125,50.780236],[14.508155,50.780093],[14.508558,50.780083],[14.509022,50.780123],[14.509157,50.780425],[14.509929,50.780564],[14.509972,50.780895],[14.509462,50.781204],[14.508942,50.781559],[14.508385,50.78122]]]}},{"type":"Feature","properties":{"id":"554","name":"Údolí Jizery u Semil a Bítouchova","geometry_kind":"plocha","technicke_prvky":"","jevy":"koryto řeky, výchoz, evorzní hrnec, soutěska","hornina":"bazaltoid, alkalickoživcový trachyt, břidlice zelená, tuf, bazalt (čedič)","stupen_ochrany":"Přírodní rezervace (PR)","url":"https://lokality.geology.cz/554"},"geometry":{"type":"Polygon","coordinates":[[[15.308701,50.61736],[15.309214,50.617718],[15.308055,50.617961],[15.307835,50.619076],[15.307824,50.619564],[15.308335,50.620438],[15.308018,50.621111],[15.307413,50.621506],[15.306715,50.621867],[15.306364,50.622347],[15.30584,50.623627],[15.307015,50.624745],[15.309139,50.625821],[15.312682,50.627716],[15.311473,50.629441],[15.307973,50.630574],[15.30745,50.630768],[15.307057,50.631027],[15.305292,50.631312],[15.302211,50.632198],[15.301367,50.632647],[15.300861,50.632543],[15.300308,50.631448],[15.299269,50.630577],[15.299787,50.629685],[15.299723,50.629145],[15.300677,50.628642],[15.30041,50.627687],[15.29879,50.626443],[15.299035,50.626064],[15.29996,50.62564],[15.300269,50.62494],[15.299665,50.623741],[15.298676,50.622693],[15.297364,50.622198],[15.296909,50.621618],[15.297386,50.621221],[15.298702,50.620828],[15.300757,50.620449],[15.301421,50.620257],[15.302978,50.619512],[15.302411,50.619286],[15.302206,50.61859],[15.301891,50.618166],[15.30271,50.617479],[15.303838,50.61689],[15.305302,50.616038],[15.306087,50.615521],[15.307019,50.614263],[15.308826,50.613402],[15.310235,50.613696],[15.310452,50.614039],[15.309011,50.614268],[15.308456,50.614704],[15.308651,50.615444],[15.308884,50.61607],[15.308885,50.616351],[15.308522,50.616603],[15.307763,50.616769],[15.307812,50.617244],[15.308171,50.617372],[15.30848,50.617397],[15.308701,50.61736]]]}},{"type":"Feature","properties":{"id":"925","name":"Tachovský vrch","geometry_kind":"plocha","technicke_prvky":"lom","jevy":"žíla (magmatická)","hornina":"fonolit","stupen_ochrany":"Geologické lokality doporučené k ochraně","url":"https://lokality.geology.cz/925"},"geometry":{"type":"Polygon","coordinates":[[[14.647974,50.54099],[14.646377,50.541071],[14.6442,50.540458],[14.641774,50.538263],[14.64024,50.537778],[14.640255,50.536627],[14.642863,50.535263],[14.644784,50.535537],[14.646107,50.53702],[14.649661,50.539738],[14.648988,50.541041],[14.647974,50.54099]]]}},{"type":"Feature","properties":{"id":"3195","name":"Dolánky - zářez silnice a železnice","geometry_kind":"plocha","technicke_prvky":"","jevy":"skalní defilé, selektivní eroze","hornina":"pískovec","stupen_ochrany":"Geologické lokality doporučené k ochraně v CHKO","url":"https://lokality.geology.cz/3195"},"geometry":{"type":"Polygon","coordinates":[[[15.16537,50.603567],[15.165181,50.603235],[15.165181,50.603162],[15.166356,50.603412],[15.167761,50.603716],[15.168782,50.60388],[15.168267,50.603965],[15.166927,50.603757],[15.165784,50.603637],[15.16537,50.603567]]]}},{"type":"Feature","properties":{"id":"3693","name":"Žandov","geometry_kind":"plocha","technicke_prvky":"lom","jevy":"charakteristická hornina, litologické rozhraní","hornina":"tuf, bazalt (čedič)","stupen_ochrany":"Geologické lokality doporučené k ochraně","url":"https://lokality.geology.cz/3693"},"geometry":{"type":"Polygon","coordinates":[[[14.398759,50.70658],[14.398456,50.706789],[14.399753,50.707266],[14.399719,50.708079],[14.40032,50.708277],[14.398822,50.709053],[14.397127,50.708696],[14.395404,50.708473],[14.394488,50.707621],[14.395348,50.706952],[14.397359,50.706575],[14.398759,50.70658]]]}},{"type":"Feature","properties":{"id":"571","name":"Bozkovské dolomitové jeskyně","geometry_kind":"plocha","technicke_prvky":"","jevy":"kras, inkrustace, jezero, jeskyně krasová","hornina":"dolomit","stupen_ochrany":"Národní přírodní památka (NPP)","url":"https://lokality.geology.cz/571"},"geometry":{"type":"Polygon","coordinates":[[[15.339107,50.645648],[15.339512,50.645835],[15.339391,50.646233],[15.340008,50.647006],[15.339982,50.647792],[15.340241,50.648429],[15.339663,50.648909],[15.336568,50.647331],[15.33526,50.646447],[15.335896,50.646036],[15.33675,50.646548],[15.336901,50.646361],[15.337734,50.6464],[15.338057,50.645918],[15.33876,50.646182],[15.339107,50.645648]]]}},{"type":"Feature","properties":{"id":"46","name":"Pecopala","geometry_kind":"plocha","technicke_prvky":"","jevy":"žíla (magmatická), zlom, vrstva, voštiny, škrapy, skalní strž (rokle), skalní stěna, skalní defilé, skála, litologické rozhraní, inkrustace, kamenné varhany (sloupcovitá odlučnost), rašeliniště","hornina":"pískovec, bazaltoid, fonolit, rašelina","stupen_ochrany":"Národní přírodní rezervace (NPR) v CHKO","url":"https://lokality.geology.cz/46"},"geometry":{"type":"Polygon","coordinates":[[[14.712203,50.587717],[14.711942,50.58842],[14.711809,50.589053],[14.710898,50.589592],[14.710455,50.590343],[14.710315,50.591012],[14.709317,50.591761],[14.710658,50.592093],[14.710111,50.592799],[14.709169,50.593009],[14.707232,50.593343],[14.706613,50.593037],[14.706029,50.593168],[14.707288,50.593892],[14.708005,50.594207],[14.709666,50.594376],[14.710681,50.59497],[14.711615,50.59534],[14.712731,50.595181],[14.714136,50.594937],[14.714642,50.595987],[14.716046,50.59636],[14.716816,50.596426],[14.717144,50.597034],[14.716362,50.597503],[14.716065,50.598376],[14.716352,50.598908],[14.716406,50.599738],[14.716353,50.600531],[14.716762,50.601029],[14.716717,50.601787],[14.715122,50.603411],[14.712344,50.60429],[14.709241,50.604743],[14.708901,50.605076],[14.706976,50.605348],[14.705431,50.605108],[14.704467,50.604881],[14.702759,50.605207],[14.701625,50.605246],[14.700561,50.605156],[14.699929,50.605247],[14.698943,50.605598],[14.697131,50.605335],[14.695069,50.60545],[14.692548,50.605915],[14.690564,50.605928],[14.688278,50.606023],[14.686597,50.605952],[14.685671,50.605474],[14.685439,50.605019],[14.684717,50.604386],[14.684314,50.604134],[14.682962,50.604128],[14.682065,50.60358],[14.68125,50.60312],[14.680436,50.602724],[14.679435,50.602602],[14.678642,50.602644],[14.677742,50.601778],[14.677485,50.601103],[14.677412,50.600162],[14.677251,50.599577],[14.676934,50.598643],[14.675683,50.598427],[14.674808,50.597709],[14.674431,50.597604],[14.675166,50.597095],[14.675652,50.597491],[14.677817,50.596886],[14.678551,50.596586],[14.678927,50.595611],[14.678657,50.594727],[14.67856,50.594174],[14.679907,50.593391],[14.681047,50.595221],[14.682761,50.595403],[14.683657,50.59548],[14.6843,50.595063],[14.684923,50.594001],[14.685494,50.593723],[14.686723,50.594045],[14.688053,50.594159],[14.68898,50.595172],[14.68932,50.595926],[14.690844,50.596265],[14.691434,50.595562],[14.69211,50.59533],[14.69388,50.596061],[14.696485,50.59553],[14.698634,50.594661],[14.696432,50.593612],[14.695718,50.592399],[14.695306,50.591176],[14.69693,50.590162],[14.699696,50.589609],[14.702055,50.588622],[14.703044,50.588525],[14.704855,50.588243],[14.70581,50.587971],[14.707465,50.587894],[14.712203,50.587717]]]}},{"type":"Feature","properties":{"id":"3353","name":"Libštát","geometry_kind":"plocha","technicke_prvky":"lom","jevy":"vrstva, ichnofosilie","hornina":"pískovec, prachovec (siltovec)","stupen_ochrany":"Zajímavé geologické lokality registrované v ČGS","url":"https://lokality.geology.cz/3353"},"geometry":{"type":"Polygon","coordinates":[[[15.41746,50.55447],[15.417343,50.554561],[15.41577,50.553802],[15.415532,50.553566],[15.415022,50.552973],[15.41506,50.552704],[15.416135,50.552952],[15.416173,50.553046],[15.415888,50.553268],[15.415812,50.553443],[15.416234,50.553902],[15.41746,50.55447]]]}},{"type":"Feature","properties":{"id":"548","name":"Panský lom","geometry_kind":"plocha","technicke_prvky":"lom","jevy":"kras, skalní defilé, skalní stěna","hornina":"břidlice zelená, mramor (kalcitický, dolomitický), fylit, vápenec","stupen_ochrany":"Přírodní památka (PP)","url":"https://lokality.geology.cz/548"},"geometry":{"type":"Polygon","coordinates":[[[15.015005,50.724889],[15.014981,50.724868],[15.01476,50.72476],[15.014819,50.724683],[15.014935,50.724393],[15.014603,50.72413],[15.014154,50.72374],[15.014193,50.72348],[15.014441,50.723455],[15.015075,50.723779],[15.015384,50.723732],[15.015601,50.723786],[15.015739,50.724024],[15.01589,50.724399],[15.016113,50.724291],[15.016411,50.72437],[15.016864,50.724806],[15.016518,50.724895],[15.015951,50.724595],[15.015545,50.724552],[15.015005,50.724889]]]}},{"type":"Feature","properties":{"id":"1654","name":"Stohánek","geometry_kind":"plocha","technicke_prvky":"","jevy":"skalní převis , skalní stěna, voštiny","hornina":"pískovec","stupen_ochrany":"Přírodní památka (PP)","url":"https://lokality.geology.cz/1654"},"geometry":{"type":"Polygon","coordinates":[[[14.842377,50.674554],[14.842074,50.674366],[14.841992,50.674141],[14.842268,50.673911],[14.84265,50.673861],[14.843115,50.674163],[14.843362,50.674555],[14.843046,50.674701],[14.842874,50.674705],[14.842538,50.674604],[14.842381,50.674537],[14.842377,50.674554]]]}},{"type":"Feature","properties":{"id":"2852","name":"Černá hora  - Sněžné věžičky","geometry_kind":"plocha","technicke_prvky":"","jevy":"skála, rašeliniště, mrazový srub","hornina":"granit (žula)","stupen_ochrany":"Přírodní rezervace (PR) v CHKO","url":"https://lokality.geology.cz/2852"},"geometry":{"type":"Polygon","coordinates":[[[15.214275,50.832361],[15.207865,50.828648],[15.20822,50.827163],[15.211002,50.825484],[15.21263,50.823857],[15.214544,50.824799],[15.214125,50.827465],[15.217855,50.828698],[15.22117,50.829716],[15.224358,50.829944],[15.224653,50.831617],[15.221174,50.832561],[15.215619,50.832795],[15.214275,50.832361]]]}},{"type":"Feature","properties":{"id":"1771","name":"Vlhošť","geometry_kind":"plocha","technicke_prvky":"","jevy":"skalní hradba, skalní stěna, škrapy, sesuv, zlom, zkameněliny - fauna, inkrustace, intruze","hornina":"pískovec, prachovec (siltovec), fonolit, bazalt (čedič)","stupen_ochrany":"Přírodní rezervace (PR) v CHKO","url":"https://lokality.geology.cz/1771"},"geometry":{"type":"Polygon","coordinates":[[[14.458534,50.593902],[14.458867,50.594212],[14.460917,50.594291],[14.461615,50.594824],[14.460945,50.594757],[14.460103,50.595491],[14.459706,50.595411],[14.458308,50.595615],[14.457985,50.595859],[14.458045,50.59611],[14.456659,50.597314],[14.456831,50.597574],[14.456286,50.598052],[14.456453,50.598339],[14.456193,50.598616],[14.453882,50.598823],[14.453699,50.599405],[14.454905,50.599302],[14.457384,50.599709],[14.457835,50.59993],[14.458625,50.600434],[14.459246,50.601323],[14.459114,50.602001],[14.458806,50.602374],[14.457299,50.603476],[14.454616,50.604748],[14.454332,50.606067],[14.453411,50.607756],[14.453066,50.608034],[14.450491,50.608535],[14.450236,50.608331],[14.449523,50.608197],[14.449615,50.607905],[14.447671,50.607926],[14.445799,50.607481],[14.445283,50.608089],[14.444966,50.607708],[14.445098,50.60703],[14.445825,50.60683],[14.446937,50.606038],[14.446427,50.605295],[14.446009,50.605249],[14.445674,50.604621],[14.446733,50.602953],[14.447445,50.6013],[14.449196,50.601644],[14.449008,50.601065],[14.449406,50.600011],[14.450322,50.598802],[14.451467,50.598185],[14.454876,50.597784],[14.453853,50.597368],[14.452379,50.597131],[14.452194,50.596733],[14.452626,50.596317],[14.455164,50.596312],[14.455827,50.596542],[14.456261,50.595655],[14.45676,50.595589],[14.456476,50.595319],[14.45509,50.594872],[14.455884,50.59456],[14.45571,50.594309],[14.456084,50.593961],[14.457142,50.59388],[14.457665,50.594561],[14.458117,50.594583],[14.458496,50.594343],[14.458193,50.594099],[14.458534,50.593902]]]}},{"type":"Feature","properties":{"id":"3573","name":"Polední kameny - Frýdlantské cimbuří","geometry_kind":"plocha","technicke_prvky":"","jevy":"skalní město, selektivní eroze, skalní hradba, skalní mísa, skalní stěna","hornina":"granit (žula)","stupen_ochrany":"Národní přírodní rezervace (NPR) v CHKO","url":"https://lokality.geology.cz/3573"},"geometry":{"type":"Polygon","coordinates":[[[15.216398,50.859857],[15.215769,50.858638],[15.215221,50.857443],[15.214687,50.856676],[15.215123,50.856212],[15.216835,50.855244],[15.218829,50.855504],[15.221212,50.854544],[15.224727,50.853286],[15.225628,50.853286],[15.225824,50.853809],[15.223884,50.854849],[15.221244,50.855525],[15.217199,50.856786],[15.216567,50.85901],[15.216398,50.859857]]]}},{"type":"Feature","properties":{"id":"3044","name":"Martinské stěny","geometry_kind":"plocha","technicke_prvky":"","jevy":"skalní defilé, voštiny","hornina":"pískovec","stupen_ochrany":"Přírodní památka (PP) v CHKO","url":"https://lokality.geology.cz/3044"},"geometry":{"type":"Polygon","coordinates":[[[14.461519,50.581495],[14.461451,50.581281],[14.460112,50.581545],[14.458528,50.581552],[14.458532,50.581335],[14.458844,50.581144],[14.459675,50.581126],[14.459885,50.581208],[14.461329,50.580789],[14.461537,50.58088],[14.4625,50.580646],[14.46261,50.580465],[14.463132,50.580293],[14.463222,50.580401],[14.465362,50.579598],[14.465493,50.580045],[14.465199,50.580355],[14.465364,50.580778],[14.464629,50.580687],[14.464183,50.581038],[14.462705,50.581218],[14.461519,50.581495]]]}},{"type":"Feature","properties":{"id":"1761","name":"Rašeliniště Jizery","geometry_kind":"plocha","technicke_prvky":"","jevy":"rašeliniště, koryto řeky","hornina":"rašelina, štěrkopísek","stupen_ochrany":"Národní přírodní rezervace (NPR) v CHKO","url":"https://lokality.geology.cz/1761"},"geometry":{"type":"Polygon","coordinates":[[[15.293555,50.875478],[15.292735,50.876291],[15.292583,50.876623],[15.292347,50.876224],[15.2923,50.875668],[15.292117,50.875363],[15.29034,50.874579],[15.289819,50.874465],[15.289036,50.874439],[15.28787,50.874183],[15.287481,50.873835],[15.284403,50.874913],[15.284535,50.874108],[15.285639,50.871433],[15.286167,50.870578],[15.287854,50.868719],[15.288815,50.866549],[15.289379,50.866159],[15.289262,50.865597],[15.288894,50.865214],[15.287478,50.864558],[15.287134,50.863915],[15.286803,50.863635],[15.292588,50.862401],[15.296541,50.861447],[15.303407,50.860027],[15.30796,50.859012],[15.311179,50.858081],[15.311328,50.858337],[15.311164,50.858587],[15.310389,50.858815],[15.311188,50.859187],[15.311745,50.85963],[15.312455,50.859659],[15.312852,50.859962],[15.314681,50.859546],[15.315611,50.859475],[15.315946,50.859302],[15.316977,50.858505],[15.317937,50.858137],[15.318175,50.857948],[15.318754,50.856255],[15.318782,50.855822],[15.32252,50.853854],[15.322949,50.853498],[15.324042,50.85325],[15.324203,50.853453],[15.325052,50.853212],[15.325088,50.853677],[15.326723,50.853879],[15.328356,50.85351],[15.329252,50.852956],[15.329191,50.852834],[15.330119,50.852264],[15.330756,50.852297],[15.331718,50.851775],[15.332445,50.852367],[15.331531,50.853662],[15.332436,50.853788],[15.3339,50.854421],[15.335127,50.854654],[15.336115,50.854361],[15.337713,50.854243],[15.338416,50.85409],[15.34008,50.853415],[15.34029,50.853151],[15.34055,50.852773],[15.339807,50.852189],[15.338913,50.85172],[15.337481,50.851724],[15.337941,50.850701],[15.339372,50.850551],[15.340596,50.850512],[15.341644,50.850133],[15.342565,50.850034],[15.344156,50.849517],[15.345453,50.849611],[15.345998,50.850116],[15.347738,50.85],[15.348974,50.849608],[15.349838,50.848925],[15.35036,50.848676],[15.352086,50.848559],[15.352695,50.848662],[15.353757,50.849153],[15.354283,50.849023],[15.354433,50.848627],[15.354877,50.848336],[15.356277,50.84784],[15.356476,50.847411],[15.355484,50.846925],[15.35526,50.846536],[15.354945,50.846611],[15.354568,50.846418],[15.354559,50.845666],[15.354732,50.845227],[15.355696,50.844035],[15.356327,50.843958],[15.357107,50.843992],[15.357059,50.843798],[15.358091,50.841977],[15.358895,50.841235],[15.359298,50.840932],[15.360178,50.840748],[15.360469,50.840798],[15.361393,50.840391],[15.361939,50.839655],[15.363264,50.838808],[15.363843,50.838193],[15.364065,50.837214],[15.363852,50.836626],[15.362915,50.836154],[15.364173,50.834994],[15.364786,50.834789],[15.36558,50.83468],[15.366743,50.833857],[15.367656,50.832344],[15.368062,50.830863],[15.368639,50.831126],[15.368591,50.830352],[15.368905,50.830214],[15.36891,50.829752],[15.369036,50.829473],[15.369214,50.829296],[15.36954,50.829241],[15.369603,50.828557],[15.370129,50.827919],[15.370577,50.826949],[15.370971,50.826546],[15.371191,50.825938],[15.370983,50.825903],[15.371048,50.825211],[15.370903,50.824493],[15.370936,50.823309],[15.37211,50.823302],[15.371867,50.823881],[15.371896,50.824463],[15.372225,50.824969],[15.372203,50.825592],[15.371647,50.826744],[15.370933,50.827611],[15.370689,50.828416],[15.370321,50.828976],[15.370172,50.829662],[15.369767,50.830336],[15.3694,50.831548],[15.369159,50.831973],[15.369112,50.832286],[15.369845,50.833359],[15.36994,50.833674],[15.369275,50.834944],[15.367994,50.836075],[15.367517,50.836318],[15.36726,50.836606],[15.367202,50.8369],[15.367451,50.837599],[15.366984,50.838079],[15.365799,50.838356],[15.365456,50.838936],[15.36539,50.839275],[15.365166,50.839321],[15.36428,50.839242],[15.36409,50.839336],[15.364022,50.839611],[15.364142,50.839946],[15.364022,50.840481],[15.363864,50.840559],[15.363242,50.840301],[15.362666,50.840392],[15.362364,50.840621],[15.362459,50.841227],[15.362179,50.841558],[15.361811,50.841538],[15.361559,50.841871],[15.360992,50.841917],[15.360117,50.842364],[15.359771,50.842817],[15.36003,50.842955],[15.360688,50.84288],[15.360751,50.842994],[15.359651,50.844293],[15.358604,50.844889],[15.358125,50.846083],[15.358484,50.846293],[15.358495,50.846674],[15.358393,50.846829],[15.358081,50.847176],[15.356872,50.847724],[15.356951,50.847902],[15.356877,50.848277],[15.356215,50.848731],[15.35533,50.84916],[15.354354,50.849463],[15.354067,50.849902],[15.353199,50.850096],[15.352965,50.850268],[15.352935,50.850565],[15.353815,50.85096],[15.353829,50.851106],[15.353211,50.851411],[15.352505,50.851436],[15.352602,50.850728],[15.352475,50.850574],[15.352084,50.850525],[15.351533,50.850562],[15.350976,50.850845],[15.350233,50.850768],[15.34984,50.8508],[15.34949,50.850981],[15.349393,50.851254],[15.349756,50.851446],[15.350152,50.851468],[15.350087,50.851725],[15.349782,50.851819],[15.34959,50.851777],[15.349309,50.851464],[15.348884,50.851368],[15.348116,50.85156],[15.347965,50.851675],[15.347979,50.851821],[15.348363,50.851978],[15.348386,50.852297],[15.347993,50.852402],[15.347146,50.852272],[15.346632,50.852485],[15.346567,50.85267],[15.346704,50.852916],[15.345524,50.853964],[15.345092,50.853975],[15.345336,50.853034],[15.345156,50.852929],[15.344797,50.852865],[15.344501,50.852914],[15.344381,50.853231],[15.344117,50.853409],[15.343509,50.853225],[15.343055,50.853352],[15.342551,50.853584],[15.342567,50.853866],[15.342676,50.853965],[15.342983,50.854008],[15.343386,50.853849],[15.343521,50.853887],[15.343802,50.854208],[15.343657,50.854432],[15.342912,50.854437],[15.342447,50.854617],[15.342421,50.854824],[15.342861,50.85513],[15.342826,50.855236],[15.34237,50.855445],[15.341896,50.855307],[15.342093,50.854671],[15.341933,50.854613],[15.341211,50.854574],[15.340793,50.854659],[15.340695,50.854796],[15.340996,50.855155],[15.340323,50.855446],[15.339192,50.855737],[15.338859,50.856118],[15.33915,50.856385],[15.339315,50.856417],[15.33968,50.85631],[15.339875,50.856552],[15.339072,50.856778],[15.338574,50.857128],[15.338354,50.857156],[15.338188,50.857052],[15.338361,50.856975],[15.33857,50.856711],[15.338546,50.856546],[15.338021,50.85645],[15.337612,50.856128],[15.337352,50.856071],[15.336154,50.856338],[15.335759,50.856307],[15.335037,50.855906],[15.334741,50.855882],[15.334111,50.856322],[15.3337,50.856733],[15.333397,50.856745],[15.332863,50.857129],[15.331918,50.856845],[15.331608,50.856531],[15.331314,50.856499],[15.330421,50.8566],[15.330008,50.856875],[15.32989,50.857183],[15.329716,50.857196],[15.329651,50.856946],[15.330049,50.856453],[15.329963,50.856382],[15.3293,50.85633],[15.328978,50.85644],[15.328853,50.856856],[15.327912,50.857198],[15.327581,50.857426],[15.327523,50.857575],[15.327653,50.857785],[15.328014,50.857985],[15.328343,50.858492],[15.328863,50.858687],[15.328882,50.858806],[15.328727,50.858866],[15.328315,50.858852],[15.327824,50.858586],[15.327258,50.858623],[15.326344,50.858179],[15.32605,50.858147],[15.324857,50.858532],[15.324554,50.858979],[15.324283,50.858976],[15.323739,50.858616],[15.323387,50.858733],[15.323055,50.85925],[15.322756,50.859244],[15.322507,50.859125],[15.322167,50.859179],[15.322012,50.859385],[15.322009,50.859765],[15.321771,50.859882],[15.321487,50.859868],[15.321264,50.859552],[15.320064,50.859466],[15.319842,50.85914],[15.319481,50.859084],[15.319243,50.859201],[15.319226,50.85929],[15.319289,50.859549],[15.319592,50.859754],[15.318944,50.859993],[15.318508,50.860311],[15.318225,50.860298],[15.318149,50.860029],[15.317781,50.859864],[15.317577,50.859884],[15.31757,50.860065],[15.317256,50.860203],[15.316816,50.859969],[15.316516,50.859963],[15.316308,50.860073],[15.316199,50.859974],[15.315248,50.859863],[15.315102,50.859733],[15.314792,50.859709],[15.314602,50.859875],[15.314714,50.860391],[15.314437,50.860414],[15.314263,50.860572],[15.314027,50.860608],[15.313761,50.860505],[15.31368,50.860336],[15.313455,50.860318],[15.313388,50.860512],[15.312947,50.860785],[15.312699,50.860593],[15.312583,50.86024],[15.312238,50.860104],[15.311646,50.860202],[15.311605,50.860334],[15.311846,50.860634],[15.311291,50.860545],[15.310971,50.860646],[15.310953,50.860953],[15.310643,50.861363],[15.310442,50.86151],[15.309918,50.86155],[15.309612,50.861797],[15.300376,50.869679],[15.294839,50.874275],[15.293555,50.875478]]]}},{"type":"Feature","properties":{"id":"3200","name":"Měsíční údolí","geometry_kind":"plocha","technicke_prvky":"","jevy":"soutěska, skála","hornina":"pískovec","stupen_ochrany":"Přírodní rezervace (PR) v CHKO","url":"https://lokality.geology.cz/3200"},"geometry":{"type":"Polygon","coordinates":[[[15.245922,50.598956],[15.246082,50.598796],[15.247376,50.598375],[15.248787,50.597718],[15.249771,50.59671],[15.24904,50.595654],[15.249192,50.595105],[15.250598,50.595771],[15.250698,50.596558],[15.249765,50.597742],[15.248558,50.59837],[15.247317,50.598886],[15.248821,50.599053],[15.249741,50.599154],[15.250074,50.59977],[15.252476,50.600579],[15.251898,50.600623],[15.250595,50.600446],[15.249638,50.599961],[15.249315,50.599437],[15.24874,50.599391],[15.247336,50.599223],[15.245922,50.598956]]]}},{"type":"Feature","properties":{"id":"259","name":"Hradiště u Semil  - melafyry ve vrchlabském souvrství","geometry_kind":"plocha","technicke_prvky":"","jevy":"lávový proud, skalní stěna, zvrstvení, litologické rozhraní, říční terasa, charakteristická hornina","hornina":"melafyr, jílovec (lupek), prachovec (siltovec)","stupen_ochrany":"Geologické lokality doporučené k ochraně","url":"https://lokality.geology.cz/259"},"geometry":{"type":"Polygon","coordinates":[[[15.383309,50.599705],[15.382716,50.6007],[15.381625,50.601257],[15.380159,50.601838],[15.381928,50.600728],[15.382586,50.600128],[15.383141,50.599474],[15.384116,50.598854],[15.383309,50.599705]]]}},{"type":"Feature","properties":{"id":"66","name":"Klokočské skály","geometry_kind":"plocha","technicke_prvky":"","jevy":"kuesta, jeskyně pseudokrasová, skalní stěna, skalní komín, skalní okno, škrapy, voštiny, kaňon, skalní město, viklan, zkameněliny - fauna, kamenné moře","hornina":"pískovec","stupen_ochrany":"Přírodní rezervace (PR) v CHKO","url":"https://lokality.geology.cz/66"},"geometry":{"type":"Polygon","coordinates":[[[15.206738,50.600264],[15.205772,50.60054],[15.204902,50.600977],[15.204019,50.601123],[15.20311,50.600325],[15.203517,50.598853],[15.203331,50.598077],[15.202056,50.597974],[15.200815,50.597339],[15.199884,50.597228],[15.199319,50.596348],[15.201351,50.595226],[15.201962,50.594161],[15.203428,50.593591],[15.205614,50.593124],[15.206097,50.593842],[15.205851,50.594792],[15.20695,50.594917],[15.209535,50.594736],[15.210692,50.594286],[15.21292,50.593895],[15.214496,50.593913],[15.216851,50.593741],[15.217525,50.593216],[15.218037,50.591499],[15.218073,50.59046],[15.21867,50.589393],[15.219188,50.590224],[15.219804,50.591134],[15.220294,50.590603],[15.221647,50.589815],[15.223483,50.590244],[15.22374,50.590953],[15.222997,50.591256],[15.222766,50.591554],[15.224117,50.592134],[15.225006,50.592532],[15.224802,50.593558],[15.224374,50.594565],[15.224478,50.595471],[15.22412,50.596412],[15.222963,50.59736],[15.222212,50.598061],[15.221736,50.598448],[15.22079,50.598336],[15.220755,50.598514],[15.220411,50.598595],[15.219751,50.599049],[15.219227,50.599107],[15.218484,50.599409],[15.217977,50.600021],[15.21884,50.60048],[15.218272,50.601331],[15.217731,50.601831],[15.216321,50.603476],[15.214882,50.604483],[15.21404,50.605276],[15.211825,50.606746],[15.21111,50.606689],[15.210963,50.605997],[15.210529,50.60589],[15.209289,50.606469],[15.207857,50.607151],[15.206917,50.607863],[15.205824,50.608491],[15.204295,50.608802],[15.202045,50.608802],[15.20051,50.608787],[15.199818,50.608332],[15.200113,50.607422],[15.199883,50.60715],[15.199351,50.606962],[15.197808,50.607345],[15.19658,50.608143],[15.195493,50.608454],[15.194554,50.608378],[15.194296,50.607958],[15.19464,50.607379],[15.194606,50.606977],[15.193948,50.606852],[15.192811,50.607195],[15.19223,50.606966],[15.191258,50.606199],[15.190452,50.605672],[15.190461,50.605056],[15.190168,50.604887],[15.188948,50.604435],[15.189013,50.603824],[15.189365,50.60292],[15.190011,50.601966],[15.191105,50.601547],[15.192408,50.601299],[15.194609,50.601042],[15.19901,50.601035],[15.201882,50.600842],[15.202647,50.601221],[15.202294,50.601845],[15.202309,50.602344],[15.202911,50.602465],[15.203562,50.601983],[15.203842,50.602296],[15.204571,50.602636],[15.205704,50.603452],[15.206222,50.604282],[15.206802,50.605299],[15.207201,50.605014],[15.206908,50.604483],[15.208261,50.603695],[15.209172,50.604484],[15.209648,50.604668],[15.211716,50.603938],[15.211556,50.603308],[15.213625,50.602288],[15.214002,50.602681],[15.214584,50.602547],[15.216429,50.601219],[15.215511,50.600755],[15.214362,50.601161],[15.210646,50.601658],[15.208531,50.601768],[15.207697,50.601384],[15.206738,50.600264]]]}},{"type":"Feature","properties":{"id":"3043","name":"Stříbrný vrch","geometry_kind":"plocha","technicke_prvky":"","jevy":"skalní město, skalní stěna","hornina":"pískovec","stupen_ochrany":"Přírodní památka (PP) v CHKO","url":"https://lokality.geology.cz/3043"},"geometry":{"type":"Polygon","coordinates":[[[14.445651,50.594284],[14.446083,50.59433],[14.447102,50.594828],[14.447857,50.595093],[14.448025,50.595308],[14.447994,50.59565],[14.447598,50.596096],[14.446859,50.596286],[14.446111,50.596184],[14.4449,50.595715],[14.444649,50.595494],[14.444005,50.595437],[14.442874,50.59513],[14.442695,50.594769],[14.442826,50.594427],[14.443125,50.594099],[14.443573,50.593939],[14.444636,50.593968],[14.445651,50.594284]]]}},{"type":"Feature","properties":{"id":"29","name":"Klíč","geometry_kind":"plocha","technicke_prvky":"","jevy":"intruze, mrazový srub, suťové pole","hornina":"fonolit","stupen_ochrany":"Přírodní rezervace (PR) v CHKO","url":"https://lokality.geology.cz/29"},"geometry":{"type":"Polygon","coordinates":[[[14.570638,50.789688],[14.569032,50.789033],[14.568965,50.788074],[14.569272,50.786903],[14.569746,50.786363],[14.571416,50.78638],[14.572849,50.785705],[14.574609,50.785366],[14.575573,50.785413],[14.57623,50.78575],[14.574617,50.788342],[14.570666,50.78969],[14.570638,50.789688]]]}},{"type":"Feature","properties":{"id":"539","name":"Rašeliniště Jizerky","geometry_kind":"plocha","technicke_prvky":"","jevy":"rašeliniště, meandry, koryto řeky","hornina":"rašelina, štěrkopísek","stupen_ochrany":"Národní přírodní rezervace (NPR) v CHKO","url":"https://lokality.geology.cz/539"},"geometry":{"type":"Polygon","coordinates":[[[15.322657,50.833501],[15.322117,50.832978],[15.317855,50.83485],[15.316176,50.8369],[15.314896,50.837224],[15.309096,50.832488],[15.323353,50.823981],[15.324476,50.824813],[15.325579,50.824439],[15.328114,50.82406],[15.329232,50.823759],[15.329936,50.82396],[15.331497,50.823875],[15.332316,50.822554],[15.332319,50.822247],[15.331628,50.821766],[15.331957,50.82104],[15.332885,50.820688],[15.335463,50.821101],[15.336359,50.820837],[15.336824,50.820946],[15.337035,50.821325],[15.336776,50.821839],[15.337174,50.821997],[15.337413,50.822524],[15.335715,50.822797],[15.335016,50.823076],[15.33504,50.823386],[15.33478,50.823474],[15.332842,50.823511],[15.332954,50.823955],[15.332662,50.824493],[15.332731,50.825015],[15.332363,50.825647],[15.332184,50.82691],[15.332691,50.827603],[15.333505,50.826888],[15.336165,50.825441],[15.336499,50.825848],[15.337819,50.825753],[15.338319,50.827061],[15.338275,50.828154],[15.336572,50.830256],[15.335116,50.831255],[15.334371,50.832709],[15.334339,50.833594],[15.334827,50.835109],[15.331161,50.836648],[15.330036,50.835681],[15.32604,50.834114],[15.323924,50.833602],[15.322657,50.833501]]]}},{"type":"Feature","properties":{"id":"2853","name":"Prales Jizera","geometry_kind":"plocha","technicke_prvky":"","jevy":"skála, suťové pole, mrazový srub","hornina":"granit (žula)","stupen_ochrany":"Přírodní rezervace (PR) v CHKO","url":"https://lokality.geology.cz/2853"},"geometry":{"type":"Polygon","coordinates":[[[15.260873,50.829261],[15.262085,50.829566],[15.265849,50.831715],[15.268772,50.831976],[15.270846,50.831761],[15.272982,50.831741],[15.273311,50.831885],[15.273878,50.832918],[15.273505,50.833567],[15.27236,50.834436],[15.271279,50.835627],[15.267744,50.837502],[15.266473,50.837563],[15.260507,50.837132],[15.257076,50.836613],[15.255222,50.83594],[15.255094,50.835504],[15.254007,50.834855],[15.253305,50.834074],[15.252591,50.833202],[15.252921,50.832195],[15.252774,50.83164],[15.253521,50.830404],[15.25938,50.829359],[15.260873,50.829261]]]}},{"type":"Feature","properties":{"id":"2854","name":"Ptačí kupy","geometry_kind":"plocha","technicke_prvky":"","jevy":"skála, skalní věž, mrazový srub, charakteristická hornina","hornina":"granit (žula)","stupen_ochrany":"Přírodní rezervace (PR) v CHKO","url":"https://lokality.geology.cz/2854"},"geometry":{"type":"Polygon","coordinates":[[[15.171671,50.845578],[15.172324,50.846029],[15.172568,50.845958],[15.174018,50.846573],[15.174918,50.847507],[15.174824,50.847689],[15.174105,50.847994],[15.173107,50.847614],[15.172746,50.847776],[15.172307,50.848393],[15.169859,50.849391],[15.169168,50.849127],[15.168763,50.848578],[15.167505,50.848214],[15.167999,50.847538],[15.167443,50.847384],[15.168261,50.846734],[15.169018,50.846741],[15.169805,50.846388],[15.170373,50.846624],[15.171671,50.845578]]]}},{"type":"Feature","properties":{"id":"2855","name":"Hamrštejn","geometry_kind":"plocha","technicke_prvky":"","jevy":"skalní ostroh, suť","hornina":"fylit, droba","stupen_ochrany":"Přírodní rezervace (PR)","url":"https://lokality.geology.cz/2855"},"geometry":{"type":"Polygon","coordinates":[[[14.970196,50.77825],[14.970595,50.778328],[14.969925,50.779153],[14.970119,50.780021],[14.969709,50.780902],[14.970398,50.781168],[14.970948,50.782183],[14.970084,50.782701],[14.969857,50.782691],[14.969626,50.783678],[14.96987,50.784161],[14.970934,50.784203],[14.971795,50.784537],[14.971652,50.784951],[14.971931,50.785754],[14.971934,50.786715],[14.972263,50.787413],[14.970864,50.787678],[14.969387,50.78742],[14.968454,50.7866],[14.966924,50.785694],[14.963489,50.78571],[14.964096,50.784772],[14.965628,50.785044],[14.966771,50.784558],[14.967181,50.784165],[14.967371,50.782541],[14.96658,50.782357],[14.966009,50.782419],[14.966208,50.781311],[14.96602,50.781042],[14.96655,50.780343],[14.966587,50.779675],[14.966983,50.779417],[14.967175,50.778898],[14.967924,50.778942],[14.970196,50.77825]]]}},{"type":"Feature","properties":{"id":"1991","name":"Panteon","geometry_kind":"plocha","technicke_prvky":"","jevy":"skalní defilé, skalní hřbet, skalní plotna, skalní komín, skalní převis , vrása","hornina":"pískovec","stupen_ochrany":"Geologické lokality doporučené k ochraně v CHKO","url":"https://lokality.geology.cz/1991"},"geometry":{"type":"Polygon","coordinates":[[[15.192505,50.641522],[15.19181,50.64172],[15.191447,50.641827],[15.188474,50.64223],[15.186383,50.642994],[15.18494,50.643792],[15.183879,50.644395],[15.18172,50.645217],[15.180017,50.646104],[15.177579,50.646894],[15.174735,50.647289],[15.172416,50.647908],[15.170486,50.648504],[15.169925,50.648458],[15.169973,50.648009],[15.171047,50.64777],[15.172616,50.64748],[15.173371,50.647052],[15.176917,50.646569],[15.179121,50.645669],[15.181482,50.644908],[15.185245,50.643056],[15.186459,50.642329],[15.189314,50.641518],[15.191659,50.641409],[15.192304,50.641316],[15.192505,50.641522]]]}},{"type":"Feature","properties":{"id":"45","name":"Maršovický vrch","geometry_kind":"plocha","technicke_prvky":"lom","jevy":"deformační stavby","hornina":"fonolit","stupen_ochrany":"Geologické lokality doporučené k ochraně","url":"https://lokality.geology.cz/45"},"geometry":{"type":"Polygon","coordinates":[[[14.573741,50.583683],[14.573129,50.583413],[14.572605,50.583131],[14.572497,50.582968],[14.572361,50.582602],[14.571874,50.582615],[14.571276,50.582345],[14.57147,50.582036],[14.571331,50.581752],[14.571314,50.581496],[14.571858,50.581216],[14.572535,50.580848],[14.573059,50.581066],[14.57449,50.581707],[14.575879,50.582407],[14.577371,50.583098],[14.578469,50.583628],[14.578981,50.584171],[14.578467,50.584508],[14.577629,50.584499],[14.575696,50.584342],[14.574611,50.584148],[14.573741,50.583683]]]}},{"type":"Feature","properties":{"id":"37","name":"Husa","geometry_kind":"plocha","technicke_prvky":"","jevy":"inkrustace, selektivní eroze, škrapy, skalní hřbet, skalní mísa, skalní převis , skalní okno","hornina":"pískovec","stupen_ochrany":"Přírodní památka (PP) v CHKO","url":"https://lokality.geology.cz/37"},"geometry":{"type":"Polygon","coordinates":[[[14.454314,50.586229],[14.454891,50.586461],[14.455036,50.587045],[14.454826,50.587163],[14.454258,50.587286],[14.453232,50.587877],[14.452873,50.588553],[14.452237,50.588924],[14.451842,50.588772],[14.451655,50.587921],[14.451419,50.58829],[14.451072,50.587652],[14.450915,50.58752],[14.450673,50.587517],[14.451792,50.587089],[14.452484,50.587049],[14.453228,50.586642],[14.453534,50.586279],[14.454314,50.586229]]]}},{"type":"Feature","properties":{"id":"870","name":"Pustý zámek","geometry_kind":"plocha","technicke_prvky":"","jevy":"kamenné varhany (sloupcovitá odlučnost), intruze","hornina":"trachyt, pískovec","stupen_ochrany":"Přírodní památka (PP) v CHKO","url":"https://lokality.geology.cz/870"},"geometry":{"type":"Polygon","coordinates":[[[14.459193,50.803759],[14.459615,50.803859],[14.460035,50.804104],[14.459568,50.804408],[14.459035,50.804489],[14.458383,50.80446],[14.457002,50.804022],[14.4576,50.803775],[14.458406,50.80369],[14.459193,50.803759]]]}},{"type":"Feature","properties":{"id":"270","name":"Levín - andezitoidy, polodrahokamy","geometry_kind":"plocha","technicke_prvky":"","jevy":"láva, vulkanoklastika, vulkán, charakteristická hornina","hornina":"melafyr, vulkanoklastika","stupen_ochrany":"Geologické lokality doporučené k ochraně","url":"https://lokality.geology.cz/270"},"geometry":{"type":"Polygon","coordinates":[[[15.519924,50.525163],[15.51965,50.524888],[15.519648,50.524825],[15.519557,50.52412],[15.519222,50.524012],[15.518958,50.524055],[15.517577,50.524146],[15.516727,50.524062],[15.515642,50.523642],[15.515083,50.523299],[15.513711,50.522974],[15.512781,50.522784],[15.512589,50.522751],[15.512342,50.522632],[15.510942,50.522305],[15.509332,50.522251],[15.509053,50.52193],[15.50939,50.521658],[15.509972,50.521586],[15.510711,50.521435],[15.511111,50.521059],[15.512967,50.521748],[15.513825,50.521643],[15.514813,50.52153],[15.515698,50.521436],[15.516465,50.521804],[15.517584,50.522336],[15.517877,50.521996],[15.518205,50.521768],[15.518853,50.521429],[15.519052,50.520983],[15.519805,50.520761],[15.520761,50.520519],[15.521376,50.520422],[15.522043,50.520502],[15.522528,50.520567],[15.523071,50.520917],[15.523828,50.520822],[15.52445,50.521206],[15.524771,50.521457],[15.525856,50.521135],[15.527284,50.521246],[15.5276,50.521968],[15.525619,50.523109],[15.524666,50.523704],[15.523396,50.524475],[15.522578,50.525108],[15.521496,50.52534],[15.519924,50.525163]]]}},{"type":"Feature","properties":{"id":"40","name":"Kokořínský důl","geometry_kind":"plocha","technicke_prvky":"","jevy":"jeskyně pseudokrasová, skalní strž (rokle), inkrustace, skalní hřib, skalní město, skalní okno, skalní věž, skalní převis , voštiny","hornina":"pískovec","stupen_ochrany":"Přírodní rezervace (PR) v CHKO","url":"https://lokality.geology.cz/40"},"geometry":{"type":"Polygon","coordinates":[[[14.539242,50.387195],[14.539751,50.38694],[14.54036,50.386611],[14.541472,50.386254],[14.541918,50.386157],[14.542443,50.385958],[14.542574,50.385742],[14.542587,50.38568],[14.543248,50.38591],[14.544607,50.385992],[14.546421,50.386204],[14.547382,50.386287],[14.548793,50.386392],[14.549483,50.386551],[14.549445,50.38673],[14.54908,50.387179],[14.548823,50.387519],[14.549099,50.387961],[14.549777,50.388909],[14.551041,50.389971],[14.551793,50.390844],[14.552247,50.390911],[14.55287,50.390783],[14.553522,50.390785],[14.554619,50.390699],[14.555736,50.391123],[14.556214,50.391073],[14.556855,50.389795],[14.557621,50.389263],[14.55814,50.389426],[14.558198,50.389821],[14.559053,50.390403],[14.56007,50.390428],[14.560609,50.390294],[14.561553,50.389994],[14.562835,50.389235],[14.563619,50.389484],[14.563689,50.390025],[14.563379,50.390416],[14.563008,50.390828],[14.563326,50.391337],[14.562492,50.391319],[14.561327,50.391726],[14.560038,50.392449],[14.558637,50.392899],[14.557485,50.393243],[14.556204,50.393395],[14.556128,50.393752],[14.55687,50.393934],[14.558137,50.393717],[14.559442,50.39305],[14.560714,50.392743],[14.561252,50.392881],[14.561299,50.393329],[14.560706,50.394385],[14.560233,50.395741],[14.560805,50.396326],[14.560992,50.396315],[14.56192,50.395887],[14.562873,50.395344],[14.563364,50.394969],[14.563645,50.394313],[14.564109,50.393664],[14.565142,50.393009],[14.566776,50.392734],[14.568778,50.392526],[14.571482,50.390284],[14.572572,50.389961],[14.573585,50.389604],[14.574144,50.388972],[14.574878,50.388791],[14.574875,50.389208],[14.574665,50.389997],[14.574655,50.390713],[14.575624,50.39076],[14.576096,50.390475],[14.577477,50.390122],[14.579589,50.389797],[14.580011,50.390015],[14.580427,50.390732],[14.579967,50.390692],[14.578588,50.390573],[14.577037,50.390856],[14.576854,50.391321],[14.576712,50.391989],[14.575854,50.391887],[14.57446,50.392302],[14.57358,50.392906],[14.57314,50.393911],[14.574249,50.39437],[14.576281,50.394691],[14.576182,50.394891],[14.573328,50.394762],[14.570213,50.394728],[14.568643,50.395372],[14.567142,50.395623],[14.566266,50.396473],[14.565265,50.396776],[14.563745,50.397116],[14.562356,50.397776],[14.562609,50.398124],[14.564137,50.398348],[14.565814,50.398339],[14.566976,50.398349],[14.567253,50.398581],[14.567177,50.398938],[14.566898,50.399385],[14.568112,50.399817],[14.568355,50.40041],[14.568462,50.401045],[14.568043,50.401481],[14.568209,50.401767],[14.568754,50.402077],[14.569553,50.402056],[14.570127,50.401961],[14.570668,50.401617],[14.571239,50.400868],[14.572465,50.399904],[14.573242,50.39979],[14.573729,50.399233],[14.574344,50.398543],[14.575713,50.398244],[14.57745,50.39795],[14.579041,50.397879],[14.581345,50.397988],[14.582375,50.39775],[14.585914,50.395915],[14.59125,50.394644],[14.595578,50.393975],[14.601241,50.392768],[14.602559,50.392437],[14.602467,50.392874],[14.602336,50.393761],[14.601817,50.394541],[14.601112,50.394988],[14.59973,50.39535],[14.597934,50.395249],[14.596184,50.395606],[14.595347,50.395806],[14.595268,50.39618],[14.596605,50.396504],[14.597073,50.396907],[14.596792,50.397564],[14.59427,50.397409],[14.593591,50.398004],[14.592726,50.397865],[14.590097,50.397747],[14.588801,50.39817],[14.58851,50.398471],[14.588114,50.3988],[14.587841,50.398949],[14.586926,50.399115],[14.58597,50.399204],[14.585274,50.399208],[14.584684,50.399783],[14.584646,50.399961],[14.584853,50.400124],[14.585307,50.40019],[14.586332,50.400578],[14.586753,50.401005],[14.586666,50.401415],[14.586054,50.401688],[14.584519,50.401701],[14.583812,50.401286],[14.58315,50.400457],[14.582024,50.399607],[14.580027,50.399588],[14.578658,50.399887],[14.577083,50.400286],[14.576239,50.400984],[14.575636,50.401621],[14.574742,50.402152],[14.573475,50.402641],[14.57337,50.402868],[14.572735,50.404119],[14.573098,50.40415],[14.574382,50.404053],[14.576276,50.40389],[14.578553,50.403462],[14.580199,50.403395],[14.580265,50.403555],[14.580801,50.404309],[14.581269,50.404713],[14.581765,50.404783],[14.583294,50.405069],[14.584775,50.405316],[14.585586,50.40544],[14.585663,50.405746],[14.584645,50.40593],[14.583368,50.405992],[14.58234,50.406021],[14.580333,50.405847],[14.578071,50.405534],[14.577169,50.405637],[14.576113,50.406199],[14.5749,50.406629],[14.574311,50.407268],[14.574303,50.407503],[14.574805,50.407546],[14.576107,50.407568],[14.577219,50.407547],[14.578659,50.407581],[14.579305,50.407818],[14.579172,50.408042],[14.578631,50.408386],[14.576804,50.409035],[14.576852,50.409275],[14.57774,50.409506],[14.579533,50.410224],[14.579789,50.411226],[14.581785,50.411253],[14.582524,50.411317],[14.583647,50.411714],[14.584007,50.412425],[14.58413,50.412917],[14.583723,50.413299],[14.583079,50.413924],[14.583183,50.414776],[14.58369,50.415265],[14.585066,50.415538],[14.585976,50.415463],[14.58719,50.415631],[14.58852,50.415719],[14.589509,50.415478],[14.591707,50.415423],[14.591747,50.415635],[14.590915,50.41628],[14.590575,50.416813],[14.590134,50.417555],[14.590294,50.41834],[14.589772,50.418594],[14.588973,50.418407],[14.588657,50.417754],[14.588222,50.417598],[14.587622,50.417546],[14.586671,50.417881],[14.585684,50.418386],[14.584566,50.41877],[14.583361,50.419228],[14.582465,50.419033],[14.581491,50.418803],[14.580724,50.418673],[14.579586,50.419019],[14.579237,50.419525],[14.579233,50.420214],[14.57971,50.420845],[14.580931,50.420778],[14.582667,50.420692],[14.582855,50.420944],[14.581033,50.422039],[14.579819,50.422941],[14.579362,50.424425],[14.579841,50.424848],[14.581003,50.424858],[14.581927,50.424856],[14.583176,50.424456],[14.584577,50.424214],[14.585576,50.424391],[14.587251,50.424391],[14.589353,50.425199],[14.590546,50.425329],[14.593304,50.425921],[14.595245,50.426007],[14.595636,50.426576],[14.596343,50.426928],[14.597349,50.426806],[14.598385,50.426605],[14.59896,50.425702],[14.59959,50.425339],[14.600413,50.42541],[14.60434,50.424434],[14.605003,50.42372],[14.605766,50.422325],[14.606577,50.422722],[14.607525,50.422804],[14.608918,50.422597],[14.610519,50.422345],[14.612139,50.42234],[14.612854,50.422519],[14.613693,50.422982],[14.615269,50.423653],[14.616441,50.424289],[14.61811,50.424995],[14.619293,50.425515],[14.618692,50.426207],[14.61784,50.427149],[14.618077,50.428177],[14.618051,50.428773],[14.617352,50.428985],[14.616852,50.428733],[14.615997,50.427671],[14.61623,50.426566],[14.615816,50.425905],[14.614046,50.42548],[14.613338,50.425065],[14.612632,50.424442],[14.610879,50.424136],[14.608898,50.424237],[14.60745,50.424974],[14.605968,50.425736],[14.60621,50.426537],[14.605554,50.427024],[14.605025,50.427305],[14.603806,50.427563],[14.602673,50.427819],[14.602417,50.428423],[14.602938,50.429656],[14.602875,50.42995],[14.602888,50.43016],[14.602975,50.430821],[14.60306,50.430891],[14.603334,50.432013],[14.603379,50.43267],[14.603796,50.432915],[14.604207,50.432923],[14.604941,50.432542],[14.605892,50.432206],[14.606748,50.431718],[14.607427,50.431595],[14.607855,50.431722],[14.607899,50.431781],[14.607273,50.432325],[14.607102,50.432864],[14.607392,50.433306],[14.607306,50.433716],[14.606504,50.433946],[14.605524,50.434216],[14.605003,50.434261],[14.604811,50.434898],[14.604579,50.435595],[14.604951,50.436253],[14.605142,50.436895],[14.606162,50.43731],[14.606615,50.437857],[14.606019,50.438459],[14.606829,50.438792],[14.606683,50.439078],[14.605754,50.439506],[14.605317,50.439559],[14.604172,50.439669],[14.604379,50.439832],[14.603559,50.440415],[14.603049,50.440407],[14.602636,50.440816],[14.602362,50.441237],[14.601867,50.440895],[14.602136,50.440292],[14.602296,50.439535],[14.601802,50.438984],[14.601001,50.438407],[14.600977,50.438051],[14.601263,50.43784],[14.602275,50.437691],[14.602318,50.437486],[14.60274,50.434819],[14.602079,50.43459],[14.601596,50.43472],[14.601242,50.435524],[14.600844,50.436062],[14.60027,50.436157],[14.600073,50.435542],[14.599616,50.434613],[14.60019,50.433447],[14.599718,50.431918],[14.599091,50.431592],[14.599183,50.431156],[14.599319,50.430514],[14.598812,50.430225],[14.597802,50.429966],[14.596894,50.429824],[14.596451,50.430176],[14.596491,50.43086],[14.596573,50.431611],[14.595676,50.431624],[14.594401,50.431541],[14.593463,50.43087],[14.592697,50.430532],[14.591346,50.430742],[14.590077,50.431231],[14.589604,50.431253],[14.587643,50.430186],[14.58784,50.429522],[14.586941,50.428873],[14.585471,50.428574],[14.585194,50.428604],[14.58406,50.42866],[14.583659,50.429215],[14.58371,50.429846],[14.583799,50.430298],[14.584088,50.43074],[14.584334,50.431124],[14.584832,50.431585],[14.585972,50.431974],[14.587176,50.431787],[14.588141,50.431925],[14.58924,50.432438],[14.590604,50.433036],[14.591134,50.434089],[14.591239,50.434869],[14.590559,50.434992],[14.589119,50.43475],[14.587993,50.434834],[14.587882,50.435359],[14.588412,50.435941],[14.589911,50.436778],[14.591308,50.438096],[14.592182,50.437926],[14.594146,50.436971],[14.595585,50.437685],[14.594746,50.438565],[14.594087,50.439461],[14.593456,50.439824],[14.593854,50.440158],[14.593632,50.440737],[14.593287,50.442367],[14.591966,50.442435],[14.590512,50.442255],[14.589207,50.441843],[14.588479,50.442197],[14.587519,50.443239],[14.586428,50.44309],[14.585242,50.442988],[14.58519,50.443637],[14.585066,50.444225],[14.586481,50.445054],[14.587629,50.445335],[14.589332,50.446553],[14.591539,50.445319],[14.592634,50.444579],[14.594182,50.444713],[14.595634,50.445373],[14.597014,50.445429],[14.598079,50.445231],[14.599,50.44531],[14.598937,50.446012],[14.598073,50.447072],[14.598761,50.447313],[14.599963,50.446936],[14.600814,50.446002],[14.601953,50.445855],[14.602918,50.447073],[14.604997,50.447316],[14.605709,50.448384],[14.606812,50.448007],[14.606503,50.446847],[14.60829,50.445449],[14.608928,50.443309],[14.609718,50.442661],[14.611319,50.442145],[14.611443,50.441557],[14.612041,50.440475],[14.613059,50.440027],[14.613252,50.43999],[14.615678,50.439128],[14.616951,50.438821],[14.617253,50.439137],[14.61714,50.439672],[14.616823,50.440769],[14.615678,50.442222],[14.616209,50.442803],[14.616025,50.443204],[14.614099,50.44351],[14.613901,50.443974],[14.614424,50.444191],[14.614363,50.445556],[14.618431,50.445734],[14.6197,50.446315],[14.619503,50.446779],[14.616424,50.447702],[14.617536,50.448151],[14.619365,50.448373],[14.619156,50.449361],[14.618026,50.449799],[14.616678,50.450463],[14.616819,50.451546],[14.619497,50.451713],[14.623939,50.452277],[14.624763,50.451876],[14.627487,50.449607],[14.629001,50.449501],[14.631135,50.450293],[14.631544,50.450981],[14.632961,50.451339],[14.634946,50.451628],[14.636726,50.45208],[14.638744,50.453088],[14.639857,50.454009],[14.640129,50.45582],[14.637437,50.456187],[14.635108,50.457057],[14.634935,50.457877],[14.63435,50.459369],[14.635173,50.459439],[14.637536,50.459289],[14.637703,50.459775],[14.636777,50.461065],[14.635586,50.462332],[14.634031,50.463505],[14.634394,50.463536],[14.635413,50.463152],[14.645962,50.46394],[14.646726,50.464296],[14.648464,50.465761],[14.647759,50.467215],[14.646746,50.466765],[14.646135,50.465887],[14.644625,50.465431],[14.643712,50.465852],[14.640094,50.465214],[14.637854,50.465258],[14.634436,50.465563],[14.632772,50.466372],[14.630836,50.468945],[14.630926,50.471148],[14.629967,50.471247],[14.628628,50.470116],[14.62794,50.468932],[14.6274,50.467516],[14.628034,50.466736],[14.62695,50.466552],[14.625494,50.467052],[14.624904,50.466348],[14.624611,50.465108],[14.624866,50.463905],[14.623895,50.464057],[14.62254,50.465428],[14.619428,50.465696],[14.61655,50.465393],[14.617021,50.465851],[14.619135,50.466206],[14.620192,50.466451],[14.620507,50.466777],[14.619816,50.466954],[14.618161,50.467047],[14.618015,50.46727],[14.61762,50.467391],[14.616383,50.467729],[14.61538,50.468504],[14.615863,50.468908],[14.615496,50.469975],[14.614252,50.47189],[14.613576,50.473138],[14.612116,50.472985],[14.610051,50.473071],[14.607192,50.47247],[14.607079,50.472134],[14.610677,50.469641],[14.610733,50.469174],[14.61067,50.468398],[14.611975,50.467939],[14.612105,50.467324],[14.61204,50.466756],[14.611403,50.466474],[14.610864,50.466337],[14.610854,50.465982],[14.612,50.4656],[14.612043,50.465196],[14.610446,50.465022],[14.60865,50.465112],[14.608589,50.465669],[14.608034,50.466274],[14.601843,50.467791],[14.600888,50.468543],[14.601335,50.469117],[14.602792,50.469687],[14.604513,50.469953],[14.604768,50.470964],[14.602951,50.472023],[14.602578,50.472916],[14.601595,50.473394],[14.599354,50.475786],[14.597915,50.477749],[14.597656,50.477899],[14.59699,50.477751],[14.596356,50.476988],[14.596227,50.476052],[14.595568,50.475405],[14.59519,50.475246],[14.594498,50.475222],[14.59414,50.475572],[14.593679,50.476204],[14.593617,50.476761],[14.59372,50.477015],[14.593498,50.477594],[14.593115,50.47806],[14.592512,50.478289],[14.592086,50.478216],[14.590897,50.477588],[14.590602,50.477172],[14.590406,50.476484],[14.589625,50.475745],[14.588688,50.476544],[14.587666,50.477944],[14.58809,50.478824],[14.587225,50.478749],[14.585627,50.478439],[14.584315,50.478525],[14.581221,50.478902],[14.58029,50.478332],[14.580163,50.478058],[14.580954,50.477545],[14.582231,50.477157],[14.582879,50.476986],[14.583196,50.476496],[14.582684,50.476298],[14.581947,50.476552],[14.581599,50.47712],[14.581005,50.477241],[14.580276,50.477659],[14.578337,50.477419],[14.578437,50.477954],[14.578098,50.478278],[14.577154,50.478306],[14.576453,50.478191],[14.575637,50.478084],[14.575151,50.478096],[14.573899,50.478233],[14.573509,50.478798],[14.573931,50.479687],[14.572516,50.479991],[14.572129,50.480139],[14.571801,50.480347],[14.571096,50.480249],[14.570626,50.479855],[14.571091,50.478734],[14.570993,50.478127],[14.569896,50.478068],[14.569014,50.478337],[14.568948,50.478648],[14.568307,50.479056],[14.567424,50.479333],[14.566484,50.479605],[14.564807,50.479669],[14.565372,50.479083],[14.564392,50.478009],[14.566029,50.477062],[14.564212,50.476515],[14.564152,50.476265],[14.564584,50.475767],[14.565295,50.475302],[14.565959,50.474516],[14.566694,50.47447],[14.566679,50.475277],[14.566908,50.476004],[14.567367,50.476189],[14.568023,50.476246],[14.568537,50.4759],[14.569132,50.475171],[14.569771,50.47558],[14.570769,50.476302],[14.571369,50.476354],[14.572662,50.476293],[14.573934,50.476258],[14.574494,50.476234],[14.575362,50.476028],[14.57662,50.475329],[14.575912,50.474243],[14.57574,50.473983],[14.574592,50.472895],[14.573505,50.472592],[14.572612,50.472578],[14.572013,50.472318],[14.57111,50.471886],[14.571105,50.471641],[14.571437,50.471352],[14.571619,50.471295],[14.572485,50.47137],[14.573596,50.471357],[14.573935,50.471032],[14.573157,50.470013],[14.571968,50.469384],[14.572541,50.468762],[14.573136,50.468568],[14.574622,50.468869],[14.575824,50.469436],[14.575879,50.470248],[14.575892,50.47092],[14.577085,50.471595],[14.578363,50.471805],[14.580145,50.471715],[14.581735,50.471253],[14.581824,50.470834],[14.581415,50.469946],[14.581955,50.469748],[14.580847,50.468137],[14.580704,50.467807],[14.580889,50.46747],[14.584131,50.467532],[14.587336,50.467564],[14.587357,50.466931],[14.58576,50.46662],[14.581614,50.466398],[14.578004,50.466195],[14.577246,50.465884],[14.577223,50.465456],[14.577704,50.464727],[14.578591,50.464767],[14.579917,50.465018],[14.581116,50.465058],[14.581433,50.464904],[14.583082,50.464166],[14.583542,50.462265],[14.584182,50.461794],[14.585651,50.461703],[14.588079,50.461178],[14.588658,50.461128],[14.589538,50.461268],[14.590699,50.460887],[14.592057,50.460986],[14.592526,50.460718],[14.592619,50.460545],[14.592463,50.460477],[14.592295,50.460462],[14.591425,50.460478],[14.590623,50.460372],[14.59027,50.459426],[14.590733,50.458513],[14.58964,50.458174],[14.588205,50.45844],[14.587349,50.458856],[14.586505,50.458148],[14.586958,50.457552],[14.586893,50.45712],[14.586021,50.457008],[14.585075,50.457317],[14.584436,50.45825],[14.584289,50.458945],[14.583187,50.459449],[14.582124,50.459502],[14.581684,50.458965],[14.581702,50.457878],[14.582066,50.457165],[14.583178,50.456345],[14.584085,50.455752],[14.585452,50.455272],[14.585417,50.454697],[14.584172,50.454272],[14.582559,50.45484],[14.581356,50.45636],[14.580437,50.457342],[14.579414,50.457744],[14.579162,50.458393],[14.580088,50.458718],[14.580305,50.459236],[14.578623,50.460397],[14.578316,50.461042],[14.577692,50.461904],[14.576817,50.462146],[14.575615,50.461579],[14.574608,50.461102],[14.57433,50.460869],[14.574665,50.460299],[14.575468,50.459661],[14.575552,50.458997],[14.57469,50.458641],[14.573711,50.458031],[14.572854,50.457113],[14.572426,50.45605],[14.572085,50.455313],[14.573062,50.454863],[14.573662,50.454379],[14.57281,50.454242],[14.570897,50.454884],[14.569863,50.454332],[14.569948,50.453396],[14.572131,50.452487],[14.572871,50.451879],[14.573729,50.450647],[14.573731,50.449096],[14.572272,50.448407],[14.571256,50.448038],[14.570331,50.447713],[14.570355,50.447062],[14.570452,50.446471],[14.570893,50.445802],[14.571847,50.445458],[14.573236,50.44507],[14.573725,50.444641],[14.573781,50.443775],[14.574165,50.443372],[14.574382,50.443019],[14.574726,50.442804],[14.575381,50.442326],[14.575075,50.442163],[14.573742,50.442755],[14.573106,50.442873],[14.571936,50.443161],[14.57101,50.443644],[14.570157,50.443779],[14.569212,50.443279],[14.568653,50.442768],[14.568722,50.442176],[14.569793,50.441815],[14.570659,50.441146],[14.571929,50.440584],[14.573623,50.440168],[14.573152,50.438504],[14.573404,50.437854],[14.573641,50.437203],[14.575011,50.437041],[14.576944,50.434423],[14.577281,50.432029],[14.577785,50.429923],[14.577366,50.429288],[14.576251,50.429119],[14.57526,50.429106],[14.57423,50.429543],[14.572637,50.430221],[14.571967,50.430299],[14.571474,50.430012],[14.57184,50.429091],[14.571142,50.428432],[14.571416,50.42821],[14.571146,50.427942],[14.571698,50.427418],[14.572077,50.42717],[14.572273,50.427051],[14.572802,50.427169],[14.574233,50.427184],[14.57386,50.426798],[14.573087,50.426559],[14.573156,50.425966],[14.573575,50.425331],[14.573758,50.424467],[14.573445,50.423868],[14.571973,50.424112],[14.57086,50.42427],[14.568907,50.424908],[14.56745,50.424746],[14.566812,50.424409],[14.566418,50.423922],[14.5665,50.423539],[14.567227,50.423456],[14.567916,50.423625],[14.569009,50.423157],[14.570105,50.422408],[14.571003,50.42206],[14.572239,50.421922],[14.572068,50.421725],[14.570965,50.421703],[14.569404,50.421495],[14.567823,50.421049],[14.568157,50.42048],[14.569779,50.42013],[14.570684,50.419746],[14.572466,50.419446],[14.573766,50.419278],[14.573121,50.418904],[14.571783,50.418716],[14.571328,50.41825],[14.572283,50.417698],[14.574287,50.416819],[14.575537,50.416147],[14.576446,50.414674],[14.575498,50.413186],[14.571822,50.413112],[14.570383,50.412598],[14.568827,50.4119],[14.567648,50.412506],[14.566552,50.413255],[14.566581,50.413856],[14.56579,50.413969],[14.564982,50.413364],[14.564097,50.412579],[14.563152,50.412887],[14.562602,50.413402],[14.56274,50.414022],[14.563682,50.415338],[14.56369,50.416037],[14.563196,50.417092],[14.562331,50.417824],[14.561881,50.417332],[14.561396,50.416473],[14.560334,50.416526],[14.558914,50.418063],[14.558437,50.418975],[14.558076,50.418871],[14.556827,50.418264],[14.555483,50.418573],[14.55531,50.418386],[14.556556,50.417469],[14.557434,50.416946],[14.560298,50.412821],[14.560114,50.412415],[14.559293,50.41287],[14.558037,50.414104],[14.556727,50.414589],[14.555375,50.414472],[14.554417,50.414035],[14.554296,50.413535],[14.55497,50.413239],[14.555903,50.412722],[14.555909,50.41216],[14.555798,50.41088],[14.557121,50.40986],[14.558482,50.409135],[14.559507,50.408725],[14.561774,50.409211],[14.562667,50.409216],[14.564533,50.408988],[14.566579,50.408712],[14.568227,50.408174],[14.568895,50.407633],[14.568889,50.406925],[14.567803,50.406023],[14.566458,50.405871],[14.5655,50.406241],[14.564384,50.406816],[14.562928,50.406653],[14.562304,50.406245],[14.562667,50.405542],[14.563917,50.40487],[14.564648,50.404298],[14.564159,50.40373],[14.562893,50.403475],[14.562166,50.402749],[14.56118,50.402446],[14.559763,50.403103],[14.558883,50.403907],[14.558479,50.404471],[14.557858,50.404589],[14.557669,50.403874],[14.557816,50.40318],[14.559042,50.402088],[14.559979,50.401888],[14.56059,50.401551],[14.560686,50.401097],[14.560007,50.400684],[14.558122,50.400738],[14.557288,50.400521],[14.556798,50.399952],[14.556329,50.399557],[14.555724,50.399333],[14.554453,50.400102],[14.553309,50.400811],[14.553086,50.400791],[14.553023,50.399552],[14.554799,50.398472],[14.555237,50.397948],[14.555481,50.397334],[14.554658,50.396799],[14.553444,50.396767],[14.551705,50.396933],[14.551571,50.396495],[14.551261,50.395416],[14.550497,50.394805],[14.548552,50.394137],[14.545811,50.393545],[14.543354,50.393286],[14.542307,50.392805],[14.5421,50.391907],[14.542856,50.390957],[14.542073,50.390499],[14.541383,50.389876],[14.541315,50.389126],[14.541196,50.388417],[14.540736,50.388513],[14.538894,50.389097],[14.538678,50.38985],[14.537752,50.390332],[14.536951,50.390761],[14.53615,50.391925],[14.535564,50.392609],[14.535495,50.393202],[14.53614,50.394038],[14.535938,50.39472],[14.535169,50.394934],[14.534798,50.394874],[14.533393,50.394008],[14.53331,50.39333],[14.534216,50.392673],[14.53475,50.391767],[14.534824,50.39142],[14.534868,50.39068],[14.535226,50.389794],[14.535471,50.389643],[14.536521,50.389381],[14.537286,50.388921],[14.53749,50.388694],[14.53782,50.387942],[14.538601,50.387874],[14.539242,50.387195]]]}},{"type":"Feature","properties":{"id":"1810","name":"Bučiny u Rakous","geometry_kind":"plocha","technicke_prvky":"","jevy":"selektivní eroze, skalní stěna, charakteristická hornina","hornina":"pískovec","stupen_ochrany":"Přírodní rezervace (PR) v CHKO","url":"https://lokality.geology.cz/1810"},"geometry":{"type":"Polygon","coordinates":[[[15.191261,50.608755],[15.19211,50.609349],[15.19352,50.610061],[15.194323,50.610389],[15.194714,50.611073],[15.19568,50.612084],[15.196586,50.61204],[15.196678,50.612718],[15.197126,50.613687],[15.197382,50.614469],[15.198423,50.614535],[15.198456,50.615371],[15.198631,50.615993],[15.199131,50.616124],[15.198906,50.617039],[15.19959,50.617964],[15.200767,50.618847],[15.201766,50.619336],[15.201224,50.619627],[15.200771,50.619754],[15.199797,50.620137],[15.198486,50.619714],[15.197571,50.619233],[15.1962,50.619249],[15.194752,50.620083],[15.193633,50.620618],[15.192492,50.620843],[15.191416,50.621164],[15.190678,50.621439],[15.190342,50.621267],[15.186271,50.621608],[15.182518,50.621712],[15.18223,50.620946],[15.182608,50.620904],[15.186598,50.621109],[15.187608,50.621191],[15.190436,50.620794],[15.19082,50.620372],[15.191905,50.619645],[15.193796,50.618094],[15.194352,50.617948],[15.195306,50.618307],[15.196213,50.6179],[15.196686,50.617602],[15.19649,50.616726],[15.196669,50.616188],[15.196169,50.615839],[15.195624,50.614789],[15.195823,50.613437],[15.195366,50.612512],[15.194602,50.611417],[15.194145,50.610855],[15.193374,50.610221],[15.190999,50.608924],[15.191261,50.608755]]]}},{"type":"Feature","properties":{"id":"2856","name":"Jedlový důl","geometry_kind":"plocha","technicke_prvky":"","jevy":"vodopád, výchoz","hornina":"granit (žula)","stupen_ochrany":"Přírodní rezervace (PR) v CHKO","url":"https://lokality.geology.cz/2856"},"geometry":{"type":"Polygon","coordinates":[[[15.242371,50.787283],[15.243046,50.787555],[15.243307,50.787748],[15.242304,50.788764],[15.242036,50.79011],[15.242912,50.790661],[15.244234,50.791057],[15.244675,50.79207],[15.245523,50.793126],[15.245983,50.794259],[15.245905,50.795938],[15.245905,50.797659],[15.245183,50.798054],[15.244381,50.797918],[15.244311,50.796906],[15.243947,50.795509],[15.244513,50.794603],[15.244032,50.79336],[15.24352,50.792703],[15.242067,50.791889],[15.240961,50.791129],[15.240398,50.790006],[15.240457,50.789141],[15.241099,50.788214],[15.242151,50.787456],[15.242371,50.787283]]]}},{"type":"Feature","properties":{"id":"39","name":"Peklo - údolí Ploučnice","geometry_kind":"plocha","technicke_prvky":"","jevy":"inkrustace, meandry, jeskyně pseudokrasová, skalní defilé, skalní hřib, skalní komín, skalní okno, skalní převis , skalní stěna, skalní strž (rokle), skalní věž, škrapy, údolní niva, voštiny, vrstva, litologické rozhraní, kaňon","hornina":"pískovec","stupen_ochrany":"Národní přírodní památka (NPP)","url":"https://lokality.geology.cz/39"},"geometry":{"type":"Polygon","coordinates":[[[14.51332,50.640731],[14.514298,50.641161],[14.514482,50.641431],[14.514326,50.641626],[14.513537,50.642047],[14.513514,50.642154],[14.513779,50.642313],[14.513774,50.642404],[14.512882,50.642508],[14.512208,50.642721],[14.510973,50.643757],[14.510667,50.643785],[14.510264,50.644467],[14.51051,50.644652],[14.510526,50.644907],[14.510947,50.645143],[14.510902,50.645285],[14.511077,50.645536],[14.511359,50.645615],[14.511551,50.646185],[14.512025,50.647033],[14.512666,50.647506],[14.513032,50.647665],[14.513908,50.648503],[14.514222,50.649301],[14.514437,50.649429],[14.51529,50.648913],[14.515486,50.64913],[14.515149,50.649636],[14.514954,50.649682],[14.514984,50.649739],[14.515545,50.649852],[14.51622,50.649701],[14.51625,50.649758],[14.51643,50.649719],[14.516401,50.649654],[14.516597,50.649607],[14.516851,50.649221],[14.517978,50.648556],[14.518461,50.648897],[14.518393,50.649082],[14.517882,50.649537],[14.51659,50.650368],[14.515431,50.650785],[14.515044,50.65272],[14.514864,50.653095],[14.51491,50.654079],[14.514843,50.654327],[14.514536,50.654627],[14.513736,50.655093],[14.51338,50.655425],[14.511091,50.656778],[14.51066,50.656995],[14.509691,50.65712],[14.509011,50.657496],[14.509014,50.657678],[14.508551,50.658173],[14.508425,50.658498],[14.5081,50.658814],[14.507356,50.659222],[14.506418,50.659403],[14.505642,50.659091],[14.504721,50.659193],[14.504458,50.659424],[14.504294,50.660517],[14.503368,50.660709],[14.503003,50.661013],[14.502907,50.661195],[14.502356,50.661501],[14.502197,50.662576],[14.502389,50.66281],[14.502597,50.662837],[14.503078,50.662725],[14.503953,50.662374],[14.50453,50.662479],[14.504281,50.662639],[14.503828,50.663289],[14.504587,50.66321],[14.505831,50.6628],[14.505734,50.663118],[14.504927,50.663556],[14.504612,50.663892],[14.503939,50.663834],[14.502692,50.663526],[14.501863,50.663998],[14.499987,50.664425],[14.499842,50.664168],[14.499994,50.663591],[14.500417,50.663283],[14.501019,50.66241],[14.499923,50.662261],[14.49768,50.662138],[14.49715,50.661947],[14.497213,50.661853],[14.498032,50.661561],[14.498145,50.661634],[14.49794,50.661789],[14.498376,50.661954],[14.499079,50.66187],[14.499467,50.661858],[14.49975,50.661937],[14.500218,50.661887],[14.50039,50.661748],[14.500499,50.661176],[14.50087,50.66071],[14.501915,50.659966],[14.502107,50.659737],[14.502532,50.659683],[14.50285,50.659067],[14.502732,50.658685],[14.503505,50.658343],[14.503934,50.658272],[14.503722,50.658063],[14.504344,50.658089],[14.504721,50.657932],[14.505229,50.657894],[14.505826,50.658036],[14.506515,50.657688],[14.506902,50.657014],[14.507913,50.656494],[14.507803,50.656339],[14.509753,50.655501],[14.511126,50.654685],[14.511674,50.654461],[14.512365,50.653768],[14.512086,50.653208],[14.511858,50.653206],[14.511593,50.652975],[14.511586,50.652675],[14.511221,50.65238],[14.511184,50.652087],[14.510931,50.651802],[14.510402,50.651674],[14.509826,50.651833],[14.509553,50.65151],[14.509804,50.651404],[14.509728,50.651225],[14.509909,50.651178],[14.510546,50.651269],[14.510897,50.651163],[14.511334,50.651256],[14.511749,50.651119],[14.511959,50.650602],[14.511524,50.649639],[14.511143,50.649552],[14.511114,50.649486],[14.51128,50.649446],[14.511333,50.649196],[14.511278,50.648919],[14.510986,50.648685],[14.511097,50.648368],[14.511009,50.648179],[14.510779,50.648186],[14.509462,50.646875],[14.509321,50.646536],[14.508379,50.645138],[14.508023,50.645135],[14.507293,50.64528],[14.506925,50.645067],[14.507324,50.644738],[14.50769,50.644625],[14.508084,50.64465],[14.5082,50.644579],[14.508239,50.644264],[14.508479,50.643741],[14.509281,50.643729],[14.509501,50.643503],[14.509726,50.64345],[14.509797,50.64332],[14.509913,50.643375],[14.510034,50.643277],[14.510619,50.642611],[14.510679,50.641999],[14.510907,50.641801],[14.511169,50.641778],[14.511342,50.642102],[14.511851,50.642255],[14.512063,50.642201],[14.512154,50.641909],[14.511894,50.641923],[14.511672,50.641695],[14.511924,50.641118],[14.512202,50.640888],[14.51332,50.640731]]]}},{"type":"Feature","properties":{"id":"276","name":"Kracíkův lom (Doubravice)","geometry_kind":"plocha","technicke_prvky":"lom","jevy":"lávový proud, skalní ohlaz, zvrstvení, charakteristická hornina","hornina":"melafyr, jílovec (lupek), prachovec (siltovec)","stupen_ochrany":"Geologické lokality doporučené k ochraně","url":"https://lokality.geology.cz/276"},"geometry":{"type":"Polygon","coordinates":[[[15.368747,50.493736],[15.368315,50.494345],[15.36758,50.494839],[15.367088,50.495171],[15.366527,50.495571],[15.36612,50.495765],[15.36582,50.495705],[15.365652,50.495474],[15.365545,50.495221],[15.365389,50.495],[15.365006,50.494852],[15.364356,50.494619],[15.364265,50.494503],[15.364387,50.494313],[15.364485,50.494249],[15.364562,50.494218],[15.364821,50.49442],[15.365087,50.494441],[15.365363,50.494481],[15.365471,50.494363],[15.365541,50.494151],[15.365581,50.494091],[15.365926,50.494146],[15.366052,50.494228],[15.36628,50.494147],[15.366474,50.493591],[15.36648,50.493565],[15.36632,50.493507],[15.365938,50.493503],[15.365735,50.493524],[15.365824,50.493431],[15.366034,50.493303],[15.366497,50.493041],[15.366852,50.492897],[15.367026,50.492947],[15.367217,50.493062],[15.367448,50.493116],[15.367699,50.493136],[15.367848,50.493103],[15.368252,50.492782],[15.368281,50.492775],[15.368747,50.493736]]]}},{"type":"Feature","properties":{"id":"559","name":"Smrčí u Semil","geometry_kind":"plocha","technicke_prvky":"lom","jevy":"kamenné varhany (sloupcovitá odlučnost), lávový proud, minerál","hornina":"bazanit","stupen_ochrany":"Geologické lokality doporučené k ochraně","url":"https://lokality.geology.cz/559"},"geometry":{"type":"Polygon","coordinates":[[[15.268947,50.623583],[15.269891,50.623994],[15.271014,50.624365],[15.271908,50.624455],[15.272991,50.624016],[15.273255,50.623548],[15.274262,50.623212],[15.275462,50.623118],[15.27646,50.622681],[15.277788,50.622235],[15.278971,50.622085],[15.279428,50.622222],[15.279529,50.622791],[15.278323,50.623202],[15.276791,50.62346],[15.275952,50.624027],[15.27556,50.624784],[15.275021,50.625203],[15.27443,50.625382],[15.273463,50.625087],[15.272727,50.625136],[15.271405,50.625484],[15.270526,50.625603],[15.269976,50.625287],[15.269428,50.62518],[15.268531,50.624102],[15.268947,50.623583]]]}},{"type":"Feature","properties":{"id":"1665","name":"Terasy Ještědu","geometry_kind":"plocha","technicke_prvky":"","jevy":"skála, suť, mrazový srub, skalní zeď","hornina":"kvarcit, fylit","stupen_ochrany":"Přírodní památka (PP)","url":"https://lokality.geology.cz/1665"},"geometry":{"type":"Polygon","coordinates":[[[14.986246,50.730679],[14.986237,50.730724],[14.986687,50.730688],[14.987921,50.730237],[14.988016,50.73068],[14.988397,50.731192],[14.988334,50.731712],[14.98817,50.732515],[14.988197,50.734194],[14.988125,50.735104],[14.988259,50.735568],[14.988424,50.736089],[14.988819,50.736738],[14.988741,50.737121],[14.987377,50.737154],[14.986678,50.737432],[14.98553,50.738225],[14.984123,50.738608],[14.982587,50.73927],[14.980045,50.739686],[14.979,50.740397],[14.978412,50.742361],[14.97852,50.743086],[14.975486,50.741857],[14.97519,50.741978],[14.97485,50.742521],[14.974084,50.740753],[14.973396,50.740415],[14.973193,50.739383],[14.973951,50.738612],[14.973772,50.737328],[14.973368,50.73686],[14.974235,50.736668],[14.97514,50.736716],[14.9754,50.736212],[14.972825,50.734558],[14.972249,50.733676],[14.973235,50.731999],[14.974231,50.731392],[14.976725,50.730302],[14.977514,50.72917],[14.980094,50.72787],[14.980678,50.727945],[14.984014,50.729371],[14.985251,50.729609],[14.986246,50.730679]]]}},{"type":"Feature","properties":{"id":"42","name":"Kamenný vrch u Křenova","geometry_kind":"plocha","technicke_prvky":"","jevy":"inkrustace, viklan","hornina":"pískovec","stupen_ochrany":"Přírodní památka (PP) v CHKO","url":"https://lokality.geology.cz/42"},"geometry":{"type":"Polygon","coordinates":[[[14.57272,50.522141],[14.571998,50.521987],[14.572008,50.521743],[14.572491,50.521812],[14.573175,50.521608],[14.573647,50.521531],[14.573671,50.521751],[14.573244,50.52195],[14.572724,50.522123],[14.57272,50.522141]]]}},{"type":"Feature","properties":{"id":"871","name":"Panská skála","geometry_kind":"plocha","technicke_prvky":"lom","jevy":"kamenné varhany (sloupcovitá odlučnost), láva","hornina":"bazaltoid","stupen_ochrany":"Národní přírodní památka (NPP) v CHKO","url":"https://lokality.geology.cz/871"},"geometry":{"type":"Polygon","coordinates":[[[14.485259,50.770073],[14.485229,50.770079],[14.484069,50.769752],[14.484306,50.769582],[14.483146,50.768855],[14.485188,50.768742],[14.485603,50.769404],[14.485259,50.770073]]]}},{"type":"Feature","properties":{"id":"43","name":"Ralsko","geometry_kind":"plocha","technicke_prvky":"","jevy":"suťové pole, žíla (magmatická)","hornina":"trachyt, nefelinit","stupen_ochrany":"Přírodní rezervace (PR)","url":"https://lokality.geology.cz/43"},"geometry":{"type":"Polygon","coordinates":[[[14.761533,50.672595],[14.762067,50.672359],[14.762776,50.672111],[14.763864,50.672094],[14.764634,50.672096],[14.765814,50.671914],[14.767034,50.671809],[14.767792,50.671873],[14.769158,50.672369],[14.770248,50.673159],[14.770554,50.674563],[14.770577,50.676025],[14.770175,50.676925],[14.76924,50.677436],[14.767395,50.677389],[14.765851,50.677467],[14.764555,50.677457],[14.763728,50.677179],[14.762923,50.676594],[14.762629,50.676225],[14.761777,50.675318],[14.761435,50.674836],[14.76164,50.674128],[14.761495,50.673526],[14.761441,50.673032],[14.761533,50.672595]]]}},{"type":"Feature","properties":{"id":"867","name":"Velký a Malý Bezděz","geometry_kind":"plocha","technicke_prvky":"","jevy":"intruze, selektivní eroze","hornina":"trachyt","stupen_ochrany":"Přírodní rezervace (PR)","url":"https://lokality.geology.cz/867"},"geometry":{"type":"Polygon","coordinates":[[[14.716715,50.537283],[14.718076,50.537036],[14.719324,50.536988],[14.720838,50.537371],[14.721716,50.537936],[14.722133,50.538189],[14.722605,50.538311],[14.723028,50.539009],[14.723793,50.539708],[14.72395,50.540384],[14.72368,50.541195],[14.723266,50.541405],[14.722269,50.541683],[14.720227,50.541237],[14.718738,50.540739],[14.717934,50.539954],[14.717506,50.539555],[14.716296,50.539624],[14.71626,50.540337],[14.715781,50.541739],[14.71425,50.542388],[14.712569,50.542327],[14.711523,50.541957],[14.71034,50.54142],[14.709493,50.540505],[14.709552,50.539476],[14.710167,50.538376],[14.711381,50.538017],[14.713375,50.537806],[14.71407,50.53802],[14.71499,50.538179],[14.715971,50.537846],[14.715989,50.537829],[14.716715,50.537283]]]}},{"type":"Feature","properties":{"id":"529","name":"Křižany - Solvayův lom","geometry_kind":"plocha","technicke_prvky":"lom","jevy":"zkameněliny - fauna, vrása, jeskyně krasová","hornina":"vápenec","stupen_ochrany":"Zajímavé geologické lokality registrované v ČGS","url":"https://lokality.geology.cz/529"},"geometry":{"type":"Polygon","coordinates":[[[14.916935,50.755188],[14.916617,50.755687],[14.915432,50.756169],[14.914329,50.756386],[14.914097,50.756058],[14.913992,50.755596],[14.914647,50.755125],[14.915335,50.755182],[14.916426,50.755019],[14.916724,50.755098],[14.916935,50.755188]]]}},{"type":"Feature","properties":{"id":"4106","name":"Kozinec","geometry_kind":"plocha","technicke_prvky":"","jevy":"skalní zeď, skalní věž, skalní hřib","hornina":"křemenec","stupen_ochrany":"Geologické lokality doporučené k ochraně","url":"https://lokality.geology.cz/4106"},"geometry":{"type":"Polygon","coordinates":[[[15.27744,50.644133],[15.277449,50.644233],[15.277272,50.644264],[15.275715,50.643995],[15.275165,50.643824],[15.272835,50.643356],[15.27243,50.643315],[15.272149,50.643437],[15.271579,50.643727],[15.271897,50.643127],[15.272525,50.643051],[15.274506,50.643409],[15.275712,50.643723],[15.276524,50.643797],[15.27744,50.644133]]]}}]}