{"type":"FeatureCollection","features":[{"type":"Feature","properties":{"id_dd":"5958","name":"Šurf č.34","type":"Šachtice","kategorie":"Opuštěné důlní dílo","surovina":"Radioaktivní suroviny","rok_ukonceni_provozu":"po r. 1945","hloubka_delka":"27.00000000","osm_proposal":"man_made=mineshaft","osm_mining_feature_within_50m":false},"geometry":{"type":"Point","coordinates":[14.067575,49.684591]}},{"type":"Feature","properties":{"id_dd":"5941","name":"Jáma č.11","type":"Jáma","kategorie":"Opuštěné důlní dílo","surovina":"Radioaktivní suroviny","rok_ukonceni_provozu":"po r. 1945","hloubka_delka":"563.90000000","osm_proposal":"man_made=mineshaft","osm_mining_feature_within_50m":false},"geometry":{"type":"Point","coordinates":[14.068472,49.685034]}},{"type":"Feature","properties":{"id_dd":"5942","name":"Jáma č.17","type":"Jáma","kategorie":"Opuštěné důlní dílo","surovina":"Radioaktivní suroviny","rok_ukonceni_provozu":"po r. 1945","hloubka_delka":"820.30000000","osm_proposal":"man_made=mineshaft","osm_mining_feature_within_50m":true},"geometry":{"type":"Point","coordinates":[14.080171,49.691726]}},{"type":"Feature","properties":{"id_dd":"5859","name":"Šurf č.18","type":"Šachtice","kategorie":"Opuštěné důlní dílo","surovina":"Radioaktivní suroviny","rok_ukonceni_provozu":"po r. 1945","hloubka_delka":"30.00000000","osm_proposal":"man_made=mineshaft","osm_mining_feature_within_50m":false},"geometry":{"type":"Point","coordinates":[14.015485,49.669928]}},{"type":"Feature","properties":{"id_dd":"5943","name":"Jáma č.22","type":"Jáma","kategorie":"Opuštěné důlní dílo","surovina":"Radioaktivní suroviny","rok_ukonceni_provozu":"po r. 1945","hloubka_delka":"396.20000000","osm_proposal":"man_made=mineshaft","osm_mining_feature_within_50m":false},"geometry":{"type":"Point","coordinates":[14.091972,49.703767]}},{"type":"Feature","properties":{"id_dd":"5946","name":"Jáma č.10","type":"Jáma","kategorie":"Opuštěné důlní dílo","surovina":"Radioaktivní suroviny","rok_ukonceni_provozu":"po r. 1945","hloubka_delka":"744.50000000","osm_proposal":"man_made=mineshaft","osm_mining_feature_within_50m":false},"geometry":{"type":"Point","coordinates":[14.06133,49.683884]}},{"type":"Feature","properties":{"id_dd":"5947","name":"Štola č.1","type":"Štola","kategorie":"Opuštěné důlní dílo","surovina":"Radioaktivní suroviny","rok_ukonceni_provozu":"po r. 1945","hloubka_delka":"300.00000000","osm_proposal":"man_made=adit","osm_mining_feature_within_50m":false},"geometry":{"type":"Point","coordinates":[14.062145,49.682481]}},{"type":"Feature","properties":{"id_dd":"5957","name":"Šurf č.25","type":"Šachtice","kategorie":"Opuštěné důlní dílo","surovina":"Radioaktivní suroviny","rok_ukonceni_provozu":"po r. 1945","hloubka_delka":"25.00000000","osm_proposal":"man_made=mineshaft","osm_mining_feature_within_50m":false},"geometry":{"type":"Point","coordinates":[14.0616,49.683112]}},{"type":"Feature","properties":{"id_dd":"5851","name":"Jáma č.5","type":"Jáma","kategorie":"Opuštěné důlní dílo","surovina":"Radioaktivní suroviny","rok_ukonceni_provozu":"po r. 1945","hloubka_delka":"479.70000000","osm_proposal":"man_made=mineshaft","osm_mining_feature_within_50m":false},"geometry":{"type":"Point","coordinates":[14.018153,49.663286]}},{"type":"Feature","properties":{"id_dd":"5948","name":"Štola č.63","type":"Štola","kategorie":"Opuštěné důlní dílo","surovina":"Radioaktivní suroviny","rok_ukonceni_provozu":"po r. 1945","hloubka_delka":"248.00000000","osm_proposal":"man_made=adit","osm_mining_feature_within_50m":false},"geometry":{"type":"Point","coordinates":[14.06115,49.681018]}},{"type":"Feature","properties":{"id_dd":"5952","name":"Šurf č.32","type":"Šachtice","kategorie":"Opuštěné důlní dílo","surovina":"Radioaktivní suroviny","rok_ukonceni_provozu":"po r. 1945","hloubka_delka":null,"osm_proposal":"man_made=mineshaft","osm_mining_feature_within_50m":false},"geometry":{"type":"Point","coordinates":[14.065309,49.684009]}},{"type":"Feature","properties":{"id_dd":"5954","name":"Šurf č.31","type":"Šachtice","kategorie":"Opuštěné důlní dílo","surovina":"Radioaktivní suroviny","rok_ukonceni_provozu":"po r. 1945","hloubka_delka":"24.00000000","osm_proposal":"man_made=mineshaft","osm_mining_feature_within_50m":false},"geometry":{"type":"Point","coordinates":[14.069173,49.68324]}},{"type":"Feature","properties":{"id_dd":"5862","name":"Šurf č.16","type":"Šachtice","kategorie":"Opuštěné důlní dílo","surovina":"Radioaktivní suroviny","rok_ukonceni_provozu":"po r. 1945","hloubka_delka":"30.00000000","osm_proposal":"man_made=mineshaft","osm_mining_feature_within_50m":false},"geometry":{"type":"Point","coordinates":[14.003403,49.656188]}},{"type":"Feature","properties":{"id_dd":"5864","name":"Šurf č.15","type":"Šachtice","kategorie":"Opuštěné důlní dílo","surovina":"Radioaktivní suroviny","rok_ukonceni_provozu":"po r. 1945","hloubka_delka":"30.00000000","osm_proposal":"man_made=mineshaft","osm_mining_feature_within_50m":false},"geometry":{"type":"Point","coordinates":[14.00605,49.661439]}},{"type":"Feature","properties":{"id_dd":"5865","name":"Šurf KV6-20/0","type":"Šachtice","kategorie":"Opuštěné důlní dílo","surovina":"Radioaktivní suroviny","rok_ukonceni_provozu":"po r. 1945","hloubka_delka":"901.40000000","osm_proposal":"man_made=mineshaft","osm_mining_feature_within_50m":false},"geometry":{"type":"Point","coordinates":[14.026415,49.663767]}},{"type":"Feature","properties":{"id_dd":"16072","name":"komín Haťský 1","type":"Jáma","kategorie":"Neurčeno","surovina":"Polymetalické rudy","rok_ukonceni_provozu":"před r. 1945","hloubka_delka":"100.00000000","osm_proposal":"man_made=mineshaft","osm_mining_feature_within_50m":false},"geometry":{"type":"Point","coordinates":[14.016203,49.677652]}},{"type":"Feature","properties":{"id_dd":"16073","name":"komín Haťský 2","type":"Jáma","kategorie":"Neurčeno","surovina":"Polymetalické rudy","rok_ukonceni_provozu":"před r. 1945","hloubka_delka":"100.00000000","osm_proposal":"man_made=mineshaft","osm_mining_feature_within_50m":false},"geometry":{"type":"Point","coordinates":[14.017224,49.676448]}},{"type":"Feature","properties":{"id_dd":"5868","name":"Šurf č.9","type":"Šachtice","kategorie":"Opuštěné důlní dílo","surovina":"Radioaktivní suroviny","rok_ukonceni_provozu":"po r. 1945","hloubka_delka":"25.00000000","osm_proposal":"man_made=mineshaft","osm_mining_feature_within_50m":false},"geometry":{"type":"Point","coordinates":[14.007066,49.669582]}},{"type":"Feature","properties":{"id_dd":"16172","name":"Štola Bohutínská","type":"Štola","kategorie":"Opuštěné důlní dílo","surovina":"Polymetalické rudy","rok_ukonceni_provozu":"neznámé","hloubka_delka":null,"osm_proposal":"man_made=adit","osm_mining_feature_within_50m":true},"geometry":{"type":"Point","coordinates":[13.950436,49.65869]}},{"type":"Feature","properties":{"id_dd":"16171","name":"Jáma Bambasova","type":"Jáma","kategorie":"Opuštěné důlní dílo","surovina":"Polymetalické rudy","rok_ukonceni_provozu":"neznámé","hloubka_delka":"32.00000000","osm_proposal":"man_made=mineshaft","osm_mining_feature_within_50m":false},"geometry":{"type":"Point","coordinates":[13.952067,49.659522]}},{"type":"Feature","properties":{"id_dd":"16174","name":"Štola František","type":"Štola","kategorie":"Opuštěné důlní dílo","surovina":"Polymetalické rudy","rok_ukonceni_provozu":"neznámé","hloubka_delka":"600.00000000","osm_proposal":"man_made=adit","osm_mining_feature_within_50m":false},"geometry":{"type":"Point","coordinates":[13.95651,49.66189]}},{"type":"Feature","properties":{"id_dd":"16154","name":"Štola Květná","type":"Štola","kategorie":"Opuštěné důlní dílo","surovina":"Polymetalické rudy","rok_ukonceni_provozu":null,"hloubka_delka":"714.50000000","osm_proposal":"man_made=adit","osm_mining_feature_within_50m":false},"geometry":{"type":"Point","coordinates":[14.016347,49.708158]}},{"type":"Feature","properties":{"id_dd":"16155","name":"jáma Květná","type":"Jáma","kategorie":"Neurčeno","surovina":"Polymetalické rudy","rok_ukonceni_provozu":"do 19. století","hloubka_delka":"278.00000000","osm_proposal":"man_made=mineshaft","osm_mining_feature_within_50m":false},"geometry":{"type":"Point","coordinates":[14.023617,49.7039]}},{"type":"Feature","properties":{"id_dd":"13647","name":"šachta Litavka","type":"Jáma","kategorie":"Neurčeno","surovina":"Železné rudy","rok_ukonceni_provozu":"do 19. století","hloubka_delka":null,"osm_proposal":"man_made=mineshaft","osm_mining_feature_within_50m":false},"geometry":{"type":"Point","coordinates":[13.952986,49.661306]}},{"type":"Feature","properties":{"id_dd":"16158","name":"štola Bedřich","type":"Štola","kategorie":"Neurčeno","surovina":"Železné rudy","rok_ukonceni_provozu":"neznámé","hloubka_delka":null,"osm_proposal":"man_made=adit","osm_mining_feature_within_50m":false},"geometry":{"type":"Point","coordinates":[13.987323,49.643418]}},{"type":"Feature","properties":{"id_dd":"16086","name":"Štola Mariánská","type":"Štola","kategorie":"Opuštěné důlní dílo","surovina":"Polymetalické rudy","rok_ukonceni_provozu":"po r. 1945","hloubka_delka":"532.60000000","osm_proposal":"man_made=adit","osm_mining_feature_within_50m":true},"geometry":{"type":"Point","coordinates":[13.991024,49.685517]}},{"type":"Feature","properties":{"id_dd":"16070","name":"jáma Fürstenbergsko - Mansfeldská kutací A","type":"Jáma","kategorie":"Neurčeno","surovina":"Polymetalické rudy","rok_ukonceni_provozu":"před r. 1945","hloubka_delka":"100.00000000","osm_proposal":"man_made=mineshaft","osm_mining_feature_within_50m":false},"geometry":{"type":"Point","coordinates":[14.011483,49.675188]}},{"type":"Feature","properties":{"id_dd":"16107","name":"Jáma Vojtěch (Adalbert)","type":"Jáma","kategorie":"Opuštěné důlní dílo","surovina":"Polymetalické rudy","rok_ukonceni_provozu":null,"hloubka_delka":"1269.90000000","osm_proposal":"man_made=mineshaft","osm_mining_feature_within_50m":false},"geometry":{"type":"Point","coordinates":[13.991274,49.685983]}},{"type":"Feature","properties":{"id_dd":"16108","name":"Štola Wolfgang","type":"Štola","kategorie":"Opuštěné důlní dílo","surovina":"Polymetalické rudy","rok_ukonceni_provozu":"neznámé","hloubka_delka":"1092.60000000","osm_proposal":"man_made=adit","osm_mining_feature_within_50m":false},"geometry":{"type":"Point","coordinates":[13.981938,49.680253]}},{"type":"Feature","properties":{"id_dd":"16202","name":"štola Václav","type":"Štola","kategorie":"Neurčeno","surovina":"Polymetalické rudy","rok_ukonceni_provozu":"před r. 1945","hloubka_delka":"100.00000000","osm_proposal":"man_made=adit","osm_mining_feature_within_50m":false},"geometry":{"type":"Point","coordinates":[13.992159,49.659456]}},{"type":"Feature","properties":{"id_dd":"16203","name":"jáma Wilhelmina","type":"Jáma","kategorie":"Neurčeno","surovina":"Polymetalické rudy","rok_ukonceni_provozu":"před r. 1945","hloubka_delka":"100.00000000","osm_proposal":"man_made=mineshaft","osm_mining_feature_within_50m":false},"geometry":{"type":"Point","coordinates":[13.989459,49.658759]}},{"type":"Feature","properties":{"id_dd":"16109","name":"jáma Antonie","type":"Jáma","kategorie":"Neurčeno","surovina":"Polymetalické rudy","rok_ukonceni_provozu":"před r. 1945","hloubka_delka":"100.00000000","osm_proposal":"man_made=mineshaft","osm_mining_feature_within_50m":false},"geometry":{"type":"Point","coordinates":[14.020565,49.691582]}},{"type":"Feature","properties":{"id_dd":"16087","name":"Jáma Marie","type":"Jáma","kategorie":"Opuštěné důlní dílo","surovina":"Polymetalické rudy","rok_ukonceni_provozu":null,"hloubka_delka":"1165.00000000","osm_proposal":"man_made=mineshaft","osm_mining_feature_within_50m":true},"geometry":{"type":"Point","coordinates":[13.990378,49.680969]}},{"type":"Feature","properties":{"id_dd":"16088","name":"Štola Marie Pomocná","type":"Štola","kategorie":"Opuštěné důlní dílo","surovina":"Polymetalické rudy","rok_ukonceni_provozu":"neznámé","hloubka_delka":null,"osm_proposal":"man_made=adit","osm_mining_feature_within_50m":false},"geometry":{"type":"Point","coordinates":[13.983022,49.681533]}},{"type":"Feature","properties":{"id_dd":"16170","name":"Jáma 25. únor (Štefánik, Rudolf, Bohutín II)","type":"Jáma","kategorie":"Opuštěné důlní dílo","surovina":"Polymetalické rudy","rok_ukonceni_provozu":null,"hloubka_delka":"1221.20000000","osm_proposal":"man_made=mineshaft","osm_mining_feature_within_50m":false},"geometry":{"type":"Point","coordinates":[13.956093,49.664461]}},{"type":"Feature","properties":{"id_dd":"16106","name":"Štola Vodní k dolu Anna","type":"Štola","kategorie":"Opuštěné důlní dílo","surovina":"Polymetalické rudy","rok_ukonceni_provozu":"neznámé","hloubka_delka":"560.00000000","osm_proposal":"man_made=adit","osm_mining_feature_within_50m":false},"geometry":{"type":"Point","coordinates":[13.986887,49.687797]}},{"type":"Feature","properties":{"id_dd":"16085","name":"Jáma Lazecká","type":"Jáma","kategorie":"Opuštěné důlní dílo","surovina":"Polymetalické rudy","rok_ukonceni_provozu":null,"hloubka_delka":"48.80000000","osm_proposal":"man_made=mineshaft","osm_mining_feature_within_50m":false},"geometry":{"type":"Point","coordinates":[13.977483,49.676202]}},{"type":"Feature","properties":{"id_dd":"16068","name":"štola Colloredo - Mansfeldova","type":"Štola","kategorie":"Neurčeno","surovina":"Železné rudy","rok_ukonceni_provozu":"před r. 1945","hloubka_delka":"300.00000000","osm_proposal":"man_made=adit","osm_mining_feature_within_50m":false},"geometry":{"type":"Point","coordinates":[14.012048,49.666729]}},{"type":"Feature","properties":{"id_dd":"16069","name":"jáma Eleonora","type":"Jáma","kategorie":"Neurčeno","surovina":"Železné rudy","rok_ukonceni_provozu":"do 19. století","hloubka_delka":"100.00000000","osm_proposal":"man_made=mineshaft","osm_mining_feature_within_50m":false},"geometry":{"type":"Point","coordinates":[14.016692,49.670294]}},{"type":"Feature","properties":{"id_dd":"16188","name":"Jáma Řimbaba (Segen Gottes)","type":"Jáma","kategorie":"Opuštěné důlní dílo","surovina":"Polymetalické rudy","rok_ukonceni_provozu":"po r. 1945","hloubka_delka":"281.80000000","osm_proposal":"man_made=mineshaft","osm_mining_feature_within_50m":true},"geometry":{"type":"Point","coordinates":[13.965232,49.666232]}},{"type":"Feature","properties":{"id_dd":"16189","name":"štola Řimbabská","type":"Štola","kategorie":"Neurčeno","surovina":"Polymetalické rudy","rok_ukonceni_provozu":"do 18. století","hloubka_delka":"188.00000000","osm_proposal":"man_made=adit","osm_mining_feature_within_50m":true},"geometry":{"type":"Point","coordinates":[13.965891,49.669195]}},{"type":"Feature","properties":{"id_dd":"15043","name":"šachta Skorotín","type":"Jáma","kategorie":"Neurčeno","surovina":"Polymetalické rudy","rok_ukonceni_provozu":"před r. 1945","hloubka_delka":"100.00000000","osm_proposal":"man_made=mineshaft","osm_mining_feature_within_50m":false},"geometry":{"type":"Point","coordinates":[14.01953,49.718109]}},{"type":"Feature","properties":{"id_dd":"15050","name":"důl Leonora","type":"Jáma","kategorie":"Neurčeno","surovina":"Železné rudy","rok_ukonceni_provozu":"do 19. století","hloubka_delka":null,"osm_proposal":"man_made=mineshaft","osm_mining_feature_within_50m":false},"geometry":{"type":"Point","coordinates":[14.016811,49.67026]}},{"type":"Feature","properties":{"id_dd":"16159","name":"jáma Jiljí","type":"Jáma","kategorie":"Neurčeno","surovina":"Železné rudy","rok_ukonceni_provozu":"do 19. století","hloubka_delka":"100.00000000","osm_proposal":"man_made=mineshaft","osm_mining_feature_within_50m":false},"geometry":{"type":"Point","coordinates":[13.985317,49.642686]}},{"type":"Feature","properties":{"id_dd":"16102","name":"Jáma Terezie","type":"Jáma","kategorie":"Opuštěné důlní dílo","surovina":"Polymetalické rudy","rok_ukonceni_provozu":"neznámé","hloubka_delka":"40.00000000","osm_proposal":"man_made=mineshaft","osm_mining_feature_within_50m":false},"geometry":{"type":"Point","coordinates":[13.988467,49.685083]}},{"type":"Feature","properties":{"id_dd":"16103","name":"Jáma Třešně","type":"Jáma","kategorie":"Opuštěné důlní dílo","surovina":"Polymetalické rudy","rok_ukonceni_provozu":"neznámé","hloubka_delka":null,"osm_proposal":"man_made=mineshaft","osm_mining_feature_within_50m":false},"geometry":{"type":"Point","coordinates":[13.991544,49.685097]}},{"type":"Feature","properties":{"id_dd":"13652","name":"Fahrschacht (lezní šachta) ","type":"Jáma","kategorie":"Neurčeno","surovina":"Železné rudy","rok_ukonceni_provozu":"neznámé","hloubka_delka":null,"osm_proposal":"man_made=mineshaft","osm_mining_feature_within_50m":false},"geometry":{"type":"Point","coordinates":[14.010025,49.675897]}},{"type":"Feature","properties":{"id_dd":"16104","name":"Štola Vodní stará","type":"Štola","kategorie":"Opuštěné důlní dílo","surovina":"Polymetalické rudy","rok_ukonceni_provozu":"neznámé","hloubka_delka":null,"osm_proposal":"man_made=adit","osm_mining_feature_within_50m":false},"geometry":{"type":"Point","coordinates":[13.987867,49.687162]}},{"type":"Feature","properties":{"id_dd":"16121","name":"štola Haťská","type":"Štola","kategorie":"Neurčeno","surovina":"Polymetalické rudy","rok_ukonceni_provozu":"do 19. století","hloubka_delka":"860.00000000","osm_proposal":"man_made=adit","osm_mining_feature_within_50m":false},"geometry":{"type":"Point","coordinates":[14.014331,49.679222]}},{"type":"Feature","properties":{"id_dd":"16124","name":"Štola Karla Boromejského","type":"Štola","kategorie":"Opuštěné důlní dílo","surovina":"Polymetalické rudy","rok_ukonceni_provozu":"neznámé","hloubka_delka":"728.00000000","osm_proposal":"man_made=adit","osm_mining_feature_within_50m":false},"geometry":{"type":"Point","coordinates":[14.001918,49.691376]}},{"type":"Feature","properties":{"id_dd":"16125","name":"Jáma Lill","type":"Jáma","kategorie":"Opuštěné důlní dílo","surovina":"Polymetalické rudy","rok_ukonceni_provozu":null,"hloubka_delka":"454.50000000","osm_proposal":"man_made=mineshaft","osm_mining_feature_within_50m":false},"geometry":{"type":"Point","coordinates":[13.99951,49.697043]}},{"type":"Feature","properties":{"id_dd":"13630","name":"jáma č.1 - Vojna","type":"Jáma","kategorie":"Neurčeno","surovina":"Železné rudy","rok_ukonceni_provozu":"neznámé","hloubka_delka":null,"osm_proposal":"man_made=mineshaft","osm_mining_feature_within_50m":false},"geometry":{"type":"Point","coordinates":[13.988628,49.646374]}},{"type":"Feature","properties":{"id_dd":"16168","name":"Jáma Vrančice II","type":"Jáma","kategorie":"Opuštěné důlní dílo","surovina":"Železné rudy","rok_ukonceni_provozu":"neznámé","hloubka_delka":"57.00000000","osm_proposal":"man_made=mineshaft","osm_mining_feature_within_50m":false},"geometry":{"type":"Point","coordinates":[14.043956,49.620514]}},{"type":"Feature","properties":{"id_dd":"13632","name":"jáma č.3 - Vojna","type":"Jáma","kategorie":"Neurčeno","surovina":"Železné rudy","rok_ukonceni_provozu":"neznámé","hloubka_delka":null,"osm_proposal":"man_made=mineshaft","osm_mining_feature_within_50m":false},"geometry":{"type":"Point","coordinates":[13.98705,49.645663]}},{"type":"Feature","properties":{"id_dd":"13636","name":"jáma č.2 - Žežičky","type":"Jáma","kategorie":"Neurčeno","surovina":"Železné rudy","rok_ukonceni_provozu":"neznámé","hloubka_delka":null,"osm_proposal":"man_made=mineshaft","osm_mining_feature_within_50m":false},"geometry":{"type":"Point","coordinates":[13.988786,49.659905]}},{"type":"Feature","properties":{"id_dd":"33016","name":"Jáma Nejsvětější Trojice","type":"Jáma","kategorie":"Opuštěné důlní dílo","surovina":"Polymetalické rudy","rok_ukonceni_provozu":"neznámé","hloubka_delka":"70.00000000","osm_proposal":"man_made=mineshaft","osm_mining_feature_within_50m":false},"geometry":{"type":"Point","coordinates":[13.99282,49.685088]}},{"type":"Feature","properties":{"id_dd":"33019","name":"Jáma Kozičínská kutací","type":"Jáma","kategorie":"Opuštěné důlní dílo","surovina":"Polymetalické rudy","rok_ukonceni_provozu":"neznámé","hloubka_delka":"36.60000000","osm_proposal":"man_made=mineshaft","osm_mining_feature_within_50m":false},"geometry":{"type":"Point","coordinates":[13.948388,49.677801]}},{"type":"Feature","properties":{"id_dd":"13674","name":"jáma č.6 Vojna","type":"Jáma","kategorie":"Neurčeno","surovina":"Železné rudy","rok_ukonceni_provozu":"neznámé","hloubka_delka":null,"osm_proposal":"man_made=mineshaft","osm_mining_feature_within_50m":false},"geometry":{"type":"Point","coordinates":[13.992882,49.646116]}},{"type":"Feature","properties":{"id_dd":"13671","name":"jáma č.3 - Slivice","type":"Jáma","kategorie":"Neurčeno","surovina":"Železné rudy","rok_ukonceni_provozu":"neznámé","hloubka_delka":null,"osm_proposal":"man_made=mineshaft","osm_mining_feature_within_50m":false},"geometry":{"type":"Point","coordinates":[14.039179,49.644233]}},{"type":"Feature","properties":{"id_dd":"13708","name":"jáma č.1 ","type":"Jáma","kategorie":"Neurčeno","surovina":"Polymetalické rudy","rok_ukonceni_provozu":"neznámé","hloubka_delka":null,"osm_proposal":"man_made=mineshaft","osm_mining_feature_within_50m":false},"geometry":{"type":"Point","coordinates":[14.043632,49.620921]}},{"type":"Feature","properties":{"id_dd":"16127","name":"Jáma Nálezná (Matkobožská)","type":"Jáma","kategorie":"Opuštěné důlní dílo","surovina":"Polymetalické rudy","rok_ukonceni_provozu":"neznámé","hloubka_delka":null,"osm_proposal":"man_made=mineshaft","osm_mining_feature_within_50m":false},"geometry":{"type":"Point","coordinates":[13.988938,49.694983]}},{"type":"Feature","properties":{"id_dd":"16137","name":"jáma Svatý Jan","type":"Jáma","kategorie":"Neurčeno","surovina":"Polymetalické rudy","rok_ukonceni_provozu":"před r. 1945","hloubka_delka":"100.00000000","osm_proposal":"man_made=mineshaft","osm_mining_feature_within_50m":false},"geometry":{"type":"Point","coordinates":[14.010673,49.692753]}},{"type":"Feature","properties":{"id_dd":"16116","name":"štola Česká","type":"Štola","kategorie":"Neurčeno","surovina":"Polymetalické rudy","rok_ukonceni_provozu":"do 18. století","hloubka_delka":"100.00000000","osm_proposal":"man_made=adit","osm_mining_feature_within_50m":false},"geometry":{"type":"Point","coordinates":[13.98534,49.69542]}},{"type":"Feature","properties":{"id_dd":"16117","name":"Jáma Eliáš","type":"Jáma","kategorie":"Opuštěné důlní dílo","surovina":"Polymetalické rudy","rok_ukonceni_provozu":"neznámé","hloubka_delka":null,"osm_proposal":"man_made=mineshaft","osm_mining_feature_within_50m":false},"geometry":{"type":"Point","coordinates":[13.981579,49.668317]}},{"type":"Feature","properties":{"id_dd":"16135","name":"jáma Stará Ševčinská","type":"Jáma","kategorie":"Neurčeno","surovina":"Polymetalické rudy","rok_ukonceni_provozu":"před r. 1945","hloubka_delka":"100.00000000","osm_proposal":"man_made=mineshaft","osm_mining_feature_within_50m":false},"geometry":{"type":"Point","coordinates":[13.978315,49.668013]}},{"type":"Feature","properties":{"id_dd":"16129","name":"štola Německá","type":"Štola","kategorie":"Neurčeno","surovina":"Polymetalické rudy","rok_ukonceni_provozu":"do 18. století","hloubka_delka":"100.00000000","osm_proposal":"man_made=adit","osm_mining_feature_within_50m":false},"geometry":{"type":"Point","coordinates":[13.985451,49.692705]}},{"type":"Feature","properties":{"id_dd":"16132","name":"Štola Sádecká","type":"Štola","kategorie":"Opuštěné důlní dílo","surovina":"Polymetalické rudy","rok_ukonceni_provozu":"neznámé","hloubka_delka":"331.90000000","osm_proposal":"man_made=adit","osm_mining_feature_within_50m":false},"geometry":{"type":"Point","coordinates":[14.000487,49.722754]}},{"type":"Feature","properties":{"id_dd":"16133","name":"Jáma Sádecká (Sádek)","type":"Jáma","kategorie":"Opuštěné důlní dílo","surovina":"Polymetalické rudy","rok_ukonceni_provozu":null,"hloubka_delka":"252.50000000","osm_proposal":"man_made=mineshaft","osm_mining_feature_within_50m":false},"geometry":{"type":"Point","coordinates":[13.997321,49.723894]}},{"type":"Feature","properties":{"id_dd":"16134","name":"štola Ševčinská Úpadní","type":"Štola","kategorie":"Neurčeno","surovina":"Polymetalické rudy","rok_ukonceni_provozu":"před r. 1945","hloubka_delka":"425.00000000","osm_proposal":"man_made=adit","osm_mining_feature_within_50m":false},"geometry":{"type":"Point","coordinates":[13.976305,49.670142]}},{"type":"Feature","properties":{"id_dd":"13914","name":"Jánská štola ","type":"Štola","kategorie":"Neurčeno","surovina":"Polymetalické rudy","rok_ukonceni_provozu":"do 18. století","hloubka_delka":"100.00000000","osm_proposal":"man_made=adit","osm_mining_feature_within_50m":false},"geometry":{"type":"Point","coordinates":[14.014428,49.721487]}},{"type":"Feature","properties":{"id_dd":"16119","name":"Štola Filipínská (Hatjer Stollen)","type":"Štola","kategorie":"Opuštěné důlní dílo","surovina":"Polymetalické rudy","rok_ukonceni_provozu":null,"hloubka_delka":"444.50000000","osm_proposal":"man_made=adit","osm_mining_feature_within_50m":false},"geometry":{"type":"Point","coordinates":[14.007688,49.678835]}},{"type":"Feature","properties":{"id_dd":"13919","name":"kutací šachtice Květná 2","type":"Jáma","kategorie":"Neurčeno","surovina":"Železné rudy","rok_ukonceni_provozu":"do 19. století","hloubka_delka":"22.00000000","osm_proposal":"man_made=mineshaft","osm_mining_feature_within_50m":false},"geometry":{"type":"Point","coordinates":[14.022596,49.703578]}},{"type":"Feature","properties":{"id_dd":"13639","name":"jáma č.5 - Žežičky","type":"Jáma","kategorie":"Neurčeno","surovina":"Železné rudy","rok_ukonceni_provozu":"neznámé","hloubka_delka":null,"osm_proposal":"man_made=mineshaft","osm_mining_feature_within_50m":false},"geometry":{"type":"Point","coordinates":[13.988708,49.658671]}},{"type":"Feature","properties":{"id_dd":"13640","name":"Žežice","type":"Jáma","kategorie":"Staré důlní dílo","surovina":"Železné rudy","rok_ukonceni_provozu":"neznámé","hloubka_delka":null,"osm_proposal":"man_made=mineshaft","osm_mining_feature_within_50m":false},"geometry":{"type":"Point","coordinates":[13.989925,49.65893]}},{"type":"Feature","properties":{"id_dd":"13683","name":"stará štola Sádek","type":"Štola","kategorie":"Neurčeno","surovina":"Polymetalické rudy","rok_ukonceni_provozu":"do 19. století","hloubka_delka":"100.00000000","osm_proposal":"man_made=adit","osm_mining_feature_within_50m":false},"geometry":{"type":"Point","coordinates":[13.9943,49.728682]}},{"type":"Feature","properties":{"id_dd":"13679","name":"šachtice Bauern","type":"Jáma","kategorie":"Neurčeno","surovina":"Železné rudy","rok_ukonceni_provozu":"neznámé","hloubka_delka":null,"osm_proposal":"man_made=mineshaft","osm_mining_feature_within_50m":false},"geometry":{"type":"Point","coordinates":[13.909423,49.640491]}},{"type":"Feature","properties":{"id_dd":"16152","name":"jáma Kutací na Valše","type":"Jáma","kategorie":"Neurčeno","surovina":"Polymetalické rudy","rok_ukonceni_provozu":"do 19. století","hloubka_delka":"25.00000000","osm_proposal":"man_made=mineshaft","osm_mining_feature_within_50m":false},"geometry":{"type":"Point","coordinates":[14.017015,49.719728]}},{"type":"Feature","properties":{"id_dd":"16160","name":"štola Stará","type":"Štola","kategorie":"Neurčeno","surovina":"Železné rudy","rok_ukonceni_provozu":"do 19. století","hloubka_delka":"100.00000000","osm_proposal":"man_made=adit","osm_mining_feature_within_50m":false},"geometry":{"type":"Point","coordinates":[13.997326,49.645758]}},{"type":"Feature","properties":{"id_dd":"16165","name":"Jáma Radětice","type":"Jáma","kategorie":"Opuštěné důlní dílo","surovina":"Polymetalické rudy","rok_ukonceni_provozu":null,"hloubka_delka":"459.80000000","osm_proposal":"man_made=mineshaft","osm_mining_feature_within_50m":false},"geometry":{"type":"Point","coordinates":[14.087113,49.639019]}},{"type":"Feature","properties":{"id_dd":"16141","name":"Jáma Těžní","type":"Jáma","kategorie":"Opuštěné důlní dílo","surovina":"Polymetalické rudy","rok_ukonceni_provozu":"neznámé","hloubka_delka":null,"osm_proposal":"man_made=mineshaft","osm_mining_feature_within_50m":false},"geometry":{"type":"Point","coordinates":[13.989996,49.695581]}},{"type":"Feature","properties":{"id_dd":"16142","name":"Jáma Třebsko","type":"Jáma","kategorie":"Opuštěné důlní dílo","surovina":"Polymetalické rudy","rok_ukonceni_provozu":null,"hloubka_delka":"60.00000000","osm_proposal":"man_made=mineshaft","osm_mining_feature_within_50m":false},"geometry":{"type":"Point","coordinates":[13.97188,49.62281]}},{"type":"Feature","properties":{"id_dd":"16144","name":"jáma U Vejfuku","type":"Jáma","kategorie":"Neurčeno","surovina":"Polymetalické rudy","rok_ukonceni_provozu":"po r. 1945","hloubka_delka":null,"osm_proposal":"man_made=mineshaft","osm_mining_feature_within_50m":false},"geometry":{"type":"Point","coordinates":[13.980333,49.653076]}},{"type":"Feature","properties":{"id_dd":"16147","name":"Jáma Zdabořská","type":"Jáma","kategorie":"Opuštěné důlní dílo","surovina":"Polymetalické rudy","rok_ukonceni_provozu":null,"hloubka_delka":"108.90000000","osm_proposal":"man_made=mineshaft","osm_mining_feature_within_50m":false},"geometry":{"type":"Point","coordinates":[13.98122,49.665622]}},{"type":"Feature","properties":{"id_dd":"16148","name":"jáma Zlatá Hvězda (U Spravedlnosti)","type":"Jáma","kategorie":"Neurčeno","surovina":"Polymetalické rudy","rok_ukonceni_provozu":"před r. 1945","hloubka_delka":"100.00000000","osm_proposal":"man_made=mineshaft","osm_mining_feature_within_50m":false},"geometry":{"type":"Point","coordinates":[14.020158,49.695205]}},{"type":"Feature","properties":{"id_dd":"16149","name":"Štola Dědičná (Císaře Josefa II.)","type":"Štola","kategorie":"Opuštěné důlní dílo","surovina":"Polymetalické rudy","rok_ukonceni_provozu":null,"hloubka_delka":"14854.00000000","osm_proposal":"man_made=adit","osm_mining_feature_within_50m":true},"geometry":{"type":"Point","coordinates":[14.004521,49.709103]}},{"type":"Feature","properties":{"id_dd":"16097","name":"Jáma Ševčiny (Franz-Josef)","type":"Jáma","kategorie":"Opuštěné důlní dílo","surovina":"Polymetalické rudy","rok_ukonceni_provozu":null,"hloubka_delka":"1128.10000000","osm_proposal":"man_made=mineshaft","osm_mining_feature_within_50m":true},"geometry":{"type":"Point","coordinates":[13.987015,49.683114]}},{"type":"Feature","properties":{"id_dd":"13620","name":"Jáma Obecnice","type":"Jáma","kategorie":"Opuštěné důlní dílo","surovina":"Polymetalické rudy","rok_ukonceni_provozu":null,"hloubka_delka":"58.80000000","osm_proposal":"man_made=mineshaft","osm_mining_feature_within_50m":false},"geometry":{"type":"Point","coordinates":[13.964699,49.712563]}},{"type":"Feature","properties":{"id_dd":"16191","name":"jáma Alois","type":"Jáma","kategorie":"Neurčeno","surovina":"Polymetalické rudy","rok_ukonceni_provozu":"před r. 1945","hloubka_delka":"100.00000000","osm_proposal":"man_made=mineshaft","osm_mining_feature_within_50m":false},"geometry":{"type":"Point","coordinates":[13.98916,49.655425]}},{"type":"Feature","properties":{"id_dd":"16192","name":"jáma Andreas","type":"Jáma","kategorie":"Neurčeno","surovina":"Polymetalické rudy","rok_ukonceni_provozu":"do 19. století","hloubka_delka":"100.00000000","osm_proposal":"man_made=mineshaft","osm_mining_feature_within_50m":false},"geometry":{"type":"Point","coordinates":[13.988669,49.657142]}},{"type":"Feature","properties":{"id_dd":"16193","name":"štola Florentinská","type":"Štola","kategorie":"Neurčeno","surovina":"Železné rudy","rok_ukonceni_provozu":"před r. 1945","hloubka_delka":"871.00000000","osm_proposal":"man_made=adit","osm_mining_feature_within_50m":false},"geometry":{"type":"Point","coordinates":[13.988582,49.663255]}},{"type":"Feature","properties":{"id_dd":"16194","name":"jáma Florentinská","type":"Jáma","kategorie":"Neurčeno","surovina":"Železné rudy","rok_ukonceni_provozu":"před r. 1945","hloubka_delka":"100.00000000","osm_proposal":"man_made=mineshaft","osm_mining_feature_within_50m":false},"geometry":{"type":"Point","coordinates":[13.988864,49.659422]}},{"type":"Feature","properties":{"id_dd":"16195","name":"jáma Leopold","type":"Jáma","kategorie":"Neurčeno","surovina":"Železné rudy","rok_ukonceni_provozu":"před r. 1945","hloubka_delka":"100.00000000","osm_proposal":"man_made=mineshaft","osm_mining_feature_within_50m":false},"geometry":{"type":"Point","coordinates":[14.004381,49.658223]}},{"type":"Feature","properties":{"id_dd":"16196","name":"štola Leoplod","type":"Štola","kategorie":"Neurčeno","surovina":"Polymetalické rudy","rok_ukonceni_provozu":"před r. 1945","hloubka_delka":"100.00000000","osm_proposal":"man_made=adit","osm_mining_feature_within_50m":false},"geometry":{"type":"Point","coordinates":[14.009153,49.659048]}},{"type":"Feature","properties":{"id_dd":"16198","name":"jáma Schwarzenberg","type":"Jáma","kategorie":"Neurčeno","surovina":"Polymetalické rudy","rok_ukonceni_provozu":"do 19. století","hloubka_delka":"158.00000000","osm_proposal":"man_made=mineshaft","osm_mining_feature_within_50m":false},"geometry":{"type":"Point","coordinates":[13.989602,49.656656]}},{"type":"Feature","properties":{"id_dd":"16091","name":"Jáma Novoroční","type":"Jáma","kategorie":"Opuštěné důlní dílo","surovina":"Polymetalické rudy","rok_ukonceni_provozu":"neznámé","hloubka_delka":"35.00000000","osm_proposal":"man_made=mineshaft","osm_mining_feature_within_50m":false},"geometry":{"type":"Point","coordinates":[13.996559,49.688697]}},{"type":"Feature","properties":{"id_dd":"16092","name":"Jáma Prokop","type":"Jáma","kategorie":"Opuštěné důlní dílo","surovina":"Polymetalické rudy","rok_ukonceni_provozu":null,"hloubka_delka":"1597.60000000","osm_proposal":"man_made=mineshaft","osm_mining_feature_within_50m":true},"geometry":{"type":"Point","coordinates":[13.995288,49.685454]}},{"type":"Feature","properties":{"id_dd":"16093","name":"Štola Prokopská","type":"Štola","kategorie":"Opuštěné důlní dílo","surovina":"Polymetalické rudy","rok_ukonceni_provozu":"po r. 1945","hloubka_delka":"220.00000000","osm_proposal":"man_made=adit","osm_mining_feature_within_50m":false},"geometry":{"type":"Point","coordinates":[13.994643,49.687374]}},{"type":"Feature","properties":{"id_dd":"16094","name":"Jáma Rytířská (Ritter Schacht)","type":"Jáma","kategorie":"Opuštěné důlní dílo","surovina":"Polymetalické rudy","rok_ukonceni_provozu":"neznámé","hloubka_delka":null,"osm_proposal":"man_made=mineshaft","osm_mining_feature_within_50m":false},"geometry":{"type":"Point","coordinates":[13.987417,49.680717]}},{"type":"Feature","properties":{"id_dd":"13616","name":"jáma č.2 - Malý Drahlín","type":"Jáma","kategorie":"Neurčeno","surovina":"Železné rudy","rok_ukonceni_provozu":"neznámé","hloubka_delka":null,"osm_proposal":"man_made=mineshaft","osm_mining_feature_within_50m":false},"geometry":{"type":"Point","coordinates":[13.952042,49.736283]}},{"type":"Feature","properties":{"id_dd":"13618","name":"jáma č.4 - Malý Drahlín","type":"Jáma","kategorie":"Neurčeno","surovina":"Železné rudy","rok_ukonceni_provozu":"neznámé","hloubka_delka":null,"osm_proposal":"man_made=mineshaft","osm_mining_feature_within_50m":false},"geometry":{"type":"Point","coordinates":[13.953581,49.733774]}},{"type":"Feature","properties":{"id_dd":"16200","name":"jáma Stará Václavská","type":"Jáma","kategorie":"Neurčeno","surovina":"Polymetalické rudy","rok_ukonceni_provozu":"před r. 1945","hloubka_delka":"100.00000000","osm_proposal":"man_made=mineshaft","osm_mining_feature_within_50m":false},"geometry":{"type":"Point","coordinates":[13.98955,49.657778]}},{"type":"Feature","properties":{"id_dd":"16201","name":"komín Na štolu Leopold","type":"Jáma","kategorie":"Neurčeno","surovina":"Železné rudy","rok_ukonceni_provozu":"před r. 1945","hloubka_delka":"100.00000000","osm_proposal":"man_made=mineshaft","osm_mining_feature_within_50m":false},"geometry":{"type":"Point","coordinates":[14.007063,49.65869]}},{"type":"Feature","properties":{"id_dd":"16176","name":"Štola Hamerská","type":"Štola","kategorie":"Opuštěné důlní dílo","surovina":"Polymetalické rudy","rok_ukonceni_provozu":"neznámé","hloubka_delka":null,"osm_proposal":"man_made=adit","osm_mining_feature_within_50m":false},"geometry":{"type":"Point","coordinates":[13.954999,49.663339]}},{"type":"Feature","properties":{"id_dd":"16090","name":"Štola Mučednická (Mordýřská)","type":"Štola","kategorie":"Opuštěné důlní dílo","surovina":"Polymetalické rudy","rok_ukonceni_provozu":"neznámé","hloubka_delka":null,"osm_proposal":"man_made=adit","osm_mining_feature_within_50m":false},"geometry":{"type":"Point","coordinates":[13.986399,49.685572]}},{"type":"Feature","properties":{"id_dd":"13615","name":"jáma č.1 - Malý Drahlín","type":"Jáma","kategorie":"Neurčeno","surovina":"Železné rudy","rok_ukonceni_provozu":"neznámé","hloubka_delka":null,"osm_proposal":"man_made=mineshaft","osm_mining_feature_within_50m":false},"geometry":{"type":"Point","coordinates":[13.953161,49.735978]}},{"type":"Feature","properties":{"id_dd":"13667","name":"jáma č.4 Vojna","type":"Jáma","kategorie":"Neurčeno","surovina":"Železné rudy","rok_ukonceni_provozu":"neznámé","hloubka_delka":null,"osm_proposal":"man_made=mineshaft","osm_mining_feature_within_50m":false},"geometry":{"type":"Point","coordinates":[13.990871,49.646165]}},{"type":"Feature","properties":{"id_dd":"13668","name":"jáma č.5 Vojna","type":"Jáma","kategorie":"Neurčeno","surovina":"Železné rudy","rok_ukonceni_provozu":"neznámé","hloubka_delka":null,"osm_proposal":"man_made=mineshaft","osm_mining_feature_within_50m":false},"geometry":{"type":"Point","coordinates":[13.991983,49.645941]}},{"type":"Feature","properties":{"id_dd":"16074","name":"jáma Jakub","type":"Jáma","kategorie":"Neurčeno","surovina":"Železné rudy","rok_ukonceni_provozu":"před r. 1945","hloubka_delka":"100.00000000","osm_proposal":"man_made=mineshaft","osm_mining_feature_within_50m":false},"geometry":{"type":"Point","coordinates":[14.017063,49.673817]}},{"type":"Feature","properties":{"id_dd":"16075","name":"jáma Karel","type":"Jáma","kategorie":"Neurčeno","surovina":"Železné rudy","rok_ukonceni_provozu":"do 19. století","hloubka_delka":"100.00000000","osm_proposal":"man_made=mineshaft","osm_mining_feature_within_50m":false},"geometry":{"type":"Point","coordinates":[14.016883,49.671775]}},{"type":"Feature","properties":{"id_dd":"16077","name":"štola Stará Brodská","type":"Štola","kategorie":"Neurčeno","surovina":"Železné rudy","rok_ukonceni_provozu":"do 19. století","hloubka_delka":"526.00000000","osm_proposal":"man_made=adit","osm_mining_feature_within_50m":false},"geometry":{"type":"Point","coordinates":[14.006802,49.665578]}},{"type":"Feature","properties":{"id_dd":"16078","name":"šurf Světlík","type":"Jáma","kategorie":"Neurčeno","surovina":"Polymetalické rudy","rok_ukonceni_provozu":"před r. 1945","hloubka_delka":"100.00000000","osm_proposal":"man_made=mineshaft","osm_mining_feature_within_50m":false},"geometry":{"type":"Point","coordinates":[14.018671,49.674775]}},{"type":"Feature","properties":{"id_dd":"16079","name":"Jáma Anna","type":"Jáma","kategorie":"Opuštěné důlní dílo","surovina":"Polymetalické rudy","rok_ukonceni_provozu":null,"hloubka_delka":"1464.30000000","osm_proposal":"man_made=mineshaft","osm_mining_feature_within_50m":false},"geometry":{"type":"Point","coordinates":[13.994833,49.687688]}},{"type":"Feature","properties":{"id_dd":"16080","name":"Jáma Janská (Jan)","type":"Jáma","kategorie":"Opuštěné důlní dílo","surovina":"Polymetalické rudy","rok_ukonceni_provozu":"neznámé","hloubka_delka":"227.00000000","osm_proposal":"man_made=mineshaft","osm_mining_feature_within_50m":false},"geometry":{"type":"Point","coordinates":[13.994208,49.686662]}},{"type":"Feature","properties":{"id_dd":"16178","name":"Jáma Hůrka","type":"Jáma","kategorie":"Opuštěné důlní dílo","surovina":"Polymetalické rudy","rok_ukonceni_provozu":null,"hloubka_delka":"104.00000000","osm_proposal":"man_made=mineshaft","osm_mining_feature_within_50m":false},"geometry":{"type":"Point","coordinates":[13.93899,49.653256]}},{"type":"Feature","properties":{"id_dd":"16182","name":"Jáma Litavka","type":"Jáma","kategorie":"Opuštěné důlní dílo","surovina":"Polymetalické rudy","rok_ukonceni_provozu":"neznámé","hloubka_delka":"33.50000000","osm_proposal":"man_made=mineshaft","osm_mining_feature_within_50m":false},"geometry":{"type":"Point","coordinates":[13.95272,49.661309]}},{"type":"Feature","properties":{"id_dd":"16083","name":"Jáma Kovářská (Schmied Schacht, Veselé Rytířstvo)","type":"Jáma","kategorie":"Opuštěné důlní dílo","surovina":"Polymetalické rudy","rok_ukonceni_provozu":"do 18. století","hloubka_delka":"95.00000000","osm_proposal":"man_made=mineshaft","osm_mining_feature_within_50m":false},"geometry":{"type":"Point","coordinates":[13.989549,49.68323]}},{"type":"Feature","properties":{"id_dd":"27113","name":"Bedřich","type":"Štola","kategorie":"Neurčeno","surovina":null,"rok_ukonceni_provozu":"neznámé","hloubka_delka":null,"osm_proposal":"man_made=adit","osm_mining_feature_within_50m":false},"geometry":{"type":"Point","coordinates":[13.988094,49.642209]}},{"type":"Feature","properties":{"id_dd":"33014","name":"Štola Průzkumná","type":"Štola","kategorie":"Opuštěné důlní dílo","surovina":"Železné rudy","rok_ukonceni_provozu":"neznámé","hloubka_delka":null,"osm_proposal":"man_made=adit","osm_mining_feature_within_50m":false},"geometry":{"type":"Point","coordinates":[13.988496,49.659442]}},{"type":"Feature","properties":{"id_dd":"27080","name":"Jáma Stará Prokopská (Procopi)","type":"Jáma","kategorie":"Opuštěné důlní dílo","surovina":"Polymetalické rudy","rok_ukonceni_provozu":"neznámé","hloubka_delka":"168.00000000","osm_proposal":"man_made=mineshaft","osm_mining_feature_within_50m":false},"geometry":{"type":"Point","coordinates":[13.994252,49.685894]}},{"type":"Feature","properties":{"id_dd":"27152","name":"Šachtice Šc 59","type":"Šachtice","kategorie":"Opuštěné důlní dílo","surovina":"Polymetalické rudy","rok_ukonceni_provozu":null,"hloubka_delka":"20.00000000","osm_proposal":"man_made=mineshaft","osm_mining_feature_within_50m":false},"geometry":{"type":"Point","coordinates":[14.022862,49.700974]}},{"type":"Feature","properties":{"id_dd":"27539","name":"Šc 13","type":"Šachtice","kategorie":"Neurčeno","surovina":"Polymetalické rudy","rok_ukonceni_provozu":"před r. 1945","hloubka_delka":"100.00000000","osm_proposal":"man_made=mineshaft","osm_mining_feature_within_50m":false},"geometry":{"type":"Point","coordinates":[14.025615,49.715994]}},{"type":"Feature","properties":{"id_dd":"33018","name":"Štola Vojna","type":"Štola","kategorie":"Opuštěné důlní dílo","surovina":"Železné rudy","rok_ukonceni_provozu":"neznámé","hloubka_delka":null,"osm_proposal":"man_made=adit","osm_mining_feature_within_50m":false},"geometry":{"type":"Point","coordinates":[13.988125,49.642257]}},{"type":"Feature","properties":{"id_dd":"26974","name":"Šc 38","type":"Šachtice","kategorie":"Neurčeno","surovina":"Polymetalické rudy","rok_ukonceni_provozu":"před r. 1945","hloubka_delka":"100.00000000","osm_proposal":"man_made=mineshaft","osm_mining_feature_within_50m":false},"geometry":{"type":"Point","coordinates":[14.032832,49.709623]}},{"type":"Feature","properties":{"id_dd":"26975","name":"Šc 10","type":"Šachtice","kategorie":"Neurčeno","surovina":"Polymetalické rudy","rok_ukonceni_provozu":"před r. 1945","hloubka_delka":"100.00000000","osm_proposal":"man_made=mineshaft","osm_mining_feature_within_50m":false},"geometry":{"type":"Point","coordinates":[14.025303,49.715946]}},{"type":"Feature","properties":{"id_dd":"26976","name":"Šc 11","type":"Šachtice","kategorie":"Neurčeno","surovina":"Polymetalické rudy","rok_ukonceni_provozu":"před r. 1945","hloubka_delka":"100.00000000","osm_proposal":"man_made=mineshaft","osm_mining_feature_within_50m":false},"geometry":{"type":"Point","coordinates":[14.025397,49.715964]}},{"type":"Feature","properties":{"id_dd":"27602","name":"Štola Vodní Anna-Vojtěch","type":"Štola","kategorie":"Opuštěné důlní dílo","surovina":"Polymetalické rudy","rok_ukonceni_provozu":"neznámé","hloubka_delka":"330.00000000","osm_proposal":"man_made=adit","osm_mining_feature_within_50m":false},"geometry":{"type":"Point","coordinates":[13.994139,49.687609]}},{"type":"Feature","properties":{"id_dd":"27490","name":"Šachtice Šc 71","type":"Šachtice","kategorie":"Opuštěné důlní dílo","surovina":"Polymetalické rudy","rok_ukonceni_provozu":null,"hloubka_delka":"20.00000000","osm_proposal":"man_made=mineshaft","osm_mining_feature_within_50m":false},"geometry":{"type":"Point","coordinates":[14.024749,49.707511]}},{"type":"Feature","properties":{"id_dd":"27146","name":"Šachtice Šc 75","type":"Šachtice","kategorie":"Opuštěné důlní dílo","surovina":"Polymetalické rudy","rok_ukonceni_provozu":null,"hloubka_delka":"20.00000000","osm_proposal":"man_made=mineshaft","osm_mining_feature_within_50m":false},"geometry":{"type":"Point","coordinates":[14.018156,49.706865]}},{"type":"Feature","properties":{"id_dd":"27535","name":"Šachtice Šc 56","type":"Šachtice","kategorie":"Opuštěné důlní dílo","surovina":"Polymetalické rudy","rok_ukonceni_provozu":null,"hloubka_delka":"20.00000000","osm_proposal":"man_made=mineshaft","osm_mining_feature_within_50m":false},"geometry":{"type":"Point","coordinates":[14.032642,49.72783]}},{"type":"Feature","properties":{"id_dd":"27536","name":"Šc 5","type":"Šachtice","kategorie":"Neurčeno","surovina":"Polymetalické rudy","rok_ukonceni_provozu":"před r. 1945","hloubka_delka":"100.00000000","osm_proposal":"man_made=mineshaft","osm_mining_feature_within_50m":false},"geometry":{"type":"Point","coordinates":[14.022307,49.712889]}},{"type":"Feature","properties":{"id_dd":"27537","name":"Šc 6","type":"Šachtice","kategorie":"Neurčeno","surovina":"Polymetalické rudy","rok_ukonceni_provozu":"před r. 1945","hloubka_delka":"100.00000000","osm_proposal":"man_made=mineshaft","osm_mining_feature_within_50m":false},"geometry":{"type":"Point","coordinates":[14.022195,49.712888]}},{"type":"Feature","properties":{"id_dd":"27177","name":"Šachtice Šc 76","type":"Šachtice","kategorie":"Opuštěné důlní dílo","surovina":"Polymetalické rudy","rok_ukonceni_provozu":null,"hloubka_delka":"20.00000000","osm_proposal":"man_made=mineshaft","osm_mining_feature_within_50m":false},"geometry":{"type":"Point","coordinates":[14.019434,49.70609]}},{"type":"Feature","properties":{"id_dd":"27246","name":"Jáma č.9","type":"Jáma","kategorie":"Opuštěné důlní dílo","surovina":"Radioaktivní suroviny","rok_ukonceni_provozu":"po r. 1945","hloubka_delka":"557.20000000","osm_proposal":"man_made=mineshaft","osm_mining_feature_within_50m":false},"geometry":{"type":"Point","coordinates":[14.032357,49.67008]}},{"type":"Feature","properties":{"id_dd":"27540","name":"Šachtice Šc 54","type":"Šachtice","kategorie":"Opuštěné důlní dílo","surovina":"Polymetalické rudy","rok_ukonceni_provozu":null,"hloubka_delka":"20.00000000","osm_proposal":"man_made=mineshaft","osm_mining_feature_within_50m":false},"geometry":{"type":"Point","coordinates":[14.025734,49.717039]}},{"type":"Feature","properties":{"id_dd":"4741","name":"Šachtice Šc 55","type":"Šachtice","kategorie":"Opuštěné důlní dílo","surovina":"Polymetalické rudy","rok_ukonceni_provozu":null,"hloubka_delka":"20.00000000","osm_proposal":"man_made=mineshaft","osm_mining_feature_within_50m":false},"geometry":{"type":"Point","coordinates":[14.030862,49.733985]}},{"type":"Feature","properties":{"id_dd":"4743","name":"Šachtice Šc 60","type":"Šachtice","kategorie":"Opuštěné důlní dílo","surovina":"Polymetalické rudy","rok_ukonceni_provozu":null,"hloubka_delka":"20.00000000","osm_proposal":"man_made=mineshaft","osm_mining_feature_within_50m":false},"geometry":{"type":"Point","coordinates":[14.032906,49.728853]}},{"type":"Feature","properties":{"id_dd":"4744","name":"Šachtice Šc 62","type":"Šachtice","kategorie":"Opuštěné důlní dílo","surovina":"Polymetalické rudy","rok_ukonceni_provozu":null,"hloubka_delka":"20.00000000","osm_proposal":"man_made=mineshaft","osm_mining_feature_within_50m":false},"geometry":{"type":"Point","coordinates":[14.034286,49.720749]}},{"type":"Feature","properties":{"id_dd":"4747","name":"Šachtice Šc 73","type":"Šachtice","kategorie":"Opuštěné důlní dílo","surovina":"Polymetalické rudy","rok_ukonceni_provozu":null,"hloubka_delka":"20.00000000","osm_proposal":"man_made=mineshaft","osm_mining_feature_within_50m":false},"geometry":{"type":"Point","coordinates":[14.023582,49.706542]}},{"type":"Feature","properties":{"id_dd":"27108","name":"Šachtice Šc 68","type":"Šachtice","kategorie":"Opuštěné důlní dílo","surovina":"Polymetalické rudy","rok_ukonceni_provozu":null,"hloubka_delka":"20.00000000","osm_proposal":"man_made=mineshaft","osm_mining_feature_within_50m":false},"geometry":{"type":"Point","coordinates":[14.026551,49.710446]}},{"type":"Feature","properties":{"id_dd":"4753","name":"Šachtice Šc 79","type":"Šachtice","kategorie":"Opuštěné důlní dílo","surovina":"Polymetalické rudy","rok_ukonceni_provozu":null,"hloubka_delka":"20.00000000","osm_proposal":"man_made=mineshaft","osm_mining_feature_within_50m":false},"geometry":{"type":"Point","coordinates":[14.022099,49.707265]}},{"type":"Feature","properties":{"id_dd":"4755","name":"Šachtice Šc 58","type":"Šachtice","kategorie":"Opuštěné důlní dílo","surovina":"Polymetalické rudy","rok_ukonceni_provozu":null,"hloubka_delka":"20.00000000","osm_proposal":"man_made=mineshaft","osm_mining_feature_within_50m":false},"geometry":{"type":"Point","coordinates":[14.023202,49.7097]}},{"type":"Feature","properties":{"id_dd":"4756","name":"Šachtice Šc 69","type":"Šachtice","kategorie":"Opuštěné důlní dílo","surovina":"Polymetalické rudy","rok_ukonceni_provozu":null,"hloubka_delka":"20.00000000","osm_proposal":"man_made=mineshaft","osm_mining_feature_within_50m":false},"geometry":{"type":"Point","coordinates":[14.026639,49.718526]}},{"type":"Feature","properties":{"id_dd":"27041","name":"Štola Drkolnov úpadní","type":"Úpadnice","kategorie":"Opuštěné důlní dílo","surovina":"Polymetalické rudy","rok_ukonceni_provozu":"po r. 1945","hloubka_delka":"50.00000000","osm_proposal":"man_made=adit","osm_mining_feature_within_50m":true},"geometry":{"type":"Point","coordinates":[13.984088,49.671799]}},{"type":"Feature","properties":{"id_dd":"27118","name":"Šachtice Šc 66","type":"Šachtice","kategorie":"Opuštěné důlní dílo","surovina":"Polymetalické rudy","rok_ukonceni_provozu":null,"hloubka_delka":"20.00000000","osm_proposal":"man_made=mineshaft","osm_mining_feature_within_50m":false},"geometry":{"type":"Point","coordinates":[14.026996,49.710443]}},{"type":"Feature","properties":{"id_dd":"5093","name":"Šachtice Šc 50","type":"Šachtice","kategorie":"Opuštěné důlní dílo","surovina":"Polymetalické rudy","rok_ukonceni_provozu":null,"hloubka_delka":"20.00000000","osm_proposal":"man_made=mineshaft","osm_mining_feature_within_50m":false},"geometry":{"type":"Point","coordinates":[14.021476,49.702784]}},{"type":"Feature","properties":{"id_dd":"5094","name":"Šachtice Šc 51","type":"Šachtice","kategorie":"Opuštěné důlní dílo","surovina":"Polymetalické rudy","rok_ukonceni_provozu":null,"hloubka_delka":"20.00000000","osm_proposal":"man_made=mineshaft","osm_mining_feature_within_50m":false},"geometry":{"type":"Point","coordinates":[14.023178,49.705598]}},{"type":"Feature","properties":{"id_dd":"5095","name":"Šachtice Šc 61","type":"Šachtice","kategorie":"Opuštěné důlní dílo","surovina":"Polymetalické rudy","rok_ukonceni_provozu":null,"hloubka_delka":"20.00000000","osm_proposal":"man_made=mineshaft","osm_mining_feature_within_50m":false},"geometry":{"type":"Point","coordinates":[14.035625,49.721054]}},{"type":"Feature","properties":{"id_dd":"5096","name":"Šachtice Šc 64","type":"Šachtice","kategorie":"Opuštěné důlní dílo","surovina":"Polymetalické rudy","rok_ukonceni_provozu":null,"hloubka_delka":"20.00000000","osm_proposal":"man_made=mineshaft","osm_mining_feature_within_50m":false},"geometry":{"type":"Point","coordinates":[14.026166,49.717111]}},{"type":"Feature","properties":{"id_dd":"5098","name":"Šachtice Šc 72","type":"Šachtice","kategorie":"Opuštěné důlní dílo","surovina":"Polymetalické rudy","rok_ukonceni_provozu":null,"hloubka_delka":"20.00000000","osm_proposal":"man_made=mineshaft","osm_mining_feature_within_50m":false},"geometry":{"type":"Point","coordinates":[14.022818,49.707307]}},{"type":"Feature","properties":{"id_dd":"6389","name":"Šurf č.19","type":"Šachtice","kategorie":"Opuštěné důlní dílo","surovina":"Radioaktivní suroviny","rok_ukonceni_provozu":"po r. 1945","hloubka_delka":"30.00000000","osm_proposal":"man_made=mineshaft","osm_mining_feature_within_50m":false},"geometry":{"type":"Point","coordinates":[14.012581,49.64972]}},{"type":"Feature","properties":{"id_dd":"6390","name":"Šurf č.11","type":"Šachtice","kategorie":"Opuštěné důlní dílo","surovina":"Radioaktivní suroviny","rok_ukonceni_provozu":null,"hloubka_delka":"20.00000000","osm_proposal":"man_made=mineshaft","osm_mining_feature_within_50m":false},"geometry":{"type":"Point","coordinates":[14.012456,49.645975]}},{"type":"Feature","properties":{"id_dd":"5104","name":"Šachtice Šc 80","type":"Šachtice","kategorie":"Opuštěné důlní dílo","surovina":"Polymetalické rudy","rok_ukonceni_provozu":null,"hloubka_delka":"20.00000000","osm_proposal":"man_made=mineshaft","osm_mining_feature_within_50m":false},"geometry":{"type":"Point","coordinates":[14.024215,49.707249]}},{"type":"Feature","properties":{"id_dd":"5106","name":"Šachtice Šc 63","type":"Šachtice","kategorie":"Opuštěné důlní dílo","surovina":"Polymetalické rudy","rok_ukonceni_provozu":null,"hloubka_delka":"20.00000000","osm_proposal":"man_made=mineshaft","osm_mining_feature_within_50m":false},"geometry":{"type":"Point","coordinates":[14.025336,49.708897]}},{"type":"Feature","properties":{"id_dd":"6391","name":"Šurf č.13","type":"Šachtice","kategorie":"Opuštěné důlní dílo","surovina":"Radioaktivní suroviny","rok_ukonceni_provozu":null,"hloubka_delka":"20.00000000","osm_proposal":"man_made=mineshaft","osm_mining_feature_within_50m":false},"geometry":{"type":"Point","coordinates":[14.013202,49.64589]}},{"type":"Feature","properties":{"id_dd":"6386","name":"Jáma č.15","type":"Jáma","kategorie":"Opuštěné důlní dílo","surovina":"Radioaktivní suroviny","rok_ukonceni_provozu":null,"hloubka_delka":"1242.60000000","osm_proposal":"man_made=mineshaft","osm_mining_feature_within_50m":true},"geometry":{"type":"Point","coordinates":[14.017117,49.655448]}},{"type":"Feature","properties":{"id_dd":"6387","name":"Jáma č.2","type":"Jáma","kategorie":"Opuštěné důlní dílo","surovina":"Radioaktivní suroviny","rok_ukonceni_provozu":"po r. 1945","hloubka_delka":"582.30000000","osm_proposal":"man_made=mineshaft","osm_mining_feature_within_50m":true},"geometry":{"type":"Point","coordinates":[14.003459,49.641952]}},{"type":"Feature","properties":{"id_dd":"5021","name":"důl Sv. Prokopa","type":"Jáma","kategorie":"Neurčeno","surovina":"Zlatonosná ruda","rok_ukonceni_provozu":"po r. 1945","hloubka_delka":"60.00000000","osm_proposal":"man_made=mineshaft","osm_mining_feature_within_50m":false},"geometry":{"type":"Point","coordinates":[14.082844,49.680706]}},{"type":"Feature","properties":{"id_dd":"5020","name":"Štola Sv. Prokopa","type":"Štola","kategorie":"Neurčeno","surovina":"Zlatonosná ruda","rok_ukonceni_provozu":"po r. 1945","hloubka_delka":"180.00000000","osm_proposal":"man_made=adit","osm_mining_feature_within_50m":false},"geometry":{"type":"Point","coordinates":[14.080472,49.681695]}},{"type":"Feature","properties":{"id_dd":"5022","name":"Starý důl","type":"Jáma","kategorie":"Neurčeno","surovina":"Zlatonosná ruda","rok_ukonceni_provozu":"do 19. století","hloubka_delka":null,"osm_proposal":"man_made=mineshaft","osm_mining_feature_within_50m":false},"geometry":{"type":"Point","coordinates":[14.08311,49.683455]}},{"type":"Feature","properties":{"id_dd":"27104","name":"Štola Drkolnovská přívodní","type":"Štola","kategorie":"Opuštěné důlní dílo","surovina":"Polymetalické rudy","rok_ukonceni_provozu":"po r. 1945","hloubka_delka":"130.00000000","osm_proposal":"man_made=adit","osm_mining_feature_within_50m":false},"geometry":{"type":"Point","coordinates":[13.984494,49.671296]}},{"type":"Feature","properties":{"id_dd":"6257","name":"Jáma č.3A","type":"Jáma","kategorie":"Opuštěné důlní dílo","surovina":"Radioaktivní suroviny","rok_ukonceni_provozu":null,"hloubka_delka":"572.85000000","osm_proposal":"man_made=mineshaft","osm_mining_feature_within_50m":false},"geometry":{"type":"Point","coordinates":[13.993598,49.627337]}},{"type":"Feature","properties":{"id_dd":"27073","name":"Šachtice Šc 78","type":"Šachtice","kategorie":"Opuštěné důlní dílo","surovina":"Polymetalické rudy","rok_ukonceni_provozu":null,"hloubka_delka":"20.00000000","osm_proposal":"man_made=mineshaft","osm_mining_feature_within_50m":false},"geometry":{"type":"Point","coordinates":[14.016365,49.720133]}},{"type":"Feature","properties":{"id_dd":"5090","name":"Šachtice Šc 45","type":"Šachtice","kategorie":"Opuštěné důlní dílo","surovina":"Polymetalické rudy","rok_ukonceni_provozu":null,"hloubka_delka":"20.00000000","osm_proposal":"man_made=mineshaft","osm_mining_feature_within_50m":false},"geometry":{"type":"Point","coordinates":[14.022083,49.702848]}},{"type":"Feature","properties":{"id_dd":"5091","name":"Šachtice Šc 47","type":"Šachtice","kategorie":"Opuštěné důlní dílo","surovina":"Polymetalické rudy","rok_ukonceni_provozu":null,"hloubka_delka":"20.00000000","osm_proposal":"man_made=mineshaft","osm_mining_feature_within_50m":false},"geometry":{"type":"Point","coordinates":[14.022983,49.709414]}},{"type":"Feature","properties":{"id_dd":"5092","name":"Šachtice Šc 49","type":"Šachtice","kategorie":"Opuštěné důlní dílo","surovina":"Polymetalické rudy","rok_ukonceni_provozu":null,"hloubka_delka":"20.00000000","osm_proposal":"man_made=mineshaft","osm_mining_feature_within_50m":false},"geometry":{"type":"Point","coordinates":[14.024045,49.698217]}},{"type":"Feature","properties":{"id_dd":"27100","name":"Šachtice Šc 53","type":"Šachtice","kategorie":"Opuštěné důlní dílo","surovina":"Polymetalické rudy","rok_ukonceni_provozu":null,"hloubka_delka":"20.00000000","osm_proposal":"man_made=mineshaft","osm_mining_feature_within_50m":false},"geometry":{"type":"Point","coordinates":[14.020885,49.701984]}},{"type":"Feature","properties":{"id_dd":"4980","name":"Třebsko","type":"Štola","kategorie":"Staré důlní dílo","surovina":"Polymetalické rudy","rok_ukonceni_provozu":"neznámé","hloubka_delka":"22.00000000","osm_proposal":"man_made=adit","osm_mining_feature_within_50m":false},"geometry":{"type":"Point","coordinates":[13.973296,49.623487]}},{"type":"Feature","properties":{"id_dd":"6146","name":"Šurf č.10","type":"Šachtice","kategorie":"Opuštěné důlní dílo","surovina":"Radioaktivní suroviny","rok_ukonceni_provozu":"po r. 1945","hloubka_delka":"25.00000000","osm_proposal":"man_made=mineshaft","osm_mining_feature_within_50m":false},"geometry":{"type":"Point","coordinates":[14.05771,49.675396]}},{"type":"Feature","properties":{"id_dd":"6139","name":"Šurf č.17","type":"Šachtice","kategorie":"Opuštěné důlní dílo","surovina":"Radioaktivní suroviny","rok_ukonceni_provozu":"po r. 1945","hloubka_delka":"30.00000000","osm_proposal":"man_made=mineshaft","osm_mining_feature_within_50m":false},"geometry":{"type":"Point","coordinates":[14.044989,49.676598]}},{"type":"Feature","properties":{"id_dd":"6385","name":"Jáma č.1","type":"Jáma","kategorie":"Opuštěné důlní dílo","surovina":"Radioaktivní suroviny","rok_ukonceni_provozu":"po r. 1945","hloubka_delka":"442.90000000","osm_proposal":"man_made=mineshaft","osm_mining_feature_within_50m":true},"geometry":{"type":"Point","coordinates":[14.001286,49.637433]}},{"type":"Feature","properties":{"id_dd":"6096","name":"Jáma Dubenec (šurf č.43)","type":"Jáma","kategorie":"Opuštěné důlní dílo","surovina":"Radioaktivní suroviny","rok_ukonceni_provozu":"po r. 1945","hloubka_delka":"57.50000000","osm_proposal":"man_made=mineshaft","osm_mining_feature_within_50m":false},"geometry":{"type":"Point","coordinates":[14.072667,49.697749]}},{"type":"Feature","properties":{"id_dd":"7122","name":"Šurf č.47","type":"Šachtice","kategorie":"Opuštěné důlní dílo","surovina":"Radioaktivní suroviny","rok_ukonceni_provozu":null,"hloubka_delka":"105.20000000","osm_proposal":"man_made=mineshaft","osm_mining_feature_within_50m":false},"geometry":{"type":"Point","coordinates":[14.099725,49.707374]}},{"type":"Feature","properties":{"id_dd":"5001","name":"Reichentrost - šachta Obecnická","type":"Jáma","kategorie":"Neurčeno","surovina":"Polymetalické rudy","rok_ukonceni_provozu":"po r. 1945","hloubka_delka":"59.00000000","osm_proposal":"man_made=mineshaft","osm_mining_feature_within_50m":false},"geometry":{"type":"Point","coordinates":[13.963358,49.717189]}},{"type":"Feature","properties":{"id_dd":"6383","name":"Jáma č.4","type":"Jáma","kategorie":"Opuštěné důlní dílo","surovina":"Radioaktivní suroviny","rok_ukonceni_provozu":"po r. 1945","hloubka_delka":"633.90000000","osm_proposal":"man_made=mineshaft","osm_mining_feature_within_50m":true},"geometry":{"type":"Point","coordinates":[14.008298,49.645615]}},{"type":"Feature","properties":{"id_dd":"13638","name":"jáma č.4 - Žežičky","type":"Jáma","kategorie":"Neurčeno","surovina":"Železné rudy","rok_ukonceni_provozu":"neznámé","hloubka_delka":null,"osm_proposal":"man_made=mineshaft","osm_mining_feature_within_50m":false},"geometry":{"type":"Point","coordinates":[13.988074,49.657931]}},{"type":"Feature","properties":{"id_dd":"29643","name":"pinkový tah 4 pod Machačovem","type":"Jáma","kategorie":"Neurčeno","surovina":null,"rok_ukonceni_provozu":"neznámé","hloubka_delka":null,"osm_proposal":"man_made=mineshaft","osm_mining_feature_within_50m":false},"geometry":{"type":"Point","coordinates":[14.027375,49.626752]}},{"type":"Feature","properties":{"id_dd":"6395","name":"Šurf č.6","type":"Šachtice","kategorie":"Opuštěné důlní dílo","surovina":"Radioaktivní suroviny","rok_ukonceni_provozu":"po r. 1945","hloubka_delka":null,"osm_proposal":"man_made=mineshaft","osm_mining_feature_within_50m":false},"geometry":{"type":"Point","coordinates":[13.999331,49.634771]}},{"type":"Feature","properties":{"id_dd":"6396","name":"Šurf č.12","type":"Šachtice","kategorie":"Opuštěné důlní dílo","surovina":"Radioaktivní suroviny","rok_ukonceni_provozu":null,"hloubka_delka":"25.00000000","osm_proposal":"man_made=mineshaft","osm_mining_feature_within_50m":false},"geometry":{"type":"Point","coordinates":[14.007143,49.644882]}},{"type":"Feature","properties":{"id_dd":"6143","name":"Šurf č.41","type":"Šachtice","kategorie":"Opuštěné důlní dílo","surovina":"Radioaktivní suroviny","rok_ukonceni_provozu":"po r. 1945","hloubka_delka":"32.00000000","osm_proposal":"man_made=mineshaft","osm_mining_feature_within_50m":false},"geometry":{"type":"Point","coordinates":[14.041824,49.674443]}},{"type":"Feature","properties":{"id_dd":"29632","name":"jamky v lese 1","type":"Jáma","kategorie":"Neurčeno","surovina":null,"rok_ukonceni_provozu":"neznámé","hloubka_delka":"0.00000000","osm_proposal":"man_made=mineshaft","osm_mining_feature_within_50m":false},"geometry":{"type":"Point","coordinates":[13.979025,49.661393]}},{"type":"Feature","properties":{"id_dd":"29635","name":"jáma","type":"Jáma","kategorie":"Neurčeno","surovina":null,"rok_ukonceni_provozu":"neznámé","hloubka_delka":null,"osm_proposal":"man_made=mineshaft","osm_mining_feature_within_50m":false},"geometry":{"type":"Point","coordinates":[14.019016,49.675306]}},{"type":"Feature","properties":{"id_dd":"29637","name":"pinkový tah 1 Háje","type":"Jáma","kategorie":"Neurčeno","surovina":null,"rok_ukonceni_provozu":"neznámé","hloubka_delka":null,"osm_proposal":"man_made=mineshaft","osm_mining_feature_within_50m":false},"geometry":{"type":"Point","coordinates":[14.036514,49.678919]}},{"type":"Feature","properties":{"id_dd":"5869","name":"Šurf č.14","type":"Šachtice","kategorie":"Opuštěné důlní dílo","surovina":"Radioaktivní suroviny","rok_ukonceni_provozu":null,"hloubka_delka":"30.00000000","osm_proposal":"man_made=mineshaft","osm_mining_feature_within_50m":false},"geometry":{"type":"Point","coordinates":[14.023303,49.670018]}},{"type":"Feature","properties":{"id_dd":"6393","name":"Šurf č.35","type":"Šachtice","kategorie":"Opuštěné důlní dílo","surovina":"Radioaktivní suroviny","rok_ukonceni_provozu":"po r. 1945","hloubka_delka":"26.00000000","osm_proposal":"man_made=mineshaft","osm_mining_feature_within_50m":false},"geometry":{"type":"Point","coordinates":[14.012667,49.653961]}},{"type":"Feature","properties":{"id_dd":"16197","name":"jáma Marie","type":"Jáma","kategorie":"Neurčeno","surovina":"Polymetalické rudy","rok_ukonceni_provozu":"do 19. století","hloubka_delka":"100.00000000","osm_proposal":"man_made=mineshaft","osm_mining_feature_within_50m":false},"geometry":{"type":"Point","coordinates":[13.988399,49.658297]}},{"type":"Feature","properties":{"id_dd":"29629","name":"Narysovská šachta","type":"Jáma","kategorie":"Neurčeno","surovina":null,"rok_ukonceni_provozu":"neznámé","hloubka_delka":null,"osm_proposal":"man_made=mineshaft","osm_mining_feature_within_50m":false},"geometry":{"type":"Point","coordinates":[13.963849,49.645443]}},{"type":"Feature","properties":{"id_dd":"13637","name":"jáma č.3 - Žežičky","type":"Jáma","kategorie":"Neurčeno","surovina":"Železné rudy","rok_ukonceni_provozu":"neznámé","hloubka_delka":null,"osm_proposal":"man_made=mineshaft","osm_mining_feature_within_50m":false},"geometry":{"type":"Point","coordinates":[13.989979,49.661152]}},{"type":"Feature","properties":{"id_dd":"16175","name":"Jáma František","type":"Jáma","kategorie":"Opuštěné důlní dílo","surovina":"Polymetalické rudy","rok_ukonceni_provozu":null,"hloubka_delka":"163.80000000","osm_proposal":"man_made=mineshaft","osm_mining_feature_within_50m":false},"geometry":{"type":"Point","coordinates":[13.956269,49.660014]}},{"type":"Feature","properties":{"id_dd":"29640","name":"pinkový tah 1 pod Machačovem","type":"Jáma","kategorie":"Neurčeno","surovina":null,"rok_ukonceni_provozu":"neznámé","hloubka_delka":null,"osm_proposal":"man_made=mineshaft","osm_mining_feature_within_50m":false},"geometry":{"type":"Point","coordinates":[14.029789,49.62703]}},{"type":"Feature","properties":{"id_dd":"6243","name":"Jáma č.13 (NVK)","type":"Jáma","kategorie":"Opuštěné důlní dílo","surovina":"Radioaktivní suroviny","rok_ukonceni_provozu":null,"hloubka_delka":"1140.20000000","osm_proposal":"man_made=mineshaft","osm_mining_feature_within_50m":false},"geometry":{"type":"Point","coordinates":[14.045761,49.665198]}},{"type":"Feature","properties":{"id_dd":"29642","name":"pinkový tah 3 pod Machačovem","type":"Jáma","kategorie":"Neurčeno","surovina":null,"rok_ukonceni_provozu":"neznámé","hloubka_delka":"1.00000000","osm_proposal":"man_made=mineshaft","osm_mining_feature_within_50m":false},"geometry":{"type":"Point","coordinates":[14.02844,49.626678]}},{"type":"Feature","properties":{"id_dd":"16082","name":"Štola Josef-Marie","type":"Štola","kategorie":"Opuštěné důlní dílo","surovina":"Polymetalické rudy","rok_ukonceni_provozu":"neznámé","hloubka_delka":null,"osm_proposal":"man_made=adit","osm_mining_feature_within_50m":false},"geometry":{"type":"Point","coordinates":[13.985646,49.68423]}},{"type":"Feature","properties":{"id_dd":"7176","name":"Jáma Svatá Hora (Jáma č.6A)","type":"Jáma","kategorie":"Opuštěné důlní dílo","surovina":"Polymetalické rudy","rok_ukonceni_provozu":null,"hloubka_delka":"310.10000000","osm_proposal":"man_made=mineshaft","osm_mining_feature_within_50m":false},"geometry":{"type":"Point","coordinates":[14.019821,49.681113]}},{"type":"Feature","properties":{"id_dd":"29627","name":"Antonie","type":"Jáma","kategorie":"Neurčeno","surovina":null,"rok_ukonceni_provozu":"neznámé","hloubka_delka":null,"osm_proposal":"man_made=mineshaft","osm_mining_feature_within_50m":false},"geometry":{"type":"Point","coordinates":[14.021082,49.692729]}},{"type":"Feature","properties":{"id_dd":"29639","name":"pinkový tah Lešetice - Lazsko","type":"Jáma","kategorie":"Neurčeno","surovina":null,"rok_ukonceni_provozu":"neznámé","hloubka_delka":null,"osm_proposal":"man_made=mineshaft","osm_mining_feature_within_50m":false},"geometry":{"type":"Point","coordinates":[14.009228,49.638917]}},{"type":"Feature","properties":{"id_dd":"29641","name":"pinkový tah 2 pod Machačovem","type":"Jáma","kategorie":"Neurčeno","surovina":null,"rok_ukonceni_provozu":"neznámé","hloubka_delka":"1.00000000","osm_proposal":"man_made=mineshaft","osm_mining_feature_within_50m":false},"geometry":{"type":"Point","coordinates":[14.02835,49.625752]}},{"type":"Feature","properties":{"id_dd":"27050","name":"Šachtice kontrolní (1.p. Klementské žíly)","type":"Šachtice","kategorie":"Opuštěné důlní dílo","surovina":"Polymetalické rudy","rok_ukonceni_provozu":null,"hloubka_delka":"27.00000000","osm_proposal":"man_made=mineshaft","osm_mining_feature_within_50m":false},"geometry":{"type":"Point","coordinates":[13.953115,49.661832]}},{"type":"Feature","properties":{"id_dd":"6140","name":"Šurf č.36","type":"Šachtice","kategorie":"Opuštěné důlní dílo","surovina":"Radioaktivní suroviny","rok_ukonceni_provozu":"po r. 1945","hloubka_delka":"22.80000000","osm_proposal":"man_made=mineshaft","osm_mining_feature_within_50m":false},"geometry":{"type":"Point","coordinates":[14.051715,49.678919]}},{"type":"Feature","properties":{"id_dd":"29626","name":"jáma 2 Kozičín","type":"Jáma","kategorie":"Neurčeno","surovina":null,"rok_ukonceni_provozu":"neznámé","hloubka_delka":null,"osm_proposal":"man_made=mineshaft","osm_mining_feature_within_50m":false},"geometry":{"type":"Point","coordinates":[13.948275,49.677809]}},{"type":"Feature","properties":{"id_dd":"30108","name":"jáma nad štolou Bedřich","type":"Jáma","kategorie":"Neurčeno","surovina":"Polymetalické rudy","rok_ukonceni_provozu":"do 19. století","hloubka_delka":"2.00000000","osm_proposal":"man_made=mineshaft","osm_mining_feature_within_50m":false},"geometry":{"type":"Point","coordinates":[13.987345,49.642557]}},{"type":"Feature","properties":{"id_dd":"29630","name":"jáma v lese","type":"Jáma","kategorie":"Neurčeno","surovina":null,"rok_ukonceni_provozu":"neznámé","hloubka_delka":null,"osm_proposal":"man_made=mineshaft","osm_mining_feature_within_50m":false},"geometry":{"type":"Point","coordinates":[14.017784,49.719736]}},{"type":"Feature","properties":{"id_dd":"6384","name":"Jáma větrací Palec I","type":"Jáma","kategorie":"Opuštěné důlní dílo","surovina":"Radioaktivní suroviny","rok_ukonceni_provozu":"po r. 1945","hloubka_delka":"151.57000000","osm_proposal":"man_made=mineshaft","osm_mining_feature_within_50m":false},"geometry":{"type":"Point","coordinates":[14.016149,49.64923]}},{"type":"Feature","properties":{"id_dd":"29657","name":"jáma na žíle Pošepný","type":"Jáma","kategorie":"Neurčeno","surovina":"Měděná ruda","rok_ukonceni_provozu":"neznámé","hloubka_delka":null,"osm_proposal":"man_made=mineshaft","osm_mining_feature_within_50m":false},"geometry":{"type":"Point","coordinates":[14.042565,49.621576]}},{"type":"Feature","properties":{"id_dd":"29628","name":"Kozičínská štola","type":"Štola","kategorie":"Neurčeno","surovina":null,"rok_ukonceni_provozu":"neznámé","hloubka_delka":null,"osm_proposal":"man_made=adit","osm_mining_feature_within_50m":false},"geometry":{"type":"Point","coordinates":[13.94915,49.676137]}},{"type":"Feature","properties":{"id_dd":"30105","name":"jáma u Hatí","type":"Jáma","kategorie":"Neurčeno","surovina":"Polymetalické rudy","rok_ukonceni_provozu":"do 19. století","hloubka_delka":null,"osm_proposal":"man_made=mineshaft","osm_mining_feature_within_50m":false},"geometry":{"type":"Point","coordinates":[14.011357,49.676266]}},{"type":"Feature","properties":{"id_dd":"29634","name":"komín Haťský 3","type":"Jáma","kategorie":"Neurčeno","surovina":null,"rok_ukonceni_provozu":"neznámé","hloubka_delka":null,"osm_proposal":"man_made=mineshaft","osm_mining_feature_within_50m":false},"geometry":{"type":"Point","coordinates":[14.01797,49.672938]}},{"type":"Feature","properties":{"id_dd":"27538","name":"Šc 7","type":"Šachtice","kategorie":"Neurčeno","surovina":"Polymetalické rudy","rok_ukonceni_provozu":"před r. 1945","hloubka_delka":"100.00000000","osm_proposal":"man_made=mineshaft","osm_mining_feature_within_50m":false},"geometry":{"type":"Point","coordinates":[14.022091,49.712915]}},{"type":"Feature","properties":{"id_dd":"30110","name":"Antonie","type":"Jáma","kategorie":"Neurčeno","surovina":"Polymetalické rudy","rok_ukonceni_provozu":"do 19. století","hloubka_delka":null,"osm_proposal":"man_made=mineshaft","osm_mining_feature_within_50m":false},"geometry":{"type":"Point","coordinates":[14.0255,49.691486]}},{"type":"Feature","properties":{"id_dd":"30103","name":"světlík na Dědičnou štolu","type":"Jáma","kategorie":"Neurčeno","surovina":"Polymetalické rudy","rok_ukonceni_provozu":"do 19. století","hloubka_delka":"0.00000000","osm_proposal":"man_made=mineshaft","osm_mining_feature_within_50m":false},"geometry":{"type":"Point","coordinates":[14.003517,49.708411]}},{"type":"Feature","properties":{"id_dd":"16181","name":"Jáma Kozičín","type":"Jáma","kategorie":"Opuštěné důlní dílo","surovina":"Polymetalické rudy","rok_ukonceni_provozu":null,"hloubka_delka":"211.00000000","osm_proposal":"man_made=mineshaft","osm_mining_feature_within_50m":false},"geometry":{"type":"Point","coordinates":[13.948482,49.677065]}},{"type":"Feature","properties":{"id_dd":"5048","name":"jáma Vojna 2","type":"Jáma","kategorie":"Neurčeno","surovina":"Železné rudy","rok_ukonceni_provozu":"do 19. století","hloubka_delka":null,"osm_proposal":"man_made=mineshaft","osm_mining_feature_within_50m":false},"geometry":{"type":"Point","coordinates":[13.985217,49.644085]}},{"type":"Feature","properties":{"id_dd":"5089","name":"Šachtice Šc 44","type":"Šachtice","kategorie":"Opuštěné důlní dílo","surovina":"Polymetalické rudy","rok_ukonceni_provozu":null,"hloubka_delka":"20.00000000","osm_proposal":"man_made=mineshaft","osm_mining_feature_within_50m":false},"geometry":{"type":"Point","coordinates":[14.022228,49.702878]}},{"type":"Feature","properties":{"id_dd":"13921","name":"kutací šachtice Květná 3","type":"Jáma","kategorie":"Neurčeno","surovina":"Železné rudy","rok_ukonceni_provozu":"do 19. století","hloubka_delka":"18.00000000","osm_proposal":"man_made=mineshaft","osm_mining_feature_within_50m":false},"geometry":{"type":"Point","coordinates":[14.021615,49.699518]}},{"type":"Feature","properties":{"id_dd":"6258","name":"Jáma č.3C","type":"Jáma","kategorie":"Opuštěné důlní dílo","surovina":"Radioaktivní suroviny","rok_ukonceni_provozu":null,"hloubka_delka":"120.10000000","osm_proposal":"man_made=mineshaft","osm_mining_feature_within_50m":false},"geometry":{"type":"Point","coordinates":[13.995588,49.624612]}},{"type":"Feature","properties":{"id_dd":"13670","name":"jáma č.2 - Slivice","type":"Jáma","kategorie":"Neurčeno","surovina":"Železné rudy","rok_ukonceni_provozu":"neznámé","hloubka_delka":null,"osm_proposal":"man_made=mineshaft","osm_mining_feature_within_50m":false},"geometry":{"type":"Point","coordinates":[14.039721,49.643484]}},{"type":"Feature","properties":{"id_dd":"16114","name":"Štola Drkolnovská odpadní (vodní)","type":"Štola","kategorie":"Opuštěné důlní dílo","surovina":"Polymetalické rudy","rok_ukonceni_provozu":"po r. 1945","hloubka_delka":"550.00000000","osm_proposal":"man_made=adit","osm_mining_feature_within_50m":false},"geometry":{"type":"Point","coordinates":[13.978147,49.674068]}},{"type":"Feature","properties":{"id_dd":"16071","name":"jáma Fürstenbergsko - Mansfeldská kutací B","type":"Úpadnice","kategorie":"Neurčeno","surovina":"Polymetalické rudy","rok_ukonceni_provozu":"před r. 1945","hloubka_delka":"100.00000000","osm_proposal":"man_made=adit","osm_mining_feature_within_50m":false},"geometry":{"type":"Point","coordinates":[14.01073,49.673973]}},{"type":"Feature","properties":{"id_dd":"30104","name":"Stará štola","type":"Štola","kategorie":"Neurčeno","surovina":"Polymetalické rudy","rok_ukonceni_provozu":"do 16. století","hloubka_delka":null,"osm_proposal":"man_made=adit","osm_mining_feature_within_50m":false},"geometry":{"type":"Point","coordinates":[14.016609,49.690216]}},{"type":"Feature","properties":{"id_dd":"5940","name":"Jáma č.16","type":"Jáma","kategorie":"Opuštěné důlní dílo","surovina":"Radioaktivní suroviny","rok_ukonceni_provozu":null,"hloubka_delka":"1838.40000000","osm_proposal":"man_made=mineshaft","osm_mining_feature_within_50m":true},"geometry":{"type":"Point","coordinates":[14.058563,49.672671]}},{"type":"Feature","properties":{"id_dd":"13617","name":"jáma č.3 - Malý Drahlín","type":"Jáma","kategorie":"Neurčeno","surovina":"Železné rudy","rok_ukonceni_provozu":"neznámé","hloubka_delka":null,"osm_proposal":"man_made=mineshaft","osm_mining_feature_within_50m":false},"geometry":{"type":"Point","coordinates":[13.950818,49.735169]}},{"type":"Feature","properties":{"id_dd":"13631","name":"jáma č.2 - Vojna","type":"Jáma","kategorie":"Neurčeno","surovina":"Železné rudy","rok_ukonceni_provozu":"neznámé","hloubka_delka":null,"osm_proposal":"man_made=mineshaft","osm_mining_feature_within_50m":false},"geometry":{"type":"Point","coordinates":[13.98967,49.646407]}},{"type":"Feature","properties":{"id_dd":"16095","name":"Štola Ševčinská (Průjezdní)","type":"Štola","kategorie":"Opuštěné důlní dílo","surovina":"Polymetalické rudy","rok_ukonceni_provozu":"po r. 1945","hloubka_delka":"133.50000000","osm_proposal":"man_made=adit","osm_mining_feature_within_50m":true},"geometry":{"type":"Point","coordinates":[13.989146,49.684606]}},{"type":"Feature","properties":{"id_dd":"16089","name":"Jáma Matky Boží (Nálezná)","type":"Jáma","kategorie":"Opuštěné důlní dílo","surovina":"Polymetalické rudy","rok_ukonceni_provozu":"neznámé","hloubka_delka":"230.00000000","osm_proposal":"man_made=mineshaft","osm_mining_feature_within_50m":false},"geometry":{"type":"Point","coordinates":[13.992455,49.685727]}},{"type":"Feature","properties":{"id_dd":"13669","name":"jáma č.1 - Slivice","type":"Jáma","kategorie":"Neurčeno","surovina":"Železné rudy","rok_ukonceni_provozu":"neznámé","hloubka_delka":null,"osm_proposal":"man_made=mineshaft","osm_mining_feature_within_50m":false},"geometry":{"type":"Point","coordinates":[14.04006,49.642389]}},{"type":"Feature","properties":{"id_dd":"16081","name":"Jáma Joklova","type":"Jáma","kategorie":"Opuštěné důlní dílo","surovina":"Polymetalické rudy","rok_ukonceni_provozu":"neznámé","hloubka_delka":null,"osm_proposal":"man_made=mineshaft","osm_mining_feature_within_50m":false},"geometry":{"type":"Point","coordinates":[13.987383,49.681757]}},{"type":"Feature","properties":{"id_dd":"4740","name":"Šachtice Šc 52","type":"Šachtice","kategorie":"Opuštěné důlní dílo","surovina":"Polymetalické rudy","rok_ukonceni_provozu":null,"hloubka_delka":"20.00000000","osm_proposal":"man_made=mineshaft","osm_mining_feature_within_50m":false},"geometry":{"type":"Point","coordinates":[14.022698,49.702455]}},{"type":"Feature","properties":{"id_dd":"6397","name":"Šurf č.7","type":"Šachtice","kategorie":"Opuštěné důlní dílo","surovina":"Radioaktivní suroviny","rok_ukonceni_provozu":"před r. 1945","hloubka_delka":"22.00000000","osm_proposal":"man_made=mineshaft","osm_mining_feature_within_50m":false},"geometry":{"type":"Point","coordinates":[14.039978,49.642318]}},{"type":"Feature","properties":{"id_dd":"31865","name":"Jáma Martin (komín Halex)","type":"Jáma","kategorie":"Opuštěné důlní dílo","surovina":"Polymetalické rudy","rok_ukonceni_provozu":"neznámé","hloubka_delka":"54.00000000","osm_proposal":"man_made=mineshaft","osm_mining_feature_within_50m":false},"geometry":{"type":"Point","coordinates":[13.994007,49.688841]}},{"type":"Feature","properties":{"id_dd":"29633","name":"jamky v lese 2","type":"Jáma","kategorie":"Neurčeno","surovina":null,"rok_ukonceni_provozu":"neznámé","hloubka_delka":"1.00000000","osm_proposal":"man_made=mineshaft","osm_mining_feature_within_50m":false},"geometry":{"type":"Point","coordinates":[13.975104,49.660519]}},{"type":"Feature","properties":{"id_dd":"29636","name":"Mannsfeldova štola","type":"Štola","kategorie":"Neurčeno","surovina":"Železné rudy","rok_ukonceni_provozu":"neznámé","hloubka_delka":null,"osm_proposal":"man_made=adit","osm_mining_feature_within_50m":false},"geometry":{"type":"Point","coordinates":[14.012526,49.667291]}},{"type":"Feature","properties":{"id_dd":"5950","name":"Šurf č.42-František","type":"Šachtice","kategorie":"Opuštěné důlní dílo","surovina":"Radioaktivní suroviny","rok_ukonceni_provozu":null,"hloubka_delka":"60.30000000","osm_proposal":"man_made=mineshaft","osm_mining_feature_within_50m":false},"geometry":{"type":"Point","coordinates":[14.043069,49.686983]}},{"type":"Feature","properties":{"id_dd":"16111","name":"Jáma Drkolnov (August)","type":"Jáma","kategorie":"Opuštěné důlní dílo","surovina":"Polymetalické rudy","rok_ukonceni_provozu":null,"hloubka_delka":"425.20000000","osm_proposal":"man_made=mineshaft","osm_mining_feature_within_50m":false},"geometry":{"type":"Point","coordinates":[13.984547,49.67221]}},{"type":"Feature","properties":{"id_dd":"16118","name":"Jáma Ferdinand (Černojamská)","type":"Jáma","kategorie":"Opuštěné důlní dílo","surovina":"Polymetalické rudy","rok_ukonceni_provozu":null,"hloubka_delka":"324.80000000","osm_proposal":"man_made=mineshaft","osm_mining_feature_within_50m":false},"geometry":{"type":"Point","coordinates":[13.990955,49.693033]}},{"type":"Feature","properties":{"id_dd":"16067","name":"jáma Barbora","type":"Jáma","kategorie":"Neurčeno","surovina":"Železné rudy","rok_ukonceni_provozu":"před r. 1945","hloubka_delka":"100.00000000","osm_proposal":"man_made=mineshaft","osm_mining_feature_within_50m":false},"geometry":{"type":"Point","coordinates":[14.015546,49.668571]}},{"type":"Feature","properties":{"id_dd":"5944","name":"Jáma č.19","type":"Jáma","kategorie":"Opuštěné důlní dílo","surovina":"Radioaktivní suroviny","rok_ukonceni_provozu":null,"hloubka_delka":"1456.60000000","osm_proposal":"man_made=mineshaft","osm_mining_feature_within_50m":false},"geometry":{"type":"Point","coordinates":[14.09989,49.696311]}},{"type":"Feature","properties":{"id_dd":"4738","name":"Šachtice Šc 48","type":"Šachtice","kategorie":"Opuštěné důlní dílo","surovina":"Polymetalické rudy","rok_ukonceni_provozu":null,"hloubka_delka":"20.00000000","osm_proposal":"man_made=mineshaft","osm_mining_feature_within_50m":false},"geometry":{"type":"Point","coordinates":[14.022887,49.697994]}},{"type":"Feature","properties":{"id_dd":"5088","name":"Šachtice Šc 46","type":"Šachtice","kategorie":"Opuštěné důlní dílo","surovina":"Polymetalické rudy","rok_ukonceni_provozu":null,"hloubka_delka":"23.00000000","osm_proposal":"man_made=mineshaft","osm_mining_feature_within_50m":false},"geometry":{"type":"Point","coordinates":[14.022511,49.702915]}},{"type":"Feature","properties":{"id_dd":"5099","name":"Šachtice Šc 77","type":"Šachtice","kategorie":"Opuštěné důlní dílo","surovina":"Polymetalické rudy","rok_ukonceni_provozu":null,"hloubka_delka":"20.00000000","osm_proposal":"man_made=mineshaft","osm_mining_feature_within_50m":false},"geometry":{"type":"Point","coordinates":[14.038098,49.718392]}},{"type":"Feature","properties":{"id_dd":"5035","name":"jáma Vojna 1","type":"Jáma","kategorie":"Neurčeno","surovina":"Železné rudy","rok_ukonceni_provozu":"do 19. století","hloubka_delka":null,"osm_proposal":"man_made=mineshaft","osm_mining_feature_within_50m":false},"geometry":{"type":"Point","coordinates":[13.984544,49.642069]}},{"type":"Feature","properties":{"id_dd":"4742","name":"Šachtice Šc 57","type":"Šachtice","kategorie":"Opuštěné důlní dílo","surovina":"Polymetalické rudy","rok_ukonceni_provozu":null,"hloubka_delka":"20.00000000","osm_proposal":"man_made=mineshaft","osm_mining_feature_within_50m":false},"geometry":{"type":"Point","coordinates":[14.045671,49.729064]}},{"type":"Feature","properties":{"id_dd":"4745","name":"Šachtice Šc 65","type":"Šachtice","kategorie":"Opuštěné důlní dílo","surovina":"Polymetalické rudy","rok_ukonceni_provozu":null,"hloubka_delka":"20.00000000","osm_proposal":"man_made=mineshaft","osm_mining_feature_within_50m":false},"geometry":{"type":"Point","coordinates":[14.030384,49.726197]}},{"type":"Feature","properties":{"id_dd":"6373","name":"Šurf č.51-Květná","type":"Šachtice","kategorie":"Opuštěné důlní dílo","surovina":"Radioaktivní suroviny","rok_ukonceni_provozu":"po r. 1945","hloubka_delka":"104.40000000","osm_proposal":"man_made=mineshaft","osm_mining_feature_within_50m":false},"geometry":{"type":"Point","coordinates":[14.037116,49.702763]}},{"type":"Feature","properties":{"id_dd":"13913","name":"stará jáma Skorotín","type":"Jáma","kategorie":"Neurčeno","surovina":"Železné rudy","rok_ukonceni_provozu":"před r. 1945","hloubka_delka":"17.00000000","osm_proposal":"man_made=mineshaft","osm_mining_feature_within_50m":false},"geometry":{"type":"Point","coordinates":[14.018646,49.718563]}},{"type":"Feature","properties":{"id_dd":"6141","name":"Šurf č.39","type":"Šachtice","kategorie":"Opuštěné důlní dílo","surovina":"Radioaktivní suroviny","rok_ukonceni_provozu":null,"hloubka_delka":"21.50000000","osm_proposal":"man_made=mineshaft","osm_mining_feature_within_50m":false},"geometry":{"type":"Point","coordinates":[14.049137,49.674348]}},{"type":"Feature","properties":{"id_dd":"6142","name":"Šurf č.37","type":"Šachtice","kategorie":"Opuštěné důlní dílo","surovina":"Radioaktivní suroviny","rok_ukonceni_provozu":"po r. 1945","hloubka_delka":"21.70000000","osm_proposal":"man_made=mineshaft","osm_mining_feature_within_50m":false},"geometry":{"type":"Point","coordinates":[14.048442,49.675982]}},{"type":"Feature","properties":{"id_dd":"5850","name":"Jáma č.6","type":"Jáma","kategorie":"Opuštěné důlní dílo","surovina":"Radioaktivní suroviny","rok_ukonceni_provozu":"po r. 1945","hloubka_delka":"544.17000000","osm_proposal":"man_made=mineshaft","osm_mining_feature_within_50m":false},"geometry":{"type":"Point","coordinates":[14.020182,49.667937]}},{"type":"Feature","properties":{"id_dd":"6138","name":"Jáma č.21","type":"Jáma","kategorie":"Opuštěné důlní dílo","surovina":"Radioaktivní suroviny","rok_ukonceni_provozu":null,"hloubka_delka":"543.00000000","osm_proposal":"man_made=mineshaft","osm_mining_feature_within_50m":false},"geometry":{"type":"Point","coordinates":[14.049937,49.680155]}},{"type":"Feature","properties":{"id_dd":"6256","name":"Jáma č.3","type":"Jáma","kategorie":"Opuštěné důlní dílo","surovina":"Radioaktivní suroviny","rok_ukonceni_provozu":null,"hloubka_delka":"536.00000000","osm_proposal":"man_made=mineshaft","osm_mining_feature_within_50m":false},"geometry":{"type":"Point","coordinates":[13.995895,49.626911]}},{"type":"Feature","properties":{"id_dd":"6259","name":"Šurf č.5","type":"Šachtice","kategorie":"Opuštěné důlní dílo","surovina":"Radioaktivní suroviny","rok_ukonceni_provozu":"po r. 1945","hloubka_delka":"12.00000000","osm_proposal":"man_made=mineshaft","osm_mining_feature_within_50m":false},"geometry":{"type":"Point","coordinates":[13.994757,49.62439]}},{"type":"Feature","properties":{"id_dd":"5857","name":"Šurf č.21","type":"Šachtice","kategorie":"Opuštěné důlní dílo","surovina":"Radioaktivní suroviny","rok_ukonceni_provozu":"po r. 1945","hloubka_delka":"30.00000000","osm_proposal":"man_made=mineshaft","osm_mining_feature_within_50m":false},"geometry":{"type":"Point","coordinates":[14.021197,49.669032]}},{"type":"Feature","properties":{"id_dd":"5858","name":"Šurf č.22","type":"Šachtice","kategorie":"Opuštěné důlní dílo","surovina":"Radioaktivní suroviny","rok_ukonceni_provozu":"po r. 1945","hloubka_delka":"30.00000000","osm_proposal":"man_made=mineshaft","osm_mining_feature_within_50m":false},"geometry":{"type":"Point","coordinates":[14.02483,49.672231]}},{"type":"Feature","properties":{"id_dd":"6261","name":"Šurf č.29","type":"Šachtice","kategorie":"Opuštěné důlní dílo","surovina":"Radioaktivní suroviny","rok_ukonceni_provozu":"po r. 1945","hloubka_delka":"20.00000000","osm_proposal":"man_made=mineshaft","osm_mining_feature_within_50m":false},"geometry":{"type":"Point","coordinates":[13.996347,49.63106]}},{"type":"Feature","properties":{"id_dd":"6392","name":"Šurf č.44","type":"Šachtice","kategorie":"Opuštěné důlní dílo","surovina":"Radioaktivní suroviny","rok_ukonceni_provozu":"po r. 1945","hloubka_delka":"21.00000000","osm_proposal":"man_made=mineshaft","osm_mining_feature_within_50m":false},"geometry":{"type":"Point","coordinates":[14.005817,49.638845]}},{"type":"Feature","properties":{"id_dd":"5945","name":"Jáma č.11A","type":"Jáma","kategorie":"Opuštěné důlní dílo","surovina":"Radioaktivní suroviny","rok_ukonceni_provozu":null,"hloubka_delka":"1503.60000000","osm_proposal":"man_made=mineshaft","osm_mining_feature_within_50m":true},"geometry":{"type":"Point","coordinates":[14.069733,49.68407]}},{"type":"Feature","properties":{"id_dd":"5949","name":"Štola č.70","type":"Štola","kategorie":"Opuštěné důlní dílo","surovina":"Radioaktivní suroviny","rok_ukonceni_provozu":"po r. 1945","hloubka_delka":"150.00000000","osm_proposal":"man_made=adit","osm_mining_feature_within_50m":false},"geometry":{"type":"Point","coordinates":[14.061678,49.68212]}},{"type":"Feature","properties":{"id_dd":"6398","name":"Šurf č.38","type":"Šachtice","kategorie":"Opuštěné důlní dílo","surovina":"Radioaktivní suroviny","rok_ukonceni_provozu":"po r. 1945","hloubka_delka":"21.60000000","osm_proposal":"man_made=mineshaft","osm_mining_feature_within_50m":false},"geometry":{"type":"Point","coordinates":[14.010423,49.649165]}},{"type":"Feature","properties":{"id_dd":"31078","name":"Šachtice Šc 67","type":"Šachtice","kategorie":"Opuštěné důlní dílo","surovina":"Polymetalické rudy","rok_ukonceni_provozu":null,"hloubka_delka":"20.00000000","osm_proposal":"man_made=mineshaft","osm_mining_feature_within_50m":false},"geometry":{"type":"Point","coordinates":[14.026795,49.713113]}},{"type":"Feature","properties":{"id_dd":"5959","name":"Šurf č.33","type":"Šachtice","kategorie":"Opuštěné důlní dílo","surovina":"Radioaktivní suroviny","rok_ukonceni_provozu":"po r. 1945","hloubka_delka":"20.90000000","osm_proposal":"man_made=mineshaft","osm_mining_feature_within_50m":false},"geometry":{"type":"Point","coordinates":[14.070611,49.688296]}},{"type":"Feature","properties":{"id_dd":"5960","name":"Šurf č.30","type":"Šachtice","kategorie":"Opuštěné důlní dílo","surovina":"Radioaktivní suroviny","rok_ukonceni_provozu":"po r. 1945","hloubka_delka":"20.00000000","osm_proposal":"man_made=mineshaft","osm_mining_feature_within_50m":false},"geometry":{"type":"Point","coordinates":[14.071249,49.686029]}},{"type":"Feature","properties":{"id_dd":"7255","name":"Šurf č.40","type":"Šachtice","kategorie":"Opuštěné důlní dílo","surovina":"Radioaktivní suroviny","rok_ukonceni_provozu":"po r. 1945","hloubka_delka":"21.00000000","osm_proposal":"man_made=mineshaft","osm_mining_feature_within_50m":false},"geometry":{"type":"Point","coordinates":[14.036805,49.715114]}},{"type":"Feature","properties":{"id_dd":"7272","name":"Šurf č.27","type":"Šachtice","kategorie":"Opuštěné důlní dílo","surovina":"Radioaktivní suroviny","rok_ukonceni_provozu":"po r. 1945","hloubka_delka":"30.00000000","osm_proposal":"man_made=mineshaft","osm_mining_feature_within_50m":false},"geometry":{"type":"Point","coordinates":[13.986369,49.620265]}},{"type":"Feature","properties":{"id_dd":"4754","name":"Šachtice Šc 81","type":"Šachtice","kategorie":"Opuštěné důlní dílo","surovina":"Polymetalické rudy","rok_ukonceni_provozu":null,"hloubka_delka":"20.00000000","osm_proposal":"man_made=mineshaft","osm_mining_feature_within_50m":false},"geometry":{"type":"Point","coordinates":[14.026384,49.709489]}},{"type":"Feature","properties":{"id_dd":"29658","name":"Karel","type":"Jáma","kategorie":"Opuštěné průzkumné důlní dílo","surovina":"Polymetalické rudy","rok_ukonceni_provozu":"po r. 1945","hloubka_delka":"105.00000000","osm_proposal":"man_made=mineshaft","osm_mining_feature_within_50m":false},"geometry":{"type":"Point","coordinates":[14.039836,49.640215]}},{"type":"Feature","properties":{"id_dd":"16122","name":"Jáma Jarošovka (Strachenschacht))","type":"Jáma","kategorie":"Opuštěné důlní dílo","surovina":"Polymetalické rudy","rok_ukonceni_provozu":null,"hloubka_delka":"218.90000000","osm_proposal":"man_made=mineshaft","osm_mining_feature_within_50m":false},"geometry":{"type":"Point","coordinates":[13.992488,49.699269]}},{"type":"Feature","properties":{"id_dd":"16123","name":"Jáma Josef","type":"Jáma","kategorie":"Opuštěné důlní dílo","surovina":"Polymetalické rudy","rok_ukonceni_provozu":"neznámé","hloubka_delka":"36.00000000","osm_proposal":"man_made=mineshaft","osm_mining_feature_within_50m":false},"geometry":{"type":"Point","coordinates":[13.999077,49.689658]}},{"type":"Feature","properties":{"id_dd":"16126","name":"Štola Matějská (Matyášova)","type":"Štola","kategorie":"Opuštěné důlní dílo","surovina":"Polymetalické rudy","rok_ukonceni_provozu":null,"hloubka_delka":"522.50000000","osm_proposal":"man_made=adit","osm_mining_feature_within_50m":false},"geometry":{"type":"Point","coordinates":[14.00704,49.694368]}},{"type":"Feature","properties":{"id_dd":"16128","name":"jáma Narysovská","type":"Jáma","kategorie":"Neurčeno","surovina":"Polymetalické rudy","rok_ukonceni_provozu":"do 19. století","hloubka_delka":"64.00000000","osm_proposal":"man_made=mineshaft","osm_mining_feature_within_50m":false},"geometry":{"type":"Point","coordinates":[13.965364,49.645548]}},{"type":"Feature","properties":{"id_dd":"16173","name":"štola Bohutínská Vodní","type":"Štola","kategorie":"Neurčeno","surovina":"Polymetalické rudy","rok_ukonceni_provozu":"před r. 1945","hloubka_delka":"100.00000000","osm_proposal":"man_made=adit","osm_mining_feature_within_50m":true},"geometry":{"type":"Point","coordinates":[13.951196,49.658714]}},{"type":"Feature","properties":{"id_dd":"16177","name":"Jáma Hamerská","type":"Jáma","kategorie":"Opuštěné důlní dílo","surovina":"Polymetalické rudy","rok_ukonceni_provozu":null,"hloubka_delka":"40.00000000","osm_proposal":"man_made=mineshaft","osm_mining_feature_within_50m":false},"geometry":{"type":"Point","coordinates":[13.954038,49.663567]}},{"type":"Feature","properties":{"id_dd":"30109","name":"kutací jáma pod Černojamskou štolou","type":"Jáma","kategorie":"Neurčeno","surovina":"Polymetalické rudy","rok_ukonceni_provozu":"do 16. století","hloubka_delka":null,"osm_proposal":"man_made=mineshaft","osm_mining_feature_within_50m":false},"geometry":{"type":"Point","coordinates":[14.001533,49.702558]}},{"type":"Feature","properties":{"id_dd":"16130","name":"Jáma Nová Hospoda","type":"Jáma","kategorie":"Opuštěné důlní dílo","surovina":"Polymetalické rudy","rok_ukonceni_provozu":null,"hloubka_delka":"46.20000000","osm_proposal":"man_made=mineshaft","osm_mining_feature_within_50m":false},"geometry":{"type":"Point","coordinates":[14.034115,49.693311]}},{"type":"Feature","properties":{"id_dd":"16143","name":"štola Tříkrálová (Zaječí)","type":"Štola","kategorie":"Neurčeno","surovina":"Polymetalické rudy","rok_ukonceni_provozu":"do 18. století","hloubka_delka":"100.00000000","osm_proposal":"man_made=adit","osm_mining_feature_within_50m":false},"geometry":{"type":"Point","coordinates":[13.986357,49.697785]}},{"type":"Feature","properties":{"id_dd":"16146","name":"Jáma Wolfgang","type":"Jáma","kategorie":"Opuštěné důlní dílo","surovina":"Polymetalické rudy","rok_ukonceni_provozu":null,"hloubka_delka":"264.00000000","osm_proposal":"man_made=mineshaft","osm_mining_feature_within_50m":false},"geometry":{"type":"Point","coordinates":[13.981915,49.672618]}},{"type":"Feature","properties":{"id_dd":"16186","name":"Jáma Štěpán (Stefan, Bohutín I)","type":"Jáma","kategorie":"Opuštěné důlní dílo","surovina":"Polymetalické rudy","rok_ukonceni_provozu":null,"hloubka_delka":"882.10000000","osm_proposal":"man_made=mineshaft","osm_mining_feature_within_50m":true},"geometry":{"type":"Point","coordinates":[13.950573,49.656815]}},{"type":"Feature","properties":{"id_dd":"16150","name":"jáma Kutací (Sádek)","type":"Jáma","kategorie":"Neurčeno","surovina":"Polymetalické rudy","rok_ukonceni_provozu":"před r. 1945","hloubka_delka":"100.00000000","osm_proposal":"man_made=mineshaft","osm_mining_feature_within_50m":false},"geometry":{"type":"Point","coordinates":[14.002085,49.715145]}},{"type":"Feature","properties":{"id_dd":"16151","name":"jáma Kutací na Květné","type":"Jáma","kategorie":"Neurčeno","surovina":"Polymetalické rudy","rok_ukonceni_provozu":"do 19. století","hloubka_delka":"11.00000000","osm_proposal":"man_made=mineshaft","osm_mining_feature_within_50m":false},"geometry":{"type":"Point","coordinates":[14.022319,49.706805]}},{"type":"Feature","properties":{"id_dd":"16115","name":"Štola Černojamská","type":"Štola","kategorie":"Opuštěné důlní dílo","surovina":"Polymetalické rudy","rok_ukonceni_provozu":null,"hloubka_delka":null,"osm_proposal":"man_made=adit","osm_mining_feature_within_50m":false},"geometry":{"type":"Point","coordinates":[14.001334,49.698452]}},{"type":"Feature","properties":{"id_dd":"16199","name":"jáma Stará Jakubská","type":"Jáma","kategorie":"Neurčeno","surovina":"Polymetalické rudy","rok_ukonceni_provozu":"před r. 1945","hloubka_delka":"100.00000000","osm_proposal":"man_made=mineshaft","osm_mining_feature_within_50m":false},"geometry":{"type":"Point","coordinates":[13.989909,49.658365]}},{"type":"Feature","properties":{"id_dd":"16120","name":"štola Haasova","type":"Štola","kategorie":"Neurčeno","surovina":"Polymetalické rudy","rok_ukonceni_provozu":"před r. 1945","hloubka_delka":"100.00000000","osm_proposal":"man_made=adit","osm_mining_feature_within_50m":false},"geometry":{"type":"Point","coordinates":[13.986162,49.697086]}},{"type":"Feature","properties":{"id_dd":"16101","name":"Štola Terezie (Marie Terezie)","type":"Štola","kategorie":"Opuštěné důlní dílo","surovina":"Polymetalické rudy","rok_ukonceni_provozu":"neznámé","hloubka_delka":"319.00000000","osm_proposal":"man_made=adit","osm_mining_feature_within_50m":false},"geometry":{"type":"Point","coordinates":[13.986406,49.68807]}},{"type":"Feature","properties":{"id_dd":"16076","name":"Štola Nová Brodská","type":"Štola","kategorie":"Opuštěné důlní dílo","surovina":"Železné rudy","rok_ukonceni_provozu":null,"hloubka_delka":"435.80000000","osm_proposal":"man_made=adit","osm_mining_feature_within_50m":false},"geometry":{"type":"Point","coordinates":[14.005836,49.666406]}},{"type":"Feature","properties":{"id_dd":"16084","name":"Jáma Kozel","type":"Jáma","kategorie":"Opuštěné důlní dílo","surovina":"Polymetalické rudy","rok_ukonceni_provozu":"neznámé","hloubka_delka":null,"osm_proposal":"man_made=mineshaft","osm_mining_feature_within_50m":false},"geometry":{"type":"Point","coordinates":[13.984846,49.681114]}},{"type":"Feature","properties":{"id_dd":"26977","name":"Šc 36","type":"Šachtice","kategorie":"Neurčeno","surovina":"Polymetalické rudy","rok_ukonceni_provozu":"před r. 1945","hloubka_delka":"100.00000000","osm_proposal":"man_made=mineshaft","osm_mining_feature_within_50m":false},"geometry":{"type":"Point","coordinates":[14.019009,49.718569]}},{"type":"Feature","properties":{"id_dd":"27534","name":"Šc 19","type":"Šachtice","kategorie":"Neurčeno","surovina":"Polymetalické rudy","rok_ukonceni_provozu":"před r. 1945","hloubka_delka":"100.00000000","osm_proposal":"man_made=mineshaft","osm_mining_feature_within_50m":false},"geometry":{"type":"Point","coordinates":[14.042633,49.729169]}},{"type":"Feature","properties":{"id_dd":"27090","name":"Šachtice Šc 70","type":"Šachtice","kategorie":"Opuštěné důlní dílo","surovina":"Polymetalické rudy","rok_ukonceni_provozu":null,"hloubka_delka":"20.00000000","osm_proposal":"man_made=mineshaft","osm_mining_feature_within_50m":false},"geometry":{"type":"Point","coordinates":[14.025029,49.706673]}},{"type":"Feature","properties":{"id_dd":"27604","name":"Šachtice Šc 74","type":"Šachtice","kategorie":"Opuštěné důlní dílo","surovina":"Polymetalické rudy","rok_ukonceni_provozu":null,"hloubka_delka":"20.00000000","osm_proposal":"man_made=mineshaft","osm_mining_feature_within_50m":false},"geometry":{"type":"Point","coordinates":[14.016639,49.707657]}},{"type":"Feature","properties":{"id_dd":"29638","name":"Bohutín","type":"Jáma","kategorie":"Neurčeno","surovina":null,"rok_ukonceni_provozu":"neznámé","hloubka_delka":"0.00000000","osm_proposal":"man_made=mineshaft","osm_mining_feature_within_50m":false},"geometry":{"type":"Point","coordinates":[13.946805,49.655232]}},{"type":"Feature","properties":{"id_dd":"29644","name":"pinkový tah 5 pod Machačovem","type":"Jáma","kategorie":"Neurčeno","surovina":null,"rok_ukonceni_provozu":"neznámé","hloubka_delka":null,"osm_proposal":"man_made=mineshaft","osm_mining_feature_within_50m":false},"geometry":{"type":"Point","coordinates":[14.029411,49.625887]}}]}