{"type":"FeatureCollection","features":[{"type":"Feature","properties":{"ref:drusop":106253,"name":"Buk v Masarykově háji","typ":1,"tree_count":1,"url":"https://drusop.aopk.gov.cz/ost/chrobjekty/pstromy/index.php?SHOW_ONE=1&ID_SO=106253","osm_proposal":"natural=tree denotation=natural_monument","osm_natural_monument_within_30m":false},"geometry":{"type":"MultiPoint","coordinates":[[16.559909,49.191225]]}},{"type":"Feature","properties":{"ref:drusop":106619,"name":"Lípa Adolfa Rybky","typ":1,"tree_count":1,"url":"https://drusop.aopk.gov.cz/ost/chrobjekty/pstromy/index.php?SHOW_ONE=1&ID_SO=106619","osm_proposal":"natural=tree denotation=natural_monument","osm_natural_monument_within_30m":false},"geometry":{"type":"MultiPoint","coordinates":[[16.023279,48.831247]]}},{"type":"Feature","properties":{"ref:drusop":106425,"name":"Koválovické lípy","typ":3,"tree_count":2,"url":"https://drusop.aopk.gov.cz/ost/chrobjekty/pstromy/index.php?SHOW_ONE=1&ID_SO=106425","osm_proposal":"natural=tree (each) or natural=tree_row + denotation=natural_monument","osm_natural_monument_within_30m":false},"geometry":{"type":"MultiPoint","coordinates":[[17.16613,49.286002],[17.166121,49.286042]]}},{"type":"Feature","properties":{"ref:drusop":106458,"name":"Lípy u Orlovny v Líšni","typ":3,"tree_count":2,"url":"https://drusop.aopk.gov.cz/ost/chrobjekty/pstromy/index.php?SHOW_ONE=1&ID_SO=106458","osm_proposal":"natural=tree (each) or natural=tree_row + denotation=natural_monument","osm_natural_monument_within_30m":false},"geometry":{"type":"MultiPoint","coordinates":[[16.695307,49.201309],[16.695329,49.201199]]}},{"type":"Feature","properties":{"ref:drusop":100742,"name":"Dub u Rouchovanky","typ":1,"tree_count":1,"url":"https://drusop.aopk.gov.cz/ost/chrobjekty/pstromy/index.php?SHOW_ONE=1&ID_SO=100742","osm_proposal":"natural=tree denotation=natural_monument","osm_natural_monument_within_30m":false},"geometry":{"type":"MultiPoint","coordinates":[[16.067892,49.092879]]}},{"type":"Feature","properties":{"ref:drusop":100746,"name":"Duby v Hrotovicích","typ":3,"tree_count":4,"url":"https://drusop.aopk.gov.cz/ost/chrobjekty/pstromy/index.php?SHOW_ONE=1&ID_SO=100746","osm_proposal":"natural=tree (each) or natural=tree_row + denotation=natural_monument","osm_natural_monument_within_30m":false},"geometry":{"type":"MultiPoint","coordinates":[[16.073564,49.096733],[16.073384,49.09689]]}},{"type":"Feature","properties":{"ref:drusop":100748,"name":"Duby pod hájovnou Panský dvorek","typ":3,"tree_count":2,"url":"https://drusop.aopk.gov.cz/ost/chrobjekty/pstromy/index.php?SHOW_ONE=1&ID_SO=100748","osm_proposal":"natural=tree (each) or natural=tree_row + denotation=natural_monument","osm_natural_monument_within_30m":false},"geometry":{"type":"MultiPoint","coordinates":[[16.065394,49.101484]]}},{"type":"Feature","properties":{"ref:drusop":100638,"name":"Dub u Daníže","typ":1,"tree_count":1,"url":"https://drusop.aopk.gov.cz/ost/chrobjekty/pstromy/index.php?SHOW_ONE=1&ID_SO=100638","osm_proposal":"natural=tree denotation=natural_monument","osm_natural_monument_within_30m":false},"geometry":{"type":"MultiPoint","coordinates":[[16.196742,48.770714]]}},{"type":"Feature","properties":{"ref:drusop":100647,"name":"Topoly u Ječmeniště","typ":3,"tree_count":2,"url":"https://drusop.aopk.gov.cz/ost/chrobjekty/pstromy/index.php?SHOW_ONE=1&ID_SO=100647","osm_proposal":"natural=tree (each) or natural=tree_row + denotation=natural_monument","osm_natural_monument_within_30m":false},"geometry":{"type":"MultiPoint","coordinates":[[16.100673,48.761367],[16.100813,48.761113]]}},{"type":"Feature","properties":{"ref:drusop":100648,"name":"Dub u Stanůvky","typ":1,"tree_count":1,"url":"https://drusop.aopk.gov.cz/ost/chrobjekty/pstromy/index.php?SHOW_ONE=1&ID_SO=100648","osm_proposal":"natural=tree denotation=natural_monument","osm_natural_monument_within_30m":false},"geometry":{"type":"MultiPoint","coordinates":[[15.946358,48.978598]]}},{"type":"Feature","properties":{"ref:drusop":100755,"name":"Borovice u Dukovanského mlýna","typ":1,"tree_count":1,"url":"https://drusop.aopk.gov.cz/ost/chrobjekty/pstromy/index.php?SHOW_ONE=1&ID_SO=100755","osm_proposal":"natural=tree denotation=natural_monument","osm_natural_monument_within_30m":false},"geometry":{"type":"MultiPoint","coordinates":[[16.170561,49.097763]]}},{"type":"Feature","properties":{"ref:drusop":100728,"name":"Stromořadí u Dvorku","typ":2,"tree_count":196,"url":"https://drusop.aopk.gov.cz/ost/chrobjekty/pstromy/index.php?SHOW_ONE=1&ID_SO=100728","osm_proposal":"natural=tree (each) or natural=tree_row + denotation=natural_monument","osm_natural_monument_within_30m":false},"geometry":{"type":"MultiPoint","coordinates":[[16.115271,49.21692],[16.115791,49.216472],[16.116118,49.216183],[16.116861,49.215507],[16.117026,49.215349],[16.117656,49.214722],[16.119223,49.212765],[16.119585,49.212493],[16.119388,49.21274],[16.109682,49.220415],[16.109775,49.220348],[16.109874,49.220275],[16.109981,49.220197],[16.110154,49.220086],[16.110355,49.219949],[16.110471,49.219877],[16.110552,49.219811],[16.110724,49.21969],[16.110815,49.219628],[16.111116,49.219427],[16.111214,49.21936],[16.111308,49.219297],[16.111611,49.219095],[16.111923,49.218901],[16.112119,49.218778],[16.112222,49.218714],[16.11231,49.218659],[16.112551,49.218513],[16.114903,49.217236],[16.114979,49.217171],[16.115049,49.217111],[16.115163,49.217013],[16.115224,49.216961],[16.11561,49.216628],[16.115838,49.216407],[16.115913,49.216341],[16.116055,49.216239],[16.116171,49.216136],[16.116425,49.215909],[16.116543,49.215804],[16.116681,49.215679],[16.116794,49.215571],[16.116922,49.215449],[16.116964,49.215409],[16.117326,49.215062],[16.117393,49.214998],[16.11748,49.214882],[16.117708,49.21467],[16.117786,49.214593],[16.117834,49.214544],[16.117885,49.214492],[16.117944,49.214433],[16.118478,49.213759],[16.118525,49.213696],[16.118963,49.213111],[16.119016,49.213039],[16.119171,49.212834],[16.11937,49.212569],[16.109587,49.220484],[16.119235,49.212933],[16.119294,49.212859],[16.118109,49.214394],[16.117471,49.215051],[16.118474,49.21392],[16.118241,49.214223],[16.118149,49.214342],[16.11806,49.214457],[16.118016,49.214515],[16.117958,49.214576],[16.117892,49.21464],[16.117829,49.214702],[16.117649,49.214878],[16.117355,49.215162],[16.117242,49.21527],[16.116933,49.215566],[16.116294,49.216026],[16.1168,49.215693],[16.116642,49.215844],[16.116153,49.21629],[16.11583,49.216573],[16.115682,49.216703],[16.11553,49.216836],[16.115466,49.216893],[16.115405,49.216946],[16.115345,49.216999],[16.115274,49.21706],[16.11519,49.217135],[16.115105,49.217209],[16.115013,49.217293],[16.113145,49.218353],[16.113022,49.218394],[16.112783,49.218497],[16.112594,49.218604],[16.112066,49.218932],[16.111956,49.219],[16.111858,49.219062],[16.111761,49.219122],[16.111275,49.219447],[16.111167,49.219521],[16.11107,49.219586],[16.110476,49.219992],[16.110287,49.220116],[16.109902,49.220368],[16.117584,49.214795],[16.119485,49.212618],[16.119422,49.212697],[16.110617,49.219737],[16.110917,49.21956],[16.111002,49.219503],[16.111417,49.219224],[16.111498,49.21917],[16.111703,49.219038],[16.111807,49.218973],[16.112028,49.218835],[16.112425,49.218587],[16.115434,49.21678],[16.115536,49.216692],[16.116226,49.216086],[16.116363,49.215964],[16.116496,49.215845],[16.116739,49.215624],[16.117122,49.215258],[16.118035,49.21432],[16.118083,49.21426],[16.118134,49.214196],[16.118186,49.21413],[16.118245,49.214056],[16.11858,49.213624],[16.118616,49.213576],[16.119113,49.212911],[16.119267,49.212706],[16.119311,49.212648],[16.119626,49.212442],[16.119539,49.21255],[16.119348,49.212791],[16.119188,49.212992],[16.119138,49.213055],[16.11908,49.213127],[16.118712,49.213612],[16.118665,49.213673],[16.117607,49.21492],[16.117534,49.21499],[16.118617,49.213735],[16.118336,49.2141],[16.118287,49.214163],[16.117765,49.214765],[16.117412,49.215108],[16.117293,49.215221],[16.117175,49.215334],[16.117125,49.215382],[16.117065,49.215439],[16.11687,49.215626],[16.116755,49.215736],[16.116709,49.21578],[16.116476,49.216006],[16.116417,49.216058],[16.11634,49.216126],[16.11625,49.216204],[16.116089,49.216346],[16.115905,49.216507],[16.11559,49.216784],[16.113426,49.218284],[16.112902,49.218441],[16.112676,49.218556],[16.112376,49.218739],[16.112273,49.218803],[16.112165,49.218871],[16.11166,49.219185],[16.111563,49.219251],[16.110975,49.219651],[16.110877,49.219718],[16.110783,49.219785],[16.110621,49.219897],[16.110013,49.220295],[16.109714,49.220491],[16.109614,49.220557]]}},{"type":"Feature","properties":{"ref:drusop":100763,"name":"Alej u Anniny cesty","typ":2,"tree_count":144,"url":"https://drusop.aopk.gov.cz/ost/chrobjekty/pstromy/index.php?SHOW_ONE=1&ID_SO=100763","osm_proposal":"natural=tree (each) or natural=tree_row + denotation=natural_monument","osm_natural_monument_within_30m":false},"geometry":{"type":"MultiPoint","coordinates":[[16.173693,49.183371],[16.17376,49.183298],[16.171377,49.175379],[16.170952,49.175588],[16.170777,49.175675],[16.170595,49.175765],[16.170188,49.175966],[16.169415,49.176347],[16.169169,49.176469],[16.169009,49.176548],[16.168822,49.17664],[16.168674,49.176713],[16.16836,49.176868],[16.168119,49.176987],[16.173344,49.183977],[16.173279,49.184072],[16.17322,49.184134],[16.173157,49.184212],[16.167779,49.177058],[16.168271,49.176833],[16.169213,49.176368],[16.170071,49.175945],[16.170304,49.17583],[16.167938,49.177],[16.168515,49.176713],[16.168924,49.176511],[16.169407,49.176273],[16.169572,49.176191],[16.169702,49.176127],[16.169851,49.176053],[16.171033,49.17547],[16.171152,49.175412],[16.17128,49.175427],[16.171112,49.17551],[16.170394,49.175864],[16.169916,49.1761],[16.169733,49.176191],[16.169592,49.17626],[16.173321,49.183828],[16.173418,49.183714],[16.173462,49.183666],[16.173542,49.183549],[16.173623,49.183461],[16.170505,49.175731]]}},{"type":"Feature","properties":{"ref:drusop":105464,"name":"Lípa v Sadu osvobození","typ":1,"tree_count":1,"url":"https://drusop.aopk.gov.cz/ost/chrobjekty/pstromy/index.php?SHOW_ONE=1&ID_SO=105464","osm_proposal":"natural=tree denotation=natural_monument","osm_natural_monument_within_30m":false},"geometry":{"type":"MultiPoint","coordinates":[[16.459702,49.282137]]}},{"type":"Feature","properties":{"ref:drusop":105465,"name":"Lípa u hřbitova","typ":1,"tree_count":1,"url":"https://drusop.aopk.gov.cz/ost/chrobjekty/pstromy/index.php?SHOW_ONE=1&ID_SO=105465","osm_proposal":"natural=tree denotation=natural_monument","osm_natural_monument_within_30m":false},"geometry":{"type":"MultiPoint","coordinates":[[16.460275,49.282376]]}},{"type":"Feature","properties":{"ref:drusop":105929,"name":"Platan javorolistý u Janova hradu","typ":1,"tree_count":1,"url":"https://drusop.aopk.gov.cz/ost/chrobjekty/pstromy/index.php?SHOW_ONE=1&ID_SO=105929","osm_proposal":"natural=tree denotation=natural_monument","osm_natural_monument_within_30m":false},"geometry":{"type":"MultiPoint","coordinates":[[16.832223,48.804456]]}},{"type":"Feature","properties":{"ref:drusop":105963,"name":"Ořešák černý na Štefánikově","typ":1,"tree_count":1,"url":"https://drusop.aopk.gov.cz/ost/chrobjekty/pstromy/index.php?SHOW_ONE=1&ID_SO=105963","osm_proposal":"natural=tree denotation=natural_monument","osm_natural_monument_within_30m":true},"geometry":{"type":"MultiPoint","coordinates":[[16.600781,49.213209]]}},{"type":"Feature","properties":{"ref:drusop":106078,"name":"Dvojice červených buků v Miroslavských Knínicích","typ":3,"tree_count":2,"url":"https://drusop.aopk.gov.cz/ost/chrobjekty/pstromy/index.php?SHOW_ONE=1&ID_SO=106078","osm_proposal":"natural=tree (each) or natural=tree_row + denotation=natural_monument","osm_natural_monument_within_30m":true},"geometry":{"type":"MultiPoint","coordinates":[[16.320418,48.97833],[16.32023,48.978185]]}},{"type":"Feature","properties":{"ref:drusop":106094,"name":"Skalický platan","typ":1,"tree_count":1,"url":"https://drusop.aopk.gov.cz/ost/chrobjekty/pstromy/index.php?SHOW_ONE=1&ID_SO=106094","osm_proposal":"natural=tree denotation=natural_monument","osm_natural_monument_within_30m":false},"geometry":{"type":"MultiPoint","coordinates":[[16.220692,48.966039]]}},{"type":"Feature","properties":{"ref:drusop":106133,"name":"Telnický dub","typ":1,"tree_count":1,"url":"https://drusop.aopk.gov.cz/ost/chrobjekty/pstromy/index.php?SHOW_ONE=1&ID_SO=106133","osm_proposal":"natural=tree denotation=natural_monument","osm_natural_monument_within_30m":false},"geometry":{"type":"MultiPoint","coordinates":[[16.698674,49.089341]]}},{"type":"Feature","properties":{"ref:drusop":104694,"name":"Kelčanské lípy u dřevěného kříže","typ":3,"tree_count":3,"url":"https://drusop.aopk.gov.cz/ost/chrobjekty/pstromy/index.php?SHOW_ONE=1&ID_SO=104694","osm_proposal":"natural=tree (each) or natural=tree_row + denotation=natural_monument","osm_natural_monument_within_30m":true},"geometry":{"type":"MultiPoint","coordinates":[[17.170139,49.008277],[17.17004,49.008387],[17.169977,49.008257]]}},{"type":"Feature","properties":{"ref:drusop":105245,"name":"Lípa malolistá","typ":1,"tree_count":1,"url":"https://drusop.aopk.gov.cz/ost/chrobjekty/pstromy/index.php?SHOW_ONE=1&ID_SO=105245","osm_proposal":"natural=tree denotation=natural_monument","osm_natural_monument_within_30m":false},"geometry":{"type":"MultiPoint","coordinates":[[17.037172,49.276332]]}},{"type":"Feature","properties":{"ref:drusop":100839,"name":"Lipky na Floriánku","typ":3,"tree_count":3,"url":"https://drusop.aopk.gov.cz/ost/chrobjekty/pstromy/index.php?SHOW_ONE=1&ID_SO=100839","osm_proposal":"natural=tree (each) or natural=tree_row + denotation=natural_monument","osm_natural_monument_within_30m":false},"geometry":{"type":"MultiPoint","coordinates":[[17.159052,49.108936],[17.159122,49.108985],[17.159002,49.10897]]}},{"type":"Feature","properties":{"ref:drusop":105990,"name":"Hrušeň Linky Procházkové","typ":1,"tree_count":1,"url":"https://drusop.aopk.gov.cz/ost/chrobjekty/pstromy/index.php?SHOW_ONE=1&ID_SO=105990","osm_proposal":"natural=tree denotation=natural_monument","osm_natural_monument_within_30m":false},"geometry":{"type":"MultiPoint","coordinates":[[17.027181,49.239652]]}},{"type":"Feature","properties":{"ref:drusop":106064,"name":"Strachotínský dub","typ":1,"tree_count":1,"url":"https://drusop.aopk.gov.cz/ost/chrobjekty/pstromy/index.php?SHOW_ONE=1&ID_SO=106064","osm_proposal":"natural=tree denotation=natural_monument","osm_natural_monument_within_30m":false},"geometry":{"type":"MultiPoint","coordinates":[[16.647591,48.903977]]}},{"type":"Feature","properties":{"ref:drusop":101044,"name":"Obecní lípa za kostelem","typ":1,"tree_count":1,"url":"https://drusop.aopk.gov.cz/ost/chrobjekty/pstromy/index.php?SHOW_ONE=1&ID_SO=101044","osm_proposal":"natural=tree denotation=natural_monument","osm_natural_monument_within_30m":false},"geometry":{"type":"MultiPoint","coordinates":[[16.503228,49.333924]]}},{"type":"Feature","properties":{"ref:drusop":101053,"name":"Buky u Bílovic","typ":3,"tree_count":2,"url":"https://drusop.aopk.gov.cz/ost/chrobjekty/pstromy/index.php?SHOW_ONE=1&ID_SO=101053","osm_proposal":"natural=tree (each) or natural=tree_row + denotation=natural_monument","osm_natural_monument_within_30m":false},"geometry":{"type":"MultiPoint","coordinates":[[16.668507,49.284335]]}},{"type":"Feature","properties":{"ref:drusop":101067,"name":"Dub u Junácké louky","typ":1,"tree_count":1,"url":"https://drusop.aopk.gov.cz/ost/chrobjekty/pstromy/index.php?SHOW_ONE=1&ID_SO=101067","osm_proposal":"natural=tree denotation=natural_monument","osm_natural_monument_within_30m":false},"geometry":{"type":"MultiPoint","coordinates":[[16.457415,49.2627]]}},{"type":"Feature","properties":{"ref:drusop":106592,"name":"Cedr u vily Pauk","typ":1,"tree_count":1,"url":"https://drusop.aopk.gov.cz/ost/chrobjekty/pstromy/index.php?SHOW_ONE=1&ID_SO=106592","osm_proposal":"natural=tree denotation=natural_monument","osm_natural_monument_within_30m":false},"geometry":{"type":"MultiPoint","coordinates":[[16.581967,49.19507]]}},{"type":"Feature","properties":{"ref:drusop":105650,"name":"Dub u zámečku Schönwald","typ":1,"tree_count":1,"url":"https://drusop.aopk.gov.cz/ost/chrobjekty/pstromy/index.php?SHOW_ONE=1&ID_SO=105650","osm_proposal":"natural=tree denotation=natural_monument","osm_natural_monument_within_30m":false},"geometry":{"type":"MultiPoint","coordinates":[[16.193374,49.226645]]}},{"type":"Feature","properties":{"ref:drusop":106488,"name":"Křižovnické duby","typ":3,"tree_count":6,"url":"https://drusop.aopk.gov.cz/ost/chrobjekty/pstromy/index.php?SHOW_ONE=1&ID_SO=106488","osm_proposal":"natural=tree (each) or natural=tree_row + denotation=natural_monument","osm_natural_monument_within_30m":false},"geometry":{"type":"MultiPoint","coordinates":[[16.028462,48.858257],[16.028592,48.858217],[16.028539,48.85819],[16.02833,48.85814],[16.028417,48.858092],[16.02912,48.85801]]}},{"type":"Feature","properties":{"ref:drusop":106561,"name":"Buk arcivévody Albrechta","typ":1,"tree_count":1,"url":"https://drusop.aopk.gov.cz/ost/chrobjekty/pstromy/index.php?SHOW_ONE=1&ID_SO=106561","osm_proposal":"natural=tree denotation=natural_monument","osm_natural_monument_within_30m":false},"geometry":{"type":"MultiPoint","coordinates":[[16.053629,48.859599]]}},{"type":"Feature","properties":{"ref:drusop":100731,"name":"Lípa u Lipňan","typ":1,"tree_count":1,"url":"https://drusop.aopk.gov.cz/ost/chrobjekty/pstromy/index.php?SHOW_ONE=1&ID_SO=100731","osm_proposal":"natural=tree denotation=natural_monument","osm_natural_monument_within_30m":false},"geometry":{"type":"MultiPoint","coordinates":[[16.131757,49.082368]]}},{"type":"Feature","properties":{"ref:drusop":100860,"name":"Jasan v parku","typ":1,"tree_count":1,"url":"https://drusop.aopk.gov.cz/ost/chrobjekty/pstromy/index.php?SHOW_ONE=1&ID_SO=100860","osm_proposal":"natural=tree denotation=natural_monument","osm_natural_monument_within_30m":false},"geometry":{"type":"MultiPoint","coordinates":[[17.204893,49.200832]]}},{"type":"Feature","properties":{"ref:drusop":100741,"name":"Buky na Vlčím kopci","typ":3,"tree_count":2,"url":"https://drusop.aopk.gov.cz/ost/chrobjekty/pstromy/index.php?SHOW_ONE=1&ID_SO=100741","osm_proposal":"natural=tree (each) or natural=tree_row + denotation=natural_monument","osm_natural_monument_within_30m":true},"geometry":{"type":"MultiPoint","coordinates":[[16.163451,49.154859],[16.163408,49.154922]]}},{"type":"Feature","properties":{"ref:drusop":100753,"name":"Borovice na Třesovském kopci","typ":1,"tree_count":1,"url":"https://drusop.aopk.gov.cz/ost/chrobjekty/pstromy/index.php?SHOW_ONE=1&ID_SO=100753","osm_proposal":"natural=tree denotation=natural_monument","osm_natural_monument_within_30m":false},"geometry":{"type":"MultiPoint","coordinates":[[16.084774,49.174555]]}},{"type":"Feature","properties":{"ref:drusop":105884,"name":"Jerlín u splávku","typ":1,"tree_count":1,"url":"https://drusop.aopk.gov.cz/ost/chrobjekty/pstromy/index.php?SHOW_ONE=1&ID_SO=105884","osm_proposal":"natural=tree denotation=natural_monument","osm_natural_monument_within_30m":false},"geometry":{"type":"MultiPoint","coordinates":[[16.886504,49.207792]]}},{"type":"Feature","properties":{"ref:drusop":106099,"name":"Tis Jindřišky a Jaroslava Pospíšilových","typ":1,"tree_count":1,"url":"https://drusop.aopk.gov.cz/ost/chrobjekty/pstromy/index.php?SHOW_ONE=1&ID_SO=106099","osm_proposal":"natural=tree denotation=natural_monument","osm_natural_monument_within_30m":false},"geometry":{"type":"MultiPoint","coordinates":[[16.623496,49.216951]]}},{"type":"Feature","properties":{"ref:drusop":104681,"name":"Stromořadí lip malolistých na návsi za kostelem","typ":2,"tree_count":22,"url":"https://drusop.aopk.gov.cz/ost/chrobjekty/pstromy/index.php?SHOW_ONE=1&ID_SO=104681","osm_proposal":"natural=tree (each) or natural=tree_row + denotation=natural_monument","osm_natural_monument_within_30m":false},"geometry":{"type":"MultiPoint","coordinates":[[17.129695,49.180789],[17.129734,49.180715],[17.129828,49.180773],[17.129967,49.180757],[17.130005,49.180685],[17.130101,49.180744],[17.130144,49.180669],[17.130232,49.180728],[17.130281,49.180658],[17.130641,49.180675],[17.130771,49.180653],[17.130816,49.180578],[17.131214,49.18051],[17.131573,49.180358],[17.131653,49.180342],[17.131822,49.180341],[17.131939,49.180375],[17.131686,49.180465],[17.132148,49.180138]]}},{"type":"Feature","properties":{"ref:drusop":105200,"name":"Jinačovická lípa","typ":1,"tree_count":1,"url":"https://drusop.aopk.gov.cz/ost/chrobjekty/pstromy/index.php?SHOW_ONE=1&ID_SO=105200","osm_proposal":"natural=tree denotation=natural_monument","osm_natural_monument_within_30m":true},"geometry":{"type":"MultiPoint","coordinates":[[16.528674,49.266308]]}},{"type":"Feature","properties":{"ref:drusop":105201,"name":"Dub pod skalou","typ":1,"tree_count":1,"url":"https://drusop.aopk.gov.cz/ost/chrobjekty/pstromy/index.php?SHOW_ONE=1&ID_SO=105201","osm_proposal":"natural=tree denotation=natural_monument","osm_natural_monument_within_30m":true},"geometry":{"type":"MultiPoint","coordinates":[[16.526928,49.271806]]}},{"type":"Feature","properties":{"ref:drusop":105253,"name":"Dub letní","typ":1,"tree_count":1,"url":"https://drusop.aopk.gov.cz/ost/chrobjekty/pstromy/index.php?SHOW_ONE=1&ID_SO=105253","osm_proposal":"natural=tree denotation=natural_monument","osm_natural_monument_within_30m":true},"geometry":{"type":"MultiPoint","coordinates":[[17.063497,49.212606]]}},{"type":"Feature","properties":{"ref:drusop":105255,"name":"Lípy malolisté","typ":3,"tree_count":3,"url":"https://drusop.aopk.gov.cz/ost/chrobjekty/pstromy/index.php?SHOW_ONE=1&ID_SO=105255","osm_proposal":"natural=tree (each) or natural=tree_row + denotation=natural_monument","osm_natural_monument_within_30m":false},"geometry":{"type":"MultiPoint","coordinates":[[17.030314,49.215179],[17.030656,49.214982],[17.030462,49.215048]]}},{"type":"Feature","properties":{"ref:drusop":100706,"name":"Dva jasany u Trnavy","typ":3,"tree_count":2,"url":"https://drusop.aopk.gov.cz/ost/chrobjekty/pstromy/index.php?SHOW_ONE=1&ID_SO=100706","osm_proposal":"natural=tree (each) or natural=tree_row + denotation=natural_monument","osm_natural_monument_within_30m":true},"geometry":{"type":"MultiPoint","coordinates":[[15.924928,49.247954],[15.924882,49.247984]]}},{"type":"Feature","properties":{"ref:drusop":100712,"name":"Dub u Glorietu","typ":1,"tree_count":1,"url":"https://drusop.aopk.gov.cz/ost/chrobjekty/pstromy/index.php?SHOW_ONE=1&ID_SO=100712","osm_proposal":"natural=tree denotation=natural_monument","osm_natural_monument_within_30m":false},"geometry":{"type":"MultiPoint","coordinates":[[16.165396,49.16264]]}},{"type":"Feature","properties":{"ref:drusop":100644,"name":"Lípa u hájenky","typ":1,"tree_count":1,"url":"https://drusop.aopk.gov.cz/ost/chrobjekty/pstromy/index.php?SHOW_ONE=1&ID_SO=100644","osm_proposal":"natural=tree denotation=natural_monument","osm_natural_monument_within_30m":false},"geometry":{"type":"MultiPoint","coordinates":[[16.2712,48.847653]]}},{"type":"Feature","properties":{"ref:drusop":100650,"name":"Černčínská lípa","typ":1,"tree_count":1,"url":"https://drusop.aopk.gov.cz/ost/chrobjekty/pstromy/index.php?SHOW_ONE=1&ID_SO=100650","osm_proposal":"natural=tree denotation=natural_monument","osm_natural_monument_within_30m":false},"geometry":{"type":"MultiPoint","coordinates":[[17.040762,49.158062]]}},{"type":"Feature","properties":{"ref:drusop":100651,"name":"Jírovcová alej na Zámecké ulici","typ":2,"tree_count":64,"url":"https://drusop.aopk.gov.cz/ost/chrobjekty/pstromy/index.php?SHOW_ONE=1&ID_SO=100651","osm_proposal":"natural=tree (each) or natural=tree_row + denotation=natural_monument","osm_natural_monument_within_30m":false},"geometry":{"type":"MultiPoint","coordinates":[[16.996086,49.150076],[16.996208,49.150137],[16.996277,49.150074],[16.996733,49.150131],[16.996493,49.150071],[16.996595,49.15007],[16.996803,49.150068],[16.996839,49.150127],[16.996902,49.150065],[16.996999,49.150064],[16.997045,49.150126],[16.997212,49.150065],[16.997263,49.150124],[16.997574,49.150121],[16.997622,49.150059],[16.997887,49.150117],[16.997828,49.150057],[16.997919,49.150055],[16.998236,49.150052],[16.998339,49.15005],[16.998408,49.150113],[16.998643,49.150045],[16.998739,49.150043],[16.999036,49.150102],[16.999132,49.150101],[16.999232,49.1501],[16.999336,49.1501],[16.999431,49.15003],[16.99944,49.1501],[16.999538,49.150027],[16.999741,49.150023],[16.999952,49.150021],[17.000164,49.150015],[17.000265,49.150014],[17.000373,49.150014],[17.000977,49.15001],[17.00139,49.150026],[17.001457,49.150029]]}},{"type":"Feature","properties":{"ref:drusop":100652,"name":"Tři smrky","typ":3,"tree_count":3,"url":"https://drusop.aopk.gov.cz/ost/chrobjekty/pstromy/index.php?SHOW_ONE=1&ID_SO=100652","osm_proposal":"natural=tree (each) or natural=tree_row + denotation=natural_monument","osm_natural_monument_within_30m":false},"geometry":{"type":"MultiPoint","coordinates":[[16.823998,49.318091]]}},{"type":"Feature","properties":{"ref:drusop":100653,"name":"Lípa v Letonicích","typ":1,"tree_count":1,"url":"https://drusop.aopk.gov.cz/ost/chrobjekty/pstromy/index.php?SHOW_ONE=1&ID_SO=100653","osm_proposal":"natural=tree denotation=natural_monument","osm_natural_monument_within_30m":false},"geometry":{"type":"MultiPoint","coordinates":[[16.957579,49.17679]]}},{"type":"Feature","properties":{"ref:drusop":100657,"name":"Lípy malolisté a jírovec maďal v Dražovicích","typ":3,"tree_count":26,"url":"https://drusop.aopk.gov.cz/ost/chrobjekty/pstromy/index.php?SHOW_ONE=1&ID_SO=100657","osm_proposal":"natural=tree (each) or natural=tree_row + denotation=natural_monument","osm_natural_monument_within_30m":false},"geometry":{"type":"MultiPoint","coordinates":[[16.946258,49.193424],[16.946184,49.193393],[16.946302,49.193372],[16.946237,49.193339],[16.946173,49.193309],[16.946294,49.193258],[16.946236,49.193233],[16.946441,49.19319],[16.94648,49.193144],[16.945928,49.193046],[16.946136,49.192991],[16.946028,49.192941],[16.946261,49.192954],[16.94635,49.192973],[16.946436,49.192999],[16.946519,49.192971],[16.946079,49.192892],[16.946004,49.192853],[16.94593,49.192812],[16.945983,49.192755],[16.946162,49.192583],[16.945982,49.19299],[16.946056,49.193094],[16.946093,49.193044]]}},{"type":"Feature","properties":{"ref:drusop":100662,"name":"Trnovník akát","typ":1,"tree_count":1,"url":"https://drusop.aopk.gov.cz/ost/chrobjekty/pstromy/index.php?SHOW_ONE=1&ID_SO=100662","osm_proposal":"natural=tree denotation=natural_monument","osm_natural_monument_within_30m":false},"geometry":{"type":"MultiPoint","coordinates":[[17.092116,49.306543]]}},{"type":"Feature","properties":{"ref:drusop":106026,"name":"Hvozdecká hraniční lípa","typ":1,"tree_count":1,"url":"https://drusop.aopk.gov.cz/ost/chrobjekty/pstromy/index.php?SHOW_ONE=1&ID_SO=106026","osm_proposal":"natural=tree denotation=natural_monument","osm_natural_monument_within_30m":false},"geometry":{"type":"MultiPoint","coordinates":[[16.59579,49.106175]]}},{"type":"Feature","properties":{"ref:drusop":101064,"name":"Dub letní ve Štýřicích","typ":1,"tree_count":1,"url":"https://drusop.aopk.gov.cz/ost/chrobjekty/pstromy/index.php?SHOW_ONE=1&ID_SO=101064","osm_proposal":"natural=tree denotation=natural_monument","osm_natural_monument_within_30m":false},"geometry":{"type":"MultiPoint","coordinates":[[16.595593,49.183931]]}},{"type":"Feature","properties":{"ref:drusop":101065,"name":"Lípa srdčitá","typ":1,"tree_count":1,"url":"https://drusop.aopk.gov.cz/ost/chrobjekty/pstromy/index.php?SHOW_ONE=1&ID_SO=101065","osm_proposal":"natural=tree denotation=natural_monument","osm_natural_monument_within_30m":false},"geometry":{"type":"MultiPoint","coordinates":[[16.590305,49.253774]]}},{"type":"Feature","properties":{"ref:drusop":101087,"name":"Dub u hradu Veveří","typ":1,"tree_count":1,"url":"https://drusop.aopk.gov.cz/ost/chrobjekty/pstromy/index.php?SHOW_ONE=1&ID_SO=101087","osm_proposal":"natural=tree denotation=natural_monument","osm_natural_monument_within_30m":true},"geometry":{"type":"MultiPoint","coordinates":[[16.460008,49.255894]]}},{"type":"Feature","properties":{"ref:drusop":101024,"name":"Lípa u hrobky","typ":1,"tree_count":1,"url":"https://drusop.aopk.gov.cz/ost/chrobjekty/pstromy/index.php?SHOW_ONE=1&ID_SO=101024","osm_proposal":"natural=tree denotation=natural_monument","osm_natural_monument_within_30m":false},"geometry":{"type":"MultiPoint","coordinates":[[16.639949,48.806595]]}},{"type":"Feature","properties":{"ref:drusop":104611,"name":"Lípy u Božích muk","typ":3,"tree_count":2,"url":"https://drusop.aopk.gov.cz/ost/chrobjekty/pstromy/index.php?SHOW_ONE=1&ID_SO=104611","osm_proposal":"natural=tree (each) or natural=tree_row + denotation=natural_monument","osm_natural_monument_within_30m":false},"geometry":{"type":"MultiPoint","coordinates":[[16.217381,49.109693],[16.217438,49.109682]]}},{"type":"Feature","properties":{"ref:drusop":100743,"name":"Duby u Rouchovanky","typ":3,"tree_count":2,"url":"https://drusop.aopk.gov.cz/ost/chrobjekty/pstromy/index.php?SHOW_ONE=1&ID_SO=100743","osm_proposal":"natural=tree (each) or natural=tree_row + denotation=natural_monument","osm_natural_monument_within_30m":false},"geometry":{"type":"MultiPoint","coordinates":[[16.071573,49.086583],[16.07118,49.086797]]}},{"type":"Feature","properties":{"ref:drusop":100745,"name":"Dub u Mocly","typ":1,"tree_count":1,"url":"https://drusop.aopk.gov.cz/ost/chrobjekty/pstromy/index.php?SHOW_ONE=1&ID_SO=100745","osm_proposal":"natural=tree denotation=natural_monument","osm_natural_monument_within_30m":false},"geometry":{"type":"MultiPoint","coordinates":[[16.049045,49.085398]]}},{"type":"Feature","properties":{"ref:drusop":100751,"name":"Dub u Hrotovic","typ":1,"tree_count":1,"url":"https://drusop.aopk.gov.cz/ost/chrobjekty/pstromy/index.php?SHOW_ONE=1&ID_SO=100751","osm_proposal":"natural=tree denotation=natural_monument","osm_natural_monument_within_30m":false},"geometry":{"type":"MultiPoint","coordinates":[[16.073704,49.098527]]}},{"type":"Feature","properties":{"ref:drusop":100715,"name":"Spálený dub","typ":1,"tree_count":1,"url":"https://drusop.aopk.gov.cz/ost/chrobjekty/pstromy/index.php?SHOW_ONE=1&ID_SO=100715","osm_proposal":"natural=tree denotation=natural_monument","osm_natural_monument_within_30m":false},"geometry":{"type":"MultiPoint","coordinates":[[15.966175,49.055902]]}},{"type":"Feature","properties":{"ref:drusop":100716,"name":"Dub u hájovny Kadečka","typ":1,"tree_count":1,"url":"https://drusop.aopk.gov.cz/ost/chrobjekty/pstromy/index.php?SHOW_ONE=1&ID_SO=100716","osm_proposal":"natural=tree denotation=natural_monument","osm_natural_monument_within_30m":false},"geometry":{"type":"MultiPoint","coordinates":[[15.973018,49.067883]]}},{"type":"Feature","properties":{"ref:drusop":106580,"name":"Dub u kapličky v Týnci","typ":1,"tree_count":1,"url":"https://drusop.aopk.gov.cz/ost/chrobjekty/pstromy/index.php?SHOW_ONE=1&ID_SO=106580","osm_proposal":"natural=tree denotation=natural_monument","osm_natural_monument_within_30m":false},"geometry":{"type":"MultiPoint","coordinates":[[17.006331,48.776652]]}},{"type":"Feature","properties":{"ref:drusop":100640,"name":"Rozkošské památné stromy","typ":3,"tree_count":5,"url":"https://drusop.aopk.gov.cz/ost/chrobjekty/pstromy/index.php?SHOW_ONE=1&ID_SO=100640","osm_proposal":"natural=tree (each) or natural=tree_row + denotation=natural_monument","osm_natural_monument_within_30m":false},"geometry":{"type":"MultiPoint","coordinates":[[15.958823,49.029043],[15.959044,49.029191],[15.958933,49.029105],[15.958635,49.028902],[15.959044,49.029204]]}},{"type":"Feature","properties":{"ref:drusop":106366,"name":"Dub ve Vanči","typ":1,"tree_count":1,"url":"https://drusop.aopk.gov.cz/ost/chrobjekty/pstromy/index.php?SHOW_ONE=1&ID_SO=106366","osm_proposal":"natural=tree denotation=natural_monument","osm_natural_monument_within_30m":false},"geometry":{"type":"MultiPoint","coordinates":[[16.093542,49.266108]]}},{"type":"Feature","properties":{"ref:drusop":106410,"name":"Lípa u kostela sv. Vavřince","typ":1,"tree_count":1,"url":"https://drusop.aopk.gov.cz/ost/chrobjekty/pstromy/index.php?SHOW_ONE=1&ID_SO=106410","osm_proposal":"natural=tree denotation=natural_monument","osm_natural_monument_within_30m":false},"geometry":{"type":"MultiPoint","coordinates":[[16.554981,49.221871]]}},{"type":"Feature","properties":{"ref:drusop":106337,"name":"Platany na Riviéře","typ":3,"tree_count":7,"url":"https://drusop.aopk.gov.cz/ost/chrobjekty/pstromy/index.php?SHOW_ONE=1&ID_SO=106337","osm_proposal":"natural=tree (each) or natural=tree_row + denotation=natural_monument","osm_natural_monument_within_30m":false},"geometry":{"type":"MultiPoint","coordinates":[[16.569324,49.187913],[16.568959,49.188399],[16.568939,49.188286],[16.569417,49.187848],[16.569478,49.187883],[16.568879,49.18837],[16.569012,49.18832]]}},{"type":"Feature","properties":{"ref:drusop":100693,"name":"U Velkopolského dvora - Severní alej","typ":2,"tree_count":81,"url":"https://drusop.aopk.gov.cz/ost/chrobjekty/pstromy/index.php?SHOW_ONE=1&ID_SO=100693","osm_proposal":"natural=tree (each) or natural=tree_row + denotation=natural_monument","osm_natural_monument_within_30m":false},"geometry":{"type":"MultiPoint","coordinates":[[16.175126,49.195753],[16.175013,49.195639],[16.174939,49.195566],[16.174815,49.195444],[16.174734,49.195339],[16.174648,49.195262],[16.174563,49.195175],[16.174364,49.194978],[16.174281,49.194888],[16.174211,49.19481],[16.174136,49.194709],[16.173877,49.194463],[16.173668,49.194237],[16.173396,49.19395],[16.173302,49.193869],[16.173213,49.193775],[16.173117,49.193668],[16.17305,49.193603],[16.172766,49.193299],[16.173565,49.194144],[16.173474,49.194042],[16.172971,49.193509],[16.172854,49.193395],[16.172584,49.193109],[16.172678,49.193209],[16.172511,49.193027],[16.175559,49.196207],[16.175319,49.195955],[16.173409,49.193831],[16.173514,49.193932],[16.173647,49.194082],[16.173706,49.19416],[16.173865,49.194286],[16.173925,49.194351],[16.173991,49.19442],[16.1742,49.194657],[16.174331,49.194794],[16.174442,49.194915],[16.174631,49.195101],[16.17482,49.195286],[16.174915,49.195391],[16.175051,49.195556],[16.175236,49.195747],[16.175341,49.195834],[16.175436,49.19595],[16.175547,49.196062],[16.175643,49.196157],[16.175763,49.196285],[16.17583,49.196355],[16.175928,49.196451],[16.176045,49.196579],[16.176122,49.196663],[16.176325,49.196872],[16.176567,49.197125],[16.176667,49.197245],[16.176802,49.197354],[16.176823,49.197563],[16.176648,49.197365],[16.176562,49.197268],[16.176471,49.19717],[16.173304,49.193723],[16.176383,49.197082],[16.176288,49.196981],[16.176197,49.196889],[16.176109,49.196786],[16.176025,49.196692],[16.175924,49.1966],[16.175749,49.196398],[16.175663,49.196334],[16.174729,49.195207],[16.175147,49.195663],[16.17646,49.197013],[16.176933,49.197502],[16.173935,49.194517],[16.173825,49.194406],[16.172707,49.193109],[16.172813,49.193218],[16.172925,49.193321],[16.173006,49.193412],[16.173131,49.193554],[16.173221,49.193647]]}},{"type":"Feature","properties":{"ref:drusop":100700,"name":"Smrky u Vlasákovy hájenky","typ":3,"tree_count":2,"url":"https://drusop.aopk.gov.cz/ost/chrobjekty/pstromy/index.php?SHOW_ONE=1&ID_SO=100700","osm_proposal":"natural=tree (each) or natural=tree_row + denotation=natural_monument","osm_natural_monument_within_30m":false},"geometry":{"type":"MultiPoint","coordinates":[[16.158445,49.183815],[16.15856,49.183541]]}},{"type":"Feature","properties":{"ref:drusop":100783,"name":"Žižkův dub","typ":1,"tree_count":1,"url":"https://drusop.aopk.gov.cz/ost/chrobjekty/pstromy/index.php?SHOW_ONE=1&ID_SO=100783","osm_proposal":"natural=tree denotation=natural_monument","osm_natural_monument_within_30m":true},"geometry":{"type":"MultiPoint","coordinates":[[16.166756,49.209302]]}},{"type":"Feature","properties":{"ref:drusop":106344,"name":"Strážná paní","typ":1,"tree_count":1,"url":"https://drusop.aopk.gov.cz/ost/chrobjekty/pstromy/index.php?SHOW_ONE=1&ID_SO=106344","osm_proposal":"natural=tree denotation=natural_monument","osm_natural_monument_within_30m":false},"geometry":{"type":"MultiPoint","coordinates":[[16.375938,49.186901]]}},{"type":"Feature","properties":{"ref:drusop":104431,"name":"Buk u Tetčic","typ":1,"tree_count":1,"url":"https://drusop.aopk.gov.cz/ost/chrobjekty/pstromy/index.php?SHOW_ONE=1&ID_SO=104431","osm_proposal":"natural=tree denotation=natural_monument","osm_natural_monument_within_30m":false},"geometry":{"type":"MultiPoint","coordinates":[[16.42976,49.14875]]}},{"type":"Feature","properties":{"ref:drusop":105456,"name":"Drnovické lípy","typ":3,"tree_count":2,"url":"https://drusop.aopk.gov.cz/ost/chrobjekty/pstromy/index.php?SHOW_ONE=1&ID_SO=105456","osm_proposal":"natural=tree (each) or natural=tree_row + denotation=natural_monument","osm_natural_monument_within_30m":false},"geometry":{"type":"MultiPoint","coordinates":[[16.953468,49.277531],[16.95359,49.277651]]}},{"type":"Feature","properties":{"ref:drusop":105704,"name":"Lípa na Jaselské","typ":1,"tree_count":1,"url":"https://drusop.aopk.gov.cz/ost/chrobjekty/pstromy/index.php?SHOW_ONE=1&ID_SO=105704","osm_proposal":"natural=tree denotation=natural_monument","osm_natural_monument_within_30m":false},"geometry":{"type":"MultiPoint","coordinates":[[16.600091,49.198536]]}},{"type":"Feature","properties":{"ref:drusop":105803,"name":"Maloměřická lipová alej na bývalém hřbitově","typ":2,"tree_count":40,"url":"https://drusop.aopk.gov.cz/ost/chrobjekty/pstromy/index.php?SHOW_ONE=1&ID_SO=105803","osm_proposal":"natural=tree (each) or natural=tree_row + denotation=natural_monument","osm_natural_monument_within_30m":false},"geometry":{"type":"MultiPoint","coordinates":[[16.64427,49.225412],[16.644669,49.225532],[16.643251,49.225034],[16.643127,49.224983],[16.643087,49.224935],[16.643003,49.224941],[16.642815,49.224873],[16.642795,49.224838],[16.644755,49.22556],[16.644579,49.2255],[16.64434,49.225405],[16.643902,49.225271],[16.643884,49.22523],[16.643797,49.225233],[16.643692,49.225157],[16.643454,49.225071],[16.643366,49.225076],[16.643337,49.225025],[16.643224,49.224989],[16.642977,49.224898],[16.642879,49.224866],[16.642686,49.224802],[16.642618,49.224808],[16.642501,49.224774],[16.642479,49.224742],[16.642379,49.224736],[16.642352,49.224706],[16.642288,49.224713],[16.642277,49.224685],[16.642144,49.224647],[16.642082,49.224658],[16.642059,49.224626],[16.641993,49.224635],[16.641898,49.224609],[16.641835,49.224602],[16.644173,49.225375],[16.644155,49.225329],[16.644088,49.225345],[16.644,49.225309],[16.643977,49.225266]]}},{"type":"Feature","properties":{"ref:drusop":105804,"name":"Svatofloriánská lípa","typ":1,"tree_count":1,"url":"https://drusop.aopk.gov.cz/ost/chrobjekty/pstromy/index.php?SHOW_ONE=1&ID_SO=105804","osm_proposal":"natural=tree denotation=natural_monument","osm_natural_monument_within_30m":false},"geometry":{"type":"MultiPoint","coordinates":[[16.625165,48.874804]]}},{"type":"Feature","properties":{"ref:drusop":106098,"name":"Dříny na Mezkách","typ":3,"tree_count":6,"url":"https://drusop.aopk.gov.cz/ost/chrobjekty/pstromy/index.php?SHOW_ONE=1&ID_SO=106098","osm_proposal":"natural=tree (each) or natural=tree_row + denotation=natural_monument","osm_natural_monument_within_30m":false},"geometry":{"type":"MultiPoint","coordinates":[[16.447078,49.243145],[16.447331,49.243527],[16.447179,49.243397],[16.447287,49.243403],[16.447262,49.243338],[16.447202,49.243245]]}},{"type":"Feature","properties":{"ref:drusop":105222,"name":"Červený buk u VFU Brno","typ":1,"tree_count":1,"url":"https://drusop.aopk.gov.cz/ost/chrobjekty/pstromy/index.php?SHOW_ONE=1&ID_SO=105222","osm_proposal":"natural=tree denotation=natural_monument","osm_natural_monument_within_30m":true},"geometry":{"type":"MultiPoint","coordinates":[[16.598332,49.21736]]}},{"type":"Feature","properties":{"ref:drusop":105232,"name":"Knížecí dub","typ":1,"tree_count":1,"url":"https://drusop.aopk.gov.cz/ost/chrobjekty/pstromy/index.php?SHOW_ONE=1&ID_SO=105232","osm_proposal":"natural=tree denotation=natural_monument","osm_natural_monument_within_30m":false},"geometry":{"type":"MultiPoint","coordinates":[[16.82799,48.811876]]}},{"type":"Feature","properties":{"ref:drusop":105242,"name":"Lípa malolistá","typ":1,"tree_count":1,"url":"https://drusop.aopk.gov.cz/ost/chrobjekty/pstromy/index.php?SHOW_ONE=1&ID_SO=105242","osm_proposal":"natural=tree denotation=natural_monument","osm_natural_monument_within_30m":false},"geometry":{"type":"MultiPoint","coordinates":[[17.056885,49.255086]]}},{"type":"Feature","properties":{"ref:drusop":101051,"name":"Stromy v sokolnické bažantnici","typ":3,"tree_count":8,"url":"https://drusop.aopk.gov.cz/ost/chrobjekty/pstromy/index.php?SHOW_ONE=1&ID_SO=101051","osm_proposal":"natural=tree (each) or natural=tree_row + denotation=natural_monument","osm_natural_monument_within_30m":false},"geometry":{"type":"MultiPoint","coordinates":[[16.72669,49.121336],[16.729223,49.123051],[16.730006,49.124741],[16.729322,49.123335]]}},{"type":"Feature","properties":{"ref:drusop":100722,"name":"Skupina tří dubů","typ":3,"tree_count":3,"url":"https://drusop.aopk.gov.cz/ost/chrobjekty/pstromy/index.php?SHOW_ONE=1&ID_SO=100722","osm_proposal":"natural=tree (each) or natural=tree_row + denotation=natural_monument","osm_natural_monument_within_30m":false},"geometry":{"type":"MultiPoint","coordinates":[[15.890213,49.243308],[15.890065,49.243485],[15.890164,49.243374]]}},{"type":"Feature","properties":{"ref:drusop":100646,"name":"Duby u Pustého zámku","typ":3,"tree_count":2,"url":"https://drusop.aopk.gov.cz/ost/chrobjekty/pstromy/index.php?SHOW_ONE=1&ID_SO=100646","osm_proposal":"natural=tree (each) or natural=tree_row + denotation=natural_monument","osm_natural_monument_within_30m":false},"geometry":{"type":"MultiPoint","coordinates":[[16.171155,49.002858],[16.17083,49.002596]]}},{"type":"Feature","properties":{"ref:drusop":101038,"name":"Chudčická lípa","typ":1,"tree_count":1,"url":"https://drusop.aopk.gov.cz/ost/chrobjekty/pstromy/index.php?SHOW_ONE=1&ID_SO=101038","osm_proposal":"natural=tree denotation=natural_monument","osm_natural_monument_within_30m":false},"geometry":{"type":"MultiPoint","coordinates":[[16.4554,49.282961]]}},{"type":"Feature","properties":{"ref:drusop":101057,"name":"Břek na Dřínové","typ":1,"tree_count":1,"url":"https://drusop.aopk.gov.cz/ost/chrobjekty/pstromy/index.php?SHOW_ONE=1&ID_SO=101057","osm_proposal":"natural=tree denotation=natural_monument","osm_natural_monument_within_30m":false},"geometry":{"type":"MultiPoint","coordinates":[[16.687969,49.291327]]}},{"type":"Feature","properties":{"ref:drusop":101066,"name":"Platan profesora Chudoby","typ":1,"tree_count":1,"url":"https://drusop.aopk.gov.cz/ost/chrobjekty/pstromy/index.php?SHOW_ONE=1&ID_SO=101066","osm_proposal":"natural=tree denotation=natural_monument","osm_natural_monument_within_30m":false},"geometry":{"type":"MultiPoint","coordinates":[[16.599555,49.201466]]}},{"type":"Feature","properties":{"ref:drusop":101082,"name":"Platan U sv. Anny","typ":1,"tree_count":1,"url":"https://drusop.aopk.gov.cz/ost/chrobjekty/pstromy/index.php?SHOW_ONE=1&ID_SO=101082","osm_proposal":"natural=tree denotation=natural_monument","osm_natural_monument_within_30m":true},"geometry":{"type":"MultiPoint","coordinates":[[16.601339,49.190036]]}},{"type":"Feature","properties":{"ref:drusop":101083,"name":"Jinan na Mendlově nám.","typ":1,"tree_count":1,"url":"https://drusop.aopk.gov.cz/ost/chrobjekty/pstromy/index.php?SHOW_ONE=1&ID_SO=101083","osm_proposal":"natural=tree denotation=natural_monument","osm_natural_monument_within_30m":false},"geometry":{"type":"MultiPoint","coordinates":[[16.594203,49.190922]]}},{"type":"Feature","properties":{"ref:drusop":101085,"name":"Buk u Jeleního žlíbku","typ":1,"tree_count":1,"url":"https://drusop.aopk.gov.cz/ost/chrobjekty/pstromy/index.php?SHOW_ONE=1&ID_SO=101085","osm_proposal":"natural=tree denotation=natural_monument","osm_natural_monument_within_30m":false},"geometry":{"type":"MultiPoint","coordinates":[[16.482664,49.240614]]}},{"type":"Feature","properties":{"ref:drusop":100976,"name":"Památné lípy u křížku ve Vlkoši","typ":3,"tree_count":6,"url":"https://drusop.aopk.gov.cz/ost/chrobjekty/pstromy/index.php?SHOW_ONE=1&ID_SO=100976","osm_proposal":"natural=tree (each) or natural=tree_row + denotation=natural_monument","osm_natural_monument_within_30m":true},"geometry":{"type":"MultiPoint","coordinates":[[17.169912,48.995391],[17.169941,48.995448],[17.169907,48.995599],[17.169801,48.995536],[17.169978,48.995495],[17.169789,48.995473]]}},{"type":"Feature","properties":{"ref:drusop":101028,"name":"Bizarní borovice u Tří Grácií","typ":1,"tree_count":1,"url":"https://drusop.aopk.gov.cz/ost/chrobjekty/pstromy/index.php?SHOW_ONE=1&ID_SO=101028","osm_proposal":"natural=tree denotation=natural_monument","osm_natural_monument_within_30m":false},"geometry":{"type":"MultiPoint","coordinates":[[16.797085,48.775063]]}},{"type":"Feature","properties":{"ref:drusop":106593,"name":"Borovice těžká na Barvičově ul.","typ":1,"tree_count":1,"url":"https://drusop.aopk.gov.cz/ost/chrobjekty/pstromy/index.php?SHOW_ONE=1&ID_SO=106593","osm_proposal":"natural=tree denotation=natural_monument","osm_natural_monument_within_30m":false},"geometry":{"type":"MultiPoint","coordinates":[[16.580852,49.197027]]}},{"type":"Feature","properties":{"ref:drusop":104591,"name":"Kaštan u pošty","typ":1,"tree_count":1,"url":"https://drusop.aopk.gov.cz/ost/chrobjekty/pstromy/index.php?SHOW_ONE=1&ID_SO=104591","osm_proposal":"natural=tree denotation=natural_monument","osm_natural_monument_within_30m":false},"geometry":{"type":"MultiPoint","coordinates":[[16.43748,49.274514]]}},{"type":"Feature","properties":{"ref:drusop":104442,"name":"Hrubá lípa","typ":1,"tree_count":1,"url":"https://drusop.aopk.gov.cz/ost/chrobjekty/pstromy/index.php?SHOW_ONE=1&ID_SO=104442","osm_proposal":"natural=tree denotation=natural_monument","osm_natural_monument_within_30m":true},"geometry":{"type":"MultiPoint","coordinates":[[16.756737,49.350247]]}},{"type":"Feature","properties":{"ref:drusop":100749,"name":"Platan u Panského dvorka","typ":1,"tree_count":1,"url":"https://drusop.aopk.gov.cz/ost/chrobjekty/pstromy/index.php?SHOW_ONE=1&ID_SO=100749","osm_proposal":"natural=tree denotation=natural_monument","osm_natural_monument_within_30m":false},"geometry":{"type":"MultiPoint","coordinates":[[16.065549,49.101047]]}},{"type":"Feature","properties":{"ref:drusop":100708,"name":"Lípa u Rouchovanky","typ":1,"tree_count":1,"url":"https://drusop.aopk.gov.cz/ost/chrobjekty/pstromy/index.php?SHOW_ONE=1&ID_SO=100708","osm_proposal":"natural=tree denotation=natural_monument","osm_natural_monument_within_30m":false},"geometry":{"type":"MultiPoint","coordinates":[[16.121307,49.061096]]}},{"type":"Feature","properties":{"ref:drusop":100710,"name":"Lípa u Třebenic","typ":1,"tree_count":1,"url":"https://drusop.aopk.gov.cz/ost/chrobjekty/pstromy/index.php?SHOW_ONE=1&ID_SO=100710","osm_proposal":"natural=tree denotation=natural_monument","osm_natural_monument_within_30m":false},"geometry":{"type":"MultiPoint","coordinates":[[15.992251,49.168883]]}},{"type":"Feature","properties":{"ref:drusop":105387,"name":"Novoveská lípa","typ":1,"tree_count":1,"url":"https://drusop.aopk.gov.cz/ost/chrobjekty/pstromy/index.php?SHOW_ONE=1&ID_SO=105387","osm_proposal":"natural=tree denotation=natural_monument","osm_natural_monument_within_30m":false},"geometry":{"type":"MultiPoint","coordinates":[[16.532043,48.931165]]}},{"type":"Feature","properties":{"ref:drusop":105388,"name":"Tři duby na Studýnkové","typ":3,"tree_count":3,"url":"https://drusop.aopk.gov.cz/ost/chrobjekty/pstromy/index.php?SHOW_ONE=1&ID_SO=105388","osm_proposal":"natural=tree (each) or natural=tree_row + denotation=natural_monument","osm_natural_monument_within_30m":false},"geometry":{"type":"MultiPoint","coordinates":[[16.559008,48.989893],[16.559675,48.989327],[16.55943,48.989213]]}},{"type":"Feature","properties":{"ref:drusop":105560,"name":"Lípa velkolistá","typ":1,"tree_count":1,"url":"https://drusop.aopk.gov.cz/ost/chrobjekty/pstromy/index.php?SHOW_ONE=1&ID_SO=105560","osm_proposal":"natural=tree denotation=natural_monument","osm_natural_monument_within_30m":false},"geometry":{"type":"MultiPoint","coordinates":[[16.764833,49.138305]]}},{"type":"Feature","properties":{"ref:drusop":100856,"name":"Lípa u hřbitova v Uhřicích","typ":1,"tree_count":1,"url":"https://drusop.aopk.gov.cz/ost/chrobjekty/pstromy/index.php?SHOW_ONE=1&ID_SO=100856","osm_proposal":"natural=tree denotation=natural_monument","osm_natural_monument_within_30m":false},"geometry":{"type":"MultiPoint","coordinates":[[17.20155,49.285482]]}},{"type":"Feature","properties":{"ref:drusop":105699,"name":"Oskeruše Pod Plunary","typ":1,"tree_count":1,"url":"https://drusop.aopk.gov.cz/ost/chrobjekty/pstromy/index.php?SHOW_ONE=1&ID_SO=105699","osm_proposal":"natural=tree denotation=natural_monument","osm_natural_monument_within_30m":false},"geometry":{"type":"MultiPoint","coordinates":[[16.850575,48.976944]]}},{"type":"Feature","properties":{"ref:drusop":105896,"name":"Lípa u kostela sv. Anny v Bořeticích","typ":1,"tree_count":1,"url":"https://drusop.aopk.gov.cz/ost/chrobjekty/pstromy/index.php?SHOW_ONE=1&ID_SO=105896","osm_proposal":"natural=tree denotation=natural_monument","osm_natural_monument_within_30m":false},"geometry":{"type":"MultiPoint","coordinates":[[16.850989,48.912954]]}},{"type":"Feature","properties":{"ref:drusop":104653,"name":"Skeneho platany","typ":3,"tree_count":2,"url":"https://drusop.aopk.gov.cz/ost/chrobjekty/pstromy/index.php?SHOW_ONE=1&ID_SO=104653","osm_proposal":"natural=tree (each) or natural=tree_row + denotation=natural_monument","osm_natural_monument_within_30m":false},"geometry":{"type":"MultiPoint","coordinates":[[16.35396,49.090945],[16.354664,49.090852]]}},{"type":"Feature","properties":{"ref:drusop":104806,"name":"Švábenický dub","typ":1,"tree_count":1,"url":"https://drusop.aopk.gov.cz/ost/chrobjekty/pstromy/index.php?SHOW_ONE=1&ID_SO=104806","osm_proposal":"natural=tree denotation=natural_monument","osm_natural_monument_within_30m":true},"geometry":{"type":"MultiPoint","coordinates":[[17.113282,49.252768]]}},{"type":"Feature","properties":{"ref:drusop":106174,"name":"Dub u garáží v Komárově","typ":1,"tree_count":1,"url":"https://drusop.aopk.gov.cz/ost/chrobjekty/pstromy/index.php?SHOW_ONE=1&ID_SO=106174","osm_proposal":"natural=tree denotation=natural_monument","osm_natural_monument_within_30m":false},"geometry":{"type":"MultiPoint","coordinates":[[16.627736,49.172477]]}},{"type":"Feature","properties":{"ref:drusop":105238,"name":"2 ks lípy malolisté","typ":3,"tree_count":2,"url":"https://drusop.aopk.gov.cz/ost/chrobjekty/pstromy/index.php?SHOW_ONE=1&ID_SO=105238","osm_proposal":"natural=tree (each) or natural=tree_row + denotation=natural_monument","osm_natural_monument_within_30m":false},"geometry":{"type":"MultiPoint","coordinates":[[17.025538,49.319138],[17.02565,49.31919]]}},{"type":"Feature","properties":{"ref:drusop":105241,"name":"Lípy malolisté","typ":3,"tree_count":8,"url":"https://drusop.aopk.gov.cz/ost/chrobjekty/pstromy/index.php?SHOW_ONE=1&ID_SO=105241","osm_proposal":"natural=tree (each) or natural=tree_row + denotation=natural_monument","osm_natural_monument_within_30m":false},"geometry":{"type":"MultiPoint","coordinates":[[16.915277,49.329295],[16.914934,49.329498],[16.915124,49.329441],[16.91503,49.328975],[16.915225,49.329368],[16.915138,49.32891]]}},{"type":"Feature","properties":{"ref:drusop":100732,"name":"Dub u Lipníka","typ":1,"tree_count":1,"url":"https://drusop.aopk.gov.cz/ost/chrobjekty/pstromy/index.php?SHOW_ONE=1&ID_SO=100732","osm_proposal":"natural=tree denotation=natural_monument","osm_natural_monument_within_30m":false},"geometry":{"type":"MultiPoint","coordinates":[[15.924784,49.136333]]}},{"type":"Feature","properties":{"ref:drusop":100655,"name":"Lípa za Humny","typ":1,"tree_count":1,"url":"https://drusop.aopk.gov.cz/ost/chrobjekty/pstromy/index.php?SHOW_ONE=1&ID_SO=100655","osm_proposal":"natural=tree denotation=natural_monument","osm_natural_monument_within_30m":false},"geometry":{"type":"MultiPoint","coordinates":[[17.063275,49.287942]]}},{"type":"Feature","properties":{"ref:drusop":100661,"name":"Kozlanské lípy","typ":2,"tree_count":9,"url":"https://drusop.aopk.gov.cz/ost/chrobjekty/pstromy/index.php?SHOW_ONE=1&ID_SO=100661","osm_proposal":"natural=tree (each) or natural=tree_row + denotation=natural_monument","osm_natural_monument_within_30m":false},"geometry":{"type":"MultiPoint","coordinates":[[17.037492,49.202829],[17.036843,49.203639],[17.036955,49.203847],[17.037023,49.203004],[17.037195,49.20274],[17.036608,49.204354],[17.036947,49.203167],[17.036919,49.203316],[17.037083,49.202817]]}},{"type":"Feature","properties":{"ref:drusop":100663,"name":"Bohdalická lípa","typ":1,"tree_count":1,"url":"https://drusop.aopk.gov.cz/ost/chrobjekty/pstromy/index.php?SHOW_ONE=1&ID_SO=100663","osm_proposal":"natural=tree denotation=natural_monument","osm_natural_monument_within_30m":false},"geometry":{"type":"MultiPoint","coordinates":[[17.031328,49.214122]]}},{"type":"Feature","properties":{"ref:drusop":101060,"name":"Dub u Omic","typ":1,"tree_count":1,"url":"https://drusop.aopk.gov.cz/ost/chrobjekty/pstromy/index.php?SHOW_ONE=1&ID_SO=101060","osm_proposal":"natural=tree denotation=natural_monument","osm_natural_monument_within_30m":true},"geometry":{"type":"MultiPoint","coordinates":[[16.427499,49.165759]]}},{"type":"Feature","properties":{"ref:drusop":101061,"name":"Dub v Zadních polích","typ":1,"tree_count":1,"url":"https://drusop.aopk.gov.cz/ost/chrobjekty/pstromy/index.php?SHOW_ONE=1&ID_SO=101061","osm_proposal":"natural=tree denotation=natural_monument","osm_natural_monument_within_30m":false},"geometry":{"type":"MultiPoint","coordinates":[[16.718203,49.281467]]}},{"type":"Feature","properties":{"ref:drusop":101072,"name":"Stromořadí kaštanů na Malé Klajdovce","typ":2,"tree_count":18,"url":"https://drusop.aopk.gov.cz/ost/chrobjekty/pstromy/index.php?SHOW_ONE=1&ID_SO=101072","osm_proposal":"natural=tree (each) or natural=tree_row + denotation=natural_monument","osm_natural_monument_within_30m":false},"geometry":{"type":"MultiPoint","coordinates":[[16.661724,49.197033],[16.661993,49.197067],[16.66307,49.197208],[16.663609,49.197275],[16.663877,49.197312],[16.662102,49.197143],[16.662371,49.19718],[16.662909,49.19725],[16.663176,49.197287],[16.663449,49.197317],[16.663715,49.197353],[16.664417,49.197386]]}},{"type":"Feature","properties":{"ref:drusop":101080,"name":"Platan javorolistý","typ":1,"tree_count":1,"url":"https://drusop.aopk.gov.cz/ost/chrobjekty/pstromy/index.php?SHOW_ONE=1&ID_SO=101080","osm_proposal":"natural=tree denotation=natural_monument","osm_natural_monument_within_30m":true},"geometry":{"type":"MultiPoint","coordinates":[[16.607515,49.190439]]}},{"type":"Feature","properties":{"ref:drusop":101088,"name":"Dub letní","typ":1,"tree_count":1,"url":"https://drusop.aopk.gov.cz/ost/chrobjekty/pstromy/index.php?SHOW_ONE=1&ID_SO=101088","osm_proposal":"natural=tree denotation=natural_monument","osm_natural_monument_within_30m":false},"geometry":{"type":"MultiPoint","coordinates":[[16.530918,49.231944]]}},{"type":"Feature","properties":{"ref:drusop":101089,"name":"Dub letní","typ":1,"tree_count":1,"url":"https://drusop.aopk.gov.cz/ost/chrobjekty/pstromy/index.php?SHOW_ONE=1&ID_SO=101089","osm_proposal":"natural=tree denotation=natural_monument","osm_natural_monument_within_30m":false},"geometry":{"type":"MultiPoint","coordinates":[[16.531126,49.231656]]}},{"type":"Feature","properties":{"ref:drusop":101105,"name":"3 smrky u Bukovinky","typ":3,"tree_count":3,"url":"https://drusop.aopk.gov.cz/ost/chrobjekty/pstromy/index.php?SHOW_ONE=1&ID_SO=101105","osm_proposal":"natural=tree (each) or natural=tree_row + denotation=natural_monument","osm_natural_monument_within_30m":false},"geometry":{"type":"MultiPoint","coordinates":[[16.803377,49.30866],[16.80354,49.308643],[16.803564,49.30877]]}},{"type":"Feature","properties":{"ref:drusop":101026,"name":"Lípy u Jana Nepomuckého","typ":3,"tree_count":2,"url":"https://drusop.aopk.gov.cz/ost/chrobjekty/pstromy/index.php?SHOW_ONE=1&ID_SO=101026","osm_proposal":"natural=tree (each) or natural=tree_row + denotation=natural_monument","osm_natural_monument_within_30m":false},"geometry":{"type":"MultiPoint","coordinates":[[16.780436,49.013138]]}},{"type":"Feature","properties":{"ref:drusop":106251,"name":"Platany na Hlinkách","typ":3,"tree_count":2,"url":"https://drusop.aopk.gov.cz/ost/chrobjekty/pstromy/index.php?SHOW_ONE=1&ID_SO=106251","osm_proposal":"natural=tree (each) or natural=tree_row + denotation=natural_monument","osm_natural_monument_within_30m":false},"geometry":{"type":"MultiPoint","coordinates":[[16.570645,49.194163],[16.569979,49.194551]]}},{"type":"Feature","properties":{"ref:drusop":106617,"name":"Herbenův topol","typ":1,"tree_count":1,"url":"https://drusop.aopk.gov.cz/ost/chrobjekty/pstromy/index.php?SHOW_ONE=1&ID_SO=106617","osm_proposal":"natural=tree denotation=natural_monument","osm_natural_monument_within_30m":false},"geometry":{"type":"MultiPoint","coordinates":[[16.867652,48.967936]]}},{"type":"Feature","properties":{"ref:drusop":106450,"name":"Cedr ve Višňovém","typ":1,"tree_count":1,"url":"https://drusop.aopk.gov.cz/ost/chrobjekty/pstromy/index.php?SHOW_ONE=1&ID_SO=106450","osm_proposal":"natural=tree denotation=natural_monument","osm_natural_monument_within_30m":true},"geometry":{"type":"MultiPoint","coordinates":[[16.15435,48.978637]]}},{"type":"Feature","properties":{"ref:drusop":100692,"name":"U Velkopolského dvora - Alej ke mlýnu","typ":2,"tree_count":45,"url":"https://drusop.aopk.gov.cz/ost/chrobjekty/pstromy/index.php?SHOW_ONE=1&ID_SO=100692","osm_proposal":"natural=tree (each) or natural=tree_row + denotation=natural_monument","osm_natural_monument_within_30m":false},"geometry":{"type":"MultiPoint","coordinates":[[16.16909,49.193738],[16.16772,49.193084],[16.167614,49.193032],[16.166613,49.192587],[16.166893,49.192607],[16.167136,49.192715],[16.168057,49.193139],[16.169129,49.193646],[16.169708,49.193902],[16.169583,49.193975],[16.169514,49.193937],[16.169407,49.193887],[16.169376,49.193873],[16.169352,49.19386],[16.16926,49.193824],[16.169179,49.193786],[16.168919,49.193668],[16.168802,49.193613],[16.168093,49.193265],[16.168029,49.193234],[16.16785,49.19314],[16.167317,49.192891],[16.166902,49.192698],[16.166484,49.192517],[16.166314,49.192433],[16.166331,49.192309],[16.166549,49.192443],[16.166713,49.192507],[16.16681,49.192564],[16.166978,49.192649],[16.16723,49.192767],[16.167404,49.192838],[16.167663,49.192953],[16.167828,49.193043],[16.167976,49.193103],[16.168189,49.193208],[16.168332,49.193276],[16.168402,49.193309],[16.168543,49.19337],[16.168686,49.193444],[16.168836,49.193515],[16.168963,49.193585],[16.169262,49.193718],[16.169401,49.193778],[16.169551,49.193844]]}},{"type":"Feature","properties":{"ref:drusop":105578,"name":"Hausnerova oskeruše","typ":1,"tree_count":1,"url":"https://drusop.aopk.gov.cz/ost/chrobjekty/pstromy/index.php?SHOW_ONE=1&ID_SO=105578","osm_proposal":"natural=tree denotation=natural_monument","osm_natural_monument_within_30m":false},"geometry":{"type":"MultiPoint","coordinates":[[17.125905,49.052841]]}},{"type":"Feature","properties":{"ref:drusop":100695,"name":"Stromořadí u silnice","typ":2,"tree_count":173,"url":"https://drusop.aopk.gov.cz/ost/chrobjekty/pstromy/index.php?SHOW_ONE=1&ID_SO=100695","osm_proposal":"natural=tree (each) or natural=tree_row + denotation=natural_monument","osm_natural_monument_within_30m":false},"geometry":{"type":"MultiPoint","coordinates":[[16.170201,49.193805],[16.170643,49.191784],[16.170617,49.193265],[16.170747,49.193122],[16.166883,49.198506],[16.168566,49.196116],[16.168382,49.196389],[16.17007,49.193964],[16.169968,49.194111],[16.169871,49.194272],[16.16968,49.194537],[16.169259,49.195136],[16.168939,49.195584],[16.168892,49.195652],[16.168709,49.195905],[16.168438,49.196298],[16.168244,49.196585],[16.16813,49.196742],[16.168094,49.196794],[16.168001,49.196971],[16.167968,49.197017],[16.167922,49.197078],[16.166816,49.198588],[16.166288,49.199268],[16.165969,49.199888],[16.167898,49.196872],[16.167856,49.197162],[16.167707,49.1974],[16.167286,49.197969],[16.167111,49.198212],[16.16704,49.198291],[16.166628,49.19884],[16.166529,49.198951],[16.166414,49.199094],[16.166322,49.199216],[16.166221,49.199448],[16.165904,49.200162],[16.165988,49.19982],[16.166007,49.19969],[16.166138,49.199306],[16.166298,49.199078],[16.166416,49.198927],[16.16655,49.198756],[16.166599,49.198694],[16.166696,49.19857],[16.167041,49.198122],[16.167098,49.198047],[16.167169,49.197955],[16.167224,49.197881],[16.16738,49.197629],[16.167443,49.19753],[16.167478,49.197479],[16.167632,49.19724],[16.167672,49.19718],[16.167814,49.196988],[16.167865,49.196924],[16.167961,49.19676],[16.167996,49.19671],[16.168089,49.196572],[16.168473,49.196053],[16.168493,49.196024],[16.168762,49.195635],[16.169364,49.194765],[16.169948,49.193924],[16.170161,49.193629],[16.170228,49.193539],[16.170728,49.192981],[16.170645,49.192],[16.170563,49.191887],[16.170488,49.19177],[16.170294,49.191537],[16.169904,49.190957],[16.169269,49.194912],[16.169106,49.195362],[16.170713,49.192102],[16.170792,49.192209],[16.17046,49.193266],[16.169435,49.194671],[16.169145,49.195084],[16.168917,49.19541],[16.169446,49.194871],[16.169606,49.194656],[16.170301,49.193641],[16.169759,49.194433],[16.170092,49.190999],[16.170544,49.193331],[16.170484,49.193392],[16.170168,49.193855],[16.169373,49.194975],[16.168853,49.195714],[16.168763,49.195828],[16.168344,49.196446],[16.167361,49.197872],[16.167248,49.198032],[16.166675,49.19878],[16.166359,49.199],[16.168034,49.196649],[16.167786,49.197279],[16.16765,49.19747],[16.167585,49.197553],[16.167475,49.197723],[16.167429,49.197788],[16.167331,49.197918],[16.167206,49.198091],[16.166979,49.198377],[16.166759,49.198666],[16.166709,49.198726],[16.16636,49.199155],[16.166253,49.199341],[16.166196,49.199515],[16.166193,49.199564],[16.166147,49.199735],[16.166102,49.199917],[16.165829,49.200284],[16.165879,49.200222],[16.16602,49.199637],[16.166073,49.199446],[16.166188,49.199218],[16.166457,49.198875],[16.166742,49.198511],[16.166821,49.198408],[16.166908,49.198296],[16.167416,49.197573],[16.167538,49.19738],[16.167768,49.197059],[16.167923,49.196815],[16.168141,49.196505],[16.168428,49.19612],[16.168451,49.196089],[16.168617,49.195854],[16.168653,49.195798],[16.168843,49.195526],[16.169703,49.194289],[16.169788,49.194171],[16.170028,49.193829],[16.170377,49.193342],[16.170958,49.192778],[16.170967,49.19246],[16.170866,49.19231],[16.170617,49.191953],[16.170388,49.191655],[16.170158,49.191319],[16.169772,49.190645],[16.170564,49.193156],[16.170283,49.193465],[16.169022,49.195267],[16.169008,49.195493],[16.169514,49.194778],[16.170869,49.19301],[16.170356,49.193559],[16.170963,49.192222],[16.170887,49.192104],[16.170708,49.191888]]}},{"type":"Feature","properties":{"ref:drusop":100767,"name":"Smrk na Oslavě","typ":1,"tree_count":1,"url":"https://drusop.aopk.gov.cz/ost/chrobjekty/pstromy/index.php?SHOW_ONE=1&ID_SO=100767","osm_proposal":"natural=tree denotation=natural_monument","osm_natural_monument_within_30m":true},"geometry":{"type":"MultiPoint","coordinates":[[16.176311,49.152967]]}},{"type":"Feature","properties":{"ref:drusop":100770,"name":"Haugwitzova alej","typ":2,"tree_count":171,"url":"https://drusop.aopk.gov.cz/ost/chrobjekty/pstromy/index.php?SHOW_ONE=1&ID_SO=100770","osm_proposal":"natural=tree (each) or natural=tree_row + denotation=natural_monument","osm_natural_monument_within_30m":false},"geometry":{"type":"MultiPoint","coordinates":[[16.158644,49.145451],[16.158705,49.145589],[16.158736,49.145658],[16.158828,49.145865],[16.158853,49.145943],[16.15892,49.146072],[16.15895,49.146142],[16.158981,49.146211],[16.159012,49.14628],[16.159073,49.146418],[16.159165,49.146625],[16.159257,49.146832],[16.159318,49.14697],[16.159379,49.147109],[16.15941,49.147178],[16.159441,49.147247],[16.159566,49.14753],[16.15966,49.147741],[16.159677,49.1478],[16.15979,49.148032],[16.15986,49.148182],[16.159904,49.148291],[16.160781,49.150204],[16.160873,49.150411],[16.161852,49.15236],[16.161583,49.151731],[16.158583,49.145313],[16.158613,49.145382],[16.161349,49.1512],[16.1612,49.150873],[16.160858,49.150114],[16.160796,49.149976],[16.16036,49.14901],[16.159988,49.148482],[16.16002,49.148551],[16.160052,49.14862],[16.160148,49.148826],[16.160372,49.149308],[16.160564,49.149721],[16.160595,49.14979],[16.160657,49.149928],[16.160688,49.149997],[16.160719,49.150066],[16.160935,49.150549],[16.161027,49.150754],[16.16112,49.150961],[16.161133,49.151025],[16.161215,49.151185],[16.161259,49.15128],[16.16129,49.151349],[16.161369,49.151506],[16.161384,49.151545],[16.161415,49.151614],[16.161446,49.151683],[16.161889,49.152623],[16.161986,49.152893],[16.161963,49.15298],[16.162066,49.15283],[16.161926,49.152512],[16.161826,49.152285],[16.161735,49.152076],[16.161553,49.151663],[16.161429,49.151386],[16.161387,49.151286],[16.161231,49.150942],[16.161138,49.150735],[16.161107,49.150666],[16.161044,49.150528],[16.161033,49.150498],[16.160982,49.15039],[16.160827,49.150045],[16.160546,49.149424],[16.160515,49.149355],[16.160453,49.149217],[16.160329,49.148941],[16.160266,49.148803],[16.160142,49.148527],[16.160085,49.148414],[16.160048,49.14832],[16.159955,49.148113],[16.159795,49.147784],[16.159766,49.147701],[16.159736,49.147632],[16.159705,49.147563],[16.159675,49.147494],[16.159614,49.147356],[16.159401,49.146872],[16.159371,49.146803],[16.15928,49.146595],[16.159219,49.146457],[16.159128,49.14625],[16.158975,49.145904],[16.158884,49.145697],[16.158945,49.145835],[16.158702,49.145282],[16.158763,49.145421],[16.158732,49.145351],[16.16064,49.149631],[16.158675,49.14552],[16.159042,49.146349],[16.159349,49.14704],[16.159502,49.147385],[16.159104,49.146487],[16.158797,49.145796],[16.159134,49.146556],[16.159196,49.146694],[16.159533,49.147454],[16.159625,49.147661],[16.159719,49.147863],[16.159823,49.1481],[16.159939,49.14836],[16.160264,49.149064],[16.160436,49.149446],[16.161837,49.152524],[16.16092,49.150252],[16.160484,49.149286],[16.159924,49.148044],[16.15997,49.148425],[16.160084,49.148689],[16.160116,49.148758],[16.160212,49.148964],[16.160295,49.149107],[16.160532,49.149652],[16.160812,49.150273],[16.160842,49.150342],[16.161001,49.15068],[16.161089,49.150892],[16.161228,49.15121],[16.161684,49.15217],[16.161711,49.152243],[16.161923,49.152732],[16.161957,49.152582],[16.161674,49.151938],[16.161522,49.151593],[16.161076,49.150597],[16.160889,49.150183],[16.160671,49.1497],[16.160609,49.149562],[16.160422,49.149148],[16.160297,49.148872],[16.160235,49.148734],[16.160029,49.148278],[16.159593,49.147311],[16.159492,49.147079],[16.159462,49.14701],[16.159442,49.14696],[16.15934,49.146734],[16.15931,49.146665],[16.159188,49.146388],[16.159036,49.146043],[16.158915,49.145766],[16.158854,49.145628],[16.158799,49.145506]]}},{"type":"Feature","properties":{"ref:drusop":100773,"name":"Lípa pod Mohelenskou stepí","typ":1,"tree_count":1,"url":"https://drusop.aopk.gov.cz/ost/chrobjekty/pstromy/index.php?SHOW_ONE=1&ID_SO=100773","osm_proposal":"natural=tree denotation=natural_monument","osm_natural_monument_within_30m":false},"geometry":{"type":"MultiPoint","coordinates":[[16.184145,49.10436]]}},{"type":"Feature","properties":{"ref:drusop":105707,"name":"Platan v zámeckém parku Sokolnice","typ":1,"tree_count":1,"url":"https://drusop.aopk.gov.cz/ost/chrobjekty/pstromy/index.php?SHOW_ONE=1&ID_SO=105707","osm_proposal":"natural=tree denotation=natural_monument","osm_natural_monument_within_30m":false},"geometry":{"type":"MultiPoint","coordinates":[[16.727298,49.120414]]}},{"type":"Feature","properties":{"ref:drusop":105941,"name":"Lípa malolistá u Nového mlýna","typ":1,"tree_count":1,"url":"https://drusop.aopk.gov.cz/ost/chrobjekty/pstromy/index.php?SHOW_ONE=1&ID_SO=105941","osm_proposal":"natural=tree denotation=natural_monument","osm_natural_monument_within_30m":false},"geometry":{"type":"MultiPoint","coordinates":[[16.54793,49.129318]]}},{"type":"Feature","properties":{"ref:drusop":104808,"name":"Kiliánova vrba","typ":1,"tree_count":1,"url":"https://drusop.aopk.gov.cz/ost/chrobjekty/pstromy/index.php?SHOW_ONE=1&ID_SO=104808","osm_proposal":"natural=tree denotation=natural_monument","osm_natural_monument_within_30m":false},"geometry":{"type":"MultiPoint","coordinates":[[16.535808,49.173865]]}},{"type":"Feature","properties":{"ref:drusop":105239,"name":"Dub letní","typ":1,"tree_count":1,"url":"https://drusop.aopk.gov.cz/ost/chrobjekty/pstromy/index.php?SHOW_ONE=1&ID_SO=105239","osm_proposal":"natural=tree denotation=natural_monument","osm_natural_monument_within_30m":true},"geometry":{"type":"MultiPoint","coordinates":[[17.078595,49.201701]]}},{"type":"Feature","properties":{"ref:drusop":105249,"name":"Lípa malolistá","typ":1,"tree_count":1,"url":"https://drusop.aopk.gov.cz/ost/chrobjekty/pstromy/index.php?SHOW_ONE=1&ID_SO=105249","osm_proposal":"natural=tree denotation=natural_monument","osm_natural_monument_within_30m":false},"geometry":{"type":"MultiPoint","coordinates":[[16.923887,49.254227]]}},{"type":"Feature","properties":{"ref:drusop":105250,"name":"Lípa malolistá","typ":1,"tree_count":1,"url":"https://drusop.aopk.gov.cz/ost/chrobjekty/pstromy/index.php?SHOW_ONE=1&ID_SO=105250","osm_proposal":"natural=tree denotation=natural_monument","osm_natural_monument_within_30m":false},"geometry":{"type":"MultiPoint","coordinates":[[16.924228,49.254625]]}},{"type":"Feature","properties":{"ref:drusop":105257,"name":"Lípa malolistá","typ":1,"tree_count":1,"url":"https://drusop.aopk.gov.cz/ost/chrobjekty/pstromy/index.php?SHOW_ONE=1&ID_SO=105257","osm_proposal":"natural=tree denotation=natural_monument","osm_natural_monument_within_30m":false},"geometry":{"type":"MultiPoint","coordinates":[[17.02603,49.229803]]}},{"type":"Feature","properties":{"ref:drusop":105258,"name":"Lípy malolisté","typ":3,"tree_count":7,"url":"https://drusop.aopk.gov.cz/ost/chrobjekty/pstromy/index.php?SHOW_ONE=1&ID_SO=105258","osm_proposal":"natural=tree (each) or natural=tree_row + denotation=natural_monument","osm_natural_monument_within_30m":false},"geometry":{"type":"MultiPoint","coordinates":[[17.023387,49.231775],[17.023455,49.231677],[17.023058,49.231716],[17.023283,49.231761],[17.023158,49.231725],[17.023222,49.231679]]}},{"type":"Feature","properties":{"ref:drusop":100720,"name":"Dub u Ptáčova","typ":1,"tree_count":1,"url":"https://drusop.aopk.gov.cz/ost/chrobjekty/pstromy/index.php?SHOW_ONE=1&ID_SO=100720","osm_proposal":"natural=tree denotation=natural_monument","osm_natural_monument_within_30m":false},"geometry":{"type":"MultiPoint","coordinates":[[15.927561,49.238039]]}},{"type":"Feature","properties":{"ref:drusop":100642,"name":"Hubertův dub","typ":1,"tree_count":1,"url":"https://drusop.aopk.gov.cz/ost/chrobjekty/pstromy/index.php?SHOW_ONE=1&ID_SO=100642","osm_proposal":"natural=tree denotation=natural_monument","osm_natural_monument_within_30m":false},"geometry":{"type":"MultiPoint","coordinates":[[16.156265,49.045101]]}},{"type":"Feature","properties":{"ref:drusop":100649,"name":"Lípa malolistá","typ":1,"tree_count":1,"url":"https://drusop.aopk.gov.cz/ost/chrobjekty/pstromy/index.php?SHOW_ONE=1&ID_SO=100649","osm_proposal":"natural=tree denotation=natural_monument","osm_natural_monument_within_30m":false},"geometry":{"type":"MultiPoint","coordinates":[[17.077274,49.171426]]}},{"type":"Feature","properties":{"ref:drusop":100656,"name":"Lípa u kostela","typ":1,"tree_count":1,"url":"https://drusop.aopk.gov.cz/ost/chrobjekty/pstromy/index.php?SHOW_ONE=1&ID_SO=100656","osm_proposal":"natural=tree denotation=natural_monument","osm_natural_monument_within_30m":false},"geometry":{"type":"MultiPoint","coordinates":[[17.066084,49.287291]]}},{"type":"Feature","properties":{"ref:drusop":100659,"name":"Pustiměřská lípa","typ":1,"tree_count":1,"url":"https://drusop.aopk.gov.cz/ost/chrobjekty/pstromy/index.php?SHOW_ONE=1&ID_SO=100659","osm_proposal":"natural=tree denotation=natural_monument","osm_natural_monument_within_30m":true},"geometry":{"type":"MultiPoint","coordinates":[[17.030374,49.32529]]}},{"type":"Feature","properties":{"ref:drusop":100858,"name":"Dřín u Vrbů","typ":1,"tree_count":1,"url":"https://drusop.aopk.gov.cz/ost/chrobjekty/pstromy/index.php?SHOW_ONE=1&ID_SO=100858","osm_proposal":"natural=tree denotation=natural_monument","osm_natural_monument_within_30m":false},"geometry":{"type":"MultiPoint","coordinates":[[17.213079,49.144153]]}},{"type":"Feature","properties":{"ref:drusop":106038,"name":"Platan nedaleko pítka v Lužánkách","typ":1,"tree_count":1,"url":"https://drusop.aopk.gov.cz/ost/chrobjekty/pstromy/index.php?SHOW_ONE=1&ID_SO=106038","osm_proposal":"natural=tree denotation=natural_monument","osm_natural_monument_within_30m":true},"geometry":{"type":"MultiPoint","coordinates":[[16.608599,49.206989]]}},{"type":"Feature","properties":{"ref:drusop":101042,"name":"Lípa u Brněnského kříže","typ":1,"tree_count":1,"url":"https://drusop.aopk.gov.cz/ost/chrobjekty/pstromy/index.php?SHOW_ONE=1&ID_SO=101042","osm_proposal":"natural=tree denotation=natural_monument","osm_natural_monument_within_30m":false},"geometry":{"type":"MultiPoint","coordinates":[[16.507632,49.328703]]}},{"type":"Feature","properties":{"ref:drusop":101070,"name":"Dva platany na Zvonařce","typ":3,"tree_count":2,"url":"https://drusop.aopk.gov.cz/ost/chrobjekty/pstromy/index.php?SHOW_ONE=1&ID_SO=101070","osm_proposal":"natural=tree (each) or natural=tree_row + denotation=natural_monument","osm_natural_monument_within_30m":true},"geometry":{"type":"MultiPoint","coordinates":[[16.621692,49.187341],[16.621679,49.187412]]}},{"type":"Feature","properties":{"ref:drusop":101073,"name":"Lipové stromořadí na Bráfové","typ":2,"tree_count":36,"url":"https://drusop.aopk.gov.cz/ost/chrobjekty/pstromy/index.php?SHOW_ONE=1&ID_SO=101073","osm_proposal":"natural=tree (each) or natural=tree_row + denotation=natural_monument","osm_natural_monument_within_30m":false},"geometry":{"type":"MultiPoint","coordinates":[[16.570966,49.206609],[16.570902,49.206474],[16.570727,49.206116],[16.570649,49.205952],[16.570491,49.205592],[16.570385,49.205425],[16.570243,49.205285],[16.569881,49.204988],[16.5697,49.204843],[16.569546,49.204716],[16.569375,49.204572],[16.569192,49.204431],[16.569027,49.204295],[16.568846,49.204154],[16.568834,49.204263],[16.569187,49.204546],[16.569359,49.204683],[16.569536,49.204831],[16.569875,49.205106],[16.570219,49.205391],[16.570345,49.205559],[16.570674,49.206228],[16.570752,49.206394],[16.57094,49.206757],[16.571003,49.206915],[16.571086,49.207076],[16.571174,49.207245],[16.570433,49.205719],[16.571387,49.207482],[16.571223,49.20714],[16.571136,49.206965],[16.571064,49.206812]]}},{"type":"Feature","properties":{"ref:drusop":101075,"name":"Platan u pomníku","typ":1,"tree_count":1,"url":"https://drusop.aopk.gov.cz/ost/chrobjekty/pstromy/index.php?SHOW_ONE=1&ID_SO=101075","osm_proposal":"natural=tree denotation=natural_monument","osm_natural_monument_within_30m":false},"geometry":{"type":"MultiPoint","coordinates":[[16.582034,49.252391]]}},{"type":"Feature","properties":{"ref:drusop":101077,"name":"Javor polní, babyka","typ":1,"tree_count":1,"url":"https://drusop.aopk.gov.cz/ost/chrobjekty/pstromy/index.php?SHOW_ONE=1&ID_SO=101077","osm_proposal":"natural=tree denotation=natural_monument","osm_natural_monument_within_30m":true},"geometry":{"type":"MultiPoint","coordinates":[[16.569541,49.185945]]}},{"type":"Feature","properties":{"ref:drusop":101096,"name":"Smrk u jeskyně Výpustek","typ":1,"tree_count":1,"url":"https://drusop.aopk.gov.cz/ost/chrobjekty/pstromy/index.php?SHOW_ONE=1&ID_SO=101096","osm_proposal":"natural=tree denotation=natural_monument","osm_natural_monument_within_30m":false},"geometry":{"type":"MultiPoint","coordinates":[[16.723515,49.292639]]}},{"type":"Feature","properties":{"ref:drusop":101106,"name":"Habrůvecký smrk","typ":1,"tree_count":1,"url":"https://drusop.aopk.gov.cz/ost/chrobjekty/pstromy/index.php?SHOW_ONE=1&ID_SO=101106","osm_proposal":"natural=tree denotation=natural_monument","osm_natural_monument_within_30m":false},"geometry":{"type":"MultiPoint","coordinates":[[16.715273,49.307572]]}},{"type":"Feature","properties":{"ref:drusop":106211,"name":"Jilm u hrobky","typ":1,"tree_count":1,"url":"https://drusop.aopk.gov.cz/ost/chrobjekty/pstromy/index.php?SHOW_ONE=1&ID_SO=106211","osm_proposal":"natural=tree denotation=natural_monument","osm_natural_monument_within_30m":false},"geometry":{"type":"MultiPoint","coordinates":[[16.61256,49.309465]]}},{"type":"Feature","properties":{"ref:drusop":106212,"name":"Dub u kolotoče","typ":1,"tree_count":1,"url":"https://drusop.aopk.gov.cz/ost/chrobjekty/pstromy/index.php?SHOW_ONE=1&ID_SO=106212","osm_proposal":"natural=tree denotation=natural_monument","osm_natural_monument_within_30m":false},"geometry":{"type":"MultiPoint","coordinates":[[16.616867,49.308275]]}},{"type":"Feature","properties":{"ref:drusop":101050,"name":"Duby a topoly v rajhradské bažantnici","typ":3,"tree_count":6,"url":"https://drusop.aopk.gov.cz/ost/chrobjekty/pstromy/index.php?SHOW_ONE=1&ID_SO=101050","osm_proposal":"natural=tree (each) or natural=tree_row + denotation=natural_monument","osm_natural_monument_within_30m":false},"geometry":{"type":"MultiPoint","coordinates":[[16.623454,49.099497],[16.612752,49.097724],[16.623333,49.099544],[16.623372,49.099299]]}},{"type":"Feature","properties":{"ref:drusop":106451,"name":"Dub v zámeckém parku v Plavči","typ":1,"tree_count":1,"url":"https://drusop.aopk.gov.cz/ost/chrobjekty/pstromy/index.php?SHOW_ONE=1&ID_SO=106451","osm_proposal":"natural=tree denotation=natural_monument","osm_natural_monument_within_30m":false},"geometry":{"type":"MultiPoint","coordinates":[[16.081892,48.930135]]}},{"type":"Feature","properties":{"ref:drusop":106461,"name":"Havranický šipák","typ":1,"tree_count":1,"url":"https://drusop.aopk.gov.cz/ost/chrobjekty/pstromy/index.php?SHOW_ONE=1&ID_SO=106461","osm_proposal":"natural=tree denotation=natural_monument","osm_natural_monument_within_30m":false},"geometry":{"type":"MultiPoint","coordinates":[[15.995924,48.804688]]}},{"type":"Feature","properties":{"ref:drusop":100705,"name":"Lípy u Třebenic","typ":3,"tree_count":4,"url":"https://drusop.aopk.gov.cz/ost/chrobjekty/pstromy/index.php?SHOW_ONE=1&ID_SO=100705","osm_proposal":"natural=tree (each) or natural=tree_row + denotation=natural_monument","osm_natural_monument_within_30m":false},"geometry":{"type":"MultiPoint","coordinates":[[16.00108,49.167303],[16.00114,49.167293],[16.001132,49.167253],[16.001075,49.167266]]}},{"type":"Feature","properties":{"ref:drusop":105826,"name":"Dolnověstonické duby","typ":3,"tree_count":8,"url":"https://drusop.aopk.gov.cz/ost/chrobjekty/pstromy/index.php?SHOW_ONE=1&ID_SO=105826","osm_proposal":"natural=tree (each) or natural=tree_row + denotation=natural_monument","osm_natural_monument_within_30m":false},"geometry":{"type":"MultiPoint","coordinates":[[16.645267,48.891648],[16.644953,48.891536],[16.644416,48.891117],[16.645466,48.891689],[16.64595,48.891591],[16.644332,48.891217],[16.64514,48.891594],[16.64478,48.891442]]}},{"type":"Feature","properties":{"ref:drusop":105497,"name":"Jinan vedle budovy CVČ Lužánky","typ":1,"tree_count":1,"url":"https://drusop.aopk.gov.cz/ost/chrobjekty/pstromy/index.php?SHOW_ONE=1&ID_SO=105497","osm_proposal":"natural=tree denotation=natural_monument","osm_natural_monument_within_30m":false},"geometry":{"type":"MultiPoint","coordinates":[[16.607009,49.205724]]}},{"type":"Feature","properties":{"ref:drusop":101055,"name":"Lipové stromořadí v Rosicích","typ":2,"tree_count":105,"url":"https://drusop.aopk.gov.cz/ost/chrobjekty/pstromy/index.php?SHOW_ONE=1&ID_SO=101055","osm_proposal":"natural=tree (each) or natural=tree_row + denotation=natural_monument","osm_natural_monument_within_30m":false},"geometry":{"type":"MultiPoint","coordinates":[[16.389576,49.176128],[16.389582,49.176006],[16.389575,49.175761],[16.389592,49.175508],[16.389597,49.175355],[16.38991,49.175277],[16.389906,49.175546],[16.389904,49.175656],[16.38991,49.17574],[16.389913,49.175803],[16.389914,49.175845],[16.389908,49.175895],[16.389921,49.175985],[16.389659,49.176003],[16.389665,49.175919],[16.389678,49.175865],[16.389709,49.175758],[16.389704,49.175713],[16.389695,49.175656],[16.389693,49.175551],[16.389709,49.175438],[16.389707,49.175387],[16.389706,49.17533],[16.389745,49.17515],[16.389742,49.175059],[16.389736,49.174963],[16.389723,49.174842],[16.389738,49.174714],[16.389734,49.174619],[16.389733,49.174528],[16.389737,49.174308],[16.38974,49.174194],[16.389742,49.174121],[16.38974,49.174046],[16.389734,49.173977],[16.389745,49.173873],[16.389752,49.173764],[16.389757,49.173698],[16.389765,49.173647],[16.389784,49.173563],[16.389785,49.173493],[16.389783,49.173434],[16.389782,49.173362],[16.38979,49.173255],[16.389796,49.173209],[16.389803,49.173158],[16.389806,49.173106],[16.389808,49.173064],[16.389803,49.172955],[16.389805,49.172865],[16.389808,49.172812],[16.389811,49.172754],[16.389656,49.172396],[16.389663,49.172283],[16.389757,49.172247],[16.389916,49.172232],[16.390108,49.172312],[16.390105,49.172431],[16.390091,49.172527],[16.389894,49.172754],[16.389896,49.17281],[16.389899,49.172859],[16.389897,49.172899],[16.389889,49.172956],[16.389883,49.173003],[16.389871,49.173106],[16.389869,49.173159],[16.389872,49.173206],[16.389873,49.173256],[16.389883,49.173304],[16.389878,49.173364],[16.389869,49.173459],[16.389867,49.173563],[16.389861,49.173647],[16.389877,49.17376],[16.389853,49.173874],[16.389854,49.173922],[16.389856,49.173975],[16.389853,49.174046],[16.389848,49.174118],[16.389845,49.174171],[16.389771,49.175946],[16.389771,49.176054],[16.389853,49.174225],[16.389875,49.174443],[16.389873,49.174527],[16.389855,49.174662],[16.389849,49.174711],[16.389827,49.174887],[16.389824,49.175098],[16.389825,49.175137],[16.389823,49.175191],[16.389818,49.175279],[16.389822,49.175377],[16.389815,49.175436],[16.389816,49.175592],[16.389812,49.175753],[16.389805,49.175808],[16.389783,49.175906]]}},{"type":"Feature","properties":{"ref:drusop":101069,"name":"Skupina 34 lip","typ":3,"tree_count":34,"url":"https://drusop.aopk.gov.cz/ost/chrobjekty/pstromy/index.php?SHOW_ONE=1&ID_SO=101069","osm_proposal":"natural=tree (each) or natural=tree_row + denotation=natural_monument","osm_natural_monument_within_30m":false},"geometry":{"type":"MultiPoint","coordinates":[[16.528587,49.17676],[16.52881,49.176641],[16.529021,49.176527],[16.529125,49.17647],[16.529232,49.176413],[16.529339,49.176353],[16.529447,49.176294],[16.529665,49.176176],[16.529336,49.176167],[16.529445,49.176089],[16.530403,49.175773],[16.530498,49.175706],[16.530592,49.175642],[16.530681,49.175574],[16.530232,49.175781],[16.530427,49.175671],[16.530496,49.175576],[16.530582,49.175511],[16.530121,49.175701],[16.530337,49.17553],[16.531163,49.175219],[16.531187,49.175068],[16.531484,49.17488],[16.531599,49.174804],[16.531797,49.174669],[16.531929,49.174633],[16.529776,49.176119]]}},{"type":"Feature","properties":{"ref:drusop":106411,"name":"Platan v areálu MENDELU","typ":1,"tree_count":1,"url":"https://drusop.aopk.gov.cz/ost/chrobjekty/pstromy/index.php?SHOW_ONE=1&ID_SO=106411","osm_proposal":"natural=tree denotation=natural_monument","osm_natural_monument_within_30m":false},"geometry":{"type":"MultiPoint","coordinates":[[16.616841,49.210948]]}},{"type":"Feature","properties":{"ref:drusop":106299,"name":"Červenolistý buk v zahradě MŠ","typ":1,"tree_count":1,"url":"https://drusop.aopk.gov.cz/ost/chrobjekty/pstromy/index.php?SHOW_ONE=1&ID_SO=106299","osm_proposal":"natural=tree denotation=natural_monument","osm_natural_monument_within_30m":false},"geometry":{"type":"MultiPoint","coordinates":[[16.587846,49.190247]]}},{"type":"Feature","properties":{"ref:drusop":106300,"name":"Dub u hradu Veveří II","typ":1,"tree_count":1,"url":"https://drusop.aopk.gov.cz/ost/chrobjekty/pstromy/index.php?SHOW_ONE=1&ID_SO=106300","osm_proposal":"natural=tree denotation=natural_monument","osm_natural_monument_within_30m":true},"geometry":{"type":"MultiPoint","coordinates":[[16.460413,49.254881]]}},{"type":"Feature","properties":{"ref:drusop":100694,"name":"U Velkopolského dvora - Severovýchodní alej","typ":2,"tree_count":74,"url":"https://drusop.aopk.gov.cz/ost/chrobjekty/pstromy/index.php?SHOW_ONE=1&ID_SO=100694","osm_proposal":"natural=tree (each) or natural=tree_row + denotation=natural_monument","osm_natural_monument_within_30m":false},"geometry":{"type":"MultiPoint","coordinates":[[16.180968,49.194495],[16.175584,49.193281],[16.173241,49.192855],[16.174024,49.192898],[16.175012,49.193083],[16.175591,49.193206],[16.177312,49.193576],[16.177651,49.193664],[16.178581,49.193869],[16.178728,49.193904],[16.180662,49.194336],[16.181391,49.194504],[16.181453,49.194601],[16.180616,49.194414],[16.178838,49.194002],[16.178528,49.193937],[16.178199,49.19386],[16.177862,49.19378],[16.1772,49.193645],[16.17696,49.193588],[16.176316,49.193453],[16.17598,49.193379],[16.175798,49.193336],[16.174174,49.193],[16.173041,49.192833],[16.173844,49.192869],[16.176195,49.193347],[16.180768,49.194435],[16.179379,49.194121],[16.177717,49.193759],[16.17348,49.192834],[16.173674,49.192849],[16.17417,49.192928],[16.174397,49.192953],[16.174589,49.192995],[16.174836,49.193051],[16.175389,49.193169],[16.175864,49.193279],[16.176515,49.193419],[16.176842,49.193486],[16.177478,49.193624],[16.177803,49.193703],[16.178116,49.19377],[16.178427,49.193834],[16.178905,49.193941],[16.179661,49.194115],[16.179975,49.194179],[16.180426,49.19428],[16.181254,49.194453],[16.181885,49.194612],[16.181235,49.194542],[16.180321,49.194335],[16.179976,49.194255],[16.179698,49.194195],[16.178997,49.194042],[16.178659,49.193969],[16.178363,49.193901],[16.178055,49.19383],[16.177407,49.193676],[16.177064,49.193612],[16.176753,49.193541],[16.176439,49.19348],[16.176119,49.193408],[16.175306,49.193217],[16.175073,49.193165],[16.174571,49.193059],[16.174407,49.193025],[16.173973,49.192956],[16.173814,49.192934],[16.173652,49.192915],[16.173466,49.192892],[16.175741,49.193235],[16.176374,49.193369],[16.17829,49.193799]]}},{"type":"Feature","properties":{"ref:drusop":100740,"name":"Horákův buk","typ":1,"tree_count":1,"url":"https://drusop.aopk.gov.cz/ost/chrobjekty/pstromy/index.php?SHOW_ONE=1&ID_SO=100740","osm_proposal":"natural=tree denotation=natural_monument","osm_natural_monument_within_30m":false},"geometry":{"type":"MultiPoint","coordinates":[[16.148835,49.12236]]}},{"type":"Feature","properties":{"ref:drusop":100754,"name":"Alej k Babí hoře","typ":2,"tree_count":62,"url":"https://drusop.aopk.gov.cz/ost/chrobjekty/pstromy/index.php?SHOW_ONE=1&ID_SO=100754","osm_proposal":"natural=tree (each) or natural=tree_row + denotation=natural_monument","osm_natural_monument_within_30m":false},"geometry":{"type":"MultiPoint","coordinates":[[16.0948,49.172486],[16.097353,49.175857],[16.096316,49.174509],[16.09906,49.17853],[16.094009,49.171322],[16.094898,49.172406],[16.095407,49.173182],[16.095722,49.173602],[16.095819,49.173766],[16.095921,49.173915],[16.096251,49.174381],[16.096736,49.174939],[16.096848,49.175083],[16.097068,49.17538],[16.098708,49.17793],[16.098974,49.178235],[16.099108,49.178383],[16.099267,49.178543],[16.09957,49.178866],[16.099725,49.179048],[16.1003,49.179677],[16.100665,49.17992],[16.100877,49.180059],[16.101044,49.180139],[16.102902,49.180215],[16.104421,49.180217],[16.104315,49.180289],[16.103802,49.180269],[16.103116,49.180278],[16.101697,49.180327],[16.099685,49.17919],[16.097183,49.175817],[16.09667,49.175051],[16.096059,49.174371],[16.095828,49.174012],[16.097694,49.176516],[16.098846,49.178082],[16.099447,49.178715],[16.094984,49.172533],[16.095509,49.173314],[16.095618,49.173466],[16.096005,49.174047],[16.096128,49.174224],[16.096449,49.174659],[16.096597,49.1748],[16.096965,49.175223],[16.097168,49.175532],[16.097786,49.176687],[16.100477,49.179792],[16.103682,49.180193],[16.102766,49.180334],[16.101132,49.180246],[16.100463,49.179915],[16.100325,49.179822],[16.098883,49.178342],[16.097912,49.177125],[16.097091,49.175646],[16.095626,49.1737],[16.094661,49.172314],[16.094233,49.171699],[16.094047,49.17117]]}},{"type":"Feature","properties":{"ref:drusop":101029,"name":"Oskeruše v Dukejských","typ":1,"tree_count":1,"url":"https://drusop.aopk.gov.cz/ost/chrobjekty/pstromy/index.php?SHOW_ONE=1&ID_SO=101029","osm_proposal":"natural=tree denotation=natural_monument","osm_natural_monument_within_30m":false},"geometry":{"type":"MultiPoint","coordinates":[[16.827686,48.968585]]}},{"type":"Feature","properties":{"ref:drusop":106345,"name":"Svatojánský dub","typ":1,"tree_count":1,"url":"https://drusop.aopk.gov.cz/ost/chrobjekty/pstromy/index.php?SHOW_ONE=1&ID_SO=106345","osm_proposal":"natural=tree denotation=natural_monument","osm_natural_monument_within_30m":false},"geometry":{"type":"MultiPoint","coordinates":[[16.302443,49.177077]]}},{"type":"Feature","properties":{"ref:drusop":105037,"name":"Jírovec na ul. Rooseveltova","typ":1,"tree_count":1,"url":"https://drusop.aopk.gov.cz/ost/chrobjekty/pstromy/index.php?SHOW_ONE=1&ID_SO=105037","osm_proposal":"natural=tree denotation=natural_monument","osm_natural_monument_within_30m":false},"geometry":{"type":"MultiPoint","coordinates":[[16.609931,49.19772]]}},{"type":"Feature","properties":{"ref:drusop":105463,"name":"Helánové lípy","typ":3,"tree_count":2,"url":"https://drusop.aopk.gov.cz/ost/chrobjekty/pstromy/index.php?SHOW_ONE=1&ID_SO=105463","osm_proposal":"natural=tree (each) or natural=tree_row + denotation=natural_monument","osm_natural_monument_within_30m":false},"geometry":{"type":"MultiPoint","coordinates":[[16.462328,49.290551]]}},{"type":"Feature","properties":{"ref:drusop":105711,"name":"Dub před kostelem sv. Jiljí","typ":1,"tree_count":1,"url":"https://drusop.aopk.gov.cz/ost/chrobjekty/pstromy/index.php?SHOW_ONE=1&ID_SO=105711","osm_proposal":"natural=tree denotation=natural_monument","osm_natural_monument_within_30m":false},"geometry":{"type":"MultiPoint","coordinates":[[16.623987,49.176231]]}},{"type":"Feature","properties":{"ref:drusop":105744,"name":"Klentnická lípa Sv. Jana Nepomuckého","typ":1,"tree_count":1,"url":"https://drusop.aopk.gov.cz/ost/chrobjekty/pstromy/index.php?SHOW_ONE=1&ID_SO=105744","osm_proposal":"natural=tree denotation=natural_monument","osm_natural_monument_within_30m":false},"geometry":{"type":"MultiPoint","coordinates":[[16.645201,48.847764]]}},{"type":"Feature","properties":{"ref:drusop":105863,"name":"Dub červený JUDr. Jana Besedy","typ":1,"tree_count":1,"url":"https://drusop.aopk.gov.cz/ost/chrobjekty/pstromy/index.php?SHOW_ONE=1&ID_SO=105863","osm_proposal":"natural=tree denotation=natural_monument","osm_natural_monument_within_30m":false},"geometry":{"type":"MultiPoint","coordinates":[[16.593681,49.225312]]}},{"type":"Feature","properties":{"ref:drusop":104703,"name":"Lípy u Svatého Gerarda","typ":3,"tree_count":2,"url":"https://drusop.aopk.gov.cz/ost/chrobjekty/pstromy/index.php?SHOW_ONE=1&ID_SO=104703","osm_proposal":"natural=tree (each) or natural=tree_row + denotation=natural_monument","osm_natural_monument_within_30m":true},"geometry":{"type":"MultiPoint","coordinates":[[17.172537,48.994883],[17.172448,48.994841]]}},{"type":"Feature","properties":{"ref:drusop":105223,"name":"Topol u hřiště","typ":1,"tree_count":1,"url":"https://drusop.aopk.gov.cz/ost/chrobjekty/pstromy/index.php?SHOW_ONE=1&ID_SO=105223","osm_proposal":"natural=tree denotation=natural_monument","osm_natural_monument_within_30m":false},"geometry":{"type":"MultiPoint","coordinates":[[16.653762,49.129325]]}},{"type":"Feature","properties":{"ref:drusop":105248,"name":"Lípy malolisté","typ":3,"tree_count":2,"url":"https://drusop.aopk.gov.cz/ost/chrobjekty/pstromy/index.php?SHOW_ONE=1&ID_SO=105248","osm_proposal":"natural=tree (each) or natural=tree_row + denotation=natural_monument","osm_natural_monument_within_30m":false},"geometry":{"type":"MultiPoint","coordinates":[[17.034954,49.29269],[17.034937,49.292621]]}},{"type":"Feature","properties":{"ref:drusop":105251,"name":"Lípy malolisté","typ":3,"tree_count":4,"url":"https://drusop.aopk.gov.cz/ost/chrobjekty/pstromy/index.php?SHOW_ONE=1&ID_SO=105251","osm_proposal":"natural=tree (each) or natural=tree_row + denotation=natural_monument","osm_natural_monument_within_30m":false},"geometry":{"type":"MultiPoint","coordinates":[[16.924473,49.254822],[16.924702,49.254693],[16.924225,49.254624],[16.924379,49.254882]]}},{"type":"Feature","properties":{"ref:drusop":105254,"name":"Lípy malolisté","typ":3,"tree_count":2,"url":"https://drusop.aopk.gov.cz/ost/chrobjekty/pstromy/index.php?SHOW_ONE=1&ID_SO=105254","osm_proposal":"natural=tree (each) or natural=tree_row + denotation=natural_monument","osm_natural_monument_within_30m":false},"geometry":{"type":"MultiPoint","coordinates":[[17.030996,49.215334],[17.030976,49.215258]]}},{"type":"Feature","properties":{"ref:drusop":100866,"name":"Tis v zámeckém parku","typ":1,"tree_count":1,"url":"https://drusop.aopk.gov.cz/ost/chrobjekty/pstromy/index.php?SHOW_ONE=1&ID_SO=100866","osm_proposal":"natural=tree denotation=natural_monument","osm_natural_monument_within_30m":false},"geometry":{"type":"MultiPoint","coordinates":[[17.162874,49.103862]]}},{"type":"Feature","properties":{"ref:drusop":101068,"name":"Smrk ztepilý","typ":1,"tree_count":1,"url":"https://drusop.aopk.gov.cz/ost/chrobjekty/pstromy/index.php?SHOW_ONE=1&ID_SO=101068","osm_proposal":"natural=tree denotation=natural_monument","osm_natural_monument_within_30m":false},"geometry":{"type":"MultiPoint","coordinates":[[16.587554,49.227997]]}},{"type":"Feature","properties":{"ref:drusop":101084,"name":"Platan na Hybešově","typ":1,"tree_count":1,"url":"https://drusop.aopk.gov.cz/ost/chrobjekty/pstromy/index.php?SHOW_ONE=1&ID_SO=101084","osm_proposal":"natural=tree denotation=natural_monument","osm_natural_monument_within_30m":true},"geometry":{"type":"MultiPoint","coordinates":[[16.60115,49.188852]]}},{"type":"Feature","properties":{"ref:drusop":101112,"name":"Modřín troják u Habrůvky","typ":1,"tree_count":1,"url":"https://drusop.aopk.gov.cz/ost/chrobjekty/pstromy/index.php?SHOW_ONE=1&ID_SO=101112","osm_proposal":"natural=tree denotation=natural_monument","osm_natural_monument_within_30m":false},"geometry":{"type":"MultiPoint","coordinates":[[16.69946,49.317763]]}},{"type":"Feature","properties":{"ref:drusop":100970,"name":"Žilkův dub","typ":1,"tree_count":1,"url":"https://drusop.aopk.gov.cz/ost/chrobjekty/pstromy/index.php?SHOW_ONE=1&ID_SO=100970","osm_proposal":"natural=tree denotation=natural_monument","osm_natural_monument_within_30m":false},"geometry":{"type":"MultiPoint","coordinates":[[17.255004,48.935422]]}},{"type":"Feature","properties":{"ref:drusop":101021,"name":"Platan javorolistý","typ":1,"tree_count":1,"url":"https://drusop.aopk.gov.cz/ost/chrobjekty/pstromy/index.php?SHOW_ONE=1&ID_SO=101021","osm_proposal":"natural=tree denotation=natural_monument","osm_natural_monument_within_30m":false},"geometry":{"type":"MultiPoint","coordinates":[[16.639257,48.803026]]}},{"type":"Feature","properties":{"ref:drusop":101022,"name":"Věstonická oskeruše","typ":1,"tree_count":1,"url":"https://drusop.aopk.gov.cz/ost/chrobjekty/pstromy/index.php?SHOW_ONE=1&ID_SO=101022","osm_proposal":"natural=tree denotation=natural_monument","osm_natural_monument_within_30m":false},"geometry":{"type":"MultiPoint","coordinates":[[16.661648,48.881195]]}},{"type":"Feature","properties":{"ref:drusop":101030,"name":"Dub letní","typ":1,"tree_count":1,"url":"https://drusop.aopk.gov.cz/ost/chrobjekty/pstromy/index.php?SHOW_ONE=1&ID_SO=101030","osm_proposal":"natural=tree denotation=natural_monument","osm_natural_monument_within_30m":true},"geometry":{"type":"MultiPoint","coordinates":[[16.785861,48.987105]]}},{"type":"Feature","properties":{"ref:drusop":106012,"name":"Hruška Na Čihadlech","typ":1,"tree_count":1,"url":"https://drusop.aopk.gov.cz/ost/chrobjekty/pstromy/index.php?SHOW_ONE=1&ID_SO=106012","osm_proposal":"natural=tree denotation=natural_monument","osm_natural_monument_within_30m":false},"geometry":{"type":"MultiPoint","coordinates":[[16.280925,49.178942]]}},{"type":"Feature","properties":{"ref:drusop":106252,"name":"Dub u vstupu na Moravské nám.","typ":1,"tree_count":1,"url":"https://drusop.aopk.gov.cz/ost/chrobjekty/pstromy/index.php?SHOW_ONE=1&ID_SO=106252","osm_proposal":"natural=tree denotation=natural_monument","osm_natural_monument_within_30m":false},"geometry":{"type":"MultiPoint","coordinates":[[16.607154,49.198322]]}},{"type":"Feature","properties":{"ref:drusop":100771,"name":"Duby u Hrotovic","typ":3,"tree_count":60,"url":"https://drusop.aopk.gov.cz/ost/chrobjekty/pstromy/index.php?SHOW_ONE=1&ID_SO=100771","osm_proposal":"natural=tree (each) or natural=tree_row + denotation=natural_monument","osm_natural_monument_within_30m":false},"geometry":{"type":"MultiPoint","coordinates":[[16.059252,49.100646],[16.059092,49.101197],[16.058173,49.10199],[16.058413,49.102043],[16.058725,49.102113],[16.05885,49.102074],[16.059794,49.100977],[16.058306,49.101177],[16.058926,49.101248],[16.058332,49.10209],[16.058591,49.102006],[16.058749,49.102049],[16.058993,49.102109],[16.059029,49.102116],[16.059165,49.102159],[16.059351,49.101775],[16.059352,49.101658],[16.059284,49.101582],[16.059184,49.101851],[16.058814,49.101806],[16.05862,49.101875],[16.058539,49.101855],[16.058128,49.101889],[16.058298,49.101569],[16.058894,49.101421],[16.058601,49.101417],[16.058455,49.101386],[16.058711,49.101254],[16.059175,49.100906],[16.05909,49.102172],[16.05904,49.101973],[16.059185,49.101612],[16.059347,49.101632],[16.059369,49.101552],[16.058875,49.101868],[16.058742,49.101761],[16.0586,49.10186],[16.058519,49.101908],[16.058019,49.101821],[16.058767,49.101472],[16.058669,49.101428],[16.058545,49.10138],[16.058503,49.10133],[16.05861,49.10121],[16.059096,49.100903],[16.059125,49.100866],[16.058592,49.101073],[16.058157,49.101429],[16.057999,49.101741],[16.057915,49.10165],[16.057785,49.101923],[16.058985,49.100836],[16.058395,49.101267],[16.058128,49.101475],[16.058017,49.10166],[16.057806,49.101747],[16.057663,49.101976]]}},{"type":"Feature","properties":{"ref:drusop":106452,"name":"Lípa a dub na bastionu opevnění louckého kláštera","typ":3,"tree_count":2,"url":"https://drusop.aopk.gov.cz/ost/chrobjekty/pstromy/index.php?SHOW_ONE=1&ID_SO=106452","osm_proposal":"natural=tree (each) or natural=tree_row + denotation=natural_monument","osm_natural_monument_within_30m":false},"geometry":{"type":"MultiPoint","coordinates":[[16.05962,48.840924],[16.059731,48.840876]]}},{"type":"Feature","properties":{"ref:drusop":100744,"name":"Duby u Mlýnského potoka","typ":3,"tree_count":2,"url":"https://drusop.aopk.gov.cz/ost/chrobjekty/pstromy/index.php?SHOW_ONE=1&ID_SO=100744","osm_proposal":"natural=tree (each) or natural=tree_row + denotation=natural_monument","osm_natural_monument_within_30m":false},"geometry":{"type":"MultiPoint","coordinates":[[16.050725,49.087515],[16.051149,49.08771]]}},{"type":"Feature","properties":{"ref:drusop":100750,"name":"Mstěnická alej","typ":2,"tree_count":34,"url":"https://drusop.aopk.gov.cz/ost/chrobjekty/pstromy/index.php?SHOW_ONE=1&ID_SO=100750","osm_proposal":"natural=tree (each) or natural=tree_row + denotation=natural_monument","osm_natural_monument_within_30m":false},"geometry":{"type":"MultiPoint","coordinates":[[16.069891,49.082793],[16.069206,49.082982],[16.069384,49.08299],[16.069406,49.082922],[16.069601,49.082868],[16.069983,49.082824],[16.069284,49.083017],[16.069306,49.082952],[16.069484,49.082963],[16.069504,49.082894],[16.069698,49.082841],[16.069784,49.082879],[16.069884,49.08285],[16.070108,49.082784],[16.070197,49.082756],[16.070294,49.08273],[16.070389,49.082707],[16.070601,49.082643],[16.0708,49.082594],[16.070703,49.08262],[16.069796,49.082814],[16.069991,49.082761],[16.070118,49.082727],[16.070202,49.082703],[16.070306,49.08268],[16.070418,49.082648],[16.070513,49.082624],[16.070626,49.082588],[16.070966,49.082557],[16.070499,49.082674]]}},{"type":"Feature","properties":{"ref:drusop":100765,"name":"Knolův dub","typ":1,"tree_count":1,"url":"https://drusop.aopk.gov.cz/ost/chrobjekty/pstromy/index.php?SHOW_ONE=1&ID_SO=100765","osm_proposal":"natural=tree denotation=natural_monument","osm_natural_monument_within_30m":false},"geometry":{"type":"MultiPoint","coordinates":[[16.109062,49.046522]]}},{"type":"Feature","properties":{"ref:drusop":100691,"name":"U Velkopolského dvora - Jihovýchodní alej","typ":2,"tree_count":79,"url":"https://drusop.aopk.gov.cz/ost/chrobjekty/pstromy/index.php?SHOW_ONE=1&ID_SO=100691","osm_proposal":"natural=tree (each) or natural=tree_row + denotation=natural_monument","osm_natural_monument_within_30m":true},"geometry":{"type":"MultiPoint","coordinates":[[16.179188,49.191794],[16.179514,49.191727],[16.180569,49.19148],[16.180823,49.191436],[16.174254,49.192357],[16.17504,49.192246],[16.175408,49.19221],[16.175885,49.192181],[16.176195,49.192183],[16.176362,49.192177],[16.176873,49.192167],[16.177536,49.192107],[16.178073,49.192012],[16.178233,49.191988],[16.17855,49.191923],[16.178864,49.191864],[16.17904,49.191827],[16.179351,49.191762],[16.179846,49.191648],[16.180379,49.191518],[16.180713,49.191451],[16.181185,49.191338],[16.181719,49.191122],[16.181969,49.190964],[16.179418,49.191845],[16.181581,49.191191],[16.178873,49.191963],[16.178696,49.191995],[16.178542,49.192026],[16.178403,49.192061],[16.17789,49.192146],[16.17919,49.191881],[16.17528,49.192288],[16.174933,49.192341],[16.173781,49.192557],[16.174387,49.192351],[16.177387,49.192122],[16.177877,49.192053],[16.174874,49.192269],[16.175211,49.192228],[16.175548,49.192203],[16.175722,49.192192],[16.17653,49.192173],[16.176702,49.192174],[16.177721,49.192077],[16.178386,49.191958],[16.178711,49.191894],[16.180039,49.1916],[16.180208,49.191559],[16.181009,49.191387],[16.181409,49.19126],[16.18186,49.191034],[16.179788,49.191745],[16.179608,49.191793],[16.179026,49.191928],[16.174446,49.192425],[16.178049,49.19211],[16.17678,49.192257],[16.176598,49.192259],[16.176439,49.192261],[16.176082,49.192255],[16.175914,49.192259],[16.175733,49.192271],[16.174122,49.1925]]}},{"type":"Feature","properties":{"ref:drusop":105351,"name":"Lípa u vodárny","typ":1,"tree_count":1,"url":"https://drusop.aopk.gov.cz/ost/chrobjekty/pstromy/index.php?SHOW_ONE=1&ID_SO=105351","osm_proposal":"natural=tree denotation=natural_monument","osm_natural_monument_within_30m":false},"geometry":{"type":"MultiPoint","coordinates":[[16.501878,49.336501]]}},{"type":"Feature","properties":{"ref:drusop":105624,"name":"Platan Mitrovského","typ":1,"tree_count":1,"url":"https://drusop.aopk.gov.cz/ost/chrobjekty/pstromy/index.php?SHOW_ONE=1&ID_SO=105624","osm_proposal":"natural=tree denotation=natural_monument","osm_natural_monument_within_30m":false},"geometry":{"type":"MultiPoint","coordinates":[[16.727536,49.119864]]}},{"type":"Feature","properties":{"ref:drusop":100832,"name":"Jeřáb oskeruše","typ":1,"tree_count":1,"url":"https://drusop.aopk.gov.cz/ost/chrobjekty/pstromy/index.php?SHOW_ONE=1&ID_SO=100832","osm_proposal":"natural=tree denotation=natural_monument","osm_natural_monument_within_30m":true},"geometry":{"type":"MultiPoint","coordinates":[[17.148137,49.209543]]}},{"type":"Feature","properties":{"ref:drusop":101034,"name":"Hrušeň pod Oborou","typ":1,"tree_count":1,"url":"https://drusop.aopk.gov.cz/ost/chrobjekty/pstromy/index.php?SHOW_ONE=1&ID_SO=101034","osm_proposal":"natural=tree denotation=natural_monument","osm_natural_monument_within_30m":true},"geometry":{"type":"MultiPoint","coordinates":[[16.36999,49.183169]]}},{"type":"Feature","properties":{"ref:drusop":100766,"name":"Dvojčata","typ":1,"tree_count":1,"url":"https://drusop.aopk.gov.cz/ost/chrobjekty/pstromy/index.php?SHOW_ONE=1&ID_SO=100766","osm_proposal":"natural=tree denotation=natural_monument","osm_natural_monument_within_30m":false},"geometry":{"type":"MultiPoint","coordinates":[[16.123832,49.04343]]}},{"type":"Feature","properties":{"ref:drusop":100797,"name":"Nádražní platan","typ":1,"tree_count":1,"url":"https://drusop.aopk.gov.cz/ost/chrobjekty/pstromy/index.php?SHOW_ONE=1&ID_SO=100797","osm_proposal":"natural=tree denotation=natural_monument","osm_natural_monument_within_30m":false},"geometry":{"type":"MultiPoint","coordinates":[[17.162076,49.335385]]}},{"type":"Feature","properties":{"ref:drusop":105757,"name":"Jeřáb břek u Kosmákova kříže","typ":1,"tree_count":1,"url":"https://drusop.aopk.gov.cz/ost/chrobjekty/pstromy/index.php?SHOW_ONE=1&ID_SO=105757","osm_proposal":"natural=tree denotation=natural_monument","osm_natural_monument_within_30m":false},"geometry":{"type":"MultiPoint","coordinates":[[16.766379,49.187695]]}},{"type":"Feature","properties":{"ref:drusop":105816,"name":"Pavlovnie u hřiště ve Štýřicích","typ":1,"tree_count":1,"url":"https://drusop.aopk.gov.cz/ost/chrobjekty/pstromy/index.php?SHOW_ONE=1&ID_SO=105816","osm_proposal":"natural=tree denotation=natural_monument","osm_natural_monument_within_30m":false},"geometry":{"type":"MultiPoint","coordinates":[[16.597953,49.177762]]}},{"type":"Feature","properties":{"ref:drusop":105897,"name":"Javor u barokní brány","typ":1,"tree_count":1,"url":"https://drusop.aopk.gov.cz/ost/chrobjekty/pstromy/index.php?SHOW_ONE=1&ID_SO=105897","osm_proposal":"natural=tree denotation=natural_monument","osm_natural_monument_within_30m":false},"geometry":{"type":"MultiPoint","coordinates":[[16.851455,48.912991]]}},{"type":"Feature","properties":{"ref:drusop":106077,"name":"Břestovec na nádraží Střelice","typ":1,"tree_count":1,"url":"https://drusop.aopk.gov.cz/ost/chrobjekty/pstromy/index.php?SHOW_ONE=1&ID_SO=106077","osm_proposal":"natural=tree denotation=natural_monument","osm_natural_monument_within_30m":false},"geometry":{"type":"MultiPoint","coordinates":[[16.482432,49.154103]]}},{"type":"Feature","properties":{"ref:drusop":105243,"name":"Lípy malolisté","typ":3,"tree_count":2,"url":"https://drusop.aopk.gov.cz/ost/chrobjekty/pstromy/index.php?SHOW_ONE=1&ID_SO=105243","osm_proposal":"natural=tree (each) or natural=tree_row + denotation=natural_monument","osm_natural_monument_within_30m":false},"geometry":{"type":"MultiPoint","coordinates":[[17.057694,49.259932],[17.057843,49.259875]]}},{"type":"Feature","properties":{"ref:drusop":105256,"name":"Lípa malolistá","typ":1,"tree_count":1,"url":"https://drusop.aopk.gov.cz/ost/chrobjekty/pstromy/index.php?SHOW_ONE=1&ID_SO=105256","osm_proposal":"natural=tree denotation=natural_monument","osm_natural_monument_within_30m":false},"geometry":{"type":"MultiPoint","coordinates":[[17.025463,49.223262]]}},{"type":"Feature","properties":{"ref:drusop":105140,"name":"Jeřáb břek u staré vápenky","typ":1,"tree_count":1,"url":"https://drusop.aopk.gov.cz/ost/chrobjekty/pstromy/index.php?SHOW_ONE=1&ID_SO=105140","osm_proposal":"natural=tree denotation=natural_monument","osm_natural_monument_within_30m":false},"geometry":{"type":"MultiPoint","coordinates":[[16.378577,49.287581]]}},{"type":"Feature","properties":{"ref:drusop":100723,"name":"Skupina šesti dubů","typ":3,"tree_count":6,"url":"https://drusop.aopk.gov.cz/ost/chrobjekty/pstromy/index.php?SHOW_ONE=1&ID_SO=100723","osm_proposal":"natural=tree (each) or natural=tree_row + denotation=natural_monument","osm_natural_monument_within_30m":false},"geometry":{"type":"MultiPoint","coordinates":[[15.889862,49.239573],[15.890004,49.239326],[15.890124,49.239178],[15.890304,49.239051],[15.89085,49.238812],[15.89118,49.238582]]}},{"type":"Feature","properties":{"ref:drusop":100727,"name":"Skupina dvou lip","typ":3,"tree_count":2,"url":"https://drusop.aopk.gov.cz/ost/chrobjekty/pstromy/index.php?SHOW_ONE=1&ID_SO=100727","osm_proposal":"natural=tree (each) or natural=tree_row + denotation=natural_monument","osm_natural_monument_within_30m":false},"geometry":{"type":"MultiPoint","coordinates":[[15.950776,49.186437],[15.950847,49.186413]]}},{"type":"Feature","properties":{"ref:drusop":100730,"name":"Duby u Náramče","typ":3,"tree_count":15,"url":"https://drusop.aopk.gov.cz/ost/chrobjekty/pstromy/index.php?SHOW_ONE=1&ID_SO=100730","osm_proposal":"natural=tree (each) or natural=tree_row + denotation=natural_monument","osm_natural_monument_within_30m":false},"geometry":{"type":"MultiPoint","coordinates":[[15.968719,49.270711],[15.968627,49.270716],[15.968823,49.271016],[15.968614,49.270916],[15.968563,49.270993],[15.96825,49.270997],[15.968107,49.270904],[15.968007,49.270896],[15.968557,49.27118],[15.968247,49.270824],[15.967845,49.271048],[15.967746,49.271154],[15.967653,49.271249],[15.967466,49.271407],[15.967452,49.271479]]}},{"type":"Feature","properties":{"ref:drusop":100654,"name":"Alej za humny","typ":2,"tree_count":7,"url":"https://drusop.aopk.gov.cz/ost/chrobjekty/pstromy/index.php?SHOW_ONE=1&ID_SO=100654","osm_proposal":"natural=tree (each) or natural=tree_row + denotation=natural_monument","osm_natural_monument_within_30m":false},"geometry":{"type":"MultiPoint","coordinates":[[17.061833,49.287824],[17.061701,49.287786],[17.061457,49.287714],[17.061074,49.287608],[17.060699,49.287511],[17.060532,49.28746]]}},{"type":"Feature","properties":{"ref:drusop":100857,"name":"Červený buk","typ":1,"tree_count":1,"url":"https://drusop.aopk.gov.cz/ost/chrobjekty/pstromy/index.php?SHOW_ONE=1&ID_SO=100857","osm_proposal":"natural=tree denotation=natural_monument","osm_natural_monument_within_30m":false},"geometry":{"type":"MultiPoint","coordinates":[[17.208914,49.142738]]}},{"type":"Feature","properties":{"ref:drusop":106037,"name":"Buk v zámeckém parku v Medlánkách","typ":1,"tree_count":1,"url":"https://drusop.aopk.gov.cz/ost/chrobjekty/pstromy/index.php?SHOW_ONE=1&ID_SO=106037","osm_proposal":"natural=tree denotation=natural_monument","osm_natural_monument_within_30m":false},"geometry":{"type":"MultiPoint","coordinates":[[16.573312,49.239591]]}},{"type":"Feature","properties":{"ref:drusop":106067,"name":"Dub u Sv. Jana Nepomuckého","typ":1,"tree_count":1,"url":"https://drusop.aopk.gov.cz/ost/chrobjekty/pstromy/index.php?SHOW_ONE=1&ID_SO=106067","osm_proposal":"natural=tree denotation=natural_monument","osm_natural_monument_within_30m":false},"geometry":{"type":"MultiPoint","coordinates":[[16.63928,48.805226]]}},{"type":"Feature","properties":{"ref:drusop":101031,"name":"Oskeruše - Nové Hory","typ":1,"tree_count":1,"url":"https://drusop.aopk.gov.cz/ost/chrobjekty/pstromy/index.php?SHOW_ONE=1&ID_SO=101031","osm_proposal":"natural=tree denotation=natural_monument","osm_natural_monument_within_30m":false},"geometry":{"type":"MultiPoint","coordinates":[[16.823383,48.930713]]}},{"type":"Feature","properties":{"ref:drusop":101036,"name":"Milionův buk","typ":1,"tree_count":1,"url":"https://drusop.aopk.gov.cz/ost/chrobjekty/pstromy/index.php?SHOW_ONE=1&ID_SO=101036","osm_proposal":"natural=tree denotation=natural_monument","osm_natural_monument_within_30m":false},"geometry":{"type":"MultiPoint","coordinates":[[16.568581,49.304089]]}},{"type":"Feature","properties":{"ref:drusop":101043,"name":"Lípa u školy","typ":1,"tree_count":1,"url":"https://drusop.aopk.gov.cz/ost/chrobjekty/pstromy/index.php?SHOW_ONE=1&ID_SO=101043","osm_proposal":"natural=tree denotation=natural_monument","osm_natural_monument_within_30m":false},"geometry":{"type":"MultiPoint","coordinates":[[16.502232,49.33353]]}},{"type":"Feature","properties":{"ref:drusop":101058,"name":"Planá hrušeň u Bílovic","typ":1,"tree_count":1,"url":"https://drusop.aopk.gov.cz/ost/chrobjekty/pstromy/index.php?SHOW_ONE=1&ID_SO=101058","osm_proposal":"natural=tree denotation=natural_monument","osm_natural_monument_within_30m":false},"geometry":{"type":"MultiPoint","coordinates":[[16.662229,49.244102]]}},{"type":"Feature","properties":{"ref:drusop":101071,"name":"Lípa u Šťávů","typ":1,"tree_count":1,"url":"https://drusop.aopk.gov.cz/ost/chrobjekty/pstromy/index.php?SHOW_ONE=1&ID_SO=101071","osm_proposal":"natural=tree denotation=natural_monument","osm_natural_monument_within_30m":false},"geometry":{"type":"MultiPoint","coordinates":[[16.526984,49.225377]]}},{"type":"Feature","properties":{"ref:drusop":100956,"name":"Lípy u sv. Antonínka","typ":3,"tree_count":2,"url":"https://drusop.aopk.gov.cz/ost/chrobjekty/pstromy/index.php?SHOW_ONE=1&ID_SO=100956","osm_proposal":"natural=tree (each) or natural=tree_row + denotation=natural_monument","osm_natural_monument_within_30m":false},"geometry":{"type":"MultiPoint","coordinates":[[17.239008,49.032218],[17.238934,49.032172]]}},{"type":"Feature","properties":{"ref:drusop":100975,"name":"Památné lípy za obcí Vlkoš","typ":3,"tree_count":4,"url":"https://drusop.aopk.gov.cz/ost/chrobjekty/pstromy/index.php?SHOW_ONE=1&ID_SO=100975","osm_proposal":"natural=tree (each) or natural=tree_row + denotation=natural_monument","osm_natural_monument_within_30m":true},"geometry":{"type":"MultiPoint","coordinates":[[17.169886,48.991873],[17.170335,48.991813],[17.170003,48.991827],[17.170143,48.991809]]}},{"type":"Feature","properties":{"ref:drusop":101023,"name":"Lípa na brněnské","typ":1,"tree_count":1,"url":"https://drusop.aopk.gov.cz/ost/chrobjekty/pstromy/index.php?SHOW_ONE=1&ID_SO=101023","osm_proposal":"natural=tree denotation=natural_monument","osm_natural_monument_within_30m":false},"geometry":{"type":"MultiPoint","coordinates":[[16.633224,48.81104]]}},{"type":"Feature","properties":{"ref:drusop":106591,"name":"Platan u Anthroposu","typ":1,"tree_count":1,"url":"https://drusop.aopk.gov.cz/ost/chrobjekty/pstromy/index.php?SHOW_ONE=1&ID_SO=106591","osm_proposal":"natural=tree denotation=natural_monument","osm_natural_monument_within_30m":false},"geometry":{"type":"MultiPoint","coordinates":[[16.566688,49.191559]]}},{"type":"Feature","properties":{"ref:drusop":104592,"name":"Dub za Střelnicí","typ":1,"tree_count":1,"url":"https://drusop.aopk.gov.cz/ost/chrobjekty/pstromy/index.php?SHOW_ONE=1&ID_SO=104592","osm_proposal":"natural=tree denotation=natural_monument","osm_natural_monument_within_30m":false},"geometry":{"type":"MultiPoint","coordinates":[[16.496284,49.282231]]}},{"type":"Feature","properties":{"ref:drusop":100747,"name":"Dub u koupaliště","typ":1,"tree_count":1,"url":"https://drusop.aopk.gov.cz/ost/chrobjekty/pstromy/index.php?SHOW_ONE=1&ID_SO=100747","osm_proposal":"natural=tree denotation=natural_monument","osm_natural_monument_within_30m":false},"geometry":{"type":"MultiPoint","coordinates":[[16.075125,49.0932]]}},{"type":"Feature","properties":{"ref:drusop":100713,"name":"Dub u Kadečky","typ":1,"tree_count":1,"url":"https://drusop.aopk.gov.cz/ost/chrobjekty/pstromy/index.php?SHOW_ONE=1&ID_SO=100713","osm_proposal":"natural=tree denotation=natural_monument","osm_natural_monument_within_30m":false},"geometry":{"type":"MultiPoint","coordinates":[[15.967874,49.09231]]}},{"type":"Feature","properties":{"ref:drusop":100717,"name":"Dub u Račic","typ":1,"tree_count":1,"url":"https://drusop.aopk.gov.cz/ost/chrobjekty/pstromy/index.php?SHOW_ONE=1&ID_SO=100717","osm_proposal":"natural=tree denotation=natural_monument","osm_natural_monument_within_30m":false},"geometry":{"type":"MultiPoint","coordinates":[[15.997431,49.112677]]}},{"type":"Feature","properties":{"ref:drusop":100697,"name":"Buky u Třebenic","typ":3,"tree_count":2,"url":"https://drusop.aopk.gov.cz/ost/chrobjekty/pstromy/index.php?SHOW_ONE=1&ID_SO=100697","osm_proposal":"natural=tree (each) or natural=tree_row + denotation=natural_monument","osm_natural_monument_within_30m":false},"geometry":{"type":"MultiPoint","coordinates":[[16.009737,49.180813],[16.010175,49.181384]]}},{"type":"Feature","properties":{"ref:drusop":105376,"name":"Břeclavský červenolistý buk","typ":1,"tree_count":1,"url":"https://drusop.aopk.gov.cz/ost/chrobjekty/pstromy/index.php?SHOW_ONE=1&ID_SO=105376","osm_proposal":"natural=tree denotation=natural_monument","osm_natural_monument_within_30m":false},"geometry":{"type":"MultiPoint","coordinates":[[16.909397,48.750701]]}},{"type":"Feature","properties":{"ref:drusop":105577,"name":"Lípy pod Babylonem","typ":3,"tree_count":4,"url":"https://drusop.aopk.gov.cz/ost/chrobjekty/pstromy/index.php?SHOW_ONE=1&ID_SO=105577","osm_proposal":"natural=tree (each) or natural=tree_row + denotation=natural_monument","osm_natural_monument_within_30m":false},"geometry":{"type":"MultiPoint","coordinates":[[17.059066,49.011928],[17.059007,49.011897],[17.05907,49.011901],[17.059003,49.011926]]}},{"type":"Feature","properties":{"ref:drusop":105637,"name":"Lípa u kaple Proměnění páně","typ":1,"tree_count":1,"url":"https://drusop.aopk.gov.cz/ost/chrobjekty/pstromy/index.php?SHOW_ONE=1&ID_SO=105637","osm_proposal":"natural=tree denotation=natural_monument","osm_natural_monument_within_30m":false},"geometry":{"type":"MultiPoint","coordinates":[[16.750965,49.225041]]}},{"type":"Feature","properties":{"ref:drusop":100639,"name":"Duby u Kocandy","typ":3,"tree_count":3,"url":"https://drusop.aopk.gov.cz/ost/chrobjekty/pstromy/index.php?SHOW_ONE=1&ID_SO=100639","osm_proposal":"natural=tree (each) or natural=tree_row + denotation=natural_monument","osm_natural_monument_within_30m":false},"geometry":{"type":"MultiPoint","coordinates":[[15.9903,48.931308],[15.990239,48.931525],[15.990269,48.931435]]}},{"type":"Feature","properties":{"ref:drusop":101049,"name":"Lípa v Lesním Hlubokém","typ":1,"tree_count":1,"url":"https://drusop.aopk.gov.cz/ost/chrobjekty/pstromy/index.php?SHOW_ONE=1&ID_SO=101049","osm_proposal":"natural=tree denotation=natural_monument","osm_natural_monument_within_30m":false},"geometry":{"type":"MultiPoint","coordinates":[[16.308604,49.265264]]}},{"type":"Feature","properties":{"ref:drusop":100739,"name":"Lípa u Chvojnice","typ":1,"tree_count":1,"url":"https://drusop.aopk.gov.cz/ost/chrobjekty/pstromy/index.php?SHOW_ONE=1&ID_SO=100739","osm_proposal":"natural=tree denotation=natural_monument","osm_natural_monument_within_30m":false},"geometry":{"type":"MultiPoint","coordinates":[[16.237214,49.139527]]}},{"type":"Feature","properties":{"ref:drusop":105715,"name":"Lípa u nádraží v Kyjově","typ":1,"tree_count":1,"url":"https://drusop.aopk.gov.cz/ost/chrobjekty/pstromy/index.php?SHOW_ONE=1&ID_SO=105715","osm_proposal":"natural=tree denotation=natural_monument","osm_natural_monument_within_30m":false},"geometry":{"type":"MultiPoint","coordinates":[[17.12025,49.012315]]}},{"type":"Feature","properties":{"ref:drusop":105561,"name":"Lípa velkolistá","typ":1,"tree_count":1,"url":"https://drusop.aopk.gov.cz/ost/chrobjekty/pstromy/index.php?SHOW_ONE=1&ID_SO=105561","osm_proposal":"natural=tree denotation=natural_monument","osm_natural_monument_within_30m":false},"geometry":{"type":"MultiPoint","coordinates":[[16.764027,49.137416]]}},{"type":"Feature","properties":{"ref:drusop":105562,"name":"Lípa velkolistá","typ":1,"tree_count":1,"url":"https://drusop.aopk.gov.cz/ost/chrobjekty/pstromy/index.php?SHOW_ONE=1&ID_SO=105562","osm_proposal":"natural=tree denotation=natural_monument","osm_natural_monument_within_30m":false},"geometry":{"type":"MultiPoint","coordinates":[[16.764085,49.137729]]}},{"type":"Feature","properties":{"ref:drusop":105964,"name":"Jírovce na nám. Vojtěšky Matyášové","typ":3,"tree_count":4,"url":"https://drusop.aopk.gov.cz/ost/chrobjekty/pstromy/index.php?SHOW_ONE=1&ID_SO=105964","osm_proposal":"natural=tree (each) or natural=tree_row + denotation=natural_monument","osm_natural_monument_within_30m":false},"geometry":{"type":"MultiPoint","coordinates":[[16.58857,49.255739],[16.588509,49.255781],[16.588618,49.255845],[16.588679,49.255807]]}},{"type":"Feature","properties":{"ref:drusop":105240,"name":"Lípy malolisté","typ":3,"tree_count":2,"url":"https://drusop.aopk.gov.cz/ost/chrobjekty/pstromy/index.php?SHOW_ONE=1&ID_SO=105240","osm_proposal":"natural=tree (each) or natural=tree_row + denotation=natural_monument","osm_natural_monument_within_30m":false},"geometry":{"type":"MultiPoint","coordinates":[[16.924803,49.32624],[16.924712,49.326253]]}},{"type":"Feature","properties":{"ref:drusop":105244,"name":"Lípy malolisté","typ":3,"tree_count":2,"url":"https://drusop.aopk.gov.cz/ost/chrobjekty/pstromy/index.php?SHOW_ONE=1&ID_SO=105244","osm_proposal":"natural=tree (each) or natural=tree_row + denotation=natural_monument","osm_natural_monument_within_30m":false},"geometry":{"type":"MultiPoint","coordinates":[[17.047079,49.24572],[17.047078,49.245605]]}},{"type":"Feature","properties":{"ref:drusop":105247,"name":"Dub letní","typ":1,"tree_count":1,"url":"https://drusop.aopk.gov.cz/ost/chrobjekty/pstromy/index.php?SHOW_ONE=1&ID_SO=105247","osm_proposal":"natural=tree denotation=natural_monument","osm_natural_monument_within_30m":false},"geometry":{"type":"MultiPoint","coordinates":[[16.858399,49.298981]]}},{"type":"Feature","properties":{"ref:drusop":100643,"name":"Duby v podzámčí","typ":3,"tree_count":3,"url":"https://drusop.aopk.gov.cz/ost/chrobjekty/pstromy/index.php?SHOW_ONE=1&ID_SO=100643","osm_proposal":"natural=tree (each) or natural=tree_row + denotation=natural_monument","osm_natural_monument_within_30m":false},"geometry":{"type":"MultiPoint","coordinates":[[16.309326,49.051096],[16.309216,49.051064],[16.309567,49.051159]]}},{"type":"Feature","properties":{"ref:drusop":101078,"name":"Dub troják","typ":1,"tree_count":1,"url":"https://drusop.aopk.gov.cz/ost/chrobjekty/pstromy/index.php?SHOW_ONE=1&ID_SO=101078","osm_proposal":"natural=tree denotation=natural_monument","osm_natural_monument_within_30m":false},"geometry":{"type":"MultiPoint","coordinates":[[16.515328,49.192908]]}},{"type":"Feature","properties":{"ref:drusop":101079,"name":"Dub na Moravském náměstí","typ":1,"tree_count":1,"url":"https://drusop.aopk.gov.cz/ost/chrobjekty/pstromy/index.php?SHOW_ONE=1&ID_SO=101079","osm_proposal":"natural=tree denotation=natural_monument","osm_natural_monument_within_30m":false},"geometry":{"type":"MultiPoint","coordinates":[[16.607349,49.199493]]}},{"type":"Feature","properties":{"ref:drusop":101081,"name":"Platan javorolistý","typ":1,"tree_count":1,"url":"https://drusop.aopk.gov.cz/ost/chrobjekty/pstromy/index.php?SHOW_ONE=1&ID_SO=101081","osm_proposal":"natural=tree denotation=natural_monument","osm_natural_monument_within_30m":true},"geometry":{"type":"MultiPoint","coordinates":[[16.614556,49.194426]]}},{"type":"Feature","properties":{"ref:drusop":101104,"name":"Lípy u hřbitova v Jedovnici","typ":3,"tree_count":32,"url":"https://drusop.aopk.gov.cz/ost/chrobjekty/pstromy/index.php?SHOW_ONE=1&ID_SO=101104","osm_proposal":"natural=tree (each) or natural=tree_row + denotation=natural_monument","osm_natural_monument_within_30m":true},"geometry":{"type":"MultiPoint","coordinates":[[16.756644,49.346827],[16.75703,49.346662],[16.756945,49.346641],[16.756926,49.346701],[16.75701,49.346994],[16.757121,49.346389],[16.757015,49.346375],[16.757004,49.34641],[16.757049,49.346414],[16.757115,49.346422],[16.757228,49.34652],[16.756925,49.346522],[16.756802,49.346593],[16.757176,49.346681],[16.757013,49.346847],[16.757193,49.346153],[16.756523,49.34689],[16.756644,49.346932],[16.756725,49.347054],[16.756517,49.347078],[16.756549,49.347149],[16.756626,49.34721],[16.756767,49.346729],[16.756683,49.347353],[16.756956,49.34725],[16.756783,49.346833]]}},{"type":"Feature","properties":{"ref:drusop":100973,"name":"Památný strom v parčíku Hýsly","typ":1,"tree_count":1,"url":"https://drusop.aopk.gov.cz/ost/chrobjekty/pstromy/index.php?SHOW_ONE=1&ID_SO=100973","osm_proposal":"natural=tree denotation=natural_monument","osm_natural_monument_within_30m":false},"geometry":{"type":"MultiPoint","coordinates":[[17.178611,49.033312]]}},{"type":"Feature","properties":{"ref:drusop":104410,"name":"Lípa v Lipníku","typ":1,"tree_count":1,"url":"https://drusop.aopk.gov.cz/ost/chrobjekty/pstromy/index.php?SHOW_ONE=1&ID_SO=104410","osm_proposal":"natural=tree denotation=natural_monument","osm_natural_monument_within_30m":false},"geometry":{"type":"MultiPoint","coordinates":[[15.954862,49.139333]]}}]}