{"type":"FeatureCollection","features":[{"type":"Feature","properties":{"name":"Alojzov","CIS_ok_internal_id":94,"typ_dopravy":"VLD","mhd":"NE","obec":"Alojzov","osm_proposal":"highway=bus_stop public_transport=platform","osm_stop_distance_m":1729,"osm_stop_within_100m":false},"geometry":{"type":"Point","coordinates":[17.0425993,49.4231668]}},{"type":"Feature","properties":{"name":"Babice,,čekárna","CIS_ok_internal_id":196,"typ_dopravy":"VLD","mhd":"NE","obec":"Babice","osm_proposal":"highway=bus_stop public_transport=platform","osm_stop_distance_m":6,"osm_stop_within_100m":true},"geometry":{"type":"Point","coordinates":[17.2612294,49.7378957]}},{"type":"Feature","properties":{"name":"Babice,,spín.st.","CIS_ok_internal_id":197,"typ_dopravy":"VLD","mhd":"NE","obec":"Babice","osm_proposal":"highway=bus_stop public_transport=platform","osm_stop_distance_m":10,"osm_stop_within_100m":true},"geometry":{"type":"Point","coordinates":[17.2710645,49.729162]}},{"type":"Feature","properties":{"name":"Bedihošť","CIS_ok_internal_id":653,"typ_dopravy":"VLD","mhd":"NE","obec":"Bedihošť","osm_proposal":"highway=bus_stop public_transport=platform","osm_stop_distance_m":35,"osm_stop_within_100m":true},"geometry":{"type":"Point","coordinates":[17.166206,49.4481707]}},{"type":"Feature","properties":{"name":"Bedihošť,,ZŠ","CIS_ok_internal_id":654,"typ_dopravy":"VLD","mhd":"NE","obec":"Bedihošť","osm_proposal":"highway=bus_stop public_transport=platform","osm_stop_distance_m":142,"osm_stop_within_100m":false},"geometry":{"type":"Point","coordinates":[17.1653764,49.4496807]}},{"type":"Feature","properties":{"name":"Bělkovice-Lašťany,Bělkovice","CIS_ok_internal_id":829,"typ_dopravy":"VLD","mhd":"NE","obec":"Bělkovice-Lašťany","osm_proposal":"highway=bus_stop public_transport=platform","osm_stop_distance_m":48,"osm_stop_within_100m":true},"geometry":{"type":"Point","coordinates":[17.3163717,49.6681126]}},{"type":"Feature","properties":{"name":"Bělkovice-Lašťany,Lašťany,Hostinec","CIS_ok_internal_id":831,"typ_dopravy":"VLD","mhd":"NE","obec":"Bělkovice-Lašťany","osm_proposal":"highway=bus_stop public_transport=platform","osm_stop_distance_m":18,"osm_stop_within_100m":true},"geometry":{"type":"Point","coordinates":[17.3165063,49.6704937]}},{"type":"Feature","properties":{"name":"Bělkovice-Lašťany,Lašťany,garáž","CIS_ok_internal_id":832,"typ_dopravy":"VLD","mhd":"NE","obec":"Bělkovice-Lašťany","osm_proposal":"highway=bus_stop public_transport=platform","osm_stop_distance_m":597,"osm_stop_within_100m":false},"geometry":{"type":"Point","coordinates":[17.3249577,49.6714512]}},{"type":"Feature","properties":{"name":"Bělkovice-Lašťany,Lašťany,pod lipami","CIS_ok_internal_id":833,"typ_dopravy":"VLD","mhd":"NE","obec":"Bělkovice-Lašťany","osm_proposal":"highway=bus_stop public_transport=platform","osm_stop_distance_m":258,"osm_stop_within_100m":false},"geometry":{"type":"Point","coordinates":[17.3168404,49.6729323]}},{"type":"Feature","properties":{"name":"Bělotín,,horní konec","CIS_ok_internal_id":839,"typ_dopravy":"VLD","mhd":"NE","obec":"Bělotín","osm_proposal":"highway=bus_stop public_transport=platform","osm_stop_distance_m":2229,"osm_stop_within_100m":false},"geometry":{"type":"Point","coordinates":[17.8060731,49.603666]}},{"type":"Feature","properties":{"name":"Bělotín,,střed","CIS_ok_internal_id":840,"typ_dopravy":"VLD","mhd":"NE","obec":"Bělotín","osm_proposal":"highway=bus_stop public_transport=platform","osm_stop_distance_m":183,"osm_stop_within_100m":false},"geometry":{"type":"Point","coordinates":[17.7996481,49.5856268]}},{"type":"Feature","properties":{"name":"Bělotín,,rozc.Nejdek","CIS_ok_internal_id":841,"typ_dopravy":"VLD","mhd":"NE","obec":"Bělotín","osm_proposal":"highway=bus_stop public_transport=platform","osm_stop_distance_m":1268,"osm_stop_within_100m":false},"geometry":{"type":"Point","coordinates":[17.8073163,49.5942101]}},{"type":"Feature","properties":{"name":"Bělotín,,rozc.Kunčice","CIS_ok_internal_id":842,"typ_dopravy":"VLD","mhd":"NE","obec":"Bělotín","osm_proposal":"highway=bus_stop public_transport=platform","osm_stop_distance_m":6,"osm_stop_within_100m":true},"geometry":{"type":"Point","coordinates":[17.7914843,49.5816674]}},{"type":"Feature","properties":{"name":"Polom,,rozc.k Lučicím","CIS_ok_internal_id":844,"typ_dopravy":"VLD","mhd":"NE","obec":"Polom","osm_proposal":"highway=bus_stop public_transport=platform","osm_stop_distance_m":1636,"osm_stop_within_100m":false},"geometry":{"type":"Point","coordinates":[17.8233361,49.5806421]}},{"type":"Feature","properties":{"name":"Bělotín,Lučice,škola","CIS_ok_internal_id":845,"typ_dopravy":"VLD","mhd":"NE","obec":"Bělotín","osm_proposal":"highway=bus_stop public_transport=platform","osm_stop_distance_m":2562,"osm_stop_within_100m":false},"geometry":{"type":"Point","coordinates":[17.8327936,49.5935733]}},{"type":"Feature","properties":{"name":"Bělotín,Nejdek,Boží muka","CIS_ok_internal_id":846,"typ_dopravy":"VLD","mhd":"NE","obec":"Bělotín","osm_proposal":"highway=bus_stop public_transport=platform","osm_stop_distance_m":3144,"osm_stop_within_100m":false},"geometry":{"type":"Point","coordinates":[17.7860365,49.6110542]}},{"type":"Feature","properties":{"name":"Bělotín,Nejdek,mlýn","CIS_ok_internal_id":847,"typ_dopravy":"VLD","mhd":"NE","obec":"Bělotín","osm_proposal":"highway=bus_stop public_transport=platform","osm_stop_distance_m":2580,"osm_stop_within_100m":false},"geometry":{"type":"Point","coordinates":[17.7888242,49.6062767]}},{"type":"Feature","properties":{"name":"Bělotín,Nejdek,Sv.Jan Nepomucký","CIS_ok_internal_id":848,"typ_dopravy":"VLD","mhd":"NE","obec":"Bělotín","osm_proposal":"highway=bus_stop public_transport=platform","osm_stop_distance_m":2979,"osm_stop_within_100m":false},"geometry":{"type":"Point","coordinates":[17.7795866,49.6139295]}},{"type":"Feature","properties":{"name":"Beňov,,kostel","CIS_ok_internal_id":981,"typ_dopravy":"VLD","mhd":"NE","obec":"Beňov","osm_proposal":"highway=bus_stop public_transport=platform","osm_stop_distance_m":8,"osm_stop_within_100m":true},"geometry":{"type":"Point","coordinates":[17.5003465,49.4165726]}},{"type":"Feature","properties":{"name":"Beňov,Prusy","CIS_ok_internal_id":982,"typ_dopravy":"VLD","mhd":"NE","obec":"Beňov","osm_proposal":"highway=bus_stop public_transport=platform","osm_stop_distance_m":5,"osm_stop_within_100m":true},"geometry":{"type":"Point","coordinates":[17.5132087,49.425619]}},{"type":"Feature","properties":{"name":"Beňov,Prusy,rozc.","CIS_ok_internal_id":983,"typ_dopravy":"VLD","mhd":"NE","obec":"Beňov","osm_proposal":"highway=bus_stop public_transport=platform","osm_stop_distance_m":15,"osm_stop_within_100m":true},"geometry":{"type":"Point","coordinates":[17.5141583,49.4300041]}},{"type":"Feature","properties":{"name":"Bezuchov,,Rozhraní","CIS_ok_internal_id":1166,"typ_dopravy":"VLD","mhd":"NE","obec":"Bezuchov","osm_proposal":"highway=bus_stop public_transport=platform","osm_stop_distance_m":1161,"osm_stop_within_100m":false},"geometry":{"type":"Point","coordinates":[17.6069663,49.4626809]}},{"type":"Feature","properties":{"name":"Bezuchov,,Zábraní","CIS_ok_internal_id":1167,"typ_dopravy":"VLD","mhd":"NE","obec":"Bezuchov","osm_proposal":"highway=bus_stop public_transport=platform","osm_stop_distance_m":766,"osm_stop_within_100m":false},"geometry":{"type":"Point","coordinates":[17.612201,49.4640676]}},{"type":"Feature","properties":{"name":"Bílá Lhota,,nám.","CIS_ok_internal_id":1226,"typ_dopravy":"VLD","mhd":"NE","obec":"Bílá Lhota","osm_proposal":"highway=bus_stop public_transport=platform","osm_stop_distance_m":17,"osm_stop_within_100m":true},"geometry":{"type":"Point","coordinates":[16.9747212,49.709597]}},{"type":"Feature","properties":{"name":"Bílá Lhota,,Nové Mlýny rozc.","CIS_ok_internal_id":1227,"typ_dopravy":"VLD","mhd":"NE","obec":"Bílá Lhota","osm_proposal":"highway=bus_stop public_transport=platform","osm_stop_distance_m":1811,"osm_stop_within_100m":false},"geometry":{"type":"Point","coordinates":[16.9803639,49.7299884]}},{"type":"Feature","properties":{"name":"Bílá Lhota,Červená Lhota,rest.","CIS_ok_internal_id":1228,"typ_dopravy":"VLD","mhd":"NE","obec":"Bílá Lhota","osm_proposal":"highway=bus_stop public_transport=platform","osm_stop_distance_m":21,"osm_stop_within_100m":true},"geometry":{"type":"Point","coordinates":[16.9689249,49.7149762]}},{"type":"Feature","properties":{"name":"Bílá Lhota,Hrabí,střed","CIS_ok_internal_id":1230,"typ_dopravy":"VLD","mhd":"NE","obec":"Bílá Lhota","osm_proposal":"highway=bus_stop public_transport=platform","osm_stop_distance_m":3,"osm_stop_within_100m":true},"geometry":{"type":"Point","coordinates":[16.9630493,49.7120939]}},{"type":"Feature","properties":{"name":"Bílá Lhota,Hradečná,náves","CIS_ok_internal_id":1231,"typ_dopravy":"VLD","mhd":"NE","obec":"Bílá Lhota","osm_proposal":"highway=bus_stop public_transport=platform","osm_stop_distance_m":1022,"osm_stop_within_100m":false},"geometry":{"type":"Point","coordinates":[16.9844075,49.6951444]}},{"type":"Feature","properties":{"name":"Bílá Lhota,Hradečná,rozc.","CIS_ok_internal_id":1233,"typ_dopravy":"VLD","mhd":"NE","obec":"Bílá Lhota","osm_proposal":"highway=bus_stop public_transport=platform","osm_stop_distance_m":57,"osm_stop_within_100m":true},"geometry":{"type":"Point","coordinates":[16.9969024,49.7038185]}},{"type":"Feature","properties":{"name":"Bílá Lhota,Měník","CIS_ok_internal_id":1234,"typ_dopravy":"VLD","mhd":"NE","obec":"Bílá Lhota","osm_proposal":"highway=bus_stop public_transport=platform","osm_stop_distance_m":60,"osm_stop_within_100m":true},"geometry":{"type":"Point","coordinates":[16.9831758,49.7108875]}},{"type":"Feature","properties":{"name":"Bílá Lhota,Pateřín,rozc.","CIS_ok_internal_id":1237,"typ_dopravy":"VLD","mhd":"NE","obec":"Bílá Lhota","osm_proposal":"highway=bus_stop public_transport=platform","osm_stop_distance_m":5,"osm_stop_within_100m":true},"geometry":{"type":"Point","coordinates":[16.9764931,49.7078918]}},{"type":"Feature","properties":{"name":"Bílá Lhota,Řimice,náves","CIS_ok_internal_id":1238,"typ_dopravy":"VLD","mhd":"NE","obec":"Bílá Lhota","osm_proposal":"highway=bus_stop public_transport=platform","osm_stop_distance_m":1248,"osm_stop_within_100m":false},"geometry":{"type":"Point","coordinates":[16.9828694,49.7225378]}},{"type":"Feature","properties":{"name":"Bílá Lhota,Řimice,rozc.Červ.Lhota","CIS_ok_internal_id":1239,"typ_dopravy":"VLD","mhd":"NE","obec":"Bílá Lhota","osm_proposal":"highway=bus_stop public_transport=platform","osm_stop_distance_m":678,"osm_stop_within_100m":false},"geometry":{"type":"Point","coordinates":[16.9747604,49.7198072]}},{"type":"Feature","properties":{"name":"Bílovice-Lutotín,Bílovice","CIS_ok_internal_id":1354,"typ_dopravy":"VLD","mhd":"NE","obec":"Bílovice-Lutotín","osm_proposal":"highway=bus_stop public_transport=platform","osm_stop_distance_m":567,"osm_stop_within_100m":false},"geometry":{"type":"Point","coordinates":[17.0396337,49.5111351]}},{"type":"Feature","properties":{"name":"Bílovice-Lutotín,Bílovice,rozc.","CIS_ok_internal_id":1355,"typ_dopravy":"VLD","mhd":"NE","obec":"Bílovice-Lutotín","osm_proposal":"highway=bus_stop public_transport=platform","osm_stop_distance_m":9,"osm_stop_within_100m":true},"geometry":{"type":"Point","coordinates":[17.0458841,49.5080381]}},{"type":"Feature","properties":{"name":"Bílovice-Lutotín,Lutotín,rozc.","CIS_ok_internal_id":1356,"typ_dopravy":"VLD","mhd":"NE","obec":"Bílovice-Lutotín","osm_proposal":"highway=bus_stop public_transport=platform","osm_stop_distance_m":31,"osm_stop_within_100m":true},"geometry":{"type":"Point","coordinates":[17.0359699,49.5229695]}},{"type":"Feature","properties":{"name":"Bílsko,,náves","CIS_ok_internal_id":1358,"typ_dopravy":"VLD","mhd":"NE","obec":"Bílsko","osm_proposal":"highway=bus_stop public_transport=platform","osm_stop_distance_m":62,"osm_stop_within_100m":true},"geometry":{"type":"Point","coordinates":[17.0186333,49.6446403]}},{"type":"Feature","properties":{"name":"Biskupice","CIS_ok_internal_id":1398,"typ_dopravy":"VLD","mhd":"NE","obec":"Biskupice","osm_proposal":"highway=bus_stop public_transport=platform","osm_stop_distance_m":2,"osm_stop_within_100m":true},"geometry":{"type":"Point","coordinates":[17.2360431,49.462277]}},{"type":"Feature","properties":{"name":"Biskupice,,hřbitov","CIS_ok_internal_id":1399,"typ_dopravy":"VLD","mhd":"NE","obec":"Biskupice","osm_proposal":"highway=bus_stop public_transport=platform","osm_stop_distance_m":15,"osm_stop_within_100m":true},"geometry":{"type":"Point","coordinates":[17.2325731,49.4588285]}},{"type":"Feature","properties":{"name":"Blatec,,rozc.","CIS_ok_internal_id":1497,"typ_dopravy":"VLD","mhd":"NE","obec":"Blatec","osm_proposal":"highway=bus_stop public_transport=platform","osm_stop_distance_m":19,"osm_stop_within_100m":true},"geometry":{"type":"Point","coordinates":[17.25152,49.5293638]}},{"type":"Feature","properties":{"name":"Bohuslavice","CIS_ok_internal_id":1817,"typ_dopravy":"VLD","mhd":"NE","obec":"Bohuslavice","osm_proposal":"highway=bus_stop public_transport=platform","osm_stop_distance_m":7,"osm_stop_within_100m":true},"geometry":{"type":"Point","coordinates":[16.9544731,49.6206734]}},{"type":"Feature","properties":{"name":"Bohuslavice,,Brodek","CIS_ok_internal_id":1818,"typ_dopravy":"VLD","mhd":"NE","obec":"Bohuslavice","osm_proposal":"highway=bus_stop public_transport=platform","osm_stop_distance_m":869,"osm_stop_within_100m":false},"geometry":{"type":"Point","coordinates":[16.9665013,49.6212691]}},{"type":"Feature","properties":{"name":"Bohuslavice,,ZD","CIS_ok_internal_id":1819,"typ_dopravy":"VLD","mhd":"NE","obec":"Bohuslavice","osm_proposal":"highway=bus_stop public_transport=platform","osm_stop_distance_m":601,"osm_stop_within_100m":false},"geometry":{"type":"Point","coordinates":[16.9474469,49.623764]}},{"type":"Feature","properties":{"name":"Bohuslávky,,Obecní úřad","CIS_ok_internal_id":1828,"typ_dopravy":"VLD","mhd":"NE","obec":"Bohuslávky","osm_proposal":"highway=bus_stop public_transport=platform","osm_stop_distance_m":10,"osm_stop_within_100m":true},"geometry":{"type":"Point","coordinates":[17.5680457,49.5549907]}},{"type":"Feature","properties":{"name":"Bohuslávky,,střed","CIS_ok_internal_id":1829,"typ_dopravy":"VLD","mhd":"NE","obec":"Bohuslávky","osm_proposal":"highway=bus_stop public_transport=platform","osm_stop_distance_m":4,"osm_stop_within_100m":true},"geometry":{"type":"Point","coordinates":[17.5640211,49.556704]}},{"type":"Feature","properties":{"name":"Bochoř,,Na Zabrání","CIS_ok_internal_id":1851,"typ_dopravy":"VLD","mhd":"NE","obec":"Bochoř","osm_proposal":"highway=bus_stop public_transport=platform","osm_stop_distance_m":17,"osm_stop_within_100m":true},"geometry":{"type":"Point","coordinates":[17.4263165,49.423088]}},{"type":"Feature","properties":{"name":"Bochoř,,Včelín","CIS_ok_internal_id":1854,"typ_dopravy":"VLD","mhd":"NE","obec":"Bochoř","osm_proposal":"highway=bus_stop public_transport=platform","osm_stop_distance_m":15,"osm_stop_within_100m":true},"geometry":{"type":"Point","coordinates":[17.4087962,49.417286]}},{"type":"Feature","properties":{"name":"Bousín","CIS_ok_internal_id":2335,"typ_dopravy":"VLD","mhd":"NE","obec":"Bousín","osm_proposal":"highway=bus_stop public_transport=platform","osm_stop_distance_m":1803,"osm_stop_within_100m":false},"geometry":{"type":"Point","coordinates":[16.8895121,49.4548706]}},{"type":"Feature","properties":{"name":"Bouzov,,hřbitov","CIS_ok_internal_id":2338,"typ_dopravy":"VLD","mhd":"NE","obec":"Bouzov","osm_proposal":"highway=bus_stop public_transport=platform","osm_stop_distance_m":6,"osm_stop_within_100m":true},"geometry":{"type":"Point","coordinates":[16.9044577,49.6967201]}},{"type":"Feature","properties":{"name":"Bouzov,,nám.","CIS_ok_internal_id":2339,"typ_dopravy":"VLD","mhd":"NE","obec":"Bouzov","osm_proposal":"highway=bus_stop public_transport=platform","osm_stop_distance_m":3,"osm_stop_within_100m":true},"geometry":{"type":"Point","coordinates":[16.8934369,49.7042585]}},{"type":"Feature","properties":{"name":"Bouzov,,ZD","CIS_ok_internal_id":2340,"typ_dopravy":"VLD","mhd":"NE","obec":"Bouzov","osm_proposal":"highway=bus_stop public_transport=platform","osm_stop_distance_m":14,"osm_stop_within_100m":true},"geometry":{"type":"Point","coordinates":[16.8972533,49.7001043]}},{"type":"Feature","properties":{"name":"Bouzov,Bezděkov,rozc.","CIS_ok_internal_id":2341,"typ_dopravy":"VLD","mhd":"NE","obec":"Bouzov","osm_proposal":"highway=bus_stop public_transport=platform","osm_stop_distance_m":8,"osm_stop_within_100m":true},"geometry":{"type":"Point","coordinates":[16.87356,49.7089253]}},{"type":"Feature","properties":{"name":"Bouzov,Blažov,náves","CIS_ok_internal_id":2342,"typ_dopravy":"VLD","mhd":"NE","obec":"Bouzov","osm_proposal":"highway=bus_stop public_transport=platform","osm_stop_distance_m":8,"osm_stop_within_100m":true},"geometry":{"type":"Point","coordinates":[16.8827988,49.6842646]}},{"type":"Feature","properties":{"name":"Bouzov,Doly,rozc.","CIS_ok_internal_id":2343,"typ_dopravy":"VLD","mhd":"NE","obec":"Bouzov","osm_proposal":"highway=bus_stop public_transport=platform","osm_stop_distance_m":3,"osm_stop_within_100m":true},"geometry":{"type":"Point","coordinates":[16.8813652,49.7095228]}},{"type":"Feature","properties":{"name":"Bouzov,Hvozdečko,čekárna","CIS_ok_internal_id":2344,"typ_dopravy":"VLD","mhd":"NE","obec":"Bouzov","osm_proposal":"highway=bus_stop public_transport=platform","osm_stop_distance_m":8,"osm_stop_within_100m":true},"geometry":{"type":"Point","coordinates":[16.9293154,49.6888464]}},{"type":"Feature","properties":{"name":"Bouzov,Jeřmaň,náves","CIS_ok_internal_id":2345,"typ_dopravy":"VLD","mhd":"NE","obec":"Bouzov","osm_proposal":"highway=bus_stop public_transport=platform","osm_stop_distance_m":3,"osm_stop_within_100m":true},"geometry":{"type":"Point","coordinates":[16.8953063,49.7178017]}},{"type":"Feature","properties":{"name":"Bouzov,Kadeřín,náves","CIS_ok_internal_id":2346,"typ_dopravy":"VLD","mhd":"NE","obec":"Bouzov","osm_proposal":"highway=bus_stop public_transport=platform","osm_stop_distance_m":1683,"osm_stop_within_100m":false},"geometry":{"type":"Point","coordinates":[16.8920686,49.6699455]}},{"type":"Feature","properties":{"name":"Bouzov,Kovářov,náves","CIS_ok_internal_id":2347,"typ_dopravy":"VLD","mhd":"NE","obec":"Bouzov","osm_proposal":"highway=bus_stop public_transport=platform","osm_stop_distance_m":10,"osm_stop_within_100m":true},"geometry":{"type":"Point","coordinates":[16.950741,49.6851908]}},{"type":"Feature","properties":{"name":"Bouzov,Kozov,čekárna","CIS_ok_internal_id":2349,"typ_dopravy":"VLD","mhd":"NE","obec":"Bouzov","osm_proposal":"highway=bus_stop public_transport=platform","osm_stop_distance_m":6,"osm_stop_within_100m":true},"geometry":{"type":"Point","coordinates":[16.8658201,49.7048433]}},{"type":"Feature","properties":{"name":"Bouzov,Obectov,pož.zbroj.","CIS_ok_internal_id":2350,"typ_dopravy":"VLD","mhd":"NE","obec":"Bouzov","osm_proposal":"highway=bus_stop public_transport=platform","osm_stop_distance_m":19,"osm_stop_within_100m":true},"geometry":{"type":"Point","coordinates":[16.9322518,49.7195421]}},{"type":"Feature","properties":{"name":"Bouzov,Olešnice,obchod","CIS_ok_internal_id":2351,"typ_dopravy":"VLD","mhd":"NE","obec":"Bouzov","osm_proposal":"highway=bus_stop public_transport=platform","osm_stop_distance_m":775,"osm_stop_within_100m":false},"geometry":{"type":"Point","coordinates":[16.935381,49.6975299]}},{"type":"Feature","properties":{"name":"Bouzov,Podolí,hala","CIS_ok_internal_id":2352,"typ_dopravy":"VLD","mhd":"NE","obec":"Bouzov","osm_proposal":"highway=bus_stop public_transport=platform","osm_stop_distance_m":4,"osm_stop_within_100m":true},"geometry":{"type":"Point","coordinates":[16.9290589,49.706182]}},{"type":"Feature","properties":{"name":"Bouzov,Podolí,pož.zbroj.","CIS_ok_internal_id":2353,"typ_dopravy":"VLD","mhd":"NE","obec":"Bouzov","osm_proposal":"highway=bus_stop public_transport=platform","osm_stop_distance_m":5,"osm_stop_within_100m":true},"geometry":{"type":"Point","coordinates":[16.9206885,49.7079309]}},{"type":"Feature","properties":{"name":"Bouzov,Podolí,rozc.náves","CIS_ok_internal_id":2354,"typ_dopravy":"VLD","mhd":"NE","obec":"Bouzov","osm_proposal":"highway=bus_stop public_transport=platform","osm_stop_distance_m":6,"osm_stop_within_100m":true},"geometry":{"type":"Point","coordinates":[16.92193,49.7078158]}},{"type":"Feature","properties":{"name":"Bouzov,Podolí,v Boří","CIS_ok_internal_id":2355,"typ_dopravy":"VLD","mhd":"NE","obec":"Bouzov","osm_proposal":"highway=bus_stop public_transport=platform","osm_stop_distance_m":12,"osm_stop_within_100m":true},"geometry":{"type":"Point","coordinates":[16.9425859,49.7026755]}},{"type":"Feature","properties":{"name":"Bouzov,Svojanov,rozc.","CIS_ok_internal_id":2356,"typ_dopravy":"VLD","mhd":"NE","obec":"Bouzov","osm_proposal":"highway=bus_stop public_transport=platform","osm_stop_distance_m":1102,"osm_stop_within_100m":false},"geometry":{"type":"Point","coordinates":[16.8719635,49.6956943]}},{"type":"Feature","properties":{"name":"Brodek u Konice,,Dešná","CIS_ok_internal_id":2855,"typ_dopravy":"VLD","mhd":"NE","obec":"Brodek u Konice","osm_proposal":"highway=bus_stop public_transport=platform","osm_stop_distance_m":43,"osm_stop_within_100m":true},"geometry":{"type":"Point","coordinates":[16.8479628,49.5451876]}},{"type":"Feature","properties":{"name":"Brodek u Konice,,dol.konec","CIS_ok_internal_id":2856,"typ_dopravy":"VLD","mhd":"NE","obec":"Brodek u Konice","osm_proposal":"highway=bus_stop public_transport=platform","osm_stop_distance_m":53,"osm_stop_within_100m":true},"geometry":{"type":"Point","coordinates":[16.8392913,49.5472895]}},{"type":"Feature","properties":{"name":"Brodek u Konice,,hor.konec","CIS_ok_internal_id":2857,"typ_dopravy":"VLD","mhd":"NE","obec":"Brodek u Konice","osm_proposal":"highway=bus_stop public_transport=platform","osm_stop_distance_m":4,"osm_stop_within_100m":true},"geometry":{"type":"Point","coordinates":[16.8218866,49.5534456]}},{"type":"Feature","properties":{"name":"Brodek u Konice,,nám.","CIS_ok_internal_id":2858,"typ_dopravy":"VLD","mhd":"NE","obec":"Brodek u Konice","osm_proposal":"highway=bus_stop public_transport=platform","osm_stop_distance_m":8,"osm_stop_within_100m":true},"geometry":{"type":"Point","coordinates":[16.8328125,49.5486037]}},{"type":"Feature","properties":{"name":"Brodek u Konice,,rozc.Skřípov","CIS_ok_internal_id":2859,"typ_dopravy":"VLD","mhd":"NE","obec":"Brodek u Konice","osm_proposal":"highway=bus_stop public_transport=platform","osm_stop_distance_m":6,"osm_stop_within_100m":true},"geometry":{"type":"Point","coordinates":[16.8121827,49.5657464]}},{"type":"Feature","properties":{"name":"Brodek u Konice,,sušička","CIS_ok_internal_id":2860,"typ_dopravy":"VLD","mhd":"NE","obec":"Brodek u Konice","osm_proposal":"highway=bus_stop public_transport=platform","osm_stop_distance_m":65,"osm_stop_within_100m":true},"geometry":{"type":"Point","coordinates":[16.8190655,49.5593805]}},{"type":"Feature","properties":{"name":"Brodek u Konice,Lhota u Konice","CIS_ok_internal_id":2861,"typ_dopravy":"VLD","mhd":"NE","obec":"Brodek u Konice","osm_proposal":"highway=bus_stop public_transport=platform","osm_stop_distance_m":9,"osm_stop_within_100m":true},"geometry":{"type":"Point","coordinates":[16.857383,49.5572775]}},{"type":"Feature","properties":{"name":"Brodek u Konice,Lhota u Konice,rozc.","CIS_ok_internal_id":2862,"typ_dopravy":"VLD","mhd":"NE","obec":"Brodek u Konice","osm_proposal":"highway=bus_stop public_transport=platform","osm_stop_distance_m":4,"osm_stop_within_100m":true},"geometry":{"type":"Point","coordinates":[16.8717944,49.5608569]}},{"type":"Feature","properties":{"name":"Brodek u Prostějova","CIS_ok_internal_id":2863,"typ_dopravy":"VLD","mhd":"NE","obec":"Brodek u Prostějova","osm_proposal":"highway=bus_stop public_transport=platform","osm_stop_distance_m":13,"osm_stop_within_100m":true},"geometry":{"type":"Point","coordinates":[17.0910726,49.3704517]}},{"type":"Feature","properties":{"name":"Brodek u Prostějova,,křiž.","CIS_ok_internal_id":2864,"typ_dopravy":"VLD","mhd":"NE","obec":"Brodek u Prostějova","osm_proposal":"highway=bus_stop public_transport=platform","osm_stop_distance_m":37,"osm_stop_within_100m":true},"geometry":{"type":"Point","coordinates":[17.0809413,49.3692099]}},{"type":"Feature","properties":{"name":"Brodek u Prostějova,,zámek","CIS_ok_internal_id":2865,"typ_dopravy":"VLD","mhd":"NE","obec":"Brodek u Prostějova","osm_proposal":"highway=bus_stop public_transport=platform","osm_stop_distance_m":38,"osm_stop_within_100m":true},"geometry":{"type":"Point","coordinates":[17.0824348,49.3691738]}},{"type":"Feature","properties":{"name":"Brodek u Prostějova,Sněhotice,kaple","CIS_ok_internal_id":2866,"typ_dopravy":"VLD","mhd":"NE","obec":"Brodek u Prostějova","osm_proposal":"highway=bus_stop public_transport=platform","osm_stop_distance_m":1634,"osm_stop_within_100m":false},"geometry":{"type":"Point","coordinates":[17.0585869,49.3682945]}},{"type":"Feature","properties":{"name":"Brodek u Prostějova,Sněhotice,pomník","CIS_ok_internal_id":2867,"typ_dopravy":"VLD","mhd":"NE","obec":"Brodek u Prostějova","osm_proposal":"highway=bus_stop public_transport=platform","osm_stop_distance_m":1297,"osm_stop_within_100m":false},"geometry":{"type":"Point","coordinates":[17.0632221,49.3705599]}},{"type":"Feature","properties":{"name":"Brodek u Přerova,,Masarykovo nám.","CIS_ok_internal_id":2869,"typ_dopravy":"VLD","mhd":"NE","obec":"Brodek u Přerova","osm_proposal":"highway=bus_stop public_transport=platform","osm_stop_distance_m":289,"osm_stop_within_100m":false},"geometry":{"type":"Point","coordinates":[17.3394465,49.4843022]}},{"type":"Feature","properties":{"name":"Brodek u Přerova,,škola","CIS_ok_internal_id":2870,"typ_dopravy":"VLD","mhd":"NE","obec":"Brodek u Přerova","osm_proposal":"highway=bus_stop public_transport=platform","osm_stop_distance_m":507,"osm_stop_within_100m":false},"geometry":{"type":"Point","coordinates":[17.3368877,49.4866184]}},{"type":"Feature","properties":{"name":"Brodek u Přerova,,Vrchlického","CIS_ok_internal_id":2871,"typ_dopravy":"VLD","mhd":"NE","obec":"Brodek u Přerova","osm_proposal":"highway=bus_stop public_transport=platform","osm_stop_distance_m":501,"osm_stop_within_100m":false},"geometry":{"type":"Point","coordinates":[17.3452132,49.481756]}},{"type":"Feature","properties":{"name":"Brodek u Přerova,Luková,náves","CIS_ok_internal_id":2872,"typ_dopravy":"VLD","mhd":"NE","obec":"Brodek u Přerova","osm_proposal":"highway=bus_stop public_transport=platform","osm_stop_distance_m":36,"osm_stop_within_100m":true},"geometry":{"type":"Point","coordinates":[17.3680325,49.4757706]}},{"type":"Feature","properties":{"name":"Březsko","CIS_ok_internal_id":3263,"typ_dopravy":"VLD","mhd":"NE","obec":"Březsko","osm_proposal":"highway=bus_stop public_transport=platform","osm_stop_distance_m":11,"osm_stop_within_100m":true},"geometry":{"type":"Point","coordinates":[16.8923577,49.6078812]}},{"type":"Feature","properties":{"name":"Březsko,,Michnov","CIS_ok_internal_id":3264,"typ_dopravy":"VLD","mhd":"NE","obec":"Březsko","osm_proposal":"highway=bus_stop public_transport=platform","osm_stop_distance_m":227,"osm_stop_within_100m":false},"geometry":{"type":"Point","coordinates":[16.8929728,49.605934]}},{"type":"Feature","properties":{"name":"Budětsko","CIS_ok_internal_id":3366,"typ_dopravy":"VLD","mhd":"NE","obec":"Budětsko","osm_proposal":"highway=bus_stop public_transport=platform","osm_stop_distance_m":5,"osm_stop_within_100m":true},"geometry":{"type":"Point","coordinates":[16.9243066,49.5874327]}},{"type":"Feature","properties":{"name":"Budětsko,,rozc.0.6","CIS_ok_internal_id":3367,"typ_dopravy":"VLD","mhd":"NE","obec":"Budětsko","osm_proposal":"highway=bus_stop public_transport=platform","osm_stop_distance_m":18,"osm_stop_within_100m":true},"geometry":{"type":"Point","coordinates":[16.9131976,49.5882452]}},{"type":"Feature","properties":{"name":"Budětsko,Slavíkov","CIS_ok_internal_id":3368,"typ_dopravy":"VLD","mhd":"NE","obec":"Budětsko","osm_proposal":"highway=bus_stop public_transport=platform","osm_stop_distance_m":41,"osm_stop_within_100m":true},"geometry":{"type":"Point","coordinates":[16.9444344,49.5809917]}},{"type":"Feature","properties":{"name":"Budětsko,Zavadilka","CIS_ok_internal_id":3369,"typ_dopravy":"VLD","mhd":"NE","obec":"Budětsko","osm_proposal":"highway=bus_stop public_transport=platform","osm_stop_distance_m":648,"osm_stop_within_100m":false},"geometry":{"type":"Point","coordinates":[16.911632,49.58263]}},{"type":"Feature","properties":{"name":"Buk,,hasičská nádrž","CIS_ok_internal_id":3464,"typ_dopravy":"VLD","mhd":"NE","obec":"Buk","osm_proposal":"highway=bus_stop public_transport=platform","osm_stop_distance_m":5,"osm_stop_within_100m":true},"geometry":{"type":"Point","coordinates":[17.4695293,49.5021488]}},{"type":"Feature","properties":{"name":"Buk,,škola","CIS_ok_internal_id":3465,"typ_dopravy":"VLD","mhd":"NE","obec":"Buk","osm_proposal":"highway=bus_stop public_transport=platform","osm_stop_distance_m":26,"osm_stop_within_100m":true},"geometry":{"type":"Point","coordinates":[17.469264,49.5052734]}},{"type":"Feature","properties":{"name":"Buková","CIS_ok_internal_id":3474,"typ_dopravy":"VLD","mhd":"NE","obec":"Buková","osm_proposal":"highway=bus_stop public_transport=platform","osm_stop_distance_m":22,"osm_stop_within_100m":true},"geometry":{"type":"Point","coordinates":[16.8306579,49.5090465]}},{"type":"Feature","properties":{"name":"Buková,,hor.zast.","CIS_ok_internal_id":3475,"typ_dopravy":"VLD","mhd":"NE","obec":"Buková","osm_proposal":"highway=bus_stop public_transport=platform","osm_stop_distance_m":5,"osm_stop_within_100m":true},"geometry":{"type":"Point","coordinates":[16.8245634,49.5117335]}},{"type":"Feature","properties":{"name":"Bystročice,,obchod","CIS_ok_internal_id":3630,"typ_dopravy":"VLD","mhd":"NE","obec":"Bystročice","osm_proposal":"highway=bus_stop public_transport=platform","osm_stop_distance_m":12,"osm_stop_within_100m":true},"geometry":{"type":"Point","coordinates":[17.1910229,49.5357259]}},{"type":"Feature","properties":{"name":"Bystročice,,u mostu","CIS_ok_internal_id":3631,"typ_dopravy":"VLD","mhd":"NE","obec":"Bystročice","osm_proposal":"highway=bus_stop public_transport=platform","osm_stop_distance_m":185,"osm_stop_within_100m":false},"geometry":{"type":"Point","coordinates":[17.1883956,49.5363587]}},{"type":"Feature","properties":{"name":"Bystročice,Žerůvky,kaplička","CIS_ok_internal_id":3632,"typ_dopravy":"VLD","mhd":"NE","obec":"Bystročice","osm_proposal":"highway=bus_stop public_transport=platform","osm_stop_distance_m":22,"osm_stop_within_100m":true},"geometry":{"type":"Point","coordinates":[17.1858748,49.5416489]}},{"type":"Feature","properties":{"name":"Bystrovany,,škola","CIS_ok_internal_id":3634,"typ_dopravy":"MHD","mhd":"ANO","obec":"Bystrovany","osm_proposal":"highway=bus_stop public_transport=platform","osm_stop_distance_m":13,"osm_stop_within_100m":true},"geometry":{"type":"Point","coordinates":[17.3237621,49.5965935]}},{"type":"Feature","properties":{"name":"Blazice,,mlýn","CIS_ok_internal_id":3754,"typ_dopravy":"VLD","mhd":"NE","obec":"Blazice","osm_proposal":"highway=bus_stop public_transport=platform","osm_stop_distance_m":860,"osm_stop_within_100m":false},"geometry":{"type":"Point","coordinates":[17.635165,49.449134]}},{"type":"Feature","properties":{"name":"Býškovice,,rozc.Rakov","CIS_ok_internal_id":3787,"typ_dopravy":"VLD","mhd":"NE","obec":"Býškovice","osm_proposal":"highway=bus_stop public_transport=platform","osm_stop_distance_m":340,"osm_stop_within_100m":false},"geometry":{"type":"Point","coordinates":[17.7134983,49.4690517]}},{"type":"Feature","properties":{"name":"Císařov,,u křižovatky","CIS_ok_internal_id":4020,"typ_dopravy":"VLD","mhd":"NE","obec":"Císařov","osm_proposal":"highway=bus_stop public_transport=platform","osm_stop_distance_m":6,"osm_stop_within_100m":true},"geometry":{"type":"Point","coordinates":[17.3506998,49.4684567]}},{"type":"Feature","properties":{"name":"Císařov,,u pomníku","CIS_ok_internal_id":4021,"typ_dopravy":"VLD","mhd":"NE","obec":"Císařov","osm_proposal":"highway=bus_stop public_transport=platform","osm_stop_distance_m":6,"osm_stop_within_100m":true},"geometry":{"type":"Point","coordinates":[17.3532152,49.4646027]}},{"type":"Feature","properties":{"name":"Citov,,Jednota","CIS_ok_internal_id":4035,"typ_dopravy":"VLD","mhd":"NE","obec":"Citov","osm_proposal":"highway=bus_stop public_transport=platform","osm_stop_distance_m":15,"osm_stop_within_100m":true},"geometry":{"type":"Point","coordinates":[17.3261114,49.4699196]}},{"type":"Feature","properties":{"name":"Čehovice","CIS_ok_internal_id":4268,"typ_dopravy":"VLD","mhd":"NE","obec":"Čehovice","osm_proposal":"highway=bus_stop public_transport=platform","osm_stop_distance_m":26,"osm_stop_within_100m":true},"geometry":{"type":"Point","coordinates":[17.1783008,49.4327659]}},{"type":"Feature","properties":{"name":"Čechy,,náves","CIS_ok_internal_id":4286,"typ_dopravy":"VLD","mhd":"NE","obec":"Čechy","osm_proposal":"highway=bus_stop public_transport=platform","osm_stop_distance_m":5,"osm_stop_within_100m":true},"geometry":{"type":"Point","coordinates":[17.5341114,49.4292787]}},{"type":"Feature","properties":{"name":"Čechy p.Kosířem,,pošta","CIS_ok_internal_id":4293,"typ_dopravy":"VLD","mhd":"NE","obec":"Čechy pod Kosířem","osm_proposal":"highway=bus_stop public_transport=platform","osm_stop_distance_m":5,"osm_stop_within_100m":true},"geometry":{"type":"Point","coordinates":[17.030852,49.5516895]}},{"type":"Feature","properties":{"name":"Čechy p.Kosířem,,sokolovna","CIS_ok_internal_id":4294,"typ_dopravy":"VLD","mhd":"NE","obec":"Čechy pod Kosířem","osm_proposal":"highway=bus_stop public_transport=platform","osm_stop_distance_m":6,"osm_stop_within_100m":true},"geometry":{"type":"Point","coordinates":[17.0343282,49.5503827]}},{"type":"Feature","properties":{"name":"Čelčice","CIS_ok_internal_id":4361,"typ_dopravy":"VLD","mhd":"NE","obec":"Čelčice","osm_proposal":"highway=bus_stop public_transport=platform","osm_stop_distance_m":4,"osm_stop_within_100m":true},"geometry":{"type":"Point","coordinates":[17.1936536,49.4104661]}},{"type":"Feature","properties":{"name":"Čelčice,,žel.st.","CIS_ok_internal_id":4362,"typ_dopravy":"VLD","mhd":"NE","obec":"Čelčice","osm_proposal":"highway=bus_stop public_transport=platform","osm_stop_distance_m":63,"osm_stop_within_100m":true},"geometry":{"type":"Point","coordinates":[17.1911265,49.411427]}},{"type":"Feature","properties":{"name":"Čelechovice,,náves","CIS_ok_internal_id":4364,"typ_dopravy":"VLD","mhd":"NE","obec":"Čelechovice","osm_proposal":"highway=bus_stop public_transport=platform","osm_stop_distance_m":7,"osm_stop_within_100m":true},"geometry":{"type":"Point","coordinates":[17.3714939,49.5098452]}},{"type":"Feature","properties":{"name":"Čelechovice na Hané","CIS_ok_internal_id":4366,"typ_dopravy":"VLD","mhd":"NE","obec":"Čelechovice na Hané","osm_proposal":"highway=bus_stop public_transport=platform","osm_stop_distance_m":28,"osm_stop_within_100m":true},"geometry":{"type":"Point","coordinates":[17.0923269,49.5164218]}},{"type":"Feature","properties":{"name":"Čelechovice na Hané,,Kaple","CIS_ok_internal_id":4367,"typ_dopravy":"VLD","mhd":"NE","obec":"Čelechovice na Hané","osm_proposal":"highway=bus_stop public_transport=platform","osm_stop_distance_m":4,"osm_stop_within_100m":true},"geometry":{"type":"Point","coordinates":[17.1018378,49.5309201]}},{"type":"Feature","properties":{"name":"Čelechovice na Hané,,ZŠ","CIS_ok_internal_id":4369,"typ_dopravy":"VLD","mhd":"NE","obec":"Čelechovice na Hané","osm_proposal":"highway=bus_stop public_transport=platform","osm_stop_distance_m":11,"osm_stop_within_100m":true},"geometry":{"type":"Point","coordinates":[17.0995325,49.5135587]}},{"type":"Feature","properties":{"name":"Čelechovice na Hané,Studenec,rozc.","CIS_ok_internal_id":4370,"typ_dopravy":"VLD","mhd":"NE","obec":"Čelechovice na Hané","osm_proposal":"highway=bus_stop public_transport=platform","osm_stop_distance_m":16,"osm_stop_within_100m":true},"geometry":{"type":"Point","coordinates":[17.103228,49.5152931]}},{"type":"Feature","properties":{"name":"Černotín,,Obecní úřad","CIS_ok_internal_id":4551,"typ_dopravy":"VLD","mhd":"NE","obec":"Černotín","osm_proposal":"highway=bus_stop public_transport=platform","osm_stop_distance_m":7,"osm_stop_within_100m":true},"geometry":{"type":"Point","coordinates":[17.7724639,49.5324679]}},{"type":"Feature","properties":{"name":"Černotín,,rozc.","CIS_ok_internal_id":4552,"typ_dopravy":"VLD","mhd":"NE","obec":"Černotín","osm_proposal":"highway=bus_stop public_transport=platform","osm_stop_distance_m":56,"osm_stop_within_100m":true},"geometry":{"type":"Point","coordinates":[17.7728205,49.5292794]}},{"type":"Feature","properties":{"name":"Černotín,Hluzov,dolní konec","CIS_ok_internal_id":4553,"typ_dopravy":"VLD","mhd":"NE","obec":"Černotín","osm_proposal":"highway=bus_stop public_transport=platform","osm_stop_distance_m":15,"osm_stop_within_100m":true},"geometry":{"type":"Point","coordinates":[17.7732415,49.539295]}},{"type":"Feature","properties":{"name":"Černotín,Hluzov,pož.zbroj.","CIS_ok_internal_id":4554,"typ_dopravy":"VLD","mhd":"NE","obec":"Černotín","osm_proposal":"highway=bus_stop public_transport=platform","osm_stop_distance_m":8,"osm_stop_within_100m":true},"geometry":{"type":"Point","coordinates":[17.7785512,49.5434998]}},{"type":"Feature","properties":{"name":"Černotín,Hluzov,točna","CIS_ok_internal_id":4555,"typ_dopravy":"VLD","mhd":"NE","obec":"Černotín","osm_proposal":"highway=bus_stop public_transport=platform","osm_stop_distance_m":4,"osm_stop_within_100m":true},"geometry":{"type":"Point","coordinates":[17.7811183,49.5464748]}},{"type":"Feature","properties":{"name":"Červenka,,Na aleji Háj","CIS_ok_internal_id":4666,"typ_dopravy":"VLD","mhd":"NE","obec":"Červenka","osm_proposal":"highway=bus_stop public_transport=platform","osm_stop_distance_m":2074,"osm_stop_within_100m":false},"geometry":{"type":"Point","coordinates":[17.0447943,49.7373335]}},{"type":"Feature","properties":{"name":"Červenka,,podjezd","CIS_ok_internal_id":4667,"typ_dopravy":"VLD","mhd":"NE","obec":"Červenka","osm_proposal":"highway=bus_stop public_transport=platform","osm_stop_distance_m":711,"osm_stop_within_100m":false},"geometry":{"type":"Point","coordinates":[17.0821374,49.7269859]}},{"type":"Feature","properties":{"name":"Červenka,,u váhy","CIS_ok_internal_id":4668,"typ_dopravy":"VLD","mhd":"NE","obec":"Červenka","osm_proposal":"highway=bus_stop public_transport=platform","osm_stop_distance_m":7,"osm_stop_within_100m":true},"geometry":{"type":"Point","coordinates":[17.0773978,49.7193568]}},{"type":"Feature","properties":{"name":"Červenka,,žel.st.","CIS_ok_internal_id":4669,"typ_dopravy":"VLD","mhd":"NE","obec":"Červenka","osm_proposal":"highway=bus_stop public_transport=platform","osm_stop_distance_m":8,"osm_stop_within_100m":true},"geometry":{"type":"Point","coordinates":[17.0908047,49.723675]}},{"type":"Feature","properties":{"name":"Červenka,Nový Dvůr,střed","CIS_ok_internal_id":4670,"typ_dopravy":"VLD","mhd":"NE","obec":"Červenka","osm_proposal":"highway=bus_stop public_transport=platform","osm_stop_distance_m":1800,"osm_stop_within_100m":false},"geometry":{"type":"Point","coordinates":[17.0550498,49.7295598]}},{"type":"Feature","properties":{"name":"Daskabát,,dol.zast.","CIS_ok_internal_id":5403,"typ_dopravy":"VLD","mhd":"NE","obec":"Daskabát","osm_proposal":"highway=bus_stop public_transport=platform","osm_stop_distance_m":11,"osm_stop_within_100m":true},"geometry":{"type":"Point","coordinates":[17.4424665,49.5778136]}},{"type":"Feature","properties":{"name":"Daskabát,,hor.zast.","CIS_ok_internal_id":5404,"typ_dopravy":"VLD","mhd":"NE","obec":"Daskabát","osm_proposal":"highway=bus_stop public_transport=platform","osm_stop_distance_m":26,"osm_stop_within_100m":true},"geometry":{"type":"Point","coordinates":[17.452984,49.5785171]}},{"type":"Feature","properties":{"name":"Dětkovice","CIS_ok_internal_id":5627,"typ_dopravy":"VLD","mhd":"NE","obec":"Dětkovice","osm_proposal":"highway=bus_stop public_transport=platform","osm_stop_distance_m":1739,"osm_stop_within_100m":false},"geometry":{"type":"Point","coordinates":[17.0866246,49.4152253]}},{"type":"Feature","properties":{"name":"Dětkovice,,kaple","CIS_ok_internal_id":5628,"typ_dopravy":"VLD","mhd":"NE","obec":"Dětkovice","osm_proposal":"highway=bus_stop public_transport=platform","osm_stop_distance_m":1641,"osm_stop_within_100m":false},"geometry":{"type":"Point","coordinates":[17.0821061,49.4155307]}},{"type":"Feature","properties":{"name":"Dobrčice,,rest.","CIS_ok_internal_id":5985,"typ_dopravy":"VLD","mhd":"NE","obec":"Dobrčice","osm_proposal":"highway=bus_stop public_transport=platform","osm_stop_distance_m":11,"osm_stop_within_100m":true},"geometry":{"type":"Point","coordinates":[17.4802319,49.4020424]}},{"type":"Feature","properties":{"name":"Dobrčice,,rozc.","CIS_ok_internal_id":5986,"typ_dopravy":"VLD","mhd":"NE","obec":"Dobrčice","osm_proposal":"highway=bus_stop public_transport=platform","osm_stop_distance_m":985,"osm_stop_within_100m":false},"geometry":{"type":"Point","coordinates":[17.4677498,49.3987637]}},{"type":"Feature","properties":{"name":"Dobrochov","CIS_ok_internal_id":6017,"typ_dopravy":"VLD","mhd":"NE","obec":"Dobrochov","osm_proposal":"highway=bus_stop public_transport=platform","osm_stop_distance_m":546,"osm_stop_within_100m":false},"geometry":{"type":"Point","coordinates":[17.0991887,49.3870658]}},{"type":"Feature","properties":{"name":"Dobrochov,,pohostinství","CIS_ok_internal_id":6018,"typ_dopravy":"VLD","mhd":"NE","obec":"Dobrochov","osm_proposal":"highway=bus_stop public_transport=platform","osm_stop_distance_m":23,"osm_stop_within_100m":true},"geometry":{"type":"Point","coordinates":[17.1060516,49.3856089]}},{"type":"Feature","properties":{"name":"Dobromilice,,pohostinství","CIS_ok_internal_id":6025,"typ_dopravy":"VLD","mhd":"NE","obec":"Dobromilice","osm_proposal":"highway=bus_stop public_transport=platform","osm_stop_distance_m":23,"osm_stop_within_100m":true},"geometry":{"type":"Point","coordinates":[17.1369711,49.3580704]}},{"type":"Feature","properties":{"name":"Dobromilice,,stolářství","CIS_ok_internal_id":6026,"typ_dopravy":"VLD","mhd":"NE","obec":"Dobromilice","osm_proposal":"highway=bus_stop public_transport=platform","osm_stop_distance_m":158,"osm_stop_within_100m":false},"geometry":{"type":"Point","coordinates":[17.1451058,49.3559469]}},{"type":"Feature","properties":{"name":"Dolany,,Hanácká zemědělská","CIS_ok_internal_id":6221,"typ_dopravy":"VLD","mhd":"NE","obec":"Dolany","osm_proposal":"highway=bus_stop public_transport=platform","osm_stop_distance_m":587,"osm_stop_within_100m":false},"geometry":{"type":"Point","coordinates":[17.3175313,49.6549755]}},{"type":"Feature","properties":{"name":"Dolany,,Pod Kartouzkou","CIS_ok_internal_id":6222,"typ_dopravy":"VLD","mhd":"NE","obec":"Dolany","osm_proposal":"highway=bus_stop public_transport=platform","osm_stop_distance_m":67,"osm_stop_within_100m":true},"geometry":{"type":"Point","coordinates":[17.3336484,49.652611]}},{"type":"Feature","properties":{"name":"Dolany,,rest.","CIS_ok_internal_id":6223,"typ_dopravy":"VLD","mhd":"NE","obec":"Dolany","osm_proposal":"highway=bus_stop public_transport=platform","osm_stop_distance_m":43,"osm_stop_within_100m":true},"geometry":{"type":"Point","coordinates":[17.3205792,49.6496399]}},{"type":"Feature","properties":{"name":"Dolany,,škola","CIS_ok_internal_id":6224,"typ_dopravy":"VLD","mhd":"NE","obec":"Dolany","osm_proposal":"highway=bus_stop public_transport=platform","osm_stop_distance_m":12,"osm_stop_within_100m":true},"geometry":{"type":"Point","coordinates":[17.3235136,49.6452838]}},{"type":"Feature","properties":{"name":"Dolany,Dolánky,rozc.","CIS_ok_internal_id":6226,"typ_dopravy":"VLD","mhd":"NE","obec":"Dolany","osm_proposal":"highway=bus_stop public_transport=platform","osm_stop_distance_m":32,"osm_stop_within_100m":true},"geometry":{"type":"Point","coordinates":[17.3107124,49.65106]}},{"type":"Feature","properties":{"name":"Dolany,Nové sady","CIS_ok_internal_id":6227,"typ_dopravy":"VLD","mhd":"NE","obec":"Dolany","osm_proposal":"highway=bus_stop public_transport=platform","osm_stop_distance_m":687,"osm_stop_within_100m":false},"geometry":{"type":"Point","coordinates":[17.3504358,49.65309]}},{"type":"Feature","properties":{"name":"Dolany,Pohořany,garáž","CIS_ok_internal_id":6228,"typ_dopravy":"VLD","mhd":"NE","obec":"Dolany","osm_proposal":"highway=bus_stop public_transport=platform","osm_stop_distance_m":14,"osm_stop_within_100m":true},"geometry":{"type":"Point","coordinates":[17.3775539,49.6723755]}},{"type":"Feature","properties":{"name":"Dolany,Pohořany,hor.konec","CIS_ok_internal_id":6229,"typ_dopravy":"VLD","mhd":"NE","obec":"Dolany","osm_proposal":"highway=bus_stop public_transport=platform","osm_stop_distance_m":1,"osm_stop_within_100m":true},"geometry":{"type":"Point","coordinates":[17.3839894,49.6762966]}},{"type":"Feature","properties":{"name":"Dolany,Véska,náves","CIS_ok_internal_id":6230,"typ_dopravy":"VLD","mhd":"NE","obec":"Dolany","osm_proposal":"highway=bus_stop public_transport=platform","osm_stop_distance_m":16,"osm_stop_within_100m":true},"geometry":{"type":"Point","coordinates":[17.3554673,49.6584976]}},{"type":"Feature","properties":{"name":"Dolany,Véska,Dolní bouda","CIS_ok_internal_id":6231,"typ_dopravy":"VLD","mhd":"NE","obec":"Dolany","osm_proposal":"highway=bus_stop public_transport=platform","osm_stop_distance_m":2,"osm_stop_within_100m":true},"geometry":{"type":"Point","coordinates":[17.3615397,49.6695659]}},{"type":"Feature","properties":{"name":"Dolní Nětčice,,náves","CIS_ok_internal_id":6680,"typ_dopravy":"VLD","mhd":"NE","obec":"Dolní Nětčice","osm_proposal":"highway=bus_stop public_transport=platform","osm_stop_distance_m":7,"osm_stop_within_100m":true},"geometry":{"type":"Point","coordinates":[17.6740307,49.4770437]}},{"type":"Feature","properties":{"name":"Dolní Těšice,,Obecní úřad","CIS_ok_internal_id":6758,"typ_dopravy":"VLD","mhd":"NE","obec":"Dolní Těšice","osm_proposal":"highway=bus_stop public_transport=platform","osm_stop_distance_m":3,"osm_stop_within_100m":true},"geometry":{"type":"Point","coordinates":[17.8066852,49.4937433]}},{"type":"Feature","properties":{"name":"Dolní Újezd,,kostel","CIS_ok_internal_id":6767,"typ_dopravy":"VLD","mhd":"NE","obec":"Dolní Újezd","osm_proposal":"highway=bus_stop public_transport=platform","osm_stop_distance_m":9,"osm_stop_within_100m":true},"geometry":{"type":"Point","coordinates":[17.5348908,49.5457685]}},{"type":"Feature","properties":{"name":"Bohuslávky,,lom","CIS_ok_internal_id":6768,"typ_dopravy":"VLD","mhd":"NE","obec":"Bohuslávky","osm_proposal":"highway=bus_stop public_transport=platform","osm_stop_distance_m":47,"osm_stop_within_100m":true},"geometry":{"type":"Point","coordinates":[17.5566239,49.5541676]}},{"type":"Feature","properties":{"name":"Dolní Újezd,,rozc.","CIS_ok_internal_id":6770,"typ_dopravy":"VLD","mhd":"NE","obec":"Dolní Újezd","osm_proposal":"highway=bus_stop public_transport=platform","osm_stop_distance_m":8,"osm_stop_within_100m":true},"geometry":{"type":"Point","coordinates":[17.5381726,49.5447535]}},{"type":"Feature","properties":{"name":"Dolní Újezd,Staměřice,Mokř","CIS_ok_internal_id":6771,"typ_dopravy":"VLD","mhd":"NE","obec":"Dolní Újezd","osm_proposal":"highway=bus_stop public_transport=platform","osm_stop_distance_m":785,"osm_stop_within_100m":false},"geometry":{"type":"Point","coordinates":[17.516918,49.555923]}},{"type":"Feature","properties":{"name":"Dolní Újezd,Staměřice,rest.","CIS_ok_internal_id":6772,"typ_dopravy":"VLD","mhd":"NE","obec":"Dolní Újezd","osm_proposal":"highway=bus_stop public_transport=platform","osm_stop_distance_m":7,"osm_stop_within_100m":true},"geometry":{"type":"Point","coordinates":[17.5074181,49.5594387]}},{"type":"Feature","properties":{"name":"Dolní Újezd,Skoky","CIS_ok_internal_id":6773,"typ_dopravy":"VLD","mhd":"NE","obec":"Dolní Újezd","osm_proposal":"highway=bus_stop public_transport=platform","osm_stop_distance_m":895,"osm_stop_within_100m":false},"geometry":{"type":"Point","coordinates":[17.526289,49.5516149]}},{"type":"Feature","properties":{"name":"Doloplazy,,hor.konec","CIS_ok_internal_id":6867,"typ_dopravy":"VLD","mhd":"NE","obec":"Doloplazy","osm_proposal":"highway=bus_stop public_transport=platform","osm_stop_distance_m":25,"osm_stop_within_100m":true},"geometry":{"type":"Point","coordinates":[17.4140802,49.571718]}},{"type":"Feature","properties":{"name":"Doloplazy,,u hřiště","CIS_ok_internal_id":6868,"typ_dopravy":"VLD","mhd":"NE","obec":"Doloplazy","osm_proposal":"highway=bus_stop public_transport=platform","osm_stop_distance_m":9,"osm_stop_within_100m":true},"geometry":{"type":"Point","coordinates":[17.4148787,49.5652569]}},{"type":"Feature","properties":{"name":"Doloplazy,,u lípy","CIS_ok_internal_id":6869,"typ_dopravy":"VLD","mhd":"NE","obec":"Doloplazy","osm_proposal":"highway=bus_stop public_transport=platform","osm_stop_distance_m":7,"osm_stop_within_100m":true},"geometry":{"type":"Point","coordinates":[17.4138498,49.5680759]}},{"type":"Feature","properties":{"name":"Doloplazy,,ObÚ","CIS_ok_internal_id":6871,"typ_dopravy":"VLD","mhd":"NE","obec":"Doloplazy","osm_proposal":"highway=bus_stop public_transport=platform","osm_stop_distance_m":251,"osm_stop_within_100m":false},"geometry":{"type":"Point","coordinates":[17.1597984,49.3508637]}},{"type":"Feature","properties":{"name":"Domašov n.Bystř.,,lihovar","CIS_ok_internal_id":6902,"typ_dopravy":"VLD","mhd":"NE","obec":"Domašov nad Bystřicí","osm_proposal":"highway=bus_stop public_transport=platform","osm_stop_distance_m":538,"osm_stop_within_100m":false},"geometry":{"type":"Point","coordinates":[17.4530179,49.7429617]}},{"type":"Feature","properties":{"name":"Domašov n.Bystř.,,ÚNZ","CIS_ok_internal_id":6903,"typ_dopravy":"VLD","mhd":"NE","obec":"Domašov nad Bystřicí","osm_proposal":"highway=bus_stop public_transport=platform","osm_stop_distance_m":527,"osm_stop_within_100m":false},"geometry":{"type":"Point","coordinates":[17.4424946,49.7447871]}},{"type":"Feature","properties":{"name":"Domašov n.Bystř.,,žel.st.","CIS_ok_internal_id":6904,"typ_dopravy":"VLD","mhd":"NE","obec":"Domašov nad Bystřicí","osm_proposal":"highway=bus_stop public_transport=platform","osm_stop_distance_m":9,"osm_stop_within_100m":true},"geometry":{"type":"Point","coordinates":[17.4462687,49.740797]}},{"type":"Feature","properties":{"name":"Domašov u Šternberka,,chat.oblast","CIS_ok_internal_id":6905,"typ_dopravy":"VLD","mhd":"NE","obec":"Domašov u Šternberka","osm_proposal":"highway=bus_stop public_transport=platform","osm_stop_distance_m":2610,"osm_stop_within_100m":false},"geometry":{"type":"Point","coordinates":[17.3308299,49.7085826]}},{"type":"Feature","properties":{"name":"Domašov u Šternberka,,nám.","CIS_ok_internal_id":6906,"typ_dopravy":"VLD","mhd":"NE","obec":"Domašov u Šternberka","osm_proposal":"highway=bus_stop public_transport=platform","osm_stop_distance_m":3206,"osm_stop_within_100m":false},"geometry":{"type":"Point","coordinates":[17.3380861,49.705846]}},{"type":"Feature","properties":{"name":"Domaželice,,PLASTICO","CIS_ok_internal_id":6907,"typ_dopravy":"VLD","mhd":"NE","obec":"Domaželice","osm_proposal":"highway=bus_stop public_transport=platform","osm_stop_distance_m":8,"osm_stop_within_100m":true},"geometry":{"type":"Point","coordinates":[17.5502901,49.426219]}},{"type":"Feature","properties":{"name":"Domaželice,,rozc.","CIS_ok_internal_id":6908,"typ_dopravy":"VLD","mhd":"NE","obec":"Domaželice","osm_proposal":"highway=bus_stop public_transport=platform","osm_stop_distance_m":5,"osm_stop_within_100m":true},"geometry":{"type":"Point","coordinates":[17.5440042,49.4243927]}},{"type":"Feature","properties":{"name":"Domaželice,,škola","CIS_ok_internal_id":6909,"typ_dopravy":"VLD","mhd":"NE","obec":"Domaželice","osm_proposal":"highway=bus_stop public_transport=platform","osm_stop_distance_m":8,"osm_stop_within_100m":true},"geometry":{"type":"Point","coordinates":[17.5453222,49.4275788]}},{"type":"Feature","properties":{"name":"Drahanovice,,Na Nové","CIS_ok_internal_id":7017,"typ_dopravy":"VLD","mhd":"NE","obec":"Drahanovice","osm_proposal":"highway=bus_stop public_transport=platform","osm_stop_distance_m":559,"osm_stop_within_100m":false},"geometry":{"type":"Point","coordinates":[17.0870351,49.5840406]}},{"type":"Feature","properties":{"name":"Drahanovice,,škola","CIS_ok_internal_id":7018,"typ_dopravy":"VLD","mhd":"NE","obec":"Drahanovice","osm_proposal":"highway=bus_stop public_transport=platform","osm_stop_distance_m":687,"osm_stop_within_100m":false},"geometry":{"type":"Point","coordinates":[17.0751206,49.5759055]}},{"type":"Feature","properties":{"name":"Drahanovice,,žel.st.","CIS_ok_internal_id":7019,"typ_dopravy":"VLD","mhd":"NE","obec":"Drahanovice","osm_proposal":"highway=bus_stop public_transport=platform","osm_stop_distance_m":20,"osm_stop_within_100m":true},"geometry":{"type":"Point","coordinates":[17.0790011,49.5816795]}},{"type":"Feature","properties":{"name":"Drahanovice,Kníničky,rozc.","CIS_ok_internal_id":7020,"typ_dopravy":"VLD","mhd":"NE","obec":"Drahanovice","osm_proposal":"highway=bus_stop public_transport=platform","osm_stop_distance_m":706,"osm_stop_within_100m":false},"geometry":{"type":"Point","coordinates":[17.0596331,49.5765867]}},{"type":"Feature","properties":{"name":"Drahanovice,Lhota p.Kosířem","CIS_ok_internal_id":7021,"typ_dopravy":"VLD","mhd":"NE","obec":"Drahanovice","osm_proposal":"highway=bus_stop public_transport=platform","osm_stop_distance_m":5,"osm_stop_within_100m":true},"geometry":{"type":"Point","coordinates":[17.0508501,49.5648337]}},{"type":"Feature","properties":{"name":"Drahanovice,Ludéřov,rest.","CIS_ok_internal_id":7022,"typ_dopravy":"VLD","mhd":"NE","obec":"Drahanovice","osm_proposal":"highway=bus_stop public_transport=platform","osm_stop_distance_m":30,"osm_stop_within_100m":true},"geometry":{"type":"Point","coordinates":[17.0499913,49.5787525]}},{"type":"Feature","properties":{"name":"Drahanovice,Střížov,čekárna","CIS_ok_internal_id":7023,"typ_dopravy":"VLD","mhd":"NE","obec":"Drahanovice","osm_proposal":"highway=bus_stop public_transport=platform","osm_stop_distance_m":4,"osm_stop_within_100m":true},"geometry":{"type":"Point","coordinates":[17.0594491,49.5831077]}},{"type":"Feature","properties":{"name":"Drahany","CIS_ok_internal_id":7025,"typ_dopravy":"VLD","mhd":"NE","obec":"Drahany","osm_proposal":"highway=bus_stop public_transport=platform","osm_stop_distance_m":10,"osm_stop_within_100m":true},"geometry":{"type":"Point","coordinates":[16.8992544,49.434529]}},{"type":"Feature","properties":{"name":"Drahany,,kostel","CIS_ok_internal_id":7026,"typ_dopravy":"VLD","mhd":"NE","obec":"Drahany","osm_proposal":"highway=bus_stop public_transport=platform","osm_stop_distance_m":91,"osm_stop_within_100m":true},"geometry":{"type":"Point","coordinates":[16.9000244,49.435277]}},{"type":"Feature","properties":{"name":"Dřevnovice","CIS_ok_internal_id":7226,"typ_dopravy":"VLD","mhd":"NE","obec":"Dřevnovice","osm_proposal":"highway=bus_stop public_transport=platform","osm_stop_distance_m":14,"osm_stop_within_100m":true},"geometry":{"type":"Point","coordinates":[17.1454729,49.3285277]}},{"type":"Feature","properties":{"name":"Dřevohostice,,cukrovar","CIS_ok_internal_id":7227,"typ_dopravy":"VLD","mhd":"NE","obec":"Dřevohostice","osm_proposal":"highway=bus_stop public_transport=platform","osm_stop_distance_m":12,"osm_stop_within_100m":true},"geometry":{"type":"Point","coordinates":[17.5858849,49.4290299]}},{"type":"Feature","properties":{"name":"Dřevohostice,,nám.","CIS_ok_internal_id":7228,"typ_dopravy":"VLD","mhd":"NE","obec":"Dřevohostice","osm_proposal":"highway=bus_stop public_transport=platform","osm_stop_distance_m":8,"osm_stop_within_100m":true},"geometry":{"type":"Point","coordinates":[17.5907447,49.4248079]}},{"type":"Feature","properties":{"name":"Dub n.Mor.,,nám.","CIS_ok_internal_id":7267,"typ_dopravy":"VLD","mhd":"NE","obec":"Dub nad Moravou","osm_proposal":"highway=bus_stop public_transport=platform","osm_stop_distance_m":11,"osm_stop_within_100m":true},"geometry":{"type":"Point","coordinates":[17.2777775,49.4819942]}},{"type":"Feature","properties":{"name":"Dub n.Mor.,Bolelouc,náves","CIS_ok_internal_id":7268,"typ_dopravy":"VLD","mhd":"NE","obec":"Dub nad Moravou","osm_proposal":"highway=bus_stop public_transport=platform","osm_stop_distance_m":569,"osm_stop_within_100m":false},"geometry":{"type":"Point","coordinates":[17.2710832,49.4939772]}},{"type":"Feature","properties":{"name":"Dub n.Mor.,Bolelouc,rozc.","CIS_ok_internal_id":7269,"typ_dopravy":"VLD","mhd":"NE","obec":"Dub nad Moravou","osm_proposal":"highway=bus_stop public_transport=platform","osm_stop_distance_m":12,"osm_stop_within_100m":true},"geometry":{"type":"Point","coordinates":[17.2628448,49.4975904]}},{"type":"Feature","properties":{"name":"Dub n.Mor.,Tučapy,náves","CIS_ok_internal_id":7270,"typ_dopravy":"VLD","mhd":"NE","obec":"Dub nad Moravou","osm_proposal":"highway=bus_stop public_transport=platform","osm_stop_distance_m":347,"osm_stop_within_100m":false},"geometry":{"type":"Point","coordinates":[17.2740287,49.4893732]}},{"type":"Feature","properties":{"name":"Dub n.Mor.,Tučapy,rozc.","CIS_ok_internal_id":7271,"typ_dopravy":"VLD","mhd":"NE","obec":"Dub nad Moravou","osm_proposal":"highway=bus_stop public_transport=platform","osm_stop_distance_m":34,"osm_stop_within_100m":true},"geometry":{"type":"Point","coordinates":[17.2693514,49.4886699]}},{"type":"Feature","properties":{"name":"Dubčany,,rozc.","CIS_ok_internal_id":7284,"typ_dopravy":"VLD","mhd":"NE","obec":"Dubčany","osm_proposal":"highway=bus_stop public_transport=platform","osm_stop_distance_m":9,"osm_stop_within_100m":true},"geometry":{"type":"Point","coordinates":[17.0815966,49.6482241]}},{"type":"Feature","properties":{"name":"Dzbel","CIS_ok_internal_id":7655,"typ_dopravy":"VLD","mhd":"NE","obec":"Dzbel","osm_proposal":"highway=bus_stop public_transport=platform","osm_stop_distance_m":18,"osm_stop_within_100m":true},"geometry":{"type":"Point","coordinates":[16.8486376,49.6134481]}},{"type":"Feature","properties":{"name":"Dzbel,Borová","CIS_ok_internal_id":7656,"typ_dopravy":"VLD","mhd":"NE","obec":"Dzbel","osm_proposal":"highway=bus_stop public_transport=platform","osm_stop_distance_m":5,"osm_stop_within_100m":true},"geometry":{"type":"Point","coordinates":[16.8399957,49.6156525]}},{"type":"Feature","properties":{"name":"Grygov,,u parku","CIS_ok_internal_id":8195,"typ_dopravy":"VLD","mhd":"NE","obec":"Grygov","osm_proposal":"highway=bus_stop public_transport=platform","osm_stop_distance_m":584,"osm_stop_within_100m":false},"geometry":{"type":"Point","coordinates":[17.3087533,49.5387885]}},{"type":"Feature","properties":{"name":"Grymov,,kaple","CIS_ok_internal_id":8196,"typ_dopravy":"VLD","mhd":"NE","obec":"Grymov","osm_proposal":"highway=bus_stop public_transport=platform","osm_stop_distance_m":1764,"osm_stop_within_100m":false},"geometry":{"type":"Point","coordinates":[17.4993949,49.4817522]}},{"type":"Feature","properties":{"name":"Hačky","CIS_ok_internal_id":8258,"typ_dopravy":"VLD","mhd":"NE","obec":"Hačky","osm_proposal":"highway=bus_stop public_transport=platform","osm_stop_distance_m":6,"osm_stop_within_100m":true},"geometry":{"type":"Point","coordinates":[16.9376929,49.6222162]}},{"type":"Feature","properties":{"name":"Haňovice,,náves","CIS_ok_internal_id":8417,"typ_dopravy":"VLD","mhd":"NE","obec":"Haňovice","osm_proposal":"highway=bus_stop public_transport=platform","osm_stop_distance_m":441,"osm_stop_within_100m":false},"geometry":{"type":"Point","coordinates":[17.0461298,49.6807895]}},{"type":"Feature","properties":{"name":"Haňovice,,ZD","CIS_ok_internal_id":8418,"typ_dopravy":"VLD","mhd":"NE","obec":"Haňovice","osm_proposal":"highway=bus_stop public_transport=platform","osm_stop_distance_m":725,"osm_stop_within_100m":false},"geometry":{"type":"Point","coordinates":[17.0434912,49.683927]}},{"type":"Feature","properties":{"name":"Hlinsko,,pož.zbroj.","CIS_ok_internal_id":8847,"typ_dopravy":"VLD","mhd":"NE","obec":"Hlinsko","osm_proposal":"highway=bus_stop public_transport=platform","osm_stop_distance_m":2322,"osm_stop_within_100m":false},"geometry":{"type":"Point","coordinates":[17.5816181,49.4934018]}},{"type":"Feature","properties":{"name":"Hlubočky,,Domov důchodců","CIS_ok_internal_id":8896,"typ_dopravy":"VLD","mhd":"NE","obec":"Hlubočky","osm_proposal":"highway=bus_stop public_transport=platform","osm_stop_distance_m":10,"osm_stop_within_100m":true},"geometry":{"type":"Point","coordinates":[17.4088676,49.6595651]}},{"type":"Feature","properties":{"name":"Hlubočky,,Dukla","CIS_ok_internal_id":8897,"typ_dopravy":"VLD","mhd":"NE","obec":"Hlubočky","osm_proposal":"highway=bus_stop public_transport=platform","osm_stop_distance_m":13,"osm_stop_within_100m":true},"geometry":{"type":"Point","coordinates":[17.4096642,49.6452365]}},{"type":"Feature","properties":{"name":"Hlubočky,,nad Orátem","CIS_ok_internal_id":8898,"typ_dopravy":"VLD","mhd":"NE","obec":"Hlubočky","osm_proposal":"highway=bus_stop public_transport=platform","osm_stop_distance_m":7,"osm_stop_within_100m":true},"geometry":{"type":"Point","coordinates":[17.408999,49.6408687]}},{"type":"Feature","properties":{"name":"Hlubočky,,ObÚ","CIS_ok_internal_id":8899,"typ_dopravy":"VLD","mhd":"NE","obec":"Hlubočky","osm_proposal":"highway=bus_stop public_transport=platform","osm_stop_distance_m":8,"osm_stop_within_100m":true},"geometry":{"type":"Point","coordinates":[17.4031895,49.6299356]}},{"type":"Feature","properties":{"name":"Hlubočky,,Obuv","CIS_ok_internal_id":8900,"typ_dopravy":"VLD","mhd":"NE","obec":"Hlubočky","osm_proposal":"highway=bus_stop public_transport=platform","osm_stop_distance_m":9,"osm_stop_within_100m":true},"geometry":{"type":"Point","coordinates":[17.4018281,49.6229888]}},{"type":"Feature","properties":{"name":"Hlubočky,,U továrny","CIS_ok_internal_id":8901,"typ_dopravy":"VLD","mhd":"NE","obec":"Hlubočky","osm_proposal":"highway=bus_stop public_transport=platform","osm_stop_distance_m":8,"osm_stop_within_100m":true},"geometry":{"type":"Point","coordinates":[17.4102586,49.6497692]}},{"type":"Feature","properties":{"name":"Hlubočky,Mariánské Údolí,potraviny","CIS_ok_internal_id":8902,"typ_dopravy":"VLD","mhd":"NE","obec":"Hlubočky","osm_proposal":"highway=bus_stop public_transport=platform","osm_stop_distance_m":7,"osm_stop_within_100m":true},"geometry":{"type":"Point","coordinates":[17.3946706,49.6174514]}},{"type":"Feature","properties":{"name":"Hlubočky,Mariánské Údolí,MORA","CIS_ok_internal_id":8903,"typ_dopravy":"VLD","mhd":"NE","obec":"Hlubočky","osm_proposal":"highway=bus_stop public_transport=platform","osm_stop_distance_m":17,"osm_stop_within_100m":true},"geometry":{"type":"Point","coordinates":[17.3931858,49.6158302]}},{"type":"Feature","properties":{"name":"Hlubočky,Posluchov,náves","CIS_ok_internal_id":8904,"typ_dopravy":"VLD","mhd":"NE","obec":"Hlubočky","osm_proposal":"highway=bus_stop public_transport=platform","osm_stop_distance_m":765,"osm_stop_within_100m":false},"geometry":{"type":"Point","coordinates":[17.3934892,49.6329759]}},{"type":"Feature","properties":{"name":"Hluchov,,na kopci","CIS_ok_internal_id":8960,"typ_dopravy":"VLD","mhd":"NE","obec":"Hluchov","osm_proposal":"highway=bus_stop public_transport=platform","osm_stop_distance_m":618,"osm_stop_within_100m":false},"geometry":{"type":"Point","coordinates":[17.0016732,49.5373492]}},{"type":"Feature","properties":{"name":"Hluchov,,pohostinství","CIS_ok_internal_id":8961,"typ_dopravy":"VLD","mhd":"NE","obec":"Hluchov","osm_proposal":"highway=bus_stop public_transport=platform","osm_stop_distance_m":19,"osm_stop_within_100m":true},"geometry":{"type":"Point","coordinates":[16.9963266,49.5419152]}},{"type":"Feature","properties":{"name":"Hněvotín,,nám.","CIS_ok_internal_id":9004,"typ_dopravy":"VLD","mhd":"NE","obec":"Hněvotín","osm_proposal":"highway=bus_stop public_transport=platform","osm_stop_distance_m":49,"osm_stop_within_100m":true},"geometry":{"type":"Point","coordinates":[17.1774728,49.5702295]}},{"type":"Feature","properties":{"name":"Hněvotín,,škola","CIS_ok_internal_id":9005,"typ_dopravy":"VLD","mhd":"NE","obec":"Hněvotín","osm_proposal":"highway=bus_stop public_transport=platform","osm_stop_distance_m":16,"osm_stop_within_100m":true},"geometry":{"type":"Point","coordinates":[17.1817165,49.5746095]}},{"type":"Feature","properties":{"name":"Hnojice,,nám.","CIS_ok_internal_id":9016,"typ_dopravy":"VLD","mhd":"NE","obec":"Hnojice","osm_proposal":"highway=bus_stop public_transport=platform","osm_stop_distance_m":1712,"osm_stop_within_100m":false},"geometry":{"type":"Point","coordinates":[17.2236923,49.7164001]}},{"type":"Feature","properties":{"name":"Horka n.Mor.,,U Přejezdu","CIS_ok_internal_id":9420,"typ_dopravy":"MHD","mhd":"ANO","obec":"Horka nad Moravou","osm_proposal":"highway=bus_stop public_transport=platform","osm_stop_distance_m":15,"osm_stop_within_100m":true},"geometry":{"type":"Point","coordinates":[17.2084806,49.6302702]}},{"type":"Feature","properties":{"name":"Horní Moštěnice,,Jednota","CIS_ok_internal_id":9848,"typ_dopravy":"VLD","mhd":"NE","obec":"Horní Moštěnice","osm_proposal":"highway=bus_stop public_transport=platform","osm_stop_distance_m":20,"osm_stop_within_100m":true},"geometry":{"type":"Point","coordinates":[17.4604141,49.412592]}},{"type":"Feature","properties":{"name":"Horní Moštěnice,,stadion","CIS_ok_internal_id":9849,"typ_dopravy":"VLD","mhd":"NE","obec":"Horní Moštěnice","osm_proposal":"highway=bus_stop public_transport=platform","osm_stop_distance_m":20,"osm_stop_within_100m":true},"geometry":{"type":"Point","coordinates":[17.4592588,49.4168495]}},{"type":"Feature","properties":{"name":"Horní Moštěnice,,ZD","CIS_ok_internal_id":9850,"typ_dopravy":"VLD","mhd":"NE","obec":"Horní Moštěnice","osm_proposal":"highway=bus_stop public_transport=platform","osm_stop_distance_m":2,"osm_stop_within_100m":true},"geometry":{"type":"Point","coordinates":[17.4614627,49.4079936]}},{"type":"Feature","properties":{"name":"Horní Nětčice,,rozc.","CIS_ok_internal_id":9858,"typ_dopravy":"VLD","mhd":"NE","obec":"Horní Nětčice","osm_proposal":"highway=bus_stop public_transport=platform","osm_stop_distance_m":8,"osm_stop_within_100m":true},"geometry":{"type":"Point","coordinates":[17.6840741,49.4698648]}},{"type":"Feature","properties":{"name":"Horní Štěpánov","CIS_ok_internal_id":9980,"typ_dopravy":"VLD","mhd":"NE","obec":"Horní Štěpánov","osm_proposal":"highway=bus_stop public_transport=platform","osm_stop_distance_m":10,"osm_stop_within_100m":true},"geometry":{"type":"Point","coordinates":[16.790845,49.549445]}},{"type":"Feature","properties":{"name":"Horní Štěpánov,,točna","CIS_ok_internal_id":9982,"typ_dopravy":"VLD","mhd":"NE","obec":"Horní Štěpánov","osm_proposal":"highway=bus_stop public_transport=platform","osm_stop_distance_m":6,"osm_stop_within_100m":true},"geometry":{"type":"Point","coordinates":[16.7899437,49.5471271]}},{"type":"Feature","properties":{"name":"Horní Štěpánov,,u rybníka","CIS_ok_internal_id":9983,"typ_dopravy":"VLD","mhd":"NE","obec":"Horní Štěpánov","osm_proposal":"highway=bus_stop public_transport=platform","osm_stop_distance_m":11,"osm_stop_within_100m":true},"geometry":{"type":"Point","coordinates":[16.792908,49.5531683]}},{"type":"Feature","properties":{"name":"Horní Štěpánov,Nové Sady","CIS_ok_internal_id":9984,"typ_dopravy":"VLD","mhd":"NE","obec":"Horní Štěpánov","osm_proposal":"highway=bus_stop public_transport=platform","osm_stop_distance_m":7,"osm_stop_within_100m":true},"geometry":{"type":"Point","coordinates":[16.7993911,49.5586392]}},{"type":"Feature","properties":{"name":"Horní Štěpánov,Pohora","CIS_ok_internal_id":9985,"typ_dopravy":"VLD","mhd":"NE","obec":"Horní Štěpánov","osm_proposal":"highway=bus_stop public_transport=platform","osm_stop_distance_m":4,"osm_stop_within_100m":true},"geometry":{"type":"Point","coordinates":[16.7562061,49.5613551]}},{"type":"Feature","properties":{"name":"Horní Těšice,,rozc.","CIS_ok_internal_id":9986,"typ_dopravy":"VLD","mhd":"NE","obec":"Horní Těšice","osm_proposal":"highway=bus_stop public_transport=platform","osm_stop_distance_m":15,"osm_stop_within_100m":true},"geometry":{"type":"Point","coordinates":[17.7820636,49.4935982]}},{"type":"Feature","properties":{"name":"Horní Újezd,,škola","CIS_ok_internal_id":9993,"typ_dopravy":"VLD","mhd":"NE","obec":"Horní Újezd","osm_proposal":"highway=bus_stop public_transport=platform","osm_stop_distance_m":2312,"osm_stop_within_100m":false},"geometry":{"type":"Point","coordinates":[17.7321366,49.4476005]}},{"type":"Feature","properties":{"name":"Horní Újezd,,točna","CIS_ok_internal_id":9994,"typ_dopravy":"VLD","mhd":"NE","obec":"Horní Újezd","osm_proposal":"highway=bus_stop public_transport=platform","osm_stop_distance_m":2178,"osm_stop_within_100m":false},"geometry":{"type":"Point","coordinates":[17.7261496,49.4485021]}},{"type":"Feature","properties":{"name":"Horní Újezd,Drholec","CIS_ok_internal_id":9995,"typ_dopravy":"VLD","mhd":"NE","obec":"Horní Újezd","osm_proposal":"highway=bus_stop public_transport=platform","osm_stop_distance_m":1611,"osm_stop_within_100m":false},"geometry":{"type":"Point","coordinates":[17.7451262,49.4458757]}},{"type":"Feature","properties":{"name":"Hrabůvka,,rozc.Velká","CIS_ok_internal_id":10402,"typ_dopravy":"VLD","mhd":"NE","obec":"Hrabůvka","osm_proposal":"highway=bus_stop public_transport=platform","osm_stop_distance_m":884,"osm_stop_within_100m":false},"geometry":{"type":"Point","coordinates":[17.6933649,49.5786699]}},{"type":"Feature","properties":{"name":"Hrabůvka,,zvonice","CIS_ok_internal_id":10403,"typ_dopravy":"VLD","mhd":"NE","obec":"Hrabůvka","osm_proposal":"highway=bus_stop public_transport=platform","osm_stop_distance_m":970,"osm_stop_within_100m":false},"geometry":{"type":"Point","coordinates":[17.6872008,49.5776131]}},{"type":"Feature","properties":{"name":"Hradčany,,náves","CIS_ok_internal_id":10413,"typ_dopravy":"VLD","mhd":"NE","obec":"Hradčany","osm_proposal":"highway=bus_stop public_transport=platform","osm_stop_distance_m":1760,"osm_stop_within_100m":false},"geometry":{"type":"Point","coordinates":[17.5715608,49.4527272]}},{"type":"Feature","properties":{"name":"Hradčany-Kobeřice,Hradčany,dol.konec","CIS_ok_internal_id":10414,"typ_dopravy":"VLD","mhd":"NE","obec":"Hradčany-Kobeřice","osm_proposal":"highway=bus_stop public_transport=platform","osm_stop_distance_m":20,"osm_stop_within_100m":true},"geometry":{"type":"Point","coordinates":[17.1277453,49.3642188]}},{"type":"Feature","properties":{"name":"Hradčany-Kobeřice,Hradčany,hor.konec","CIS_ok_internal_id":10415,"typ_dopravy":"VLD","mhd":"NE","obec":"Hradčany-Kobeřice","osm_proposal":"highway=bus_stop public_transport=platform","osm_stop_distance_m":7,"osm_stop_within_100m":true},"geometry":{"type":"Point","coordinates":[17.129733,49.3654566]}},{"type":"Feature","properties":{"name":"Hradčany-Kobeřice,Kobeřice","CIS_ok_internal_id":10416,"typ_dopravy":"VLD","mhd":"NE","obec":"Hradčany-Kobeřice","osm_proposal":"highway=bus_stop public_transport=platform","osm_stop_distance_m":15,"osm_stop_within_100m":true},"geometry":{"type":"Point","coordinates":[17.1136409,49.3718133]}},{"type":"Feature","properties":{"name":"Hranice,,aut.st.","CIS_ok_internal_id":10677,"typ_dopravy":"MHD i VLD","mhd":"ANO","obec":"Hranice","osm_proposal":"highway=bus_stop public_transport=platform","osm_stop_distance_m":1,"osm_stop_within_100m":true},"geometry":{"type":"Point","coordinates":[17.7402621,49.5633058]}},{"type":"Feature","properties":{"name":"Hranice,,Cement záv.","CIS_ok_internal_id":68331,"typ_dopravy":"MHD i VLD","mhd":"ANO","obec":"Hranice","osm_proposal":"highway=bus_stop public_transport=platform","osm_stop_distance_m":21,"osm_stop_within_100m":true},"geometry":{"type":"Point","coordinates":[17.7600226,49.562304]}},{"type":"Feature","properties":{"name":"Hranice,,Čs.armády","CIS_ok_internal_id":10679,"typ_dopravy":"MHD i VLD","mhd":"ANO","obec":"Hranice","osm_proposal":"highway=bus_stop public_transport=platform","osm_stop_distance_m":19,"osm_stop_within_100m":true},"geometry":{"type":"Point","coordinates":[17.730373,49.5482576]}},{"type":"Feature","properties":{"name":"Hranice,,domov seniorů","CIS_ok_internal_id":10680,"typ_dopravy":"MHD","mhd":"ANO","obec":"Hranice","osm_proposal":"highway=bus_stop public_transport=platform","osm_stop_distance_m":2,"osm_stop_within_100m":true},"geometry":{"type":"Point","coordinates":[17.7505043,49.5486029]}},{"type":"Feature","properties":{"name":"Hranice,,gymnázium","CIS_ok_internal_id":10681,"typ_dopravy":"MHD i VLD","mhd":"ANO","obec":"Hranice","osm_proposal":"highway=bus_stop public_transport=platform","osm_stop_distance_m":49,"osm_stop_within_100m":true},"geometry":{"type":"Point","coordinates":[17.7375614,49.5524568]}},{"type":"Feature","properties":{"name":"Hranice,,Komenského","CIS_ok_internal_id":10682,"typ_dopravy":"MHD","mhd":"ANO","obec":"Hranice","osm_proposal":"highway=bus_stop public_transport=platform","osm_stop_distance_m":14,"osm_stop_within_100m":true},"geometry":{"type":"Point","coordinates":[17.7363938,49.5500103]}},{"type":"Feature","properties":{"name":"Hranice,,Motošín","CIS_ok_internal_id":10683,"typ_dopravy":"MHD i VLD","mhd":"ANO","obec":"Hranice","osm_proposal":"highway=bus_stop public_transport=platform","osm_stop_distance_m":7,"osm_stop_within_100m":true},"geometry":{"type":"Point","coordinates":[17.7320574,49.5460849]}},{"type":"Feature","properties":{"name":"Hranice,,Masarykovo nám.","CIS_ok_internal_id":10684,"typ_dopravy":"MHD","mhd":"ANO","obec":"Hranice","osm_proposal":"highway=bus_stop public_transport=platform","osm_stop_distance_m":3,"osm_stop_within_100m":true},"geometry":{"type":"Point","coordinates":[17.7344013,49.5486023]}},{"type":"Feature","properties":{"name":"Hranice,,nem.","CIS_ok_internal_id":10685,"typ_dopravy":"MHD i VLD","mhd":"ANO","obec":"Hranice","osm_proposal":"highway=bus_stop public_transport=platform","osm_stop_distance_m":66,"osm_stop_within_100m":true},"geometry":{"type":"Point","coordinates":[17.7447575,49.555468]}},{"type":"Feature","properties":{"name":"Hranice,,Nová ul.","CIS_ok_internal_id":10686,"typ_dopravy":"MHD","mhd":"ANO","obec":"Hranice","osm_proposal":"highway=bus_stop public_transport=platform","osm_stop_distance_m":22,"osm_stop_within_100m":true},"geometry":{"type":"Point","coordinates":[17.7470883,49.559207]}},{"type":"Feature","properties":{"name":"Hranice,,Pod farou","CIS_ok_internal_id":10687,"typ_dopravy":"MHD i VLD","mhd":"ANO","obec":"Hranice","osm_proposal":"highway=bus_stop public_transport=platform","osm_stop_distance_m":17,"osm_stop_within_100m":true},"geometry":{"type":"Point","coordinates":[17.7346524,49.5453624]}},{"type":"Feature","properties":{"name":"Hranice,,pošta","CIS_ok_internal_id":10688,"typ_dopravy":"MHD i VLD","mhd":"ANO","obec":"Hranice","osm_proposal":"highway=bus_stop public_transport=platform","osm_stop_distance_m":9,"osm_stop_within_100m":true},"geometry":{"type":"Point","coordinates":[17.7353632,49.5520188]}},{"type":"Feature","properties":{"name":"Hranice,,předměstí","CIS_ok_internal_id":10689,"typ_dopravy":"MHD i VLD","mhd":"ANO","obec":"Hranice","osm_proposal":"highway=bus_stop public_transport=platform","osm_stop_distance_m":22,"osm_stop_within_100m":true},"geometry":{"type":"Point","coordinates":[17.718407,49.5515152]}},{"type":"Feature","properties":{"name":"Hranice,,sídl.CVH","CIS_ok_internal_id":10690,"typ_dopravy":"MHD i VLD","mhd":"ANO","obec":"Hranice","osm_proposal":"highway=bus_stop public_transport=platform","osm_stop_distance_m":63,"osm_stop_within_100m":true},"geometry":{"type":"Point","coordinates":[17.7510678,49.5586183]}},{"type":"Feature","properties":{"name":"Hranice,,sídl.kpt.Jaroše","CIS_ok_internal_id":10691,"typ_dopravy":"MHD i VLD","mhd":"ANO","obec":"Hranice","osm_proposal":"highway=bus_stop public_transport=platform","osm_stop_distance_m":13,"osm_stop_within_100m":true},"geometry":{"type":"Point","coordinates":[17.7309154,49.5508222]}},{"type":"Feature","properties":{"name":"Hranice,,Slávie","CIS_ok_internal_id":10693,"typ_dopravy":"MHD i VLD","mhd":"ANO","obec":"Hranice","osm_proposal":"highway=bus_stop public_transport=platform","osm_stop_distance_m":62,"osm_stop_within_100m":true},"geometry":{"type":"Point","coordinates":[17.7349,49.5605714]}},{"type":"Feature","properties":{"name":"Hranice,,Struhlovsko","CIS_ok_internal_id":10694,"typ_dopravy":"MHD","mhd":"ANO","obec":"Hranice","osm_proposal":"highway=bus_stop public_transport=platform","osm_stop_distance_m":19,"osm_stop_within_100m":true},"geometry":{"type":"Point","coordinates":[17.7248538,49.5546246]}},{"type":"Feature","properties":{"name":"Hranice,,Šromotovo nám.","CIS_ok_internal_id":10695,"typ_dopravy":"MHD i VLD","mhd":"ANO","obec":"Hranice","osm_proposal":"highway=bus_stop public_transport=platform","osm_stop_distance_m":14,"osm_stop_within_100m":true},"geometry":{"type":"Point","coordinates":[17.7334193,49.5509687]}},{"type":"Feature","properties":{"name":"Hranice,,Teplická","CIS_ok_internal_id":10696,"typ_dopravy":"MHD","mhd":"ANO","obec":"Hranice","osm_proposal":"highway=bus_stop public_transport=platform","osm_stop_distance_m":83,"osm_stop_within_100m":true},"geometry":{"type":"Point","coordinates":[17.7361081,49.5459179]}},{"type":"Feature","properties":{"name":"Hranice,,Tř.1.máje","CIS_ok_internal_id":10697,"typ_dopravy":"MHD i VLD","mhd":"ANO","obec":"Hranice","osm_proposal":"highway=bus_stop public_transport=platform","osm_stop_distance_m":197,"osm_stop_within_100m":false},"geometry":{"type":"Point","coordinates":[17.7352871,49.5559276]}},{"type":"Feature","properties":{"name":"Hranice,,Schäfer","CIS_ok_internal_id":10699,"typ_dopravy":"MHD","mhd":"ANO","obec":"Hranice","osm_proposal":"highway=bus_stop public_transport=platform","osm_stop_distance_m":0,"osm_stop_within_100m":true},"geometry":{"type":"Point","coordinates":[17.7516313,49.5667325]}},{"type":"Feature","properties":{"name":"Hranice,,Oseva","CIS_ok_internal_id":10700,"typ_dopravy":"MHD i VLD","mhd":"ANO","obec":"Hranice","osm_proposal":"highway=bus_stop public_transport=platform","osm_stop_distance_m":34,"osm_stop_within_100m":true},"geometry":{"type":"Point","coordinates":[17.7307412,49.5668909]}},{"type":"Feature","properties":{"name":"Hranice,,ZZN","CIS_ok_internal_id":10701,"typ_dopravy":"MHD i VLD","mhd":"ANO","obec":"Hranice","osm_proposal":"highway=bus_stop public_transport=platform","osm_stop_distance_m":3,"osm_stop_within_100m":true},"geometry":{"type":"Point","coordinates":[17.7344261,49.561944]}},{"type":"Feature","properties":{"name":"Hranice,Drahotuše,autoservis","CIS_ok_internal_id":10702,"typ_dopravy":"MHD i VLD","mhd":"ANO","obec":"Hranice","osm_proposal":"highway=bus_stop public_transport=platform","osm_stop_distance_m":34,"osm_stop_within_100m":true},"geometry":{"type":"Point","coordinates":[17.7118431,49.5522535]}},{"type":"Feature","properties":{"name":"Hranice,Drahotuše,hřbitov","CIS_ok_internal_id":10703,"typ_dopravy":"MHD i VLD","mhd":"ANO","obec":"Hranice","osm_proposal":"highway=bus_stop public_transport=platform","osm_stop_distance_m":8,"osm_stop_within_100m":true},"geometry":{"type":"Point","coordinates":[17.685263,49.5483517]}},{"type":"Feature","properties":{"name":"Hranice,Drahotuše,nám.","CIS_ok_internal_id":10704,"typ_dopravy":"MHD i VLD","mhd":"ANO","obec":"Hranice","osm_proposal":"highway=bus_stop public_transport=platform","osm_stop_distance_m":0,"osm_stop_within_100m":true},"geometry":{"type":"Point","coordinates":[17.6941076,49.5491788]}},{"type":"Feature","properties":{"name":"Hranice,Drahotuše,Prefa","CIS_ok_internal_id":10706,"typ_dopravy":"MHD i VLD","mhd":"ANO","obec":"Hranice","osm_proposal":"highway=bus_stop public_transport=platform","osm_stop_distance_m":4,"osm_stop_within_100m":true},"geometry":{"type":"Point","coordinates":[17.7058897,49.552535]}},{"type":"Feature","properties":{"name":"Hranice,Drahotuše,žel.st.","CIS_ok_internal_id":10708,"typ_dopravy":"MHD i VLD","mhd":"ANO","obec":"Hranice","osm_proposal":"highway=bus_stop public_transport=platform","osm_stop_distance_m":4,"osm_stop_within_100m":true},"geometry":{"type":"Point","coordinates":[17.6842009,49.5524994]}},{"type":"Feature","properties":{"name":"Hranice,Lhotka,náves","CIS_ok_internal_id":10709,"typ_dopravy":"MHD","mhd":"ANO","obec":"Hranice","osm_proposal":"highway=bus_stop public_transport=platform","osm_stop_distance_m":4,"osm_stop_within_100m":true},"geometry":{"type":"Point","coordinates":[17.706469,49.5878733]}},{"type":"Feature","properties":{"name":"Hranice,Slavíč,rest.","CIS_ok_internal_id":10710,"typ_dopravy":"VLD","mhd":"NE","obec":"Hranice","osm_proposal":"highway=bus_stop public_transport=platform","osm_stop_distance_m":12,"osm_stop_within_100m":true},"geometry":{"type":"Point","coordinates":[17.6568356,49.5411733]}},{"type":"Feature","properties":{"name":"Hranice,Slavíč,škola","CIS_ok_internal_id":10711,"typ_dopravy":"MHD i VLD","mhd":"ANO","obec":"Hranice","osm_proposal":"highway=bus_stop public_transport=platform","osm_stop_distance_m":7,"osm_stop_within_100m":true},"geometry":{"type":"Point","coordinates":[17.6559847,49.5421713]}},{"type":"Feature","properties":{"name":"Hranice,Středolesí,kostel","CIS_ok_internal_id":10712,"typ_dopravy":"VLD","mhd":"NE","obec":"Hranice","osm_proposal":"highway=bus_stop public_transport=platform","osm_stop_distance_m":31,"osm_stop_within_100m":true},"geometry":{"type":"Point","coordinates":[17.6355513,49.6000745]}},{"type":"Feature","properties":{"name":"Hranice,Uhřínov,hájenka","CIS_ok_internal_id":10713,"typ_dopravy":"VLD","mhd":"NE","obec":"Hranice","osm_proposal":"highway=bus_stop public_transport=platform","osm_stop_distance_m":1420,"osm_stop_within_100m":false},"geometry":{"type":"Point","coordinates":[17.6463093,49.5737122]}},{"type":"Feature","properties":{"name":"Hranice,Uhřínov,rest.","CIS_ok_internal_id":10714,"typ_dopravy":"VLD","mhd":"NE","obec":"Hranice","osm_proposal":"highway=bus_stop public_transport=platform","osm_stop_distance_m":6,"osm_stop_within_100m":true},"geometry":{"type":"Point","coordinates":[17.6484227,49.5865318]}},{"type":"Feature","properties":{"name":"Hranice,Valšovice,náves","CIS_ok_internal_id":10715,"typ_dopravy":"MHD i VLD","mhd":"ANO","obec":"Hranice","osm_proposal":"highway=bus_stop public_transport=platform","osm_stop_distance_m":2,"osm_stop_within_100m":true},"geometry":{"type":"Point","coordinates":[17.709988,49.5172571]}},{"type":"Feature","properties":{"name":"Hranice,Velká,most","CIS_ok_internal_id":10716,"typ_dopravy":"MHD i VLD","mhd":"ANO","obec":"Hranice","osm_proposal":"highway=bus_stop public_transport=platform","osm_stop_distance_m":8,"osm_stop_within_100m":true},"geometry":{"type":"Point","coordinates":[17.7254934,49.5717644]}},{"type":"Feature","properties":{"name":"Hranice,Velká,rozc.","CIS_ok_internal_id":10718,"typ_dopravy":"VLD","mhd":"NE","obec":"Hranice","osm_proposal":"highway=bus_stop public_transport=platform","osm_stop_distance_m":4,"osm_stop_within_100m":true},"geometry":{"type":"Point","coordinates":[17.7300053,49.5716149]}},{"type":"Feature","properties":{"name":"Hranice,Velká,škola","CIS_ok_internal_id":10719,"typ_dopravy":"MHD","mhd":"ANO","obec":"Hranice","osm_proposal":"highway=bus_stop public_transport=platform","osm_stop_distance_m":5,"osm_stop_within_100m":true},"geometry":{"type":"Point","coordinates":[17.7191263,49.5702989]}},{"type":"Feature","properties":{"name":"Hraničné Petrovice,,rest.","CIS_ok_internal_id":10720,"typ_dopravy":"VLD","mhd":"NE","obec":"Hraničné Petrovice","osm_proposal":"highway=bus_stop public_transport=platform","osm_stop_distance_m":1823,"osm_stop_within_100m":false},"geometry":{"type":"Point","coordinates":[17.4012075,49.738919]}},{"type":"Feature","properties":{"name":"Hrdibořice","CIS_ok_internal_id":10743,"typ_dopravy":"VLD","mhd":"NE","obec":"Hrdibořice","osm_proposal":"highway=bus_stop public_transport=platform","osm_stop_distance_m":19,"osm_stop_within_100m":true},"geometry":{"type":"Point","coordinates":[17.2199207,49.4780579]}},{"type":"Feature","properties":{"name":"Hrdibořice,,vodárna","CIS_ok_internal_id":10746,"typ_dopravy":"VLD","mhd":"NE","obec":"Hrdibořice","osm_proposal":"highway=bus_stop public_transport=platform","osm_stop_distance_m":88,"osm_stop_within_100m":true},"geometry":{"type":"Point","coordinates":[17.2350432,49.475187]}},{"type":"Feature","properties":{"name":"Hrubčice","CIS_ok_internal_id":10980,"typ_dopravy":"VLD","mhd":"NE","obec":"Hrubčice","osm_proposal":"highway=bus_stop public_transport=platform","osm_stop_distance_m":367,"osm_stop_within_100m":false},"geometry":{"type":"Point","coordinates":[17.1898927,49.4471632]}},{"type":"Feature","properties":{"name":"Hrubčice,,ObÚ","CIS_ok_internal_id":10981,"typ_dopravy":"VLD","mhd":"NE","obec":"Hrubčice","osm_proposal":"highway=bus_stop public_transport=platform","osm_stop_distance_m":8,"osm_stop_within_100m":true},"geometry":{"type":"Point","coordinates":[17.1928333,49.4499643]}},{"type":"Feature","properties":{"name":"Hrubčice,Otonovice","CIS_ok_internal_id":10982,"typ_dopravy":"VLD","mhd":"NE","obec":"Hrubčice","osm_proposal":"highway=bus_stop public_transport=platform","osm_stop_distance_m":7,"osm_stop_within_100m":true},"geometry":{"type":"Point","coordinates":[17.1888561,49.4407004]}},{"type":"Feature","properties":{"name":"Hruška","CIS_ok_internal_id":10999,"typ_dopravy":"VLD","mhd":"NE","obec":"Hruška","osm_proposal":"highway=bus_stop public_transport=platform","osm_stop_distance_m":1674,"osm_stop_within_100m":false},"geometry":{"type":"Point","coordinates":[17.226304,49.3588661]}},{"type":"Feature","properties":{"name":"Hustopeče n.Bečvou,,křiž.k Porubě","CIS_ok_internal_id":11280,"typ_dopravy":"VLD","mhd":"NE","obec":"Hustopeče nad Bečvou","osm_proposal":"highway=bus_stop public_transport=platform","osm_stop_distance_m":710,"osm_stop_within_100m":false},"geometry":{"type":"Point","coordinates":[17.8798605,49.5295937]}},{"type":"Feature","properties":{"name":"Hustopeče n.Bečvou,,nám.","CIS_ok_internal_id":11281,"typ_dopravy":"VLD","mhd":"NE","obec":"Hustopeče nad Bečvou","osm_proposal":"highway=bus_stop public_transport=platform","osm_stop_distance_m":1,"osm_stop_within_100m":true},"geometry":{"type":"Point","coordinates":[17.8700792,49.5301591]}},{"type":"Feature","properties":{"name":"Hustopeče n.Bečvou,Hranické Loučky","CIS_ok_internal_id":11285,"typ_dopravy":"VLD","mhd":"NE","obec":"Hustopeče nad Bečvou","osm_proposal":"highway=bus_stop public_transport=platform","osm_stop_distance_m":7,"osm_stop_within_100m":true},"geometry":{"type":"Point","coordinates":[17.8424715,49.5491031]}},{"type":"Feature","properties":{"name":"Hustopeče n.Bečvou,Poruba,točna","CIS_ok_internal_id":11287,"typ_dopravy":"VLD","mhd":"NE","obec":"Hustopeče nad Bečvou","osm_proposal":"highway=bus_stop public_transport=platform","osm_stop_distance_m":2188,"osm_stop_within_100m":false},"geometry":{"type":"Point","coordinates":[17.9001373,49.532525]}},{"type":"Feature","properties":{"name":"Hustopeče n.Bečvou,Vysoká,točna","CIS_ok_internal_id":11288,"typ_dopravy":"VLD","mhd":"NE","obec":"Hustopeče nad Bečvou","osm_proposal":"highway=bus_stop public_transport=platform","osm_stop_distance_m":11,"osm_stop_within_100m":true},"geometry":{"type":"Point","coordinates":[17.8814041,49.552861]}},{"type":"Feature","properties":{"name":"Hvozd","CIS_ok_internal_id":11334,"typ_dopravy":"VLD","mhd":"NE","obec":"Hvozd","osm_proposal":"highway=bus_stop public_transport=platform","osm_stop_distance_m":7,"osm_stop_within_100m":true},"geometry":{"type":"Point","coordinates":[16.9096945,49.6364736]}},{"type":"Feature","properties":{"name":"Hvozd,,u mlýna","CIS_ok_internal_id":11335,"typ_dopravy":"VLD","mhd":"NE","obec":"Hvozd","osm_proposal":"highway=bus_stop public_transport=platform","osm_stop_distance_m":8,"osm_stop_within_100m":true},"geometry":{"type":"Point","coordinates":[16.894308,49.6437932]}},{"type":"Feature","properties":{"name":"Hvozd,Klužínek","CIS_ok_internal_id":11336,"typ_dopravy":"VLD","mhd":"NE","obec":"Hvozd","osm_proposal":"highway=bus_stop public_transport=platform","osm_stop_distance_m":5,"osm_stop_within_100m":true},"geometry":{"type":"Point","coordinates":[16.9179941,49.6136948]}},{"type":"Feature","properties":{"name":"Hvozd,Otročkov,rozc.0.2","CIS_ok_internal_id":11338,"typ_dopravy":"VLD","mhd":"NE","obec":"Hvozd","osm_proposal":"highway=bus_stop public_transport=platform","osm_stop_distance_m":6,"osm_stop_within_100m":true},"geometry":{"type":"Point","coordinates":[16.8857694,49.6527956]}},{"type":"Feature","properties":{"name":"Hvozd,Skalka","CIS_ok_internal_id":11339,"typ_dopravy":"VLD","mhd":"NE","obec":"Hvozd","osm_proposal":"highway=bus_stop public_transport=platform","osm_stop_distance_m":6,"osm_stop_within_100m":true},"geometry":{"type":"Point","coordinates":[16.9009891,49.6461063]}},{"type":"Feature","properties":{"name":"Hvozd,Vojtěchov","CIS_ok_internal_id":11340,"typ_dopravy":"VLD","mhd":"NE","obec":"Hvozd","osm_proposal":"highway=bus_stop public_transport=platform","osm_stop_distance_m":1,"osm_stop_within_100m":true},"geometry":{"type":"Point","coordinates":[16.9084501,49.6514977]}},{"type":"Feature","properties":{"name":"Hvozd,Vojtěchov,rozc.","CIS_ok_internal_id":11341,"typ_dopravy":"VLD","mhd":"NE","obec":"Hvozd","osm_proposal":"highway=bus_stop public_transport=platform","osm_stop_distance_m":1481,"osm_stop_within_100m":false},"geometry":{"type":"Point","coordinates":[16.9301181,49.6455034]}},{"type":"Feature","properties":{"name":"Charváty,,náves","CIS_ok_internal_id":11427,"typ_dopravy":"VLD","mhd":"NE","obec":"Charváty","osm_proposal":"highway=bus_stop public_transport=platform","osm_stop_distance_m":33,"osm_stop_within_100m":true},"geometry":{"type":"Point","coordinates":[17.2521193,49.5186551]}},{"type":"Feature","properties":{"name":"Charváty,Drahlov,náves","CIS_ok_internal_id":11428,"typ_dopravy":"VLD","mhd":"NE","obec":"Charváty","osm_proposal":"highway=bus_stop public_transport=platform","osm_stop_distance_m":34,"osm_stop_within_100m":true},"geometry":{"type":"Point","coordinates":[17.2509429,49.5113506]}},{"type":"Feature","properties":{"name":"Cholina,,nám.","CIS_ok_internal_id":11684,"typ_dopravy":"VLD","mhd":"NE","obec":"Cholina","osm_proposal":"highway=bus_stop public_transport=platform","osm_stop_distance_m":528,"osm_stop_within_100m":false},"geometry":{"type":"Point","coordinates":[17.0543659,49.6561172]}},{"type":"Feature","properties":{"name":"Ivaň","CIS_ok_internal_id":12352,"typ_dopravy":"VLD","mhd":"NE","obec":"Ivaň","osm_proposal":"highway=bus_stop public_transport=platform","osm_stop_distance_m":20,"osm_stop_within_100m":true},"geometry":{"type":"Point","coordinates":[17.2518153,49.4250217]}},{"type":"Feature","properties":{"name":"Ivaň,,rozc.","CIS_ok_internal_id":12353,"typ_dopravy":"VLD","mhd":"NE","obec":"Ivaň","osm_proposal":"highway=bus_stop public_transport=platform","osm_stop_distance_m":19,"osm_stop_within_100m":true},"geometry":{"type":"Point","coordinates":[17.2592787,49.4333007]}},{"type":"Feature","properties":{"name":"Ivaň,,sokolovna","CIS_ok_internal_id":12354,"typ_dopravy":"VLD","mhd":"NE","obec":"Ivaň","osm_proposal":"highway=bus_stop public_transport=platform","osm_stop_distance_m":7,"osm_stop_within_100m":true},"geometry":{"type":"Point","coordinates":[17.247141,49.4232871]}},{"type":"Feature","properties":{"name":"Jesenec","CIS_ok_internal_id":13027,"typ_dopravy":"VLD","mhd":"NE","obec":"Jesenec","osm_proposal":"highway=bus_stop public_transport=platform","osm_stop_distance_m":9,"osm_stop_within_100m":true},"geometry":{"type":"Point","coordinates":[16.8602698,49.6088193]}},{"type":"Feature","properties":{"name":"Jindřichov,,dolní konec","CIS_ok_internal_id":13377,"typ_dopravy":"VLD","mhd":"NE","obec":"Jindřichov","osm_proposal":"highway=bus_stop public_transport=platform","osm_stop_distance_m":1445,"osm_stop_within_100m":false},"geometry":{"type":"Point","coordinates":[17.7561523,49.6330903]}},{"type":"Feature","properties":{"name":"Jindřichov,,horní konec","CIS_ok_internal_id":13378,"typ_dopravy":"VLD","mhd":"NE","obec":"Jindřichov","osm_proposal":"highway=bus_stop public_transport=platform","osm_stop_distance_m":766,"osm_stop_within_100m":false},"geometry":{"type":"Point","coordinates":[17.7451555,49.6518865]}},{"type":"Feature","properties":{"name":"Jindřichov,,pohostinství","CIS_ok_internal_id":13379,"typ_dopravy":"VLD","mhd":"NE","obec":"Jindřichov","osm_proposal":"highway=bus_stop public_transport=platform","osm_stop_distance_m":10,"osm_stop_within_100m":true},"geometry":{"type":"Point","coordinates":[17.7479725,49.6451162]}},{"type":"Feature","properties":{"name":"Jindřichov,,Skalka","CIS_ok_internal_id":13380,"typ_dopravy":"VLD","mhd":"NE","obec":"Jindřichov","osm_proposal":"highway=bus_stop public_transport=platform","osm_stop_distance_m":817,"osm_stop_within_100m":false},"geometry":{"type":"Point","coordinates":[17.753606,49.638614]}},{"type":"Feature","properties":{"name":"Jívová,,č.126","CIS_ok_internal_id":13586,"typ_dopravy":"VLD","mhd":"NE","obec":"Jívová","osm_proposal":"highway=bus_stop public_transport=platform","osm_stop_distance_m":11,"osm_stop_within_100m":true},"geometry":{"type":"Point","coordinates":[17.3880756,49.7060746]}},{"type":"Feature","properties":{"name":"Jívová,,nám.","CIS_ok_internal_id":13587,"typ_dopravy":"VLD","mhd":"NE","obec":"Jívová","osm_proposal":"highway=bus_stop public_transport=platform","osm_stop_distance_m":6,"osm_stop_within_100m":true},"geometry":{"type":"Point","coordinates":[17.3934111,49.7080721]}},{"type":"Feature","properties":{"name":"Kladky,,dol.konec","CIS_ok_internal_id":14312,"typ_dopravy":"VLD","mhd":"NE","obec":"Kladky","osm_proposal":"highway=bus_stop public_transport=platform","osm_stop_distance_m":3,"osm_stop_within_100m":true},"geometry":{"type":"Point","coordinates":[16.8475819,49.6491215]}},{"type":"Feature","properties":{"name":"Kladky,,obchod","CIS_ok_internal_id":14313,"typ_dopravy":"VLD","mhd":"NE","obec":"Kladky","osm_proposal":"highway=bus_stop public_transport=platform","osm_stop_distance_m":3,"osm_stop_within_100m":true},"geometry":{"type":"Point","coordinates":[16.8401782,49.6499504]}},{"type":"Feature","properties":{"name":"Kladky,,ZŠ","CIS_ok_internal_id":14315,"typ_dopravy":"VLD","mhd":"NE","obec":"Kladky","osm_proposal":"highway=bus_stop public_transport=platform","osm_stop_distance_m":4,"osm_stop_within_100m":true},"geometry":{"type":"Point","coordinates":[16.8337899,49.6503332]}},{"type":"Feature","properties":{"name":"Kladky,Ošíkov","CIS_ok_internal_id":14316,"typ_dopravy":"VLD","mhd":"NE","obec":"Kladky","osm_proposal":"highway=bus_stop public_transport=platform","osm_stop_distance_m":3,"osm_stop_within_100m":true},"geometry":{"type":"Point","coordinates":[16.8189674,49.6550577]}},{"type":"Feature","properties":{"name":"Kladky,Trpín","CIS_ok_internal_id":14317,"typ_dopravy":"VLD","mhd":"NE","obec":"Kladky","osm_proposal":"highway=bus_stop public_transport=platform","osm_stop_distance_m":3,"osm_stop_within_100m":true},"geometry":{"type":"Point","coordinates":[16.8140281,49.6607857]}},{"type":"Feature","properties":{"name":"Kladky,Vyšehrad","CIS_ok_internal_id":14318,"typ_dopravy":"VLD","mhd":"NE","obec":"Kladky","osm_proposal":"highway=bus_stop public_transport=platform","osm_stop_distance_m":22,"osm_stop_within_100m":true},"geometry":{"type":"Point","coordinates":[16.8232579,49.651106]}},{"type":"Feature","properties":{"name":"Kladníky,,obec","CIS_ok_internal_id":14319,"typ_dopravy":"VLD","mhd":"NE","obec":"Kladníky","osm_proposal":"highway=bus_stop public_transport=platform","osm_stop_distance_m":1509,"osm_stop_within_100m":false},"geometry":{"type":"Point","coordinates":[17.6039611,49.4856979]}},{"type":"Feature","properties":{"name":"Kladníky,,Větrný mlýn","CIS_ok_internal_id":14320,"typ_dopravy":"VLD","mhd":"NE","obec":"Kladníky","osm_proposal":"highway=bus_stop public_transport=platform","osm_stop_distance_m":1962,"osm_stop_within_100m":false},"geometry":{"type":"Point","coordinates":[17.5913353,49.4894559]}},{"type":"Feature","properties":{"name":"Kladníky,,Vidláč","CIS_ok_internal_id":14321,"typ_dopravy":"VLD","mhd":"NE","obec":"Kladníky","osm_proposal":"highway=bus_stop public_transport=platform","osm_stop_distance_m":727,"osm_stop_within_100m":false},"geometry":{"type":"Point","coordinates":[17.6160062,49.4902711]}},{"type":"Feature","properties":{"name":"Klenovice na Hané","CIS_ok_internal_id":14579,"typ_dopravy":"VLD","mhd":"NE","obec":"Klenovice na Hané","osm_proposal":"highway=bus_stop public_transport=platform","osm_stop_distance_m":9,"osm_stop_within_100m":true},"geometry":{"type":"Point","coordinates":[17.2124378,49.4024971]}},{"type":"Feature","properties":{"name":"Klenovice na Hané,,obchod","CIS_ok_internal_id":14580,"typ_dopravy":"VLD","mhd":"NE","obec":"Klenovice na Hané","osm_proposal":"highway=bus_stop public_transport=platform","osm_stop_distance_m":10,"osm_stop_within_100m":true},"geometry":{"type":"Point","coordinates":[17.2111888,49.4022574]}},{"type":"Feature","properties":{"name":"Klenovice na Hané,,ZŠ","CIS_ok_internal_id":14581,"typ_dopravy":"VLD","mhd":"NE","obec":"Klenovice na Hané","osm_proposal":"highway=bus_stop public_transport=platform","osm_stop_distance_m":6,"osm_stop_within_100m":true},"geometry":{"type":"Point","coordinates":[17.209698,49.405636]}},{"type":"Feature","properties":{"name":"Klokočí,,náves","CIS_ok_internal_id":14655,"typ_dopravy":"VLD","mhd":"NE","obec":"Klokočí","osm_proposal":"highway=bus_stop public_transport=platform","osm_stop_distance_m":422,"osm_stop_within_100m":false},"geometry":{"type":"Point","coordinates":[17.6837139,49.559136]}},{"type":"Feature","properties":{"name":"Klokočí,,sušička","CIS_ok_internal_id":14656,"typ_dopravy":"VLD","mhd":"NE","obec":"Klokočí","osm_proposal":"highway=bus_stop public_transport=platform","osm_stop_distance_m":10,"osm_stop_within_100m":true},"geometry":{"type":"Point","coordinates":[17.6782581,49.5576515]}},{"type":"Feature","properties":{"name":"Klopotovice","CIS_ok_internal_id":14689,"typ_dopravy":"VLD","mhd":"NE","obec":"Klopotovice","osm_proposal":"highway=bus_stop public_transport=platform","osm_stop_distance_m":12,"osm_stop_within_100m":true},"geometry":{"type":"Point","coordinates":[17.2511032,49.4454952]}},{"type":"Feature","properties":{"name":"Klopotovice,,rozc.2.0","CIS_ok_internal_id":14690,"typ_dopravy":"VLD","mhd":"NE","obec":"Klopotovice","osm_proposal":"highway=bus_stop public_transport=platform","osm_stop_distance_m":58,"osm_stop_within_100m":true},"geometry":{"type":"Point","coordinates":[17.2785204,49.449843]}},{"type":"Feature","properties":{"name":"Kojetín,,Ingstav","CIS_ok_internal_id":14925,"typ_dopravy":"VLD","mhd":"NE","obec":"Kojetín","osm_proposal":"highway=bus_stop public_transport=platform","osm_stop_distance_m":946,"osm_stop_within_100m":false},"geometry":{"type":"Point","coordinates":[17.293199,49.3413607]}},{"type":"Feature","properties":{"name":"Kojetín,,nám.","CIS_ok_internal_id":14927,"typ_dopravy":"VLD","mhd":"NE","obec":"Kojetín","osm_proposal":"highway=bus_stop public_transport=platform","osm_stop_distance_m":11,"osm_stop_within_100m":true},"geometry":{"type":"Point","coordinates":[17.3035135,49.3529325]}},{"type":"Feature","properties":{"name":"Kojetín,,Vyškovská","CIS_ok_internal_id":14929,"typ_dopravy":"VLD","mhd":"NE","obec":"Kojetín","osm_proposal":"highway=bus_stop public_transport=platform","osm_stop_distance_m":21,"osm_stop_within_100m":true},"geometry":{"type":"Point","coordinates":[17.2994112,49.3505032]}},{"type":"Feature","properties":{"name":"Kojetín,,žel.st.","CIS_ok_internal_id":14930,"typ_dopravy":"VLD","mhd":"NE","obec":"Kojetín","osm_proposal":"highway=bus_stop public_transport=platform","osm_stop_distance_m":8,"osm_stop_within_100m":true},"geometry":{"type":"Point","coordinates":[17.3043408,49.3459301]}},{"type":"Feature","properties":{"name":"Kojetín,Kovalovice,střed","CIS_ok_internal_id":14931,"typ_dopravy":"VLD","mhd":"NE","obec":"Kojetín","osm_proposal":"highway=bus_stop public_transport=platform","osm_stop_distance_m":1629,"osm_stop_within_100m":false},"geometry":{"type":"Point","coordinates":[17.2904418,49.3137255]}},{"type":"Feature","properties":{"name":"Kojetín,Popůvky,Jednota","CIS_ok_internal_id":14932,"typ_dopravy":"VLD","mhd":"NE","obec":"Kojetín","osm_proposal":"highway=bus_stop public_transport=platform","osm_stop_distance_m":1402,"osm_stop_within_100m":false},"geometry":{"type":"Point","coordinates":[17.2992209,49.3311439]}},{"type":"Feature","properties":{"name":"Kojetín,Popůvky,most","CIS_ok_internal_id":14933,"typ_dopravy":"VLD","mhd":"NE","obec":"Kojetín","osm_proposal":"highway=bus_stop public_transport=platform","osm_stop_distance_m":1242,"osm_stop_within_100m":false},"geometry":{"type":"Point","coordinates":[17.2940725,49.336624]}},{"type":"Feature","properties":{"name":"Kokory,,rest.U Dohnalů","CIS_ok_internal_id":14973,"typ_dopravy":"VLD","mhd":"NE","obec":"Kokory","osm_proposal":"highway=bus_stop public_transport=platform","osm_stop_distance_m":3,"osm_stop_within_100m":true},"geometry":{"type":"Point","coordinates":[17.3730183,49.4961955]}},{"type":"Feature","properties":{"name":"Kokory,,točna","CIS_ok_internal_id":14974,"typ_dopravy":"VLD","mhd":"NE","obec":"Kokory","osm_proposal":"highway=bus_stop public_transport=platform","osm_stop_distance_m":125,"osm_stop_within_100m":false},"geometry":{"type":"Point","coordinates":[17.3738741,49.4972641]}},{"type":"Feature","properties":{"name":"Konice,,aut.st.","CIS_ok_internal_id":15242,"typ_dopravy":"VLD","mhd":"NE","obec":"Konice","osm_proposal":"highway=bus_stop public_transport=platform","osm_stop_distance_m":9,"osm_stop_within_100m":true},"geometry":{"type":"Point","coordinates":[16.8913131,49.5900835]}},{"type":"Feature","properties":{"name":"Konice,,čerp.st.","CIS_ok_internal_id":15243,"typ_dopravy":"VLD","mhd":"NE","obec":"Konice","osm_proposal":"highway=bus_stop public_transport=platform","osm_stop_distance_m":7,"osm_stop_within_100m":true},"geometry":{"type":"Point","coordinates":[16.8822144,49.5959516]}},{"type":"Feature","properties":{"name":"Konice,,stř.SÚS","CIS_ok_internal_id":15244,"typ_dopravy":"VLD","mhd":"NE","obec":"Konice","osm_proposal":"highway=bus_stop public_transport=platform","osm_stop_distance_m":5,"osm_stop_within_100m":true},"geometry":{"type":"Point","coordinates":[16.9070417,49.5892109]}},{"type":"Feature","properties":{"name":"Konice,,U Štafů","CIS_ok_internal_id":15245,"typ_dopravy":"VLD","mhd":"NE","obec":"Konice","osm_proposal":"highway=bus_stop public_transport=platform","osm_stop_distance_m":13,"osm_stop_within_100m":true},"geometry":{"type":"Point","coordinates":[16.8922556,49.5879381]}},{"type":"Feature","properties":{"name":"Konice,,Vyšehrad","CIS_ok_internal_id":15246,"typ_dopravy":"VLD","mhd":"NE","obec":"Konice","osm_proposal":"highway=bus_stop public_transport=platform","osm_stop_distance_m":11,"osm_stop_within_100m":true},"geometry":{"type":"Point","coordinates":[16.9056216,49.5890484]}},{"type":"Feature","properties":{"name":"Konice,,ZŠ","CIS_ok_internal_id":15248,"typ_dopravy":"VLD","mhd":"NE","obec":"Konice","osm_proposal":"highway=bus_stop public_transport=platform","osm_stop_distance_m":21,"osm_stop_within_100m":true},"geometry":{"type":"Point","coordinates":[16.8891536,49.5939272]}},{"type":"Feature","properties":{"name":"Konice,Čunín","CIS_ok_internal_id":15250,"typ_dopravy":"VLD","mhd":"NE","obec":"Konice","osm_proposal":"highway=bus_stop public_transport=platform","osm_stop_distance_m":192,"osm_stop_within_100m":false},"geometry":{"type":"Point","coordinates":[16.9125804,49.56199]}},{"type":"Feature","properties":{"name":"Konice,Křemenec","CIS_ok_internal_id":15251,"typ_dopravy":"VLD","mhd":"NE","obec":"Konice","osm_proposal":"highway=bus_stop public_transport=platform","osm_stop_distance_m":105,"osm_stop_within_100m":false},"geometry":{"type":"Point","coordinates":[16.9053608,49.5717789]}},{"type":"Feature","properties":{"name":"Konice,Ladín","CIS_ok_internal_id":15252,"typ_dopravy":"VLD","mhd":"NE","obec":"Konice","osm_proposal":"highway=bus_stop public_transport=platform","osm_stop_distance_m":6,"osm_stop_within_100m":true},"geometry":{"type":"Point","coordinates":[16.8764204,49.6105867]}},{"type":"Feature","properties":{"name":"Konice,Ladín,rozc.0.8","CIS_ok_internal_id":15253,"typ_dopravy":"VLD","mhd":"NE","obec":"Konice","osm_proposal":"highway=bus_stop public_transport=platform","osm_stop_distance_m":7,"osm_stop_within_100m":true},"geometry":{"type":"Point","coordinates":[16.8733787,49.603984]}},{"type":"Feature","properties":{"name":"Konice,Nová Dědina,čekárna","CIS_ok_internal_id":15254,"typ_dopravy":"VLD","mhd":"NE","obec":"Konice","osm_proposal":"highway=bus_stop public_transport=platform","osm_stop_distance_m":341,"osm_stop_within_100m":false},"geometry":{"type":"Point","coordinates":[16.9305496,49.5713162]}},{"type":"Feature","properties":{"name":"Konice,Nová Dědina,Na Pindě","CIS_ok_internal_id":15255,"typ_dopravy":"VLD","mhd":"NE","obec":"Konice","osm_proposal":"highway=bus_stop public_transport=platform","osm_stop_distance_m":5,"osm_stop_within_100m":true},"geometry":{"type":"Point","coordinates":[16.957432,49.5815288]}},{"type":"Feature","properties":{"name":"Konice,Nová Dědina,obchod","CIS_ok_internal_id":15256,"typ_dopravy":"VLD","mhd":"NE","obec":"Konice","osm_proposal":"highway=bus_stop public_transport=platform","osm_stop_distance_m":4,"osm_stop_within_100m":true},"geometry":{"type":"Point","coordinates":[16.9449761,49.5785519]}},{"type":"Feature","properties":{"name":"Konice,Nová Dědina,ZŠ","CIS_ok_internal_id":15257,"typ_dopravy":"VLD","mhd":"NE","obec":"Konice","osm_proposal":"highway=bus_stop public_transport=platform","osm_stop_distance_m":24,"osm_stop_within_100m":true},"geometry":{"type":"Point","coordinates":[16.9390455,49.5759495]}},{"type":"Feature","properties":{"name":"Konice,Runářov","CIS_ok_internal_id":15258,"typ_dopravy":"VLD","mhd":"NE","obec":"Konice","osm_proposal":"highway=bus_stop public_transport=platform","osm_stop_distance_m":3,"osm_stop_within_100m":true},"geometry":{"type":"Point","coordinates":[16.8774839,49.5728379]}},{"type":"Feature","properties":{"name":"Kostelec na Hané,,Hospoda u pramene","CIS_ok_internal_id":15525,"typ_dopravy":"VLD","mhd":"NE","obec":"Kostelec na Hané","osm_proposal":"highway=bus_stop public_transport=platform","osm_stop_distance_m":9,"osm_stop_within_100m":true},"geometry":{"type":"Point","coordinates":[17.0591773,49.5125913]}},{"type":"Feature","properties":{"name":"Kostelec na Hané,,sokolovna","CIS_ok_internal_id":15527,"typ_dopravy":"VLD","mhd":"NE","obec":"Kostelec na Hané","osm_proposal":"highway=bus_stop public_transport=platform","osm_stop_distance_m":54,"osm_stop_within_100m":true},"geometry":{"type":"Point","coordinates":[17.05829,49.5148366]}},{"type":"Feature","properties":{"name":"Kostelec na Hané,,Za branou","CIS_ok_internal_id":15528,"typ_dopravy":"VLD","mhd":"NE","obec":"Kostelec na Hané","osm_proposal":"highway=bus_stop public_transport=platform","osm_stop_distance_m":9,"osm_stop_within_100m":true},"geometry":{"type":"Point","coordinates":[17.0532789,49.5174672]}},{"type":"Feature","properties":{"name":"Kostelec na Hané,,žel.st.","CIS_ok_internal_id":15529,"typ_dopravy":"VLD","mhd":"NE","obec":"Kostelec na Hané","osm_proposal":"highway=bus_stop public_transport=platform","osm_stop_distance_m":28,"osm_stop_within_100m":true},"geometry":{"type":"Point","coordinates":[17.0639479,49.5099729]}},{"type":"Feature","properties":{"name":"Koválovice-Osíčany,Koválovice","CIS_ok_internal_id":15791,"typ_dopravy":"VLD","mhd":"NE","obec":"Koválovice-Osíčany","osm_proposal":"highway=bus_stop public_transport=platform","osm_stop_distance_m":67,"osm_stop_within_100m":true},"geometry":{"type":"Point","coordinates":[17.1711212,49.2848078]}},{"type":"Feature","properties":{"name":"Kožušany-Tážaly,,křiž.","CIS_ok_internal_id":15935,"typ_dopravy":"VLD","mhd":"NE","obec":"Kožušany-Tážaly","osm_proposal":"highway=bus_stop public_transport=platform","osm_stop_distance_m":22,"osm_stop_within_100m":true},"geometry":{"type":"Point","coordinates":[17.2531853,49.5355342]}},{"type":"Feature","properties":{"name":"Kralice na Hané,,hřbitov","CIS_ok_internal_id":16000,"typ_dopravy":"VLD","mhd":"NE","obec":"Kralice na Hané","osm_proposal":"highway=bus_stop public_transport=platform","osm_stop_distance_m":314,"osm_stop_within_100m":false},"geometry":{"type":"Point","coordinates":[17.182104,49.4657713]}},{"type":"Feature","properties":{"name":"Kralice na Hané,,Bedihošťská","CIS_ok_internal_id":16001,"typ_dopravy":"VLD","mhd":"NE","obec":"Kralice na Hané","osm_proposal":"highway=bus_stop public_transport=platform","osm_stop_distance_m":476,"osm_stop_within_100m":false},"geometry":{"type":"Point","coordinates":[17.1746476,49.4606419]}},{"type":"Feature","properties":{"name":"Kralice na Hané,,ObÚ","CIS_ok_internal_id":16002,"typ_dopravy":"VLD","mhd":"NE","obec":"Kralice na Hané","osm_proposal":"highway=bus_stop public_transport=platform","osm_stop_distance_m":7,"osm_stop_within_100m":true},"geometry":{"type":"Point","coordinates":[17.1800243,49.4631943]}},{"type":"Feature","properties":{"name":"Kralice na Hané,,U háje","CIS_ok_internal_id":16003,"typ_dopravy":"VLD","mhd":"NE","obec":"Kralice na Hané","osm_proposal":"highway=bus_stop public_transport=platform","osm_stop_distance_m":21,"osm_stop_within_100m":true},"geometry":{"type":"Point","coordinates":[17.1545295,49.4655625]}},{"type":"Feature","properties":{"name":"Kralice na Hané,,Prostějovská","CIS_ok_internal_id":16004,"typ_dopravy":"VLD","mhd":"NE","obec":"Kralice na Hané","osm_proposal":"highway=bus_stop public_transport=platform","osm_stop_distance_m":415,"osm_stop_within_100m":false},"geometry":{"type":"Point","coordinates":[17.1743122,49.4639431]}},{"type":"Feature","properties":{"name":"Krčmaň,,náves","CIS_ok_internal_id":16378,"typ_dopravy":"VLD","mhd":"NE","obec":"Krčmaň","osm_proposal":"highway=bus_stop public_transport=platform","osm_stop_distance_m":8,"osm_stop_within_100m":true},"geometry":{"type":"Point","coordinates":[17.3439384,49.5207338]}},{"type":"Feature","properties":{"name":"Krumsín,,u kostela","CIS_ok_internal_id":16638,"typ_dopravy":"VLD","mhd":"NE","obec":"Krumsín","osm_proposal":"highway=bus_stop public_transport=platform","osm_stop_distance_m":2,"osm_stop_within_100m":true},"geometry":{"type":"Point","coordinates":[17.0025757,49.4453933]}},{"type":"Feature","properties":{"name":"Křelov-Břuchotín,Břuchotín,náves","CIS_ok_internal_id":16771,"typ_dopravy":"VLD","mhd":"NE","obec":"Křelov-Břuchotín","osm_proposal":"highway=bus_stop public_transport=platform","osm_stop_distance_m":369,"osm_stop_within_100m":false},"geometry":{"type":"Point","coordinates":[17.177789,49.6237229]}},{"type":"Feature","properties":{"name":"Křelov-Břuchotín,Břuchotín,rozc.","CIS_ok_internal_id":16772,"typ_dopravy":"VLD","mhd":"NE","obec":"Křelov-Břuchotín","osm_proposal":"highway=bus_stop public_transport=platform","osm_stop_distance_m":78,"osm_stop_within_100m":true},"geometry":{"type":"Point","coordinates":[17.1809927,49.6206307]}},{"type":"Feature","properties":{"name":"Křelov-Břuchotín,Křelov,náves","CIS_ok_internal_id":16773,"typ_dopravy":"VLD","mhd":"NE","obec":"Křelov-Břuchotín","osm_proposal":"highway=bus_stop public_transport=platform","osm_stop_distance_m":12,"osm_stop_within_100m":true},"geometry":{"type":"Point","coordinates":[17.198348,49.6133919]}},{"type":"Feature","properties":{"name":"Křelov-Břuchotín,Křelov,Regena","CIS_ok_internal_id":16774,"typ_dopravy":"VLD","mhd":"NE","obec":"Křelov-Břuchotín","osm_proposal":"highway=bus_stop public_transport=platform","osm_stop_distance_m":618,"osm_stop_within_100m":false},"geometry":{"type":"Point","coordinates":[17.1897881,49.6128559]}},{"type":"Feature","properties":{"name":"Křenovice,,důl","CIS_ok_internal_id":16817,"typ_dopravy":"VLD","mhd":"NE","obec":"Křenovice","osm_proposal":"highway=bus_stop public_transport=platform","osm_stop_distance_m":2167,"osm_stop_within_100m":false},"geometry":{"type":"Point","coordinates":[17.2750411,49.330673]}},{"type":"Feature","properties":{"name":"Křenovice,,Na Zábraní","CIS_ok_internal_id":16818,"typ_dopravy":"VLD","mhd":"NE","obec":"Křenovice","osm_proposal":"highway=bus_stop public_transport=platform","osm_stop_distance_m":1872,"osm_stop_within_100m":false},"geometry":{"type":"Point","coordinates":[17.2714641,49.327923]}},{"type":"Feature","properties":{"name":"Křenovice,,rest.","CIS_ok_internal_id":16819,"typ_dopravy":"VLD","mhd":"NE","obec":"Křenovice","osm_proposal":"highway=bus_stop public_transport=platform","osm_stop_distance_m":1772,"osm_stop_within_100m":false},"geometry":{"type":"Point","coordinates":[17.2701062,49.3276158]}},{"type":"Feature","properties":{"name":"Křtomil,,náves","CIS_ok_internal_id":16945,"typ_dopravy":"VLD","mhd":"NE","obec":"Křtomil","osm_proposal":"highway=bus_stop public_transport=platform","osm_stop_distance_m":6,"osm_stop_within_100m":true},"geometry":{"type":"Point","coordinates":[17.6282567,49.4092064]}},{"type":"Feature","properties":{"name":"Bělotín,Kunčice,střed","CIS_ok_internal_id":17013,"typ_dopravy":"VLD","mhd":"NE","obec":"Bělotín","osm_proposal":"highway=bus_stop public_transport=platform","osm_stop_distance_m":1813,"osm_stop_within_100m":false},"geometry":{"type":"Point","coordinates":[17.8010986,49.5665667]}},{"type":"Feature","properties":{"name":"Laškov,,čekárna","CIS_ok_internal_id":17509,"typ_dopravy":"VLD","mhd":"NE","obec":"Laškov","osm_proposal":"highway=bus_stop public_transport=platform","osm_stop_distance_m":2,"osm_stop_within_100m":true},"geometry":{"type":"Point","coordinates":[17.0036185,49.583373]}},{"type":"Feature","properties":{"name":"Laškov,,Zmoly","CIS_ok_internal_id":17512,"typ_dopravy":"VLD","mhd":"NE","obec":"Laškov","osm_proposal":"highway=bus_stop public_transport=platform","osm_stop_distance_m":5,"osm_stop_within_100m":true},"geometry":{"type":"Point","coordinates":[17.0027758,49.5874504]}},{"type":"Feature","properties":{"name":"Laškov,Dvorek","CIS_ok_internal_id":17513,"typ_dopravy":"VLD","mhd":"NE","obec":"Laškov","osm_proposal":"highway=bus_stop public_transport=platform","osm_stop_distance_m":18,"osm_stop_within_100m":true},"geometry":{"type":"Point","coordinates":[16.9868424,49.5771551]}},{"type":"Feature","properties":{"name":"Laškov,Kandia","CIS_ok_internal_id":17514,"typ_dopravy":"VLD","mhd":"NE","obec":"Laškov","osm_proposal":"highway=bus_stop public_transport=platform","osm_stop_distance_m":8,"osm_stop_within_100m":true},"geometry":{"type":"Point","coordinates":[16.9943603,49.5799541]}},{"type":"Feature","properties":{"name":"Laškov,Krakovec","CIS_ok_internal_id":17515,"typ_dopravy":"VLD","mhd":"NE","obec":"Laškov","osm_proposal":"highway=bus_stop public_transport=platform","osm_stop_distance_m":74,"osm_stop_within_100m":true},"geometry":{"type":"Point","coordinates":[16.9906016,49.5990081]}},{"type":"Feature","properties":{"name":"Lazníčky,,kaple","CIS_ok_internal_id":17582,"typ_dopravy":"VLD","mhd":"NE","obec":"Lazníčky","osm_proposal":"highway=bus_stop public_transport=platform","osm_stop_distance_m":15,"osm_stop_within_100m":true},"geometry":{"type":"Point","coordinates":[17.4601809,49.5453168]}},{"type":"Feature","properties":{"name":"Lazníčky,,mlýn","CIS_ok_internal_id":17583,"typ_dopravy":"VLD","mhd":"NE","obec":"Lazníčky","osm_proposal":"highway=bus_stop public_transport=platform","osm_stop_distance_m":857,"osm_stop_within_100m":false},"geometry":{"type":"Point","coordinates":[17.4621488,49.533852]}},{"type":"Feature","properties":{"name":"Lazníčky,,Pančava","CIS_ok_internal_id":17584,"typ_dopravy":"VLD","mhd":"NE","obec":"Lazníčky","osm_proposal":"highway=bus_stop public_transport=platform","osm_stop_distance_m":8,"osm_stop_within_100m":true},"geometry":{"type":"Point","coordinates":[17.4689661,49.5485809]}},{"type":"Feature","properties":{"name":"Lazníky,,mlýn","CIS_ok_internal_id":17587,"typ_dopravy":"VLD","mhd":"NE","obec":"Lazníky","osm_proposal":"highway=bus_stop public_transport=platform","osm_stop_distance_m":11,"osm_stop_within_100m":true},"geometry":{"type":"Point","coordinates":[17.4629803,49.5260199]}},{"type":"Feature","properties":{"name":"Lazníky,,náves","CIS_ok_internal_id":17588,"typ_dopravy":"VLD","mhd":"NE","obec":"Lazníky","osm_proposal":"highway=bus_stop public_transport=platform","osm_stop_distance_m":35,"osm_stop_within_100m":true},"geometry":{"type":"Point","coordinates":[17.4650055,49.5240866]}},{"type":"Feature","properties":{"name":"Lazníky,Svrčov","CIS_ok_internal_id":17590,"typ_dopravy":"VLD","mhd":"NE","obec":"Lazníky","osm_proposal":"highway=bus_stop public_transport=platform","osm_stop_distance_m":7,"osm_stop_within_100m":true},"geometry":{"type":"Point","coordinates":[17.4786883,49.5455134]}},{"type":"Feature","properties":{"name":"Lešany","CIS_ok_internal_id":17824,"typ_dopravy":"VLD","mhd":"NE","obec":"Lešany","osm_proposal":"highway=bus_stop public_transport=platform","osm_stop_distance_m":19,"osm_stop_within_100m":true},"geometry":{"type":"Point","coordinates":[17.0232077,49.4996967]}},{"type":"Feature","properties":{"name":"Lhota,,náves","CIS_ok_internal_id":18036,"typ_dopravy":"VLD","mhd":"NE","obec":"Lhota","osm_proposal":"highway=bus_stop public_transport=platform","osm_stop_distance_m":13,"osm_stop_within_100m":true},"geometry":{"type":"Point","coordinates":[17.6160664,49.4969576]}},{"type":"Feature","properties":{"name":"Lhota,,rozc.Vidláč","CIS_ok_internal_id":18037,"typ_dopravy":"VLD","mhd":"NE","obec":"Lhota","osm_proposal":"highway=bus_stop public_transport=platform","osm_stop_distance_m":677,"osm_stop_within_100m":false},"geometry":{"type":"Point","coordinates":[17.6215413,49.4919136]}},{"type":"Feature","properties":{"name":"Lhotka,,most","CIS_ok_internal_id":18088,"typ_dopravy":"MHD i VLD","mhd":"ANO","obec":"Lhotka","osm_proposal":"highway=bus_stop public_transport=platform","osm_stop_distance_m":6,"osm_stop_within_100m":true},"geometry":{"type":"Point","coordinates":[17.4150187,49.4983282]}},{"type":"Feature","properties":{"name":"Liboš,,Na horním","CIS_ok_internal_id":18359,"typ_dopravy":"VLD","mhd":"NE","obec":"Liboš","osm_proposal":"highway=bus_stop public_transport=platform","osm_stop_distance_m":863,"osm_stop_within_100m":false},"geometry":{"type":"Point","coordinates":[17.2249313,49.6916206]}},{"type":"Feature","properties":{"name":"Liboš,,u mostu","CIS_ok_internal_id":18360,"typ_dopravy":"VLD","mhd":"NE","obec":"Liboš","osm_proposal":"highway=bus_stop public_transport=platform","osm_stop_distance_m":521,"osm_stop_within_100m":false},"geometry":{"type":"Point","coordinates":[17.2256327,49.6875341]}},{"type":"Feature","properties":{"name":"Lipina","CIS_ok_internal_id":18564,"typ_dopravy":"VLD","mhd":"NE","obec":"Lipina","osm_proposal":"highway=bus_stop public_transport=platform","osm_stop_distance_m":25,"osm_stop_within_100m":true},"geometry":{"type":"Point","coordinates":[17.323439,49.7423714]}},{"type":"Feature","properties":{"name":"Lipník n.Bečvou,,aut.st.","CIS_ok_internal_id":18584,"typ_dopravy":"VLD","mhd":"NE","obec":"Lipník nad Bečvou","osm_proposal":"highway=bus_stop public_transport=platform","osm_stop_distance_m":37,"osm_stop_within_100m":true},"geometry":{"type":"Point","coordinates":[17.5825111,49.5284099]}},{"type":"Feature","properties":{"name":"Lipník n.Bečvou,,Bratrská","CIS_ok_internal_id":18585,"typ_dopravy":"VLD","mhd":"NE","obec":"Lipník nad Bečvou","osm_proposal":"highway=bus_stop public_transport=platform","osm_stop_distance_m":2,"osm_stop_within_100m":true},"geometry":{"type":"Point","coordinates":[17.5771463,49.5251567]}},{"type":"Feature","properties":{"name":"Lipník n.Bečvou,,Husova","CIS_ok_internal_id":18588,"typ_dopravy":"VLD","mhd":"NE","obec":"Lipník nad Bečvou","osm_proposal":"highway=bus_stop public_transport=platform","osm_stop_distance_m":6,"osm_stop_within_100m":true},"geometry":{"type":"Point","coordinates":[17.5966107,49.5291944]}},{"type":"Feature","properties":{"name":"Lipník n.Bečvou,,Jiráskova","CIS_ok_internal_id":18590,"typ_dopravy":"VLD","mhd":"NE","obec":"Lipník nad Bečvou","osm_proposal":"highway=bus_stop public_transport=platform","osm_stop_distance_m":5,"osm_stop_within_100m":true},"geometry":{"type":"Point","coordinates":[17.5790729,49.5276221]}},{"type":"Feature","properties":{"name":"Lipník n.Bečvou,,Pod horou lom","CIS_ok_internal_id":18592,"typ_dopravy":"VLD","mhd":"NE","obec":"Lipník nad Bečvou","osm_proposal":"highway=bus_stop public_transport=platform","osm_stop_distance_m":33,"osm_stop_within_100m":true},"geometry":{"type":"Point","coordinates":[17.593495,49.5125967]}},{"type":"Feature","properties":{"name":"Lipník n.Bečvou,,rest.Moravská brána","CIS_ok_internal_id":18593,"typ_dopravy":"VLD","mhd":"NE","obec":"Lipník nad Bečvou","osm_proposal":"highway=bus_stop public_transport=platform","osm_stop_distance_m":17,"osm_stop_within_100m":true},"geometry":{"type":"Point","coordinates":[17.5906882,49.5280433]}},{"type":"Feature","properties":{"name":"Lipník n.Bečvou,,sídl.Zahradní","CIS_ok_internal_id":18594,"typ_dopravy":"VLD","mhd":"NE","obec":"Lipník nad Bečvou","osm_proposal":"highway=bus_stop public_transport=platform","osm_stop_distance_m":2,"osm_stop_within_100m":true},"geometry":{"type":"Point","coordinates":[17.5883811,49.5235718]}},{"type":"Feature","properties":{"name":"Lipník n.Bečvou,,stadion Míru","CIS_ok_internal_id":18595,"typ_dopravy":"VLD","mhd":"NE","obec":"Lipník nad Bečvou","osm_proposal":"highway=bus_stop public_transport=platform","osm_stop_distance_m":19,"osm_stop_within_100m":true},"geometry":{"type":"Point","coordinates":[17.5735552,49.5237864]}},{"type":"Feature","properties":{"name":"Lipník n.Bečvou,,u kláštera","CIS_ok_internal_id":18596,"typ_dopravy":"VLD","mhd":"NE","obec":"Lipník nad Bečvou","osm_proposal":"highway=bus_stop public_transport=platform","osm_stop_distance_m":1,"osm_stop_within_100m":true},"geometry":{"type":"Point","coordinates":[17.5832496,49.5250683]}},{"type":"Feature","properties":{"name":"Lipník n.Bečvou,,Komenského-škola","CIS_ok_internal_id":18597,"typ_dopravy":"VLD","mhd":"NE","obec":"Lipník nad Bečvou","osm_proposal":"highway=bus_stop public_transport=platform","osm_stop_distance_m":3,"osm_stop_within_100m":true},"geometry":{"type":"Point","coordinates":[17.588664,49.5287672]}},{"type":"Feature","properties":{"name":"Lipník n.Bečvou,,Novosady","CIS_ok_internal_id":18598,"typ_dopravy":"VLD","mhd":"NE","obec":"Lipník nad Bečvou","osm_proposal":"highway=bus_stop public_transport=platform","osm_stop_distance_m":3,"osm_stop_within_100m":true},"geometry":{"type":"Point","coordinates":[17.5878327,49.5260147]}},{"type":"Feature","properties":{"name":"Lipník n.Bečvou,,Osecká-škola","CIS_ok_internal_id":18599,"typ_dopravy":"VLD","mhd":"NE","obec":"Lipník nad Bečvou","osm_proposal":"highway=bus_stop public_transport=platform","osm_stop_distance_m":9,"osm_stop_within_100m":true},"geometry":{"type":"Point","coordinates":[17.580063,49.5261465]}},{"type":"Feature","properties":{"name":"Lipník n.Bečvou,,Za vodou","CIS_ok_internal_id":18600,"typ_dopravy":"VLD","mhd":"NE","obec":"Lipník nad Bečvou","osm_proposal":"highway=bus_stop public_transport=platform","osm_stop_distance_m":6,"osm_stop_within_100m":true},"geometry":{"type":"Point","coordinates":[17.5894852,49.5174681]}},{"type":"Feature","properties":{"name":"Lipník n.Bečvou,,ČSAD","CIS_ok_internal_id":18601,"typ_dopravy":"VLD","mhd":"NE","obec":"Lipník nad Bečvou","osm_proposal":"highway=bus_stop public_transport=platform","osm_stop_distance_m":7,"osm_stop_within_100m":true},"geometry":{"type":"Point","coordinates":[17.5923228,49.5239436]}},{"type":"Feature","properties":{"name":"Lipník n.Bečvou,,TOS","CIS_ok_internal_id":18602,"typ_dopravy":"VLD","mhd":"NE","obec":"Lipník nad Bečvou","osm_proposal":"highway=bus_stop public_transport=platform","osm_stop_distance_m":0,"osm_stop_within_100m":true},"geometry":{"type":"Point","coordinates":[17.5920058,49.5318094]}},{"type":"Feature","properties":{"name":"Lipník n.Bečvou,,žel.st.","CIS_ok_internal_id":18603,"typ_dopravy":"VLD","mhd":"NE","obec":"Lipník nad Bečvou","osm_proposal":"highway=bus_stop public_transport=platform","osm_stop_distance_m":6,"osm_stop_within_100m":true},"geometry":{"type":"Point","coordinates":[17.5728695,49.5287759]}},{"type":"Feature","properties":{"name":"Jezernice,,kostel","CIS_ok_internal_id":18604,"typ_dopravy":"VLD","mhd":"NE","obec":"Jezernice","osm_proposal":"highway=bus_stop public_transport=platform","osm_stop_distance_m":728,"osm_stop_within_100m":false},"geometry":{"type":"Point","coordinates":[17.6254816,49.5472349]}},{"type":"Feature","properties":{"name":"Jezernice,,os.Familie","CIS_ok_internal_id":18605,"typ_dopravy":"VLD","mhd":"NE","obec":"Jezernice","osm_proposal":"highway=bus_stop public_transport=platform","osm_stop_distance_m":17,"osm_stop_within_100m":true},"geometry":{"type":"Point","coordinates":[17.6340348,49.5357784]}},{"type":"Feature","properties":{"name":"Jezernice,,rozc.","CIS_ok_internal_id":18607,"typ_dopravy":"VLD","mhd":"NE","obec":"Jezernice","osm_proposal":"highway=bus_stop public_transport=platform","osm_stop_distance_m":8,"osm_stop_within_100m":true},"geometry":{"type":"Point","coordinates":[17.6281873,49.5408771]}},{"type":"Feature","properties":{"name":"Lipník n.Bečvou,Loučka,hřbitov","CIS_ok_internal_id":18608,"typ_dopravy":"VLD","mhd":"NE","obec":"Lipník nad Bečvou","osm_proposal":"highway=bus_stop public_transport=platform","osm_stop_distance_m":9,"osm_stop_within_100m":true},"geometry":{"type":"Point","coordinates":[17.5903857,49.5538862]}},{"type":"Feature","properties":{"name":"Lipník n.Bečvou,Loučka,revír","CIS_ok_internal_id":18609,"typ_dopravy":"VLD","mhd":"NE","obec":"Lipník nad Bečvou","osm_proposal":"highway=bus_stop public_transport=platform","osm_stop_distance_m":1263,"osm_stop_within_100m":false},"geometry":{"type":"Point","coordinates":[17.5828807,49.5696973]}},{"type":"Feature","properties":{"name":"Lipník n.Bečvou,Loučka,střed","CIS_ok_internal_id":18610,"typ_dopravy":"VLD","mhd":"NE","obec":"Lipník nad Bečvou","osm_proposal":"highway=bus_stop public_transport=platform","osm_stop_distance_m":18,"osm_stop_within_100m":true},"geometry":{"type":"Point","coordinates":[17.5894861,49.5589935]}},{"type":"Feature","properties":{"name":"Lipník n.Bečvou,Loučka,škola","CIS_ok_internal_id":18611,"typ_dopravy":"VLD","mhd":"NE","obec":"Lipník nad Bečvou","osm_proposal":"highway=bus_stop public_transport=platform","osm_stop_distance_m":8,"osm_stop_within_100m":true},"geometry":{"type":"Point","coordinates":[17.5929733,49.5528185]}},{"type":"Feature","properties":{"name":"Lipník n.Bečvou,Nové Dvory,náves","CIS_ok_internal_id":18612,"typ_dopravy":"VLD","mhd":"NE","obec":"Lipník nad Bečvou","osm_proposal":"highway=bus_stop public_transport=platform","osm_stop_distance_m":1835,"osm_stop_within_100m":false},"geometry":{"type":"Point","coordinates":[17.5719501,49.5043292]}},{"type":"Feature","properties":{"name":"Lipník n.Bečvou,Podhoří,náves","CIS_ok_internal_id":18614,"typ_dopravy":"VLD","mhd":"NE","obec":"Lipník nad Bečvou","osm_proposal":"highway=bus_stop public_transport=platform","osm_stop_distance_m":449,"osm_stop_within_100m":false},"geometry":{"type":"Point","coordinates":[17.6279468,49.5695073]}},{"type":"Feature","properties":{"name":"Lipník n.Bečvou,Podhoří,pila","CIS_ok_internal_id":18615,"typ_dopravy":"VLD","mhd":"NE","obec":"Lipník nad Bečvou","osm_proposal":"highway=bus_stop public_transport=platform","osm_stop_distance_m":811,"osm_stop_within_100m":false},"geometry":{"type":"Point","coordinates":[17.62379,49.5596755]}},{"type":"Feature","properties":{"name":"Lipník n.Bečvou,Podhoří,rozc.","CIS_ok_internal_id":18616,"typ_dopravy":"VLD","mhd":"NE","obec":"Lipník nad Bečvou","osm_proposal":"highway=bus_stop public_transport=platform","osm_stop_distance_m":188,"osm_stop_within_100m":false},"geometry":{"type":"Point","coordinates":[17.6244303,49.5655472]}},{"type":"Feature","properties":{"name":"Lipník n.Bečvou,Trnávka","CIS_ok_internal_id":18617,"typ_dopravy":"VLD","mhd":"NE","obec":"Lipník nad Bečvou","osm_proposal":"highway=bus_stop public_transport=platform","osm_stop_distance_m":9,"osm_stop_within_100m":true},"geometry":{"type":"Point","coordinates":[17.5542877,49.5358271]}},{"type":"Feature","properties":{"name":"Lipová,,kaple","CIS_ok_internal_id":18649,"typ_dopravy":"VLD","mhd":"NE","obec":"Lipová","osm_proposal":"highway=bus_stop public_transport=platform","osm_stop_distance_m":83,"osm_stop_within_100m":true},"geometry":{"type":"Point","coordinates":[17.6078722,49.4104277]}},{"type":"Feature","properties":{"name":"Lipová,,samoobsluha","CIS_ok_internal_id":18650,"typ_dopravy":"VLD","mhd":"NE","obec":"Lipová","osm_proposal":"highway=bus_stop public_transport=platform","osm_stop_distance_m":20,"osm_stop_within_100m":true},"geometry":{"type":"Point","coordinates":[17.6174508,49.4100452]}},{"type":"Feature","properties":{"name":"Lipová,,Na příhoně","CIS_ok_internal_id":18651,"typ_dopravy":"VLD","mhd":"NE","obec":"Lipová","osm_proposal":"highway=bus_stop public_transport=platform","osm_stop_distance_m":6,"osm_stop_within_100m":true},"geometry":{"type":"Point","coordinates":[16.8620064,49.5210498]}},{"type":"Feature","properties":{"name":"Lipová,,točna","CIS_ok_internal_id":18652,"typ_dopravy":"VLD","mhd":"NE","obec":"Lipová","osm_proposal":"highway=bus_stop public_transport=platform","osm_stop_distance_m":6,"osm_stop_within_100m":true},"geometry":{"type":"Point","coordinates":[16.8632487,49.5238319]}},{"type":"Feature","properties":{"name":"Lipová,,u lípy","CIS_ok_internal_id":18653,"typ_dopravy":"VLD","mhd":"NE","obec":"Lipová","osm_proposal":"highway=bus_stop public_transport=platform","osm_stop_distance_m":6,"osm_stop_within_100m":true},"geometry":{"type":"Point","coordinates":[16.8616673,49.5291875]}},{"type":"Feature","properties":{"name":"Lipová,Hrochov","CIS_ok_internal_id":18654,"typ_dopravy":"VLD","mhd":"NE","obec":"Lipová","osm_proposal":"highway=bus_stop public_transport=platform","osm_stop_distance_m":12,"osm_stop_within_100m":true},"geometry":{"type":"Point","coordinates":[16.8688166,49.5336515]}},{"type":"Feature","properties":{"name":"Lipová,Hrochov,u rybníka","CIS_ok_internal_id":18655,"typ_dopravy":"VLD","mhd":"NE","obec":"Lipová","osm_proposal":"highway=bus_stop public_transport=platform","osm_stop_distance_m":14,"osm_stop_within_100m":true},"geometry":{"type":"Point","coordinates":[16.8674796,49.5313673]}},{"type":"Feature","properties":{"name":"Lipová,Seč","CIS_ok_internal_id":18656,"typ_dopravy":"VLD","mhd":"NE","obec":"Lipová","osm_proposal":"highway=bus_stop public_transport=platform","osm_stop_distance_m":8,"osm_stop_within_100m":true},"geometry":{"type":"Point","coordinates":[16.885367,49.5248011]}},{"type":"Feature","properties":{"name":"Líšná,,náves","CIS_ok_internal_id":18865,"typ_dopravy":"VLD","mhd":"NE","obec":"Líšná","osm_proposal":"highway=bus_stop public_transport=platform","osm_stop_distance_m":4,"osm_stop_within_100m":true},"geometry":{"type":"Point","coordinates":[17.5479457,49.412486]}},{"type":"Feature","properties":{"name":"Litovel,,aut.nádr.","CIS_ok_internal_id":19030,"typ_dopravy":"VLD","mhd":"NE","obec":"Litovel","osm_proposal":"highway=bus_stop public_transport=platform","osm_stop_distance_m":7,"osm_stop_within_100m":true},"geometry":{"type":"Point","coordinates":[17.0713322,49.7022]}},{"type":"Feature","properties":{"name":"Litovel,,Papcel","CIS_ok_internal_id":19031,"typ_dopravy":"VLD","mhd":"NE","obec":"Litovel","osm_proposal":"highway=bus_stop public_transport=platform","osm_stop_distance_m":33,"osm_stop_within_100m":true},"geometry":{"type":"Point","coordinates":[17.0751822,49.7120534]}},{"type":"Feature","properties":{"name":"Litovel,,Pošmýl","CIS_ok_internal_id":19032,"typ_dopravy":"VLD","mhd":"NE","obec":"Litovel","osm_proposal":"highway=bus_stop public_transport=platform","osm_stop_distance_m":52,"osm_stop_within_100m":true},"geometry":{"type":"Point","coordinates":[17.086889,49.7089172]}},{"type":"Feature","properties":{"name":"Litovel,,rozc.k cukrovaru","CIS_ok_internal_id":19033,"typ_dopravy":"VLD","mhd":"NE","obec":"Litovel","osm_proposal":"highway=bus_stop public_transport=platform","osm_stop_distance_m":23,"osm_stop_within_100m":true},"geometry":{"type":"Point","coordinates":[17.0737625,49.7081702]}},{"type":"Feature","properties":{"name":"Litovel,,Palackého","CIS_ok_internal_id":19034,"typ_dopravy":"VLD","mhd":"NE","obec":"Litovel","osm_proposal":"highway=bus_stop public_transport=platform","osm_stop_distance_m":47,"osm_stop_within_100m":true},"geometry":{"type":"Point","coordinates":[17.0739365,49.6929139]}},{"type":"Feature","properties":{"name":"Litovel,,Žerotínova","CIS_ok_internal_id":19035,"typ_dopravy":"VLD","mhd":"NE","obec":"Litovel","osm_proposal":"highway=bus_stop public_transport=platform","osm_stop_distance_m":7,"osm_stop_within_100m":true},"geometry":{"type":"Point","coordinates":[17.0800893,49.707419]}},{"type":"Feature","properties":{"name":"Litovel,Březové,náves","CIS_ok_internal_id":19036,"typ_dopravy":"VLD","mhd":"NE","obec":"Litovel","osm_proposal":"highway=bus_stop public_transport=platform","osm_stop_distance_m":1877,"osm_stop_within_100m":false},"geometry":{"type":"Point","coordinates":[17.1157246,49.6792823]}},{"type":"Feature","properties":{"name":"Litovel,Chořelice,rozc.","CIS_ok_internal_id":19037,"typ_dopravy":"VLD","mhd":"NE","obec":"Litovel","osm_proposal":"highway=bus_stop public_transport=platform","osm_stop_distance_m":36,"osm_stop_within_100m":true},"geometry":{"type":"Point","coordinates":[17.0776168,49.6884498]}},{"type":"Feature","properties":{"name":"Litovel,Chudobín,pošta","CIS_ok_internal_id":19038,"typ_dopravy":"VLD","mhd":"NE","obec":"Litovel","osm_proposal":"highway=bus_stop public_transport=platform","osm_stop_distance_m":65,"osm_stop_within_100m":true},"geometry":{"type":"Point","coordinates":[17.0365912,49.6887006]}},{"type":"Feature","properties":{"name":"Litovel,Myslechovice,křiž.","CIS_ok_internal_id":19039,"typ_dopravy":"VLD","mhd":"NE","obec":"Litovel","osm_proposal":"highway=bus_stop public_transport=platform","osm_stop_distance_m":70,"osm_stop_within_100m":true},"geometry":{"type":"Point","coordinates":[17.0479715,49.6766545]}},{"type":"Feature","properties":{"name":"Litovel,Nasobůrky,Alibona","CIS_ok_internal_id":19040,"typ_dopravy":"VLD","mhd":"NE","obec":"Litovel","osm_proposal":"highway=bus_stop public_transport=platform","osm_stop_distance_m":46,"osm_stop_within_100m":true},"geometry":{"type":"Point","coordinates":[17.0632055,49.6909039]}},{"type":"Feature","properties":{"name":"Litovel,Nasobůrky,cihelna","CIS_ok_internal_id":19041,"typ_dopravy":"VLD","mhd":"NE","obec":"Litovel","osm_proposal":"highway=bus_stop public_transport=platform","osm_stop_distance_m":345,"osm_stop_within_100m":false},"geometry":{"type":"Point","coordinates":[17.0539127,49.6880492]}},{"type":"Feature","properties":{"name":"Litovel,Nasobůrky,rozc.Víska","CIS_ok_internal_id":19042,"typ_dopravy":"VLD","mhd":"NE","obec":"Litovel","osm_proposal":"highway=bus_stop public_transport=platform","osm_stop_distance_m":6,"osm_stop_within_100m":true},"geometry":{"type":"Point","coordinates":[17.0561397,49.6907731]}},{"type":"Feature","properties":{"name":"Litovel,Nová Ves,rozc.","CIS_ok_internal_id":19043,"typ_dopravy":"VLD","mhd":"NE","obec":"Litovel","osm_proposal":"highway=bus_stop public_transport=platform","osm_stop_distance_m":13,"osm_stop_within_100m":true},"geometry":{"type":"Point","coordinates":[17.0224394,49.6834573]}},{"type":"Feature","properties":{"name":"Litovel,Rozvadovice,rozc.","CIS_ok_internal_id":19044,"typ_dopravy":"VLD","mhd":"NE","obec":"Litovel","osm_proposal":"highway=bus_stop public_transport=platform","osm_stop_distance_m":14,"osm_stop_within_100m":true},"geometry":{"type":"Point","coordinates":[17.0904133,49.6750207]}},{"type":"Feature","properties":{"name":"Litovel,Tři Dvory,obchod","CIS_ok_internal_id":19045,"typ_dopravy":"VLD","mhd":"NE","obec":"Litovel","osm_proposal":"highway=bus_stop public_transport=platform","osm_stop_distance_m":37,"osm_stop_within_100m":true},"geometry":{"type":"Point","coordinates":[17.1056198,49.7132512]}},{"type":"Feature","properties":{"name":"Litovel,Unčovice,rozc.","CIS_ok_internal_id":19046,"typ_dopravy":"VLD","mhd":"NE","obec":"Litovel","osm_proposal":"highway=bus_stop public_transport=platform","osm_stop_distance_m":10,"osm_stop_within_100m":true},"geometry":{"type":"Point","coordinates":[17.103129,49.6642609]}},{"type":"Feature","properties":{"name":"Litovel,Unčovice,škola","CIS_ok_internal_id":19047,"typ_dopravy":"VLD","mhd":"NE","obec":"Litovel","osm_proposal":"highway=bus_stop public_transport=platform","osm_stop_distance_m":171,"osm_stop_within_100m":false},"geometry":{"type":"Point","coordinates":[17.1040508,49.6657594]}},{"type":"Feature","properties":{"name":"Lobodice,,náves","CIS_ok_internal_id":19094,"typ_dopravy":"VLD","mhd":"NE","obec":"Lobodice","osm_proposal":"highway=bus_stop public_transport=platform","osm_stop_distance_m":2259,"osm_stop_within_100m":false},"geometry":{"type":"Point","coordinates":[17.2903654,49.3978646]}},{"type":"Feature","properties":{"name":"Lobodice,,Prefa","CIS_ok_internal_id":19096,"typ_dopravy":"VLD","mhd":"NE","obec":"Lobodice","osm_proposal":"highway=bus_stop public_transport=platform","osm_stop_distance_m":1755,"osm_stop_within_100m":false},"geometry":{"type":"Point","coordinates":[17.2874601,49.4021135]}},{"type":"Feature","properties":{"name":"Lobodice,,točna","CIS_ok_internal_id":19097,"typ_dopravy":"VLD","mhd":"NE","obec":"Lobodice","osm_proposal":"highway=bus_stop public_transport=platform","osm_stop_distance_m":2385,"osm_stop_within_100m":false},"geometry":{"type":"Point","coordinates":[17.2917151,49.3954612]}},{"type":"Feature","properties":{"name":"Loštice,,Metrie","CIS_ok_internal_id":19259,"typ_dopravy":"VLD","mhd":"NE","obec":"Loštice","osm_proposal":"highway=bus_stop public_transport=platform","osm_stop_distance_m":5,"osm_stop_within_100m":true},"geometry":{"type":"Point","coordinates":[16.9343242,49.7486953]}},{"type":"Feature","properties":{"name":"Loštice,,Modrá hvězda","CIS_ok_internal_id":19260,"typ_dopravy":"VLD","mhd":"NE","obec":"Loštice","osm_proposal":"highway=bus_stop public_transport=platform","osm_stop_distance_m":740,"osm_stop_within_100m":false},"geometry":{"type":"Point","coordinates":[16.9385372,49.7418308]}},{"type":"Feature","properties":{"name":"Loštice,,nám.","CIS_ok_internal_id":19261,"typ_dopravy":"VLD","mhd":"NE","obec":"Loštice","osm_proposal":"highway=bus_stop public_transport=platform","osm_stop_distance_m":4,"osm_stop_within_100m":true},"geometry":{"type":"Point","coordinates":[16.9282777,49.7445324]}},{"type":"Feature","properties":{"name":"Loštice,,škola","CIS_ok_internal_id":19262,"typ_dopravy":"VLD","mhd":"NE","obec":"Loštice","osm_proposal":"highway=bus_stop public_transport=platform","osm_stop_distance_m":16,"osm_stop_within_100m":true},"geometry":{"type":"Point","coordinates":[16.9304664,49.7457773]}},{"type":"Feature","properties":{"name":"Loštice,Vlčice,Markrabka","CIS_ok_internal_id":19263,"typ_dopravy":"VLD","mhd":"NE","obec":"Loštice","osm_proposal":"highway=bus_stop public_transport=platform","osm_stop_distance_m":1071,"osm_stop_within_100m":false},"geometry":{"type":"Point","coordinates":[16.8968331,49.7274564]}},{"type":"Feature","properties":{"name":"Loštice,Vlčice,rest.","CIS_ok_internal_id":19264,"typ_dopravy":"VLD","mhd":"NE","obec":"Loštice","osm_proposal":"highway=bus_stop public_transport=platform","osm_stop_distance_m":1752,"osm_stop_within_100m":false},"geometry":{"type":"Point","coordinates":[16.9065758,49.736958]}},{"type":"Feature","properties":{"name":"Loštice,Vlčice,zast.","CIS_ok_internal_id":19265,"typ_dopravy":"VLD","mhd":"NE","obec":"Loštice","osm_proposal":"highway=bus_stop public_transport=platform","osm_stop_distance_m":1912,"osm_stop_within_100m":false},"geometry":{"type":"Point","coordinates":[16.9025458,49.7344668]}},{"type":"Feature","properties":{"name":"Loštice,Žádlovice,zámek","CIS_ok_internal_id":19267,"typ_dopravy":"VLD","mhd":"NE","obec":"Loštice","osm_proposal":"highway=bus_stop public_transport=platform","osm_stop_distance_m":1246,"osm_stop_within_100m":false},"geometry":{"type":"Point","coordinates":[16.9107084,49.7458088]}},{"type":"Feature","properties":{"name":"Loučany,,čekárna","CIS_ok_internal_id":19276,"typ_dopravy":"VLD","mhd":"NE","obec":"Loučany","osm_proposal":"highway=bus_stop public_transport=platform","osm_stop_distance_m":54,"osm_stop_within_100m":true},"geometry":{"type":"Point","coordinates":[17.0822127,49.6015062]}},{"type":"Feature","properties":{"name":"Loučany,,kult.dům","CIS_ok_internal_id":19277,"typ_dopravy":"VLD","mhd":"NE","obec":"Loučany","osm_proposal":"highway=bus_stop public_transport=platform","osm_stop_distance_m":34,"osm_stop_within_100m":true},"geometry":{"type":"Point","coordinates":[17.0857842,49.604691]}},{"type":"Feature","properties":{"name":"Loučka,,náves","CIS_ok_internal_id":19288,"typ_dopravy":"VLD","mhd":"NE","obec":"Loučka","osm_proposal":"highway=bus_stop public_transport=platform","osm_stop_distance_m":2,"osm_stop_within_100m":true},"geometry":{"type":"Point","coordinates":[17.0117154,49.6543023]}},{"type":"Feature","properties":{"name":"Luběnice,,náves","CIS_ok_internal_id":19462,"typ_dopravy":"VLD","mhd":"NE","obec":"Luběnice","osm_proposal":"highway=bus_stop public_transport=platform","osm_stop_distance_m":50,"osm_stop_within_100m":true},"geometry":{"type":"Point","coordinates":[17.121285,49.5759163]}},{"type":"Feature","properties":{"name":"Ludmírov,,Na srdéčku","CIS_ok_internal_id":19611,"typ_dopravy":"VLD","mhd":"NE","obec":"Ludmírov","osm_proposal":"highway=bus_stop public_transport=platform","osm_stop_distance_m":7,"osm_stop_within_100m":true},"geometry":{"type":"Point","coordinates":[16.8881938,49.6339273]}},{"type":"Feature","properties":{"name":"Ludmírov,,obchod","CIS_ok_internal_id":19612,"typ_dopravy":"VLD","mhd":"NE","obec":"Ludmírov","osm_proposal":"highway=bus_stop public_transport=platform","osm_stop_distance_m":4,"osm_stop_within_100m":true},"geometry":{"type":"Point","coordinates":[16.8740962,49.6413084]}},{"type":"Feature","properties":{"name":"Ludmírov,Dětkovice","CIS_ok_internal_id":19613,"typ_dopravy":"VLD","mhd":"NE","obec":"Ludmírov","osm_proposal":"highway=bus_stop public_transport=platform","osm_stop_distance_m":10,"osm_stop_within_100m":true},"geometry":{"type":"Point","coordinates":[16.8559223,49.6477429]}},{"type":"Feature","properties":{"name":"Ludmírov,Milkov","CIS_ok_internal_id":19614,"typ_dopravy":"VLD","mhd":"NE","obec":"Ludmírov","osm_proposal":"highway=bus_stop public_transport=platform","osm_stop_distance_m":7,"osm_stop_within_100m":true},"geometry":{"type":"Point","coordinates":[16.8788569,49.6566738]}},{"type":"Feature","properties":{"name":"Ludmírov,Ospělov","CIS_ok_internal_id":19615,"typ_dopravy":"VLD","mhd":"NE","obec":"Ludmírov","osm_proposal":"highway=bus_stop public_transport=platform","osm_stop_distance_m":1299,"osm_stop_within_100m":false},"geometry":{"type":"Point","coordinates":[16.8574799,49.6657047]}},{"type":"Feature","properties":{"name":"Ludmírov,Ponikev","CIS_ok_internal_id":19616,"typ_dopravy":"VLD","mhd":"NE","obec":"Ludmírov","osm_proposal":"highway=bus_stop public_transport=platform","osm_stop_distance_m":5,"osm_stop_within_100m":true},"geometry":{"type":"Point","coordinates":[16.8845313,49.6257669]}},{"type":"Feature","properties":{"name":"Luká,,nám.","CIS_ok_internal_id":19663,"typ_dopravy":"VLD","mhd":"NE","obec":"Luká","osm_proposal":"highway=bus_stop public_transport=platform","osm_stop_distance_m":11,"osm_stop_within_100m":true},"geometry":{"type":"Point","coordinates":[16.9498557,49.6492896]}},{"type":"Feature","properties":{"name":"Luká,Březina,rozc.","CIS_ok_internal_id":19664,"typ_dopravy":"VLD","mhd":"NE","obec":"Luká","osm_proposal":"highway=bus_stop public_transport=platform","osm_stop_distance_m":3,"osm_stop_within_100m":true},"geometry":{"type":"Point","coordinates":[16.9353398,49.6655662]}},{"type":"Feature","properties":{"name":"Luká,Javoříčko,jeskyně","CIS_ok_internal_id":19665,"typ_dopravy":"VLD","mhd":"NE","obec":"Luká","osm_proposal":"highway=bus_stop public_transport=platform","osm_stop_distance_m":9,"osm_stop_within_100m":true},"geometry":{"type":"Point","coordinates":[16.9203797,49.6729456]}},{"type":"Feature","properties":{"name":"Luká,Ješov,rozc.","CIS_ok_internal_id":19667,"typ_dopravy":"VLD","mhd":"NE","obec":"Luká","osm_proposal":"highway=bus_stop public_transport=platform","osm_stop_distance_m":8,"osm_stop_within_100m":true},"geometry":{"type":"Point","coordinates":[16.9596714,49.6660392]}},{"type":"Feature","properties":{"name":"Luká,Střemeníčko,pož.zbroj.","CIS_ok_internal_id":19668,"typ_dopravy":"VLD","mhd":"NE","obec":"Luká","osm_proposal":"highway=bus_stop public_transport=platform","osm_stop_distance_m":6,"osm_stop_within_100m":true},"geometry":{"type":"Point","coordinates":[16.9305597,49.6802851]}},{"type":"Feature","properties":{"name":"Luká,Veselíčko,náves","CIS_ok_internal_id":19669,"typ_dopravy":"VLD","mhd":"NE","obec":"Luká","osm_proposal":"highway=bus_stop public_transport=platform","osm_stop_distance_m":7,"osm_stop_within_100m":true},"geometry":{"type":"Point","coordinates":[16.9331704,49.669306]}},{"type":"Feature","properties":{"name":"Lutín,,Neptun","CIS_ok_internal_id":19772,"typ_dopravy":"VLD","mhd":"NE","obec":"Lutín","osm_proposal":"highway=bus_stop public_transport=platform","osm_stop_distance_m":19,"osm_stop_within_100m":true},"geometry":{"type":"Point","coordinates":[17.1426001,49.5584635]}},{"type":"Feature","properties":{"name":"Lutín,,ObÚ","CIS_ok_internal_id":19773,"typ_dopravy":"VLD","mhd":"NE","obec":"Lutín","osm_proposal":"highway=bus_stop public_transport=platform","osm_stop_distance_m":10,"osm_stop_within_100m":true},"geometry":{"type":"Point","coordinates":[17.1363794,49.5582015]}},{"type":"Feature","properties":{"name":"Lutín,,Sigma","CIS_ok_internal_id":19774,"typ_dopravy":"VLD","mhd":"NE","obec":"Lutín","osm_proposal":"highway=bus_stop public_transport=platform","osm_stop_distance_m":337,"osm_stop_within_100m":false},"geometry":{"type":"Point","coordinates":[17.1445864,49.5557044]}},{"type":"Feature","properties":{"name":"Lužice,,nám.","CIS_ok_internal_id":19854,"typ_dopravy":"VLD","mhd":"NE","obec":"Lužice","osm_proposal":"highway=bus_stop public_transport=platform","osm_stop_distance_m":28,"osm_stop_within_100m":true},"geometry":{"type":"Point","coordinates":[17.2597217,49.7157879]}},{"type":"Feature","properties":{"name":"Lužice,,rozc.","CIS_ok_internal_id":19855,"typ_dopravy":"VLD","mhd":"NE","obec":"Lužice","osm_proposal":"highway=bus_stop public_transport=platform","osm_stop_distance_m":499,"osm_stop_within_100m":false},"geometry":{"type":"Point","coordinates":[17.2479402,49.714135]}},{"type":"Feature","properties":{"name":"Majetín,,rest.","CIS_ok_internal_id":19973,"typ_dopravy":"VLD","mhd":"NE","obec":"Majetín","osm_proposal":"highway=bus_stop public_transport=platform","osm_stop_distance_m":13,"osm_stop_within_100m":true},"geometry":{"type":"Point","coordinates":[17.3335661,49.4978839]}},{"type":"Feature","properties":{"name":"Majetín,,škola","CIS_ok_internal_id":19974,"typ_dopravy":"VLD","mhd":"NE","obec":"Majetín","osm_proposal":"highway=bus_stop public_transport=platform","osm_stop_distance_m":522,"osm_stop_within_100m":false},"geometry":{"type":"Point","coordinates":[17.3344564,49.5027001]}},{"type":"Feature","properties":{"name":"Malé Hradisko","CIS_ok_internal_id":20151,"typ_dopravy":"VLD","mhd":"NE","obec":"Malé Hradisko","osm_proposal":"highway=bus_stop public_transport=platform","osm_stop_distance_m":16,"osm_stop_within_100m":true},"geometry":{"type":"Point","coordinates":[16.8763016,49.4931601]}},{"type":"Feature","properties":{"name":"Malé Hradisko,Okluky","CIS_ok_internal_id":20152,"typ_dopravy":"VLD","mhd":"NE","obec":"Malé Hradisko","osm_proposal":"highway=bus_stop public_transport=platform","osm_stop_distance_m":14,"osm_stop_within_100m":true},"geometry":{"type":"Point","coordinates":[16.90741,49.4985179]}},{"type":"Feature","properties":{"name":"Malhotice,,náves","CIS_ok_internal_id":20250,"typ_dopravy":"VLD","mhd":"NE","obec":"Malhotice","osm_proposal":"highway=bus_stop public_transport=platform","osm_stop_distance_m":14,"osm_stop_within_100m":true},"geometry":{"type":"Point","coordinates":[17.7639495,49.4895412]}},{"type":"Feature","properties":{"name":"Malhotice,,ZD","CIS_ok_internal_id":20251,"typ_dopravy":"VLD","mhd":"NE","obec":"Malhotice","osm_proposal":"highway=bus_stop public_transport=platform","osm_stop_distance_m":512,"osm_stop_within_100m":false},"geometry":{"type":"Point","coordinates":[17.7598507,49.4857046]}},{"type":"Feature","properties":{"name":"Měrotín,,náves","CIS_ok_internal_id":20761,"typ_dopravy":"VLD","mhd":"NE","obec":"Měrotín","osm_proposal":"highway=bus_stop public_transport=platform","osm_stop_distance_m":12,"osm_stop_within_100m":true},"geometry":{"type":"Point","coordinates":[16.998629,49.6942925]}},{"type":"Feature","properties":{"name":"Mladeč,,Vápenka","CIS_ok_internal_id":20763,"typ_dopravy":"VLD","mhd":"NE","obec":"Mladeč","osm_proposal":"highway=bus_stop public_transport=platform","osm_stop_distance_m":16,"osm_stop_within_100m":true},"geometry":{"type":"Point","coordinates":[17.0084688,49.7019587]}},{"type":"Feature","properties":{"name":"Město Libavá,,nám.","CIS_ok_internal_id":20827,"typ_dopravy":"VLD","mhd":"NE","obec":"Město Libavá","osm_proposal":"highway=bus_stop public_transport=platform","osm_stop_distance_m":2,"osm_stop_within_100m":true},"geometry":{"type":"Point","coordinates":[17.5201945,49.7207571]}},{"type":"Feature","properties":{"name":"Město Libavá,Heroltovice,sídliště","CIS_ok_internal_id":20828,"typ_dopravy":"VLD","mhd":"NE","obec":"Město Libavá","osm_proposal":"highway=bus_stop public_transport=platform","osm_stop_distance_m":2396,"osm_stop_within_100m":false},"geometry":{"type":"Point","coordinates":[17.485786,49.7372844]}},{"type":"Feature","properties":{"name":"Kozlov,,kasárna","CIS_ok_internal_id":20829,"typ_dopravy":"VLD","mhd":"NE","obec":"Kozlov","osm_proposal":"highway=bus_stop public_transport=platform","osm_stop_distance_m":12,"osm_stop_within_100m":true},"geometry":{"type":"Point","coordinates":[17.5410927,49.6075095]}},{"type":"Feature","properties":{"name":"Kozlov,,škola","CIS_ok_internal_id":20831,"typ_dopravy":"VLD","mhd":"NE","obec":"Kozlov","osm_proposal":"highway=bus_stop public_transport=platform","osm_stop_distance_m":786,"osm_stop_within_100m":false},"geometry":{"type":"Point","coordinates":[17.5335058,49.6022336]}},{"type":"Feature","properties":{"name":"Luboměř p.Strážnou","CIS_ok_internal_id":20833,"typ_dopravy":"VLD","mhd":"NE","obec":"Luboměř pod Strážnou","osm_proposal":"highway=bus_stop public_transport=platform","osm_stop_distance_m":3,"osm_stop_within_100m":true},"geometry":{"type":"Point","coordinates":[17.6646549,49.6880018]}},{"type":"Feature","properties":{"name":"Kozlov,Slavkov,konečná","CIS_ok_internal_id":20835,"typ_dopravy":"VLD","mhd":"NE","obec":"Kozlov","osm_proposal":"highway=bus_stop public_transport=platform","osm_stop_distance_m":2649,"osm_stop_within_100m":false},"geometry":{"type":"Point","coordinates":[17.5746698,49.5976007]}},{"type":"Feature","properties":{"name":"Kozlov,Slavkov,osada","CIS_ok_internal_id":20836,"typ_dopravy":"VLD","mhd":"NE","obec":"Kozlov","osm_proposal":"highway=bus_stop public_transport=platform","osm_stop_distance_m":3031,"osm_stop_within_100m":false},"geometry":{"type":"Point","coordinates":[17.5652022,49.5841321]}},{"type":"Feature","properties":{"name":"Milenov,,horní konec","CIS_ok_internal_id":21067,"typ_dopravy":"VLD","mhd":"NE","obec":"Milenov","osm_proposal":"highway=bus_stop public_transport=platform","osm_stop_distance_m":610,"osm_stop_within_100m":false},"geometry":{"type":"Point","coordinates":[17.6644046,49.569237]}},{"type":"Feature","properties":{"name":"Milenov,,Jednota","CIS_ok_internal_id":21068,"typ_dopravy":"VLD","mhd":"NE","obec":"Milenov","osm_proposal":"highway=bus_stop public_transport=platform","osm_stop_distance_m":8,"osm_stop_within_100m":true},"geometry":{"type":"Point","coordinates":[17.6658596,49.5636979]}},{"type":"Feature","properties":{"name":"Milotice n.Bečvou,,E-TECHNIK","CIS_ok_internal_id":21184,"typ_dopravy":"VLD","mhd":"NE","obec":"Milotice nad Bečvou","osm_proposal":"highway=bus_stop public_transport=platform","osm_stop_distance_m":21,"osm_stop_within_100m":true},"geometry":{"type":"Point","coordinates":[17.8425048,49.5370514]}},{"type":"Feature","properties":{"name":"Milotice n.Bečvou,,u kaple","CIS_ok_internal_id":21186,"typ_dopravy":"VLD","mhd":"NE","obec":"Milotice nad Bečvou","osm_proposal":"highway=bus_stop public_transport=platform","osm_stop_distance_m":19,"osm_stop_within_100m":true},"geometry":{"type":"Point","coordinates":[17.8401948,49.5366039]}},{"type":"Feature","properties":{"name":"Mladeč,,nám.","CIS_ok_internal_id":21449,"typ_dopravy":"VLD","mhd":"NE","obec":"Mladeč","osm_proposal":"highway=bus_stop public_transport=platform","osm_stop_distance_m":39,"osm_stop_within_100m":true},"geometry":{"type":"Point","coordinates":[17.0201001,49.7061654]}},{"type":"Feature","properties":{"name":"Mladeč,Nové Zámky,křiž.","CIS_ok_internal_id":21451,"typ_dopravy":"VLD","mhd":"NE","obec":"Mladeč","osm_proposal":"highway=bus_stop public_transport=platform","osm_stop_distance_m":20,"osm_stop_within_100m":true},"geometry":{"type":"Point","coordinates":[17.0321519,49.7206601]}},{"type":"Feature","properties":{"name":"Mladeč,Sobáčov,rest.STOP","CIS_ok_internal_id":21452,"typ_dopravy":"VLD","mhd":"NE","obec":"Mladeč","osm_proposal":"highway=bus_stop public_transport=platform","osm_stop_distance_m":132,"osm_stop_within_100m":false},"geometry":{"type":"Point","coordinates":[17.0371627,49.6944953]}},{"type":"Feature","properties":{"name":"Mladějovice,,farma","CIS_ok_internal_id":21461,"typ_dopravy":"VLD","mhd":"NE","obec":"Mladějovice","osm_proposal":"highway=bus_stop public_transport=platform","osm_stop_distance_m":6,"osm_stop_within_100m":true},"geometry":{"type":"Point","coordinates":[17.225936,49.7370811]}},{"type":"Feature","properties":{"name":"Moravičany,,Mitrovice rozc.","CIS_ok_internal_id":21875,"typ_dopravy":"VLD","mhd":"NE","obec":"Moravičany","osm_proposal":"highway=bus_stop public_transport=platform","osm_stop_distance_m":528,"osm_stop_within_100m":false},"geometry":{"type":"Point","coordinates":[16.97397,49.7411488]}},{"type":"Feature","properties":{"name":"Moravičany,Doubravice","CIS_ok_internal_id":21880,"typ_dopravy":"VLD","mhd":"NE","obec":"Moravičany","osm_proposal":"highway=bus_stop public_transport=platform","osm_stop_distance_m":8,"osm_stop_within_100m":true},"geometry":{"type":"Point","coordinates":[16.9746346,49.7460723]}},{"type":"Feature","properties":{"name":"Mořice,,křiž.","CIS_ok_internal_id":22011,"typ_dopravy":"VLD","mhd":"NE","obec":"Mořice","osm_proposal":"highway=bus_stop public_transport=platform","osm_stop_distance_m":83,"osm_stop_within_100m":true},"geometry":{"type":"Point","coordinates":[17.1982956,49.3274682]}},{"type":"Feature","properties":{"name":"Mořice,,sokolovna","CIS_ok_internal_id":22012,"typ_dopravy":"VLD","mhd":"NE","obec":"Mořice","osm_proposal":"highway=bus_stop public_transport=platform","osm_stop_distance_m":23,"osm_stop_within_100m":true},"geometry":{"type":"Point","coordinates":[17.1961606,49.3309086]}},{"type":"Feature","properties":{"name":"Pavlovice u Kojetína","CIS_ok_internal_id":22013,"typ_dopravy":"VLD","mhd":"NE","obec":"Pavlovice u Kojetína","osm_proposal":"highway=bus_stop public_transport=platform","osm_stop_distance_m":574,"osm_stop_within_100m":false},"geometry":{"type":"Point","coordinates":[17.2121247,49.3020143]}},{"type":"Feature","properties":{"name":"Pavlovice u Kojetína,Unčice","CIS_ok_internal_id":22014,"typ_dopravy":"VLD","mhd":"NE","obec":"Pavlovice u Kojetína","osm_proposal":"highway=bus_stop public_transport=platform","osm_stop_distance_m":6,"osm_stop_within_100m":true},"geometry":{"type":"Point","coordinates":[17.2050026,49.2996534]}},{"type":"Feature","properties":{"name":"Mostkovice,,kino","CIS_ok_internal_id":22075,"typ_dopravy":"VLD","mhd":"NE","obec":"Mostkovice","osm_proposal":"highway=bus_stop public_transport=platform","osm_stop_distance_m":6,"osm_stop_within_100m":true},"geometry":{"type":"Point","coordinates":[17.0398888,49.4723806]}},{"type":"Feature","properties":{"name":"Mostkovice,,ObÚ","CIS_ok_internal_id":22076,"typ_dopravy":"VLD","mhd":"NE","obec":"Mostkovice","osm_proposal":"highway=bus_stop public_transport=platform","osm_stop_distance_m":6,"osm_stop_within_100m":true},"geometry":{"type":"Point","coordinates":[17.0458506,49.4731144]}},{"type":"Feature","properties":{"name":"Mostkovice,,pomník","CIS_ok_internal_id":22077,"typ_dopravy":"VLD","mhd":"NE","obec":"Mostkovice","osm_proposal":"highway=bus_stop public_transport=platform","osm_stop_distance_m":53,"osm_stop_within_100m":true},"geometry":{"type":"Point","coordinates":[17.0541367,49.4730277]}},{"type":"Feature","properties":{"name":"Mostkovice,,rozc.VOP","CIS_ok_internal_id":22078,"typ_dopravy":"VLD","mhd":"NE","obec":"Mostkovice","osm_proposal":"highway=bus_stop public_transport=platform","osm_stop_distance_m":14,"osm_stop_within_100m":true},"geometry":{"type":"Point","coordinates":[17.043665,49.4773573]}},{"type":"Feature","properties":{"name":"Mrsklesy,,Kovákov","CIS_ok_internal_id":22179,"typ_dopravy":"VLD","mhd":"NE","obec":"Mrsklesy","osm_proposal":"highway=bus_stop public_transport=platform","osm_stop_distance_m":9,"osm_stop_within_100m":true},"geometry":{"type":"Point","coordinates":[17.3970275,49.6065145]}},{"type":"Feature","properties":{"name":"Mrsklesy,,křiž.","CIS_ok_internal_id":22180,"typ_dopravy":"VLD","mhd":"NE","obec":"Mrsklesy","osm_proposal":"highway=bus_stop public_transport=platform","osm_stop_distance_m":16,"osm_stop_within_100m":true},"geometry":{"type":"Point","coordinates":[17.4015582,49.6028262]}},{"type":"Feature","properties":{"name":"Myslejovice","CIS_ok_internal_id":22363,"typ_dopravy":"VLD","mhd":"NE","obec":"Myslejovice","osm_proposal":"highway=bus_stop public_transport=platform","osm_stop_distance_m":3,"osm_stop_within_100m":true},"geometry":{"type":"Point","coordinates":[17.0305549,49.4071218]}},{"type":"Feature","properties":{"name":"Myslejovice,,točna","CIS_ok_internal_id":22364,"typ_dopravy":"VLD","mhd":"NE","obec":"Myslejovice","osm_proposal":"highway=bus_stop public_transport=platform","osm_stop_distance_m":7,"osm_stop_within_100m":true},"geometry":{"type":"Point","coordinates":[17.0242187,49.4057348]}},{"type":"Feature","properties":{"name":"Myslejovice,Kobylničky","CIS_ok_internal_id":22365,"typ_dopravy":"VLD","mhd":"NE","obec":"Myslejovice","osm_proposal":"highway=bus_stop public_transport=platform","osm_stop_distance_m":8,"osm_stop_within_100m":true},"geometry":{"type":"Point","coordinates":[17.038733,49.3934166]}},{"type":"Feature","properties":{"name":"Myslejovice,Křenůvky","CIS_ok_internal_id":22366,"typ_dopravy":"VLD","mhd":"NE","obec":"Myslejovice","osm_proposal":"highway=bus_stop public_transport=platform","osm_stop_distance_m":12,"osm_stop_within_100m":true},"geometry":{"type":"Point","coordinates":[17.0192879,49.4190852]}},{"type":"Feature","properties":{"name":"Nahošovice,,náves","CIS_ok_internal_id":22485,"typ_dopravy":"VLD","mhd":"NE","obec":"Nahošovice","osm_proposal":"highway=bus_stop public_transport=platform","osm_stop_distance_m":4,"osm_stop_within_100m":true},"geometry":{"type":"Point","coordinates":[17.5780292,49.4373465]}},{"type":"Feature","properties":{"name":"Nahošovice,,Šebestián","CIS_ok_internal_id":22486,"typ_dopravy":"VLD","mhd":"NE","obec":"Nahošovice","osm_proposal":"highway=bus_stop public_transport=platform","osm_stop_distance_m":11,"osm_stop_within_100m":true},"geometry":{"type":"Point","coordinates":[17.5784829,49.4294656]}},{"type":"Feature","properties":{"name":"Náklo,,obchod","CIS_ok_internal_id":22530,"typ_dopravy":"VLD","mhd":"NE","obec":"Náklo","osm_proposal":"highway=bus_stop public_transport=platform","osm_stop_distance_m":8,"osm_stop_within_100m":true},"geometry":{"type":"Point","coordinates":[17.1311674,49.6553675]}},{"type":"Feature","properties":{"name":"Náklo,,rozc.","CIS_ok_internal_id":22531,"typ_dopravy":"VLD","mhd":"NE","obec":"Náklo","osm_proposal":"highway=bus_stop public_transport=platform","osm_stop_distance_m":12,"osm_stop_within_100m":true},"geometry":{"type":"Point","coordinates":[17.1246828,49.6503656]}},{"type":"Feature","properties":{"name":"Náklo,Lhota n.Mor.,náves","CIS_ok_internal_id":22532,"typ_dopravy":"VLD","mhd":"NE","obec":"Náklo","osm_proposal":"highway=bus_stop public_transport=platform","osm_stop_distance_m":8,"osm_stop_within_100m":true},"geometry":{"type":"Point","coordinates":[17.1439829,49.6758046]}},{"type":"Feature","properties":{"name":"Náklo,Mezice,rozc.","CIS_ok_internal_id":22533,"typ_dopravy":"VLD","mhd":"NE","obec":"Náklo","osm_proposal":"highway=bus_stop public_transport=platform","osm_stop_distance_m":11,"osm_stop_within_100m":true},"geometry":{"type":"Point","coordinates":[17.1140454,49.6564952]}},{"type":"Feature","properties":{"name":"Náměšť na Hané,,Biskupství","CIS_ok_internal_id":22584,"typ_dopravy":"VLD","mhd":"NE","obec":"Náměšť na Hané","osm_proposal":"highway=bus_stop public_transport=platform","osm_stop_distance_m":39,"osm_stop_within_100m":true},"geometry":{"type":"Point","coordinates":[17.0669176,49.6059276]}},{"type":"Feature","properties":{"name":"Náměšť na Hané,,nám.","CIS_ok_internal_id":22585,"typ_dopravy":"VLD","mhd":"NE","obec":"Náměšť na Hané","osm_proposal":"highway=bus_stop public_transport=platform","osm_stop_distance_m":37,"osm_stop_within_100m":true},"geometry":{"type":"Point","coordinates":[17.0646352,49.6035209]}},{"type":"Feature","properties":{"name":"Náměšť na Hané,,u žel.přejezdu","CIS_ok_internal_id":22586,"typ_dopravy":"VLD","mhd":"NE","obec":"Náměšť na Hané","osm_proposal":"highway=bus_stop public_transport=platform","osm_stop_distance_m":320,"osm_stop_within_100m":false},"geometry":{"type":"Point","coordinates":[17.0684721,49.6007085]}},{"type":"Feature","properties":{"name":"Náměšť na Hané,,žel.st.","CIS_ok_internal_id":22587,"typ_dopravy":"VLD","mhd":"NE","obec":"Náměšť na Hané","osm_proposal":"highway=bus_stop public_transport=platform","osm_stop_distance_m":85,"osm_stop_within_100m":true},"geometry":{"type":"Point","coordinates":[17.0696541,49.5987189]}},{"type":"Feature","properties":{"name":"Nelešovice,,náves","CIS_ok_internal_id":22832,"typ_dopravy":"VLD","mhd":"NE","obec":"Nelešovice","osm_proposal":"highway=bus_stop public_transport=platform","osm_stop_distance_m":15,"osm_stop_within_100m":true},"geometry":{"type":"Point","coordinates":[17.3884344,49.5105293]}},{"type":"Feature","properties":{"name":"Němčice n.Hanou,,nákup.stř.","CIS_ok_internal_id":22866,"typ_dopravy":"VLD","mhd":"NE","obec":"Němčice nad Hanou","osm_proposal":"highway=bus_stop public_transport=platform","osm_stop_distance_m":337,"osm_stop_within_100m":false},"geometry":{"type":"Point","coordinates":[17.2079393,49.3423901]}},{"type":"Feature","properties":{"name":"Němčice n.Hanou,,Novosady","CIS_ok_internal_id":22868,"typ_dopravy":"VLD","mhd":"NE","obec":"Němčice nad Hanou","osm_proposal":"highway=bus_stop public_transport=platform","osm_stop_distance_m":11,"osm_stop_within_100m":true},"geometry":{"type":"Point","coordinates":[17.2036259,49.3435245]}},{"type":"Feature","properties":{"name":"Němčice n.Hanou,,žel.st.","CIS_ok_internal_id":22869,"typ_dopravy":"VLD","mhd":"NE","obec":"Němčice nad Hanou","osm_proposal":"highway=bus_stop public_transport=platform","osm_stop_distance_m":7,"osm_stop_within_100m":true},"geometry":{"type":"Point","coordinates":[17.216444,49.3445485]}},{"type":"Feature","properties":{"name":"Nezamyslice,,ZŠ","CIS_ok_internal_id":23168,"typ_dopravy":"VLD","mhd":"NE","obec":"Nezamyslice","osm_proposal":"highway=bus_stop public_transport=platform","osm_stop_distance_m":1236,"osm_stop_within_100m":false},"geometry":{"type":"Point","coordinates":[17.1724261,49.3270306]}},{"type":"Feature","properties":{"name":"Nezamyslice,,žel.st.","CIS_ok_internal_id":23169,"typ_dopravy":"VLD","mhd":"NE","obec":"Nezamyslice","osm_proposal":"highway=bus_stop public_transport=platform","osm_stop_distance_m":31,"osm_stop_within_100m":true},"geometry":{"type":"Point","coordinates":[17.1612472,49.3360022]}},{"type":"Feature","properties":{"name":"Nezamyslice,Těšice","CIS_ok_internal_id":23170,"typ_dopravy":"VLD","mhd":"NE","obec":"Nezamyslice","osm_proposal":"highway=bus_stop public_transport=platform","osm_stop_distance_m":5,"osm_stop_within_100m":true},"geometry":{"type":"Point","coordinates":[17.1546557,49.3185326]}},{"type":"Feature","properties":{"name":"Niva,,čekárna","CIS_ok_internal_id":23322,"typ_dopravy":"VLD","mhd":"NE","obec":"Niva","osm_proposal":"highway=bus_stop public_transport=platform","osm_stop_distance_m":5,"osm_stop_within_100m":true},"geometry":{"type":"Point","coordinates":[16.8528273,49.4441175]}},{"type":"Feature","properties":{"name":"Niva,,u mlýna","CIS_ok_internal_id":23323,"typ_dopravy":"VLD","mhd":"NE","obec":"Niva","osm_proposal":"highway=bus_stop public_transport=platform","osm_stop_distance_m":4,"osm_stop_within_100m":true},"geometry":{"type":"Point","coordinates":[16.8555457,49.4408017]}},{"type":"Feature","properties":{"name":"Norberčany,Trhavice","CIS_ok_internal_id":23382,"typ_dopravy":"VLD","mhd":"NE","obec":"Norberčany","osm_proposal":"highway=bus_stop public_transport=platform","osm_stop_distance_m":886,"osm_stop_within_100m":false},"geometry":{"type":"Point","coordinates":[17.5118533,49.7474212]}},{"type":"Feature","properties":{"name":"Obědkovice","CIS_ok_internal_id":24382,"typ_dopravy":"VLD","mhd":"NE","obec":"Obědkovice","osm_proposal":"highway=bus_stop public_transport=platform","osm_stop_distance_m":12,"osm_stop_within_100m":true},"geometry":{"type":"Point","coordinates":[17.2263811,49.3973803]}},{"type":"Feature","properties":{"name":"Ohrozim,,obec","CIS_ok_internal_id":24539,"typ_dopravy":"VLD","mhd":"NE","obec":"Ohrozim","osm_proposal":"highway=bus_stop public_transport=platform","osm_stop_distance_m":16,"osm_stop_within_100m":true},"geometry":{"type":"Point","coordinates":[17.0193595,49.4864999]}},{"type":"Feature","properties":{"name":"Ochoz","CIS_ok_internal_id":24546,"typ_dopravy":"VLD","mhd":"NE","obec":"Ochoz","osm_proposal":"highway=bus_stop public_transport=platform","osm_stop_distance_m":6,"osm_stop_within_100m":true},"geometry":{"type":"Point","coordinates":[16.9171807,49.5997283]}},{"type":"Feature","properties":{"name":"Olbramice,,čekárna","CIS_ok_internal_id":24637,"typ_dopravy":"VLD","mhd":"NE","obec":"Olbramice","osm_proposal":"highway=bus_stop public_transport=platform","osm_stop_distance_m":1810,"osm_stop_within_100m":false},"geometry":{"type":"Point","coordinates":[16.9999694,49.6134883]}},{"type":"Feature","properties":{"name":"Olbramice,,Hataše","CIS_ok_internal_id":24639,"typ_dopravy":"VLD","mhd":"NE","obec":"Olbramice","osm_proposal":"highway=bus_stop public_transport=platform","osm_stop_distance_m":1869,"osm_stop_within_100m":false},"geometry":{"type":"Point","coordinates":[16.9787149,49.6135017]}},{"type":"Feature","properties":{"name":"Oldřichov,,náves","CIS_ok_internal_id":24657,"typ_dopravy":"VLD","mhd":"NE","obec":"Oldřichov","osm_proposal":"highway=bus_stop public_transport=platform","osm_stop_distance_m":9,"osm_stop_within_100m":true},"geometry":{"type":"Point","coordinates":[17.5382354,49.4992309]}},{"type":"Feature","properties":{"name":"Olomouc,,aut.nádr.","CIS_ok_internal_id":24744,"typ_dopravy":"VLD","mhd":"NE","obec":"Olomouc","osm_proposal":"highway=bus_stop public_transport=platform","osm_stop_distance_m":4,"osm_stop_within_100m":true},"geometry":{"type":"Point","coordinates":[17.2856999,49.5881299]}},{"type":"Feature","properties":{"name":"Olomouc,,Na Střelnici","CIS_ok_internal_id":24746,"typ_dopravy":"MHD i VLD","mhd":"ANO","obec":"Olomouc","osm_proposal":"highway=bus_stop public_transport=platform","osm_stop_distance_m":44,"osm_stop_within_100m":true},"geometry":{"type":"Point","coordinates":[17.2514767,49.59855]}},{"type":"Feature","properties":{"name":"Olomouc,,Dvořákova","CIS_ok_internal_id":24747,"typ_dopravy":"MHD i VLD","mhd":"ANO","obec":"Olomouc","osm_proposal":"highway=bus_stop public_transport=platform","osm_stop_distance_m":51,"osm_stop_within_100m":true},"geometry":{"type":"Point","coordinates":[17.238827,49.589242]}},{"type":"Feature","properties":{"name":"Olomouc,,Fibichova","CIS_ok_internal_id":24748,"typ_dopravy":"MHD i VLD","mhd":"ANO","obec":"Olomouc","osm_proposal":"highway=bus_stop public_transport=platform","osm_stop_distance_m":50,"osm_stop_within_100m":true},"geometry":{"type":"Point","coordinates":[17.2774496,49.5894056]}},{"type":"Feature","properties":{"name":"Olomouc,,Foerstrova","CIS_ok_internal_id":24749,"typ_dopravy":"MHD i VLD","mhd":"ANO","obec":"Olomouc","osm_proposal":"highway=bus_stop public_transport=platform","osm_stop_distance_m":14,"osm_stop_within_100m":true},"geometry":{"type":"Point","coordinates":[17.2323936,49.594878]}},{"type":"Feature","properties":{"name":"Olomouc,,Hněvotínská","CIS_ok_internal_id":24750,"typ_dopravy":"MHD","mhd":"ANO","obec":"Olomouc","osm_proposal":"highway=bus_stop public_transport=platform","osm_stop_distance_m":21,"osm_stop_within_100m":true},"geometry":{"type":"Point","coordinates":[17.2312359,49.58594]}},{"type":"Feature","properties":{"name":"Olomouc,,hl.nádr.","CIS_ok_internal_id":24751,"typ_dopravy":"MHD i VLD","mhd":"ANO","obec":"Olomouc","osm_proposal":"highway=bus_stop public_transport=platform","osm_stop_distance_m":6,"osm_stop_within_100m":true},"geometry":{"type":"Point","coordinates":[17.2775112,49.5920615]}},{"type":"Feature","properties":{"name":"Olomouc,,Komenského","CIS_ok_internal_id":24753,"typ_dopravy":"VLD","mhd":"NE","obec":"Olomouc","osm_proposal":"highway=bus_stop public_transport=platform","osm_stop_distance_m":20,"osm_stop_within_100m":true},"geometry":{"type":"Point","coordinates":[17.2658202,49.5973617]}},{"type":"Feature","properties":{"name":"Olomouc,,Lipenská","CIS_ok_internal_id":24754,"typ_dopravy":"MHD i VLD","mhd":"ANO","obec":"Olomouc","osm_proposal":"highway=bus_stop public_transport=platform","osm_stop_distance_m":38,"osm_stop_within_100m":true},"geometry":{"type":"Point","coordinates":[17.3000082,49.5897264]}},{"type":"Feature","properties":{"name":"Olomouc,,Hamerská","CIS_ok_internal_id":24755,"typ_dopravy":"MHD","mhd":"ANO","obec":"Olomouc","osm_proposal":"highway=bus_stop public_transport=platform","osm_stop_distance_m":6,"osm_stop_within_100m":true},"geometry":{"type":"Point","coordinates":[17.3034619,49.5829839]}},{"type":"Feature","properties":{"name":"Olomouc,,Hamerská ADM","CIS_ok_internal_id":24756,"typ_dopravy":"MHD","mhd":"ANO","obec":"Olomouc","osm_proposal":"highway=bus_stop public_transport=platform","osm_stop_distance_m":8,"osm_stop_within_100m":true},"geometry":{"type":"Point","coordinates":[17.3076232,49.5852069]}},{"type":"Feature","properties":{"name":"Olomouc,,motel Prachárna","CIS_ok_internal_id":24758,"typ_dopravy":"VLD","mhd":"NE","obec":"Olomouc","osm_proposal":"highway=bus_stop public_transport=platform","osm_stop_distance_m":8,"osm_stop_within_100m":true},"geometry":{"type":"Point","coordinates":[17.2135935,49.6069161]}},{"type":"Feature","properties":{"name":"Olomouc,,Šibeník","CIS_ok_internal_id":24759,"typ_dopravy":"MHD","mhd":"ANO","obec":"Olomouc","osm_proposal":"highway=bus_stop public_transport=platform","osm_stop_distance_m":40,"osm_stop_within_100m":true},"geometry":{"type":"Point","coordinates":[17.2370556,49.5967372]}},{"type":"Feature","properties":{"name":"Olomouc,,Nám.Hrdinů","CIS_ok_internal_id":24760,"typ_dopravy":"MHD i VLD","mhd":"ANO","obec":"Olomouc","osm_proposal":"highway=bus_stop public_transport=platform","osm_stop_distance_m":35,"osm_stop_within_100m":true},"geometry":{"type":"Point","coordinates":[17.247275,49.5955735]}},{"type":"Feature","properties":{"name":"Olomouc,,Olma","CIS_ok_internal_id":24762,"typ_dopravy":"MHD","mhd":"ANO","obec":"Olomouc","osm_proposal":"highway=bus_stop public_transport=platform","osm_stop_distance_m":0,"osm_stop_within_100m":true},"geometry":{"type":"Point","coordinates":[17.2998914,49.5870639]}},{"type":"Feature","properties":{"name":"Olomouc,,Povel škola","CIS_ok_internal_id":24765,"typ_dopravy":"MHD i VLD","mhd":"ANO","obec":"Olomouc","osm_proposal":"highway=bus_stop public_transport=platform","osm_stop_distance_m":1,"osm_stop_within_100m":true},"geometry":{"type":"Point","coordinates":[17.2488192,49.5799857]}},{"type":"Feature","properties":{"name":"Olomouc,,Ladova","CIS_ok_internal_id":24766,"typ_dopravy":"MHD i VLD","mhd":"ANO","obec":"Olomouc","osm_proposal":"highway=bus_stop public_transport=platform","osm_stop_distance_m":9,"osm_stop_within_100m":true},"geometry":{"type":"Point","coordinates":[17.2419611,49.6025318]}},{"type":"Feature","properties":{"name":"Olomouc,,Tomkova","CIS_ok_internal_id":24767,"typ_dopravy":"MHD","mhd":"ANO","obec":"Olomouc","osm_proposal":"highway=bus_stop public_transport=platform","osm_stop_distance_m":23,"osm_stop_within_100m":true},"geometry":{"type":"Point","coordinates":[17.2395118,49.6042274]}},{"type":"Feature","properties":{"name":"Olomouc,,tržnice","CIS_ok_internal_id":24768,"typ_dopravy":"MHD i VLD","mhd":"ANO","obec":"Olomouc","osm_proposal":"highway=bus_stop public_transport=platform","osm_stop_distance_m":14,"osm_stop_within_100m":true},"geometry":{"type":"Point","coordinates":[17.25329,49.5895319]}},{"type":"Feature","properties":{"name":"Olomouc,,U kapličky","CIS_ok_internal_id":24770,"typ_dopravy":"MHD i VLD","mhd":"ANO","obec":"Olomouc","osm_proposal":"highway=bus_stop public_transport=platform","osm_stop_distance_m":24,"osm_stop_within_100m":true},"geometry":{"type":"Point","coordinates":[17.2481644,49.5745667]}},{"type":"Feature","properties":{"name":"Olomouc,,U zlaté koule","CIS_ok_internal_id":24771,"typ_dopravy":"MHD i VLD","mhd":"ANO","obec":"Olomouc","osm_proposal":"highway=bus_stop public_transport=platform","osm_stop_distance_m":15,"osm_stop_within_100m":true},"geometry":{"type":"Point","coordinates":[17.2357437,49.5967396]}},{"type":"Feature","properties":{"name":"Olomouc,,Velkomoravská","CIS_ok_internal_id":24772,"typ_dopravy":"MHD","mhd":"ANO","obec":"Olomouc","osm_proposal":"highway=bus_stop public_transport=platform","osm_stop_distance_m":81,"osm_stop_within_100m":true},"geometry":{"type":"Point","coordinates":[17.2566575,49.5811261]}},{"type":"Feature","properties":{"name":"Olomouc,,Zenit","CIS_ok_internal_id":24773,"typ_dopravy":"MHD i VLD","mhd":"ANO","obec":"Olomouc","osm_proposal":"highway=bus_stop public_transport=platform","osm_stop_distance_m":119,"osm_stop_within_100m":false},"geometry":{"type":"Point","coordinates":[17.2490231,49.5814999]}},{"type":"Feature","properties":{"name":"Olomouc,Droždín,škola","CIS_ok_internal_id":24775,"typ_dopravy":"MHD i VLD","mhd":"ANO","obec":"Olomouc","osm_proposal":"highway=bus_stop public_transport=platform","osm_stop_distance_m":7,"osm_stop_within_100m":true},"geometry":{"type":"Point","coordinates":[17.3307958,49.6162219]}},{"type":"Feature","properties":{"name":"Olomouc,Droždín,u cihelny","CIS_ok_internal_id":24776,"typ_dopravy":"MHD","mhd":"ANO","obec":"Olomouc","osm_proposal":"highway=bus_stop public_transport=platform","osm_stop_distance_m":65,"osm_stop_within_100m":true},"geometry":{"type":"Point","coordinates":[17.3289433,49.6145425]}},{"type":"Feature","properties":{"name":"Olomouc,Holice","CIS_ok_internal_id":24777,"typ_dopravy":"MHD","mhd":"ANO","obec":"Olomouc","osm_proposal":"highway=bus_stop public_transport=platform","osm_stop_distance_m":14,"osm_stop_within_100m":true},"geometry":{"type":"Point","coordinates":[17.2962792,49.5707218]}},{"type":"Feature","properties":{"name":"Olomouc,,Týnecká","CIS_ok_internal_id":24778,"typ_dopravy":"MHD i VLD","mhd":"ANO","obec":"Olomouc","osm_proposal":"highway=bus_stop public_transport=platform","osm_stop_distance_m":11,"osm_stop_within_100m":true},"geometry":{"type":"Point","coordinates":[17.2971271,49.575308]}},{"type":"Feature","properties":{"name":"Olomouc,,Horecká","CIS_ok_internal_id":24780,"typ_dopravy":"MHD i VLD","mhd":"ANO","obec":"Olomouc","osm_proposal":"highway=bus_stop public_transport=platform","osm_stop_distance_m":60,"osm_stop_within_100m":true},"geometry":{"type":"Point","coordinates":[17.231563,49.6392181]}},{"type":"Feature","properties":{"name":"Olomouc,Lazce,kaple","CIS_ok_internal_id":24783,"typ_dopravy":"MHD i VLD","mhd":"ANO","obec":"Olomouc","osm_proposal":"highway=bus_stop public_transport=platform","osm_stop_distance_m":10,"osm_stop_within_100m":true},"geometry":{"type":"Point","coordinates":[17.2519855,49.6103056]}},{"type":"Feature","properties":{"name":"Olomouc,Nedvězí","CIS_ok_internal_id":24785,"typ_dopravy":"MHD i VLD","mhd":"ANO","obec":"Olomouc","osm_proposal":"highway=bus_stop public_transport=platform","osm_stop_distance_m":62,"osm_stop_within_100m":true},"geometry":{"type":"Point","coordinates":[17.2095742,49.5577928]}},{"type":"Feature","properties":{"name":"Olomouc,,Andělská","CIS_ok_internal_id":24789,"typ_dopravy":"MHD i VLD","mhd":"ANO","obec":"Olomouc","osm_proposal":"highway=bus_stop public_transport=platform","osm_stop_distance_m":11,"osm_stop_within_100m":true},"geometry":{"type":"Point","coordinates":[17.2608712,49.5687777]}},{"type":"Feature","properties":{"name":"Olomouc,Pavlovičky","CIS_ok_internal_id":24790,"typ_dopravy":"MHD","mhd":"ANO","obec":"Olomouc","osm_proposal":"highway=bus_stop public_transport=platform","osm_stop_distance_m":13,"osm_stop_within_100m":true},"geometry":{"type":"Point","coordinates":[17.2762975,49.6015458]}},{"type":"Feature","properties":{"name":"Olomouc,Radíkov","CIS_ok_internal_id":24791,"typ_dopravy":"MHD i VLD","mhd":"ANO","obec":"Olomouc","osm_proposal":"highway=bus_stop public_transport=platform","osm_stop_distance_m":16,"osm_stop_within_100m":true},"geometry":{"type":"Point","coordinates":[17.3630766,49.6362498]}},{"type":"Feature","properties":{"name":"Olomouc,,Svatoplukova","CIS_ok_internal_id":24792,"typ_dopravy":"MHD i VLD","mhd":"ANO","obec":"Olomouc","osm_proposal":"highway=bus_stop public_transport=platform","osm_stop_distance_m":26,"osm_stop_within_100m":true},"geometry":{"type":"Point","coordinates":[17.231716,49.6054529]}},{"type":"Feature","properties":{"name":"Olomouc,Řepčín,železárny","CIS_ok_internal_id":24793,"typ_dopravy":"MHD i VLD","mhd":"ANO","obec":"Olomouc","osm_proposal":"highway=bus_stop public_transport=platform","osm_stop_distance_m":5,"osm_stop_within_100m":true},"geometry":{"type":"Point","coordinates":[17.2257244,49.6123134]}},{"type":"Feature","properties":{"name":"Olomouc,Řepčín,Máchova","CIS_ok_internal_id":24794,"typ_dopravy":"MHD i VLD","mhd":"ANO","obec":"Olomouc","osm_proposal":"highway=bus_stop public_transport=platform","osm_stop_distance_m":32,"osm_stop_within_100m":true},"geometry":{"type":"Point","coordinates":[17.2285521,49.6084136]}},{"type":"Feature","properties":{"name":"Olomouc,Slavonín,Zolova","CIS_ok_internal_id":24796,"typ_dopravy":"MHD i VLD","mhd":"ANO","obec":"Olomouc","osm_proposal":"highway=bus_stop public_transport=platform","osm_stop_distance_m":10,"osm_stop_within_100m":true},"geometry":{"type":"Point","coordinates":[17.2301463,49.5692542]}},{"type":"Feature","properties":{"name":"Olomouc,,Jižní","CIS_ok_internal_id":24797,"typ_dopravy":"MHD i VLD","mhd":"ANO","obec":"Olomouc","osm_proposal":"highway=bus_stop public_transport=platform","osm_stop_distance_m":15,"osm_stop_within_100m":true},"geometry":{"type":"Point","coordinates":[17.2477176,49.5706257]}},{"type":"Feature","properties":{"name":"Olomouc,Svatý Kopeček,bazilika","CIS_ok_internal_id":24798,"typ_dopravy":"MHD i VLD","mhd":"ANO","obec":"Olomouc","osm_proposal":"highway=bus_stop public_transport=platform","osm_stop_distance_m":18,"osm_stop_within_100m":true},"geometry":{"type":"Point","coordinates":[17.3405394,49.6287871]}},{"type":"Feature","properties":{"name":"Olomouc,Svatý Kopeček,ZOO","CIS_ok_internal_id":24799,"typ_dopravy":"MHD i VLD","mhd":"ANO","obec":"Olomouc","osm_proposal":"highway=bus_stop public_transport=platform","osm_stop_distance_m":15,"osm_stop_within_100m":true},"geometry":{"type":"Point","coordinates":[17.3481249,49.6304382]}},{"type":"Feature","properties":{"name":"Olomouc,Topolany,Bílkova","CIS_ok_internal_id":24800,"typ_dopravy":"VLD","mhd":"NE","obec":"Olomouc","osm_proposal":"highway=bus_stop public_transport=platform","osm_stop_distance_m":23,"osm_stop_within_100m":true},"geometry":{"type":"Point","coordinates":[17.1795288,49.5863631]}},{"type":"Feature","properties":{"name":"Olomouc,Topolany,křiž.","CIS_ok_internal_id":24801,"typ_dopravy":"VLD","mhd":"NE","obec":"Olomouc","osm_proposal":"highway=bus_stop public_transport=platform","osm_stop_distance_m":15,"osm_stop_within_100m":true},"geometry":{"type":"Point","coordinates":[17.1797815,49.5878555]}},{"type":"Feature","properties":{"name":"Olomouc,Týneček","CIS_ok_internal_id":24802,"typ_dopravy":"MHD i VLD","mhd":"ANO","obec":"Olomouc","osm_proposal":"highway=bus_stop public_transport=platform","osm_stop_distance_m":9,"osm_stop_within_100m":true},"geometry":{"type":"Point","coordinates":[17.2953222,49.6224599]}},{"type":"Feature","properties":{"name":"Olšany u Prostějova,,has.zbroj.","CIS_ok_internal_id":24829,"typ_dopravy":"VLD","mhd":"NE","obec":"Olšany u Prostějova","osm_proposal":"highway=bus_stop public_transport=platform","osm_stop_distance_m":4,"osm_stop_within_100m":true},"geometry":{"type":"Point","coordinates":[17.1670556,49.5358818]}},{"type":"Feature","properties":{"name":"Olšany u Prostějova,,sokolovna","CIS_ok_internal_id":24830,"typ_dopravy":"VLD","mhd":"NE","obec":"Olšany u Prostějova","osm_proposal":"highway=bus_stop public_transport=platform","osm_stop_distance_m":15,"osm_stop_within_100m":true},"geometry":{"type":"Point","coordinates":[17.1675608,49.5371827]}},{"type":"Feature","properties":{"name":"Olšany u Prostějova,,u parku","CIS_ok_internal_id":24831,"typ_dopravy":"VLD","mhd":"NE","obec":"Olšany u Prostějova","osm_proposal":"highway=bus_stop public_transport=platform","osm_stop_distance_m":9,"osm_stop_within_100m":true},"geometry":{"type":"Point","coordinates":[17.1611502,49.5363625]}},{"type":"Feature","properties":{"name":"Olšany u Prostějova,,u stavu","CIS_ok_internal_id":24832,"typ_dopravy":"VLD","mhd":"NE","obec":"Olšany u Prostějova","osm_proposal":"highway=bus_stop public_transport=platform","osm_stop_distance_m":5,"osm_stop_within_100m":true},"geometry":{"type":"Point","coordinates":[17.1718602,49.5338591]}},{"type":"Feature","properties":{"name":"Olšany u Prostějova,Hablov,rest.","CIS_ok_internal_id":24833,"typ_dopravy":"VLD","mhd":"NE","obec":"Olšany u Prostějova","osm_proposal":"highway=bus_stop public_transport=platform","osm_stop_distance_m":6,"osm_stop_within_100m":true},"geometry":{"type":"Point","coordinates":[17.1813056,49.5292018]}},{"type":"Feature","properties":{"name":"Olšovec,,lom","CIS_ok_internal_id":24840,"typ_dopravy":"VLD","mhd":"NE","obec":"Olšovec","osm_proposal":"highway=bus_stop public_transport=platform","osm_stop_distance_m":1149,"osm_stop_within_100m":false},"geometry":{"type":"Point","coordinates":[17.7100088,49.5979722]}},{"type":"Feature","properties":{"name":"Olšovec,,rozc.","CIS_ok_internal_id":24841,"typ_dopravy":"VLD","mhd":"NE","obec":"Olšovec","osm_proposal":"highway=bus_stop public_transport=platform","osm_stop_distance_m":779,"osm_stop_within_100m":false},"geometry":{"type":"Point","coordinates":[17.7127261,49.5935757]}},{"type":"Feature","properties":{"name":"Olšovec,,samota","CIS_ok_internal_id":24842,"typ_dopravy":"VLD","mhd":"NE","obec":"Olšovec","osm_proposal":"highway=bus_stop public_transport=platform","osm_stop_distance_m":1009,"osm_stop_within_100m":false},"geometry":{"type":"Point","coordinates":[17.6978072,49.5987928]}},{"type":"Feature","properties":{"name":"Olšovec,,škola","CIS_ok_internal_id":24843,"typ_dopravy":"VLD","mhd":"NE","obec":"Olšovec","osm_proposal":"highway=bus_stop public_transport=platform","osm_stop_distance_m":854,"osm_stop_within_100m":false},"geometry":{"type":"Point","coordinates":[17.7178501,49.5899132]}},{"type":"Feature","properties":{"name":"Olšovec,Boňkov,rozc.","CIS_ok_internal_id":24845,"typ_dopravy":"VLD","mhd":"NE","obec":"Olšovec","osm_proposal":"highway=bus_stop public_transport=platform","osm_stop_distance_m":14,"osm_stop_within_100m":true},"geometry":{"type":"Point","coordinates":[17.6876063,49.6048895]}},{"type":"Feature","properties":{"name":"Ondratice,,dol.konec","CIS_ok_internal_id":24862,"typ_dopravy":"VLD","mhd":"NE","obec":"Ondratice","osm_proposal":"highway=bus_stop public_transport=platform","osm_stop_distance_m":1200,"osm_stop_within_100m":false},"geometry":{"type":"Point","coordinates":[17.0678108,49.3630257]}},{"type":"Feature","properties":{"name":"Ondratice,,obec","CIS_ok_internal_id":24863,"typ_dopravy":"VLD","mhd":"NE","obec":"Ondratice","osm_proposal":"highway=bus_stop public_transport=platform","osm_stop_distance_m":1498,"osm_stop_within_100m":false},"geometry":{"type":"Point","coordinates":[17.0628223,49.3631574]}},{"type":"Feature","properties":{"name":"Opatovice,,dolní konec","CIS_ok_internal_id":24923,"typ_dopravy":"VLD","mhd":"NE","obec":"Opatovice","osm_proposal":"highway=bus_stop public_transport=platform","osm_stop_distance_m":4,"osm_stop_within_100m":true},"geometry":{"type":"Point","coordinates":[17.7401259,49.5041807]}},{"type":"Feature","properties":{"name":"Opatovice,,rest.","CIS_ok_internal_id":24924,"typ_dopravy":"VLD","mhd":"NE","obec":"Opatovice","osm_proposal":"highway=bus_stop public_transport=platform","osm_stop_distance_m":28,"osm_stop_within_100m":true},"geometry":{"type":"Point","coordinates":[17.7392507,49.499699]}},{"type":"Feature","properties":{"name":"Oplocany,,rest.","CIS_ok_internal_id":24988,"typ_dopravy":"VLD","mhd":"NE","obec":"Oplocany","osm_proposal":"highway=bus_stop public_transport=platform","osm_stop_distance_m":14,"osm_stop_within_100m":true},"geometry":{"type":"Point","coordinates":[17.258094,49.4095311]}},{"type":"Feature","properties":{"name":"Oprostovice,,obchod","CIS_ok_internal_id":25028,"typ_dopravy":"VLD","mhd":"NE","obec":"Oprostovice","osm_proposal":"highway=bus_stop public_transport=platform","osm_stop_distance_m":6,"osm_stop_within_100m":true},"geometry":{"type":"Point","coordinates":[17.618376,49.4711661]}},{"type":"Feature","properties":{"name":"Oprostovice,,rest.","CIS_ok_internal_id":25029,"typ_dopravy":"VLD","mhd":"NE","obec":"Oprostovice","osm_proposal":"highway=bus_stop public_transport=platform","osm_stop_distance_m":17,"osm_stop_within_100m":true},"geometry":{"type":"Point","coordinates":[17.6203551,49.4687174]}},{"type":"Feature","properties":{"name":"Osek n.Bečvou,,rest.Horák","CIS_ok_internal_id":25253,"typ_dopravy":"VLD","mhd":"NE","obec":"Osek nad Bečvou","osm_proposal":"highway=bus_stop public_transport=platform","osm_stop_distance_m":31,"osm_stop_within_100m":true},"geometry":{"type":"Point","coordinates":[17.5130097,49.5078067]}},{"type":"Feature","properties":{"name":"Osek n.Bečvou,,rozc.Oldřichov","CIS_ok_internal_id":25254,"typ_dopravy":"VLD","mhd":"NE","obec":"Osek nad Bečvou","osm_proposal":"highway=bus_stop public_transport=platform","osm_stop_distance_m":24,"osm_stop_within_100m":true},"geometry":{"type":"Point","coordinates":[17.534745,49.5124825]}},{"type":"Feature","properties":{"name":"Osek n.Bečvou,,škola","CIS_ok_internal_id":25255,"typ_dopravy":"VLD","mhd":"NE","obec":"Osek nad Bečvou","osm_proposal":"highway=bus_stop public_transport=platform","osm_stop_distance_m":35,"osm_stop_within_100m":true},"geometry":{"type":"Point","coordinates":[17.5251391,49.5104463]}},{"type":"Feature","properties":{"name":"Osek n.Bečvou,,točna","CIS_ok_internal_id":25256,"typ_dopravy":"VLD","mhd":"NE","obec":"Osek nad Bečvou","osm_proposal":"highway=bus_stop public_transport=platform","osm_stop_distance_m":15,"osm_stop_within_100m":true},"geometry":{"type":"Point","coordinates":[17.531462,49.5118936]}},{"type":"Feature","properties":{"name":"Otaslavice,,Masna","CIS_ok_internal_id":25634,"typ_dopravy":"VLD","mhd":"NE","obec":"Otaslavice","osm_proposal":"highway=bus_stop public_transport=platform","osm_stop_distance_m":3,"osm_stop_within_100m":true},"geometry":{"type":"Point","coordinates":[17.0653511,49.3899488]}},{"type":"Feature","properties":{"name":"Otaslavice,,pošta","CIS_ok_internal_id":25636,"typ_dopravy":"VLD","mhd":"NE","obec":"Otaslavice","osm_proposal":"highway=bus_stop public_transport=platform","osm_stop_distance_m":11,"osm_stop_within_100m":true},"geometry":{"type":"Point","coordinates":[17.0707392,49.3881615]}},{"type":"Feature","properties":{"name":"Otaslavice,,transformátor","CIS_ok_internal_id":25637,"typ_dopravy":"VLD","mhd":"NE","obec":"Otaslavice","osm_proposal":"highway=bus_stop public_transport=platform","osm_stop_distance_m":16,"osm_stop_within_100m":true},"geometry":{"type":"Point","coordinates":[17.0708552,49.3844997]}},{"type":"Feature","properties":{"name":"Otinoves,,dol.konec","CIS_ok_internal_id":25652,"typ_dopravy":"VLD","mhd":"NE","obec":"Otinoves","osm_proposal":"highway=bus_stop public_transport=platform","osm_stop_distance_m":6,"osm_stop_within_100m":true},"geometry":{"type":"Point","coordinates":[16.8658354,49.4147934]}},{"type":"Feature","properties":{"name":"Otinoves,,hor.konec","CIS_ok_internal_id":25653,"typ_dopravy":"VLD","mhd":"NE","obec":"Otinoves","osm_proposal":"highway=bus_stop public_transport=platform","osm_stop_distance_m":7,"osm_stop_within_100m":true},"geometry":{"type":"Point","coordinates":[16.8702161,49.4264363]}},{"type":"Feature","properties":{"name":"Otinoves,,ObÚ","CIS_ok_internal_id":25654,"typ_dopravy":"VLD","mhd":"NE","obec":"Otinoves","osm_proposal":"highway=bus_stop public_transport=platform","osm_stop_distance_m":4,"osm_stop_within_100m":true},"geometry":{"type":"Point","coordinates":[16.8711952,49.4212998]}},{"type":"Feature","properties":{"name":"Otinoves,,pohostinství","CIS_ok_internal_id":25655,"typ_dopravy":"VLD","mhd":"NE","obec":"Otinoves","osm_proposal":"highway=bus_stop public_transport=platform","osm_stop_distance_m":6,"osm_stop_within_100m":true},"geometry":{"type":"Point","coordinates":[16.8717314,49.4208517]}},{"type":"Feature","properties":{"name":"Palonín,,u kostela","CIS_ok_internal_id":25845,"typ_dopravy":"VLD","mhd":"NE","obec":"Palonín","osm_proposal":"highway=bus_stop public_transport=platform","osm_stop_distance_m":4,"osm_stop_within_100m":true},"geometry":{"type":"Point","coordinates":[16.9530691,49.7280378]}},{"type":"Feature","properties":{"name":"Paršovice,,kostel","CIS_ok_internal_id":25943,"typ_dopravy":"VLD","mhd":"NE","obec":"Paršovice","osm_proposal":"highway=bus_stop public_transport=platform","osm_stop_distance_m":17,"osm_stop_within_100m":true},"geometry":{"type":"Point","coordinates":[17.7110576,49.5002213]}},{"type":"Feature","properties":{"name":"Partutovice,,dolní konec","CIS_ok_internal_id":25978,"typ_dopravy":"VLD","mhd":"NE","obec":"Partutovice","osm_proposal":"highway=bus_stop public_transport=platform","osm_stop_distance_m":6,"osm_stop_within_100m":true},"geometry":{"type":"Point","coordinates":[17.7034107,49.6245651]}},{"type":"Feature","properties":{"name":"Partutovice,,horní konec","CIS_ok_internal_id":25979,"typ_dopravy":"VLD","mhd":"NE","obec":"Partutovice","osm_proposal":"highway=bus_stop public_transport=platform","osm_stop_distance_m":28,"osm_stop_within_100m":true},"geometry":{"type":"Point","coordinates":[17.7078828,49.6310005]}},{"type":"Feature","properties":{"name":"Partutovice,,lyž.vlek","CIS_ok_internal_id":25980,"typ_dopravy":"VLD","mhd":"NE","obec":"Partutovice","osm_proposal":"highway=bus_stop public_transport=platform","osm_stop_distance_m":18,"osm_stop_within_100m":true},"geometry":{"type":"Point","coordinates":[17.7066785,49.6190059]}},{"type":"Feature","properties":{"name":"Pavlov,,ObÚ","CIS_ok_internal_id":26095,"typ_dopravy":"VLD","mhd":"NE","obec":"Pavlov","osm_proposal":"highway=bus_stop public_transport=platform","osm_stop_distance_m":1333,"osm_stop_within_100m":false},"geometry":{"type":"Point","coordinates":[16.879292,49.7424788]}},{"type":"Feature","properties":{"name":"Pavlov,Radnice","CIS_ok_internal_id":26096,"typ_dopravy":"VLD","mhd":"NE","obec":"Pavlov","osm_proposal":"highway=bus_stop public_transport=platform","osm_stop_distance_m":1628,"osm_stop_within_100m":false},"geometry":{"type":"Point","coordinates":[16.8756113,49.7250754]}},{"type":"Feature","properties":{"name":"Pavlov,Radnice,dol.konec","CIS_ok_internal_id":26097,"typ_dopravy":"VLD","mhd":"NE","obec":"Pavlov","osm_proposal":"highway=bus_stop public_transport=platform","osm_stop_distance_m":1940,"osm_stop_within_100m":false},"geometry":{"type":"Point","coordinates":[16.874011,49.7285632]}},{"type":"Feature","properties":{"name":"Pavlov,Veselí,rest.","CIS_ok_internal_id":26100,"typ_dopravy":"VLD","mhd":"NE","obec":"Pavlov","osm_proposal":"highway=bus_stop public_transport=platform","osm_stop_distance_m":2,"osm_stop_within_100m":true},"geometry":{"type":"Point","coordinates":[16.846695,49.7302268]}},{"type":"Feature","properties":{"name":"Pavlov,Veselí,Vacetín rozc.k mysl.","CIS_ok_internal_id":26101,"typ_dopravy":"VLD","mhd":"NE","obec":"Pavlov","osm_proposal":"highway=bus_stop public_transport=platform","osm_stop_distance_m":3,"osm_stop_within_100m":true},"geometry":{"type":"Point","coordinates":[16.8446761,49.7403041]}},{"type":"Feature","properties":{"name":"Pavlov,Veselí,Vacetín rest.","CIS_ok_internal_id":26102,"typ_dopravy":"VLD","mhd":"NE","obec":"Pavlov","osm_proposal":"highway=bus_stop public_transport=platform","osm_stop_distance_m":6,"osm_stop_within_100m":true},"geometry":{"type":"Point","coordinates":[16.8515156,49.7417663]}},{"type":"Feature","properties":{"name":"Pavlov,Zavadilka,rest.","CIS_ok_internal_id":26103,"typ_dopravy":"VLD","mhd":"NE","obec":"Pavlov","osm_proposal":"highway=bus_stop public_transport=platform","osm_stop_distance_m":1100,"osm_stop_within_100m":false},"geometry":{"type":"Point","coordinates":[16.864986,49.7464547]}},{"type":"Feature","properties":{"name":"Pavlov,Zavadilka,rozc.Pavlov","CIS_ok_internal_id":26104,"typ_dopravy":"VLD","mhd":"NE","obec":"Pavlov","osm_proposal":"highway=bus_stop public_transport=platform","osm_stop_distance_m":1246,"osm_stop_within_100m":false},"geometry":{"type":"Point","coordinates":[16.8680836,49.7458502]}},{"type":"Feature","properties":{"name":"Pavlovice u Přerova,,dol.zast.","CIS_ok_internal_id":26114,"typ_dopravy":"VLD","mhd":"NE","obec":"Pavlovice u Přerova","osm_proposal":"highway=bus_stop public_transport=platform","osm_stop_distance_m":490,"osm_stop_within_100m":false},"geometry":{"type":"Point","coordinates":[17.5439581,49.4711539]}},{"type":"Feature","properties":{"name":"Pavlovice u Přerova,,hřbitov","CIS_ok_internal_id":26115,"typ_dopravy":"VLD","mhd":"NE","obec":"Pavlovice u Přerova","osm_proposal":"highway=bus_stop public_transport=platform","osm_stop_distance_m":11,"osm_stop_within_100m":true},"geometry":{"type":"Point","coordinates":[17.5507291,49.4703348]}},{"type":"Feature","properties":{"name":"Pavlovice u Přerova,,rozc.","CIS_ok_internal_id":26116,"typ_dopravy":"VLD","mhd":"NE","obec":"Pavlovice u Přerova","osm_proposal":"highway=bus_stop public_transport=platform","osm_stop_distance_m":349,"osm_stop_within_100m":false},"geometry":{"type":"Point","coordinates":[17.5511378,49.4671025]}},{"type":"Feature","properties":{"name":"Pavlovice u Přerova,Prusinky","CIS_ok_internal_id":26117,"typ_dopravy":"VLD","mhd":"NE","obec":"Pavlovice u Přerova","osm_proposal":"highway=bus_stop public_transport=platform","osm_stop_distance_m":2,"osm_stop_within_100m":true},"geometry":{"type":"Point","coordinates":[17.5608317,49.4740929]}},{"type":"Feature","properties":{"name":"Pěnčín,,ObÚ","CIS_ok_internal_id":26277,"typ_dopravy":"VLD","mhd":"NE","obec":"Pěnčín","osm_proposal":"highway=bus_stop public_transport=platform","osm_stop_distance_m":8,"osm_stop_within_100m":true},"geometry":{"type":"Point","coordinates":[17.0071131,49.5684615]}},{"type":"Feature","properties":{"name":"Pěnčín,,Tvar","CIS_ok_internal_id":26278,"typ_dopravy":"VLD","mhd":"NE","obec":"Pěnčín","osm_proposal":"highway=bus_stop public_transport=platform","osm_stop_distance_m":755,"osm_stop_within_100m":false},"geometry":{"type":"Point","coordinates":[17.0011241,49.5746647]}},{"type":"Feature","properties":{"name":"Pěnčín,,Zastávka","CIS_ok_internal_id":26279,"typ_dopravy":"VLD","mhd":"NE","obec":"Pěnčín","osm_proposal":"highway=bus_stop public_transport=platform","osm_stop_distance_m":476,"osm_stop_within_100m":false},"geometry":{"type":"Point","coordinates":[17.0043105,49.5723308]}},{"type":"Feature","properties":{"name":"Pěnčín,,ZŠ","CIS_ok_internal_id":26280,"typ_dopravy":"VLD","mhd":"NE","obec":"Pěnčín","osm_proposal":"highway=bus_stop public_transport=platform","osm_stop_distance_m":6,"osm_stop_within_100m":true},"geometry":{"type":"Point","coordinates":[17.0124906,49.5673451]}},{"type":"Feature","properties":{"name":"Pivín","CIS_ok_internal_id":26715,"typ_dopravy":"VLD","mhd":"NE","obec":"Pivín","osm_proposal":"highway=bus_stop public_transport=platform","osm_stop_distance_m":1,"osm_stop_within_100m":true},"geometry":{"type":"Point","coordinates":[17.1839692,49.3847602]}},{"type":"Feature","properties":{"name":"Plumlov","CIS_ok_internal_id":26923,"typ_dopravy":"VLD","mhd":"NE","obec":"Plumlov","osm_proposal":"highway=bus_stop public_transport=platform","osm_stop_distance_m":3,"osm_stop_within_100m":true},"geometry":{"type":"Point","coordinates":[17.0152551,49.4658382]}},{"type":"Feature","properties":{"name":"Plumlov,,Ohrozimská","CIS_ok_internal_id":26925,"typ_dopravy":"VLD","mhd":"NE","obec":"Plumlov","osm_proposal":"highway=bus_stop public_transport=platform","osm_stop_distance_m":4,"osm_stop_within_100m":true},"geometry":{"type":"Point","coordinates":[17.0143966,49.4676599]}},{"type":"Feature","properties":{"name":"Plumlov,,přehrada","CIS_ok_internal_id":26926,"typ_dopravy":"VLD","mhd":"NE","obec":"Plumlov","osm_proposal":"highway=bus_stop public_transport=platform","osm_stop_distance_m":15,"osm_stop_within_100m":true},"geometry":{"type":"Point","coordinates":[17.0267814,49.4709693]}},{"type":"Feature","properties":{"name":"Plumlov,Hamry","CIS_ok_internal_id":26927,"typ_dopravy":"VLD","mhd":"NE","obec":"Plumlov","osm_proposal":"highway=bus_stop public_transport=platform","osm_stop_distance_m":9,"osm_stop_within_100m":true},"geometry":{"type":"Point","coordinates":[16.9687995,49.4707465]}},{"type":"Feature","properties":{"name":"Plumlov,Hamry,točna","CIS_ok_internal_id":26928,"typ_dopravy":"VLD","mhd":"NE","obec":"Plumlov","osm_proposal":"highway=bus_stop public_transport=platform","osm_stop_distance_m":302,"osm_stop_within_100m":false},"geometry":{"type":"Point","coordinates":[16.9707421,49.4682371]}},{"type":"Feature","properties":{"name":"Plumlov,Soběsuky","CIS_ok_internal_id":26929,"typ_dopravy":"VLD","mhd":"NE","obec":"Plumlov","osm_proposal":"highway=bus_stop public_transport=platform","osm_stop_distance_m":29,"osm_stop_within_100m":true},"geometry":{"type":"Point","coordinates":[16.9965319,49.4625307]}},{"type":"Feature","properties":{"name":"Plumlov,Žárovice","CIS_ok_internal_id":26931,"typ_dopravy":"VLD","mhd":"NE","obec":"Plumlov","osm_proposal":"highway=bus_stop public_transport=platform","osm_stop_distance_m":11,"osm_stop_within_100m":true},"geometry":{"type":"Point","coordinates":[16.9850362,49.4619166]}},{"type":"Feature","properties":{"name":"Pňovice,,Hrušov","CIS_ok_internal_id":26995,"typ_dopravy":"VLD","mhd":"NE","obec":"Pňovice","osm_proposal":"highway=bus_stop public_transport=platform","osm_stop_distance_m":46,"osm_stop_within_100m":true},"geometry":{"type":"Point","coordinates":[17.1565871,49.7159102]}},{"type":"Feature","properties":{"name":"Pňovice,,ObÚ","CIS_ok_internal_id":26996,"typ_dopravy":"VLD","mhd":"NE","obec":"Pňovice","osm_proposal":"highway=bus_stop public_transport=platform","osm_stop_distance_m":577,"osm_stop_within_100m":false},"geometry":{"type":"Point","coordinates":[17.1605972,49.720719]}},{"type":"Feature","properties":{"name":"Pňovice,,Papůvka","CIS_ok_internal_id":26997,"typ_dopravy":"VLD","mhd":"NE","obec":"Pňovice","osm_proposal":"highway=bus_stop public_transport=platform","osm_stop_distance_m":1426,"osm_stop_within_100m":false},"geometry":{"type":"Point","coordinates":[17.1579615,49.7351045]}},{"type":"Feature","properties":{"name":"Podivice,,háj.","CIS_ok_internal_id":27202,"typ_dopravy":"VLD","mhd":"NE","obec":"Podivice","osm_proposal":"highway=bus_stop public_transport=platform","osm_stop_distance_m":2708,"osm_stop_within_100m":false},"geometry":{"type":"Point","coordinates":[17.0427487,49.3682863]}},{"type":"Feature","properties":{"name":"Podolí,,rest.","CIS_ok_internal_id":27284,"typ_dopravy":"VLD","mhd":"NE","obec":"Podolí","osm_proposal":"highway=bus_stop public_transport=platform","osm_stop_distance_m":1805,"osm_stop_within_100m":false},"geometry":{"type":"Point","coordinates":[17.5304741,49.4455441]}},{"type":"Feature","properties":{"name":"Polkovice,,rest.","CIS_ok_internal_id":27493,"typ_dopravy":"VLD","mhd":"NE","obec":"Polkovice","osm_proposal":"highway=bus_stop public_transport=platform","osm_stop_distance_m":14,"osm_stop_within_100m":true},"geometry":{"type":"Point","coordinates":[17.2594152,49.3911066]}},{"type":"Feature","properties":{"name":"Polkovice,,rozc.","CIS_ok_internal_id":27494,"typ_dopravy":"VLD","mhd":"NE","obec":"Polkovice","osm_proposal":"highway=bus_stop public_transport=platform","osm_stop_distance_m":29,"osm_stop_within_100m":true},"geometry":{"type":"Point","coordinates":[17.2578223,49.3886589]}},{"type":"Feature","properties":{"name":"Polom,,pošta","CIS_ok_internal_id":27518,"typ_dopravy":"VLD","mhd":"NE","obec":"Polom","osm_proposal":"highway=bus_stop public_transport=platform","osm_stop_distance_m":912,"osm_stop_within_100m":false},"geometry":{"type":"Point","coordinates":[17.8429576,49.5776417]}},{"type":"Feature","properties":{"name":"Polom,,rozc.k žel.st.","CIS_ok_internal_id":27519,"typ_dopravy":"VLD","mhd":"NE","obec":"Polom","osm_proposal":"highway=bus_stop public_transport=platform","osm_stop_distance_m":240,"osm_stop_within_100m":false},"geometry":{"type":"Point","coordinates":[17.8567869,49.5765193]}},{"type":"Feature","properties":{"name":"Polomí","CIS_ok_internal_id":27523,"typ_dopravy":"VLD","mhd":"NE","obec":"Polomí","osm_proposal":"highway=bus_stop public_transport=platform","osm_stop_distance_m":14,"osm_stop_within_100m":true},"geometry":{"type":"Point","coordinates":[16.949583,49.6313266]}},{"type":"Feature","properties":{"name":"Potštát,,aut.st.","CIS_ok_internal_id":27702,"typ_dopravy":"VLD","mhd":"NE","obec":"Potštát","osm_proposal":"highway=bus_stop public_transport=platform","osm_stop_distance_m":14,"osm_stop_within_100m":true},"geometry":{"type":"Point","coordinates":[17.6516076,49.6357541]}},{"type":"Feature","properties":{"name":"Potštát,,rozc.Kovářov","CIS_ok_internal_id":27703,"typ_dopravy":"VLD","mhd":"NE","obec":"Potštát","osm_proposal":"highway=bus_stop public_transport=platform","osm_stop_distance_m":604,"osm_stop_within_100m":false},"geometry":{"type":"Point","coordinates":[17.6550715,49.6408712]}},{"type":"Feature","properties":{"name":"Potštát,,rozc.Kyžlířov","CIS_ok_internal_id":27704,"typ_dopravy":"VLD","mhd":"NE","obec":"Potštát","osm_proposal":"highway=bus_stop public_transport=platform","osm_stop_distance_m":20,"osm_stop_within_100m":true},"geometry":{"type":"Point","coordinates":[17.6637859,49.6265472]}},{"type":"Feature","properties":{"name":"Potštát,,škola","CIS_ok_internal_id":27705,"typ_dopravy":"VLD","mhd":"NE","obec":"Potštát","osm_proposal":"highway=bus_stop public_transport=platform","osm_stop_distance_m":348,"osm_stop_within_100m":false},"geometry":{"type":"Point","coordinates":[17.6522582,49.6389815]}},{"type":"Feature","properties":{"name":"Potštát,Boškov,rozc.","CIS_ok_internal_id":27707,"typ_dopravy":"VLD","mhd":"NE","obec":"Potštát","osm_proposal":"highway=bus_stop public_transport=platform","osm_stop_distance_m":443,"osm_stop_within_100m":false},"geometry":{"type":"Point","coordinates":[17.6220696,49.6279404]}},{"type":"Feature","properties":{"name":"Potštát,Boškov,točna","CIS_ok_internal_id":27708,"typ_dopravy":"VLD","mhd":"NE","obec":"Potštát","osm_proposal":"highway=bus_stop public_transport=platform","osm_stop_distance_m":7,"osm_stop_within_100m":true},"geometry":{"type":"Point","coordinates":[17.6185031,49.6246091]}},{"type":"Feature","properties":{"name":"Potštát,Kovářov,Jednota","CIS_ok_internal_id":27709,"typ_dopravy":"VLD","mhd":"NE","obec":"Potštát","osm_proposal":"highway=bus_stop public_transport=platform","osm_stop_distance_m":1490,"osm_stop_within_100m":false},"geometry":{"type":"Point","coordinates":[17.6516845,49.649332]}},{"type":"Feature","properties":{"name":"Potštát,Kovářov,točna","CIS_ok_internal_id":27710,"typ_dopravy":"VLD","mhd":"NE","obec":"Potštát","osm_proposal":"highway=bus_stop public_transport=platform","osm_stop_distance_m":1951,"osm_stop_within_100m":false},"geometry":{"type":"Point","coordinates":[17.6525319,49.6534961]}},{"type":"Feature","properties":{"name":"Potštát,Kyžlířov,točna","CIS_ok_internal_id":27711,"typ_dopravy":"VLD","mhd":"NE","obec":"Potštát","osm_proposal":"highway=bus_stop public_transport=platform","osm_stop_distance_m":1441,"osm_stop_within_100m":false},"geometry":{"type":"Point","coordinates":[17.6747551,49.6374985]}},{"type":"Feature","properties":{"name":"Potštát,Lipná,dolní konec","CIS_ok_internal_id":27712,"typ_dopravy":"VLD","mhd":"NE","obec":"Potštát","osm_proposal":"highway=bus_stop public_transport=platform","osm_stop_distance_m":2472,"osm_stop_within_100m":false},"geometry":{"type":"Point","coordinates":[17.6909607,49.673657]}},{"type":"Feature","properties":{"name":"Potštát,Lipná,kaple","CIS_ok_internal_id":27713,"typ_dopravy":"VLD","mhd":"NE","obec":"Potštát","osm_proposal":"highway=bus_stop public_transport=platform","osm_stop_distance_m":3332,"osm_stop_within_100m":false},"geometry":{"type":"Point","coordinates":[17.6931721,49.659625]}},{"type":"Feature","properties":{"name":"Potštát,Lipná,rozc.","CIS_ok_internal_id":27715,"typ_dopravy":"VLD","mhd":"NE","obec":"Potštát","osm_proposal":"highway=bus_stop public_transport=platform","osm_stop_distance_m":3054,"osm_stop_within_100m":false},"geometry":{"type":"Point","coordinates":[17.7049733,49.658668]}},{"type":"Feature","properties":{"name":"Potštát,Lipná,točna","CIS_ok_internal_id":27716,"typ_dopravy":"VLD","mhd":"NE","obec":"Potštát","osm_proposal":"highway=bus_stop public_transport=platform","osm_stop_distance_m":3041,"osm_stop_within_100m":false},"geometry":{"type":"Point","coordinates":[17.692128,49.6671312]}},{"type":"Feature","properties":{"name":"Prosenice,,cukrovar","CIS_ok_internal_id":28331,"typ_dopravy":"VLD","mhd":"NE","obec":"Prosenice","osm_proposal":"highway=bus_stop public_transport=platform","osm_stop_distance_m":392,"osm_stop_within_100m":false},"geometry":{"type":"Point","coordinates":[17.4888093,49.4920685]}},{"type":"Feature","properties":{"name":"Prosenice,,náves","CIS_ok_internal_id":28332,"typ_dopravy":"VLD","mhd":"NE","obec":"Prosenice","osm_proposal":"highway=bus_stop public_transport=platform","osm_stop_distance_m":476,"osm_stop_within_100m":false},"geometry":{"type":"Point","coordinates":[17.4833562,49.4899006]}},{"type":"Feature","properties":{"name":"Prosenice,,rozc.","CIS_ok_internal_id":28333,"typ_dopravy":"VLD","mhd":"NE","obec":"Prosenice","osm_proposal":"highway=bus_stop public_transport=platform","osm_stop_distance_m":83,"osm_stop_within_100m":true},"geometry":{"type":"Point","coordinates":[17.4841962,49.4944865]}},{"type":"Feature","properties":{"name":"Prosenice,,rozvodna SME","CIS_ok_internal_id":28334,"typ_dopravy":"VLD","mhd":"NE","obec":"Prosenice","osm_proposal":"highway=bus_stop public_transport=platform","osm_stop_distance_m":8,"osm_stop_within_100m":true},"geometry":{"type":"Point","coordinates":[17.5007524,49.502527]}},{"type":"Feature","properties":{"name":"Prosenice,,žel.st.","CIS_ok_internal_id":28335,"typ_dopravy":"VLD","mhd":"NE","obec":"Prosenice","osm_proposal":"highway=bus_stop public_transport=platform","osm_stop_distance_m":73,"osm_stop_within_100m":true},"geometry":{"type":"Point","coordinates":[17.4848464,49.5038425]}},{"type":"Feature","properties":{"name":"Prostějov,,aut.st.","CIS_ok_internal_id":28368,"typ_dopravy":"MHD i VLD","mhd":"ANO","obec":"Prostějov","osm_proposal":"highway=bus_stop public_transport=platform","osm_stop_distance_m":47,"osm_stop_within_100m":true},"geometry":{"type":"Point","coordinates":[17.1285191,49.473829]}},{"type":"Feature","properties":{"name":"Prostějov,,Floriánské nám.","CIS_ok_internal_id":28370,"typ_dopravy":"MHD i VLD","mhd":"ANO","obec":"Prostějov","osm_proposal":"highway=bus_stop public_transport=platform","osm_stop_distance_m":8,"osm_stop_within_100m":true},"geometry":{"type":"Point","coordinates":[17.1070755,49.4738081]}},{"type":"Feature","properties":{"name":"Prostějov,,Brněnská","CIS_ok_internal_id":28371,"typ_dopravy":"MHD i VLD","mhd":"ANO","obec":"Prostějov","osm_proposal":"highway=bus_stop public_transport=platform","osm_stop_distance_m":47,"osm_stop_within_100m":true},"geometry":{"type":"Point","coordinates":[17.1114583,49.4647004]}},{"type":"Feature","properties":{"name":"Prostějov,,Dolní FTL","CIS_ok_internal_id":28373,"typ_dopravy":"MHD i VLD","mhd":"ANO","obec":"Prostějov","osm_proposal":"highway=bus_stop public_transport=platform","osm_stop_distance_m":2,"osm_stop_within_100m":true},"geometry":{"type":"Point","coordinates":[17.1277165,49.4662264]}},{"type":"Feature","properties":{"name":"Prostějov,,Kostelecká","CIS_ok_internal_id":28376,"typ_dopravy":"MHD i VLD","mhd":"ANO","obec":"Prostějov","osm_proposal":"highway=bus_stop public_transport=platform","osm_stop_distance_m":14,"osm_stop_within_100m":true},"geometry":{"type":"Point","coordinates":[17.1058767,49.478886]}},{"type":"Feature","properties":{"name":"Prostějov,,Lidická","CIS_ok_internal_id":28377,"typ_dopravy":"VLD","mhd":"NE","obec":"Prostějov","osm_proposal":"highway=bus_stop public_transport=platform","osm_stop_distance_m":338,"osm_stop_within_100m":false},"geometry":{"type":"Point","coordinates":[17.1170714,49.4679171]}},{"type":"Feature","properties":{"name":"Prostějov,,Okružní křiž.Určická","CIS_ok_internal_id":28380,"typ_dopravy":"VLD","mhd":"NE","obec":"Prostějov","osm_proposal":"highway=bus_stop public_transport=platform","osm_stop_distance_m":17,"osm_stop_within_100m":true},"geometry":{"type":"Point","coordinates":[17.1030883,49.4640801]}},{"type":"Feature","properties":{"name":"Prostějov,,Okružní","CIS_ok_internal_id":28381,"typ_dopravy":"MHD i VLD","mhd":"ANO","obec":"Prostějov","osm_proposal":"highway=bus_stop public_transport=platform","osm_stop_distance_m":66,"osm_stop_within_100m":true},"geometry":{"type":"Point","coordinates":[17.1107931,49.4637652]}},{"type":"Feature","properties":{"name":"Prostějov,,Olomoucká","CIS_ok_internal_id":28382,"typ_dopravy":"MHD i VLD","mhd":"ANO","obec":"Prostějov","osm_proposal":"highway=bus_stop public_transport=platform","osm_stop_distance_m":83,"osm_stop_within_100m":true},"geometry":{"type":"Point","coordinates":[17.118746,49.4797972]}},{"type":"Feature","properties":{"name":"Prostějov,,Plumlovská sídl.","CIS_ok_internal_id":28383,"typ_dopravy":"MHD i VLD","mhd":"ANO","obec":"Prostějov","osm_proposal":"highway=bus_stop public_transport=platform","osm_stop_distance_m":21,"osm_stop_within_100m":true},"geometry":{"type":"Point","coordinates":[17.0950879,49.4723193]}},{"type":"Feature","properties":{"name":"Prostějov,,Sladkovského","CIS_ok_internal_id":28384,"typ_dopravy":"VLD","mhd":"NE","obec":"Prostějov","osm_proposal":"highway=bus_stop public_transport=platform","osm_stop_distance_m":17,"osm_stop_within_100m":true},"geometry":{"type":"Point","coordinates":[17.113469,49.4782034]}},{"type":"Feature","properties":{"name":"Prostějov,,Svatoplukova DONA","CIS_ok_internal_id":28385,"typ_dopravy":"VLD","mhd":"NE","obec":"Prostějov","osm_proposal":"highway=bus_stop public_transport=platform","osm_stop_distance_m":205,"osm_stop_within_100m":false},"geometry":{"type":"Point","coordinates":[17.1217563,49.4727104]}},{"type":"Feature","properties":{"name":"Prostějov,,Újezd","CIS_ok_internal_id":28387,"typ_dopravy":"MHD i VLD","mhd":"ANO","obec":"Prostějov","osm_proposal":"highway=bus_stop public_transport=platform","osm_stop_distance_m":28,"osm_stop_within_100m":true},"geometry":{"type":"Point","coordinates":[17.1174758,49.4714538]}},{"type":"Feature","properties":{"name":"Prostějov,,Vápenice","CIS_ok_internal_id":28388,"typ_dopravy":"MHD","mhd":"ANO","obec":"Prostějov","osm_proposal":"highway=bus_stop public_transport=platform","osm_stop_distance_m":8,"osm_stop_within_100m":true},"geometry":{"type":"Point","coordinates":[17.1126684,49.4740706]}},{"type":"Feature","properties":{"name":"Prostějov,,Za Kosteleckou","CIS_ok_internal_id":28389,"typ_dopravy":"VLD","mhd":"NE","obec":"Prostějov","osm_proposal":"highway=bus_stop public_transport=platform","osm_stop_distance_m":648,"osm_stop_within_100m":false},"geometry":{"type":"Point","coordinates":[17.0977485,49.4847333]}},{"type":"Feature","properties":{"name":"Prostějov,,Železárny","CIS_ok_internal_id":28390,"typ_dopravy":"MHD i VLD","mhd":"ANO","obec":"Prostějov","osm_proposal":"highway=bus_stop public_transport=platform","osm_stop_distance_m":31,"osm_stop_within_100m":true},"geometry":{"type":"Point","coordinates":[17.1333339,49.4653123]}},{"type":"Feature","properties":{"name":"Prostějov,Čechovice","CIS_ok_internal_id":28391,"typ_dopravy":"MHD","mhd":"ANO","obec":"Prostějov","osm_proposal":"highway=bus_stop public_transport=platform","osm_stop_distance_m":2,"osm_stop_within_100m":true},"geometry":{"type":"Point","coordinates":[17.0761787,49.4669079]}},{"type":"Feature","properties":{"name":"Prostějov,Čechůvky","CIS_ok_internal_id":28392,"typ_dopravy":"MHD i VLD","mhd":"ANO","obec":"Prostějov","osm_proposal":"highway=bus_stop public_transport=platform","osm_stop_distance_m":7,"osm_stop_within_100m":true},"geometry":{"type":"Point","coordinates":[17.1617267,49.4731872]}},{"type":"Feature","properties":{"name":"Prostějov,Domamyslice","CIS_ok_internal_id":28394,"typ_dopravy":"MHD","mhd":"ANO","obec":"Prostějov","osm_proposal":"highway=bus_stop public_transport=platform","osm_stop_distance_m":0,"osm_stop_within_100m":true},"geometry":{"type":"Point","coordinates":[17.0672748,49.4673543]}},{"type":"Feature","properties":{"name":"Držovice,,hl.zast.","CIS_ok_internal_id":28395,"typ_dopravy":"VLD","mhd":"NE","obec":"Držovice","osm_proposal":"highway=bus_stop public_transport=platform","osm_stop_distance_m":9,"osm_stop_within_100m":true},"geometry":{"type":"Point","coordinates":[17.1284661,49.4902155]}},{"type":"Feature","properties":{"name":"Prostějov,Krasice,rozc.","CIS_ok_internal_id":28396,"typ_dopravy":"MHD i VLD","mhd":"ANO","obec":"Prostějov","osm_proposal":"highway=bus_stop public_transport=platform","osm_stop_distance_m":76,"osm_stop_within_100m":true},"geometry":{"type":"Point","coordinates":[17.0873699,49.4722483]}},{"type":"Feature","properties":{"name":"Prostějov,Trpínky","CIS_ok_internal_id":28397,"typ_dopravy":"MHD i VLD","mhd":"ANO","obec":"Prostějov","osm_proposal":"highway=bus_stop public_transport=platform","osm_stop_distance_m":47,"osm_stop_within_100m":true},"geometry":{"type":"Point","coordinates":[17.155906,49.4765772]}},{"type":"Feature","properties":{"name":"Prostějov,Vrahovice,Hanačka","CIS_ok_internal_id":28398,"typ_dopravy":"MHD i VLD","mhd":"ANO","obec":"Prostějov","osm_proposal":"highway=bus_stop public_transport=platform","osm_stop_distance_m":14,"osm_stop_within_100m":true},"geometry":{"type":"Point","coordinates":[17.1465437,49.4799559]}},{"type":"Feature","properties":{"name":"Prostějov,Vrahovice,Vrahovická","CIS_ok_internal_id":28399,"typ_dopravy":"MHD i VLD","mhd":"ANO","obec":"Prostějov","osm_proposal":"highway=bus_stop public_transport=platform","osm_stop_distance_m":71,"osm_stop_within_100m":true},"geometry":{"type":"Point","coordinates":[17.1366511,49.4771631]}},{"type":"Feature","properties":{"name":"Prostějov,Žešov","CIS_ok_internal_id":28401,"typ_dopravy":"MHD i VLD","mhd":"ANO","obec":"Prostějov","osm_proposal":"highway=bus_stop public_transport=platform","osm_stop_distance_m":18,"osm_stop_within_100m":true},"geometry":{"type":"Point","coordinates":[17.1126298,49.4372638]}},{"type":"Feature","properties":{"name":"Prostějovičky,,čekárna","CIS_ok_internal_id":28403,"typ_dopravy":"VLD","mhd":"NE","obec":"Prostějovičky","osm_proposal":"highway=bus_stop public_transport=platform","osm_stop_distance_m":5,"osm_stop_within_100m":true},"geometry":{"type":"Point","coordinates":[16.9976183,49.4282204]}},{"type":"Feature","properties":{"name":"Prostějovičky,,točna","CIS_ok_internal_id":28404,"typ_dopravy":"VLD","mhd":"NE","obec":"Prostějovičky","osm_proposal":"highway=bus_stop public_transport=platform","osm_stop_distance_m":1,"osm_stop_within_100m":true},"geometry":{"type":"Point","coordinates":[16.9961867,49.4259488]}},{"type":"Feature","properties":{"name":"Protivanov","CIS_ok_internal_id":28421,"typ_dopravy":"VLD","mhd":"NE","obec":"Protivanov","osm_proposal":"highway=bus_stop public_transport=platform","osm_stop_distance_m":7,"osm_stop_within_100m":true},"geometry":{"type":"Point","coordinates":[16.8365402,49.4820297]}},{"type":"Feature","properties":{"name":"Protivanov,,dol.zast.","CIS_ok_internal_id":28423,"typ_dopravy":"VLD","mhd":"NE","obec":"Protivanov","osm_proposal":"highway=bus_stop public_transport=platform","osm_stop_distance_m":8,"osm_stop_within_100m":true},"geometry":{"type":"Point","coordinates":[16.8377041,49.4873765]}},{"type":"Feature","properties":{"name":"Protivanov,,pila","CIS_ok_internal_id":28424,"typ_dopravy":"VLD","mhd":"NE","obec":"Protivanov","osm_proposal":"highway=bus_stop public_transport=platform","osm_stop_distance_m":6,"osm_stop_within_100m":true},"geometry":{"type":"Point","coordinates":[16.8263681,49.4761226]}},{"type":"Feature","properties":{"name":"Protivanov,,tábor Metra","CIS_ok_internal_id":28426,"typ_dopravy":"VLD","mhd":"NE","obec":"Protivanov","osm_proposal":"highway=bus_stop public_transport=platform","osm_stop_distance_m":3,"osm_stop_within_100m":true},"geometry":{"type":"Point","coordinates":[16.8148552,49.4713742]}},{"type":"Feature","properties":{"name":"Provodovice,,rozc.","CIS_ok_internal_id":28462,"typ_dopravy":"VLD","mhd":"NE","obec":"Provodovice","osm_proposal":"highway=bus_stop public_transport=platform","osm_stop_distance_m":9,"osm_stop_within_100m":true},"geometry":{"type":"Point","coordinates":[17.7657718,49.4516097]}},{"type":"Feature","properties":{"name":"Přáslavice,,Bistro","CIS_ok_internal_id":28535,"typ_dopravy":"VLD","mhd":"NE","obec":"Přáslavice","osm_proposal":"highway=bus_stop public_transport=platform","osm_stop_distance_m":63,"osm_stop_within_100m":true},"geometry":{"type":"Point","coordinates":[17.3873763,49.5877556]}},{"type":"Feature","properties":{"name":"Přáslavice,,rozc.Mariánské Údolí","CIS_ok_internal_id":28536,"typ_dopravy":"VLD","mhd":"NE","obec":"Přáslavice","osm_proposal":"highway=bus_stop public_transport=platform","osm_stop_distance_m":54,"osm_stop_within_100m":true},"geometry":{"type":"Point","coordinates":[17.3917416,49.5879853]}},{"type":"Feature","properties":{"name":"Přáslavice,,sušárna","CIS_ok_internal_id":28537,"typ_dopravy":"VLD","mhd":"NE","obec":"Přáslavice","osm_proposal":"highway=bus_stop public_transport=platform","osm_stop_distance_m":826,"osm_stop_within_100m":false},"geometry":{"type":"Point","coordinates":[17.4048785,49.5947879]}},{"type":"Feature","properties":{"name":"Přáslavice,,škola","CIS_ok_internal_id":28538,"typ_dopravy":"VLD","mhd":"NE","obec":"Přáslavice","osm_proposal":"highway=bus_stop public_transport=platform","osm_stop_distance_m":11,"osm_stop_within_100m":true},"geometry":{"type":"Point","coordinates":[17.3817967,49.5859063]}},{"type":"Feature","properties":{"name":"Přáslavice,Kocourovec","CIS_ok_internal_id":28539,"typ_dopravy":"VLD","mhd":"NE","obec":"Přáslavice","osm_proposal":"highway=bus_stop public_transport=platform","osm_stop_distance_m":34,"osm_stop_within_100m":true},"geometry":{"type":"Point","coordinates":[17.4114936,49.5824983]}},{"type":"Feature","properties":{"name":"Přemyslovice,,obchod","CIS_ok_internal_id":28644,"typ_dopravy":"VLD","mhd":"NE","obec":"Přemyslovice","osm_proposal":"highway=bus_stop public_transport=platform","osm_stop_distance_m":33,"osm_stop_within_100m":true},"geometry":{"type":"Point","coordinates":[16.9541425,49.5534102]}},{"type":"Feature","properties":{"name":"Přemyslovice,,pošta","CIS_ok_internal_id":28645,"typ_dopravy":"VLD","mhd":"NE","obec":"Přemyslovice","osm_proposal":"highway=bus_stop public_transport=platform","osm_stop_distance_m":31,"osm_stop_within_100m":true},"geometry":{"type":"Point","coordinates":[16.9561767,49.5565121]}},{"type":"Feature","properties":{"name":"Přemyslovice,,sokolovna","CIS_ok_internal_id":28646,"typ_dopravy":"VLD","mhd":"NE","obec":"Přemyslovice","osm_proposal":"highway=bus_stop public_transport=platform","osm_stop_distance_m":7,"osm_stop_within_100m":true},"geometry":{"type":"Point","coordinates":[16.9638886,49.5625275]}},{"type":"Feature","properties":{"name":"Přemyslovice,Štarnov","CIS_ok_internal_id":28647,"typ_dopravy":"VLD","mhd":"NE","obec":"Přemyslovice","osm_proposal":"highway=bus_stop public_transport=platform","osm_stop_distance_m":3,"osm_stop_within_100m":true},"geometry":{"type":"Point","coordinates":[16.9255567,49.5717466]}},{"type":"Feature","properties":{"name":"Přerov,,aut.nádr.","CIS_ok_internal_id":28660,"typ_dopravy":"MHD i VLD","mhd":"ANO","obec":"Přerov","osm_proposal":"highway=bus_stop public_transport=platform","osm_stop_distance_m":85,"osm_stop_within_100m":true},"geometry":{"type":"Point","coordinates":[17.448413,49.4468396]}},{"type":"Feature","properties":{"name":"Přerov,,Bayerova","CIS_ok_internal_id":28661,"typ_dopravy":"MHD","mhd":"ANO","obec":"Přerov","osm_proposal":"highway=bus_stop public_transport=platform","osm_stop_distance_m":38,"osm_stop_within_100m":true},"geometry":{"type":"Point","coordinates":[17.4561822,49.4537947]}},{"type":"Feature","properties":{"name":"Přerov,,Čechova","CIS_ok_internal_id":28662,"typ_dopravy":"VLD","mhd":"NE","obec":"Přerov","osm_proposal":"highway=bus_stop public_transport=platform","osm_stop_distance_m":8,"osm_stop_within_100m":true},"geometry":{"type":"Point","coordinates":[17.4562612,49.4518492]}},{"type":"Feature","properties":{"name":"Přerov,,drůbežárny","CIS_ok_internal_id":28664,"typ_dopravy":"MHD i VLD","mhd":"ANO","obec":"Přerov","osm_proposal":"highway=bus_stop public_transport=platform","osm_stop_distance_m":37,"osm_stop_within_100m":true},"geometry":{"type":"Point","coordinates":[17.4139892,49.4412148]}},{"type":"Feature","properties":{"name":"Přerov,,hřbitov","CIS_ok_internal_id":28665,"typ_dopravy":"MHD","mhd":"ANO","obec":"Přerov","osm_proposal":"highway=bus_stop public_transport=platform","osm_stop_distance_m":101,"osm_stop_within_100m":false},"geometry":{"type":"Point","coordinates":[17.4593687,49.4474442]}},{"type":"Feature","properties":{"name":"Přerov,,Jižní čtvrť","CIS_ok_internal_id":28666,"typ_dopravy":"MHD i VLD","mhd":"ANO","obec":"Přerov","osm_proposal":"highway=bus_stop public_transport=platform","osm_stop_distance_m":13,"osm_stop_within_100m":true},"geometry":{"type":"Point","coordinates":[17.4570474,49.4417998]}},{"type":"Feature","properties":{"name":"Přerov,,Kabelíkova","CIS_ok_internal_id":28667,"typ_dopravy":"MHD","mhd":"ANO","obec":"Přerov","osm_proposal":"highway=bus_stop public_transport=platform","osm_stop_distance_m":8,"osm_stop_within_100m":true},"geometry":{"type":"Point","coordinates":[17.474194,49.4513683]}},{"type":"Feature","properties":{"name":"Přerov,,bazén","CIS_ok_internal_id":28668,"typ_dopravy":"MHD","mhd":"ANO","obec":"Přerov","osm_proposal":"highway=bus_stop public_transport=platform","osm_stop_distance_m":8,"osm_stop_within_100m":true},"geometry":{"type":"Point","coordinates":[17.4456518,49.4591073]}},{"type":"Feature","properties":{"name":"Přerov,,most Míru","CIS_ok_internal_id":28670,"typ_dopravy":"MHD i VLD","mhd":"ANO","obec":"Přerov","osm_proposal":"highway=bus_stop public_transport=platform","osm_stop_distance_m":14,"osm_stop_within_100m":true},"geometry":{"type":"Point","coordinates":[17.4443705,49.4557771]}},{"type":"Feature","properties":{"name":"Přerov,,most Legií","CIS_ok_internal_id":28671,"typ_dopravy":"MHD","mhd":"ANO","obec":"Přerov","osm_proposal":"highway=bus_stop public_transport=platform","osm_stop_distance_m":21,"osm_stop_within_100m":true},"geometry":{"type":"Point","coordinates":[17.4418195,49.4534311]}},{"type":"Feature","properties":{"name":"Přerov,,nábř.PFB","CIS_ok_internal_id":28672,"typ_dopravy":"MHD i VLD","mhd":"ANO","obec":"Přerov","osm_proposal":"highway=bus_stop public_transport=platform","osm_stop_distance_m":10,"osm_stop_within_100m":true},"geometry":{"type":"Point","coordinates":[17.4451802,49.4546643]}},{"type":"Feature","properties":{"name":"Přerov,,nemocnice","CIS_ok_internal_id":28673,"typ_dopravy":"MHD i VLD","mhd":"ANO","obec":"Přerov","osm_proposal":"highway=bus_stop public_transport=platform","osm_stop_distance_m":24,"osm_stop_within_100m":true},"geometry":{"type":"Point","coordinates":[17.4708863,49.4554189]}},{"type":"Feature","properties":{"name":"Přerov,,nemocnice Meopta","CIS_ok_internal_id":28674,"typ_dopravy":"MHD","mhd":"ANO","obec":"Přerov","osm_proposal":"highway=bus_stop public_transport=platform","osm_stop_distance_m":2,"osm_stop_within_100m":true},"geometry":{"type":"Point","coordinates":[17.4711875,49.4553509]}},{"type":"Feature","properties":{"name":"Přerov,,pivovar","CIS_ok_internal_id":28675,"typ_dopravy":"MHD","mhd":"ANO","obec":"Přerov","osm_proposal":"highway=bus_stop public_transport=platform","osm_stop_distance_m":13,"osm_stop_within_100m":true},"geometry":{"type":"Point","coordinates":[17.4483953,49.4510879]}},{"type":"Feature","properties":{"name":"Přerov,,Dvořákova","CIS_ok_internal_id":28676,"typ_dopravy":"MHD i VLD","mhd":"ANO","obec":"Přerov","osm_proposal":"highway=bus_stop public_transport=platform","osm_stop_distance_m":36,"osm_stop_within_100m":true},"geometry":{"type":"Point","coordinates":[17.4657902,49.4536226]}},{"type":"Feature","properties":{"name":"Přerov,,teplárna","CIS_ok_internal_id":28678,"typ_dopravy":"MHD i VLD","mhd":"ANO","obec":"Přerov","osm_proposal":"highway=bus_stop public_transport=platform","osm_stop_distance_m":43,"osm_stop_within_100m":true},"geometry":{"type":"Point","coordinates":[17.4308702,49.444158]}},{"type":"Feature","properties":{"name":"Přerov,,strojírny","CIS_ok_internal_id":28679,"typ_dopravy":"MHD i VLD","mhd":"ANO","obec":"Přerov","osm_proposal":"highway=bus_stop public_transport=platform","osm_stop_distance_m":35,"osm_stop_within_100m":true},"geometry":{"type":"Point","coordinates":[17.4397446,49.4418227]}},{"type":"Feature","properties":{"name":"Přerov,,chemické závody II","CIS_ok_internal_id":28680,"typ_dopravy":"MHD","mhd":"ANO","obec":"Přerov","osm_proposal":"highway=bus_stop public_transport=platform","osm_stop_distance_m":23,"osm_stop_within_100m":true},"geometry":{"type":"Point","coordinates":[17.4220908,49.4512723]}},{"type":"Feature","properties":{"name":"Přerov,,chemické závody I","CIS_ok_internal_id":28681,"typ_dopravy":"MHD","mhd":"ANO","obec":"Přerov","osm_proposal":"highway=bus_stop public_transport=platform","osm_stop_distance_m":7,"osm_stop_within_100m":true},"geometry":{"type":"Point","coordinates":[17.4324216,49.4524897]}},{"type":"Feature","properties":{"name":"Přerov,,rozc.k letišti","CIS_ok_internal_id":28683,"typ_dopravy":"MHD i VLD","mhd":"ANO","obec":"Přerov","osm_proposal":"highway=bus_stop public_transport=platform","osm_stop_distance_m":7,"osm_stop_within_100m":true},"geometry":{"type":"Point","coordinates":[17.4071606,49.4404769]}},{"type":"Feature","properties":{"name":"Přerov,,Tovačovská","CIS_ok_internal_id":28684,"typ_dopravy":"MHD","mhd":"ANO","obec":"Přerov","osm_proposal":"highway=bus_stop public_transport=platform","osm_stop_distance_m":47,"osm_stop_within_100m":true},"geometry":{"type":"Point","coordinates":[17.4387009,49.4466893]}},{"type":"Feature","properties":{"name":"Přerov,,sokolovna","CIS_ok_internal_id":28687,"typ_dopravy":"MHD i VLD","mhd":"ANO","obec":"Přerov","osm_proposal":"highway=bus_stop public_transport=platform","osm_stop_distance_m":6,"osm_stop_within_100m":true},"geometry":{"type":"Point","coordinates":[17.4483889,49.4574557]}},{"type":"Feature","properties":{"name":"Přerov,,Svépomoc III","CIS_ok_internal_id":28688,"typ_dopravy":"MHD","mhd":"ANO","obec":"Přerov","osm_proposal":"highway=bus_stop public_transport=platform","osm_stop_distance_m":0,"osm_stop_within_100m":true},"geometry":{"type":"Point","coordinates":[17.4413064,49.4572132]}},{"type":"Feature","properties":{"name":"Přerov,,Svisle","CIS_ok_internal_id":28689,"typ_dopravy":"MHD","mhd":"ANO","obec":"Přerov","osm_proposal":"highway=bus_stop public_transport=platform","osm_stop_distance_m":52,"osm_stop_within_100m":true},"geometry":{"type":"Point","coordinates":[17.4583587,49.449658]}},{"type":"Feature","properties":{"name":"Přerov,,Šířava SOU","CIS_ok_internal_id":28690,"typ_dopravy":"MHD","mhd":"ANO","obec":"Přerov","osm_proposal":"highway=bus_stop public_transport=platform","osm_stop_distance_m":8,"osm_stop_within_100m":true},"geometry":{"type":"Point","coordinates":[17.454733,49.4521723]}},{"type":"Feature","properties":{"name":"Přerov,,tř.Gen.Janouška","CIS_ok_internal_id":28691,"typ_dopravy":"MHD","mhd":"ANO","obec":"Přerov","osm_proposal":"highway=bus_stop public_transport=platform","osm_stop_distance_m":25,"osm_stop_within_100m":true},"geometry":{"type":"Point","coordinates":[17.4684413,49.4519965]}},{"type":"Feature","properties":{"name":"Přerov,,U Tenisu","CIS_ok_internal_id":28692,"typ_dopravy":"MHD","mhd":"ANO","obec":"Přerov","osm_proposal":"highway=bus_stop public_transport=platform","osm_stop_distance_m":10,"osm_stop_within_100m":true},"geometry":{"type":"Point","coordinates":[17.4611658,49.4544559]}},{"type":"Feature","properties":{"name":"Přerov,,Palackého","CIS_ok_internal_id":28693,"typ_dopravy":"MHD i VLD","mhd":"ANO","obec":"Přerov","osm_proposal":"highway=bus_stop public_transport=platform","osm_stop_distance_m":14,"osm_stop_within_100m":true},"geometry":{"type":"Point","coordinates":[17.4470586,49.4544132]}},{"type":"Feature","properties":{"name":"Přerov,,Velká Dlážka","CIS_ok_internal_id":28694,"typ_dopravy":"MHD i VLD","mhd":"ANO","obec":"Přerov","osm_proposal":"highway=bus_stop public_transport=platform","osm_stop_distance_m":60,"osm_stop_within_100m":true},"geometry":{"type":"Point","coordinates":[17.4421927,49.4600283]}},{"type":"Feature","properties":{"name":"Přerov,,HZS","CIS_ok_internal_id":28695,"typ_dopravy":"MHD i VLD","mhd":"ANO","obec":"Přerov","osm_proposal":"highway=bus_stop public_transport=platform","osm_stop_distance_m":29,"osm_stop_within_100m":true},"geometry":{"type":"Point","coordinates":[17.4578344,49.4350583]}},{"type":"Feature","properties":{"name":"Přerov,,Želatovská","CIS_ok_internal_id":28696,"typ_dopravy":"MHD i VLD","mhd":"ANO","obec":"Přerov","osm_proposal":"highway=bus_stop public_transport=platform","osm_stop_distance_m":58,"osm_stop_within_100m":true},"geometry":{"type":"Point","coordinates":[17.4667106,49.4508528]}},{"type":"Feature","properties":{"name":"Přerov,Čekyně,Borošín","CIS_ok_internal_id":28698,"typ_dopravy":"MHD i VLD","mhd":"ANO","obec":"Přerov","osm_proposal":"highway=bus_stop public_transport=platform","osm_stop_distance_m":3,"osm_stop_within_100m":true},"geometry":{"type":"Point","coordinates":[17.4202234,49.4994032]}},{"type":"Feature","properties":{"name":"Přerov,Čekyně,škola","CIS_ok_internal_id":28699,"typ_dopravy":"MHD i VLD","mhd":"ANO","obec":"Přerov","osm_proposal":"highway=bus_stop public_transport=platform","osm_stop_distance_m":8,"osm_stop_within_100m":true},"geometry":{"type":"Point","coordinates":[17.4271107,49.4925213]}},{"type":"Feature","properties":{"name":"Přerov,Dluhonice,točna","CIS_ok_internal_id":28700,"typ_dopravy":"MHD i VLD","mhd":"ANO","obec":"Přerov","osm_proposal":"highway=bus_stop public_transport=platform","osm_stop_distance_m":14,"osm_stop_within_100m":true},"geometry":{"type":"Point","coordinates":[17.4100247,49.4535386]}},{"type":"Feature","properties":{"name":"Přerov,Dluhonice,náves","CIS_ok_internal_id":28701,"typ_dopravy":"MHD i VLD","mhd":"ANO","obec":"Přerov","osm_proposal":"highway=bus_stop public_transport=platform","osm_stop_distance_m":11,"osm_stop_within_100m":true},"geometry":{"type":"Point","coordinates":[17.4142056,49.4542405]}},{"type":"Feature","properties":{"name":"Přerov,Henčlov,náves","CIS_ok_internal_id":28702,"typ_dopravy":"MHD","mhd":"ANO","obec":"Přerov","osm_proposal":"highway=bus_stop public_transport=platform","osm_stop_distance_m":7,"osm_stop_within_100m":true},"geometry":{"type":"Point","coordinates":[17.3923632,49.4369301]}},{"type":"Feature","properties":{"name":"Přerov,Henčlov","CIS_ok_internal_id":28703,"typ_dopravy":"VLD","mhd":"NE","obec":"Přerov","osm_proposal":"highway=bus_stop public_transport=platform","osm_stop_distance_m":20,"osm_stop_within_100m":true},"geometry":{"type":"Point","coordinates":[17.3927025,49.4357571]}},{"type":"Feature","properties":{"name":"Přerov,Kopaniny,výstaviště","CIS_ok_internal_id":28704,"typ_dopravy":"MHD i VLD","mhd":"ANO","obec":"Přerov","osm_proposal":"highway=bus_stop public_transport=platform","osm_stop_distance_m":13,"osm_stop_within_100m":true},"geometry":{"type":"Point","coordinates":[17.4507233,49.4604211]}},{"type":"Feature","properties":{"name":"Přerov,Kopaniny,ZTŠ","CIS_ok_internal_id":28705,"typ_dopravy":"MHD i VLD","mhd":"ANO","obec":"Přerov","osm_proposal":"highway=bus_stop public_transport=platform","osm_stop_distance_m":31,"osm_stop_within_100m":true},"geometry":{"type":"Point","coordinates":[17.4575146,49.4635908]}},{"type":"Feature","properties":{"name":"Přerov,Kozlovice,náves","CIS_ok_internal_id":28706,"typ_dopravy":"MHD i VLD","mhd":"ANO","obec":"Přerov","osm_proposal":"highway=bus_stop public_transport=platform","osm_stop_distance_m":40,"osm_stop_within_100m":true},"geometry":{"type":"Point","coordinates":[17.4868298,49.4631332]}},{"type":"Feature","properties":{"name":"Přerov,Lověšice,hřbitov","CIS_ok_internal_id":28707,"typ_dopravy":"MHD","mhd":"ANO","obec":"Přerov","osm_proposal":"highway=bus_stop public_transport=platform","osm_stop_distance_m":2,"osm_stop_within_100m":true},"geometry":{"type":"Point","coordinates":[17.4569507,49.4293337]}},{"type":"Feature","properties":{"name":"Přerov,Lověšice,podjezd","CIS_ok_internal_id":28708,"typ_dopravy":"MHD","mhd":"ANO","obec":"Přerov","osm_proposal":"highway=bus_stop public_transport=platform","osm_stop_distance_m":7,"osm_stop_within_100m":true},"geometry":{"type":"Point","coordinates":[17.4497776,49.4283891]}},{"type":"Feature","properties":{"name":"Přerov,Lověšice,točna","CIS_ok_internal_id":28709,"typ_dopravy":"MHD","mhd":"ANO","obec":"Přerov","osm_proposal":"highway=bus_stop public_transport=platform","osm_stop_distance_m":2,"osm_stop_within_100m":true},"geometry":{"type":"Point","coordinates":[17.4495014,49.4258536]}},{"type":"Feature","properties":{"name":"Přerov,Lýsky,u podjezdu","CIS_ok_internal_id":28710,"typ_dopravy":"MHD","mhd":"ANO","obec":"Přerov","osm_proposal":"highway=bus_stop public_transport=platform","osm_stop_distance_m":8,"osm_stop_within_100m":true},"geometry":{"type":"Point","coordinates":[17.4537029,49.4801419]}},{"type":"Feature","properties":{"name":"Přerov,Penčice,Penčičky mlýn","CIS_ok_internal_id":28712,"typ_dopravy":"VLD","mhd":"NE","obec":"Přerov","osm_proposal":"highway=bus_stop public_transport=platform","osm_stop_distance_m":4,"osm_stop_within_100m":true},"geometry":{"type":"Point","coordinates":[17.4147271,49.5088003]}},{"type":"Feature","properties":{"name":"Přerov,Penčice,Penčičky náves","CIS_ok_internal_id":28713,"typ_dopravy":"MHD i VLD","mhd":"ANO","obec":"Přerov","osm_proposal":"highway=bus_stop public_transport=platform","osm_stop_distance_m":50,"osm_stop_within_100m":true},"geometry":{"type":"Point","coordinates":[17.4172584,49.5141095]}},{"type":"Feature","properties":{"name":"Přerov,Popovice","CIS_ok_internal_id":28714,"typ_dopravy":"MHD","mhd":"ANO","obec":"Přerov","osm_proposal":"highway=bus_stop public_transport=platform","osm_stop_distance_m":5,"osm_stop_within_100m":true},"geometry":{"type":"Point","coordinates":[17.4442624,49.4771806]}},{"type":"Feature","properties":{"name":"Přerov,,Staré Rybníky","CIS_ok_internal_id":28715,"typ_dopravy":"MHD i VLD","mhd":"ANO","obec":"Přerov","osm_proposal":"highway=bus_stop public_transport=platform","osm_stop_distance_m":14,"osm_stop_within_100m":true},"geometry":{"type":"Point","coordinates":[17.4369124,49.4628654]}},{"type":"Feature","properties":{"name":"Přerov,Předmostí,Dům služeb","CIS_ok_internal_id":28716,"typ_dopravy":"MHD i VLD","mhd":"ANO","obec":"Přerov","osm_proposal":"highway=bus_stop public_transport=platform","osm_stop_distance_m":39,"osm_stop_within_100m":true},"geometry":{"type":"Point","coordinates":[17.438785,49.4650976]}},{"type":"Feature","properties":{"name":"Přerov,Předmostí,hřbitov","CIS_ok_internal_id":28717,"typ_dopravy":"VLD","mhd":"NE","obec":"Přerov","osm_proposal":"highway=bus_stop public_transport=platform","osm_stop_distance_m":21,"osm_stop_within_100m":true},"geometry":{"type":"Point","coordinates":[17.4370439,49.4659676]}},{"type":"Feature","properties":{"name":"Přerov,Předmostí,škola","CIS_ok_internal_id":28719,"typ_dopravy":"MHD i VLD","mhd":"ANO","obec":"Přerov","osm_proposal":"highway=bus_stop public_transport=platform","osm_stop_distance_m":16,"osm_stop_within_100m":true},"geometry":{"type":"Point","coordinates":[17.4404826,49.4684051]}},{"type":"Feature","properties":{"name":"Přerov,Předmostí,Teličkova","CIS_ok_internal_id":28720,"typ_dopravy":"MHD","mhd":"ANO","obec":"Přerov","osm_proposal":"highway=bus_stop public_transport=platform","osm_stop_distance_m":2,"osm_stop_within_100m":true},"geometry":{"type":"Point","coordinates":[17.4435986,49.4662286]}},{"type":"Feature","properties":{"name":"Přerov,Předmostí,u podjezdu","CIS_ok_internal_id":28721,"typ_dopravy":"MHD","mhd":"ANO","obec":"Přerov","osm_proposal":"highway=bus_stop public_transport=platform","osm_stop_distance_m":4,"osm_stop_within_100m":true},"geometry":{"type":"Point","coordinates":[17.4402029,49.464233]}},{"type":"Feature","properties":{"name":"Přerov,Újezdec,kopec","CIS_ok_internal_id":28722,"typ_dopravy":"MHD","mhd":"ANO","obec":"Přerov","osm_proposal":"highway=bus_stop public_transport=platform","osm_stop_distance_m":18,"osm_stop_within_100m":true},"geometry":{"type":"Point","coordinates":[17.4671856,49.4333152]}},{"type":"Feature","properties":{"name":"Přerov,Újezdec,střed","CIS_ok_internal_id":28723,"typ_dopravy":"MHD","mhd":"ANO","obec":"Přerov","osm_proposal":"highway=bus_stop public_transport=platform","osm_stop_distance_m":2,"osm_stop_within_100m":true},"geometry":{"type":"Point","coordinates":[17.471939,49.431488]}},{"type":"Feature","properties":{"name":"Přerov,Vinary,rest.","CIS_ok_internal_id":28724,"typ_dopravy":"MHD","mhd":"ANO","obec":"Přerov","osm_proposal":"highway=bus_stop public_transport=platform","osm_stop_distance_m":3,"osm_stop_within_100m":true},"geometry":{"type":"Point","coordinates":[17.4470134,49.4840702]}},{"type":"Feature","properties":{"name":"Přerov,Žeravice,hřiště","CIS_ok_internal_id":28725,"typ_dopravy":"MHD","mhd":"ANO","obec":"Přerov","osm_proposal":"highway=bus_stop public_transport=platform","osm_stop_distance_m":8,"osm_stop_within_100m":true},"geometry":{"type":"Point","coordinates":[17.3996683,49.4904811]}},{"type":"Feature","properties":{"name":"Přerov,Žeravice,Lapač","CIS_ok_internal_id":28726,"typ_dopravy":"VLD","mhd":"NE","obec":"Přerov","osm_proposal":"highway=bus_stop public_transport=platform","osm_stop_distance_m":6,"osm_stop_within_100m":true},"geometry":{"type":"Point","coordinates":[17.399119,49.4839204]}},{"type":"Feature","properties":{"name":"Přerov,Žeravice,sídl.","CIS_ok_internal_id":28728,"typ_dopravy":"MHD i VLD","mhd":"ANO","obec":"Přerov","osm_proposal":"highway=bus_stop public_transport=platform","osm_stop_distance_m":10,"osm_stop_within_100m":true},"geometry":{"type":"Point","coordinates":[17.4071457,49.4913231]}},{"type":"Feature","properties":{"name":"Přestavlky,,náves","CIS_ok_internal_id":28741,"typ_dopravy":"VLD","mhd":"NE","obec":"Přestavlky","osm_proposal":"highway=bus_stop public_transport=platform","osm_stop_distance_m":8,"osm_stop_within_100m":true},"geometry":{"type":"Point","coordinates":[17.4786566,49.389406]}},{"type":"Feature","properties":{"name":"Příkazy,,hor.konec","CIS_ok_internal_id":28897,"typ_dopravy":"VLD","mhd":"NE","obec":"Příkazy","osm_proposal":"highway=bus_stop public_transport=platform","osm_stop_distance_m":10,"osm_stop_within_100m":true},"geometry":{"type":"Point","coordinates":[17.1357361,49.6439514]}},{"type":"Feature","properties":{"name":"Příkazy,,pomník padlým","CIS_ok_internal_id":28898,"typ_dopravy":"VLD","mhd":"NE","obec":"Příkazy","osm_proposal":"highway=bus_stop public_transport=platform","osm_stop_distance_m":520,"osm_stop_within_100m":false},"geometry":{"type":"Point","coordinates":[17.1504131,49.6426417]}},{"type":"Feature","properties":{"name":"Příkazy,,žel.st.","CIS_ok_internal_id":28899,"typ_dopravy":"VLD","mhd":"NE","obec":"Příkazy","osm_proposal":"highway=bus_stop public_transport=platform","osm_stop_distance_m":10,"osm_stop_within_100m":true},"geometry":{"type":"Point","coordinates":[17.1453243,49.6383904]}},{"type":"Feature","properties":{"name":"Příkazy,Hynkov,rest.","CIS_ok_internal_id":28900,"typ_dopravy":"VLD","mhd":"NE","obec":"Příkazy","osm_proposal":"highway=bus_stop public_transport=platform","osm_stop_distance_m":2234,"osm_stop_within_100m":false},"geometry":{"type":"Point","coordinates":[17.1732829,49.6691096]}},{"type":"Feature","properties":{"name":"Ptení","CIS_ok_internal_id":28984,"typ_dopravy":"VLD","mhd":"NE","obec":"Ptení","osm_proposal":"highway=bus_stop public_transport=platform","osm_stop_distance_m":9,"osm_stop_within_100m":true},"geometry":{"type":"Point","coordinates":[16.9620378,49.5118601]}},{"type":"Feature","properties":{"name":"Ptení,Holubice","CIS_ok_internal_id":28985,"typ_dopravy":"VLD","mhd":"NE","obec":"Ptení","osm_proposal":"highway=bus_stop public_transport=platform","osm_stop_distance_m":7,"osm_stop_within_100m":true},"geometry":{"type":"Point","coordinates":[16.944224,49.502628]}},{"type":"Feature","properties":{"name":"Ptení,Holubice,Pohodlí","CIS_ok_internal_id":28986,"typ_dopravy":"VLD","mhd":"NE","obec":"Ptení","osm_proposal":"highway=bus_stop public_transport=platform","osm_stop_distance_m":26,"osm_stop_within_100m":true},"geometry":{"type":"Point","coordinates":[16.9262737,49.5097599]}},{"type":"Feature","properties":{"name":"Ptení,Holubice,rozc.0.3","CIS_ok_internal_id":28987,"typ_dopravy":"VLD","mhd":"NE","obec":"Ptení","osm_proposal":"highway=bus_stop public_transport=platform","osm_stop_distance_m":9,"osm_stop_within_100m":true},"geometry":{"type":"Point","coordinates":[16.942588,49.5004409]}},{"type":"Feature","properties":{"name":"Ptení,Ptenský Dvorek,rekr.stř.","CIS_ok_internal_id":28989,"typ_dopravy":"VLD","mhd":"NE","obec":"Ptení","osm_proposal":"highway=bus_stop public_transport=platform","osm_stop_distance_m":8,"osm_stop_within_100m":true},"geometry":{"type":"Point","coordinates":[16.9442039,49.5328875]}},{"type":"Feature","properties":{"name":"Ptení,Ptenský Dvorek,rest.","CIS_ok_internal_id":28990,"typ_dopravy":"VLD","mhd":"NE","obec":"Ptení","osm_proposal":"highway=bus_stop public_transport=platform","osm_stop_distance_m":8,"osm_stop_within_100m":true},"geometry":{"type":"Point","coordinates":[16.9534444,49.5307068]}},{"type":"Feature","properties":{"name":"Radíkov,,náves","CIS_ok_internal_id":29209,"typ_dopravy":"VLD","mhd":"NE","obec":"Radíkov","osm_proposal":"highway=bus_stop public_transport=platform","osm_stop_distance_m":6,"osm_stop_within_100m":true},"geometry":{"type":"Point","coordinates":[17.6760892,49.5964578]}},{"type":"Feature","properties":{"name":"Radíkov,,točna","CIS_ok_internal_id":29210,"typ_dopravy":"VLD","mhd":"NE","obec":"Radíkov","osm_proposal":"highway=bus_stop public_transport=platform","osm_stop_distance_m":384,"osm_stop_within_100m":false},"geometry":{"type":"Point","coordinates":[17.6707923,49.595822]}},{"type":"Feature","properties":{"name":"Radíkov,Kunzov","CIS_ok_internal_id":29211,"typ_dopravy":"VLD","mhd":"NE","obec":"Radíkov","osm_proposal":"highway=bus_stop public_transport=platform","osm_stop_distance_m":9,"osm_stop_within_100m":true},"geometry":{"type":"Point","coordinates":[17.6894555,49.5861867]}},{"type":"Feature","properties":{"name":"Radkova Lhota,,kult.dům","CIS_ok_internal_id":29243,"typ_dopravy":"VLD","mhd":"NE","obec":"Radkova Lhota","osm_proposal":"highway=bus_stop public_transport=platform","osm_stop_distance_m":1682,"osm_stop_within_100m":false},"geometry":{"type":"Point","coordinates":[17.6212553,49.4422612]}},{"type":"Feature","properties":{"name":"Radkova Lhota,Lhotsko,rozc.","CIS_ok_internal_id":29244,"typ_dopravy":"VLD","mhd":"NE","obec":"Radkova Lhota","osm_proposal":"highway=bus_stop public_transport=platform","osm_stop_distance_m":1321,"osm_stop_within_100m":false},"geometry":{"type":"Point","coordinates":[17.6303598,49.4518772]}},{"type":"Feature","properties":{"name":"Radkovy,,rest.","CIS_ok_internal_id":29249,"typ_dopravy":"VLD","mhd":"NE","obec":"Radkovy","osm_proposal":"highway=bus_stop public_transport=platform","osm_stop_distance_m":2052,"osm_stop_within_100m":false},"geometry":{"type":"Point","coordinates":[17.6142054,49.4360808]}},{"type":"Feature","properties":{"name":"Radotín,,Čechův kříž","CIS_ok_internal_id":29338,"typ_dopravy":"VLD","mhd":"NE","obec":"Radotín","osm_proposal":"highway=bus_stop public_transport=platform","osm_stop_distance_m":421,"osm_stop_within_100m":false},"geometry":{"type":"Point","coordinates":[17.625611,49.4814804]}},{"type":"Feature","properties":{"name":"Radotín,,náves","CIS_ok_internal_id":29339,"typ_dopravy":"VLD","mhd":"NE","obec":"Radotín","osm_proposal":"highway=bus_stop public_transport=platform","osm_stop_distance_m":6,"osm_stop_within_100m":true},"geometry":{"type":"Point","coordinates":[17.6311569,49.4802671]}},{"type":"Feature","properties":{"name":"Radslavice,,náves","CIS_ok_internal_id":29356,"typ_dopravy":"VLD","mhd":"NE","obec":"Radslavice","osm_proposal":"highway=bus_stop public_transport=platform","osm_stop_distance_m":2151,"osm_stop_within_100m":false},"geometry":{"type":"Point","coordinates":[17.5162362,49.4772876]}},{"type":"Feature","properties":{"name":"Radvanice,,náves","CIS_ok_internal_id":29372,"typ_dopravy":"VLD","mhd":"NE","obec":"Radvanice","osm_proposal":"highway=bus_stop public_transport=platform","osm_stop_distance_m":2,"osm_stop_within_100m":true},"geometry":{"type":"Point","coordinates":[17.4770636,49.50978]}},{"type":"Feature","properties":{"name":"Radvanice,,Obecní úřad","CIS_ok_internal_id":29373,"typ_dopravy":"VLD","mhd":"NE","obec":"Radvanice","osm_proposal":"highway=bus_stop public_transport=platform","osm_stop_distance_m":19,"osm_stop_within_100m":true},"geometry":{"type":"Point","coordinates":[17.4797624,49.5097231]}},{"type":"Feature","properties":{"name":"Rakov,,rest.","CIS_ok_internal_id":29466,"typ_dopravy":"VLD","mhd":"NE","obec":"Rakov","osm_proposal":"highway=bus_stop public_transport=platform","osm_stop_distance_m":990,"osm_stop_within_100m":false},"geometry":{"type":"Point","coordinates":[17.7073872,49.4913344]}},{"type":"Feature","properties":{"name":"Raková u Konice","CIS_ok_internal_id":29488,"typ_dopravy":"VLD","mhd":"NE","obec":"Raková u Konice","osm_proposal":"highway=bus_stop public_transport=platform","osm_stop_distance_m":7,"osm_stop_within_100m":true},"geometry":{"type":"Point","coordinates":[16.950231,49.6075646]}},{"type":"Feature","properties":{"name":"Raková u Konice,,farma","CIS_ok_internal_id":29489,"typ_dopravy":"VLD","mhd":"NE","obec":"Raková u Konice","osm_proposal":"highway=bus_stop public_transport=platform","osm_stop_distance_m":638,"osm_stop_within_100m":false},"geometry":{"type":"Point","coordinates":[16.9583743,49.6049951]}},{"type":"Feature","properties":{"name":"Rakůvka,,obec","CIS_ok_internal_id":29515,"typ_dopravy":"VLD","mhd":"NE","obec":"Rakůvka","osm_proposal":"highway=bus_stop public_transport=platform","osm_stop_distance_m":15,"osm_stop_within_100m":true},"geometry":{"type":"Point","coordinates":[16.9387148,49.6096643]}},{"type":"Feature","properties":{"name":"Rakůvka,,rozc.0.1","CIS_ok_internal_id":29516,"typ_dopravy":"VLD","mhd":"NE","obec":"Rakůvka","osm_proposal":"highway=bus_stop public_transport=platform","osm_stop_distance_m":4,"osm_stop_within_100m":true},"geometry":{"type":"Point","coordinates":[16.9411422,49.6102176]}},{"type":"Feature","properties":{"name":"Rokytnice,,Hliníky","CIS_ok_internal_id":29958,"typ_dopravy":"VLD","mhd":"NE","obec":"Rokytnice","osm_proposal":"highway=bus_stop public_transport=platform","osm_stop_distance_m":26,"osm_stop_within_100m":true},"geometry":{"type":"Point","coordinates":[17.3965018,49.4660874]}},{"type":"Feature","properties":{"name":"Rokytnice,,náves","CIS_ok_internal_id":29959,"typ_dopravy":"VLD","mhd":"NE","obec":"Rokytnice","osm_proposal":"highway=bus_stop public_transport=platform","osm_stop_distance_m":66,"osm_stop_within_100m":true},"geometry":{"type":"Point","coordinates":[17.3889392,49.4655743]}},{"type":"Feature","properties":{"name":"Rokytnice,,pálenice","CIS_ok_internal_id":29960,"typ_dopravy":"VLD","mhd":"NE","obec":"Rokytnice","osm_proposal":"highway=bus_stop public_transport=platform","osm_stop_distance_m":8,"osm_stop_within_100m":true},"geometry":{"type":"Point","coordinates":[17.3798525,49.4640194]}},{"type":"Feature","properties":{"name":"Rouské,,náves","CIS_ok_internal_id":30161,"typ_dopravy":"VLD","mhd":"NE","obec":"Rouské","osm_proposal":"highway=bus_stop public_transport=platform","osm_stop_distance_m":1711,"osm_stop_within_100m":false},"geometry":{"type":"Point","coordinates":[17.7786018,49.4715492]}},{"type":"Feature","properties":{"name":"Rozstání,,čekárna Na stráni","CIS_ok_internal_id":30238,"typ_dopravy":"VLD","mhd":"NE","obec":"Rozstání","osm_proposal":"highway=bus_stop public_transport=platform","osm_stop_distance_m":39,"osm_stop_within_100m":true},"geometry":{"type":"Point","coordinates":[16.8484087,49.3966717]}},{"type":"Feature","properties":{"name":"Rozstání,,hřbitov","CIS_ok_internal_id":30239,"typ_dopravy":"VLD","mhd":"NE","obec":"Rozstání","osm_proposal":"highway=bus_stop public_transport=platform","osm_stop_distance_m":8,"osm_stop_within_100m":true},"geometry":{"type":"Point","coordinates":[16.8351218,49.3996654]}},{"type":"Feature","properties":{"name":"Rozstání,,křiž.","CIS_ok_internal_id":30240,"typ_dopravy":"VLD","mhd":"NE","obec":"Rozstání","osm_proposal":"highway=bus_stop public_transport=platform","osm_stop_distance_m":5,"osm_stop_within_100m":true},"geometry":{"type":"Point","coordinates":[16.836957,49.3972805]}},{"type":"Feature","properties":{"name":"Rozstání,,obchod","CIS_ok_internal_id":30241,"typ_dopravy":"VLD","mhd":"NE","obec":"Rozstání","osm_proposal":"highway=bus_stop public_transport=platform","osm_stop_distance_m":6,"osm_stop_within_100m":true},"geometry":{"type":"Point","coordinates":[16.8447978,49.3975052]}},{"type":"Feature","properties":{"name":"Rozstání,Baldovec,lom","CIS_ok_internal_id":30243,"typ_dopravy":"VLD","mhd":"NE","obec":"Rozstání","osm_proposal":"highway=bus_stop public_transport=platform","osm_stop_distance_m":5,"osm_stop_within_100m":true},"geometry":{"type":"Point","coordinates":[16.8232323,49.4077131]}},{"type":"Feature","properties":{"name":"Rozstání,Baldovec,točna","CIS_ok_internal_id":30244,"typ_dopravy":"VLD","mhd":"NE","obec":"Rozstání","osm_proposal":"highway=bus_stop public_transport=platform","osm_stop_distance_m":3,"osm_stop_within_100m":true},"geometry":{"type":"Point","coordinates":[16.8221896,49.4116915]}},{"type":"Feature","properties":{"name":"Říkovice,,žel.st.","CIS_ok_internal_id":30880,"typ_dopravy":"VLD","mhd":"NE","obec":"Říkovice","osm_proposal":"highway=bus_stop public_transport=platform","osm_stop_distance_m":32,"osm_stop_within_100m":true},"geometry":{"type":"Point","coordinates":[17.4535066,49.3791544]}},{"type":"Feature","properties":{"name":"Samotíšky,,škola","CIS_ok_internal_id":30962,"typ_dopravy":"VLD","mhd":"NE","obec":"Samotišky","osm_proposal":"highway=bus_stop public_transport=platform","osm_stop_distance_m":16,"osm_stop_within_100m":true},"geometry":{"type":"Point","coordinates":[17.3275016,49.6299923]}},{"type":"Feature","properties":{"name":"Litovel,Savín,Na Pindě","CIS_ok_internal_id":31002,"typ_dopravy":"VLD","mhd":"NE","obec":"Litovel","osm_proposal":"highway=bus_stop public_transport=platform","osm_stop_distance_m":60,"osm_stop_within_100m":true},"geometry":{"type":"Point","coordinates":[16.9951188,49.6841261]}},{"type":"Feature","properties":{"name":"Litovel,Savín,rozc.","CIS_ok_internal_id":31003,"typ_dopravy":"VLD","mhd":"NE","obec":"Litovel","osm_proposal":"highway=bus_stop public_transport=platform","osm_stop_distance_m":14,"osm_stop_within_100m":true},"geometry":{"type":"Point","coordinates":[16.9885449,49.6810676]}},{"type":"Feature","properties":{"name":"Seloutky","CIS_ok_internal_id":31273,"typ_dopravy":"VLD","mhd":"NE","obec":"Seloutky","osm_proposal":"highway=bus_stop public_transport=platform","osm_stop_distance_m":11,"osm_stop_within_100m":true},"geometry":{"type":"Point","coordinates":[17.0635047,49.4417637]}},{"type":"Feature","properties":{"name":"Senice na Hané,,kult.dům","CIS_ok_internal_id":31400,"typ_dopravy":"VLD","mhd":"NE","obec":"Senice na Hané","osm_proposal":"highway=bus_stop public_transport=platform","osm_stop_distance_m":21,"osm_stop_within_100m":true},"geometry":{"type":"Point","coordinates":[17.084441,49.6229465]}},{"type":"Feature","properties":{"name":"Senice na Hané,,pož.zbroj.","CIS_ok_internal_id":31402,"typ_dopravy":"VLD","mhd":"NE","obec":"Senice na Hané","osm_proposal":"highway=bus_stop public_transport=platform","osm_stop_distance_m":111,"osm_stop_within_100m":false},"geometry":{"type":"Point","coordinates":[17.0885747,49.6256462]}},{"type":"Feature","properties":{"name":"Senice na Hané,,stará pošta","CIS_ok_internal_id":31403,"typ_dopravy":"VLD","mhd":"NE","obec":"Senice na Hané","osm_proposal":"highway=bus_stop public_transport=platform","osm_stop_distance_m":7,"osm_stop_within_100m":true},"geometry":{"type":"Point","coordinates":[17.0889019,49.6246758]}},{"type":"Feature","properties":{"name":"Senice na Hané,,škola","CIS_ok_internal_id":31404,"typ_dopravy":"VLD","mhd":"NE","obec":"Senice na Hané","osm_proposal":"highway=bus_stop public_transport=platform","osm_stop_distance_m":39,"osm_stop_within_100m":true},"geometry":{"type":"Point","coordinates":[17.0864254,49.6287057]}},{"type":"Feature","properties":{"name":"Senice na Hané,,žel.st.","CIS_ok_internal_id":31405,"typ_dopravy":"VLD","mhd":"NE","obec":"Senice na Hané","osm_proposal":"highway=bus_stop public_transport=platform","osm_stop_distance_m":1,"osm_stop_within_100m":true},"geometry":{"type":"Point","coordinates":[17.09964,49.6214467]}},{"type":"Feature","properties":{"name":"Senice na Hané,Cakov,rest.","CIS_ok_internal_id":31406,"typ_dopravy":"VLD","mhd":"NE","obec":"Senice na Hané","osm_proposal":"highway=bus_stop public_transport=platform","osm_stop_distance_m":26,"osm_stop_within_100m":true},"geometry":{"type":"Point","coordinates":[17.0258824,49.6266136]}},{"type":"Feature","properties":{"name":"Senice na Hané,Odrlice,rest.","CIS_ok_internal_id":31407,"typ_dopravy":"VLD","mhd":"NE","obec":"Senice na Hané","osm_proposal":"highway=bus_stop public_transport=platform","osm_stop_distance_m":12,"osm_stop_within_100m":true},"geometry":{"type":"Point","coordinates":[17.0614724,49.6426856]}},{"type":"Feature","properties":{"name":"Senice na Hané,Odrlice,rozc.","CIS_ok_internal_id":31408,"typ_dopravy":"VLD","mhd":"NE","obec":"Senice na Hané","osm_proposal":"highway=bus_stop public_transport=platform","osm_stop_distance_m":851,"osm_stop_within_100m":false},"geometry":{"type":"Point","coordinates":[17.0676086,49.6330321]}},{"type":"Feature","properties":{"name":"Senička,,rest.","CIS_ok_internal_id":31409,"typ_dopravy":"VLD","mhd":"NE","obec":"Senička","osm_proposal":"highway=bus_stop public_transport=platform","osm_stop_distance_m":6,"osm_stop_within_100m":true},"geometry":{"type":"Point","coordinates":[17.0558878,49.632366]}},{"type":"Feature","properties":{"name":"Skalička,,točna","CIS_ok_internal_id":31612,"typ_dopravy":"VLD","mhd":"NE","obec":"Skalička","osm_proposal":"highway=bus_stop public_transport=platform","osm_stop_distance_m":7,"osm_stop_within_100m":true},"geometry":{"type":"Point","coordinates":[17.7956592,49.5164084]}},{"type":"Feature","properties":{"name":"Skalička,,Větřák","CIS_ok_internal_id":31613,"typ_dopravy":"VLD","mhd":"NE","obec":"Skalička","osm_proposal":"highway=bus_stop public_transport=platform","osm_stop_distance_m":10,"osm_stop_within_100m":true},"geometry":{"type":"Point","coordinates":[17.797216,49.5130169]}},{"type":"Feature","properties":{"name":"Skalka","CIS_ok_internal_id":31625,"typ_dopravy":"VLD","mhd":"NE","obec":"Skalka","osm_proposal":"highway=bus_stop public_transport=platform","osm_stop_distance_m":8,"osm_stop_within_100m":true},"geometry":{"type":"Point","coordinates":[17.1689645,49.4055148]}},{"type":"Feature","properties":{"name":"Skalka,,lázně","CIS_ok_internal_id":31626,"typ_dopravy":"VLD","mhd":"NE","obec":"Skalka","osm_proposal":"highway=bus_stop public_transport=platform","osm_stop_distance_m":11,"osm_stop_within_100m":true},"geometry":{"type":"Point","coordinates":[17.1718062,49.4034171]}},{"type":"Feature","properties":{"name":"Skrbeň,,rozc.","CIS_ok_internal_id":31710,"typ_dopravy":"VLD","mhd":"NE","obec":"Skrbeň","osm_proposal":"highway=bus_stop public_transport=platform","osm_stop_distance_m":30,"osm_stop_within_100m":true},"geometry":{"type":"Point","coordinates":[17.1674259,49.6279085]}},{"type":"Feature","properties":{"name":"Skřípov,,dol.konec","CIS_ok_internal_id":31732,"typ_dopravy":"VLD","mhd":"NE","obec":"Skřípov","osm_proposal":"highway=bus_stop public_transport=platform","osm_stop_distance_m":10,"osm_stop_within_100m":true},"geometry":{"type":"Point","coordinates":[16.8129739,49.5803825]}},{"type":"Feature","properties":{"name":"Skřípov,,hor.konec","CIS_ok_internal_id":31733,"typ_dopravy":"VLD","mhd":"NE","obec":"Skřípov","osm_proposal":"highway=bus_stop public_transport=platform","osm_stop_distance_m":6,"osm_stop_within_100m":true},"geometry":{"type":"Point","coordinates":[16.8248768,49.5863559]}},{"type":"Feature","properties":{"name":"Skřípov,,střed","CIS_ok_internal_id":31734,"typ_dopravy":"VLD","mhd":"NE","obec":"Skřípov","osm_proposal":"highway=bus_stop public_transport=platform","osm_stop_distance_m":8,"osm_stop_within_100m":true},"geometry":{"type":"Point","coordinates":[16.8191727,49.5842272]}},{"type":"Feature","properties":{"name":"Skřípov,,točna","CIS_ok_internal_id":31735,"typ_dopravy":"VLD","mhd":"NE","obec":"Skřípov","osm_proposal":"highway=bus_stop public_transport=platform","osm_stop_distance_m":21,"osm_stop_within_100m":true},"geometry":{"type":"Point","coordinates":[16.8168936,49.5829054]}},{"type":"Feature","properties":{"name":"Skřípov,,LINAPLAST","CIS_ok_internal_id":31736,"typ_dopravy":"VLD","mhd":"NE","obec":"Skřípov","osm_proposal":"highway=bus_stop public_transport=platform","osm_stop_distance_m":17,"osm_stop_within_100m":true},"geometry":{"type":"Point","coordinates":[16.8342343,49.5789716]}},{"type":"Feature","properties":{"name":"Slatinice,,lázně","CIS_ok_internal_id":31940,"typ_dopravy":"VLD","mhd":"NE","obec":"Slatinice","osm_proposal":"highway=bus_stop public_transport=platform","osm_stop_distance_m":5,"osm_stop_within_100m":true},"geometry":{"type":"Point","coordinates":[17.0978751,49.5625293]}},{"type":"Feature","properties":{"name":"Slatinice,,škola","CIS_ok_internal_id":31942,"typ_dopravy":"VLD","mhd":"NE","obec":"Slatinice","osm_proposal":"highway=bus_stop public_transport=platform","osm_stop_distance_m":8,"osm_stop_within_100m":true},"geometry":{"type":"Point","coordinates":[17.0993165,49.5611001]}},{"type":"Feature","properties":{"name":"Slatinice,,Větřák","CIS_ok_internal_id":31943,"typ_dopravy":"VLD","mhd":"NE","obec":"Slatinice","osm_proposal":"highway=bus_stop public_transport=platform","osm_stop_distance_m":8,"osm_stop_within_100m":true},"geometry":{"type":"Point","coordinates":[17.1028815,49.5525508]}},{"type":"Feature","properties":{"name":"Slatinice,Lípy,náves","CIS_ok_internal_id":31944,"typ_dopravy":"VLD","mhd":"NE","obec":"Slatinice","osm_proposal":"highway=bus_stop public_transport=platform","osm_stop_distance_m":6,"osm_stop_within_100m":true},"geometry":{"type":"Point","coordinates":[17.1037296,49.5466359]}},{"type":"Feature","properties":{"name":"Slatinice,Lípy,rozc.u studánky","CIS_ok_internal_id":31945,"typ_dopravy":"VLD","mhd":"NE","obec":"Slatinice","osm_proposal":"highway=bus_stop public_transport=platform","osm_stop_distance_m":10,"osm_stop_within_100m":true},"geometry":{"type":"Point","coordinates":[17.1036464,49.5435857]}},{"type":"Feature","properties":{"name":"Slavětín,,rest.","CIS_ok_internal_id":31975,"typ_dopravy":"VLD","mhd":"NE","obec":"Slavětín","osm_proposal":"highway=bus_stop public_transport=platform","osm_stop_distance_m":15,"osm_stop_within_100m":true},"geometry":{"type":"Point","coordinates":[16.9655168,49.6728784]}},{"type":"Feature","properties":{"name":"Slavětín,,rozc.","CIS_ok_internal_id":31976,"typ_dopravy":"VLD","mhd":"NE","obec":"Slavětín","osm_proposal":"highway=bus_stop public_transport=platform","osm_stop_distance_m":39,"osm_stop_within_100m":true},"geometry":{"type":"Point","coordinates":[16.9589719,49.6791489]}},{"type":"Feature","properties":{"name":"Smržice,,kovárna","CIS_ok_internal_id":32282,"typ_dopravy":"VLD","mhd":"NE","obec":"Smržice","osm_proposal":"highway=bus_stop public_transport=platform","osm_stop_distance_m":9,"osm_stop_within_100m":true},"geometry":{"type":"Point","coordinates":[17.0993372,49.5012582]}},{"type":"Feature","properties":{"name":"Smržice,,pohostinství","CIS_ok_internal_id":32283,"typ_dopravy":"VLD","mhd":"NE","obec":"Smržice","osm_proposal":"highway=bus_stop public_transport=platform","osm_stop_distance_m":14,"osm_stop_within_100m":true},"geometry":{"type":"Point","coordinates":[17.10305,49.5073999]}},{"type":"Feature","properties":{"name":"Smržice,,ZŠ","CIS_ok_internal_id":32284,"typ_dopravy":"VLD","mhd":"NE","obec":"Smržice","osm_proposal":"highway=bus_stop public_transport=platform","osm_stop_distance_m":9,"osm_stop_within_100m":true},"geometry":{"type":"Point","coordinates":[17.101236,49.504112]}},{"type":"Feature","properties":{"name":"Soběchleby,,kostel","CIS_ok_internal_id":32338,"typ_dopravy":"VLD","mhd":"NE","obec":"Soběchleby","osm_proposal":"highway=bus_stop public_transport=platform","osm_stop_distance_m":13,"osm_stop_within_100m":true},"geometry":{"type":"Point","coordinates":[17.651824,49.4778553]}},{"type":"Feature","properties":{"name":"Soběchleby,,škola","CIS_ok_internal_id":32339,"typ_dopravy":"VLD","mhd":"NE","obec":"Soběchleby","osm_proposal":"highway=bus_stop public_transport=platform","osm_stop_distance_m":7,"osm_stop_within_100m":true},"geometry":{"type":"Point","coordinates":[17.6564529,49.4766174]}},{"type":"Feature","properties":{"name":"Soběchleby,Símře,rozc.","CIS_ok_internal_id":32340,"typ_dopravy":"VLD","mhd":"NE","obec":"Soběchleby","osm_proposal":"highway=bus_stop public_transport=platform","osm_stop_distance_m":20,"osm_stop_within_100m":true},"geometry":{"type":"Point","coordinates":[17.6543884,49.4586813]}},{"type":"Feature","properties":{"name":"Sobíšky,,rest.","CIS_ok_internal_id":32395,"typ_dopravy":"VLD","mhd":"NE","obec":"Sobíšky","osm_proposal":"highway=bus_stop public_transport=platform","osm_stop_distance_m":1241,"osm_stop_within_100m":false},"geometry":{"type":"Point","coordinates":[17.4519291,49.5039383]}},{"type":"Feature","properties":{"name":"Srbce","CIS_ok_internal_id":32610,"typ_dopravy":"VLD","mhd":"NE","obec":"Srbce","osm_proposal":"highway=bus_stop public_transport=platform","osm_stop_distance_m":770,"osm_stop_within_100m":false},"geometry":{"type":"Point","coordinates":[17.2296327,49.3035272]}},{"type":"Feature","properties":{"name":"Stará Ves,,rest.","CIS_ok_internal_id":32851,"typ_dopravy":"VLD","mhd":"NE","obec":"Stará Ves","osm_proposal":"highway=bus_stop public_transport=platform","osm_stop_distance_m":32,"osm_stop_within_100m":true},"geometry":{"type":"Point","coordinates":[17.4873288,49.3785098]}},{"type":"Feature","properties":{"name":"Stařechovice","CIS_ok_internal_id":33091,"typ_dopravy":"VLD","mhd":"NE","obec":"Stařechovice","osm_proposal":"highway=bus_stop public_transport=platform","osm_stop_distance_m":27,"osm_stop_within_100m":true},"geometry":{"type":"Point","coordinates":[17.0539008,49.5328382]}},{"type":"Feature","properties":{"name":"Stařechovice,Služín","CIS_ok_internal_id":33092,"typ_dopravy":"VLD","mhd":"NE","obec":"Stařechovice","osm_proposal":"highway=bus_stop public_transport=platform","osm_stop_distance_m":6,"osm_stop_within_100m":true},"geometry":{"type":"Point","coordinates":[17.0428153,49.5406745]}},{"type":"Feature","properties":{"name":"Stínava","CIS_ok_internal_id":33152,"typ_dopravy":"VLD","mhd":"NE","obec":"Stínava","osm_proposal":"highway=bus_stop public_transport=platform","osm_stop_distance_m":61,"osm_stop_within_100m":true},"geometry":{"type":"Point","coordinates":[16.9308007,49.4958762]}},{"type":"Feature","properties":{"name":"Stražisko","CIS_ok_internal_id":33447,"typ_dopravy":"VLD","mhd":"NE","obec":"Stražisko","osm_proposal":"highway=bus_stop public_transport=platform","osm_stop_distance_m":5,"osm_stop_within_100m":true},"geometry":{"type":"Point","coordinates":[16.9293469,49.5433138]}},{"type":"Feature","properties":{"name":"Stražisko,Maleny","CIS_ok_internal_id":33448,"typ_dopravy":"VLD","mhd":"NE","obec":"Stražisko","osm_proposal":"highway=bus_stop public_transport=platform","osm_stop_distance_m":565,"osm_stop_within_100m":false},"geometry":{"type":"Point","coordinates":[16.9272164,49.5483245]}},{"type":"Feature","properties":{"name":"Strukov,,rest.","CIS_ok_internal_id":33573,"typ_dopravy":"VLD","mhd":"NE","obec":"Strukov","osm_proposal":"highway=bus_stop public_transport=platform","osm_stop_distance_m":2,"osm_stop_within_100m":true},"geometry":{"type":"Point","coordinates":[17.1770604,49.731597]}},{"type":"Feature","properties":{"name":"Střeň,,obchod","CIS_ok_internal_id":33636,"typ_dopravy":"VLD","mhd":"NE","obec":"Střeň","osm_proposal":"highway=bus_stop public_transport=platform","osm_stop_distance_m":38,"osm_stop_within_100m":true},"geometry":{"type":"Point","coordinates":[17.1539088,49.6918916]}},{"type":"Feature","properties":{"name":"Střeň,,žel.st.","CIS_ok_internal_id":33637,"typ_dopravy":"VLD","mhd":"NE","obec":"Střeň","osm_proposal":"highway=bus_stop public_transport=platform","osm_stop_distance_m":49,"osm_stop_within_100m":true},"geometry":{"type":"Point","coordinates":[17.156552,49.6975929]}},{"type":"Feature","properties":{"name":"Stříbrnice,,rest.","CIS_ok_internal_id":33668,"typ_dopravy":"VLD","mhd":"NE","obec":"Stříbrnice","osm_proposal":"highway=bus_stop public_transport=platform","osm_stop_distance_m":6,"osm_stop_within_100m":true},"geometry":{"type":"Point","coordinates":[17.2454122,49.327854]}},{"type":"Feature","properties":{"name":"Střítež n.Ludinou,,most","CIS_ok_internal_id":33728,"typ_dopravy":"VLD","mhd":"NE","obec":"Střítež nad Ludinou","osm_proposal":"highway=bus_stop public_transport=platform","osm_stop_distance_m":1344,"osm_stop_within_100m":false},"geometry":{"type":"Point","coordinates":[17.7474661,49.6198239]}},{"type":"Feature","properties":{"name":"Střítež n.Ludinou,,rozc.","CIS_ok_internal_id":33730,"typ_dopravy":"VLD","mhd":"NE","obec":"Střítež nad Ludinou","osm_proposal":"highway=bus_stop public_transport=platform","osm_stop_distance_m":1267,"osm_stop_within_100m":false},"geometry":{"type":"Point","coordinates":[17.7353418,49.5976246]}},{"type":"Feature","properties":{"name":"Střítež n.Ludinou,,Skalka","CIS_ok_internal_id":33731,"typ_dopravy":"VLD","mhd":"NE","obec":"Střítež nad Ludinou","osm_proposal":"highway=bus_stop public_transport=platform","osm_stop_distance_m":656,"osm_stop_within_100m":false},"geometry":{"type":"Point","coordinates":[17.7453779,49.6132248]}},{"type":"Feature","properties":{"name":"Střítež n.Ludinou,,škola","CIS_ok_internal_id":33732,"typ_dopravy":"VLD","mhd":"NE","obec":"Střítež nad Ludinou","osm_proposal":"highway=bus_stop public_transport=platform","osm_stop_distance_m":16,"osm_stop_within_100m":true},"geometry":{"type":"Point","coordinates":[17.7387657,49.6089802]}},{"type":"Feature","properties":{"name":"Střítež n.Ludinou,,ZD","CIS_ok_internal_id":33733,"typ_dopravy":"VLD","mhd":"NE","obec":"Střítež nad Ludinou","osm_proposal":"highway=bus_stop public_transport=platform","osm_stop_distance_m":556,"osm_stop_within_100m":false},"geometry":{"type":"Point","coordinates":[17.7361461,49.6041107]}},{"type":"Feature","properties":{"name":"Suchdol,,točna","CIS_ok_internal_id":33946,"typ_dopravy":"VLD","mhd":"NE","obec":"Suchdol","osm_proposal":"highway=bus_stop public_transport=platform","osm_stop_distance_m":4,"osm_stop_within_100m":true},"geometry":{"type":"Point","coordinates":[16.8987364,49.5466261]}},{"type":"Feature","properties":{"name":"Suchdol,,ZŠ","CIS_ok_internal_id":33947,"typ_dopravy":"VLD","mhd":"NE","obec":"Suchdol","osm_proposal":"highway=bus_stop public_transport=platform","osm_stop_distance_m":5,"osm_stop_within_100m":true},"geometry":{"type":"Point","coordinates":[16.8927502,49.5466465]}},{"type":"Feature","properties":{"name":"Suchdol,Jednov","CIS_ok_internal_id":33948,"typ_dopravy":"VLD","mhd":"NE","obec":"Suchdol","osm_proposal":"highway=bus_stop public_transport=platform","osm_stop_distance_m":24,"osm_stop_within_100m":true},"geometry":{"type":"Point","coordinates":[16.8789282,49.5474193]}},{"type":"Feature","properties":{"name":"Suchdol,Jednov,Na pořadí","CIS_ok_internal_id":33949,"typ_dopravy":"VLD","mhd":"NE","obec":"Suchdol","osm_proposal":"highway=bus_stop public_transport=platform","osm_stop_distance_m":26,"osm_stop_within_100m":true},"geometry":{"type":"Point","coordinates":[16.8745182,49.5476824]}},{"type":"Feature","properties":{"name":"Suchdol,Jednov,žleb","CIS_ok_internal_id":33950,"typ_dopravy":"VLD","mhd":"NE","obec":"Suchdol","osm_proposal":"highway=bus_stop public_transport=platform","osm_stop_distance_m":54,"osm_stop_within_100m":true},"geometry":{"type":"Point","coordinates":[16.8806415,49.5426382]}},{"type":"Feature","properties":{"name":"Suchdol,Labutice","CIS_ok_internal_id":33951,"typ_dopravy":"VLD","mhd":"NE","obec":"Suchdol","osm_proposal":"highway=bus_stop public_transport=platform","osm_stop_distance_m":14,"osm_stop_within_100m":true},"geometry":{"type":"Point","coordinates":[16.8619578,49.5473122]}},{"type":"Feature","properties":{"name":"Suchonice,,náves","CIS_ok_internal_id":34001,"typ_dopravy":"VLD","mhd":"NE","obec":"Suchonice","osm_proposal":"highway=bus_stop public_transport=platform","osm_stop_distance_m":14,"osm_stop_within_100m":true},"geometry":{"type":"Point","coordinates":[17.3837346,49.5276078]}},{"type":"Feature","properties":{"name":"Sušice,,náves","CIS_ok_internal_id":34092,"typ_dopravy":"VLD","mhd":"NE","obec":"Sušice","osm_proposal":"highway=bus_stop public_transport=platform","osm_stop_distance_m":1729,"osm_stop_within_100m":false},"geometry":{"type":"Point","coordinates":[17.537554,49.4836458]}},{"type":"Feature","properties":{"name":"Sušice,,osada Kudlov","CIS_ok_internal_id":34093,"typ_dopravy":"VLD","mhd":"NE","obec":"Sušice","osm_proposal":"highway=bus_stop public_transport=platform","osm_stop_distance_m":1368,"osm_stop_within_100m":false},"geometry":{"type":"Point","coordinates":[17.5526964,49.4913767]}},{"type":"Feature","properties":{"name":"Sušice,,pomník","CIS_ok_internal_id":34094,"typ_dopravy":"VLD","mhd":"NE","obec":"Sušice","osm_proposal":"highway=bus_stop public_transport=platform","osm_stop_distance_m":1470,"osm_stop_within_100m":false},"geometry":{"type":"Point","coordinates":[17.542476,49.482622]}},{"type":"Feature","properties":{"name":"Sušice,,škola","CIS_ok_internal_id":34095,"typ_dopravy":"VLD","mhd":"NE","obec":"Sušice","osm_proposal":"highway=bus_stop public_transport=platform","osm_stop_distance_m":1511,"osm_stop_within_100m":false},"geometry":{"type":"Point","coordinates":[17.5374291,49.485626]}},{"type":"Feature","properties":{"name":"Svésedlice,,rozc.","CIS_ok_internal_id":34243,"typ_dopravy":"VLD","mhd":"NE","obec":"Svésedlice","osm_proposal":"highway=bus_stop public_transport=platform","osm_stop_distance_m":45,"osm_stop_within_100m":true},"geometry":{"type":"Point","coordinates":[17.3743719,49.5748722]}},{"type":"Feature","properties":{"name":"Šišma,,rest.","CIS_ok_internal_id":34791,"typ_dopravy":"VLD","mhd":"NE","obec":"Šišma","osm_proposal":"highway=bus_stop public_transport=platform","osm_stop_distance_m":2264,"osm_stop_within_100m":false},"geometry":{"type":"Point","coordinates":[17.5878722,49.4637903]}},{"type":"Feature","properties":{"name":"Špičky,,rozc.","CIS_ok_internal_id":34861,"typ_dopravy":"VLD","mhd":"NE","obec":"Špičky","osm_proposal":"highway=bus_stop public_transport=platform","osm_stop_distance_m":56,"osm_stop_within_100m":true},"geometry":{"type":"Point","coordinates":[17.8144901,49.5385055]}},{"type":"Feature","properties":{"name":"Špičky,,točna","CIS_ok_internal_id":34862,"typ_dopravy":"VLD","mhd":"NE","obec":"Špičky","osm_proposal":"highway=bus_stop public_transport=platform","osm_stop_distance_m":1431,"osm_stop_within_100m":false},"geometry":{"type":"Point","coordinates":[17.8067761,49.5506641]}},{"type":"Feature","properties":{"name":"Štěpánov,,kino","CIS_ok_internal_id":34938,"typ_dopravy":"VLD","mhd":"NE","obec":"Štěpánov","osm_proposal":"highway=bus_stop public_transport=platform","osm_stop_distance_m":37,"osm_stop_within_100m":true},"geometry":{"type":"Point","coordinates":[17.2201142,49.6840784]}},{"type":"Feature","properties":{"name":"Štěpánov,,rozc.Krnovská","CIS_ok_internal_id":34939,"typ_dopravy":"VLD","mhd":"NE","obec":"Štěpánov","osm_proposal":"highway=bus_stop public_transport=platform","osm_stop_distance_m":1239,"osm_stop_within_100m":false},"geometry":{"type":"Point","coordinates":[17.2056193,49.6906375]}},{"type":"Feature","properties":{"name":"Štěpánov,,u Salvie","CIS_ok_internal_id":34940,"typ_dopravy":"VLD","mhd":"NE","obec":"Štěpánov","osm_proposal":"highway=bus_stop public_transport=platform","osm_stop_distance_m":5,"osm_stop_within_100m":true},"geometry":{"type":"Point","coordinates":[17.2263376,49.6766733]}},{"type":"Feature","properties":{"name":"Štěpánov,,Březecká","CIS_ok_internal_id":34941,"typ_dopravy":"VLD","mhd":"NE","obec":"Štěpánov","osm_proposal":"highway=bus_stop public_transport=platform","osm_stop_distance_m":20,"osm_stop_within_100m":true},"geometry":{"type":"Point","coordinates":[17.2297214,49.6720697]}},{"type":"Feature","properties":{"name":"Štěpánov,,Novoveská","CIS_ok_internal_id":34942,"typ_dopravy":"VLD","mhd":"NE","obec":"Štěpánov","osm_proposal":"highway=bus_stop public_transport=platform","osm_stop_distance_m":1989,"osm_stop_within_100m":false},"geometry":{"type":"Point","coordinates":[17.1957236,49.6931401]}},{"type":"Feature","properties":{"name":"Štěpánov,Březce,kaple","CIS_ok_internal_id":34943,"typ_dopravy":"VLD","mhd":"NE","obec":"Štěpánov","osm_proposal":"highway=bus_stop public_transport=platform","osm_stop_distance_m":6,"osm_stop_within_100m":true},"geometry":{"type":"Point","coordinates":[17.2352354,49.6679021]}},{"type":"Feature","properties":{"name":"Štěpánov,Mor.Huzová","CIS_ok_internal_id":34946,"typ_dopravy":"VLD","mhd":"NE","obec":"Štěpánov","osm_proposal":"highway=bus_stop public_transport=platform","osm_stop_distance_m":1696,"osm_stop_within_100m":false},"geometry":{"type":"Point","coordinates":[17.242856,49.6945579]}},{"type":"Feature","properties":{"name":"Štěpánov,Mor.Huzová,Benátky","CIS_ok_internal_id":34947,"typ_dopravy":"VLD","mhd":"NE","obec":"Štěpánov","osm_proposal":"highway=bus_stop public_transport=platform","osm_stop_distance_m":4,"osm_stop_within_100m":true},"geometry":{"type":"Point","coordinates":[17.2401273,49.6737464]}},{"type":"Feature","properties":{"name":"Štěpánov,Mor.Huzová,Stádlo","CIS_ok_internal_id":34948,"typ_dopravy":"VLD","mhd":"NE","obec":"Štěpánov","osm_proposal":"highway=bus_stop public_transport=platform","osm_stop_distance_m":9,"osm_stop_within_100m":true},"geometry":{"type":"Point","coordinates":[17.2453732,49.7098794]}},{"type":"Feature","properties":{"name":"Šternberk,,aut.st.","CIS_ok_internal_id":34967,"typ_dopravy":"VLD","mhd":"NE","obec":"Šternberk","osm_proposal":"highway=bus_stop public_transport=platform","osm_stop_distance_m":5,"osm_stop_within_100m":true},"geometry":{"type":"Point","coordinates":[17.2855469,49.7216214]}},{"type":"Feature","properties":{"name":"Šternberk,Dolní Žleb,autocamp","CIS_ok_internal_id":34969,"typ_dopravy":"VLD","mhd":"NE","obec":"Šternberk","osm_proposal":"highway=bus_stop public_transport=platform","osm_stop_distance_m":8,"osm_stop_within_100m":true},"geometry":{"type":"Point","coordinates":[17.3051156,49.7476454]}},{"type":"Feature","properties":{"name":"Šternberk,,hřbitov","CIS_ok_internal_id":34973,"typ_dopravy":"VLD","mhd":"NE","obec":"Šternberk","osm_proposal":"highway=bus_stop public_transport=platform","osm_stop_distance_m":36,"osm_stop_within_100m":true},"geometry":{"type":"Point","coordinates":[17.2751336,49.7247299]}},{"type":"Feature","properties":{"name":"Šternberk,,Jesenická","CIS_ok_internal_id":34974,"typ_dopravy":"VLD","mhd":"NE","obec":"Šternberk","osm_proposal":"highway=bus_stop public_transport=platform","osm_stop_distance_m":21,"osm_stop_within_100m":true},"geometry":{"type":"Point","coordinates":[17.2945005,49.7362293]}},{"type":"Feature","properties":{"name":"Šternberk,,Masarykova","CIS_ok_internal_id":34976,"typ_dopravy":"VLD","mhd":"NE","obec":"Šternberk","osm_proposal":"highway=bus_stop public_transport=platform","osm_stop_distance_m":36,"osm_stop_within_100m":true},"geometry":{"type":"Point","coordinates":[17.2902993,49.7255986]}},{"type":"Feature","properties":{"name":"Šternberk,,nem.","CIS_ok_internal_id":34978,"typ_dopravy":"VLD","mhd":"NE","obec":"Šternberk","osm_proposal":"highway=bus_stop public_transport=platform","osm_stop_distance_m":10,"osm_stop_within_100m":true},"geometry":{"type":"Point","coordinates":[17.2978245,49.7230796]}},{"type":"Feature","properties":{"name":"Šternberk,,Opavská MěÚ","CIS_ok_internal_id":34979,"typ_dopravy":"VLD","mhd":"NE","obec":"Šternberk","osm_proposal":"highway=bus_stop public_transport=platform","osm_stop_distance_m":5,"osm_stop_within_100m":true},"geometry":{"type":"Point","coordinates":[17.301556,49.7289782]}},{"type":"Feature","properties":{"name":"Šternberk,Hvězdné údolí","CIS_ok_internal_id":34982,"typ_dopravy":"VLD","mhd":"NE","obec":"Šternberk","osm_proposal":"highway=bus_stop public_transport=platform","osm_stop_distance_m":32,"osm_stop_within_100m":true},"geometry":{"type":"Point","coordinates":[17.299584,49.7397373]}},{"type":"Feature","properties":{"name":"Šternberk,Krákořice","CIS_ok_internal_id":34990,"typ_dopravy":"VLD","mhd":"NE","obec":"Šternberk","osm_proposal":"highway=bus_stop public_transport=platform","osm_stop_distance_m":8,"osm_stop_within_100m":true},"geometry":{"type":"Point","coordinates":[17.2639814,49.7494714]}},{"type":"Feature","properties":{"name":"Šternberk,Těšíkov","CIS_ok_internal_id":34992,"typ_dopravy":"VLD","mhd":"NE","obec":"Šternberk","osm_proposal":"highway=bus_stop public_transport=platform","osm_stop_distance_m":9,"osm_stop_within_100m":true},"geometry":{"type":"Point","coordinates":[17.3475707,49.7372691]}},{"type":"Feature","properties":{"name":"Šternberk,Těšíkov,Kyselka rozc.","CIS_ok_internal_id":34993,"typ_dopravy":"VLD","mhd":"NE","obec":"Šternberk","osm_proposal":"highway=bus_stop public_transport=platform","osm_stop_distance_m":20,"osm_stop_within_100m":true},"geometry":{"type":"Point","coordinates":[17.3764441,49.7363372]}},{"type":"Feature","properties":{"name":"Lipina,Stachov","CIS_ok_internal_id":34995,"typ_dopravy":"VLD","mhd":"NE","obec":"Lipina","osm_proposal":"highway=bus_stop public_transport=platform","osm_stop_distance_m":6,"osm_stop_within_100m":true},"geometry":{"type":"Point","coordinates":[17.3274976,49.7353405]}},{"type":"Feature","properties":{"name":"Šubířov","CIS_ok_internal_id":35156,"typ_dopravy":"VLD","mhd":"NE","obec":"Šubířov","osm_proposal":"highway=bus_stop public_transport=platform","osm_stop_distance_m":6,"osm_stop_within_100m":true},"geometry":{"type":"Point","coordinates":[16.8108179,49.6017302]}},{"type":"Feature","properties":{"name":"Šubířov,,Pod Košetínem","CIS_ok_internal_id":35157,"typ_dopravy":"VLD","mhd":"NE","obec":"Šubířov","osm_proposal":"highway=bus_stop public_transport=platform","osm_stop_distance_m":508,"osm_stop_within_100m":false},"geometry":{"type":"Point","coordinates":[16.8066152,49.605467]}},{"type":"Feature","properties":{"name":"Šubířov,Chobyně","CIS_ok_internal_id":35159,"typ_dopravy":"VLD","mhd":"NE","obec":"Šubířov","osm_proposal":"highway=bus_stop public_transport=platform","osm_stop_distance_m":5,"osm_stop_within_100m":true},"geometry":{"type":"Point","coordinates":[16.8153792,49.62149]}},{"type":"Feature","properties":{"name":"Šubířov,Chobyně,rozc.1.0","CIS_ok_internal_id":35160,"typ_dopravy":"VLD","mhd":"NE","obec":"Šubířov","osm_proposal":"highway=bus_stop public_transport=platform","osm_stop_distance_m":947,"osm_stop_within_100m":false},"geometry":{"type":"Point","coordinates":[16.8282403,49.6196397]}},{"type":"Feature","properties":{"name":"Teplice n.Bečvou,,lázně","CIS_ok_internal_id":35662,"typ_dopravy":"VLD","mhd":"NE","obec":"Teplice nad Bečvou","osm_proposal":"highway=bus_stop public_transport=platform","osm_stop_distance_m":1,"osm_stop_within_100m":true},"geometry":{"type":"Point","coordinates":[17.7478229,49.5330751]}},{"type":"Feature","properties":{"name":"Teplice n.Bečvou,,Moravan","CIS_ok_internal_id":35663,"typ_dopravy":"MHD i VLD","mhd":"ANO","obec":"Teplice nad Bečvou","osm_proposal":"highway=bus_stop public_transport=platform","osm_stop_distance_m":4,"osm_stop_within_100m":true},"geometry":{"type":"Point","coordinates":[17.7420117,49.5302604]}},{"type":"Feature","properties":{"name":"Teplice n.Bečvou,,sanatorium Janáček","CIS_ok_internal_id":35667,"typ_dopravy":"MHD i VLD","mhd":"ANO","obec":"Teplice nad Bečvou","osm_proposal":"highway=bus_stop public_transport=platform","osm_stop_distance_m":9,"osm_stop_within_100m":true},"geometry":{"type":"Point","coordinates":[17.7431675,49.5341077]}},{"type":"Feature","properties":{"name":"Teplice n.Bečvou,,žel.st.","CIS_ok_internal_id":35668,"typ_dopravy":"VLD","mhd":"NE","obec":"Teplice nad Bečvou","osm_proposal":"highway=bus_stop public_transport=platform","osm_stop_distance_m":1,"osm_stop_within_100m":true},"geometry":{"type":"Point","coordinates":[17.7482032,49.5296245]}},{"type":"Feature","properties":{"name":"Těšetice,,pošta","CIS_ok_internal_id":35774,"typ_dopravy":"VLD","mhd":"NE","obec":"Těšetice","osm_proposal":"highway=bus_stop public_transport=platform","osm_stop_distance_m":1073,"osm_stop_within_100m":false},"geometry":{"type":"Point","coordinates":[17.1302867,49.5907363]}},{"type":"Feature","properties":{"name":"Těšetice,Rataje,rest.","CIS_ok_internal_id":35775,"typ_dopravy":"VLD","mhd":"NE","obec":"Těšetice","osm_proposal":"highway=bus_stop public_transport=platform","osm_stop_distance_m":1393,"osm_stop_within_100m":false},"geometry":{"type":"Point","coordinates":[17.1111469,49.5870039]}},{"type":"Feature","properties":{"name":"Těšetice,Vojnice","CIS_ok_internal_id":35776,"typ_dopravy":"VLD","mhd":"NE","obec":"Těšetice","osm_proposal":"highway=bus_stop public_transport=platform","osm_stop_distance_m":5,"osm_stop_within_100m":true},"geometry":{"type":"Point","coordinates":[17.1415792,49.5971106]}},{"type":"Feature","properties":{"name":"Tovačov,,aut.st.","CIS_ok_internal_id":36076,"typ_dopravy":"VLD","mhd":"NE","obec":"Tovačov","osm_proposal":"highway=bus_stop public_transport=platform","osm_stop_distance_m":0,"osm_stop_within_100m":true},"geometry":{"type":"Point","coordinates":[17.2912753,49.4268777]}},{"type":"Feature","properties":{"name":"Tovačov,,Olomoucká","CIS_ok_internal_id":36078,"typ_dopravy":"VLD","mhd":"NE","obec":"Tovačov","osm_proposal":"highway=bus_stop public_transport=platform","osm_stop_distance_m":47,"osm_stop_within_100m":true},"geometry":{"type":"Point","coordinates":[17.2844573,49.4369005]}},{"type":"Feature","properties":{"name":"Tovačov,,Prostějovská","CIS_ok_internal_id":36079,"typ_dopravy":"VLD","mhd":"NE","obec":"Tovačov","osm_proposal":"highway=bus_stop public_transport=platform","osm_stop_distance_m":117,"osm_stop_within_100m":false},"geometry":{"type":"Point","coordinates":[17.2853222,49.4298853]}},{"type":"Feature","properties":{"name":"Tovačov,Annín,rozc.","CIS_ok_internal_id":36083,"typ_dopravy":"VLD","mhd":"NE","obec":"Tovačov","osm_proposal":"highway=bus_stop public_transport=platform","osm_stop_distance_m":32,"osm_stop_within_100m":true},"geometry":{"type":"Point","coordinates":[17.2828212,49.4174076]}},{"type":"Feature","properties":{"name":"Tovačov,Annín,TOPOS","CIS_ok_internal_id":36084,"typ_dopravy":"VLD","mhd":"NE","obec":"Tovačov","osm_proposal":"highway=bus_stop public_transport=platform","osm_stop_distance_m":7,"osm_stop_within_100m":true},"geometry":{"type":"Point","coordinates":[17.2854263,49.4184149]}},{"type":"Feature","properties":{"name":"Tovéř,,kaple","CIS_ok_internal_id":36092,"typ_dopravy":"VLD","mhd":"NE","obec":"Tovéř","osm_proposal":"highway=bus_stop public_transport=platform","osm_stop_distance_m":22,"osm_stop_within_100m":true},"geometry":{"type":"Point","coordinates":[17.3175771,49.6394625]}},{"type":"Feature","properties":{"name":"Tovéř,,kult.dům","CIS_ok_internal_id":36093,"typ_dopravy":"VLD","mhd":"NE","obec":"Tovéř","osm_proposal":"highway=bus_stop public_transport=platform","osm_stop_distance_m":11,"osm_stop_within_100m":true},"geometry":{"type":"Point","coordinates":[17.3193733,49.6392658]}},{"type":"Feature","properties":{"name":"Troubky,,dědina","CIS_ok_internal_id":36456,"typ_dopravy":"VLD","mhd":"NE","obec":"Troubky","osm_proposal":"highway=bus_stop public_transport=platform","osm_stop_distance_m":45,"osm_stop_within_100m":true},"geometry":{"type":"Point","coordinates":[17.3515052,49.4321248]}},{"type":"Feature","properties":{"name":"Troubky,,Zavadilka","CIS_ok_internal_id":36457,"typ_dopravy":"VLD","mhd":"NE","obec":"Troubky","osm_proposal":"highway=bus_stop public_transport=platform","osm_stop_distance_m":12,"osm_stop_within_100m":true},"geometry":{"type":"Point","coordinates":[17.3403506,49.4305988]}},{"type":"Feature","properties":{"name":"Tršice,,nám.","CIS_ok_internal_id":36526,"typ_dopravy":"VLD","mhd":"NE","obec":"Tršice","osm_proposal":"highway=bus_stop public_transport=platform","osm_stop_distance_m":37,"osm_stop_within_100m":true},"geometry":{"type":"Point","coordinates":[17.4262057,49.5424247]}},{"type":"Feature","properties":{"name":"Tršice,Hostkovice,náves","CIS_ok_internal_id":36527,"typ_dopravy":"VLD","mhd":"NE","obec":"Tršice","osm_proposal":"highway=bus_stop public_transport=platform","osm_stop_distance_m":30,"osm_stop_within_100m":true},"geometry":{"type":"Point","coordinates":[17.3743526,49.5487804]}},{"type":"Feature","properties":{"name":"Tršice,Lipňany,náves","CIS_ok_internal_id":36528,"typ_dopravy":"VLD","mhd":"NE","obec":"Tršice","osm_proposal":"highway=bus_stop public_transport=platform","osm_stop_distance_m":8,"osm_stop_within_100m":true},"geometry":{"type":"Point","coordinates":[17.4003591,49.5315661]}},{"type":"Feature","properties":{"name":"Tršice,Přestavlky,křiž.","CIS_ok_internal_id":36529,"typ_dopravy":"VLD","mhd":"NE","obec":"Tršice","osm_proposal":"highway=bus_stop public_transport=platform","osm_stop_distance_m":80,"osm_stop_within_100m":true},"geometry":{"type":"Point","coordinates":[17.3781656,49.5382176]}},{"type":"Feature","properties":{"name":"Tršice,Vacanovice,náves","CIS_ok_internal_id":36530,"typ_dopravy":"VLD","mhd":"NE","obec":"Tršice","osm_proposal":"highway=bus_stop public_transport=platform","osm_stop_distance_m":33,"osm_stop_within_100m":true},"geometry":{"type":"Point","coordinates":[17.3898642,49.5442472]}},{"type":"Feature","properties":{"name":"Tršice,Zákřov,pomník","CIS_ok_internal_id":36531,"typ_dopravy":"VLD","mhd":"NE","obec":"Tršice","osm_proposal":"highway=bus_stop public_transport=platform","osm_stop_distance_m":5,"osm_stop_within_100m":true},"geometry":{"type":"Point","coordinates":[17.4476171,49.5466134]}},{"type":"Feature","properties":{"name":"Lutín,Třebčín,škola","CIS_ok_internal_id":36612,"typ_dopravy":"VLD","mhd":"NE","obec":"Lutín","osm_proposal":"highway=bus_stop public_transport=platform","osm_stop_distance_m":9,"osm_stop_within_100m":true},"geometry":{"type":"Point","coordinates":[17.1109447,49.5509951]}},{"type":"Feature","properties":{"name":"Lutín,Třebčín,žel.st.","CIS_ok_internal_id":36613,"typ_dopravy":"VLD","mhd":"NE","obec":"Lutín","osm_proposal":"highway=bus_stop public_transport=platform","osm_stop_distance_m":40,"osm_stop_within_100m":true},"geometry":{"type":"Point","coordinates":[17.117589,49.5488081]}},{"type":"Feature","properties":{"name":"Tučín,,náves","CIS_ok_internal_id":36990,"typ_dopravy":"VLD","mhd":"NE","obec":"Tučín","osm_proposal":"highway=bus_stop public_transport=platform","osm_stop_distance_m":2077,"osm_stop_within_100m":false},"geometry":{"type":"Point","coordinates":[17.514116,49.4539101]}},{"type":"Feature","properties":{"name":"Turovice,,náves","CIS_ok_internal_id":37151,"typ_dopravy":"VLD","mhd":"NE","obec":"Turovice","osm_proposal":"highway=bus_stop public_transport=platform","osm_stop_distance_m":8,"osm_stop_within_100m":true},"geometry":{"type":"Point","coordinates":[17.5802219,49.4249686]}},{"type":"Feature","properties":{"name":"Tvorovice","CIS_ok_internal_id":37209,"typ_dopravy":"VLD","mhd":"NE","obec":"Tvorovice","osm_proposal":"highway=bus_stop public_transport=platform","osm_stop_distance_m":2429,"osm_stop_within_100m":false},"geometry":{"type":"Point","coordinates":[17.2187387,49.3758874]}},{"type":"Feature","properties":{"name":"Týn n.Bečvou,,mlýn","CIS_ok_internal_id":37257,"typ_dopravy":"VLD","mhd":"NE","obec":"Týn nad Bečvou","osm_proposal":"highway=bus_stop public_transport=platform","osm_stop_distance_m":4,"osm_stop_within_100m":true},"geometry":{"type":"Point","coordinates":[17.5988925,49.5188459]}},{"type":"Feature","properties":{"name":"Týn n.Bečvou,,náves","CIS_ok_internal_id":37258,"typ_dopravy":"VLD","mhd":"NE","obec":"Týn nad Bečvou","osm_proposal":"highway=bus_stop public_transport=platform","osm_stop_distance_m":7,"osm_stop_within_100m":true},"geometry":{"type":"Point","coordinates":[17.6189012,49.5173858]}},{"type":"Feature","properties":{"name":"Týn n.Bečvou,,rest.","CIS_ok_internal_id":37259,"typ_dopravy":"VLD","mhd":"NE","obec":"Týn nad Bečvou","osm_proposal":"highway=bus_stop public_transport=platform","osm_stop_distance_m":8,"osm_stop_within_100m":true},"geometry":{"type":"Point","coordinates":[17.6150743,49.5164101]}},{"type":"Feature","properties":{"name":"Týn n.Bečvou,,točna","CIS_ok_internal_id":37260,"typ_dopravy":"VLD","mhd":"NE","obec":"Týn nad Bečvou","osm_proposal":"highway=bus_stop public_transport=platform","osm_stop_distance_m":3,"osm_stop_within_100m":true},"geometry":{"type":"Point","coordinates":[17.6281199,49.5217512]}},{"type":"Feature","properties":{"name":"Uhřičice","CIS_ok_internal_id":37558,"typ_dopravy":"VLD","mhd":"NE","obec":"Uhřičice","osm_proposal":"highway=bus_stop public_transport=platform","osm_stop_distance_m":15,"osm_stop_within_100m":true},"geometry":{"type":"Point","coordinates":[17.2904878,49.3716067]}},{"type":"Feature","properties":{"name":"Uničov,Dětřichov,náves","CIS_ok_internal_id":37731,"typ_dopravy":"VLD","mhd":"NE","obec":"Uničov","osm_proposal":"highway=bus_stop public_transport=platform","osm_stop_distance_m":6,"osm_stop_within_100m":true},"geometry":{"type":"Point","coordinates":[17.1242446,49.735741]}},{"type":"Feature","properties":{"name":"Uničov,Renoty,náves","CIS_ok_internal_id":37738,"typ_dopravy":"VLD","mhd":"NE","obec":"Uničov","osm_proposal":"highway=bus_stop public_transport=platform","osm_stop_distance_m":7,"osm_stop_within_100m":true},"geometry":{"type":"Point","coordinates":[17.1019233,49.7405848]}},{"type":"Feature","properties":{"name":"Uničov,Střelice,nám.","CIS_ok_internal_id":37739,"typ_dopravy":"VLD","mhd":"NE","obec":"Uničov","osm_proposal":"highway=bus_stop public_transport=platform","osm_stop_distance_m":1238,"osm_stop_within_100m":false},"geometry":{"type":"Point","coordinates":[17.0917882,49.7498209]}},{"type":"Feature","properties":{"name":"Uničov,Střelice,rozc.Renoty","CIS_ok_internal_id":37741,"typ_dopravy":"VLD","mhd":"NE","obec":"Uničov","osm_proposal":"highway=bus_stop public_transport=platform","osm_stop_distance_m":1180,"osm_stop_within_100m":false},"geometry":{"type":"Point","coordinates":[17.0921878,49.7493635]}},{"type":"Feature","properties":{"name":"Určice,,has.zbroj.","CIS_ok_internal_id":37772,"typ_dopravy":"VLD","mhd":"NE","obec":"Určice","osm_proposal":"highway=bus_stop public_transport=platform","osm_stop_distance_m":8,"osm_stop_within_100m":true},"geometry":{"type":"Point","coordinates":[17.0727581,49.4291412]}},{"type":"Feature","properties":{"name":"Určice,,hřbitov","CIS_ok_internal_id":37773,"typ_dopravy":"VLD","mhd":"NE","obec":"Určice","osm_proposal":"highway=bus_stop public_transport=platform","osm_stop_distance_m":30,"osm_stop_within_100m":true},"geometry":{"type":"Point","coordinates":[17.0793425,49.4305868]}},{"type":"Feature","properties":{"name":"Určice,,pošta","CIS_ok_internal_id":37774,"typ_dopravy":"VLD","mhd":"NE","obec":"Určice","osm_proposal":"highway=bus_stop public_transport=platform","osm_stop_distance_m":8,"osm_stop_within_100m":true},"geometry":{"type":"Point","coordinates":[17.0737503,49.4303583]}},{"type":"Feature","properties":{"name":"Ústí,,hřiště","CIS_ok_internal_id":37801,"typ_dopravy":"VLD","mhd":"NE","obec":"Ústí","osm_proposal":"highway=bus_stop public_transport=platform","osm_stop_distance_m":1091,"osm_stop_within_100m":false},"geometry":{"type":"Point","coordinates":[17.7670402,49.5180248]}},{"type":"Feature","properties":{"name":"Ústí,,osada Mariánské Údolí","CIS_ok_internal_id":37802,"typ_dopravy":"VLD","mhd":"NE","obec":"Ústí","osm_proposal":"highway=bus_stop public_transport=platform","osm_stop_distance_m":22,"osm_stop_within_100m":true},"geometry":{"type":"Point","coordinates":[17.7528749,49.5249924]}},{"type":"Feature","properties":{"name":"Ústín,,rest.","CIS_ok_internal_id":37880,"typ_dopravy":"VLD","mhd":"NE","obec":"Ústín","osm_proposal":"highway=bus_stop public_transport=platform","osm_stop_distance_m":16,"osm_stop_within_100m":true},"geometry":{"type":"Point","coordinates":[17.1582942,49.5870812]}},{"type":"Feature","properties":{"name":"Velká Bystřice,,cukrovar","CIS_ok_internal_id":38524,"typ_dopravy":"VLD","mhd":"NE","obec":"Velká Bystřice","osm_proposal":"highway=bus_stop public_transport=platform","osm_stop_distance_m":549,"osm_stop_within_100m":false},"geometry":{"type":"Point","coordinates":[17.3522384,49.5917495]}},{"type":"Feature","properties":{"name":"Velká Bystřice,,Ferona","CIS_ok_internal_id":38525,"typ_dopravy":"VLD","mhd":"NE","obec":"Velká Bystřice","osm_proposal":"highway=bus_stop public_transport=platform","osm_stop_distance_m":157,"osm_stop_within_100m":false},"geometry":{"type":"Point","coordinates":[17.3343976,49.5880229]}},{"type":"Feature","properties":{"name":"Velká Bystřice,,hor.konec","CIS_ok_internal_id":38526,"typ_dopravy":"VLD","mhd":"NE","obec":"Velká Bystřice","osm_proposal":"highway=bus_stop public_transport=platform","osm_stop_distance_m":4,"osm_stop_within_100m":true},"geometry":{"type":"Point","coordinates":[17.3675358,49.597288]}},{"type":"Feature","properties":{"name":"Velká Bystřice,,radnice","CIS_ok_internal_id":38527,"typ_dopravy":"VLD","mhd":"NE","obec":"Velká Bystřice","osm_proposal":"highway=bus_stop public_transport=platform","osm_stop_distance_m":9,"osm_stop_within_100m":true},"geometry":{"type":"Point","coordinates":[17.360102,49.5933994]}},{"type":"Feature","properties":{"name":"Velký Týnec,,Komárov","CIS_ok_internal_id":39071,"typ_dopravy":"VLD","mhd":"NE","obec":"Velký Týnec","osm_proposal":"highway=bus_stop public_transport=platform","osm_stop_distance_m":66,"osm_stop_within_100m":true},"geometry":{"type":"Point","coordinates":[17.343977,49.5494477]}},{"type":"Feature","properties":{"name":"Velký Týnec,,Na Návsi","CIS_ok_internal_id":39072,"typ_dopravy":"VLD","mhd":"NE","obec":"Velký Týnec","osm_proposal":"highway=bus_stop public_transport=platform","osm_stop_distance_m":15,"osm_stop_within_100m":true},"geometry":{"type":"Point","coordinates":[17.336841,49.5518827]}},{"type":"Feature","properties":{"name":"Velký Týnec,,Orlovna","CIS_ok_internal_id":39073,"typ_dopravy":"VLD","mhd":"NE","obec":"Velký Týnec","osm_proposal":"highway=bus_stop public_transport=platform","osm_stop_distance_m":20,"osm_stop_within_100m":true},"geometry":{"type":"Point","coordinates":[17.330947,49.5475377]}},{"type":"Feature","properties":{"name":"Velký Týnec,,sokolovna","CIS_ok_internal_id":39075,"typ_dopravy":"VLD","mhd":"NE","obec":"Velký Týnec","osm_proposal":"highway=bus_stop public_transport=platform","osm_stop_distance_m":27,"osm_stop_within_100m":true},"geometry":{"type":"Point","coordinates":[17.3348262,49.5516706]}},{"type":"Feature","properties":{"name":"Velký Týnec,Čechovice,křiž.","CIS_ok_internal_id":39077,"typ_dopravy":"VLD","mhd":"NE","obec":"Velký Týnec","osm_proposal":"highway=bus_stop public_transport=platform","osm_stop_distance_m":15,"osm_stop_within_100m":true},"geometry":{"type":"Point","coordinates":[17.3558788,49.5517744]}},{"type":"Feature","properties":{"name":"Velký Týnec,Čechovice,náves","CIS_ok_internal_id":39078,"typ_dopravy":"VLD","mhd":"NE","obec":"Velký Týnec","osm_proposal":"highway=bus_stop public_transport=platform","osm_stop_distance_m":21,"osm_stop_within_100m":true},"geometry":{"type":"Point","coordinates":[17.3588422,49.5549977]}},{"type":"Feature","properties":{"name":"Velký Týnec,Vsisko,rozc.","CIS_ok_internal_id":39080,"typ_dopravy":"VLD","mhd":"NE","obec":"Velký Týnec","osm_proposal":"highway=bus_stop public_transport=platform","osm_stop_distance_m":47,"osm_stop_within_100m":true},"geometry":{"type":"Point","coordinates":[17.3165138,49.5535575]}},{"type":"Feature","properties":{"name":"Velký Újezd,,hřbitov","CIS_ok_internal_id":39082,"typ_dopravy":"VLD","mhd":"NE","obec":"Velký Újezd","osm_proposal":"highway=bus_stop public_transport=platform","osm_stop_distance_m":28,"osm_stop_within_100m":true},"geometry":{"type":"Point","coordinates":[17.4866524,49.5745012]}},{"type":"Feature","properties":{"name":"Velký Újezd,,rozc.Výkleky","CIS_ok_internal_id":39084,"typ_dopravy":"VLD","mhd":"NE","obec":"Velký Újezd","osm_proposal":"highway=bus_stop public_transport=platform","osm_stop_distance_m":989,"osm_stop_within_100m":false},"geometry":{"type":"Point","coordinates":[17.4943251,49.5673786]}},{"type":"Feature","properties":{"name":"Velký Újezd,,vrchní pila","CIS_ok_internal_id":39085,"typ_dopravy":"VLD","mhd":"NE","obec":"Velký Újezd","osm_proposal":"highway=bus_stop public_transport=platform","osm_stop_distance_m":1380,"osm_stop_within_100m":false},"geometry":{"type":"Point","coordinates":[17.5053827,49.5725499]}},{"type":"Feature","properties":{"name":"Věrovany,,křiž.u pošty","CIS_ok_internal_id":39168,"typ_dopravy":"VLD","mhd":"NE","obec":"Věrovany","osm_proposal":"highway=bus_stop public_transport=platform","osm_stop_distance_m":7,"osm_stop_within_100m":true},"geometry":{"type":"Point","coordinates":[17.2909265,49.4638789]}},{"type":"Feature","properties":{"name":"Věrovany,,rest.Na vrchu","CIS_ok_internal_id":39169,"typ_dopravy":"VLD","mhd":"NE","obec":"Věrovany","osm_proposal":"highway=bus_stop public_transport=platform","osm_stop_distance_m":387,"osm_stop_within_100m":false},"geometry":{"type":"Point","coordinates":[17.2861292,49.4623741]}},{"type":"Feature","properties":{"name":"Věrovany,Nenakonice,Jednota","CIS_ok_internal_id":39170,"typ_dopravy":"VLD","mhd":"NE","obec":"Věrovany","osm_proposal":"highway=bus_stop public_transport=platform","osm_stop_distance_m":522,"osm_stop_within_100m":false},"geometry":{"type":"Point","coordinates":[17.2847896,49.4709258]}},{"type":"Feature","properties":{"name":"Věrovany,Rakodavy","CIS_ok_internal_id":39171,"typ_dopravy":"VLD","mhd":"NE","obec":"Věrovany","osm_proposal":"highway=bus_stop public_transport=platform","osm_stop_distance_m":6,"osm_stop_within_100m":true},"geometry":{"type":"Point","coordinates":[17.288142,49.4667085]}},{"type":"Feature","properties":{"name":"Veselíčko,,hřbitov","CIS_ok_internal_id":39255,"typ_dopravy":"VLD","mhd":"NE","obec":"Veselíčko","osm_proposal":"highway=bus_stop public_transport=platform","osm_stop_distance_m":6,"osm_stop_within_100m":true},"geometry":{"type":"Point","coordinates":[17.5098465,49.526589]}},{"type":"Feature","properties":{"name":"Veselíčko,,kamenolom","CIS_ok_internal_id":39256,"typ_dopravy":"VLD","mhd":"NE","obec":"Veselíčko","osm_proposal":"highway=bus_stop public_transport=platform","osm_stop_distance_m":26,"osm_stop_within_100m":true},"geometry":{"type":"Point","coordinates":[17.4944504,49.5290974]}},{"type":"Feature","properties":{"name":"Veselíčko,,rest.","CIS_ok_internal_id":39257,"typ_dopravy":"VLD","mhd":"NE","obec":"Veselíčko","osm_proposal":"highway=bus_stop public_transport=platform","osm_stop_distance_m":9,"osm_stop_within_100m":true},"geometry":{"type":"Point","coordinates":[17.5096495,49.5324928]}},{"type":"Feature","properties":{"name":"Veselíčko,,u kovárny","CIS_ok_internal_id":39258,"typ_dopravy":"VLD","mhd":"NE","obec":"Veselíčko","osm_proposal":"highway=bus_stop public_transport=platform","osm_stop_distance_m":6,"osm_stop_within_100m":true},"geometry":{"type":"Point","coordinates":[17.5158897,49.5346553]}},{"type":"Feature","properties":{"name":"Veselíčko,,zámek","CIS_ok_internal_id":39259,"typ_dopravy":"VLD","mhd":"NE","obec":"Veselíčko","osm_proposal":"highway=bus_stop public_transport=platform","osm_stop_distance_m":46,"osm_stop_within_100m":true},"geometry":{"type":"Point","coordinates":[17.5018296,49.5298866]}},{"type":"Feature","properties":{"name":"Veselíčko,Tupec,náves","CIS_ok_internal_id":39260,"typ_dopravy":"VLD","mhd":"NE","obec":"Veselíčko","osm_proposal":"highway=bus_stop public_transport=platform","osm_stop_distance_m":6,"osm_stop_within_100m":true},"geometry":{"type":"Point","coordinates":[17.5208836,49.5384519]}},{"type":"Feature","properties":{"name":"Veselíčko,Vicínov","CIS_ok_internal_id":39261,"typ_dopravy":"VLD","mhd":"NE","obec":"Veselíčko","osm_proposal":"highway=bus_stop public_transport=platform","osm_stop_distance_m":665,"osm_stop_within_100m":false},"geometry":{"type":"Point","coordinates":[17.4857914,49.5279028]}},{"type":"Feature","properties":{"name":"Věžky,,rozc.","CIS_ok_internal_id":39333,"typ_dopravy":"VLD","mhd":"NE","obec":"Věžky","osm_proposal":"highway=bus_stop public_transport=platform","osm_stop_distance_m":165,"osm_stop_within_100m":false},"geometry":{"type":"Point","coordinates":[17.4167022,49.4064688]}},{"type":"Feature","properties":{"name":"Víceměřice","CIS_ok_internal_id":39347,"typ_dopravy":"VLD","mhd":"NE","obec":"Víceměřice","osm_proposal":"highway=bus_stop public_transport=platform","osm_stop_distance_m":87,"osm_stop_within_100m":true},"geometry":{"type":"Point","coordinates":[17.1694725,49.3440153]}},{"type":"Feature","properties":{"name":"Víceměřice,,rozc.0.1","CIS_ok_internal_id":39348,"typ_dopravy":"VLD","mhd":"NE","obec":"Víceměřice","osm_proposal":"highway=bus_stop public_transport=platform","osm_stop_distance_m":8,"osm_stop_within_100m":true},"geometry":{"type":"Point","coordinates":[17.1623864,49.3429961]}},{"type":"Feature","properties":{"name":"Víceměřice,,ÚSP","CIS_ok_internal_id":39349,"typ_dopravy":"VLD","mhd":"NE","obec":"Víceměřice","osm_proposal":"highway=bus_stop public_transport=platform","osm_stop_distance_m":143,"osm_stop_within_100m":false},"geometry":{"type":"Point","coordinates":[17.171227,49.3453352]}},{"type":"Feature","properties":{"name":"Vícov","CIS_ok_internal_id":39359,"typ_dopravy":"VLD","mhd":"NE","obec":"Vícov","osm_proposal":"highway=bus_stop public_transport=platform","osm_stop_distance_m":6,"osm_stop_within_100m":true},"geometry":{"type":"Point","coordinates":[16.9614129,49.4881643]}},{"type":"Feature","properties":{"name":"Vilémov,,Na Prátné","CIS_ok_internal_id":39488,"typ_dopravy":"VLD","mhd":"NE","obec":"Vilémov","osm_proposal":"highway=bus_stop public_transport=platform","osm_stop_distance_m":1076,"osm_stop_within_100m":false},"geometry":{"type":"Point","coordinates":[17.0037568,49.6414354]}},{"type":"Feature","properties":{"name":"Vilémov,,náves","CIS_ok_internal_id":39489,"typ_dopravy":"VLD","mhd":"NE","obec":"Vilémov","osm_proposal":"highway=bus_stop public_transport=platform","osm_stop_distance_m":1919,"osm_stop_within_100m":false},"geometry":{"type":"Point","coordinates":[16.9952074,49.635551]}},{"type":"Feature","properties":{"name":"Vilémov,,rozc.Olbramice","CIS_ok_internal_id":39490,"typ_dopravy":"VLD","mhd":"NE","obec":"Vilémov","osm_proposal":"highway=bus_stop public_transport=platform","osm_stop_distance_m":2156,"osm_stop_within_100m":false},"geometry":{"type":"Point","coordinates":[16.9963975,49.6311091]}},{"type":"Feature","properties":{"name":"Vincencov","CIS_ok_internal_id":39549,"typ_dopravy":"VLD","mhd":"NE","obec":"Vincencov","osm_proposal":"highway=bus_stop public_transport=platform","osm_stop_distance_m":2,"osm_stop_within_100m":true},"geometry":{"type":"Point","coordinates":[17.0641303,49.406029]}},{"type":"Feature","properties":{"name":"Vitčice","CIS_ok_internal_id":39666,"typ_dopravy":"VLD","mhd":"NE","obec":"Vitčice","osm_proposal":"highway=bus_stop public_transport=platform","osm_stop_distance_m":21,"osm_stop_within_100m":true},"geometry":{"type":"Point","coordinates":[17.2396312,49.3115541]}},{"type":"Feature","properties":{"name":"Vlkoš,,průmysl.areál","CIS_ok_internal_id":39900,"typ_dopravy":"VLD","mhd":"NE","obec":"Vlkoš","osm_proposal":"highway=bus_stop public_transport=platform","osm_stop_distance_m":16,"osm_stop_within_100m":true},"geometry":{"type":"Point","coordinates":[17.41619,49.397187]}},{"type":"Feature","properties":{"name":"Vlkoš,,sokolovna","CIS_ok_internal_id":39901,"typ_dopravy":"VLD","mhd":"NE","obec":"Vlkoš","osm_proposal":"highway=bus_stop public_transport=platform","osm_stop_distance_m":362,"osm_stop_within_100m":false},"geometry":{"type":"Point","coordinates":[17.4170415,49.3938057]}},{"type":"Feature","properties":{"name":"Vlkoš,,u kostela","CIS_ok_internal_id":39902,"typ_dopravy":"VLD","mhd":"NE","obec":"Vlkoš","osm_proposal":"highway=bus_stop public_transport=platform","osm_stop_distance_m":289,"osm_stop_within_100m":false},"geometry":{"type":"Point","coordinates":[17.4188169,49.3950528]}},{"type":"Feature","properties":{"name":"Vranovice-Kelčice,Kelčice","CIS_ok_internal_id":40243,"typ_dopravy":"VLD","mhd":"NE","obec":"Vranovice-Kelčice","osm_proposal":"highway=bus_stop public_transport=platform","osm_stop_distance_m":558,"osm_stop_within_100m":false},"geometry":{"type":"Point","coordinates":[17.1118908,49.4005335]}},{"type":"Feature","properties":{"name":"Vranovice-Kelčice,Kelčice,motorest","CIS_ok_internal_id":40244,"typ_dopravy":"VLD","mhd":"NE","obec":"Vranovice-Kelčice","osm_proposal":"highway=bus_stop public_transport=platform","osm_stop_distance_m":7,"osm_stop_within_100m":true},"geometry":{"type":"Point","coordinates":[17.1066584,49.4042738]}},{"type":"Feature","properties":{"name":"Vranovice-Kelčice,Vranovice","CIS_ok_internal_id":40245,"typ_dopravy":"VLD","mhd":"NE","obec":"Vranovice-Kelčice","osm_proposal":"highway=bus_stop public_transport=platform","osm_stop_distance_m":355,"osm_stop_within_100m":false},"geometry":{"type":"Point","coordinates":[17.1003843,49.4033822]}},{"type":"Feature","properties":{"name":"Vrbátky,,křiž.","CIS_ok_internal_id":40280,"typ_dopravy":"VLD","mhd":"NE","obec":"Vrbátky","osm_proposal":"highway=bus_stop public_transport=platform","osm_stop_distance_m":18,"osm_stop_within_100m":true},"geometry":{"type":"Point","coordinates":[17.1975319,49.5061243]}},{"type":"Feature","properties":{"name":"Vrbátky,,žel.přejezd","CIS_ok_internal_id":40281,"typ_dopravy":"VLD","mhd":"NE","obec":"Vrbátky","osm_proposal":"highway=bus_stop public_transport=platform","osm_stop_distance_m":6,"osm_stop_within_100m":true},"geometry":{"type":"Point","coordinates":[17.1999406,49.5041442]}},{"type":"Feature","properties":{"name":"Vrbátky,Dubany","CIS_ok_internal_id":40282,"typ_dopravy":"VLD","mhd":"NE","obec":"Vrbátky","osm_proposal":"highway=bus_stop public_transport=platform","osm_stop_distance_m":6,"osm_stop_within_100m":true},"geometry":{"type":"Point","coordinates":[17.1901006,49.5152942]}},{"type":"Feature","properties":{"name":"Vrbátky,Štětovice","CIS_ok_internal_id":40283,"typ_dopravy":"VLD","mhd":"NE","obec":"Vrbátky","osm_proposal":"highway=bus_stop public_transport=platform","osm_stop_distance_m":75,"osm_stop_within_100m":true},"geometry":{"type":"Point","coordinates":[17.2074354,49.4959424]}},{"type":"Feature","properties":{"name":"Vrchoslavice","CIS_ok_internal_id":40444,"typ_dopravy":"VLD","mhd":"NE","obec":"Vrchoslavice","osm_proposal":"highway=bus_stop public_transport=platform","osm_stop_distance_m":15,"osm_stop_within_100m":true},"geometry":{"type":"Point","coordinates":[17.218234,49.3327472]}},{"type":"Feature","properties":{"name":"Vrchoslavice,,kostel","CIS_ok_internal_id":40445,"typ_dopravy":"VLD","mhd":"NE","obec":"Vrchoslavice","osm_proposal":"highway=bus_stop public_transport=platform","osm_stop_distance_m":9,"osm_stop_within_100m":true},"geometry":{"type":"Point","coordinates":[17.218891,49.3331389]}},{"type":"Feature","properties":{"name":"Vrchoslavice,Dlouhá Ves","CIS_ok_internal_id":40446,"typ_dopravy":"VLD","mhd":"NE","obec":"Vrchoslavice","osm_proposal":"highway=bus_stop public_transport=platform","osm_stop_distance_m":25,"osm_stop_within_100m":true},"geometry":{"type":"Point","coordinates":[17.2283444,49.3326479]}},{"type":"Feature","properties":{"name":"Vřesovice","CIS_ok_internal_id":40506,"typ_dopravy":"VLD","mhd":"NE","obec":"Vřesovice","osm_proposal":"highway=bus_stop public_transport=platform","osm_stop_distance_m":9,"osm_stop_within_100m":true},"geometry":{"type":"Point","coordinates":[17.1391357,49.4018201]}},{"type":"Feature","properties":{"name":"Vřesovice,,u mlýna","CIS_ok_internal_id":40507,"typ_dopravy":"VLD","mhd":"NE","obec":"Vřesovice","osm_proposal":"highway=bus_stop public_transport=platform","osm_stop_distance_m":143,"osm_stop_within_100m":false},"geometry":{"type":"Point","coordinates":[17.137728,49.4049772]}},{"type":"Feature","properties":{"name":"Všechovice,,aut.st.","CIS_ok_internal_id":40584,"typ_dopravy":"VLD","mhd":"NE","obec":"Všechovice","osm_proposal":"highway=bus_stop public_transport=platform","osm_stop_distance_m":1171,"osm_stop_within_100m":false},"geometry":{"type":"Point","coordinates":[17.7576574,49.4609539]}},{"type":"Feature","properties":{"name":"Všechovice,,U Juhyně","CIS_ok_internal_id":40586,"typ_dopravy":"VLD","mhd":"NE","obec":"Všechovice","osm_proposal":"highway=bus_stop public_transport=platform","osm_stop_distance_m":763,"osm_stop_within_100m":false},"geometry":{"type":"Point","coordinates":[17.763049,49.4584117]}},{"type":"Feature","properties":{"name":"Všechovice,Přílesí,rozc.","CIS_ok_internal_id":40587,"typ_dopravy":"VLD","mhd":"NE","obec":"Všechovice","osm_proposal":"highway=bus_stop public_transport=platform","osm_stop_distance_m":1217,"osm_stop_within_100m":false},"geometry":{"type":"Point","coordinates":[17.7487441,49.4522421]}},{"type":"Feature","properties":{"name":"Výkleky,,čekárna","CIS_ok_internal_id":40730,"typ_dopravy":"VLD","mhd":"NE","obec":"Výkleky","osm_proposal":"highway=bus_stop public_transport=platform","osm_stop_distance_m":7,"osm_stop_within_100m":true},"geometry":{"type":"Point","coordinates":[17.4775794,49.5581078]}},{"type":"Feature","properties":{"name":"Výkleky,,dolní konec","CIS_ok_internal_id":40731,"typ_dopravy":"VLD","mhd":"NE","obec":"Výkleky","osm_proposal":"highway=bus_stop public_transport=platform","osm_stop_distance_m":86,"osm_stop_within_100m":true},"geometry":{"type":"Point","coordinates":[17.476052,49.555875]}},{"type":"Feature","properties":{"name":"Výšovice","CIS_ok_internal_id":41044,"typ_dopravy":"VLD","mhd":"NE","obec":"Výšovice","osm_proposal":"highway=bus_stop public_transport=platform","osm_stop_distance_m":102,"osm_stop_within_100m":false},"geometry":{"type":"Point","coordinates":[17.1371345,49.4180266]}},{"type":"Feature","properties":{"name":"Výšovice,,u mostu","CIS_ok_internal_id":41045,"typ_dopravy":"VLD","mhd":"NE","obec":"Výšovice","osm_proposal":"highway=bus_stop public_transport=platform","osm_stop_distance_m":5,"osm_stop_within_100m":true},"geometry":{"type":"Point","coordinates":[17.1428763,49.4135525]}},{"type":"Feature","properties":{"name":"Zábeštní Lhota,,rest.","CIS_ok_internal_id":41120,"typ_dopravy":"VLD","mhd":"NE","obec":"Zábeštní Lhota","osm_proposal":"highway=bus_stop public_transport=platform","osm_stop_distance_m":831,"osm_stop_within_100m":false},"geometry":{"type":"Point","coordinates":[17.4309348,49.5133212]}},{"type":"Feature","properties":{"name":"Zámrsky,,čekárna","CIS_ok_internal_id":41452,"typ_dopravy":"VLD","mhd":"NE","obec":"Zámrsky","osm_proposal":"highway=bus_stop public_transport=platform","osm_stop_distance_m":2159,"osm_stop_within_100m":false},"geometry":{"type":"Point","coordinates":[17.8306497,49.5054451]}},{"type":"Feature","properties":{"name":"Zdětín","CIS_ok_internal_id":41746,"typ_dopravy":"VLD","mhd":"NE","obec":"Zdětín","osm_proposal":"highway=bus_stop public_transport=platform","osm_stop_distance_m":2043,"osm_stop_within_100m":false},"geometry":{"type":"Point","coordinates":[16.9884123,49.5050068]}},{"type":"Feature","properties":{"name":"Žákovice,,kult.dům","CIS_ok_internal_id":42313,"typ_dopravy":"VLD","mhd":"NE","obec":"Žákovice","osm_proposal":"highway=bus_stop public_transport=platform","osm_stop_distance_m":649,"osm_stop_within_100m":false},"geometry":{"type":"Point","coordinates":[17.6598618,49.4542621]}},{"type":"Feature","properties":{"name":"Želatovice,,kravín","CIS_ok_internal_id":42550,"typ_dopravy":"VLD","mhd":"NE","obec":"Želatovice","osm_proposal":"highway=bus_stop public_transport=platform","osm_stop_distance_m":1407,"osm_stop_within_100m":false},"geometry":{"type":"Point","coordinates":[17.5129726,49.4428253]}},{"type":"Feature","properties":{"name":"Želatovice,,náves","CIS_ok_internal_id":42551,"typ_dopravy":"VLD","mhd":"NE","obec":"Želatovice","osm_proposal":"highway=bus_stop public_transport=platform","osm_stop_distance_m":1791,"osm_stop_within_100m":false},"geometry":{"type":"Point","coordinates":[17.5035754,49.4448065]}},{"type":"Feature","properties":{"name":"Želatovice,,rozc.","CIS_ok_internal_id":42552,"typ_dopravy":"VLD","mhd":"NE","obec":"Želatovice","osm_proposal":"highway=bus_stop public_transport=platform","osm_stop_distance_m":1880,"osm_stop_within_100m":false},"geometry":{"type":"Point","coordinates":[17.5024359,49.4453343]}},{"type":"Feature","properties":{"name":"Želatovice,,ZD","CIS_ok_internal_id":42553,"typ_dopravy":"VLD","mhd":"NE","obec":"Želatovice","osm_proposal":"highway=bus_stop public_transport=platform","osm_stop_distance_m":1458,"osm_stop_within_100m":false},"geometry":{"type":"Point","coordinates":[17.5058597,49.4421728]}},{"type":"Feature","properties":{"name":"Želeč","CIS_ok_internal_id":42557,"typ_dopravy":"VLD","mhd":"NE","obec":"Želeč","osm_proposal":"highway=bus_stop public_transport=platform","osm_stop_distance_m":312,"osm_stop_within_100m":false},"geometry":{"type":"Point","coordinates":[17.0965245,49.3461769]}},{"type":"Feature","properties":{"name":"Želeč,,křiž.","CIS_ok_internal_id":42558,"typ_dopravy":"VLD","mhd":"NE","obec":"Želeč","osm_proposal":"highway=bus_stop public_transport=platform","osm_stop_distance_m":6,"osm_stop_within_100m":true},"geometry":{"type":"Point","coordinates":[17.0932448,49.3480595]}},{"type":"Feature","properties":{"name":"Žerotín,,křiž.U zádruhy","CIS_ok_internal_id":42747,"typ_dopravy":"VLD","mhd":"NE","obec":"Žerotín","osm_proposal":"highway=bus_stop public_transport=platform","osm_stop_distance_m":12,"osm_stop_within_100m":true},"geometry":{"type":"Point","coordinates":[17.1794588,49.7286778]}},{"type":"Feature","properties":{"name":"Žerotín,,u kaple","CIS_ok_internal_id":42748,"typ_dopravy":"VLD","mhd":"NE","obec":"Žerotín","osm_proposal":"highway=bus_stop public_transport=platform","osm_stop_distance_m":8,"osm_stop_within_100m":true},"geometry":{"type":"Point","coordinates":[17.1876034,49.7242222]}},{"type":"Feature","properties":{"name":"Šternberk,,Dvorská","CIS_ok_internal_id":43915,"typ_dopravy":"VLD","mhd":"NE","obec":"Šternberk","osm_proposal":"highway=bus_stop public_transport=platform","osm_stop_distance_m":2,"osm_stop_within_100m":true},"geometry":{"type":"Point","coordinates":[17.2991736,49.7322103]}},{"type":"Feature","properties":{"name":"Olomouc,,U botanické zahrady","CIS_ok_internal_id":44961,"typ_dopravy":"MHD i VLD","mhd":"ANO","obec":"Olomouc","osm_proposal":"highway=bus_stop public_transport=platform","osm_stop_distance_m":43,"osm_stop_within_100m":true},"geometry":{"type":"Point","coordinates":[17.2493342,49.5842605]}},{"type":"Feature","properties":{"name":"Olomouc,,ČSAD","CIS_ok_internal_id":44962,"typ_dopravy":"MHD","mhd":"ANO","obec":"Olomouc","osm_proposal":"highway=bus_stop public_transport=platform","osm_stop_distance_m":23,"osm_stop_within_100m":true},"geometry":{"type":"Point","coordinates":[17.2902598,49.5865221]}},{"type":"Feature","properties":{"name":"Olomouc,,Jezírka","CIS_ok_internal_id":44963,"typ_dopravy":"VLD","mhd":"NE","obec":"Olomouc","osm_proposal":"highway=bus_stop public_transport=platform","osm_stop_distance_m":12,"osm_stop_within_100m":true},"geometry":{"type":"Point","coordinates":[17.2469962,49.6231068]}},{"type":"Feature","properties":{"name":"Olomouc,,Na Pile","CIS_ok_internal_id":44964,"typ_dopravy":"MHD i VLD","mhd":"ANO","obec":"Olomouc","osm_proposal":"highway=bus_stop public_transport=platform","osm_stop_distance_m":13,"osm_stop_within_100m":true},"geometry":{"type":"Point","coordinates":[17.2797426,49.6042649]}},{"type":"Feature","properties":{"name":"Olomouc,,Na Špici","CIS_ok_internal_id":44965,"typ_dopravy":"MHD i VLD","mhd":"ANO","obec":"Olomouc","osm_proposal":"highway=bus_stop public_transport=platform","osm_stop_distance_m":80,"osm_stop_within_100m":true},"geometry":{"type":"Point","coordinates":[17.2743298,49.5990162]}},{"type":"Feature","properties":{"name":"Olomouc,,Na trati","CIS_ok_internal_id":44966,"typ_dopravy":"MHD i VLD","mhd":"ANO","obec":"Olomouc","osm_proposal":"highway=bus_stop public_transport=platform","osm_stop_distance_m":18,"osm_stop_within_100m":true},"geometry":{"type":"Point","coordinates":[17.2361493,49.6025107]}},{"type":"Feature","properties":{"name":"Olomouc,,Nový Dvůr","CIS_ok_internal_id":44967,"typ_dopravy":"MHD","mhd":"ANO","obec":"Olomouc","osm_proposal":"highway=bus_stop public_transport=platform","osm_stop_distance_m":1,"osm_stop_within_100m":true},"geometry":{"type":"Point","coordinates":[17.2788634,49.5479109]}},{"type":"Feature","properties":{"name":"Olomouc,,Pustatiny","CIS_ok_internal_id":44969,"typ_dopravy":"VLD","mhd":"NE","obec":"Olomouc","osm_proposal":"highway=bus_stop public_transport=platform","osm_stop_distance_m":24,"osm_stop_within_100m":true},"geometry":{"type":"Point","coordinates":[17.2430495,49.6287625]}},{"type":"Feature","properties":{"name":"Olomouc,,Pekárny","CIS_ok_internal_id":44970,"typ_dopravy":"MHD i VLD","mhd":"ANO","obec":"Olomouc","osm_proposal":"highway=bus_stop public_transport=platform","osm_stop_distance_m":36,"osm_stop_within_100m":true},"geometry":{"type":"Point","coordinates":[17.2931821,49.5824045]}},{"type":"Feature","properties":{"name":"Olomouc,,U Mlýna","CIS_ok_internal_id":44971,"typ_dopravy":"MHD","mhd":"ANO","obec":"Olomouc","osm_proposal":"highway=bus_stop public_transport=platform","osm_stop_distance_m":25,"osm_stop_within_100m":true},"geometry":{"type":"Point","coordinates":[17.2948616,49.5754667]}},{"type":"Feature","properties":{"name":"Olomouc,Chomoutov","CIS_ok_internal_id":44972,"typ_dopravy":"MHD i VLD","mhd":"NE","obec":"Olomouc","osm_proposal":"highway=bus_stop public_transport=platform","osm_stop_distance_m":22,"osm_stop_within_100m":true},"geometry":{"type":"Point","coordinates":[17.2339637,49.635171]}},{"type":"Feature","properties":{"name":"Olomouc,Chomoutov,škola","CIS_ok_internal_id":44973,"typ_dopravy":"MHD i VLD","mhd":"ANO","obec":"Olomouc","osm_proposal":"highway=bus_stop public_transport=platform","osm_stop_distance_m":19,"osm_stop_within_100m":true},"geometry":{"type":"Point","coordinates":[17.2308875,49.6430747]}},{"type":"Feature","properties":{"name":"Olomouc,,Chválkovická-Epava","CIS_ok_internal_id":44975,"typ_dopravy":"MHD i VLD","mhd":"ANO","obec":"Olomouc","osm_proposal":"highway=bus_stop public_transport=platform","osm_stop_distance_m":13,"osm_stop_within_100m":true},"geometry":{"type":"Point","coordinates":[17.282185,49.607113]}},{"type":"Feature","properties":{"name":"Olomouc,Lazce","CIS_ok_internal_id":44978,"typ_dopravy":"MHD i VLD","mhd":"ANO","obec":"Olomouc","osm_proposal":"highway=bus_stop public_transport=platform","osm_stop_distance_m":22,"osm_stop_within_100m":true},"geometry":{"type":"Point","coordinates":[17.2522008,49.6071888]}},{"type":"Feature","properties":{"name":"Olomouc,Slavonín,křiž.","CIS_ok_internal_id":44979,"typ_dopravy":"MHD i VLD","mhd":"ANO","obec":"Olomouc","osm_proposal":"highway=bus_stop public_transport=platform","osm_stop_distance_m":13,"osm_stop_within_100m":true},"geometry":{"type":"Point","coordinates":[17.2368623,49.5687028]}},{"type":"Feature","properties":{"name":"Lipina,,rozc.","CIS_ok_internal_id":46092,"typ_dopravy":"VLD","mhd":"NE","obec":"Lipina","osm_proposal":"highway=bus_stop public_transport=platform","osm_stop_distance_m":59,"osm_stop_within_100m":true},"geometry":{"type":"Point","coordinates":[17.3224682,49.7412992]}},{"type":"Feature","properties":{"name":"Mostkovice,,VOP","CIS_ok_internal_id":46169,"typ_dopravy":"VLD","mhd":"NE","obec":"Mostkovice","osm_proposal":"highway=bus_stop public_transport=platform","osm_stop_distance_m":22,"osm_stop_within_100m":true},"geometry":{"type":"Point","coordinates":[17.0454633,49.4803173]}},{"type":"Feature","properties":{"name":"Olomouc,,Fakultní nem.","CIS_ok_internal_id":46221,"typ_dopravy":"MHD i VLD","mhd":"ANO","obec":"Olomouc","osm_proposal":"highway=bus_stop public_transport=platform","osm_stop_distance_m":13,"osm_stop_within_100m":true},"geometry":{"type":"Point","coordinates":[17.2400099,49.5808026]}},{"type":"Feature","properties":{"name":"Olomouc,,Pionýrská","CIS_ok_internal_id":46222,"typ_dopravy":"MHD i VLD","mhd":"ANO","obec":"Olomouc","osm_proposal":"highway=bus_stop public_transport=platform","osm_stop_distance_m":1,"osm_stop_within_100m":true},"geometry":{"type":"Point","coordinates":[17.2383716,49.5777036]}},{"type":"Feature","properties":{"name":"Prostějov,,nemocnice","CIS_ok_internal_id":46311,"typ_dopravy":"MHD i VLD","mhd":"ANO","obec":"Prostějov","osm_proposal":"highway=bus_stop public_transport=platform","osm_stop_distance_m":28,"osm_stop_within_100m":true},"geometry":{"type":"Point","coordinates":[17.0900309,49.4752463]}},{"type":"Feature","properties":{"name":"Prostějov,,A.S.A.","CIS_ok_internal_id":46312,"typ_dopravy":"MHD","mhd":"ANO","obec":"Prostějov","osm_proposal":"highway=bus_stop public_transport=platform","osm_stop_distance_m":58,"osm_stop_within_100m":true},"geometry":{"type":"Point","coordinates":[17.1327516,49.4679448]}},{"type":"Feature","properties":{"name":"Svésedlice,,ObÚ","CIS_ok_internal_id":46521,"typ_dopravy":"VLD","mhd":"NE","obec":"Svésedlice","osm_proposal":"highway=bus_stop public_transport=platform","osm_stop_distance_m":17,"osm_stop_within_100m":true},"geometry":{"type":"Point","coordinates":[17.3807334,49.5724631]}},{"type":"Feature","properties":{"name":"Šternberk,,Aleš","CIS_ok_internal_id":46526,"typ_dopravy":"VLD","mhd":"NE","obec":"Šternberk","osm_proposal":"highway=bus_stop public_transport=platform","osm_stop_distance_m":11,"osm_stop_within_100m":true},"geometry":{"type":"Point","coordinates":[17.2933318,49.7012373]}},{"type":"Feature","properties":{"name":"Velký Újezd,,aut.st.","CIS_ok_internal_id":46600,"typ_dopravy":"VLD","mhd":"NE","obec":"Velký Újezd","osm_proposal":"highway=bus_stop public_transport=platform","osm_stop_distance_m":8,"osm_stop_within_100m":true},"geometry":{"type":"Point","coordinates":[17.4805663,49.5786693]}},{"type":"Feature","properties":{"name":"Velký Újezd,,Lapač","CIS_ok_internal_id":46601,"typ_dopravy":"VLD","mhd":"NE","obec":"Velký Újezd","osm_proposal":"highway=bus_stop public_transport=platform","osm_stop_distance_m":8,"osm_stop_within_100m":true},"geometry":{"type":"Point","coordinates":[17.4816086,49.5743665]}},{"type":"Feature","properties":{"name":"Loučany,,Hliníky","CIS_ok_internal_id":47505,"typ_dopravy":"VLD","mhd":"NE","obec":"Loučany","osm_proposal":"highway=bus_stop public_transport=platform","osm_stop_distance_m":39,"osm_stop_within_100m":true},"geometry":{"type":"Point","coordinates":[17.0807887,49.6003261]}},{"type":"Feature","properties":{"name":"Olomouc,,Nemilany","CIS_ok_internal_id":47536,"typ_dopravy":"MHD","mhd":"ANO","obec":"Olomouc","osm_proposal":"highway=bus_stop public_transport=platform","osm_stop_distance_m":25,"osm_stop_within_100m":true},"geometry":{"type":"Point","coordinates":[17.2484361,49.5572018]}},{"type":"Feature","properties":{"name":"Olomouc,,Smetanovy sady","CIS_ok_internal_id":47537,"typ_dopravy":"MHD i VLD","mhd":"ANO","obec":"Olomouc","osm_proposal":"highway=bus_stop public_transport=platform","osm_stop_distance_m":61,"osm_stop_within_100m":true},"geometry":{"type":"Point","coordinates":[17.2539364,49.5855033]}},{"type":"Feature","properties":{"name":"Olomouc,,Trnkova","CIS_ok_internal_id":47538,"typ_dopravy":"MHD i VLD","mhd":"ANO","obec":"Olomouc","osm_proposal":"highway=bus_stop public_transport=platform","osm_stop_distance_m":22,"osm_stop_within_100m":true},"geometry":{"type":"Point","coordinates":[17.2572144,49.5799611]}},{"type":"Feature","properties":{"name":"Osek n.Bečvou,,rest.Osečanka","CIS_ok_internal_id":47540,"typ_dopravy":"VLD","mhd":"NE","obec":"Osek nad Bečvou","osm_proposal":"highway=bus_stop public_transport=platform","osm_stop_distance_m":8,"osm_stop_within_100m":true},"geometry":{"type":"Point","coordinates":[17.5196121,49.5095551]}},{"type":"Feature","properties":{"name":"Prostějov,,sídl.E.Beneše","CIS_ok_internal_id":47564,"typ_dopravy":"MHD i VLD","mhd":"ANO","obec":"Prostějov","osm_proposal":"highway=bus_stop public_transport=platform","osm_stop_distance_m":59,"osm_stop_within_100m":true},"geometry":{"type":"Point","coordinates":[17.1159067,49.4803494]}},{"type":"Feature","properties":{"name":"Přáslavice,,rozc.","CIS_ok_internal_id":47565,"typ_dopravy":"VLD","mhd":"NE","obec":"Přáslavice","osm_proposal":"highway=bus_stop public_transport=platform","osm_stop_distance_m":5,"osm_stop_within_100m":true},"geometry":{"type":"Point","coordinates":[17.3891326,49.5868904]}},{"type":"Feature","properties":{"name":"Přerov,Čekyně,dolní konec","CIS_ok_internal_id":47566,"typ_dopravy":"MHD i VLD","mhd":"ANO","obec":"Přerov","osm_proposal":"highway=bus_stop public_transport=platform","osm_stop_distance_m":98,"osm_stop_within_100m":true},"geometry":{"type":"Point","coordinates":[17.4222722,49.4983899]}},{"type":"Feature","properties":{"name":"Říkovice,,pošta","CIS_ok_internal_id":47589,"typ_dopravy":"VLD","mhd":"NE","obec":"Říkovice","osm_proposal":"highway=bus_stop public_transport=platform","osm_stop_distance_m":326,"osm_stop_within_100m":false},"geometry":{"type":"Point","coordinates":[17.4517129,49.3816311]}},{"type":"Feature","properties":{"name":"Slatinky,,náves","CIS_ok_internal_id":47592,"typ_dopravy":"VLD","mhd":"NE","obec":"Slatinky","osm_proposal":"highway=bus_stop public_transport=platform","osm_stop_distance_m":6,"osm_stop_within_100m":true},"geometry":{"type":"Point","coordinates":[17.0933944,49.5491094]}},{"type":"Feature","properties":{"name":"Olomouc,,Kosmonautů","CIS_ok_internal_id":47689,"typ_dopravy":"MHD i VLD","mhd":"ANO","obec":"Olomouc","osm_proposal":"highway=bus_stop public_transport=platform","osm_stop_distance_m":26,"osm_stop_within_100m":true},"geometry":{"type":"Point","coordinates":[17.2749955,49.5917429]}},{"type":"Feature","properties":{"name":"Bělkovice-Lašťany,,Bělk.údolí rozc.","CIS_ok_internal_id":47825,"typ_dopravy":"VLD","mhd":"NE","obec":"Bělkovice-Lašťany","osm_proposal":"highway=bus_stop public_transport=platform","osm_stop_distance_m":2476,"osm_stop_within_100m":false},"geometry":{"type":"Point","coordinates":[17.3568499,49.7152478]}},{"type":"Feature","properties":{"name":"Blatec,,náves","CIS_ok_internal_id":48707,"typ_dopravy":"VLD","mhd":"NE","obec":"Blatec","osm_proposal":"highway=bus_stop public_transport=platform","osm_stop_distance_m":29,"osm_stop_within_100m":true},"geometry":{"type":"Point","coordinates":[17.2395533,49.5264507]}},{"type":"Feature","properties":{"name":"Olomouc,,aut.nádr.podchod","CIS_ok_internal_id":48790,"typ_dopravy":"MHD i VLD","mhd":"ANO","obec":"Olomouc","osm_proposal":"highway=bus_stop public_transport=platform","osm_stop_distance_m":12,"osm_stop_within_100m":true},"geometry":{"type":"Point","coordinates":[17.2848248,49.5885683]}},{"type":"Feature","properties":{"name":"Protivanov,,hor.zast.","CIS_ok_internal_id":48805,"typ_dopravy":"VLD","mhd":"NE","obec":"Protivanov","osm_proposal":"highway=bus_stop public_transport=platform","osm_stop_distance_m":5,"osm_stop_within_100m":true},"geometry":{"type":"Point","coordinates":[16.8317727,49.4783636]}},{"type":"Feature","properties":{"name":"Prostějov,,rybník","CIS_ok_internal_id":49055,"typ_dopravy":"MHD","mhd":"ANO","obec":"Prostějov","osm_proposal":"highway=bus_stop public_transport=platform","osm_stop_distance_m":28,"osm_stop_within_100m":true},"geometry":{"type":"Point","coordinates":[17.1047062,49.4675453]}},{"type":"Feature","properties":{"name":"Býškovice,,DESTA","CIS_ok_internal_id":49089,"typ_dopravy":"VLD","mhd":"NE","obec":"Býškovice","osm_proposal":"highway=bus_stop public_transport=platform","osm_stop_distance_m":19,"osm_stop_within_100m":true},"geometry":{"type":"Point","coordinates":[17.7099586,49.4669888]}},{"type":"Feature","properties":{"name":"Hustopeče n.Bečvou,,Váhala s.r.o.","CIS_ok_internal_id":49174,"typ_dopravy":"VLD","mhd":"NE","obec":"Hustopeče nad Bečvou","osm_proposal":"highway=bus_stop public_transport=platform","osm_stop_distance_m":490,"osm_stop_within_100m":false},"geometry":{"type":"Point","coordinates":[17.8753519,49.5273839]}},{"type":"Feature","properties":{"name":"Olomouc,,Envelopa","CIS_ok_internal_id":49192,"typ_dopravy":"MHD","mhd":"ANO","obec":"Olomouc","osm_proposal":"highway=bus_stop public_transport=platform","osm_stop_distance_m":103,"osm_stop_within_100m":false},"geometry":{"type":"Point","coordinates":[17.2606855,49.5893895]}},{"type":"Feature","properties":{"name":"Šternberk,,Dlouhá","CIS_ok_internal_id":49292,"typ_dopravy":"VLD","mhd":"NE","obec":"Šternberk","osm_proposal":"highway=bus_stop public_transport=platform","osm_stop_distance_m":25,"osm_stop_within_100m":true},"geometry":{"type":"Point","coordinates":[17.2773376,49.7270875]}},{"type":"Feature","properties":{"name":"Olomouc,,Sigma","CIS_ok_internal_id":49314,"typ_dopravy":"MHD","mhd":"ANO","obec":"Olomouc","osm_proposal":"highway=bus_stop public_transport=platform","osm_stop_distance_m":11,"osm_stop_within_100m":true},"geometry":{"type":"Point","coordinates":[17.2895746,49.6075562]}},{"type":"Feature","properties":{"name":"Olomouc,,17.listopadu","CIS_ok_internal_id":49317,"typ_dopravy":"MHD","mhd":"ANO","obec":"Olomouc","osm_proposal":"highway=bus_stop public_transport=platform","osm_stop_distance_m":9,"osm_stop_within_100m":true},"geometry":{"type":"Point","coordinates":[17.264942,49.5948447]}},{"type":"Feature","properties":{"name":"Olomouc,,AŽD","CIS_ok_internal_id":49332,"typ_dopravy":"MHD","mhd":"ANO","obec":"Olomouc","osm_proposal":"highway=bus_stop public_transport=platform","osm_stop_distance_m":21,"osm_stop_within_100m":true},"geometry":{"type":"Point","coordinates":[17.286299,49.6079479]}},{"type":"Feature","properties":{"name":"Olomouc,,Globus","CIS_ok_internal_id":49335,"typ_dopravy":"MHD","mhd":"ANO","obec":"Olomouc","osm_proposal":"highway=bus_stop public_transport=platform","osm_stop_distance_m":20,"osm_stop_within_100m":true},"geometry":{"type":"Point","coordinates":[17.2239929,49.6004712]}},{"type":"Feature","properties":{"name":"Týn n.Bečvou,,u rybníka","CIS_ok_internal_id":49347,"typ_dopravy":"VLD","mhd":"NE","obec":"Týn nad Bečvou","osm_proposal":"highway=bus_stop public_transport=platform","osm_stop_distance_m":4,"osm_stop_within_100m":true},"geometry":{"type":"Point","coordinates":[17.6232118,49.5197713]}},{"type":"Feature","properties":{"name":"Kralice na Hané,,Biskupická","CIS_ok_internal_id":49368,"typ_dopravy":"VLD","mhd":"NE","obec":"Kralice na Hané","osm_proposal":"highway=bus_stop public_transport=platform","osm_stop_distance_m":444,"osm_stop_within_100m":false},"geometry":{"type":"Point","coordinates":[17.1849147,49.4608652]}},{"type":"Feature","properties":{"name":"Kralice na Hané,,Hrubčická","CIS_ok_internal_id":49369,"typ_dopravy":"VLD","mhd":"NE","obec":"Kralice na Hané","osm_proposal":"highway=bus_stop public_transport=platform","osm_stop_distance_m":472,"osm_stop_within_100m":false},"geometry":{"type":"Point","coordinates":[17.1846782,49.4602819]}},{"type":"Feature","properties":{"name":"Kojetín,Popůvky,firma Hanák","CIS_ok_internal_id":49395,"typ_dopravy":"VLD","mhd":"NE","obec":"Kojetín","osm_proposal":"highway=bus_stop public_transport=platform","osm_stop_distance_m":1763,"osm_stop_within_100m":false},"geometry":{"type":"Point","coordinates":[17.2978421,49.3277311]}},{"type":"Feature","properties":{"name":"Bílovice-Lutotín,Lutotín","CIS_ok_internal_id":49504,"typ_dopravy":"VLD","mhd":"NE","obec":"Bílovice-Lutotín","osm_proposal":"highway=bus_stop public_transport=platform","osm_stop_distance_m":3,"osm_stop_within_100m":true},"geometry":{"type":"Point","coordinates":[17.0312603,49.519764]}},{"type":"Feature","properties":{"name":"Přerov,,kino Hvězda","CIS_ok_internal_id":49532,"typ_dopravy":"MHD","mhd":"ANO","obec":"Přerov","osm_proposal":"highway=bus_stop public_transport=platform","osm_stop_distance_m":55,"osm_stop_within_100m":true},"geometry":{"type":"Point","coordinates":[17.4548065,49.4507371]}},{"type":"Feature","properties":{"name":"Přerov,,Lipnická","CIS_ok_internal_id":49533,"typ_dopravy":"MHD","mhd":"ANO","obec":"Přerov","osm_proposal":"highway=bus_stop public_transport=platform","osm_stop_distance_m":14,"osm_stop_within_100m":true},"geometry":{"type":"Point","coordinates":[17.4437956,49.4636033]}},{"type":"Feature","properties":{"name":"Olomouc,,Domov seniorů","CIS_ok_internal_id":50014,"typ_dopravy":"MHD","mhd":"ANO","obec":"Olomouc","osm_proposal":"highway=bus_stop public_transport=platform","osm_stop_distance_m":14,"osm_stop_within_100m":true},"geometry":{"type":"Point","coordinates":[17.2966483,49.6158345]}},{"type":"Feature","properties":{"name":"Samotíšky","CIS_ok_internal_id":50015,"typ_dopravy":"MHD","mhd":"ANO","obec":"Samotišky","osm_proposal":"highway=bus_stop public_transport=platform","osm_stop_distance_m":7,"osm_stop_within_100m":true},"geometry":{"type":"Point","coordinates":[17.326698,49.6255877]}},{"type":"Feature","properties":{"name":"Olomouc,Droždín,dol.konec","CIS_ok_internal_id":50016,"typ_dopravy":"MHD","mhd":"ANO","obec":"Olomouc","osm_proposal":"highway=bus_stop public_transport=platform","osm_stop_distance_m":3,"osm_stop_within_100m":true},"geometry":{"type":"Point","coordinates":[17.3289315,49.6172332]}},{"type":"Feature","properties":{"name":"Olomouc,,Droždínská zatáčka","CIS_ok_internal_id":50017,"typ_dopravy":"MHD i VLD","mhd":"ANO","obec":"Olomouc","osm_proposal":"highway=bus_stop public_transport=platform","osm_stop_distance_m":93,"osm_stop_within_100m":true},"geometry":{"type":"Point","coordinates":[17.3350488,49.6199646]}},{"type":"Feature","properties":{"name":"Olomouc,,U Lesa","CIS_ok_internal_id":50018,"typ_dopravy":"MHD","mhd":"ANO","obec":"Olomouc","osm_proposal":"highway=bus_stop public_transport=platform","osm_stop_distance_m":2,"osm_stop_within_100m":true},"geometry":{"type":"Point","coordinates":[17.3571886,49.6298916]}},{"type":"Feature","properties":{"name":"Olomouc,,Farmak","CIS_ok_internal_id":50019,"typ_dopravy":"MHD","mhd":"ANO","obec":"Olomouc","osm_proposal":"highway=bus_stop public_transport=platform","osm_stop_distance_m":4,"osm_stop_within_100m":true},"geometry":{"type":"Point","coordinates":[17.2633045,49.6116639]}},{"type":"Feature","properties":{"name":"Olomouc,Radíkov,zahrádky","CIS_ok_internal_id":50021,"typ_dopravy":"MHD","mhd":"ANO","obec":"Olomouc","osm_proposal":"highway=bus_stop public_transport=platform","osm_stop_distance_m":12,"osm_stop_within_100m":true},"geometry":{"type":"Point","coordinates":[17.3576766,49.6354614]}},{"type":"Feature","properties":{"name":"Olomouc,Lošov","CIS_ok_internal_id":50023,"typ_dopravy":"MHD i VLD","mhd":"ANO","obec":"Olomouc","osm_proposal":"highway=bus_stop public_transport=platform","osm_stop_distance_m":7,"osm_stop_within_100m":true},"geometry":{"type":"Point","coordinates":[17.3629678,49.6208244]}},{"type":"Feature","properties":{"name":"Olomouc,,Černovír","CIS_ok_internal_id":50024,"typ_dopravy":"MHD","mhd":"ANO","obec":"Olomouc","osm_proposal":"highway=bus_stop public_transport=platform","osm_stop_distance_m":2,"osm_stop_within_100m":true},"geometry":{"type":"Point","coordinates":[17.2580688,49.6181621]}},{"type":"Feature","properties":{"name":"Olomouc,,Na Sezníku","CIS_ok_internal_id":50025,"typ_dopravy":"MHD","mhd":"ANO","obec":"Olomouc","osm_proposal":"highway=bus_stop public_transport=platform","osm_stop_distance_m":1,"osm_stop_within_100m":true},"geometry":{"type":"Point","coordinates":[17.2576662,49.6164838]}},{"type":"Feature","properties":{"name":"Olomouc,,Frajtovo nám.","CIS_ok_internal_id":50026,"typ_dopravy":"MHD","mhd":"ANO","obec":"Olomouc","osm_proposal":"highway=bus_stop public_transport=platform","osm_stop_distance_m":41,"osm_stop_within_100m":true},"geometry":{"type":"Point","coordinates":[17.2561732,49.6129186]}},{"type":"Feature","properties":{"name":"Olomouc,,Stratilova","CIS_ok_internal_id":50027,"typ_dopravy":"MHD","mhd":"ANO","obec":"Olomouc","osm_proposal":"highway=bus_stop public_transport=platform","osm_stop_distance_m":12,"osm_stop_within_100m":true},"geometry":{"type":"Point","coordinates":[17.2592233,49.610999]}},{"type":"Feature","properties":{"name":"Olomouc,,Jablonského","CIS_ok_internal_id":50028,"typ_dopravy":"MHD","mhd":"ANO","obec":"Olomouc","osm_proposal":"highway=bus_stop public_transport=platform","osm_stop_distance_m":16,"osm_stop_within_100m":true},"geometry":{"type":"Point","coordinates":[17.2600141,49.6079277]}},{"type":"Feature","properties":{"name":"Olomouc,,Klášterní Hradisko","CIS_ok_internal_id":50029,"typ_dopravy":"MHD","mhd":"ANO","obec":"Olomouc","osm_proposal":"highway=bus_stop public_transport=platform","osm_stop_distance_m":61,"osm_stop_within_100m":true},"geometry":{"type":"Point","coordinates":[17.2641137,49.6045022]}},{"type":"Feature","properties":{"name":"Olomouc,,Černá cesta","CIS_ok_internal_id":50030,"typ_dopravy":"MHD","mhd":"ANO","obec":"Olomouc","osm_proposal":"highway=bus_stop public_transport=platform","osm_stop_distance_m":27,"osm_stop_within_100m":true},"geometry":{"type":"Point","coordinates":[17.2671812,49.5994489]}},{"type":"Feature","properties":{"name":"Olomouc,,Řepčínská","CIS_ok_internal_id":50032,"typ_dopravy":"MHD","mhd":"ANO","obec":"Olomouc","osm_proposal":"highway=bus_stop public_transport=platform","osm_stop_distance_m":12,"osm_stop_within_100m":true},"geometry":{"type":"Point","coordinates":[17.2352939,49.6062514]}},{"type":"Feature","properties":{"name":"Olomouc,,Pasteurova","CIS_ok_internal_id":50034,"typ_dopravy":"MHD","mhd":"ANO","obec":"Olomouc","osm_proposal":"highway=bus_stop public_transport=platform","osm_stop_distance_m":9,"osm_stop_within_100m":true},"geometry":{"type":"Point","coordinates":[17.2719974,49.5992028]}},{"type":"Feature","properties":{"name":"Olomouc,,Peugeot","CIS_ok_internal_id":50035,"typ_dopravy":"MHD","mhd":"ANO","obec":"Olomouc","osm_proposal":"highway=bus_stop public_transport=platform","osm_stop_distance_m":13,"osm_stop_within_100m":true},"geometry":{"type":"Point","coordinates":[17.3150372,49.5900531]}},{"type":"Feature","properties":{"name":"Olomouc,Řepčín,škola","CIS_ok_internal_id":50036,"typ_dopravy":"MHD","mhd":"ANO","obec":"Olomouc","osm_proposal":"highway=bus_stop public_transport=platform","osm_stop_distance_m":40,"osm_stop_within_100m":true},"geometry":{"type":"Point","coordinates":[17.23083,49.6072711]}},{"type":"Feature","properties":{"name":"Olomouc,Droždín,Horní Úlehla","CIS_ok_internal_id":50038,"typ_dopravy":"MHD","mhd":"ANO","obec":"Olomouc","osm_proposal":"highway=bus_stop public_transport=platform","osm_stop_distance_m":21,"osm_stop_within_100m":true},"geometry":{"type":"Point","coordinates":[17.3341948,49.6128171]}},{"type":"Feature","properties":{"name":"Olomouc,,Poděbrady","CIS_ok_internal_id":50039,"typ_dopravy":"MHD","mhd":"ANO","obec":"Olomouc","osm_proposal":"highway=bus_stop public_transport=platform","osm_stop_distance_m":13,"osm_stop_within_100m":true},"geometry":{"type":"Point","coordinates":[17.2186768,49.6230057]}},{"type":"Feature","properties":{"name":"Skrbeň","CIS_ok_internal_id":50040,"typ_dopravy":"MHD","mhd":"ANO","obec":"Skrbeň","osm_proposal":"highway=bus_stop public_transport=platform","osm_stop_distance_m":1,"osm_stop_within_100m":true},"geometry":{"type":"Point","coordinates":[17.1793038,49.6419499]}},{"type":"Feature","properties":{"name":"Horka n.Mor.","CIS_ok_internal_id":50041,"typ_dopravy":"MHD","mhd":"ANO","obec":"Horka nad Moravou","osm_proposal":"highway=bus_stop public_transport=platform","osm_stop_distance_m":17,"osm_stop_within_100m":true},"geometry":{"type":"Point","coordinates":[17.2064972,49.6370273]}},{"type":"Feature","properties":{"name":"Horka n.Mor.,,škola","CIS_ok_internal_id":50042,"typ_dopravy":"MHD","mhd":"ANO","obec":"Horka nad Moravou","osm_proposal":"highway=bus_stop public_transport=platform","osm_stop_distance_m":6,"osm_stop_within_100m":true},"geometry":{"type":"Point","coordinates":[17.203736,49.638784]}},{"type":"Feature","properties":{"name":"Horka n.Mor.,,Obecní úřad","CIS_ok_internal_id":50043,"typ_dopravy":"MHD","mhd":"ANO","obec":"Horka nad Moravou","osm_proposal":"highway=bus_stop public_transport=platform","osm_stop_distance_m":6,"osm_stop_within_100m":true},"geometry":{"type":"Point","coordinates":[17.2096844,49.6392262]}},{"type":"Feature","properties":{"name":"Horka n.Mor.,,Sedlisko","CIS_ok_internal_id":50044,"typ_dopravy":"MHD","mhd":"ANO","obec":"Horka nad Moravou","osm_proposal":"highway=bus_stop public_transport=platform","osm_stop_distance_m":22,"osm_stop_within_100m":true},"geometry":{"type":"Point","coordinates":[17.2173839,49.6398609]}},{"type":"Feature","properties":{"name":"Hranice,,Sady","CIS_ok_internal_id":50201,"typ_dopravy":"MHD i VLD","mhd":"ANO","obec":"Hranice","osm_proposal":"highway=bus_stop public_transport=platform","osm_stop_distance_m":8,"osm_stop_within_100m":true},"geometry":{"type":"Point","coordinates":[17.7363146,49.5408684]}},{"type":"Feature","properties":{"name":"Bouzov,Jeřmaň,most","CIS_ok_internal_id":50202,"typ_dopravy":"VLD","mhd":"NE","obec":"Bouzov","osm_proposal":"highway=bus_stop public_transport=platform","osm_stop_distance_m":337,"osm_stop_within_100m":false},"geometry":{"type":"Point","coordinates":[16.8953893,49.720867]}},{"type":"Feature","properties":{"name":"Ptení,,ZŠ","CIS_ok_internal_id":50339,"typ_dopravy":"VLD","mhd":"NE","obec":"Ptení","osm_proposal":"highway=bus_stop public_transport=platform","osm_stop_distance_m":10,"osm_stop_within_100m":true},"geometry":{"type":"Point","coordinates":[16.9592936,49.5107387]}},{"type":"Feature","properties":{"name":"Lipová,Seč,požární dům","CIS_ok_internal_id":50341,"typ_dopravy":"VLD","mhd":"NE","obec":"Lipová","osm_proposal":"highway=bus_stop public_transport=platform","osm_stop_distance_m":3,"osm_stop_within_100m":true},"geometry":{"type":"Point","coordinates":[16.8834652,49.5223546]}},{"type":"Feature","properties":{"name":"Olomouc,,Jílová","CIS_ok_internal_id":50347,"typ_dopravy":"MHD","mhd":"ANO","obec":"Olomouc","osm_proposal":"highway=bus_stop public_transport=platform","osm_stop_distance_m":35,"osm_stop_within_100m":true},"geometry":{"type":"Point","coordinates":[17.2321239,49.5903447]}},{"type":"Feature","properties":{"name":"Olomouc,,Lékařská fakulta","CIS_ok_internal_id":50348,"typ_dopravy":"MHD","mhd":"ANO","obec":"Olomouc","osm_proposal":"highway=bus_stop public_transport=platform","osm_stop_distance_m":8,"osm_stop_within_100m":true},"geometry":{"type":"Point","coordinates":[17.2375703,49.5876491]}},{"type":"Feature","properties":{"name":"Olomouc,,Hotelový dům","CIS_ok_internal_id":50349,"typ_dopravy":"MHD i VLD","mhd":"ANO","obec":"Olomouc","osm_proposal":"highway=bus_stop public_transport=platform","osm_stop_distance_m":9,"osm_stop_within_100m":true},"geometry":{"type":"Point","coordinates":[17.2455324,49.582203]}},{"type":"Feature","properties":{"name":"Vranovice-Kelčice,Kelčice,pod mostem","CIS_ok_internal_id":50582,"typ_dopravy":"VLD","mhd":"NE","obec":"Vranovice-Kelčice","osm_proposal":"highway=bus_stop public_transport=platform","osm_stop_distance_m":19,"osm_stop_within_100m":true},"geometry":{"type":"Point","coordinates":[17.1050194,49.4031199]}},{"type":"Feature","properties":{"name":"Olomouc,,Svornosti","CIS_ok_internal_id":50607,"typ_dopravy":"MHD","mhd":"ANO","obec":"Olomouc","osm_proposal":"highway=bus_stop public_transport=platform","osm_stop_distance_m":26,"osm_stop_within_100m":true},"geometry":{"type":"Point","coordinates":[17.2344931,49.5941445]}},{"type":"Feature","properties":{"name":"Olomouc,,Finanční úřad","CIS_ok_internal_id":50608,"typ_dopravy":"MHD i VLD","mhd":"ANO","obec":"Olomouc","osm_proposal":"highway=bus_stop public_transport=platform","osm_stop_distance_m":118,"osm_stop_within_100m":false},"geometry":{"type":"Point","coordinates":[17.2524359,49.6027759]}},{"type":"Feature","properties":{"name":"Litovel,,škola","CIS_ok_internal_id":50914,"typ_dopravy":"VLD","mhd":"NE","obec":"Litovel","osm_proposal":"highway=bus_stop public_transport=platform","osm_stop_distance_m":1,"osm_stop_within_100m":true},"geometry":{"type":"Point","coordinates":[17.079615,49.704555]}},{"type":"Feature","properties":{"name":"Pavlov,,hřbitov","CIS_ok_internal_id":50944,"typ_dopravy":"VLD","mhd":"NE","obec":"Pavlov","osm_proposal":"highway=bus_stop public_transport=platform","osm_stop_distance_m":1183,"osm_stop_within_100m":false},"geometry":{"type":"Point","coordinates":[16.8861534,49.7441003]}},{"type":"Feature","properties":{"name":"Horka n.Mor.,,areál Delta","CIS_ok_internal_id":50951,"typ_dopravy":"MHD","mhd":"ANO","obec":"Horka nad Moravou","osm_proposal":"highway=bus_stop public_transport=platform","osm_stop_distance_m":2,"osm_stop_within_100m":true},"geometry":{"type":"Point","coordinates":[17.2053483,49.6273573]}},{"type":"Feature","properties":{"name":"Olomouc,,Erenburgova","CIS_ok_internal_id":50952,"typ_dopravy":"MHD","mhd":"ANO","obec":"Olomouc","osm_proposal":"highway=bus_stop public_transport=platform","osm_stop_distance_m":1,"osm_stop_within_100m":true},"geometry":{"type":"Point","coordinates":[17.2321638,49.5995285]}},{"type":"Feature","properties":{"name":"Olomouc,,Kmochova","CIS_ok_internal_id":50953,"typ_dopravy":"MHD","mhd":"ANO","obec":"Olomouc","osm_proposal":"highway=bus_stop public_transport=platform","osm_stop_distance_m":5,"osm_stop_within_100m":true},"geometry":{"type":"Point","coordinates":[17.2312473,49.5930959]}},{"type":"Feature","properties":{"name":"Olomouc,,Zikova","CIS_ok_internal_id":50954,"typ_dopravy":"MHD","mhd":"ANO","obec":"Olomouc","osm_proposal":"highway=bus_stop public_transport=platform","osm_stop_distance_m":35,"osm_stop_within_100m":true},"geometry":{"type":"Point","coordinates":[17.2561015,49.5775405]}},{"type":"Feature","properties":{"name":"Olomouc,,Selské nám.","CIS_ok_internal_id":50956,"typ_dopravy":"MHD","mhd":"ANO","obec":"Olomouc","osm_proposal":"highway=bus_stop public_transport=platform","osm_stop_distance_m":9,"osm_stop_within_100m":true},"geometry":{"type":"Point","coordinates":[17.292987,49.6142157]}},{"type":"Feature","properties":{"name":"Olomouc,,Na Rohu","CIS_ok_internal_id":50958,"typ_dopravy":"MHD","mhd":"ANO","obec":"Olomouc","osm_proposal":"highway=bus_stop public_transport=platform","osm_stop_distance_m":50,"osm_stop_within_100m":true},"geometry":{"type":"Point","coordinates":[17.2873963,49.6113819]}},{"type":"Feature","properties":{"name":"Bukovany","CIS_ok_internal_id":50960,"typ_dopravy":"MHD i VLD","mhd":"ANO","obec":"Bukovany","osm_proposal":"highway=bus_stop public_transport=platform","osm_stop_distance_m":4,"osm_stop_within_100m":true},"geometry":{"type":"Point","coordinates":[17.3454958,49.6057452]}},{"type":"Feature","properties":{"name":"Litovel,,hřbitov","CIS_ok_internal_id":51375,"typ_dopravy":"VLD","mhd":"NE","obec":"Litovel","osm_proposal":"highway=bus_stop public_transport=platform","osm_stop_distance_m":679,"osm_stop_within_100m":false},"geometry":{"type":"Point","coordinates":[17.0780241,49.6819976]}},{"type":"Feature","properties":{"name":"Olomouc,,Gymnázium Hejčín","CIS_ok_internal_id":51458,"typ_dopravy":"MHD","mhd":"ANO","obec":"Olomouc","osm_proposal":"highway=bus_stop public_transport=platform","osm_stop_distance_m":54,"osm_stop_within_100m":true},"geometry":{"type":"Point","coordinates":[17.2368696,49.6009104]}},{"type":"Feature","properties":{"name":"Litovel,Rozvadovice,náves","CIS_ok_internal_id":51811,"typ_dopravy":"VLD","mhd":"NE","obec":"Litovel","osm_proposal":"highway=bus_stop public_transport=platform","osm_stop_distance_m":210,"osm_stop_within_100m":false},"geometry":{"type":"Point","coordinates":[17.0925776,49.6764451]}},{"type":"Feature","properties":{"name":"Prostějov,,Svatoplukova","CIS_ok_internal_id":51826,"typ_dopravy":"MHD i VLD","mhd":"ANO","obec":"Prostějov","osm_proposal":"highway=bus_stop public_transport=platform","osm_stop_distance_m":19,"osm_stop_within_100m":true},"geometry":{"type":"Point","coordinates":[17.1182491,49.4729127]}},{"type":"Feature","properties":{"name":"Velký Týnec,Vsisko,Olympia","CIS_ok_internal_id":52054,"typ_dopravy":"VLD","mhd":"NE","obec":"Velký Týnec","osm_proposal":"highway=bus_stop public_transport=platform","osm_stop_distance_m":34,"osm_stop_within_100m":true},"geometry":{"type":"Point","coordinates":[17.3077518,49.5594318]}},{"type":"Feature","properties":{"name":"Olomouc,Neředín,krematorium","CIS_ok_internal_id":52152,"typ_dopravy":"MHD i VLD","mhd":"ANO","obec":"Olomouc","osm_proposal":"highway=bus_stop public_transport=platform","osm_stop_distance_m":20,"osm_stop_within_100m":true},"geometry":{"type":"Point","coordinates":[17.2171403,49.5954066]}},{"type":"Feature","properties":{"name":"Olomouc,,Ahold","CIS_ok_internal_id":52153,"typ_dopravy":"MHD i VLD","mhd":"ANO","obec":"Olomouc","osm_proposal":"highway=bus_stop public_transport=platform","osm_stop_distance_m":39,"osm_stop_within_100m":true},"geometry":{"type":"Point","coordinates":[17.2619224,49.5617216]}},{"type":"Feature","properties":{"name":"Šternberk,,Svatoplukova","CIS_ok_internal_id":52197,"typ_dopravy":"VLD","mhd":"NE","obec":"Šternberk","osm_proposal":"highway=bus_stop public_transport=platform","osm_stop_distance_m":16,"osm_stop_within_100m":true},"geometry":{"type":"Point","coordinates":[17.3027603,49.723746]}},{"type":"Feature","properties":{"name":"Bílá Lhota,,škola","CIS_ok_internal_id":52523,"typ_dopravy":"VLD","mhd":"NE","obec":"Bílá Lhota","osm_proposal":"highway=bus_stop public_transport=platform","osm_stop_distance_m":0,"osm_stop_within_100m":true},"geometry":{"type":"Point","coordinates":[16.9746736,49.7116096]}},{"type":"Feature","properties":{"name":"Bousín,Repechy,rozc.","CIS_ok_internal_id":52642,"typ_dopravy":"VLD","mhd":"NE","obec":"Bousín","osm_proposal":"highway=bus_stop public_transport=platform","osm_stop_distance_m":14,"osm_stop_within_100m":true},"geometry":{"type":"Point","coordinates":[16.868304,49.4636337]}},{"type":"Feature","properties":{"name":"Protivanov,,ZŠ","CIS_ok_internal_id":52643,"typ_dopravy":"VLD","mhd":"NE","obec":"Protivanov","osm_proposal":"highway=bus_stop public_transport=platform","osm_stop_distance_m":8,"osm_stop_within_100m":true},"geometry":{"type":"Point","coordinates":[16.8351448,49.4805792]}},{"type":"Feature","properties":{"name":"Olomouc,,Tržnice plocha","CIS_ok_internal_id":52760,"typ_dopravy":"MHD i VLD","mhd":"ANO","obec":"Olomouc","osm_proposal":"highway=bus_stop public_transport=platform","osm_stop_distance_m":1,"osm_stop_within_100m":true},"geometry":{"type":"Point","coordinates":[17.2545175,49.5886097]}},{"type":"Feature","properties":{"name":"Šternberk,,Sadová","CIS_ok_internal_id":52771,"typ_dopravy":"VLD","mhd":"NE","obec":"Šternberk","osm_proposal":"highway=bus_stop public_transport=platform","osm_stop_distance_m":3,"osm_stop_within_100m":true},"geometry":{"type":"Point","coordinates":[17.3030492,49.7260726]}},{"type":"Feature","properties":{"name":"Horní Nětčice,,Pochyly","CIS_ok_internal_id":52820,"typ_dopravy":"VLD","mhd":"NE","obec":"Horní Nětčice","osm_proposal":"highway=bus_stop public_transport=platform","osm_stop_distance_m":305,"osm_stop_within_100m":false},"geometry":{"type":"Point","coordinates":[17.6867065,49.4720137]}},{"type":"Feature","properties":{"name":"Tištín,,náměstí","CIS_ok_internal_id":52823,"typ_dopravy":"VLD","mhd":"NE","obec":"Tištín","osm_proposal":"highway=bus_stop public_transport=platform","osm_stop_distance_m":1496,"osm_stop_within_100m":false},"geometry":{"type":"Point","coordinates":[17.1652891,49.3068826]}},{"type":"Feature","properties":{"name":"Tištín,Trávník","CIS_ok_internal_id":52824,"typ_dopravy":"VLD","mhd":"NE","obec":"Tištín","osm_proposal":"highway=bus_stop public_transport=platform","osm_stop_distance_m":1396,"osm_stop_within_100m":false},"geometry":{"type":"Point","coordinates":[17.1676842,49.3091445]}},{"type":"Feature","properties":{"name":"Olomouc,,Foerstrova pošta","CIS_ok_internal_id":52902,"typ_dopravy":"MHD","mhd":"ANO","obec":"Olomouc","osm_proposal":"highway=bus_stop public_transport=platform","osm_stop_distance_m":11,"osm_stop_within_100m":true},"geometry":{"type":"Point","coordinates":[17.2354848,49.5914173]}},{"type":"Feature","properties":{"name":"Štěpánov,,Leda","CIS_ok_internal_id":52954,"typ_dopravy":"VLD","mhd":"NE","obec":"Štěpánov","osm_proposal":"highway=bus_stop public_transport=platform","osm_stop_distance_m":628,"osm_stop_within_100m":false},"geometry":{"type":"Point","coordinates":[17.2122706,49.6871793]}},{"type":"Feature","properties":{"name":"Hustopeče n.Bečvou,,škola","CIS_ok_internal_id":53546,"typ_dopravy":"VLD","mhd":"NE","obec":"Hustopeče nad Bečvou","osm_proposal":"highway=bus_stop public_transport=platform","osm_stop_distance_m":192,"osm_stop_within_100m":false},"geometry":{"type":"Point","coordinates":[17.8672731,49.5309671]}},{"type":"Feature","properties":{"name":"Bělotín,Lučice,dolní konec","CIS_ok_internal_id":53548,"typ_dopravy":"VLD","mhd":"NE","obec":"Bělotín","osm_proposal":"highway=bus_stop public_transport=platform","osm_stop_distance_m":2287,"osm_stop_within_100m":false},"geometry":{"type":"Point","coordinates":[17.8303182,49.5911297]}},{"type":"Feature","properties":{"name":"Soběchleby,,Záhumení","CIS_ok_internal_id":53986,"typ_dopravy":"VLD","mhd":"NE","obec":"Soběchleby","osm_proposal":"highway=bus_stop public_transport=platform","osm_stop_distance_m":16,"osm_stop_within_100m":true},"geometry":{"type":"Point","coordinates":[17.6488074,49.478146]}},{"type":"Feature","properties":{"name":"Litovel,Nasobůrky,prům.zóna","CIS_ok_internal_id":54550,"typ_dopravy":"VLD","mhd":"NE","obec":"Litovel","osm_proposal":"highway=bus_stop public_transport=platform","osm_stop_distance_m":1,"osm_stop_within_100m":true},"geometry":{"type":"Point","coordinates":[17.0508078,49.6940696]}},{"type":"Feature","properties":{"name":"Litovel,Savín,náves","CIS_ok_internal_id":54565,"typ_dopravy":"VLD","mhd":"NE","obec":"Litovel","osm_proposal":"highway=bus_stop public_transport=platform","osm_stop_distance_m":12,"osm_stop_within_100m":true},"geometry":{"type":"Point","coordinates":[16.9861316,49.6752936]}},{"type":"Feature","properties":{"name":"Držovice,,TESCO","CIS_ok_internal_id":54613,"typ_dopravy":"MHD i VLD","mhd":"ANO","obec":"Držovice","osm_proposal":"highway=bus_stop public_transport=platform","osm_stop_distance_m":0,"osm_stop_within_100m":true},"geometry":{"type":"Point","coordinates":[17.1281002,49.4835655]}},{"type":"Feature","properties":{"name":"Držovice,,Zelenina","CIS_ok_internal_id":54614,"typ_dopravy":"VLD","mhd":"NE","obec":"Držovice","osm_proposal":"highway=bus_stop public_transport=platform","osm_stop_distance_m":121,"osm_stop_within_100m":false},"geometry":{"type":"Point","coordinates":[17.1232251,49.4845741]}},{"type":"Feature","properties":{"name":"Držovice,,autoopravna","CIS_ok_internal_id":54615,"typ_dopravy":"VLD","mhd":"NE","obec":"Držovice","osm_proposal":"highway=bus_stop public_transport=platform","osm_stop_distance_m":23,"osm_stop_within_100m":true},"geometry":{"type":"Point","coordinates":[17.125736,49.4872873]}},{"type":"Feature","properties":{"name":"Držovice,,cihelna","CIS_ok_internal_id":54616,"typ_dopravy":"VLD","mhd":"NE","obec":"Držovice","osm_proposal":"highway=bus_stop public_transport=platform","osm_stop_distance_m":497,"osm_stop_within_100m":false},"geometry":{"type":"Point","coordinates":[17.133242,49.4935341]}},{"type":"Feature","properties":{"name":"Držovice,,kostel","CIS_ok_internal_id":54617,"typ_dopravy":"VLD","mhd":"NE","obec":"Držovice","osm_proposal":"highway=bus_stop public_transport=platform","osm_stop_distance_m":446,"osm_stop_within_100m":false},"geometry":{"type":"Point","coordinates":[17.1345899,49.4911818]}},{"type":"Feature","properties":{"name":"Držovice,,točna","CIS_ok_internal_id":54618,"typ_dopravy":"VLD","mhd":"NE","obec":"Držovice","osm_proposal":"highway=bus_stop public_transport=platform","osm_stop_distance_m":782,"osm_stop_within_100m":false},"geometry":{"type":"Point","coordinates":[17.1393874,49.4898311]}},{"type":"Feature","properties":{"name":"Prostějov,,Arkáda","CIS_ok_internal_id":54697,"typ_dopravy":"MHD i VLD","mhd":"ANO","obec":"Prostějov","osm_proposal":"highway=bus_stop public_transport=platform","osm_stop_distance_m":1,"osm_stop_within_100m":true},"geometry":{"type":"Point","coordinates":[17.1236788,49.4834519]}},{"type":"Feature","properties":{"name":"Držovice,,Arkáda","CIS_ok_internal_id":54698,"typ_dopravy":"MHD i VLD","mhd":"ANO","obec":"Držovice","osm_proposal":"highway=bus_stop public_transport=platform","osm_stop_distance_m":2,"osm_stop_within_100m":true},"geometry":{"type":"Point","coordinates":[17.124164,49.4835123]}},{"type":"Feature","properties":{"name":"Ludmírov,Milkov,farma","CIS_ok_internal_id":54770,"typ_dopravy":"VLD","mhd":"NE","obec":"Ludmírov","osm_proposal":"highway=bus_stop public_transport=platform","osm_stop_distance_m":4,"osm_stop_within_100m":true},"geometry":{"type":"Point","coordinates":[16.8736461,49.6604915]}},{"type":"Feature","properties":{"name":"Krumsín,,u sv.Jana","CIS_ok_internal_id":54838,"typ_dopravy":"VLD","mhd":"NE","obec":"Krumsín","osm_proposal":"highway=bus_stop public_transport=platform","osm_stop_distance_m":6,"osm_stop_within_100m":true},"geometry":{"type":"Point","coordinates":[17.000535,49.4476822]}},{"type":"Feature","properties":{"name":"Hrubčice,,Kralická","CIS_ok_internal_id":54857,"typ_dopravy":"VLD","mhd":"NE","obec":"Hrubčice","osm_proposal":"highway=bus_stop public_transport=platform","osm_stop_distance_m":439,"osm_stop_within_100m":false},"geometry":{"type":"Point","coordinates":[17.1905284,49.4537906]}},{"type":"Feature","properties":{"name":"Pavlov,,hasičárna","CIS_ok_internal_id":55020,"typ_dopravy":"VLD","mhd":"NE","obec":"Pavlov","osm_proposal":"highway=bus_stop public_transport=platform","osm_stop_distance_m":1220,"osm_stop_within_100m":false},"geometry":{"type":"Point","coordinates":[16.8804703,49.7434256]}},{"type":"Feature","properties":{"name":"Hranice,,Albert hypermarket","CIS_ok_internal_id":55036,"typ_dopravy":"MHD","mhd":"ANO","obec":"Hranice","osm_proposal":"highway=bus_stop public_transport=platform","osm_stop_distance_m":32,"osm_stop_within_100m":true},"geometry":{"type":"Point","coordinates":[17.7496817,49.5578469]}},{"type":"Feature","properties":{"name":"Hranice,,Kaufland","CIS_ok_internal_id":55037,"typ_dopravy":"MHD","mhd":"ANO","obec":"Hranice","osm_proposal":"highway=bus_stop public_transport=platform","osm_stop_distance_m":1,"osm_stop_within_100m":true},"geometry":{"type":"Point","coordinates":[17.7406097,49.5572798]}},{"type":"Feature","properties":{"name":"Hranice,,žel.st.město","CIS_ok_internal_id":55038,"typ_dopravy":"MHD","mhd":"ANO","obec":"Hranice","osm_proposal":"highway=bus_stop public_transport=platform","osm_stop_distance_m":37,"osm_stop_within_100m":true},"geometry":{"type":"Point","coordinates":[17.7414963,49.546099]}},{"type":"Feature","properties":{"name":"Hranice,,Skalní","CIS_ok_internal_id":55039,"typ_dopravy":"MHD","mhd":"ANO","obec":"Hranice","osm_proposal":"highway=bus_stop public_transport=platform","osm_stop_distance_m":10,"osm_stop_within_100m":true},"geometry":{"type":"Point","coordinates":[17.7434241,49.5506371]}},{"type":"Feature","properties":{"name":"Hranice,,Sklený kopec","CIS_ok_internal_id":55040,"typ_dopravy":"MHD","mhd":"ANO","obec":"Hranice","osm_proposal":"highway=bus_stop public_transport=platform","osm_stop_distance_m":30,"osm_stop_within_100m":true},"geometry":{"type":"Point","coordinates":[17.7426339,49.5531875]}},{"type":"Feature","properties":{"name":"Hranice,,sport.areál","CIS_ok_internal_id":55041,"typ_dopravy":"MHD","mhd":"ANO","obec":"Hranice","osm_proposal":"highway=bus_stop public_transport=platform","osm_stop_distance_m":27,"osm_stop_within_100m":true},"geometry":{"type":"Point","coordinates":[17.7246583,49.5450497]}},{"type":"Feature","properties":{"name":"Hranice,,Fuskova prom.","CIS_ok_internal_id":55042,"typ_dopravy":"MHD","mhd":"ANO","obec":"Hranice","osm_proposal":"highway=bus_stop public_transport=platform","osm_stop_distance_m":11,"osm_stop_within_100m":true},"geometry":{"type":"Point","coordinates":[17.7407392,49.5365434]}},{"type":"Feature","properties":{"name":"Prostějov,,Plumlovská OC","CIS_ok_internal_id":55081,"typ_dopravy":"MHD","mhd":"ANO","obec":"Prostějov","osm_proposal":"highway=bus_stop public_transport=platform","osm_stop_distance_m":2,"osm_stop_within_100m":true},"geometry":{"type":"Point","coordinates":[17.0796785,49.4731328]}},{"type":"Feature","properties":{"name":"Prostějov,,Brněnská křiž.Krokova","CIS_ok_internal_id":55355,"typ_dopravy":"MHD","mhd":"ANO","obec":"Prostějov","osm_proposal":"highway=bus_stop public_transport=platform","osm_stop_distance_m":3,"osm_stop_within_100m":true},"geometry":{"type":"Point","coordinates":[17.1114793,49.4678914]}},{"type":"Feature","properties":{"name":"Prostějov,,Dolní","CIS_ok_internal_id":55356,"typ_dopravy":"MHD","mhd":"ANO","obec":"Prostějov","osm_proposal":"highway=bus_stop public_transport=platform","osm_stop_distance_m":62,"osm_stop_within_100m":true},"geometry":{"type":"Point","coordinates":[17.1227152,49.4680558]}},{"type":"Feature","properties":{"name":"Prostějov,,Drozdovice","CIS_ok_internal_id":55357,"typ_dopravy":"MHD","mhd":"ANO","obec":"Prostějov","osm_proposal":"highway=bus_stop public_transport=platform","osm_stop_distance_m":46,"osm_stop_within_100m":true},"geometry":{"type":"Point","coordinates":[17.095648,49.4665745]}},{"type":"Feature","properties":{"name":"Prostějov,,Hacarova DPS","CIS_ok_internal_id":55358,"typ_dopravy":"MHD","mhd":"ANO","obec":"Prostějov","osm_proposal":"highway=bus_stop public_transport=platform","osm_stop_distance_m":31,"osm_stop_within_100m":true},"geometry":{"type":"Point","coordinates":[17.0981443,49.4786108]}},{"type":"Feature","properties":{"name":"Prostějov,,Hřbitov","CIS_ok_internal_id":55359,"typ_dopravy":"MHD","mhd":"ANO","obec":"Prostějov","osm_proposal":"highway=bus_stop public_transport=platform","osm_stop_distance_m":93,"osm_stop_within_100m":true},"geometry":{"type":"Point","coordinates":[17.1120674,49.4554505]}},{"type":"Feature","properties":{"name":"Prostějov,,koupelky","CIS_ok_internal_id":55360,"typ_dopravy":"MHD","mhd":"ANO","obec":"Prostějov","osm_proposal":"highway=bus_stop public_transport=platform","osm_stop_distance_m":18,"osm_stop_within_100m":true},"geometry":{"type":"Point","coordinates":[17.0904176,49.4664406]}},{"type":"Feature","properties":{"name":"Prostějov,Krasice","CIS_ok_internal_id":55361,"typ_dopravy":"MHD","mhd":"ANO","obec":"Prostějov","osm_proposal":"highway=bus_stop public_transport=platform","osm_stop_distance_m":39,"osm_stop_within_100m":true},"geometry":{"type":"Point","coordinates":[17.0836246,49.4687145]}},{"type":"Feature","properties":{"name":"Prostějov,Krasice,Moravská","CIS_ok_internal_id":55362,"typ_dopravy":"MHD","mhd":"ANO","obec":"Prostějov","osm_proposal":"highway=bus_stop public_transport=platform","osm_stop_distance_m":85,"osm_stop_within_100m":true},"geometry":{"type":"Point","coordinates":[17.0841041,49.4662112]}},{"type":"Feature","properties":{"name":"Prostějov,Krasice,u mýta","CIS_ok_internal_id":55363,"typ_dopravy":"MHD","mhd":"ANO","obec":"Prostějov","osm_proposal":"highway=bus_stop public_transport=platform","osm_stop_distance_m":14,"osm_stop_within_100m":true},"geometry":{"type":"Point","coordinates":[17.0863053,49.4718047]}},{"type":"Feature","properties":{"name":"Prostějov,,Plumlovská","CIS_ok_internal_id":55365,"typ_dopravy":"MHD","mhd":"ANO","obec":"Prostějov","osm_proposal":"highway=bus_stop public_transport=platform","osm_stop_distance_m":13,"osm_stop_within_100m":true},"geometry":{"type":"Point","coordinates":[17.1011427,49.4724467]}},{"type":"Feature","properties":{"name":"Prostějov,,Poděbradovo nám.","CIS_ok_internal_id":55366,"typ_dopravy":"MHD","mhd":"ANO","obec":"Prostějov","osm_proposal":"highway=bus_stop public_transport=platform","osm_stop_distance_m":3,"osm_stop_within_100m":true},"geometry":{"type":"Point","coordinates":[17.1102707,49.4698004]}},{"type":"Feature","properties":{"name":"Prostějov,,Pojišťovna","CIS_ok_internal_id":55367,"typ_dopravy":"MHD","mhd":"ANO","obec":"Prostějov","osm_proposal":"highway=bus_stop public_transport=platform","osm_stop_distance_m":13,"osm_stop_within_100m":true},"geometry":{"type":"Point","coordinates":[17.1076679,49.4766619]}},{"type":"Feature","properties":{"name":"Prostějov,,Průmyslová","CIS_ok_internal_id":55368,"typ_dopravy":"MHD","mhd":"ANO","obec":"Prostějov","osm_proposal":"highway=bus_stop public_transport=platform","osm_stop_distance_m":15,"osm_stop_within_100m":true},"geometry":{"type":"Point","coordinates":[17.133909,49.4731214]}},{"type":"Feature","properties":{"name":"Prostějov,,Průmyslová zóna B","CIS_ok_internal_id":55369,"typ_dopravy":"MHD","mhd":"ANO","obec":"Prostějov","osm_proposal":"highway=bus_stop public_transport=platform","osm_stop_distance_m":1,"osm_stop_within_100m":true},"geometry":{"type":"Point","coordinates":[17.1484368,49.4684872]}},{"type":"Feature","properties":{"name":"Prostějov,,Sportovní","CIS_ok_internal_id":55370,"typ_dopravy":"MHD","mhd":"ANO","obec":"Prostějov","osm_proposal":"highway=bus_stop public_transport=platform","osm_stop_distance_m":6,"osm_stop_within_100m":true},"geometry":{"type":"Point","coordinates":[17.1082122,49.481702]}},{"type":"Feature","properties":{"name":"Prostějov,,Šárka","CIS_ok_internal_id":55371,"typ_dopravy":"MHD","mhd":"ANO","obec":"Prostějov","osm_proposal":"highway=bus_stop public_transport=platform","osm_stop_distance_m":1,"osm_stop_within_100m":true},"geometry":{"type":"Point","coordinates":[17.118959,49.4650447]}},{"type":"Feature","properties":{"name":"Prostějov,,Šárka lékárna","CIS_ok_internal_id":55372,"typ_dopravy":"MHD","mhd":"ANO","obec":"Prostějov","osm_proposal":"highway=bus_stop public_transport=platform","osm_stop_distance_m":2,"osm_stop_within_100m":true},"geometry":{"type":"Point","coordinates":[17.1226661,49.4654405]}},{"type":"Feature","properties":{"name":"Prostějov,,Určická","CIS_ok_internal_id":55373,"typ_dopravy":"MHD","mhd":"ANO","obec":"Prostějov","osm_proposal":"highway=bus_stop public_transport=platform","osm_stop_distance_m":12,"osm_stop_within_100m":true},"geometry":{"type":"Point","coordinates":[17.1020049,49.4650618]}},{"type":"Feature","properties":{"name":"Prostějov,Vrahovice,střed","CIS_ok_internal_id":55374,"typ_dopravy":"MHD","mhd":"ANO","obec":"Prostějov","osm_proposal":"highway=bus_stop public_transport=platform","osm_stop_distance_m":13,"osm_stop_within_100m":true},"geometry":{"type":"Point","coordinates":[17.1402928,49.4781768]}},{"type":"Feature","properties":{"name":"Prostějov,,Žeranovská","CIS_ok_internal_id":55375,"typ_dopravy":"MHD","mhd":"ANO","obec":"Prostějov","osm_proposal":"highway=bus_stop public_transport=platform","osm_stop_distance_m":25,"osm_stop_within_100m":true},"geometry":{"type":"Point","coordinates":[17.1095534,49.4690094]}},{"type":"Feature","properties":{"name":"Prostějov,Žešov,střed","CIS_ok_internal_id":55376,"typ_dopravy":"MHD i VLD","mhd":"ANO","obec":"Prostějov","osm_proposal":"highway=bus_stop public_transport=platform","osm_stop_distance_m":12,"osm_stop_within_100m":true},"geometry":{"type":"Point","coordinates":[17.1166137,49.4362601]}},{"type":"Feature","properties":{"name":"Prostějov,,Palackého","CIS_ok_internal_id":55378,"typ_dopravy":"MHD","mhd":"ANO","obec":"Prostějov","osm_proposal":"highway=bus_stop public_transport=platform","osm_stop_distance_m":9,"osm_stop_within_100m":true},"geometry":{"type":"Point","coordinates":[17.106986,49.4716702]}},{"type":"Feature","properties":{"name":"Přerov,,Polní","CIS_ok_internal_id":55380,"typ_dopravy":"MHD","mhd":"ANO","obec":"Přerov","osm_proposal":"highway=bus_stop public_transport=platform","osm_stop_distance_m":8,"osm_stop_within_100m":true},"geometry":{"type":"Point","coordinates":[17.4376116,49.4592164]}},{"type":"Feature","properties":{"name":"Přerov,,Kojetínská","CIS_ok_internal_id":55381,"typ_dopravy":"MHD","mhd":"ANO","obec":"Přerov","osm_proposal":"highway=bus_stop public_transport=platform","osm_stop_distance_m":55,"osm_stop_within_100m":true},"geometry":{"type":"Point","coordinates":[17.4446729,49.4498518]}},{"type":"Feature","properties":{"name":"Přerov,Kozlovice,točna","CIS_ok_internal_id":55382,"typ_dopravy":"MHD","mhd":"ANO","obec":"Přerov","osm_proposal":"highway=bus_stop public_transport=platform","osm_stop_distance_m":14,"osm_stop_within_100m":true},"geometry":{"type":"Point","coordinates":[17.4922433,49.4658759]}},{"type":"Feature","properties":{"name":"Bystrovany,,Horizont","CIS_ok_internal_id":55427,"typ_dopravy":"MHD","mhd":"ANO","obec":"Bystrovany","osm_proposal":"highway=bus_stop public_transport=platform","osm_stop_distance_m":10,"osm_stop_within_100m":true},"geometry":{"type":"Point","coordinates":[17.3243599,49.6024491]}},{"type":"Feature","properties":{"name":"Bystrovany,,U Bystřičky","CIS_ok_internal_id":55428,"typ_dopravy":"MHD","mhd":"ANO","obec":"Bystrovany","osm_proposal":"highway=bus_stop public_transport=platform","osm_stop_distance_m":40,"osm_stop_within_100m":true},"geometry":{"type":"Point","coordinates":[17.3234103,49.5940264]}},{"type":"Feature","properties":{"name":"Olomouc,,Centrum Haná","CIS_ok_internal_id":55429,"typ_dopravy":"MHD","mhd":"ANO","obec":"Olomouc","osm_proposal":"highway=bus_stop public_transport=platform","osm_stop_distance_m":4,"osm_stop_within_100m":true},"geometry":{"type":"Point","coordinates":[17.2290739,49.5739278]}},{"type":"Feature","properties":{"name":"Olomouc,,Civilní obrana","CIS_ok_internal_id":55431,"typ_dopravy":"MHD","mhd":"ANO","obec":"Olomouc","osm_proposal":"highway=bus_stop public_transport=platform","osm_stop_distance_m":20,"osm_stop_within_100m":true},"geometry":{"type":"Point","coordinates":[17.2988244,49.5975337]}},{"type":"Feature","properties":{"name":"Olomouc,Nové Sady,Čistička","CIS_ok_internal_id":55432,"typ_dopravy":"MHD","mhd":"ANO","obec":"Olomouc","osm_proposal":"highway=bus_stop public_transport=platform","osm_stop_distance_m":19,"osm_stop_within_100m":true},"geometry":{"type":"Point","coordinates":[17.2620999,49.5658877]}},{"type":"Feature","properties":{"name":"Olomouc,,Dopravní stavby","CIS_ok_internal_id":55433,"typ_dopravy":"MHD","mhd":"ANO","obec":"Olomouc","osm_proposal":"highway=bus_stop public_transport=platform","osm_stop_distance_m":12,"osm_stop_within_100m":true},"geometry":{"type":"Point","coordinates":[17.289062,49.599383]}},{"type":"Feature","properties":{"name":"Olomouc,,FN Zdravotníků","CIS_ok_internal_id":55435,"typ_dopravy":"MHD","mhd":"ANO","obec":"Olomouc","osm_proposal":"highway=bus_stop public_transport=platform","osm_stop_distance_m":4,"osm_stop_within_100m":true},"geometry":{"type":"Point","coordinates":[17.2389266,49.5869872]}},{"type":"Feature","properties":{"name":"Olomouc,,FN Centrální příjem","CIS_ok_internal_id":55436,"typ_dopravy":"MHD","mhd":"ANO","obec":"Olomouc","osm_proposal":"highway=bus_stop public_transport=platform","osm_stop_distance_m":7,"osm_stop_within_100m":true},"geometry":{"type":"Point","coordinates":[17.2378968,49.5846422]}},{"type":"Feature","properties":{"name":"Olomouc,,FN III. interní klinika","CIS_ok_internal_id":55437,"typ_dopravy":"MHD","mhd":"ANO","obec":"Olomouc","osm_proposal":"highway=bus_stop public_transport=platform","osm_stop_distance_m":6,"osm_stop_within_100m":true},"geometry":{"type":"Point","coordinates":[17.2393009,49.5840468]}},{"type":"Feature","properties":{"name":"Olomouc,,FN Ortopedie","CIS_ok_internal_id":55438,"typ_dopravy":"MHD","mhd":"ANO","obec":"Olomouc","osm_proposal":"highway=bus_stop public_transport=platform","osm_stop_distance_m":1,"osm_stop_within_100m":true},"geometry":{"type":"Point","coordinates":[17.2367196,49.5818588]}},{"type":"Feature","properties":{"name":"Olomouc,,FN Ředitelství","CIS_ok_internal_id":55439,"typ_dopravy":"MHD","mhd":"ANO","obec":"Olomouc","osm_proposal":"highway=bus_stop public_transport=platform","osm_stop_distance_m":1,"osm_stop_within_100m":true},"geometry":{"type":"Point","coordinates":[17.2401811,49.5857389]}},{"type":"Feature","properties":{"name":"Olomouc,,FN U lékárny","CIS_ok_internal_id":55440,"typ_dopravy":"MHD","mhd":"ANO","obec":"Olomouc","osm_proposal":"highway=bus_stop public_transport=platform","osm_stop_distance_m":23,"osm_stop_within_100m":true},"geometry":{"type":"Point","coordinates":[17.2392663,49.5831602]}},{"type":"Feature","properties":{"name":"Olomouc,,Holická Grapo","CIS_ok_internal_id":55442,"typ_dopravy":"MHD","mhd":"ANO","obec":"Olomouc","osm_proposal":"highway=bus_stop public_transport=platform","osm_stop_distance_m":1,"osm_stop_within_100m":true},"geometry":{"type":"Point","coordinates":[17.2788716,49.5807954]}},{"type":"Feature","properties":{"name":"Olomouc,,Karafiátová","CIS_ok_internal_id":55444,"typ_dopravy":"MHD","mhd":"ANO","obec":"Olomouc","osm_proposal":"highway=bus_stop public_transport=platform","osm_stop_distance_m":28,"osm_stop_within_100m":true},"geometry":{"type":"Point","coordinates":[17.2299604,49.5866042]}},{"type":"Feature","properties":{"name":"Olomouc,,Kaufland sklad","CIS_ok_internal_id":55445,"typ_dopravy":"MHD","mhd":"ANO","obec":"Olomouc","osm_proposal":"highway=bus_stop public_transport=platform","osm_stop_distance_m":0,"osm_stop_within_100m":true},"geometry":{"type":"Point","coordinates":[17.307007,49.5640826]}},{"type":"Feature","properties":{"name":"Olomouc,,Keplerova","CIS_ok_internal_id":55446,"typ_dopravy":"MHD","mhd":"ANO","obec":"Olomouc","osm_proposal":"highway=bus_stop public_transport=platform","osm_stop_distance_m":38,"osm_stop_within_100m":true},"geometry":{"type":"Point","coordinates":[17.2912531,49.569262]}},{"type":"Feature","properties":{"name":"Olomouc,,Konzum","CIS_ok_internal_id":55447,"typ_dopravy":"MHD","mhd":"ANO","obec":"Olomouc","osm_proposal":"highway=bus_stop public_transport=platform","osm_stop_distance_m":24,"osm_stop_within_100m":true},"geometry":{"type":"Point","coordinates":[17.2734085,49.5818382]}},{"type":"Feature","properties":{"name":"Olomouc,,Kyselovská","CIS_ok_internal_id":55448,"typ_dopravy":"MHD","mhd":"ANO","obec":"Olomouc","osm_proposal":"highway=bus_stop public_transport=platform","osm_stop_distance_m":26,"osm_stop_within_100m":true},"geometry":{"type":"Point","coordinates":[17.2365688,49.5644688]}},{"type":"Feature","properties":{"name":"Olomouc,,Na Letné","CIS_ok_internal_id":55449,"typ_dopravy":"MHD","mhd":"ANO","obec":"Olomouc","osm_proposal":"highway=bus_stop public_transport=platform","osm_stop_distance_m":15,"osm_stop_within_100m":true},"geometry":{"type":"Point","coordinates":[17.2624365,49.6004921]}},{"type":"Feature","properties":{"name":"Olomouc,,Za Poštou","CIS_ok_internal_id":55450,"typ_dopravy":"MHD","mhd":"ANO","obec":"Olomouc","osm_proposal":"highway=bus_stop public_transport=platform","osm_stop_distance_m":17,"osm_stop_within_100m":true},"geometry":{"type":"Point","coordinates":[17.2566884,49.5824414]}},{"type":"Feature","properties":{"name":"Olomouc,Nové Sady","CIS_ok_internal_id":55451,"typ_dopravy":"MHD","mhd":"ANO","obec":"Olomouc","osm_proposal":"highway=bus_stop public_transport=platform","osm_stop_distance_m":7,"osm_stop_within_100m":true},"geometry":{"type":"Point","coordinates":[17.259247,49.5721949]}},{"type":"Feature","properties":{"name":"Olomouc,,Nový Svět","CIS_ok_internal_id":55452,"typ_dopravy":"MHD","mhd":"ANO","obec":"Olomouc","osm_proposal":"highway=bus_stop public_transport=platform","osm_stop_distance_m":13,"osm_stop_within_100m":true},"geometry":{"type":"Point","coordinates":[17.2740408,49.582381]}},{"type":"Feature","properties":{"name":"Olomouc,,Panelárna","CIS_ok_internal_id":55453,"typ_dopravy":"MHD","mhd":"ANO","obec":"Olomouc","osm_proposal":"highway=bus_stop public_transport=platform","osm_stop_distance_m":7,"osm_stop_within_100m":true},"geometry":{"type":"Point","coordinates":[17.2923258,49.603108]}},{"type":"Feature","properties":{"name":"Olomouc,,Pod Letištěm","CIS_ok_internal_id":55454,"typ_dopravy":"MHD","mhd":"ANO","obec":"Olomouc","osm_proposal":"highway=bus_stop public_transport=platform","osm_stop_distance_m":7,"osm_stop_within_100m":true},"geometry":{"type":"Point","coordinates":[17.2004225,49.5917023]}},{"type":"Feature","properties":{"name":"Olomouc,,Průmyslová","CIS_ok_internal_id":55455,"typ_dopravy":"MHD","mhd":"ANO","obec":"Olomouc","osm_proposal":"highway=bus_stop public_transport=platform","osm_stop_distance_m":7,"osm_stop_within_100m":true},"geometry":{"type":"Point","coordinates":[17.2901964,49.5735282]}},{"type":"Feature","properties":{"name":"Olomouc,,Přichystalova","CIS_ok_internal_id":55456,"typ_dopravy":"MHD","mhd":"ANO","obec":"Olomouc","osm_proposal":"highway=bus_stop public_transport=platform","osm_stop_distance_m":1,"osm_stop_within_100m":true},"geometry":{"type":"Point","coordinates":[17.269944,49.5775108]}},{"type":"Feature","properties":{"name":"Olomouc,,Rooseveltova","CIS_ok_internal_id":55457,"typ_dopravy":"MHD","mhd":"ANO","obec":"Olomouc","osm_proposal":"highway=bus_stop public_transport=platform","osm_stop_distance_m":48,"osm_stop_within_100m":true},"geometry":{"type":"Point","coordinates":[17.2555966,49.5854862]}},{"type":"Feature","properties":{"name":"Olomouc,Slavonín,Cihelna","CIS_ok_internal_id":55458,"typ_dopravy":"MHD","mhd":"ANO","obec":"Olomouc","osm_proposal":"highway=bus_stop public_transport=platform","osm_stop_distance_m":15,"osm_stop_within_100m":true},"geometry":{"type":"Point","coordinates":[17.2423784,49.5607228]}},{"type":"Feature","properties":{"name":"Olomouc,,Slavonínská","CIS_ok_internal_id":55459,"typ_dopravy":"MHD","mhd":"ANO","obec":"Olomouc","osm_proposal":"highway=bus_stop public_transport=platform","osm_stop_distance_m":8,"osm_stop_within_100m":true},"geometry":{"type":"Point","coordinates":[17.2529973,49.5706031]}},{"type":"Feature","properties":{"name":"Olomouc,,Presbeton","CIS_ok_internal_id":55460,"typ_dopravy":"MHD","mhd":"ANO","obec":"Olomouc","osm_proposal":"highway=bus_stop public_transport=platform","osm_stop_distance_m":15,"osm_stop_within_100m":true},"geometry":{"type":"Point","coordinates":[17.2896088,49.6012825]}},{"type":"Feature","properties":{"name":"Olomouc,,Stupkova","CIS_ok_internal_id":55461,"typ_dopravy":"MHD","mhd":"ANO","obec":"Olomouc","osm_proposal":"highway=bus_stop public_transport=platform","osm_stop_distance_m":51,"osm_stop_within_100m":true},"geometry":{"type":"Point","coordinates":[17.2310559,49.5884005]}},{"type":"Feature","properties":{"name":"Olomouc,,Šlechtitelů","CIS_ok_internal_id":55462,"typ_dopravy":"MHD","mhd":"ANO","obec":"Olomouc","osm_proposal":"highway=bus_stop public_transport=platform","osm_stop_distance_m":5,"osm_stop_within_100m":true},"geometry":{"type":"Point","coordinates":[17.2786425,49.5745909]}},{"type":"Feature","properties":{"name":"Olomouc,,Tabulový vrch","CIS_ok_internal_id":55463,"typ_dopravy":"MHD","mhd":"ANO","obec":"Olomouc","osm_proposal":"highway=bus_stop public_transport=platform","osm_stop_distance_m":12,"osm_stop_within_100m":true},"geometry":{"type":"Point","coordinates":[17.2226478,49.58334]}},{"type":"Feature","properties":{"name":"Olomouc,Topolany","CIS_ok_internal_id":55465,"typ_dopravy":"MHD i VLD","mhd":"ANO","obec":"Olomouc","osm_proposal":"highway=bus_stop public_transport=platform","osm_stop_distance_m":16,"osm_stop_within_100m":true},"geometry":{"type":"Point","coordinates":[17.1785924,49.5854768]}},{"type":"Feature","properties":{"name":"Olomouc,,Tyfloservis","CIS_ok_internal_id":55466,"typ_dopravy":"MHD","mhd":"ANO","obec":"Olomouc","osm_proposal":"highway=bus_stop public_transport=platform","osm_stop_distance_m":6,"osm_stop_within_100m":true},"geometry":{"type":"Point","coordinates":[17.2328162,49.5797753]}},{"type":"Feature","properties":{"name":"Olomouc,,U Bristolu","CIS_ok_internal_id":55467,"typ_dopravy":"MHD","mhd":"ANO","obec":"Olomouc","osm_proposal":"highway=bus_stop public_transport=platform","osm_stop_distance_m":6,"osm_stop_within_100m":true},"geometry":{"type":"Point","coordinates":[17.2668064,49.5980343]}},{"type":"Feature","properties":{"name":"Olomouc,,U Rybářského stavu","CIS_ok_internal_id":55468,"typ_dopravy":"MHD","mhd":"ANO","obec":"Olomouc","osm_proposal":"highway=bus_stop public_transport=platform","osm_stop_distance_m":2,"osm_stop_within_100m":true},"geometry":{"type":"Point","coordinates":[17.2578263,49.5769512]}},{"type":"Feature","properties":{"name":"Olomouc,,U Teplárny","CIS_ok_internal_id":55469,"typ_dopravy":"MHD","mhd":"ANO","obec":"Olomouc","osm_proposal":"highway=bus_stop public_transport=platform","osm_stop_distance_m":38,"osm_stop_within_100m":true},"geometry":{"type":"Point","coordinates":[17.2685539,49.5855345]}},{"type":"Feature","properties":{"name":"Olomouc,,Vejdovského","CIS_ok_internal_id":55470,"typ_dopravy":"MHD i VLD","mhd":"ANO","obec":"Olomouc","osm_proposal":"highway=bus_stop public_transport=platform","osm_stop_distance_m":24,"osm_stop_within_100m":true},"geometry":{"type":"Point","coordinates":[17.2699776,49.5905024]}},{"type":"Feature","properties":{"name":"Olomouc,,Zora","CIS_ok_internal_id":55471,"typ_dopravy":"MHD","mhd":"ANO","obec":"Olomouc","osm_proposal":"highway=bus_stop public_transport=platform","osm_stop_distance_m":6,"osm_stop_within_100m":true},"geometry":{"type":"Point","coordinates":[17.2747893,49.5859561]}},{"type":"Feature","properties":{"name":"Olomouc,,Dlouhá","CIS_ok_internal_id":55497,"typ_dopravy":"MHD","mhd":"ANO","obec":"Olomouc","osm_proposal":"highway=bus_stop public_transport=platform","osm_stop_distance_m":0,"osm_stop_within_100m":true},"geometry":{"type":"Point","coordinates":[17.2576308,49.6007289]}},{"type":"Feature","properties":{"name":"Olomouc,,Staškova","CIS_ok_internal_id":55699,"typ_dopravy":"MHD","mhd":"ANO","obec":"Olomouc","osm_proposal":"highway=bus_stop public_transport=platform","osm_stop_distance_m":33,"osm_stop_within_100m":true},"geometry":{"type":"Point","coordinates":[17.2988153,49.5786693]}},{"type":"Feature","properties":{"name":"Budětsko,,pod Slavíkovem","CIS_ok_internal_id":56464,"typ_dopravy":"VLD","mhd":"NE","obec":"Budětsko","osm_proposal":"highway=bus_stop public_transport=platform","osm_stop_distance_m":8,"osm_stop_within_100m":true},"geometry":{"type":"Point","coordinates":[16.9401211,49.5845305]}},{"type":"Feature","properties":{"name":"Budětsko,,bytovky","CIS_ok_internal_id":56465,"typ_dopravy":"VLD","mhd":"NE","obec":"Budětsko","osm_proposal":"highway=bus_stop public_transport=platform","osm_stop_distance_m":6,"osm_stop_within_100m":true},"geometry":{"type":"Point","coordinates":[16.9332159,49.5848227]}},{"type":"Feature","properties":{"name":"Olomouc,,Technologická","CIS_ok_internal_id":56681,"typ_dopravy":"MHD","mhd":"ANO","obec":"Olomouc","osm_proposal":"highway=bus_stop public_transport=platform","osm_stop_distance_m":47,"osm_stop_within_100m":true},"geometry":{"type":"Point","coordinates":[17.2832103,49.5775775]}},{"type":"Feature","properties":{"name":"Olomouc,,Aquapark","CIS_ok_internal_id":56682,"typ_dopravy":"MHD","mhd":"ANO","obec":"Olomouc","osm_proposal":"highway=bus_stop public_transport=platform","osm_stop_distance_m":7,"osm_stop_within_100m":true},"geometry":{"type":"Point","coordinates":[17.2229845,49.5740174]}},{"type":"Feature","properties":{"name":"Olomouc,,Hodolanská","CIS_ok_internal_id":56986,"typ_dopravy":"MHD","mhd":"ANO","obec":"Olomouc","osm_proposal":"highway=bus_stop public_transport=platform","osm_stop_distance_m":61,"osm_stop_within_100m":true},"geometry":{"type":"Point","coordinates":[17.286072,49.5915538]}},{"type":"Feature","properties":{"name":"Olomouc,,Husův sbor","CIS_ok_internal_id":56987,"typ_dopravy":"MHD","mhd":"ANO","obec":"Olomouc","osm_proposal":"highway=bus_stop public_transport=platform","osm_stop_distance_m":74,"osm_stop_within_100m":true},"geometry":{"type":"Point","coordinates":[17.2836426,49.5936873]}},{"type":"Feature","properties":{"name":"Olomouc,,Bělidla","CIS_ok_internal_id":56988,"typ_dopravy":"MHD","mhd":"ANO","obec":"Olomouc","osm_proposal":"highway=bus_stop public_transport=platform","osm_stop_distance_m":20,"osm_stop_within_100m":true},"geometry":{"type":"Point","coordinates":[17.2785541,49.5966922]}},{"type":"Feature","properties":{"name":"Olomouc,,Pavlovická","CIS_ok_internal_id":56989,"typ_dopravy":"MHD","mhd":"ANO","obec":"Olomouc","osm_proposal":"highway=bus_stop public_transport=platform","osm_stop_distance_m":1,"osm_stop_within_100m":true},"geometry":{"type":"Point","coordinates":[17.277788,49.6020444]}},{"type":"Feature","properties":{"name":"Olomouc,,U Bystřičky","CIS_ok_internal_id":56990,"typ_dopravy":"MHD","mhd":"ANO","obec":"Olomouc","osm_proposal":"highway=bus_stop public_transport=platform","osm_stop_distance_m":38,"osm_stop_within_100m":true},"geometry":{"type":"Point","coordinates":[17.2708319,49.5945223]}},{"type":"Feature","properties":{"name":"Olomouc,,Žižkovo nám.","CIS_ok_internal_id":56991,"typ_dopravy":"MHD","mhd":"ANO","obec":"Olomouc","osm_proposal":"highway=bus_stop public_transport=platform","osm_stop_distance_m":3,"osm_stop_within_100m":true},"geometry":{"type":"Point","coordinates":[17.2651892,49.596068]}},{"type":"Feature","properties":{"name":"Olomouc,,U Dómu","CIS_ok_internal_id":56992,"typ_dopravy":"MHD","mhd":"ANO","obec":"Olomouc","osm_proposal":"highway=bus_stop public_transport=platform","osm_stop_distance_m":11,"osm_stop_within_100m":true},"geometry":{"type":"Point","coordinates":[17.2610592,49.5969553]}},{"type":"Feature","properties":{"name":"Olomouc,,Nám.Republiky","CIS_ok_internal_id":56993,"typ_dopravy":"MHD","mhd":"ANO","obec":"Olomouc","osm_proposal":"highway=bus_stop public_transport=platform","osm_stop_distance_m":11,"osm_stop_within_100m":true},"geometry":{"type":"Point","coordinates":[17.2571922,49.5961808]}},{"type":"Feature","properties":{"name":"Olomouc,,Nádraží město","CIS_ok_internal_id":56996,"typ_dopravy":"MHD","mhd":"ANO","obec":"Olomouc","osm_proposal":"highway=bus_stop public_transport=platform","osm_stop_distance_m":4,"osm_stop_within_100m":true},"geometry":{"type":"Point","coordinates":[17.2419941,49.5952263]}},{"type":"Feature","properties":{"name":"Olomouc,,Pražská","CIS_ok_internal_id":56997,"typ_dopravy":"MHD","mhd":"ANO","obec":"Olomouc","osm_proposal":"highway=bus_stop public_transport=platform","osm_stop_distance_m":4,"osm_stop_within_100m":true},"geometry":{"type":"Point","coordinates":[17.2312681,49.5965509]}},{"type":"Feature","properties":{"name":"Olomouc,,U Kovárny","CIS_ok_internal_id":56998,"typ_dopravy":"MHD","mhd":"ANO","obec":"Olomouc","osm_proposal":"highway=bus_stop public_transport=platform","osm_stop_distance_m":3,"osm_stop_within_100m":true},"geometry":{"type":"Point","coordinates":[17.2281955,49.5964838]}},{"type":"Feature","properties":{"name":"Olomouc,,Hřbitovy","CIS_ok_internal_id":56999,"typ_dopravy":"MHD","mhd":"ANO","obec":"Olomouc","osm_proposal":"highway=bus_stop public_transport=platform","osm_stop_distance_m":32,"osm_stop_within_100m":true},"geometry":{"type":"Point","coordinates":[17.2229865,49.595946]}},{"type":"Feature","properties":{"name":"Olomouc,,Okresní soud","CIS_ok_internal_id":57000,"typ_dopravy":"MHD","mhd":"ANO","obec":"Olomouc","osm_proposal":"highway=bus_stop public_transport=platform","osm_stop_distance_m":19,"osm_stop_within_100m":true},"geometry":{"type":"Point","coordinates":[17.2495447,49.591857]}},{"type":"Feature","properties":{"name":"Olomouc,,Výstaviště Flora","CIS_ok_internal_id":57001,"typ_dopravy":"MHD","mhd":"ANO","obec":"Olomouc","osm_proposal":"highway=bus_stop public_transport=platform","osm_stop_distance_m":4,"osm_stop_within_100m":true},"geometry":{"type":"Point","coordinates":[17.2453302,49.5893907]}},{"type":"Feature","properties":{"name":"Olomouc,,Wolkerova","CIS_ok_internal_id":57002,"typ_dopravy":"MHD","mhd":"ANO","obec":"Olomouc","osm_proposal":"highway=bus_stop public_transport=platform","osm_stop_distance_m":5,"osm_stop_within_100m":true},"geometry":{"type":"Point","coordinates":[17.2422378,49.5849753]}},{"type":"Feature","properties":{"name":"Olomouc,,Nová Ulice","CIS_ok_internal_id":57003,"typ_dopravy":"MHD","mhd":"ANO","obec":"Olomouc","osm_proposal":"highway=bus_stop public_transport=platform","osm_stop_distance_m":9,"osm_stop_within_100m":true},"geometry":{"type":"Point","coordinates":[17.2307444,49.5777053]}},{"type":"Feature","properties":{"name":"Olomouc,,Palackého","CIS_ok_internal_id":57004,"typ_dopravy":"MHD","mhd":"ANO","obec":"Olomouc","osm_proposal":"highway=bus_stop public_transport=platform","osm_stop_distance_m":4,"osm_stop_within_100m":true},"geometry":{"type":"Point","coordinates":[17.2460632,49.5958415]}},{"type":"Feature","properties":{"name":"Olomouc,,Okružní","CIS_ok_internal_id":57373,"typ_dopravy":"MHD","mhd":"ANO","obec":"Olomouc","osm_proposal":"highway=bus_stop public_transport=platform","osm_stop_distance_m":40,"osm_stop_within_100m":true},"geometry":{"type":"Point","coordinates":[17.2263096,49.5808973]}},{"type":"Feature","properties":{"name":"Olomouc,Lošov,Svolinského","CIS_ok_internal_id":57597,"typ_dopravy":"MHD i VLD","mhd":"ANO","obec":"Olomouc","osm_proposal":"highway=bus_stop public_transport=platform","osm_stop_distance_m":20,"osm_stop_within_100m":true},"geometry":{"type":"Point","coordinates":[17.3640147,49.6199695]}},{"type":"Feature","properties":{"name":"Olomouc,,Kaufland","CIS_ok_internal_id":58081,"typ_dopravy":"MHD","mhd":"ANO","obec":"Olomouc","osm_proposal":"highway=bus_stop public_transport=platform","osm_stop_distance_m":11,"osm_stop_within_100m":true},"geometry":{"type":"Point","coordinates":[17.2713858,49.5880917]}},{"type":"Feature","properties":{"name":"Vrbátky,,ObÚ","CIS_ok_internal_id":58418,"typ_dopravy":"VLD","mhd":"NE","obec":"Vrbátky","osm_proposal":"highway=bus_stop public_transport=platform","osm_stop_distance_m":356,"osm_stop_within_100m":false},"geometry":{"type":"Point","coordinates":[17.2012992,49.5082848]}},{"type":"Feature","properties":{"name":"Rozstání,,ZŠ","CIS_ok_internal_id":58449,"typ_dopravy":"VLD","mhd":"NE","obec":"Rozstání","osm_proposal":"highway=bus_stop public_transport=platform","osm_stop_distance_m":101,"osm_stop_within_100m":false},"geometry":{"type":"Point","coordinates":[16.8370743,49.3981582]}},{"type":"Feature","properties":{"name":"Prostějov,,Valenty ZŠ","CIS_ok_internal_id":58458,"typ_dopravy":"MHD","mhd":"ANO","obec":"Prostějov","osm_proposal":"highway=bus_stop public_transport=platform","osm_stop_distance_m":4,"osm_stop_within_100m":true},"geometry":{"type":"Point","coordinates":[17.1132323,49.48086]}},{"type":"Feature","properties":{"name":"Víceměřice,,Jitřenka","CIS_ok_internal_id":58461,"typ_dopravy":"VLD","mhd":"NE","obec":"Víceměřice","osm_proposal":"highway=bus_stop public_transport=platform","osm_stop_distance_m":145,"osm_stop_within_100m":false},"geometry":{"type":"Point","coordinates":[17.1642769,49.343452]}},{"type":"Feature","properties":{"name":"Kladky,Bělá,tábor","CIS_ok_internal_id":58559,"typ_dopravy":"VLD","mhd":"NE","obec":"Kladky","osm_proposal":"highway=bus_stop public_transport=platform","osm_stop_distance_m":256,"osm_stop_within_100m":false},"geometry":{"type":"Point","coordinates":[16.8156416,49.6286755]}},{"type":"Feature","properties":{"name":"Skalička,,škola","CIS_ok_internal_id":58565,"typ_dopravy":"VLD","mhd":"NE","obec":"Skalička","osm_proposal":"highway=bus_stop public_transport=platform","osm_stop_distance_m":36,"osm_stop_within_100m":true},"geometry":{"type":"Point","coordinates":[17.7939795,49.5183703]}},{"type":"Feature","properties":{"name":"Čelechovice na Hané,,Světničky","CIS_ok_internal_id":58566,"typ_dopravy":"VLD","mhd":"NE","obec":"Čelechovice na Hané","osm_proposal":"highway=bus_stop public_transport=platform","osm_stop_distance_m":23,"osm_stop_within_100m":true},"geometry":{"type":"Point","coordinates":[17.0873585,49.5178897]}},{"type":"Feature","properties":{"name":"Hranice,,CTP zadní brána","CIS_ok_internal_id":58621,"typ_dopravy":"MHD i VLD","mhd":"ANO","obec":"Hranice","osm_proposal":"highway=bus_stop public_transport=platform","osm_stop_distance_m":0,"osm_stop_within_100m":true},"geometry":{"type":"Point","coordinates":[17.7267913,49.5575316]}},{"type":"Feature","properties":{"name":"Olomouc,,U Sv. Mořice","CIS_ok_internal_id":59489,"typ_dopravy":"MHD","mhd":"ANO","obec":"Olomouc","osm_proposal":"highway=bus_stop public_transport=platform","osm_stop_distance_m":66,"osm_stop_within_100m":true},"geometry":{"type":"Point","coordinates":[17.2512131,49.59546]}},{"type":"Feature","properties":{"name":"Prostějov,,Mubea","CIS_ok_internal_id":59575,"typ_dopravy":"MHD i VLD","mhd":"ANO","obec":"Prostějov","osm_proposal":"highway=bus_stop public_transport=platform","osm_stop_distance_m":2,"osm_stop_within_100m":true},"geometry":{"type":"Point","coordinates":[17.1469116,49.4649833]}},{"type":"Feature","properties":{"name":"Prostějov,,Rovná","CIS_ok_internal_id":59576,"typ_dopravy":"MHD i VLD","mhd":"ANO","obec":"Prostějov","osm_proposal":"highway=bus_stop public_transport=platform","osm_stop_distance_m":6,"osm_stop_within_100m":true},"geometry":{"type":"Point","coordinates":[17.1449236,49.4623371]}},{"type":"Feature","properties":{"name":"Hranice,,Máchova","CIS_ok_internal_id":59631,"typ_dopravy":"MHD","mhd":"ANO","obec":"Hranice","osm_proposal":"highway=bus_stop public_transport=platform","osm_stop_distance_m":16,"osm_stop_within_100m":true},"geometry":{"type":"Point","coordinates":[17.7318399,49.559517]}},{"type":"Feature","properties":{"name":"Hranice,,Studentská","CIS_ok_internal_id":59632,"typ_dopravy":"MHD","mhd":"ANO","obec":"Hranice","osm_proposal":"highway=bus_stop public_transport=platform","osm_stop_distance_m":14,"osm_stop_within_100m":true},"geometry":{"type":"Point","coordinates":[17.7300623,49.5518434]}},{"type":"Feature","properties":{"name":"Hranice,,Partyzánská","CIS_ok_internal_id":59633,"typ_dopravy":"MHD","mhd":"ANO","obec":"Hranice","osm_proposal":"highway=bus_stop public_transport=platform","osm_stop_distance_m":3,"osm_stop_within_100m":true},"geometry":{"type":"Point","coordinates":[17.7390802,49.5411956]}},{"type":"Feature","properties":{"name":"Hranice,,Struhlovsko škola","CIS_ok_internal_id":59634,"typ_dopravy":"MHD","mhd":"ANO","obec":"Hranice","osm_proposal":"highway=bus_stop public_transport=platform","osm_stop_distance_m":0,"osm_stop_within_100m":true},"geometry":{"type":"Point","coordinates":[17.7269677,49.5521181]}},{"type":"Feature","properties":{"name":"Přerov,,nemocnice brána","CIS_ok_internal_id":62373,"typ_dopravy":"MHD","mhd":"ANO","obec":"Přerov","osm_proposal":"highway=bus_stop public_transport=platform","osm_stop_distance_m":2,"osm_stop_within_100m":true},"geometry":{"type":"Point","coordinates":[17.471723,49.4565228]}},{"type":"Feature","properties":{"name":"Tovačov,,U učiliště","CIS_ok_internal_id":62792,"typ_dopravy":"VLD","mhd":"NE","obec":"Tovačov","osm_proposal":"highway=bus_stop public_transport=platform","osm_stop_distance_m":0,"osm_stop_within_100m":true},"geometry":{"type":"Point","coordinates":[17.2826601,49.4261033]}},{"type":"Feature","properties":{"name":"Olomouc,,Technologický park","CIS_ok_internal_id":62797,"typ_dopravy":"MHD i VLD","mhd":"ANO","obec":"Olomouc","osm_proposal":"highway=bus_stop public_transport=platform","osm_stop_distance_m":25,"osm_stop_within_100m":true},"geometry":{"type":"Point","coordinates":[17.2065789,49.5687696]}},{"type":"Feature","properties":{"name":"Obědkovice,,U křížku","CIS_ok_internal_id":62804,"typ_dopravy":"VLD","mhd":"NE","obec":"Obědkovice","osm_proposal":"highway=bus_stop public_transport=platform","osm_stop_distance_m":13,"osm_stop_within_100m":true},"geometry":{"type":"Point","coordinates":[17.2252006,49.3975901]}},{"type":"Feature","properties":{"name":"Olomouc,,Olomouc CITY","CIS_ok_internal_id":62821,"typ_dopravy":"MHD","mhd":"ANO","obec":"Olomouc","osm_proposal":"highway=bus_stop public_transport=platform","osm_stop_distance_m":3,"osm_stop_within_100m":true},"geometry":{"type":"Point","coordinates":[17.2199151,49.6014828]}},{"type":"Feature","properties":{"name":"Olomouc,,Šantovka","CIS_ok_internal_id":62906,"typ_dopravy":"MHD","mhd":"ANO","obec":"Olomouc","osm_proposal":"highway=bus_stop public_transport=platform","osm_stop_distance_m":15,"osm_stop_within_100m":true},"geometry":{"type":"Point","coordinates":[17.257982,49.5877575]}},{"type":"Feature","properties":{"name":"Olomouc,,V Kotlině","CIS_ok_internal_id":62907,"typ_dopravy":"MHD","mhd":"ANO","obec":"Olomouc","osm_proposal":"highway=bus_stop public_transport=platform","osm_stop_distance_m":5,"osm_stop_within_100m":true},"geometry":{"type":"Point","coordinates":[17.2597758,49.5834507]}},{"type":"Feature","properties":{"name":"Olomouc,Slavonín,Dům seniorů","CIS_ok_internal_id":64128,"typ_dopravy":"MHD","mhd":"ANO","obec":"Olomouc","osm_proposal":"highway=bus_stop public_transport=platform","osm_stop_distance_m":14,"osm_stop_within_100m":true},"geometry":{"type":"Point","coordinates":[17.2419671,49.5692443]}},{"type":"Feature","properties":{"name":"Koválovice-Osíčany,Osíčany,kaple","CIS_ok_internal_id":64283,"typ_dopravy":"VLD","mhd":"NE","obec":"Koválovice-Osíčany","osm_proposal":"highway=bus_stop public_transport=platform","osm_stop_distance_m":6,"osm_stop_within_100m":true},"geometry":{"type":"Point","coordinates":[17.1731234,49.2782622]}},{"type":"Feature","properties":{"name":"Hranice,,CTP přední brána","CIS_ok_internal_id":64349,"typ_dopravy":"MHD i VLD","mhd":"ANO","obec":"Hranice","osm_proposal":"highway=bus_stop public_transport=platform","osm_stop_distance_m":15,"osm_stop_within_100m":true},"geometry":{"type":"Point","coordinates":[17.715567,49.556343]}},{"type":"Feature","properties":{"name":"Bystrovany,,Lidl sklad","CIS_ok_internal_id":64379,"typ_dopravy":"MHD","mhd":"ANO","obec":"Bystrovany","osm_proposal":"highway=bus_stop public_transport=platform","osm_stop_distance_m":7,"osm_stop_within_100m":true},"geometry":{"type":"Point","coordinates":[17.3133671,49.5924547]}},{"type":"Feature","properties":{"name":"Hranice,,Hviezdoslavova","CIS_ok_internal_id":65042,"typ_dopravy":"MHD","mhd":"ANO","obec":"Hranice","osm_proposal":"highway=bus_stop public_transport=platform","osm_stop_distance_m":11,"osm_stop_within_100m":true},"geometry":{"type":"Point","coordinates":[17.729866,49.5563642]}},{"type":"Feature","properties":{"name":"Mrsklesy,,kulturní dům","CIS_ok_internal_id":65119,"typ_dopravy":"VLD","mhd":"NE","obec":"Mrsklesy","osm_proposal":"highway=bus_stop public_transport=platform","osm_stop_distance_m":26,"osm_stop_within_100m":true},"geometry":{"type":"Point","coordinates":[17.4004892,49.6018024]}},{"type":"Feature","properties":{"name":"Prostějov,,Agrostav","CIS_ok_internal_id":65179,"typ_dopravy":"MHD","mhd":"ANO","obec":"Prostějov","osm_proposal":"highway=bus_stop public_transport=platform","osm_stop_distance_m":1,"osm_stop_within_100m":true},"geometry":{"type":"Point","coordinates":[17.1101986,49.4514995]}},{"type":"Feature","properties":{"name":"Bochoř,,lázně","CIS_ok_internal_id":65639,"typ_dopravy":"VLD","mhd":"NE","obec":"Bochoř","osm_proposal":"highway=bus_stop public_transport=platform","osm_stop_distance_m":40,"osm_stop_within_100m":true},"geometry":{"type":"Point","coordinates":[17.4279753,49.4197882]}},{"type":"Feature","properties":{"name":"Krčmaň,,Olomoucká","CIS_ok_internal_id":65527,"typ_dopravy":"VLD","mhd":"NE","obec":"Krčmaň","osm_proposal":"highway=bus_stop public_transport=platform","osm_stop_distance_m":7,"osm_stop_within_100m":true},"geometry":{"type":"Point","coordinates":[17.3438109,49.5216896]}},{"type":"Feature","properties":{"name":"Laškov,Kandia,čekárna","CIS_ok_internal_id":65498,"typ_dopravy":"VLD","mhd":"NE","obec":"Laškov","osm_proposal":"highway=bus_stop public_transport=platform","osm_stop_distance_m":5,"osm_stop_within_100m":true},"geometry":{"type":"Point","coordinates":[16.994515,49.5805759]}},{"type":"Feature","properties":{"name":"Rozstání,,křiž.Baldovec","CIS_ok_internal_id":65501,"typ_dopravy":"VLD","mhd":"NE","obec":"Rozstání","osm_proposal":"highway=bus_stop public_transport=platform","osm_stop_distance_m":4,"osm_stop_within_100m":true},"geometry":{"type":"Point","coordinates":[16.8379758,49.3972405]}},{"type":"Feature","properties":{"name":"Olomouc,,Kubatova","CIS_ok_internal_id":65767,"typ_dopravy":"MHD","mhd":"ANO","obec":"Olomouc","osm_proposal":"highway=bus_stop public_transport=platform","osm_stop_distance_m":23,"osm_stop_within_100m":true},"geometry":{"type":"Point","coordinates":[17.2922604,49.6143245]}},{"type":"Feature","properties":{"name":"Olomouc,Droždín,Bukovanská","CIS_ok_internal_id":65801,"typ_dopravy":"MHD","mhd":"ANO","obec":"Olomouc","osm_proposal":"highway=bus_stop public_transport=platform","osm_stop_distance_m":6,"osm_stop_within_100m":true},"geometry":{"type":"Point","coordinates":[17.3370484,49.6107177]}},{"type":"Feature","properties":{"name":"Olomouc,,Kafkova","CIS_ok_internal_id":66263,"typ_dopravy":"MHD","mhd":"ANO","obec":"Olomouc","osm_proposal":"highway=bus_stop public_transport=platform","osm_stop_distance_m":6,"osm_stop_within_100m":true},"geometry":{"type":"Point","coordinates":[17.2274874,49.5747623]}},{"type":"Feature","properties":{"name":"Hněvotín,,WANZL","CIS_ok_internal_id":66198,"typ_dopravy":"VLD","mhd":"NE","obec":"Hněvotín","osm_proposal":"highway=bus_stop public_transport=platform","osm_stop_distance_m":78,"osm_stop_within_100m":true},"geometry":{"type":"Point","coordinates":[17.1886548,49.5694214]}},{"type":"Feature","properties":{"name":"Teplice n.Bečvou,,Zbrašov","CIS_ok_internal_id":66261,"typ_dopravy":"MHD i VLD","mhd":"ANO","obec":"Teplice nad Bečvou","osm_proposal":"highway=bus_stop public_transport=platform","osm_stop_distance_m":12,"osm_stop_within_100m":true},"geometry":{"type":"Point","coordinates":[17.7394434,49.52824]}},{"type":"Feature","properties":{"name":"Hranice,,Jungmannova","CIS_ok_internal_id":66202,"typ_dopravy":"MHD","mhd":"ANO","obec":"Hranice","osm_proposal":"highway=bus_stop public_transport=platform","osm_stop_distance_m":229,"osm_stop_within_100m":false},"geometry":{"type":"Point","coordinates":[17.7436322,49.547544]}},{"type":"Feature","properties":{"name":"Přerov,Předmostí,Sportovní","CIS_ok_internal_id":66265,"typ_dopravy":"MHD","mhd":"ANO","obec":"Přerov","osm_proposal":"highway=bus_stop public_transport=platform","osm_stop_distance_m":4,"osm_stop_within_100m":true},"geometry":{"type":"Point","coordinates":[17.4422215,49.4684867]}},{"type":"Feature","properties":{"name":"Lužice,,statek","CIS_ok_internal_id":66437,"typ_dopravy":"VLD","mhd":"NE","obec":"Lužice","osm_proposal":"highway=bus_stop public_transport=platform","osm_stop_distance_m":267,"osm_stop_within_100m":false},"geometry":{"type":"Point","coordinates":[17.2557198,49.7150126]}},{"type":"Feature","properties":{"name":"Přerov,Lýsky","CIS_ok_internal_id":64363,"typ_dopravy":"MHD","mhd":"ANO","obec":"Přerov","osm_proposal":"highway=bus_stop public_transport=platform","osm_stop_distance_m":16,"osm_stop_within_100m":true},"geometry":{"type":"Point","coordinates":[17.456767,49.4805888]}},{"type":"Feature","properties":{"name":"Jívová,,Olomoucká","CIS_ok_internal_id":66512,"typ_dopravy":"VLD","mhd":"NE","obec":"Jívová","osm_proposal":"highway=bus_stop public_transport=platform","osm_stop_distance_m":148,"osm_stop_within_100m":false},"geometry":{"type":"Point","coordinates":[17.389091,49.7048476]}},{"type":"Feature","properties":{"name":"Šternberk,,Olomoucká","CIS_ok_internal_id":67029,"typ_dopravy":"VLD","mhd":"NE","obec":"Šternberk","osm_proposal":"highway=bus_stop public_transport=platform","osm_stop_distance_m":17,"osm_stop_within_100m":true},"geometry":{"type":"Point","coordinates":[17.2899866,49.7160981]}},{"type":"Feature","properties":{"name":"Býškovice,,Obecní dům","CIS_ok_internal_id":67267,"typ_dopravy":"VLD","mhd":"NE","obec":"Býškovice","osm_proposal":"highway=bus_stop public_transport=platform","osm_stop_distance_m":524,"osm_stop_within_100m":false},"geometry":{"type":"Point","coordinates":[17.7173128,49.4677334]}},{"type":"Feature","properties":{"name":"Přerov,Žeravice,náves","CIS_ok_internal_id":67272,"typ_dopravy":"MHD i VLD","mhd":"ANO","obec":"Přerov","osm_proposal":"highway=bus_stop public_transport=platform","osm_stop_distance_m":14,"osm_stop_within_100m":true},"geometry":{"type":"Point","coordinates":[17.3959823,49.4913339]}},{"type":"Feature","properties":{"name":"Přerov,Penčice,pomník padlých","CIS_ok_internal_id":67273,"typ_dopravy":"VLD","mhd":"NE","obec":"Přerov","osm_proposal":"highway=bus_stop public_transport=platform","osm_stop_distance_m":2,"osm_stop_within_100m":true},"geometry":{"type":"Point","coordinates":[17.4220465,49.5181753]}},{"type":"Feature","properties":{"name":"Otinoves,,pomník","CIS_ok_internal_id":67271,"typ_dopravy":"VLD","mhd":"NE","obec":"Otinoves","osm_proposal":"highway=bus_stop public_transport=platform","osm_stop_distance_m":5,"osm_stop_within_100m":true},"geometry":{"type":"Point","coordinates":[16.8711664,49.4207175]}},{"type":"Feature","properties":{"name":"Olomouc,,Pavelkova JTEKT","CIS_ok_internal_id":67230,"typ_dopravy":"MHD","mhd":"ANO","obec":"Olomouc","osm_proposal":"highway=bus_stop public_transport=platform","osm_stop_distance_m":12,"osm_stop_within_100m":true},"geometry":{"type":"Point","coordinates":[17.3004709,49.593446]}},{"type":"Feature","properties":{"name":"Příkazy,,u sladovny","CIS_ok_internal_id":67622,"typ_dopravy":"VLD","mhd":"NE","obec":"Příkazy","osm_proposal":"highway=bus_stop public_transport=platform","osm_stop_distance_m":3,"osm_stop_within_100m":true},"geometry":{"type":"Point","coordinates":[17.1463626,49.6383725]}},{"type":"Feature","properties":{"name":"Dub n.Mor.,,Tyršova","CIS_ok_internal_id":67614,"typ_dopravy":"VLD","mhd":"NE","obec":"Dub nad Moravou","osm_proposal":"highway=bus_stop public_transport=platform","osm_stop_distance_m":10,"osm_stop_within_100m":true},"geometry":{"type":"Point","coordinates":[17.2764217,49.4821488]}},{"type":"Feature","properties":{"name":"Rokytnice,,žel.st.","CIS_ok_internal_id":67615,"typ_dopravy":"VLD","mhd":"NE","obec":"Rokytnice","osm_proposal":"highway=bus_stop public_transport=platform","osm_stop_distance_m":114,"osm_stop_within_100m":false},"geometry":{"type":"Point","coordinates":[17.3741265,49.4618093]}},{"type":"Feature","properties":{"name":"Hlubočky,Mariánské Údolí,Lesní","CIS_ok_internal_id":67958,"typ_dopravy":"VLD","mhd":"NE","obec":"Hlubočky","osm_proposal":"highway=bus_stop public_transport=platform","osm_stop_distance_m":32,"osm_stop_within_100m":true},"geometry":{"type":"Point","coordinates":[17.3953728,49.6206358]}},{"type":"Feature","properties":{"name":"Hlubočky,Mariánské Údolí,sídl.","CIS_ok_internal_id":67957,"typ_dopravy":"VLD","mhd":"NE","obec":"Hlubočky","osm_proposal":"highway=bus_stop public_transport=platform","osm_stop_distance_m":6,"osm_stop_within_100m":true},"geometry":{"type":"Point","coordinates":[17.398764,49.623902]}},{"type":"Feature","properties":{"name":"Konice,,žel.st.","CIS_ok_internal_id":15249,"typ_dopravy":"VLD","mhd":"NE","obec":"Konice","osm_proposal":"highway=bus_stop public_transport=platform","osm_stop_distance_m":25,"osm_stop_within_100m":true},"geometry":{"type":"Point","coordinates":[16.8837409,49.5919555]}},{"type":"Feature","properties":{"name":"Loštice,Žádlovice,Na Pešti","CIS_ok_internal_id":68163,"typ_dopravy":"VLD","mhd":"NE","obec":"Loštice","osm_proposal":"highway=bus_stop public_transport=platform","osm_stop_distance_m":984,"osm_stop_within_100m":false},"geometry":{"type":"Point","coordinates":[16.9163404,49.7493081]}},{"type":"Feature","properties":{"name":"Náměšť na Hané,Nové Dvory,točna","CIS_ok_internal_id":68272,"typ_dopravy":"VLD","mhd":"NE","obec":"Náměšť na Hané","osm_proposal":"highway=bus_stop public_transport=platform","osm_stop_distance_m":7,"osm_stop_within_100m":true},"geometry":{"type":"Point","coordinates":[17.0361919,49.6194998]}},{"type":"Feature","properties":{"name":"Hranice,,Wienerberger","CIS_ok_internal_id":10678,"typ_dopravy":"MHD i VLD","mhd":"ANO","obec":"Hranice","osm_proposal":"highway=bus_stop public_transport=platform","osm_stop_distance_m":122,"osm_stop_within_100m":false},"geometry":{"type":"Point","coordinates":[17.7580975,49.5621292]}},{"type":"Feature","properties":{"name":"Štěpánov,,škola","CIS_ok_internal_id":68401,"typ_dopravy":"VLD","mhd":"NE","obec":"Štěpánov","osm_proposal":"highway=bus_stop public_transport=platform","osm_stop_distance_m":326,"osm_stop_within_100m":false},"geometry":{"type":"Point","coordinates":[17.2236078,49.6825489]}},{"type":"Feature","properties":{"name":"Lipník n.Bečvou,Podhoří,Peklo","CIS_ok_internal_id":68424,"typ_dopravy":"VLD","mhd":"NE","obec":"Lipník nad Bečvou","osm_proposal":"highway=bus_stop public_transport=platform","osm_stop_distance_m":27,"osm_stop_within_100m":true},"geometry":{"type":"Point","coordinates":[17.6232567,49.5667822]}},{"type":"Feature","properties":{"name":"Olomouc,,Profesora Fuky","CIS_ok_internal_id":67587,"typ_dopravy":"MHD","mhd":"ANO","obec":"Olomouc","osm_proposal":"highway=bus_stop public_transport=platform","osm_stop_distance_m":23,"osm_stop_within_100m":true},"geometry":{"type":"Point","coordinates":[17.2251011,49.5840743]}},{"type":"Feature","properties":{"name":"Olomouc,,Horní Lán\r\n","CIS_ok_internal_id":55443,"typ_dopravy":"MHD","mhd":"ANO","obec":"Olomouc","osm_proposal":"highway=bus_stop public_transport=platform","osm_stop_distance_m":6,"osm_stop_within_100m":true},"geometry":{"type":"Point","coordinates":[17.2256519,49.5737021]}},{"type":"Feature","properties":{"name":"Olomouc,,Rožňavská","CIS_ok_internal_id":68066,"typ_dopravy":"MHD","mhd":"ANO","obec":"Olomouc","osm_proposal":"highway=bus_stop public_transport=platform","osm_stop_distance_m":82,"osm_stop_within_100m":true},"geometry":{"type":"Point","coordinates":[17.2517786,49.5771083]}},{"type":"Feature","properties":{"name":"Olomouc,,Stiborova","CIS_ok_internal_id":68695,"typ_dopravy":"MHD","mhd":"ANO","obec":"Olomouc","osm_proposal":"highway=bus_stop public_transport=platform","osm_stop_distance_m":63,"osm_stop_within_100m":true},"geometry":{"type":"Point","coordinates":[17.2240487,49.5894601]}},{"type":"Feature","properties":{"name":"Hranice,,Hřbitovní","CIS_ok_internal_id":67654,"typ_dopravy":"MHD","mhd":"ANO","obec":"Hranice","osm_proposal":"highway=bus_stop public_transport=platform","osm_stop_distance_m":15,"osm_stop_within_100m":true},"geometry":{"type":"Point","coordinates":[17.7369078,49.5477424]}}]}