{"type":"FeatureCollection","features":[{"type":"Feature","geometry":{"type":"Point","coordinates":[16.104931,49.899383]},"properties":{"OBJECTID":1,"INFO_TAB":"ne","KID":1,"KOS":"ne","KRYTE":"ne","MAJITEL":"Obec Pustina","MAPA":"ano","PUMPA":"ne","SAMO_SERVI":"ne","SPRAVCE":"Obec Pustina","STOJAN_KOL":"ne","TYP":"mapa","VODA":"ne","suggested_tag":"tourism=information + information=map"}},{"type":"Feature","geometry":{"type":"Point","coordinates":[16.095428,49.922193]},"properties":{"OBJECTID":2,"INFO_TAB":"ne","KID":2,"KOS":"ano","KRYTE":"ne","MAJITEL":"Město Vysoké Mýto","MAPA":"ne","PUMPA":"ne","SAMO_SERVI":"ne","SPRAVCE":"Město Vysoké Mýto","STOJAN_KOL":"ne","TYP":"lavice se stolem","VODA":"ne","suggested_tag":"leisure=picnic_table"}},{"type":"Feature","geometry":{"type":"Point","coordinates":[16.069703,49.918821]},"properties":{"OBJECTID":3,"INFO_TAB":"ne","KID":3,"KOS":"ne","KRYTE":"ne","MAJITEL":"Obec Řepníky","MAPA":"ano","PUMPA":"ne","SAMO_SERVI":"ne","SPRAVCE":"Obec Řepníky","STOJAN_KOL":"ne","TYP":"lavice","VODA":"ne","suggested_tag":"amenity=bench"}},{"type":"Feature","geometry":{"type":"Point","coordinates":[16.198668,49.964283]},"properties":{"OBJECTID":4,"INFO_TAB":"ne","KID":4,"KOS":"ne","KRYTE":"ano","MAJITEL":"Město Vysoké Mýto","MAPA":"ne","PUMPA":"ne","SAMO_SERVI":"ne","SPRAVCE":"Město Vysoké Mýto","STOJAN_KOL":"ne","TYP":"lavice se stolem","VODA":"ne","suggested_tag":"leisure=picnic_table"}},{"type":"Feature","geometry":{"type":"Point","coordinates":[16.067809,49.881869]},"properties":{"OBJECTID":5,"INFO_TAB":"ne","KID":5,"KOS":"ano","KRYTE":"ano","MAJITEL":"Obec Střemošice","MAPA":"ne","PUMPA":"ne","SAMO_SERVI":"ne","SPRAVCE":"Obec Střemošice","STOJAN_KOL":"ne","TYP":"lavice se stolem","VODA":"ne","suggested_tag":"leisure=picnic_table"}},{"type":"Feature","geometry":{"type":"Point","coordinates":[16.053472,49.871336]},"properties":{"OBJECTID":6,"INFO_TAB":"ano","KID":6,"KOS":"ano","KRYTE":"ne","MAJITEL":"Obec Doly","MAPA":"ne","POZN":"pův. OFO","PUMPA":"ne","SAMO_SERVI":"ne","SPRAVCE":"Obec Doly","STOJAN_KOL":"ne","TYP":"lavice se stolem","VODA":"ne","suggested_tag":"leisure=picnic_table"}},{"type":"Feature","geometry":{"type":"Point","coordinates":[16.062568,49.840076]},"properties":{"OBJECTID":7,"INFO_TAB":"ano","KID":7,"KOS":"ne","KRYTE":"ne","MAJITEL":"Obec Hluboká","MAPA":"ne","PUMPA":"ne","SAMO_SERVI":"ne","SPRAVCE":"Obec Hluboká","STOJAN_KOL":"ano","TYP":"lavice se stolem","VODA":"ne","suggested_tag":"leisure=picnic_table"}},{"type":"Feature","geometry":{"type":"Point","coordinates":[16.08285,49.826145]},"properties":{"OBJECTID":8,"INFO_TAB":"ne","KID":8,"KOS":"ano","KRYTE":"ne","MAJITEL":"Obec Perálec","MAPA":"ano","PUMPA":"ano","SAMO_SERVI":"ano","SPRAVCE":"Obec Perálec","STOJAN_KOL":"ne","TYP":"lavice","VODA":"ne","suggested_tag":"amenity=bench"}},{"type":"Feature","geometry":{"type":"Point","coordinates":[16.11649,49.806509]},"properties":{"OBJECTID":9,"INFO_TAB":"ne","KID":9,"KOS":"ne","KRYTE":"ne","MAJITEL":"Město Proseč","MAPA":"ano","PUMPA":"ne","SAMO_SERVI":"ne","SPRAVCE":"Město Proseč","STOJAN_KOL":"ne","TYP":"lavice","VODA":"ne","suggested_tag":"amenity=bench"}},{"type":"Feature","geometry":{"type":"Point","coordinates":[16.074402,49.799548]},"properties":{"OBJECTID":10,"INFO_TAB":"ne","KID":10,"KOS":"ne","KRYTE":"ne","MAJITEL":"Město Proseč","MAPA":"ano","PUMPA":"ne","SAMO_SERVI":"ne","SPRAVCE":"Město Proseč","STOJAN_KOL":"ne","TYP":"lavice","VODA":"ne","suggested_tag":"amenity=bench"}},{"type":"Feature","geometry":{"type":"Point","coordinates":[16.07169,49.773047]},"properties":{"OBJECTID":11,"INFO_TAB":"ne","KID":11,"KOS":"ne","KRYTE":"ne","MAJITEL":"Obec Krouna","MAPA":"ano","PUMPA":"ne","SAMO_SERVI":"ne","SPRAVCE":"Obec Krouna","STOJAN_KOL":"ne","TYP":"lavice","VODA":"ne","suggested_tag":"amenity=bench"}},{"type":"Feature","geometry":{"type":"Point","coordinates":[16.076215,49.75825]},"properties":{"OBJECTID":12,"INFO_TAB":"ne","KID":12,"KOS":"ne","KRYTE":"ano","MAJITEL":"Obec Pustá Kamenice","MAPA":"ne","PUMPA":"ne","SAMO_SERVI":"ne","SPRAVCE":"Obec Pustá Kamenice","STOJAN_KOL":"ne","TYP":"lavice se stolem","VODA":"ne","suggested_tag":"leisure=picnic_table"}},{"type":"Feature","geometry":{"type":"Point","coordinates":[16.08177,49.757087]},"properties":{"OBJECTID":13,"INFO_TAB":"ne","KID":13,"KOS":"ne","KRYTE":"ne","MAJITEL":"Obec Pustá Kamenice","MAPA":"ano","PUMPA":"ne","SAMO_SERVI":"ne","SPRAVCE":"Obec Pustá Kamenice","STOJAN_KOL":"ne","TYP":"mapa","VODA":"ne","suggested_tag":"tourism=information + information=map"}},{"type":"Feature","geometry":{"type":"Point","coordinates":[16.083904,49.756568]},"properties":{"OBJECTID":14,"INFO_TAB":"ne","KID":14,"KOS":"tříděný","KRYTE":"ne","MAJITEL":"Pardubický kraj","MAPA":"ano","POZN":"popelnice","PUMPA":"ne","SAMO_SERVI":"ne","SPRAVCE":"nezjištěno","STOJAN_KOL":"ne","TYP":"mapa","VODA":"ne","suggested_tag":"tourism=information + information=map"}},{"type":"Feature","geometry":{"type":"Point","coordinates":[16.092369,49.752528]},"properties":{"OBJECTID":15,"INFO_TAB":"ne","KID":15,"KOS":"ne","KRYTE":"ne","MAJITEL":"ČR","MAPA":"ano","PUMPA":"ne","SAMO_SERVI":"ne","SPRAVCE":"nezjištěno","STOJAN_KOL":"ne","TYP":"mapa","VODA":"ne","suggested_tag":"tourism=information + information=map"}},{"type":"Feature","geometry":{"type":"Point","coordinates":[16.098611,49.734177]},"properties":{"OBJECTID":16,"INFO_TAB":"ne","KID":16,"KOS":"ne","KRYTE":"ano","MAJITEL":"ČR","MAPA":"ne","PUMPA":"ne","SAMO_SERVI":"ne","SPRAVCE":"Lesy České republiky, s.p.","STOJAN_KOL":"ne","TYP":"lavice se stolem","VODA":"ne","suggested_tag":"leisure=picnic_table"}},{"type":"Feature","geometry":{"type":"Point","coordinates":[16.115006,49.713204]},"properties":{"OBJECTID":17,"INFO_TAB":"ne","KID":17,"KOS":"ne","KRYTE":"ano","MAJITEL":"ČR","MAPA":"ne","PUMPA":"ne","SAMO_SERVI":"ne","SPRAVCE":"Lesy České republiky, s.p.","STOJAN_KOL":"ne","TYP":"lavice se stolem","VODA":"ne","suggested_tag":"leisure=picnic_table"}},{"type":"Feature","geometry":{"type":"Point","coordinates":[16.074247,49.728987]},"properties":{"OBJECTID":18,"INFO_TAB":"ne","KID":18,"KOS":"ne","KRYTE":"ano","MAJITEL":"ČR","MAPA":"ne","PUMPA":"ne","SAMO_SERVI":"ne","SPRAVCE":"Lesy České republiky, s.p.","STOJAN_KOL":"ne","TYP":"lavice se stolem","VODA":"ne","suggested_tag":"leisure=picnic_table"}},{"type":"Feature","geometry":{"type":"Point","coordinates":[16.079737,49.73725]},"properties":{"OBJECTID":19,"INFO_TAB":"ne","KID":19,"KOS":"ne","KRYTE":"ano","MAJITEL":"Obec Krouna","MAPA":"ne","PUMPA":"ne","SAMO_SERVI":"ne","SPRAVCE":"Obec Krouna","STOJAN_KOL":"ne","TYP":"lavice se stolem","VODA":"ne","suggested_tag":"leisure=picnic_table"}},{"type":"Feature","geometry":{"type":"Point","coordinates":[16.068997,49.74196]},"properties":{"OBJECTID":20,"INFO_TAB":"ne","KID":20,"KOS":"ne","KRYTE":"ne","MAJITEL":"ČR","MAPA":"ano","PUMPA":"ne","SAMO_SERVI":"ne","SPRAVCE":"Lesy České republiky, s.p.","STOJAN_KOL":"ne","TYP":"mapa","VODA":"ne","suggested_tag":"tourism=information + information=map"}},{"type":"Feature","geometry":{"type":"Point","coordinates":[16.062598,49.752803]},"properties":{"OBJECTID":21,"INFO_TAB":"ne","KID":21,"KOS":"ne","KRYTE":"ne","MAJITEL":"Pardubický kraj","MAPA":"ano","PUMPA":"ne","SAMO_SERVI":"ne","SPRAVCE":"nezjištěno","STOJAN_KOL":"ne","TYP":"mapa","VODA":"ne","suggested_tag":"tourism=information + information=map"}},{"type":"Feature","geometry":{"type":"Point","coordinates":[16.050657,49.719626]},"properties":{"OBJECTID":22,"INFO_TAB":"ne","KID":22,"KOS":"ne","KRYTE":"ne","MAJITEL":"Obec Svratouch","MAPA":"ne","PUMPA":"ne","SAMO_SERVI":"ne","SPRAVCE":"Obec Svratouch","STOJAN_KOL":"ne","TYP":"lavice","VODA":"ne","suggested_tag":"amenity=bench"}},{"type":"Feature","geometry":{"type":"Point","coordinates":[16.064381,49.714928]},"properties":{"OBJECTID":23,"INFO_TAB":"ne","KID":23,"KOS":"ne","KRYTE":"ne","MAJITEL":"GLACIS FORTE a.s.","MAPA":"ano","PUMPA":"ne","SAMO_SERVI":"ne","SPRAVCE":"nezjištěno","STOJAN_KOL":"ne","TYP":"tabule","VODA":"ne"}},{"type":"Feature","geometry":{"type":"Point","coordinates":[16.035338,49.720659]},"properties":{"OBJECTID":24,"INFO_TAB":"ano","KID":24,"KOS":"ne","KRYTE":"ne","MAJITEL":"Obec Svratouch","MAPA":"ano","PUMPA":"ne","SAMO_SERVI":"ne","SPRAVCE":"Obec Svratouch","STOJAN_KOL":"ne","TYP":"tabule","VODA":"ne"}},{"type":"Feature","geometry":{"type":"Point","coordinates":[15.970428,49.707349]},"properties":{"OBJECTID":25,"INFO_TAB":"ano","KID":25,"KOS":"ne","KRYTE":"ne","MAJITEL":"ČR","MAPA":"ne","PUMPA":"ne","SAMO_SERVI":"ne","SPRAVCE":"Lesy České republiky, s.p.","STOJAN_KOL":"ne","TYP":"informační tabule","VODA":"ne","suggested_tag":"tourism=information + information=board"}},{"type":"Feature","geometry":{"type":"Point","coordinates":[15.960007,49.710788]},"properties":{"OBJECTID":26,"INFO_TAB":"ano","KID":26,"KOS":"ne","KRYTE":"ne","MAJITEL":"ČR","MAPA":"ne","PUMPA":"ne","SAMO_SERVI":"ne","SPRAVCE":"Lesy České republiky, s.p.","STOJAN_KOL":"ne","TYP":"informační tabule","VODA":"ne","suggested_tag":"tourism=information + information=board"}},{"type":"Feature","geometry":{"type":"Point","coordinates":[15.93619,49.724836]},"properties":{"OBJECTID":27,"INFO_TAB":"ne","KID":27,"KOS":"ne","KRYTE":"ano","MAJITEL":"ČR","MAPA":"ne","PUMPA":"ne","SAMO_SERVI":"ne","SPRAVCE":"Lesy České republiky, s.p.","STOJAN_KOL":"ne","TYP":"lavice se stolem","VODA":"ne","suggested_tag":"leisure=picnic_table"}},{"type":"Feature","geometry":{"type":"Point","coordinates":[15.969361,49.721735]},"properties":{"OBJECTID":28,"INFO_TAB":"ne","KID":28,"KOS":"ano","KRYTE":"ano","MAJITEL":"ČR","MAPA":"ano","PUMPA":"ne","SAMO_SERVI":"ne","SPRAVCE":"Lesy České republiky, s.p.","STOJAN_KOL":"ne","TYP":"lavice se stolem","VODA":"ne","suggested_tag":"leisure=picnic_table"}},{"type":"Feature","geometry":{"type":"Point","coordinates":[15.974552,49.734222]},"properties":{"OBJECTID":29,"INFO_TAB":"ano","KID":29,"KOS":"ano","KRYTE":"ne","MAJITEL":"Obec Kameničky","MAPA":"ano","PUMPA":"ne","SAMO_SERVI":"ne","SPRAVCE":"Obec Kameničky","STOJAN_KOL":"ne","TYP":"lavice","VODA":"ne","suggested_tag":"amenity=bench"}},{"type":"Feature","geometry":{"type":"Point","coordinates":[15.975654,49.737326]},"properties":{"OBJECTID":30,"INFO_TAB":"ne","KID":30,"KOS":"äno","KRYTE":"ne","MAJITEL":"Obec Kameničky","MAPA":"ano","PUMPA":"ne","SAMO_SERVI":"ne","SPRAVCE":"Obec Kameničky","STOJAN_KOL":"ne","TYP":"mapa","VODA":"ne","suggested_tag":"tourism=information + information=map"}},{"type":"Feature","geometry":{"type":"Point","coordinates":[15.983752,49.760677]},"properties":{"OBJECTID":31,"INFO_TAB":"ne","KID":31,"KOS":"ano","KRYTE":"ne","MAJITEL":"Obec Dědová","MAPA":"ano","POZN":"pův. OFO","PUMPA":"ne","SAMO_SERVI":"ne","SPRAVCE":"Obec Dědová","STOJAN_KOL":"ne","TYP":"mapa","VODA":"ne","suggested_tag":"tourism=information + information=map"}},{"type":"Feature","geometry":{"type":"Point","coordinates":[15.981548,49.773864]},"properties":{"OBJECTID":32,"INFO_TAB":"ne","KID":32,"KOS":"ne","KRYTE":"ne","MAJITEL":"Obec Kladno","MAPA":"ano","PUMPA":"ne","SAMO_SERVI":"ne","SPRAVCE":"Obec Kladno","STOJAN_KOL":"ne","TYP":"mapa","VODA":"ne","suggested_tag":"tourism=information + information=map"}},{"type":"Feature","geometry":{"type":"Point","coordinates":[15.405637,50.050933]},"properties":{"OBJECTID":33,"INFO_TAB":"ne","KID":33,"KOS":"ano","KRYTE":"ano","MAJITEL":"ČR","MAPA":"ne","PUMPA":"ne","SAMO_SERVI":"ne","SPRAVCE":"nezjištěno","STOJAN_KOL":"ne","TYP":"lavice se stolem","VODA":"ne","suggested_tag":"leisure=picnic_table"}},{"type":"Feature","geometry":{"type":"Point","coordinates":[15.40604,50.051261]},"properties":{"OBJECTID":34,"INFO_TAB":"ano","KID":34,"KOS":"ne","KRYTE":"ne","MAJITEL":"Obec Labské Chrčice","MAPA":"ne","PUMPA":"ne","SAMO_SERVI":"ne","SPRAVCE":"Obec Labské Chrčice","STOJAN_KOL":"ne","TYP":"informační tabule","VODA":"ne","suggested_tag":"tourism=information + information=board"}},{"type":"Feature","geometry":{"type":"Point","coordinates":[15.440831,50.050287]},"properties":{"OBJECTID":35,"INFO_TAB":"ano","KID":35,"KOS":"ano","KRYTE":"ano","MAJITEL":"Obec Selmice","MAPA":"ne","PUMPA":"ne","SAMO_SERVI":"ne","SPRAVCE":"Obec Selmice","STOJAN_KOL":"ano","TYP":"lavice se stolem","VODA":"ne","suggested_tag":"leisure=picnic_table"}},{"type":"Feature","geometry":{"type":"Point","coordinates":[15.436195,50.097907]},"properties":{"OBJECTID":36,"INFO_TAB":"ne","KID":36,"KOS":"ne","KRYTE":"ne","MAJITEL":"Obec Kladruby nad Labem","MAPA":"ne","PUMPA":"ne","SAMO_SERVI":"ne","SPRAVCE":"Obec Kladruby nad Labem","STOJAN_KOL":"ne","TYP":"lavice","VODA":"ne","suggested_tag":"amenity=bench"}},{"type":"Feature","geometry":{"type":"Point","coordinates":[15.488561,50.057443]},"properties":{"OBJECTID":37,"INFO_TAB":"ne","KID":37,"KOS":"ne","KRYTE":"ano","MAJITEL":"Obec Kladruby nad Labem","MAPA":"ne","PUMPA":"ne","SAMO_SERVI":"ne","SPRAVCE":"Obec Kladruby nad Labem","STOJAN_KOL":"ne","TYP":"lavice se stolem","VODA":"ne","suggested_tag":"leisure=picnic_table"}},{"type":"Feature","geometry":{"type":"Point","coordinates":[15.556695,50.094455]},"properties":{"OBJECTID":38,"INFO_TAB":"ne","KID":38,"KOS":"ne","KRYTE":"ne","MAJITEL":"Obec Sopřeč","MAPA":"ano","PUMPA":"ne","SAMO_SERVI":"ne","SPRAVCE":"Obec Sopřeč","STOJAN_KOL":"ne","TYP":"mapa","VODA":"ne","suggested_tag":"tourism=information + information=map"}},{"type":"Feature","geometry":{"type":"Point","coordinates":[15.55697,50.105796]},"properties":{"OBJECTID":39,"INFO_TAB":"ne","KID":39,"KOS":"ne","KRYTE":"ne","MAJITEL":"Obec Žáravice","MAPA":"ano","PUMPA":"ne","SAMO_SERVI":"ne","SPRAVCE":"Obec Žáravice","STOJAN_KOL":"ne","TYP":"mapa","VODA":"ne","suggested_tag":"tourism=information + information=map"}},{"type":"Feature","geometry":{"type":"Point","coordinates":[15.535484,50.118824]},"properties":{"OBJECTID":40,"INFO_TAB":"ne","KID":40,"KOS":"ne","KRYTE":"ne","MAJITEL":"Obec Malé Výkleky","MAPA":"ano","PUMPA":"ne","SAMO_SERVI":"ne","SPRAVCE":"Obec Malé Výkleky","STOJAN_KOL":"ne","TYP":"lavice se stolem","VODA":"ne","suggested_tag":"leisure=picnic_table"}},{"type":"Feature","geometry":{"type":"Point","coordinates":[15.539207,50.126666]},"properties":{"OBJECTID":41,"INFO_TAB":"ne","KID":41,"KOS":"ne","KRYTE":"ne","MAJITEL":"Zemědělské družstvo Chýšť","MAPA":"ano","PUMPA":"ne","SAMO_SERVI":"ne","SPRAVCE":"nezjištěno","STOJAN_KOL":"ne","TYP":"lavice se stolem","VODA":"ne","suggested_tag":"leisure=picnic_table"}},{"type":"Feature","geometry":{"type":"Point","coordinates":[15.571516,50.116814]},"properties":{"OBJECTID":42,"INFO_TAB":"ne","KID":42,"KOS":"ne","KRYTE":"ne","MAJITEL":"Obec Voleč","MAPA":"ne","PUMPA":"ne","SAMO_SERVI":"ne","SPRAVCE":"Obec Voleč","STOJAN_KOL":"ne","TYP":"lavice se stolem","VODA":"ne","suggested_tag":"leisure=picnic_table"}},{"type":"Feature","geometry":{"type":"Point","coordinates":[15.635878,50.104076]},"properties":{"OBJECTID":43,"INFO_TAB":"ne","KID":43,"KOS":"ne","KRYTE":"ano","MAJITEL":"Obec Bukovka","MAPA":"ne","PUMPA":"ne","SAMO_SERVI":"ne","SPRAVCE":"Obec Bukovka","STOJAN_KOL":"ne","TYP":"lavice se stolem","VODA":"ne","suggested_tag":"leisure=picnic_table"}},{"type":"Feature","geometry":{"type":"Point","coordinates":[15.62373,50.094692]},"properties":{"OBJECTID":44,"INFO_TAB":"ne","KID":44,"KOS":"ano","KRYTE":"ano","MAJITEL":"Farní sbor Českobratrské církve evangelické v Bukovce","MAPA":"ano","PUMPA":"ne","SAMO_SERVI":"ne","SPRAVCE":"nezjištěno","STOJAN_KOL":"ano","TYP":"lavice se stolem","VODA":"ne","suggested_tag":"leisure=picnic_table"}},{"type":"Feature","geometry":{"type":"Point","coordinates":[15.625451,50.092326]},"properties":{"OBJECTID":45,"INFO_TAB":"ano","KID":45,"KOS":"ne","KRYTE":"ne","MAJITEL":"Obec Bukovka","MAPA":"ne","POZN":"pův. OFO","PUMPA":"ne","SAMO_SERVI":"ne","SPRAVCE":"Obec Bukovka","STOJAN_KOL":"ne","TYP":"lavice","VODA":"ne","suggested_tag":"amenity=bench"}},{"type":"Feature","geometry":{"type":"Point","coordinates":[15.605459,50.107413]},"properties":{"OBJECTID":46,"INFO_TAB":"ne","KID":46,"KOS":"ne","KRYTE":"ne","MAJITEL":"Obec Rohovládova Bělá","MAPA":"ano","PUMPA":"ne","SAMO_SERVI":"ne","SPRAVCE":"Obec Rohovládova Bělá","STOJAN_KOL":"ne","TYP":"mapa","VODA":"ne","suggested_tag":"tourism=information + information=map"}},{"type":"Feature","geometry":{"type":"Point","coordinates":[15.579024,50.101334]},"properties":{"OBJECTID":47,"INFO_TAB":"ne","KID":47,"KOS":"ne","KRYTE":"ne","MAJITEL":"Obec Vyšehněvice","MAPA":"ano","PUMPA":"ne","SAMO_SERVI":"ne","SPRAVCE":"Obec Vyšehněvice","STOJAN_KOL":"ne","TYP":"mapa","VODA":"ne","suggested_tag":"tourism=information + information=map"}},{"type":"Feature","geometry":{"type":"Point","coordinates":[15.616612,50.029966]},"properties":{"OBJECTID":48,"INFO_TAB":"ano","KID":48,"KOS":"ano","KRYTE":"ne","MAJITEL":"Obec Valy","MAPA":"ano","PUMPA":"ne","SAMO_SERVI":"ne","SPRAVCE":"Obec Valy","STOJAN_KOL":"ne","TYP":"lavice","VODA":"ne","suggested_tag":"amenity=bench"}},{"type":"Feature","geometry":{"type":"Point","coordinates":[15.61541,50.030129]},"properties":{"OBJECTID":49,"INFO_TAB":"ano","KID":49,"KOS":"ano","KRYTE":"ano","MAJITEL":"Obec Valy","MAPA":"ano","PUMPA":"ne","SAMO_SERVI":"ne","SPRAVCE":"Obec Valy","STOJAN_KOL":"ne","TYP":"lavice se stolem","VODA":"ne","suggested_tag":"leisure=picnic_table"}},{"type":"Feature","geometry":{"type":"Point","coordinates":[15.600772,50.024298]},"properties":{"OBJECTID":50,"INFO_TAB":"ano","KID":50,"KOS":"ne","KRYTE":"ne","MAJITEL":"Město Přelouč","MAPA":"ne","PUMPA":"ne","SAMO_SERVI":"ne","SPRAVCE":"Město Přelouč","STOJAN_KOL":"ne","TYP":"informační tabule","VODA":"ne","suggested_tag":"tourism=information + information=board"}},{"type":"Feature","geometry":{"type":"Point","coordinates":[15.565884,50.035274]},"properties":{"OBJECTID":51,"INFO_TAB":"ne","KID":51,"KOS":"ne","KRYTE":"ne","MAJITEL":"Město Přelouč","MAPA":"ano","PUMPA":"ne","SAMO_SERVI":"ne","SPRAVCE":"Město Přelouč","STOJAN_KOL":"ne","TYP":"mapa","VODA":"ne","suggested_tag":"tourism=information + information=map"}},{"type":"Feature","geometry":{"type":"Point","coordinates":[15.571757,50.014917]},"properties":{"OBJECTID":52,"INFO_TAB":"ne","KID":52,"KOS":"ne","KRYTE":"ne","MAJITEL":"Obec Mokošín","MAPA":"ano","PUMPA":"ne","SAMO_SERVI":"ne","SPRAVCE":"Obec Mokošín","STOJAN_KOL":"ne","TYP":"mapa","VODA":"ne","suggested_tag":"tourism=information + information=map"}},{"type":"Feature","geometry":{"type":"Point","coordinates":[15.567794,50.014434]},"properties":{"OBJECTID":53,"INFO_TAB":"ano","KID":53,"KOS":"ne","KRYTE":"ne","MAJITEL":"Obec Mokošín","MAPA":"ne","PUMPA":"ne","SAMO_SERVI":"ne","SPRAVCE":"Obec Mokošín","STOJAN_KOL":"ne","TYP":"informační tabule","VODA":"ne","suggested_tag":"tourism=information + information=board"}},{"type":"Feature","geometry":{"type":"Point","coordinates":[15.556368,50.001476]},"properties":{"OBJECTID":54,"INFO_TAB":"ano","KID":54,"KOS":"ne","KRYTE":"ne","MAJITEL":"Obec Brloh","MAPA":"ano","PUMPA":"ne","SAMO_SERVI":"ne","SPRAVCE":"Obec Brloh","STOJAN_KOL":"ne","TYP":"tabule","VODA":"ne"}},{"type":"Feature","geometry":{"type":"Point","coordinates":[15.548817,49.993343]},"properties":{"OBJECTID":55,"INFO_TAB":"ano","KID":55,"KOS":"ne","KRYTE":"ne","MAJITEL":"Obec Lipoltice","MAPA":"ne","PUMPA":"ne","SAMO_SERVI":"ne","SPRAVCE":"Obec Lipoltice","STOJAN_KOL":"ne","TYP":"autobusová zastávka (informační tabule)","VODA":"ne"}},{"type":"Feature","geometry":{"type":"Point","coordinates":[15.569253,49.9881]},"properties":{"OBJECTID":56,"INFO_TAB":"ano","KID":56,"KOS":"ano","KRYTE":"ano","MAJITEL":"Obec Lipoltice","MAPA":"ne","PUMPA":"ne","SAMO_SERVI":"ne","SPRAVCE":"Obec Lipoltice","STOJAN_KOL":"ne","TYP":"lavice se stolem","VODA":"ne","suggested_tag":"leisure=picnic_table"}},{"type":"Feature","geometry":{"type":"Point","coordinates":[15.58164,49.991017]},"properties":{"OBJECTID":57,"INFO_TAB":"ne","KID":57,"KOS":"ne","KRYTE":"ne","MAJITEL":"Obec Poběžovice u Přelouče","MAPA":"ano","PUMPA":"ne","SAMO_SERVI":"ne","SPRAVCE":"Obec Poběžovice u Přelouče","STOJAN_KOL":"ne","TYP":"lavice","VODA":"ne","suggested_tag":"amenity=bench"}},{"type":"Feature","geometry":{"type":"Point","coordinates":[15.56755,49.973493]},"properties":{"OBJECTID":58,"INFO_TAB":"ano","KID":58,"KOS":"ano","KRYTE":"ne","MAJITEL":"Obec Urbanice","MAPA":"ne","PUMPA":"ne","SAMO_SERVI":"ne","SPRAVCE":"Obec Urbanice","STOJAN_KOL":"ano","TYP":"lavice se stolem","VODA":"ne","suggested_tag":"leisure=picnic_table"}},{"type":"Feature","geometry":{"type":"Point","coordinates":[15.563441,49.976304]},"properties":{"OBJECTID":59,"INFO_TAB":"ne","KID":59,"KOS":"ne","KRYTE":"ne","MAJITEL":"Obec Urbanice","MAPA":"ne","PUMPA":"ne","SAMO_SERVI":"ne","SPRAVCE":"Obec Urbanice","STOJAN_KOL":"ne","TYP":"lavice se stolem","VODA":"ne","suggested_tag":"leisure=picnic_table"}},{"type":"Feature","geometry":{"type":"Point","coordinates":[15.539042,49.969954]},"properties":{"OBJECTID":60,"INFO_TAB":"ne","KID":60,"KOS":"ne","KRYTE":"ne","MAJITEL":"Obec Sovolusky","MAPA":"ano","PUMPA":"ne","SAMO_SERVI":"ne","SPRAVCE":"Obec Sovolusky","STOJAN_KOL":"ne","TYP":"mapa","VODA":"ne","suggested_tag":"tourism=information + information=map"}},{"type":"Feature","geometry":{"type":"Point","coordinates":[15.547344,49.952362]},"properties":{"OBJECTID":61,"INFO_TAB":"ne","KID":61,"KOS":"ano","KRYTE":"ano","MAJITEL":"Obec Turkovice","MAPA":"ne","PUMPA":"ne","SAMO_SERVI":"ne","SPRAVCE":"Obec Turkovice","STOJAN_KOL":"ano","TYP":"lavice se stolem","VODA":"ne","suggested_tag":"leisure=picnic_table"}},{"type":"Feature","geometry":{"type":"Point","coordinates":[15.580183,49.962405]},"properties":{"OBJECTID":62,"INFO_TAB":"ne","KID":62,"KOS":"ano","KRYTE":"ano","MAJITEL":"Obec Turkovice","MAPA":"ano","PUMPA":"ne","SAMO_SERVI":"ne","SPRAVCE":"Obec Turkovice","STOJAN_KOL":"ano","TYP":"lavice se stolem","VODA":"ne","suggested_tag":"leisure=picnic_table"}},{"type":"Feature","geometry":{"type":"Point","coordinates":[15.595095,49.974818]},"properties":{"OBJECTID":63,"INFO_TAB":"ne","KID":63,"KOS":"ne","KRYTE":"ano","MAJITEL":"Městys Choltice","MAPA":"ano","PUMPA":"ne","SAMO_SERVI":"ne","SPRAVCE":"Městys Choltice","STOJAN_KOL":"ne","TYP":"lavice se stolem","VODA":"ne","suggested_tag":"leisure=picnic_table"}},{"type":"Feature","geometry":{"type":"Point","coordinates":[15.601963,49.970262]},"properties":{"OBJECTID":64,"INFO_TAB":"ne","KID":64,"KOS":"ne","KRYTE":"ne","MAJITEL":"Obec Svojšice","MAPA":"ano","PUMPA":"ne","SAMO_SERVI":"ne","SPRAVCE":"Obec Svojšice","STOJAN_KOL":"ne","TYP":"mapa","VODA":"ne","suggested_tag":"tourism=information + information=map"}},{"type":"Feature","geometry":{"type":"Point","coordinates":[15.607492,49.982457]},"properties":{"OBJECTID":65,"INFO_TAB":"ne","KID":65,"KOS":"ne","KRYTE":"ne","MAJITEL":"Obec Chrtníky","MAPA":"ano","PUMPA":"ne","SAMO_SERVI":"ne","SPRAVCE":"Obec Chrtníky","STOJAN_KOL":"ne","TYP":"mapa","VODA":"ne","suggested_tag":"tourism=information + information=map"}},{"type":"Feature","geometry":{"type":"Point","coordinates":[15.618622,49.987499]},"properties":{"OBJECTID":66,"INFO_TAB":"ne","KID":66,"KOS":"ano","KRYTE":"ne","MAJITEL":"Městys Choltice","MAPA":"ano","PUMPA":"ne","SAMO_SERVI":"ne","SPRAVCE":"Městys Choltice","STOJAN_KOL":"ne","TYP":"mapa","VODA":"ne","suggested_tag":"tourism=information + information=map"}},{"type":"Feature","geometry":{"type":"Point","coordinates":[15.644734,50.00837]},"properties":{"OBJECTID":67,"INFO_TAB":"ne","KID":67,"KOS":"ano","KRYTE":"ne","MAJITEL":"Obec Bezděkov","MAPA":"ano","PUMPA":"ne","SAMO_SERVI":"ne","SPRAVCE":"Obec Bezděkov","STOJAN_KOL":"ne","TYP":"lavice","VODA":"ne","suggested_tag":"amenity=bench"}},{"type":"Feature","geometry":{"type":"Point","coordinates":[15.663896,50.001674]},"properties":{"OBJECTID":68,"INFO_TAB":"ne","KID":68,"KOS":"ne","KRYTE":"ano","MAJITEL":"Obec Barchov","MAPA":"ne","PUMPA":"ne","SAMO_SERVI":"ne","SPRAVCE":"Obec Barchov","STOJAN_KOL":"ne","TYP":"lavice se stolem","VODA":"ne","suggested_tag":"leisure=picnic_table"}},{"type":"Feature","geometry":{"type":"Point","coordinates":[15.673416,50.000169]},"properties":{"OBJECTID":69,"INFO_TAB":"ano","KID":69,"KOS":"ano","KRYTE":"ano","MAJITEL":"Obec Barchov","MAPA":"ne","PUMPA":"ne","SAMO_SERVI":"ne","SPRAVCE":"Obec Barchov","STOJAN_KOL":"ne","TYP":"lavice se stolem","VODA":"ne","suggested_tag":"leisure=picnic_table"}},{"type":"Feature","geometry":{"type":"Point","coordinates":[15.680645,49.999369]},"properties":{"OBJECTID":70,"INFO_TAB":"ne","KID":70,"KOS":"ano","KRYTE":"ne","MAJITEL":"Obec Barchov","MAPA":"ano","PUMPA":"ne","SAMO_SERVI":"ne","SPRAVCE":"Obec Barchov","STOJAN_KOL":"ano","TYP":"lavice se stolem","VODA":"ne","suggested_tag":"leisure=picnic_table"}},{"type":"Feature","geometry":{"type":"Point","coordinates":[15.724581,49.992182]},"properties":{"OBJECTID":71,"INFO_TAB":"ne","KID":71,"KOS":"ne","KRYTE":"ne","MAJITEL":"Obec Dubany","MAPA":"ne","PUMPA":"ne","SAMO_SERVI":"ne","SPRAVCE":"Obec Dubany","STOJAN_KOL":"ne","TYP":"lavice","VODA":"ne","suggested_tag":"amenity=bench"}},{"type":"Feature","geometry":{"type":"Point","coordinates":[15.72466,49.993224]},"properties":{"OBJECTID":72,"INFO_TAB":"ne","KID":72,"KOS":"ne","KRYTE":"ne","MAJITEL":"Obec Dubany","MAPA":"ano","PUMPA":"ne","SAMO_SERVI":"ne","SPRAVCE":"Obec Dubany","STOJAN_KOL":"ne","TYP":"mapa","VODA":"ne","suggested_tag":"tourism=information + information=map"}},{"type":"Feature","geometry":{"type":"Point","coordinates":[15.735135,49.997433]},"properties":{"OBJECTID":73,"INFO_TAB":"ano","KID":73,"KOS":"ne","KRYTE":"ne","MAJITEL":"Obec Třebosice","MAPA":"ne","PUMPA":"ne","SAMO_SERVI":"ne","SPRAVCE":"Obec Třebosice","STOJAN_KOL":"ne","TYP":"informační tabule","VODA":"ne","suggested_tag":"tourism=information + information=board"}},{"type":"Feature","geometry":{"type":"Point","coordinates":[15.718425,49.984559]},"properties":{"OBJECTID":74,"INFO_TAB":"ne","KID":74,"KOS":"ne","KRYTE":"ne","MAJITEL":"Obec Čepí","MAPA":"ne","PUMPA":"ne","SAMO_SERVI":"ne","SPRAVCE":"Obec Čepí","STOJAN_KOL":"ne","TYP":"lavice","VODA":"ne","suggested_tag":"amenity=bench"}},{"type":"Feature","geometry":{"type":"Point","coordinates":[15.716357,49.985458]},"properties":{"OBJECTID":75,"INFO_TAB":"ano","KID":75,"KOS":"ne","KRYTE":"ne","MAJITEL":"Obec Čepí","MAPA":"ne","PUMPA":"ne","SAMO_SERVI":"ne","SPRAVCE":"Obec Čepí","STOJAN_KOL":"ne","TYP":"informační tabule","VODA":"ne","suggested_tag":"tourism=information + information=board"}},{"type":"Feature","geometry":{"type":"Point","coordinates":[15.716541,49.986961]},"properties":{"OBJECTID":76,"INFO_TAB":"ne","KID":76,"KOS":"ne","KRYTE":"ne","MAJITEL":"Obec Čepí","MAPA":"ano","PUMPA":"ne","SAMO_SERVI":"ne","SPRAVCE":"Obec Čepí","STOJAN_KOL":"ne","TYP":"mapa","VODA":"ne","suggested_tag":"tourism=information + information=map"}},{"type":"Feature","geometry":{"type":"Point","coordinates":[15.694737,49.981709]},"properties":{"OBJECTID":77,"INFO_TAB":"ne","KID":77,"KOS":"ano","KRYTE":"ano","MAJITEL":"Obec Jezbořice","MAPA":"ne","PUMPA":"ne","SAMO_SERVI":"ne","SPRAVCE":"Obec Jezbořice","STOJAN_KOL":"ano","TYP":"lavice se stolem","VODA":"ne","suggested_tag":"leisure=picnic_table"}},{"type":"Feature","geometry":{"type":"Point","coordinates":[15.693858,49.97984]},"properties":{"OBJECTID":78,"INFO_TAB":"ne","KID":78,"KOS":"ano","KRYTE":"ne","MAJITEL":"Obec Jezbořice","MAPA":"ne","PUMPA":"ne","SAMO_SERVI":"ne","SPRAVCE":"Obec Jezbořice","STOJAN_KOL":"ne","TYP":"lavice se stolem","VODA":"ne","suggested_tag":"leisure=picnic_table"}},{"type":"Feature","geometry":{"type":"Point","coordinates":[15.693943,49.979642]},"properties":{"OBJECTID":79,"INFO_TAB":"ano","KID":79,"KOS":"ne","KRYTE":"ne","MAJITEL":"Obec Jezbořice","MAPA":"ne","PUMPA":"ne","SAMO_SERVI":"ne","SPRAVCE":"Obec Jezbořice","STOJAN_KOL":"ne","TYP":"informační tabule","VODA":"ne","suggested_tag":"tourism=information + information=board"}},{"type":"Feature","geometry":{"type":"Point","coordinates":[15.680374,49.963357]},"properties":{"OBJECTID":80,"INFO_TAB":"ano","KID":80,"KOS":"ano","KRYTE":"ano","MAJITEL":"Obec Klešice","MAPA":"ne","PUMPA":"ne","SAMO_SERVI":"ne","SPRAVCE":"Obec Klešice","STOJAN_KOL":"ano","TYP":"lavice se stolem","VODA":"ne","suggested_tag":"leisure=picnic_table"}},{"type":"Feature","geometry":{"type":"Point","coordinates":[15.679777,49.963484]},"properties":{"OBJECTID":81,"INFO_TAB":"ano","KID":81,"KOS":"ne","KRYTE":"ne","MAJITEL":"ČR","MAPA":"ne","PUMPA":"ne","SAMO_SERVI":"ne","SPRAVCE":"Povodí Labe, státní podnik","STOJAN_KOL":"ne","TYP":"informační tabule","VODA":"ne","suggested_tag":"tourism=information + information=board"}},{"type":"Feature","geometry":{"type":"Point","coordinates":[15.648445,49.958033]},"properties":{"OBJECTID":82,"INFO_TAB":"ne","KID":82,"KOS":"ne","KRYTE":"ne","MAJITEL":"Obec Svinčany","MAPA":"ano","PUMPA":"ne","SAMO_SERVI":"ne","SPRAVCE":"Obec Svinčany","STOJAN_KOL":"ne","TYP":"mapa","VODA":"ne","suggested_tag":"tourism=information + information=map"}},{"type":"Feature","geometry":{"type":"Point","coordinates":[15.645086,49.958534]},"properties":{"OBJECTID":83,"INFO_TAB":"ne","KID":83,"KOS":"ne","KRYTE":"ano","MAJITEL":"Obec Svinčany","MAPA":"ne","PUMPA":"ne","SAMO_SERVI":"ne","SPRAVCE":"Obec Svinčany","STOJAN_KOL":"ne","TYP":"lavice se stolem","VODA":"ne","suggested_tag":"leisure=picnic_table"}},{"type":"Feature","geometry":{"type":"Point","coordinates":[15.635998,49.963599]},"properties":{"OBJECTID":84,"INFO_TAB":"ano","KID":84,"KOS":"ano","KRYTE":"ano","MAJITEL":"Obec Svinčany","MAPA":"ano","PUMPA":"ne","SAMO_SERVI":"ne","SPRAVCE":"Obec Svinčany","STOJAN_KOL":"ano","TYP":"lavice se stolem","VODA":"ne","suggested_tag":"leisure=picnic_table"}},{"type":"Feature","geometry":{"type":"Point","coordinates":[15.639263,49.962642]},"properties":{"OBJECTID":85,"INFO_TAB":"ne","KID":85,"KOS":"ano","KRYTE":"ne","MAJITEL":"Obec Svinčany","MAPA":"ano","PUMPA":"ne","SAMO_SERVI":"ne","SPRAVCE":"Obec Svinčany","STOJAN_KOL":"ne","TYP":"lavice se stolem","VODA":"ne","suggested_tag":"leisure=picnic_table"}},{"type":"Feature","geometry":{"type":"Point","coordinates":[15.644668,49.958576]},"properties":{"OBJECTID":86,"INFO_TAB":"ne","KID":86,"KOS":"ne","KRYTE":"ano","MAJITEL":"Obec Svinčany","MAPA":"ne","PUMPA":"ne","SAMO_SERVI":"ne","SPRAVCE":"Obec Svinčany","STOJAN_KOL":"ne","TYP":"lavice se stolem","VODA":"ne","suggested_tag":"leisure=picnic_table"}},{"type":"Feature","geometry":{"type":"Point","coordinates":[15.712632,49.967549]},"properties":{"OBJECTID":87,"INFO_TAB":"ano","KID":87,"KOS":"ne","KRYTE":"ne","MAJITEL":"Obec Rozhovice","MAPA":"ano","PUMPA":"ne","SAMO_SERVI":"ne","SPRAVCE":"Obec Rozhovice","STOJAN_KOL":"ne","TYP":"tabule","VODA":"ne"}},{"type":"Feature","geometry":{"type":"Point","coordinates":[15.731984,49.959865]},"properties":{"OBJECTID":88,"INFO_TAB":"ne","KID":88,"KOS":"ano","KRYTE":"ne","MAJITEL":"Obec Bylany","MAPA":"ano","PUMPA":"ne","SAMO_SERVI":"ne","SPRAVCE":"Obec Bylany","STOJAN_KOL":"ne","TYP":"mapa","VODA":"ne","suggested_tag":"tourism=information + information=map"}},{"type":"Feature","geometry":{"type":"Point","coordinates":[15.737096,49.965782]},"properties":{"OBJECTID":89,"INFO_TAB":"ne","KID":89,"KOS":"ano","KRYTE":"ne","MAJITEL":"Obec Třibřichy","MAPA":"ano","POZN":"pův. OFO","PUMPA":"ne","SAMO_SERVI":"ne","SPRAVCE":"Obec Třibřichy","STOJAN_KOL":"ne","TYP":"autobusová zastávka (mapa)","VODA":"ne"}},{"type":"Feature","geometry":{"type":"Point","coordinates":[15.842123,49.98071]},"properties":{"OBJECTID":90,"INFO_TAB":"ne","KID":90,"KOS":"ne","KRYTE":"ano","MAJITEL":"Obec Tuněchody","MAPA":"ne","PUMPA":"ne","SAMO_SERVI":"ne","SPRAVCE":"Obec Tuněchody","STOJAN_KOL":"ne","TYP":"lavice","VODA":"ne","suggested_tag":"amenity=bench"}},{"type":"Feature","geometry":{"type":"Point","coordinates":[15.82754,49.989376]},"properties":{"OBJECTID":91,"INFO_TAB":"ne","KID":91,"KOS":"ano","KRYTE":"ne","MAJITEL":"Obec Ostřešany","MAPA":"ano","PUMPA":"ne","SAMO_SERVI":"ne","SPRAVCE":"Obec Ostřešany","STOJAN_KOL":"ne","TYP":"lavice se stolem","VODA":"ne","suggested_tag":"leisure=picnic_table"}},{"type":"Feature","geometry":{"type":"Point","coordinates":[15.79897,49.994256]},"properties":{"OBJECTID":92,"INFO_TAB":"ano","KID":92,"KOS":"ano","KRYTE":"ano","MAJITEL":"Obec Ostřešany","MAPA":"ano","PUMPA":"ne","SAMO_SERVI":"ne","SPRAVCE":"Obec Ostřešany","STOJAN_KOL":"ne","TYP":"lavice se stolem","VODA":"ne","suggested_tag":"leisure=picnic_table"}},{"type":"Feature","geometry":{"type":"Point","coordinates":[15.78414,49.990473]},"properties":{"OBJECTID":93,"INFO_TAB":"ne","KID":93,"KOS":"ano","KRYTE":"ano","MAJITEL":"Obec Mikulovice","MAPA":"ne","PUMPA":"ne","SAMO_SERVI":"ne","SPRAVCE":"Obec Mikulovice","STOJAN_KOL":"ne","TYP":"lavice se stolem","VODA":"ne","suggested_tag":"leisure=picnic_table"}},{"type":"Feature","geometry":{"type":"Point","coordinates":[15.777366,49.990427]},"properties":{"OBJECTID":94,"INFO_TAB":"ne","KID":94,"KOS":"ano","KRYTE":"ano","MAJITEL":"Obec Mikulovice","MAPA":"ne","PUMPA":"ne","SAMO_SERVI":"ne","SPRAVCE":"Obec Mikulovice","STOJAN_KOL":"ne","TYP":"lavice se stolem","VODA":"ne","suggested_tag":"leisure=picnic_table"}},{"type":"Feature","geometry":{"type":"Point","coordinates":[15.776782,49.990257]},"properties":{"OBJECTID":95,"INFO_TAB":"ano","KID":95,"KOS":"ano","KRYTE":"ne","MAJITEL":"Obec Mikulovice","MAPA":"ne","PUMPA":"ne","SAMO_SERVI":"ne","SPRAVCE":"Obec Mikulovice","STOJAN_KOL":"ne","TYP":"lavice se stolem","VODA":"ne","suggested_tag":"leisure=picnic_table"}},{"type":"Feature","geometry":{"type":"Point","coordinates":[15.754713,50.003573]},"properties":{"OBJECTID":96,"INFO_TAB":"ano","KID":96,"KOS":"ne","KRYTE":"ne","MAJITEL":"Obec Staré Jesenčany","MAPA":"ne","POZN":"pův. OFO","PUMPA":"ne","SAMO_SERVI":"ne","SPRAVCE":"Obec Staré Jesenčany","STOJAN_KOL":"ne","TYP":"informační tabule","VODA":"ne","suggested_tag":"tourism=information + information=board"}},{"type":"Feature","geometry":{"type":"Point","coordinates":[15.764508,50.012782]},"properties":{"OBJECTID":97,"INFO_TAB":"ne","KID":97,"KOS":"ano","KRYTE":"ne","MAJITEL":"ČR","MAPA":"ne","PUMPA":"ne","SAMO_SERVI":"ne","SPRAVCE":"nezjištěno","STOJAN_KOL":"ano","TYP":"lavice","VODA":"ne","suggested_tag":"amenity=bench"}},{"type":"Feature","geometry":{"type":"Point","coordinates":[15.687274,50.097897]},"properties":{"OBJECTID":98,"INFO_TAB":"ano","KID":98,"KOS":"ne","KRYTE":"ne","MAJITEL":"ČR","MAPA":"ne","PUMPA":"ne","SAMO_SERVI":"ne","SPRAVCE":"nezjištěno","STOJAN_KOL":"ne","TYP":"lavice se stolem","VODA":"ne","suggested_tag":"leisure=picnic_table"}},{"type":"Feature","geometry":{"type":"Point","coordinates":[15.688892,50.096252]},"properties":{"OBJECTID":99,"INFO_TAB":"ano","KID":99,"KOS":"ne","KRYTE":"ne","MAJITEL":"ČR","MAPA":"ne","PUMPA":"ne","SAMO_SERVI":"ne","SPRAVCE":"nezjištěno","STOJAN_KOL":"ne","TYP":"informační tabule","VODA":"ne","suggested_tag":"tourism=information + information=board"}},{"type":"Feature","geometry":{"type":"Point","coordinates":[15.689589,50.092608]},"properties":{"OBJECTID":100,"INFO_TAB":"ano","KID":100,"KOS":"ne","KRYTE":"ne","MAJITEL":"Město Lázně Bohdaneč","MAPA":"ne","PUMPA":"ne","SAMO_SERVI":"ne","SPRAVCE":"Město Lázně Bohdaneč","STOJAN_KOL":"ne","TYP":"informační tabule","VODA":"ne","suggested_tag":"tourism=information + information=board"}},{"type":"Feature","geometry":{"type":"Point","coordinates":[15.680532,50.088392]},"properties":{"OBJECTID":101,"INFO_TAB":"ano","KID":101,"KOS":"ne","KRYTE":"ne","MAJITEL":"Město Lázně Bohdaneč","MAPA":"ne","PUMPA":"ne","SAMO_SERVI":"ne","SPRAVCE":"Město Lázně Bohdaneč","STOJAN_KOL":"ne","TYP":"informační tabule","VODA":"ne","suggested_tag":"tourism=information + information=board"}},{"type":"Feature","geometry":{"type":"Point","coordinates":[15.674437,50.086721]},"properties":{"OBJECTID":102,"INFO_TAB":"ano","KID":102,"KOS":"ne","KRYTE":"ne","MAJITEL":"ČR","MAPA":"ne","PUMPA":"ne","SAMO_SERVI":"ne","SPRAVCE":"nezjištěno","STOJAN_KOL":"ne","TYP":"lavice se stolem","VODA":"ne","suggested_tag":"leisure=picnic_table"}},{"type":"Feature","geometry":{"type":"Point","coordinates":[15.667858,50.085585]},"properties":{"OBJECTID":103,"INFO_TAB":"ne","KID":103,"KOS":"ne","KRYTE":"ne","MAJITEL":"ČR","MAPA":"ano","PUMPA":"ne","SAMO_SERVI":"ne","SPRAVCE":"nezjištěno","STOJAN_KOL":"ne","TYP":"mapa","VODA":"ne","suggested_tag":"tourism=information + information=map"}},{"type":"Feature","geometry":{"type":"Point","coordinates":[15.691432,50.113276]},"properties":{"OBJECTID":104,"INFO_TAB":"ne","KID":104,"KOS":"ano","KRYTE":"ne","MAJITEL":"Obec Dolany","MAPA":"ne","PUMPA":"ne","SAMO_SERVI":"ne","SPRAVCE":"Obec Dolany","STOJAN_KOL":"ne","TYP":"lavice se stolem","VODA":"ne","suggested_tag":"leisure=picnic_table"}},{"type":"Feature","geometry":{"type":"Point","coordinates":[15.651068,50.129846]},"properties":{"OBJECTID":105,"INFO_TAB":"ne","KID":105,"KOS":"ano","KRYTE":"ne","MAJITEL":"Obec Rohoznice","MAPA":"ano","PUMPA":"ne","SAMO_SERVI":"ne","SPRAVCE":"Obec Rohoznice","STOJAN_KOL":"ano","TYP":"lavice se stolem","VODA":"ne","suggested_tag":"leisure=picnic_table"}},{"type":"Feature","geometry":{"type":"Point","coordinates":[15.649596,50.114058]},"properties":{"OBJECTID":106,"INFO_TAB":"ne","KID":106,"KOS":"ano","KRYTE":"ne","MAJITEL":"Obec Křičeň","MAPA":"ano","PUMPA":"ne","SAMO_SERVI":"ne","SPRAVCE":"Obec Křičeň","STOJAN_KOL":"ano","TYP":"lavice se stolem","VODA":"ne","suggested_tag":"leisure=picnic_table"}},{"type":"Feature","geometry":{"type":"Point","coordinates":[15.749247,50.092988]},"properties":{"OBJECTID":107,"INFO_TAB":"ne","KID":107,"KOS":"ne","KRYTE":"ne","MAJITEL":"Obec Stéblová","MAPA":"ano","PUMPA":"ne","SAMO_SERVI":"ne","SPRAVCE":"Obec Stéblová","STOJAN_KOL":"ne","TYP":"tabule","VODA":"ne"}},{"type":"Feature","geometry":{"type":"Point","coordinates":[15.765533,50.118089]},"properties":{"OBJECTID":108,"INFO_TAB":"ne","KID":108,"KOS":"ne","KRYTE":"ano","MAJITEL":"ČR","MAPA":"ne","PUMPA":"ne","SAMO_SERVI":"ne","SPRAVCE":"Lesy České republiky, s.p.","STOJAN_KOL":"ne","TYP":"lavice se stolem","VODA":"ne","suggested_tag":"leisure=picnic_table"}},{"type":"Feature","geometry":{"type":"Point","coordinates":[15.771372,50.121914]},"properties":{"OBJECTID":109,"INFO_TAB":"ne","KID":109,"KOS":"ne","KRYTE":"ano","MAJITEL":"ČR","MAPA":"ne","PUMPA":"ne","SAMO_SERVI":"ne","SPRAVCE":"Lesy České republiky, s.p.","STOJAN_KOL":"ne","TYP":"lavice se stolem","VODA":"ne","suggested_tag":"leisure=picnic_table"}},{"type":"Feature","geometry":{"type":"Point","coordinates":[15.770668,50.131883]},"properties":{"OBJECTID":110,"INFO_TAB":"ne","KID":110,"KOS":"ne","KRYTE":"ne","MAJITEL":"ČR","MAPA":"ano","PUMPA":"ne","SAMO_SERVI":"ne","SPRAVCE":"Lesy České republiky, s.p.","STOJAN_KOL":"ne","TYP":"mapa","VODA":"ne","suggested_tag":"tourism=information + information=map"}},{"type":"Feature","geometry":{"type":"Point","coordinates":[15.74244,50.130092]},"properties":{"OBJECTID":111,"INFO_TAB":"ne","KID":111,"KOS":"ano","KRYTE":"ne","MAJITEL":"Obec Podůlšany","MAPA":"ne","PUMPA":"ne","SAMO_SERVI":"ne","SPRAVCE":"Obec Podůlšany","STOJAN_KOL":"ne","TYP":"lavice","VODA":"ne","suggested_tag":"amenity=bench"}},{"type":"Feature","geometry":{"type":"Point","coordinates":[15.739496,50.127864]},"properties":{"OBJECTID":112,"INFO_TAB":"ne","KID":112,"KOS":"ne","KRYTE":"ano","MAJITEL":"Obec Podůlšany","MAPA":"ne","PUMPA":"ne","SAMO_SERVI":"ne","SPRAVCE":"Obec Podůlšany","STOJAN_KOL":"ne","TYP":"lavice se stolem","VODA":"ne","suggested_tag":"leisure=picnic_table"}},{"type":"Feature","geometry":{"type":"Point","coordinates":[15.738851,50.128301]},"properties":{"OBJECTID":113,"INFO_TAB":"ne","KID":113,"KOS":"ano","KRYTE":"ne","MAJITEL":"Obec Podůlšany","MAPA":"ano","PUMPA":"ne","SAMO_SERVI":"ne","SPRAVCE":"Obec Podůlšany","STOJAN_KOL":"ne","TYP":"lavice","VODA":"ne","suggested_tag":"amenity=bench"}},{"type":"Feature","geometry":{"type":"Point","coordinates":[15.705018,50.13047]},"properties":{"OBJECTID":114,"INFO_TAB":"ne","KID":114,"KOS":"ano","KRYTE":"ne","MAJITEL":"Obec Plch","MAPA":"ano","PUMPA":"ne","SAMO_SERVI":"ne","SPRAVCE":"Obec Plch","STOJAN_KOL":"ne","TYP":"mapa","VODA":"ne","suggested_tag":"tourism=information + information=map"}},{"type":"Feature","geometry":{"type":"Point","coordinates":[15.7193,50.123474]},"properties":{"OBJECTID":115,"INFO_TAB":"ne","KID":115,"KOS":"ne","KRYTE":"ano","MAJITEL":"Obec Staré Ždánice","MAPA":"ne","PUMPA":"ne","SAMO_SERVI":"ne","SPRAVCE":"Obec Staré Ždánice","STOJAN_KOL":"ne","TYP":"lavice se stolem","VODA":"ne","suggested_tag":"leisure=picnic_table"}},{"type":"Feature","geometry":{"type":"Point","coordinates":[15.777018,50.132568]},"properties":{"OBJECTID":116,"INFO_TAB":"ne","KID":116,"KOS":"ano","KRYTE":"ne","MAJITEL":"Obec Čeperka","MAPA":"ano","PUMPA":"ne","SAMO_SERVI":"ne","SPRAVCE":"Obec Čeperka","STOJAN_KOL":"ne","TYP":"lavice se stolem","VODA":"ne","suggested_tag":"leisure=picnic_table"}},{"type":"Feature","geometry":{"type":"Point","coordinates":[15.806816,50.09061]},"properties":{"OBJECTID":117,"INFO_TAB":"ano","KID":117,"KOS":"ne","KRYTE":"ne","MAJITEL":"Obec Němčice","MAPA":"ne","PUMPA":"ne","SAMO_SERVI":"ne","SPRAVCE":"Obec Němčice","STOJAN_KOL":"ne","TYP":"informační tabule","VODA":"ano","suggested_tag":"tourism=information + information=board"}},{"type":"Feature","geometry":{"type":"Point","coordinates":[15.802807,50.071777]},"properties":{"OBJECTID":118,"INFO_TAB":"ne","KID":118,"KOS":"ano","KRYTE":"ne","MAJITEL":"Obec Ráby","MAPA":"ano","PUMPA":"ne","SAMO_SERVI":"ne","SPRAVCE":"Obec Ráby","STOJAN_KOL":"ne","TYP":"lavice","VODA":"ne","suggested_tag":"amenity=bench"}},{"type":"Feature","geometry":{"type":"Point","coordinates":[15.822495,50.070617]},"properties":{"OBJECTID":119,"INFO_TAB":"ano","KID":119,"KOS":"ano","KRYTE":"ne","MAJITEL":"Obec Kunětice","MAPA":"ne","PUMPA":"ne","SAMO_SERVI":"ne","SPRAVCE":"Obec Kunětice","STOJAN_KOL":"ne","TYP":"lavice se stolem","VODA":"ne","suggested_tag":"leisure=picnic_table"}},{"type":"Feature","geometry":{"type":"Point","coordinates":[15.833894,50.065346]},"properties":{"OBJECTID":120,"INFO_TAB":"ne","KID":120,"KOS":"ne","KRYTE":"ne","MAJITEL":"Město Sezemice","MAPA":"ano","PUMPA":"ne","SAMO_SERVI":"ne","SPRAVCE":"Město Sezemice","STOJAN_KOL":"ne","TYP":"mapa","VODA":"ne","suggested_tag":"tourism=information + information=map"}},{"type":"Feature","geometry":{"type":"Point","coordinates":[15.836454,50.09078]},"properties":{"OBJECTID":121,"INFO_TAB":"ne","KID":121,"KOS":"ne","KRYTE":"ne","MAJITEL":"Město Sezemice","MAPA":"ano","PUMPA":"ne","SAMO_SERVI":"ne","SPRAVCE":"Město Sezemice","STOJAN_KOL":"ne","TYP":"mapa","VODA":"ne","suggested_tag":"tourism=information + information=map"}},{"type":"Feature","geometry":{"type":"Point","coordinates":[15.858248,50.0995]},"properties":{"OBJECTID":122,"INFO_TAB":"ne","KID":122,"KOS":"ne","KRYTE":"ne","MAJITEL":"Obec Rokytno","MAPA":"ne","PUMPA":"ne","SAMO_SERVI":"ne","SPRAVCE":"Obec Rokytno","STOJAN_KOL":"ne","TYP":"lavice se stolem","VODA":"ne","suggested_tag":"leisure=picnic_table"}},{"type":"Feature","geometry":{"type":"Point","coordinates":[15.855137,50.113993]},"properties":{"OBJECTID":123,"INFO_TAB":"ne","KID":123,"KOS":"ne","KRYTE":"ano","MAJITEL":"Obec Újezd u Sezemic","MAPA":"ano","PUMPA":"ne","SAMO_SERVI":"ne","SPRAVCE":"Obec Újezd u Sezemic","STOJAN_KOL":"ne","TYP":"lavice se stolem","VODA":"ne","suggested_tag":"leisure=picnic_table"}},{"type":"Feature","geometry":{"type":"Point","coordinates":[15.857235,50.130055]},"properties":{"OBJECTID":124,"INFO_TAB":"ne","KID":124,"KOS":"ne","KRYTE":"ne","MAJITEL":"Obec Borek","MAPA":"ano","PUMPA":"ne","SAMO_SERVI":"ne","SPRAVCE":"Obec Borek","STOJAN_KOL":"ne","TYP":"tabule","VODA":"ne"}},{"type":"Feature","geometry":{"type":"Point","coordinates":[15.863487,50.139279]},"properties":{"OBJECTID":125,"INFO_TAB":"ne","KID":125,"KOS":"ne","KRYTE":"ano","MAJITEL":"ČR","MAPA":"ne","PUMPA":"ne","SAMO_SERVI":"ne","SPRAVCE":"Lesy České republiky, s.p.","STOJAN_KOL":"ne","TYP":"lavice se stolem","VODA":"ne","suggested_tag":"leisure=picnic_table"}},{"type":"Feature","geometry":{"type":"Point","coordinates":[15.887214,50.143645]},"properties":{"OBJECTID":126,"INFO_TAB":"ano","KID":126,"KOS":"ne","KRYTE":"ne","MAJITEL":"ČR","MAPA":"ne","PUMPA":"ne","SAMO_SERVI":"ne","SPRAVCE":"Lesy České republiky, s.p.","STOJAN_KOL":"ne","TYP":"lavice","VODA":"ne","suggested_tag":"amenity=bench"}},{"type":"Feature","geometry":{"type":"Point","coordinates":[15.889167,50.043319]},"properties":{"OBJECTID":127,"INFO_TAB":"ne","KID":127,"KOS":"ne","KRYTE":"ne","MAJITEL":"Obec Lány u Dašic","MAPA":"ano","PUMPA":"ne","SAMO_SERVI":"ne","SPRAVCE":"Obec Lány u Dašic","STOJAN_KOL":"ano","TYP":"mapa","VODA":"ne","suggested_tag":"tourism=information + information=map"}},{"type":"Feature","geometry":{"type":"Point","coordinates":[15.94366,50.076046]},"properties":{"OBJECTID":128,"INFO_TAB":"ne","KID":128,"KOS":"ne","KRYTE":"ne","MAJITEL":"Obec Horní Ředice","MAPA":"ano","PUMPA":"ne","SAMO_SERVI":"ne","SPRAVCE":"Obec Horní Ředice","STOJAN_KOL":"ne","TYP":"mapa","VODA":"ne","suggested_tag":"tourism=information + information=map"}},{"type":"Feature","geometry":{"type":"Point","coordinates":[15.921826,50.078797]},"properties":{"OBJECTID":129,"INFO_TAB":"ne","KID":129,"KOS":"ne","KRYTE":"ne","MAJITEL":"Obec Dolní Ředice","MAPA":"ano","PUMPA":"ne","SAMO_SERVI":"ne","SPRAVCE":"Obec Dolní Ředice","STOJAN_KOL":"ne","TYP":"mapa","VODA":"ne","suggested_tag":"tourism=information + information=map"}},{"type":"Feature","geometry":{"type":"Point","coordinates":[15.894772,50.069215]},"properties":{"OBJECTID":130,"INFO_TAB":"ne","KID":130,"KOS":"ano","KRYTE":"ano","MAJITEL":"Obec Časy","MAPA":"ano","PUMPA":"ne","SAMO_SERVI":"ne","SPRAVCE":"Obec Časy","STOJAN_KOL":"ne","TYP":"lavice se stolem","VODA":"ne","suggested_tag":"leisure=picnic_table"}},{"type":"Feature","geometry":{"type":"Point","coordinates":[15.878977,50.082899]},"properties":{"OBJECTID":131,"INFO_TAB":"ne","KID":131,"KOS":"ne","KRYTE":"ano","MAJITEL":"Obec Choteč","MAPA":"ano","PUMPA":"ne","SAMO_SERVI":"ne","SPRAVCE":"Obec Choteč","STOJAN_KOL":"ne","TYP":"lavice se stolem","VODA":"ne","suggested_tag":"leisure=picnic_table"}},{"type":"Feature","geometry":{"type":"Point","coordinates":[15.888286,50.105356]},"properties":{"OBJECTID":132,"INFO_TAB":"ne","KID":132,"KOS":"ne","KRYTE":"ne","MAJITEL":"Obec Rokytno","MAPA":"ano","PUMPA":"ne","SAMO_SERVI":"ne","SPRAVCE":"Obec Rokytno","STOJAN_KOL":"ne","TYP":"mapa","VODA":"ne","suggested_tag":"tourism=information + information=map"}},{"type":"Feature","geometry":{"type":"Point","coordinates":[15.883329,50.12397]},"properties":{"OBJECTID":133,"INFO_TAB":"ne","KID":133,"KOS":"ano","KRYTE":"ne","MAJITEL":"Obec Býšť","MAPA":"ano","PUMPA":"ne","SAMO_SERVI":"ne","SPRAVCE":"Obec Býšť","STOJAN_KOL":"ano","TYP":"lavice se stolem","VODA":"ne","suggested_tag":"leisure=picnic_table"}},{"type":"Feature","geometry":{"type":"Point","coordinates":[15.920496,50.112239]},"properties":{"OBJECTID":134,"INFO_TAB":"ne","KID":134,"KOS":"ne","KRYTE":"ano","MAJITEL":"Obec Chvojenec","MAPA":"ano","PUMPA":"ne","SAMO_SERVI":"ne","SPRAVCE":"Obec Chvojenec","STOJAN_KOL":"ne","TYP":"lavice se stolem","VODA":"ne","suggested_tag":"leisure=picnic_table"}},{"type":"Feature","geometry":{"type":"Point","coordinates":[15.929809,50.110596]},"properties":{"OBJECTID":135,"INFO_TAB":"ne","KID":135,"KOS":"ano","KRYTE":"ano","MAJITEL":"Obec Chvojenec","MAPA":"ano","POZN":"pův. OFO","PUMPA":"ne","SAMO_SERVI":"ne","SPRAVCE":"Obec Chvojenec","STOJAN_KOL":"ano","TYP":"lavice se stolem","VODA":"ne","suggested_tag":"leisure=picnic_table"}},{"type":"Feature","geometry":{"type":"Point","coordinates":[15.978727,50.096832]},"properties":{"OBJECTID":136,"INFO_TAB":"ano","KID":136,"KOS":"ano","KRYTE":"ne","MAJITEL":"Město Dašice [124/767], Město Holice [320/767], Město Týniště nad Orlicí [19/767], OBEC ALBRECHTICE N.O. [22/767], Obec Býšť [38/767], Obec Dolní Roveň [63/767], Obec Dolní Ředice [20/767], Obec Horní Ředice [22/767], Obec Chvojenec [19/","MAPA":"ne","PUMPA":"ne","SAMO_SERVI":"ne","SPRAVCE":"Město Dašice [124/767], Město Holice [320/767], Město Týniště nad Orlicí [19/767], OBEC ALBRECHTICE N.O. [22/767], Obec Býšť [38/767], Obec Dolní Roveň [63/767], Obec Dolní Ředice [20/767], Obec Horní Ředice [22/767], Obec Chvojenec [19/","STOJAN_KOL":"ne","TYP":"lavice","VODA":"ne","suggested_tag":"amenity=bench"}},{"type":"Feature","geometry":{"type":"Point","coordinates":[15.983462,50.100392]},"properties":{"OBJECTID":137,"INFO_TAB":"ano","KID":137,"KOS":"ano","KRYTE":"ne","MAJITEL":"Město Dašice [124/767], Město Holice [320/767], Město Týniště nad Orlicí [19/767], OBEC ALBRECHTICE N.O. [22/767], Obec Býšť [38/767], Obec Dolní Roveň [63/767], Obec Dolní Ředice [20/767], Obec Horní Ředice [22/767], Obec Chvojenec [19/","MAPA":"ne","PUMPA":"ne","SAMO_SERVI":"ne","SPRAVCE":"Město Dašice [124/767], Město Holice [320/767], Město Týniště nad Orlicí [19/767], OBEC ALBRECHTICE N.O. [22/767], Obec Býšť [38/767], Obec Dolní Roveň [63/767], Obec Dolní Ředice [20/767], Obec Horní Ředice [22/767], Obec Chvojenec [19/","STOJAN_KOL":"ne","TYP":"lavice","VODA":"ne","suggested_tag":"amenity=bench"}},{"type":"Feature","geometry":{"type":"Point","coordinates":[15.986435,50.103455]},"properties":{"OBJECTID":138,"INFO_TAB":"ano","KID":138,"KOS":"ano","KRYTE":"ne","MAJITEL":"Lesní družstvo Vysoké Chvojno s.r.o.","MAPA":"ne","PUMPA":"ne","SAMO_SERVI":"ne","SPRAVCE":"nezjištěno","STOJAN_KOL":"ne","TYP":"lavice","VODA":"ne","suggested_tag":"amenity=bench"}},{"type":"Feature","geometry":{"type":"Point","coordinates":[15.991561,50.109984]},"properties":{"OBJECTID":139,"INFO_TAB":"ano","KID":139,"KOS":"ne","KRYTE":"ne","MAJITEL":"Město Dašice [124/767], Město Holice [320/767], Město Týniště nad Orlicí [19/767], OBEC ALBRECHTICE N.O. [22/767], Obec Býšť [38/767], Obec Dolní Roveň [63/767], Obec Dolní Ředice [20/767], Obec Horní Ředice [22/767], Obec Chvojenec [19/","MAPA":"ne","PUMPA":"ne","SAMO_SERVI":"ne","SPRAVCE":"Město Dašice [124/767], Město Holice [320/767], Město Týniště nad Orlicí [19/767], OBEC ALBRECHTICE N.O. [22/767], Obec Býšť [38/767], Obec Dolní Roveň [63/767], Obec Dolní Ředice [20/767], Obec Horní Ředice [22/767], Obec Chvojenec [19/","STOJAN_KOL":"ne","TYP":"informační tabule","VODA":"ne","suggested_tag":"tourism=information + information=board"}},{"type":"Feature","geometry":{"type":"Point","coordinates":[16.006532,50.09248]},"properties":{"OBJECTID":140,"INFO_TAB":"ne","KID":140,"KOS":"ne","KRYTE":"ne","MAJITEL":"Pardubický kraj","MAPA":"ano","PUMPA":"ne","SAMO_SERVI":"ne","SPRAVCE":"nezjištěno","STOJAN_KOL":"ne","TYP":"mapa","VODA":"ne","suggested_tag":"tourism=information + information=map"}},{"type":"Feature","geometry":{"type":"Point","coordinates":[15.970816,50.109902]},"properties":{"OBJECTID":141,"INFO_TAB":"ne","KID":141,"KOS":"ne","KRYTE":"ne","MAJITEL":"Obec Vysoké Chvojno","MAPA":"ano","PUMPA":"ne","SAMO_SERVI":"ne","SPRAVCE":"Obec Vysoké Chvojno","STOJAN_KOL":"ne","TYP":"mapa","VODA":"ne","suggested_tag":"tourism=information + information=map"}},{"type":"Feature","geometry":{"type":"Point","coordinates":[15.920567,50.147652]},"properties":{"OBJECTID":142,"INFO_TAB":"ne","KID":142,"KOS":"ne","KRYTE":"ne","MAJITEL":"Obec Býšť","MAPA":"ano","PUMPA":"ne","SAMO_SERVI":"ne","SPRAVCE":"Obec Býšť","STOJAN_KOL":"ne","TYP":"lavice","VODA":"ne","suggested_tag":"amenity=bench"}},{"type":"Feature","geometry":{"type":"Point","coordinates":[15.925797,50.157898]},"properties":{"OBJECTID":143,"INFO_TAB":"ano","KID":143,"KOS":"ano","KRYTE":"ne","MAJITEL":"Statutární město Hradec Králové","MAPA":"ne","PUMPA":"ne","SAMO_SERVI":"ne","SPRAVCE":"Statutární město Hradec Králové","STOJAN_KOL":"ne","TYP":"lavice se stolem","VODA":"ne","suggested_tag":"leisure=picnic_table"}},{"type":"Feature","geometry":{"type":"Point","coordinates":[15.923915,50.161925]},"properties":{"OBJECTID":144,"INFO_TAB":"ano","KID":144,"KOS":"ne","KRYTE":"ne","MAJITEL":"Statutární město Hradec Králové","MAPA":"ne","PUMPA":"ne","SAMO_SERVI":"ne","SPRAVCE":"Statutární město Hradec Králové","STOJAN_KOL":"ne","TYP":"informační tabule","VODA":"ne","suggested_tag":"tourism=information + information=board"}},{"type":"Feature","geometry":{"type":"Point","coordinates":[15.924955,50.164091]},"properties":{"OBJECTID":145,"INFO_TAB":"ano","KID":145,"KOS":"ne","KRYTE":"ne","MAJITEL":"Statutární město Hradec Králové","MAPA":"ne","PUMPA":"ne","SAMO_SERVI":"ne","SPRAVCE":"Statutární město Hradec Králové","STOJAN_KOL":"ne","TYP":"informační tabule","VODA":"ne","suggested_tag":"tourism=information + information=board"}},{"type":"Feature","geometry":{"type":"Point","coordinates":[15.925443,50.165428]},"properties":{"OBJECTID":146,"INFO_TAB":"ano","KID":146,"KOS":"ne","KRYTE":"ne","MAJITEL":"Statutární město Hradec Králové","MAPA":"ne","PUMPA":"ne","SAMO_SERVI":"ne","SPRAVCE":"Statutární město Hradec Králové","STOJAN_KOL":"ne","TYP":"informační tabule","VODA":"ne","suggested_tag":"tourism=information + information=board"}},{"type":"Feature","geometry":{"type":"Point","coordinates":[15.925979,50.167868]},"properties":{"OBJECTID":147,"INFO_TAB":"ano","KID":147,"KOS":"ne","KRYTE":"ne","MAJITEL":"Statutární město Hradec Králové","MAPA":"ne","PUMPA":"ne","SAMO_SERVI":"ne","SPRAVCE":"Statutární město Hradec Králové","STOJAN_KOL":"ne","TYP":"informační tabule","VODA":"ne","suggested_tag":"tourism=information + information=board"}},{"type":"Feature","geometry":{"type":"Point","coordinates":[15.926037,50.168489]},"properties":{"OBJECTID":148,"INFO_TAB":"ano","KID":148,"KOS":"ne","KRYTE":"ne","MAJITEL":"Statutární město Hradec Králové","MAPA":"ne","PUMPA":"ne","SAMO_SERVI":"ne","SPRAVCE":"Statutární město Hradec Králové","STOJAN_KOL":"ano","TYP":"lavice se stolem","VODA":"ne","suggested_tag":"leisure=picnic_table"}},{"type":"Feature","geometry":{"type":"Point","coordinates":[15.939798,50.161023]},"properties":{"OBJECTID":149,"INFO_TAB":"ano","KID":149,"KOS":"ne","KRYTE":"ne","MAJITEL":"Statutární město Hradec Králové","MAPA":"ne","PUMPA":"ne","SAMO_SERVI":"ne","SPRAVCE":"Statutární město Hradec Králové","STOJAN_KOL":"ne","TYP":"informační tabule","VODA":"ne","suggested_tag":"tourism=information + information=board"}},{"type":"Feature","geometry":{"type":"Point","coordinates":[15.941302,50.160245]},"properties":{"OBJECTID":150,"INFO_TAB":"ano","KID":150,"KOS":"ne","KRYTE":"ano","MAJITEL":"Obec Býšť","MAPA":"ne","PUMPA":"ne","SAMO_SERVI":"ne","SPRAVCE":"Obec Býšť","STOJAN_KOL":"ne","TYP":"lavice se stolem","VODA":"ne","suggested_tag":"leisure=picnic_table"}},{"type":"Feature","geometry":{"type":"Point","coordinates":[15.95273,50.153223]},"properties":{"OBJECTID":151,"INFO_TAB":"ne","KID":151,"KOS":"ne","KRYTE":"ne","MAJITEL":"Obec Býšť","MAPA":"ano","PUMPA":"ne","SAMO_SERVI":"ne","SPRAVCE":"Obec Býšť","STOJAN_KOL":"ne","TYP":"mapa","VODA":"ne","suggested_tag":"tourism=information + information=map"}},{"type":"Feature","geometry":{"type":"Point","coordinates":[16.015143,50.103962]},"properties":{"OBJECTID":152,"INFO_TAB":"ano","KID":152,"KOS":"ne","KRYTE":"ne","MAJITEL":"Město Dašice [124/767], Město Holice [320/767], Město Týniště nad Orlicí [19/767], OBEC ALBRECHTICE N.O. [22/767], Obec Býšť [38/767], Obec Dolní Roveň [63/767], Obec Dolní Ředice [20/767], Obec Horní Ředice [22/767], Obec Chvojenec [19/","MAPA":"ne","PUMPA":"ne","SAMO_SERVI":"ne","SPRAVCE":"Město Dašice [124/767], Město Holice [320/767], Město Týniště nad Orlicí [19/767], OBEC ALBRECHTICE N.O. [22/767], Obec Býšť [38/767], Obec Dolní Roveň [63/767], Obec Dolní Ředice [20/767], Obec Horní Ředice [22/767], Obec Chvojenec [19/","STOJAN_KOL":"ne","TYP":"informační tabule","VODA":"ne","suggested_tag":"tourism=information + information=board"}},{"type":"Feature","geometry":{"type":"Point","coordinates":[16.053268,50.071722]},"properties":{"OBJECTID":153,"INFO_TAB":"ne","KID":153,"KOS":"ano","KRYTE":"ano","MAJITEL":"Obec Veliny","MAPA":"ano","PUMPA":"ne","SAMO_SERVI":"ne","SPRAVCE":"Obec Veliny","STOJAN_KOL":"ano","TYP":"lavice se stolem","VODA":"ne","suggested_tag":"leisure=picnic_table"}},{"type":"Feature","geometry":{"type":"Point","coordinates":[16.05429,50.070764]},"properties":{"OBJECTID":154,"INFO_TAB":"ne","KID":154,"KOS":"ne","KRYTE":"ne","MAJITEL":"Obec Veliny","MAPA":"ano","PUMPA":"ne","SAMO_SERVI":"ne","SPRAVCE":"Obec Veliny","STOJAN_KOL":"ne","TYP":"mapa","VODA":"ne","suggested_tag":"tourism=information + information=map"}},{"type":"Feature","geometry":{"type":"Point","coordinates":[16.068189,50.080678]},"properties":{"OBJECTID":155,"INFO_TAB":"ne","KID":155,"KOS":"ne","KRYTE":"ne","MAJITEL":"Obec Veliny","MAPA":"ne","PUMPA":"ne","SAMO_SERVI":"ne","SPRAVCE":"Obec Veliny","STOJAN_KOL":"ne","TYP":"lavice","VODA":"ne","suggested_tag":"amenity=bench"}},{"type":"Feature","geometry":{"type":"Point","coordinates":[16.066821,50.083668]},"properties":{"OBJECTID":156,"INFO_TAB":"ano","KID":156,"KOS":"ano","KRYTE":"ano","MAJITEL":"Obec Veliny","MAPA":"ano","PUMPA":"ne","SAMO_SERVI":"ne","SPRAVCE":"Obec Veliny","STOJAN_KOL":"ne","TYP":"lavice se stolem","VODA":"ne","suggested_tag":"leisure=picnic_table"}},{"type":"Feature","geometry":{"type":"Point","coordinates":[16.072977,50.088855]},"properties":{"OBJECTID":157,"INFO_TAB":"ne","KID":157,"KOS":"ano","KRYTE":"ano","MAJITEL":"Obec Veliny","MAPA":"ano","PUMPA":"ne","SAMO_SERVI":"ne","SPRAVCE":"Obec Veliny","STOJAN_KOL":"ano","TYP":"lavice","VODA":"ne","suggested_tag":"amenity=bench"}},{"type":"Feature","geometry":{"type":"Point","coordinates":[16.099019,50.048359]},"properties":{"OBJECTID":158,"INFO_TAB":"ano","KID":158,"KOS":"ano","KRYTE":"ano","MAJITEL":"Město Horní Jelení","MAPA":"ne","PUMPA":"ne","SAMO_SERVI":"ne","SPRAVCE":"Město Horní Jelení","STOJAN_KOL":"ne","TYP":"lavice se stolem","VODA":"ne","suggested_tag":"leisure=picnic_table"}},{"type":"Feature","geometry":{"type":"Point","coordinates":[16.183191,50.045638]},"properties":{"OBJECTID":159,"INFO_TAB":"ne","KID":159,"KOS":"ne","KRYTE":"ne","MAJITEL":"Obec Plchovice","MAPA":"ne","PUMPA":"ne","SAMO_SERVI":"ne","SPRAVCE":"Obec Plchovice","STOJAN_KOL":"ano","TYP":"lavice","VODA":"ne","suggested_tag":"amenity=bench"}},{"type":"Feature","geometry":{"type":"Point","coordinates":[16.07774,50.012392]},"properties":{"OBJECTID":160,"INFO_TAB":"ne","KID":160,"KOS":"ne","KRYTE":"ne","MAJITEL":"Obec Jaroslav","MAPA":"ano","PUMPA":"ne","SAMO_SERVI":"ne","SPRAVCE":"Obec Jaroslav","STOJAN_KOL":"ne","TYP":"mapa","VODA":"ne","suggested_tag":"tourism=information + information=map"}},{"type":"Feature","geometry":{"type":"Point","coordinates":[16.073417,49.988267]},"properties":{"OBJECTID":161,"INFO_TAB":"ne","KID":161,"KOS":"ne","KRYTE":"ne","MAJITEL":"Obec Radhošť","MAPA":"ne","PUMPA":"ne","SAMO_SERVI":"ne","SPRAVCE":"Obec Radhošť","STOJAN_KOL":"ne","TYP":"lavice se stolem","VODA":"ne","suggested_tag":"leisure=picnic_table"}},{"type":"Feature","geometry":{"type":"Point","coordinates":[16.044073,49.9999]},"properties":{"OBJECTID":162,"INFO_TAB":"ne","KID":162,"KOS":"ano","KRYTE":"ne","MAJITEL":"Obec Trusnov","MAPA":"ne","PUMPA":"ne","SAMO_SERVI":"ne","SPRAVCE":"Obec Trusnov","STOJAN_KOL":"ano","TYP":"lavice se stolem","VODA":"ne","suggested_tag":"leisure=picnic_table"}},{"type":"Feature","geometry":{"type":"Point","coordinates":[16.01917,49.993336]},"properties":{"OBJECTID":163,"INFO_TAB":"ne","KID":163,"KOS":"ne","KRYTE":"ne","MAJITEL":"Obec Uhersko","MAPA":"ano","POZN":"pův. OFO","PUMPA":"ne","SAMO_SERVI":"ne","SPRAVCE":"Obec Uhersko","STOJAN_KOL":"ne","TYP":"mapa","VODA":"ne","suggested_tag":"tourism=information + information=map"}},{"type":"Feature","geometry":{"type":"Point","coordinates":[16.03132,49.929502]},"properties":{"OBJECTID":164,"INFO_TAB":"ne","KID":164,"KOS":"ne","KRYTE":"ne","MAJITEL":"Obec Jenišovice","MAPA":"ano","PUMPA":"ne","SAMO_SERVI":"ne","SPRAVCE":"Obec Jenišovice","STOJAN_KOL":"ne","TYP":"lavice","VODA":"ne","suggested_tag":"amenity=bench"}},{"type":"Feature","geometry":{"type":"Point","coordinates":[15.984775,49.998735]},"properties":{"OBJECTID":165,"INFO_TAB":"ano","KID":165,"KOS":"ano","KRYTE":"ano","MAJITEL":"Obec Moravany","MAPA":"ano","PUMPA":"ne","SAMO_SERVI":"ne","SPRAVCE":"Obec Moravany","STOJAN_KOL":"ano","TYP":"lavice se stolem","VODA":"ne","suggested_tag":"leisure=picnic_table"}},{"type":"Feature","geometry":{"type":"Point","coordinates":[15.983683,49.999915]},"properties":{"OBJECTID":166,"INFO_TAB":"ano","KID":166,"KOS":"ne","KRYTE":"ne","MAJITEL":"Obec Moravany","MAPA":"ne","PUMPA":"ne","SAMO_SERVI":"ne","SPRAVCE":"Obec Moravany","STOJAN_KOL":"ne","TYP":"informační tabule","VODA":"ne","suggested_tag":"tourism=information + information=board"}},{"type":"Feature","geometry":{"type":"Point","coordinates":[15.989987,50.022307]},"properties":{"OBJECTID":167,"INFO_TAB":"ne","KID":167,"KOS":"ano","KRYTE":"ano","MAJITEL":"Obec Dolní Roveň","MAPA":"ano","PUMPA":"ne","SAMO_SERVI":"ne","SPRAVCE":"Obec Dolní Roveň","STOJAN_KOL":"ano","TYP":"lavice se stolem","VODA":"ne","suggested_tag":"leisure=picnic_table"}},{"type":"Feature","geometry":{"type":"Point","coordinates":[15.967977,50.029623]},"properties":{"OBJECTID":168,"INFO_TAB":"ne","KID":168,"KOS":"ne","KRYTE":"ne","MAJITEL":"Obec Dolní Roveň","MAPA":"ano","PUMPA":"ne","SAMO_SERVI":"ne","SPRAVCE":"Obec Dolní Roveň","STOJAN_KOL":"ne","TYP":"mapa","VODA":"ne","suggested_tag":"tourism=information + information=map"}},{"type":"Feature","geometry":{"type":"Point","coordinates":[15.962837,49.994151]},"properties":{"OBJECTID":169,"INFO_TAB":"ne","KID":169,"KOS":"ano","KRYTE":"ano","MAJITEL":"Obec Slepotice","MAPA":"ano","PUMPA":"ne","SAMO_SERVI":"ne","SPRAVCE":"Obec Slepotice","STOJAN_KOL":"ne","TYP":"lavice se stolem","VODA":"ne","suggested_tag":"leisure=picnic_table"}},{"type":"Feature","geometry":{"type":"Point","coordinates":[15.96165,49.992699]},"properties":{"OBJECTID":170,"INFO_TAB":"ne","KID":170,"KOS":"ano","KRYTE":"ne","MAJITEL":"Obec Slepotice","MAPA":"ano","PUMPA":"ne","SAMO_SERVI":"ne","SPRAVCE":"Obec Slepotice","STOJAN_KOL":"ne","TYP":"lavice","VODA":"ne","suggested_tag":"amenity=bench"}},{"type":"Feature","geometry":{"type":"Point","coordinates":[15.942398,49.998665]},"properties":{"OBJECTID":171,"INFO_TAB":"ne","KID":171,"KOS":"ano","KRYTE":"ano","MAJITEL":"Obec Moravany","MAPA":"ne","PUMPA":"ne","SAMO_SERVI":"ne","SPRAVCE":"Obec Moravany","STOJAN_KOL":"ne","TYP":"lavice se stolem","VODA":"ne","suggested_tag":"leisure=picnic_table"}},{"type":"Feature","geometry":{"type":"Point","coordinates":[15.903365,50.009249]},"properties":{"OBJECTID":172,"INFO_TAB":"ne","KID":172,"KOS":"ano","KRYTE":"ano","MAJITEL":"Obec Kostěnice","MAPA":"ano","PUMPA":"ne","SAMO_SERVI":"ne","SPRAVCE":"Obec Kostěnice","STOJAN_KOL":"ne","TYP":"lavice se stolem","VODA":"ne","suggested_tag":"leisure=picnic_table"}},{"type":"Feature","geometry":{"type":"Point","coordinates":[15.990995,49.955502]},"properties":{"OBJECTID":173,"INFO_TAB":"ne","KID":173,"KOS":"ano","KRYTE":"ne","MAJITEL":"Městys Chroustovice","MAPA":"ano","PUMPA":"ne","SAMO_SERVI":"ne","SPRAVCE":"Městys Chroustovice","STOJAN_KOL":"ne","TYP":"lavice","VODA":"ne","suggested_tag":"amenity=bench"}},{"type":"Feature","geometry":{"type":"Point","coordinates":[15.965402,49.935597]},"properties":{"OBJECTID":174,"INFO_TAB":"ne","KID":174,"KOS":"ne","KRYTE":"ne","MAJITEL":"Obec Rosice","MAPA":"ano","PUMPA":"ne","SAMO_SERVI":"ne","SPRAVCE":"Obec Rosice","STOJAN_KOL":"ne","TYP":"mapa","VODA":"ne","suggested_tag":"tourism=information + information=map"}},{"type":"Feature","geometry":{"type":"Point","coordinates":[15.951034,49.953919]},"properties":{"OBJECTID":175,"INFO_TAB":"ne","KID":175,"KOS":"ne","KRYTE":"ne","MAJITEL":"Město Hrochův Týnec","MAPA":"ne","PUMPA":"ne","SAMO_SERVI":"ne","SPRAVCE":"Město Hrochův Týnec","STOJAN_KOL":"ne","TYP":"lavice","VODA":"ne","suggested_tag":"amenity=bench"}},{"type":"Feature","geometry":{"type":"Point","coordinates":[15.950823,49.953968]},"properties":{"OBJECTID":176,"INFO_TAB":"ne","KID":176,"KOS":"ano","KRYTE":"ano","MAJITEL":"Pardubický kraj","MAPA":"ano","PUMPA":"ne","SAMO_SERVI":"ne","SPRAVCE":"nezjištěno","STOJAN_KOL":"ne","TYP":"autobusová zastávka (mapa)","VODA":"ne"}},{"type":"Feature","geometry":{"type":"Point","coordinates":[15.891631,49.977575]},"properties":{"OBJECTID":177,"INFO_TAB":"ne","KID":177,"KOS":"tříděný","KRYTE":"ano","MAJITEL":"Obec Dvakačovice","MAPA":"ano","POZN":"popelnice","PUMPA":"ne","SAMO_SERVI":"ne","SPRAVCE":"Obec Dvakačovice","STOJAN_KOL":"ne","TYP":"lavice se stolem","VODA":"ne","suggested_tag":"leisure=picnic_table"}},{"type":"Feature","geometry":{"type":"Point","coordinates":[15.874122,49.989626]},"properties":{"OBJECTID":178,"INFO_TAB":"ne","KID":178,"KOS":"tříděný","KRYTE":"ano","MAJITEL":"Obec Úhřetická Lhota","MAPA":"ano","POZN":"popelnice, pův. OFO","PUMPA":"ne","SAMO_SERVI":"ne","SPRAVCE":"Obec Úhřetická Lhota","STOJAN_KOL":"ne","TYP":"lavice se stolem","VODA":"ne","suggested_tag":"leisure=picnic_table"}},{"type":"Feature","geometry":{"type":"Point","coordinates":[15.867238,50.002587]},"properties":{"OBJECTID":179,"INFO_TAB":"ne","KID":179,"KOS":"ne","KRYTE":"ne","MAJITEL":"Statutární město Pardubice","MAPA":"ano","PUMPA":"ne","SAMO_SERVI":"ne","SPRAVCE":"Statutární město Pardubice","STOJAN_KOL":"ne","TYP":"mapa","VODA":"ne","suggested_tag":"tourism=information + information=map"}},{"type":"Feature","geometry":{"type":"Point","coordinates":[15.86194,50.004113]},"properties":{"OBJECTID":180,"INFO_TAB":"ano","KID":180,"KOS":"ne","KRYTE":"ne","MAJITEL":"Statutární město Pardubice","MAPA":"ne","PUMPA":"ne","SAMO_SERVI":"ne","SPRAVCE":"Statutární město Pardubice","STOJAN_KOL":"ne","TYP":"informační tabule","VODA":"ne","suggested_tag":"tourism=information + information=board"}},{"type":"Feature","geometry":{"type":"Point","coordinates":[15.860008,50.005031]},"properties":{"OBJECTID":181,"INFO_TAB":"ne","KID":181,"KOS":"ne","KRYTE":"ne","MAJITEL":"Statutární město Pardubice","MAPA":"ne","PUMPA":"ne","SAMO_SERVI":"ne","SPRAVCE":"Statutární město Pardubice","STOJAN_KOL":"ne","TYP":"lavice","VODA":"ne","suggested_tag":"amenity=bench"}},{"type":"Feature","geometry":{"type":"Point","coordinates":[15.859167,50.005308]},"properties":{"OBJECTID":182,"INFO_TAB":"ne","KID":182,"KOS":"ne","KRYTE":"ne","MAJITEL":"Statutární město Pardubice","MAPA":"ne","PUMPA":"ne","SAMO_SERVI":"ne","SPRAVCE":"Statutární město Pardubice","STOJAN_KOL":"ne","TYP":"lavice","VODA":"ne","suggested_tag":"amenity=bench"}},{"type":"Feature","geometry":{"type":"Point","coordinates":[15.858767,50.005651]},"properties":{"OBJECTID":183,"INFO_TAB":"ne","KID":183,"KOS":"ano","KRYTE":"ano","MAJITEL":"Statutární město Pardubice","MAPA":"ne","PUMPA":"ne","SAMO_SERVI":"ne","SPRAVCE":"Statutární město Pardubice","STOJAN_KOL":"ne","TYP":"lavice se stolem","VODA":"ne","suggested_tag":"leisure=picnic_table"}},{"type":"Feature","geometry":{"type":"Point","coordinates":[15.844587,49.977918]},"properties":{"OBJECTID":184,"INFO_TAB":"ne","KID":184,"KOS":"ano","KRYTE":"ano","MAJITEL":"Obec Tuněchody","MAPA":"ano","PUMPA":"ne","SAMO_SERVI":"ne","SPRAVCE":"Obec Tuněchody","STOJAN_KOL":"ne","TYP":"lavice se stolem","VODA":"ne","suggested_tag":"leisure=picnic_table"}},{"type":"Feature","geometry":{"type":"Point","coordinates":[15.84,49.959807]},"properties":{"OBJECTID":185,"INFO_TAB":"ne","KID":185,"KOS":"ne","KRYTE":"ne","MAJITEL":"Město Chrudim","MAPA":"ano","PUMPA":"ne","SAMO_SERVI":"ne","SPRAVCE":"Město Chrudim","STOJAN_KOL":"ne","TYP":"mapa","VODA":"ne","suggested_tag":"tourism=information + information=map"}},{"type":"Feature","geometry":{"type":"Point","coordinates":[15.84039,49.959933]},"properties":{"OBJECTID":186,"INFO_TAB":"ne","KID":186,"KOS":"ne","KRYTE":"ne","MAJITEL":"Město Chrudim","MAPA":"ne","PUMPA":"ne","SAMO_SERVI":"ne","SPRAVCE":"Město Chrudim","STOJAN_KOL":"ne","TYP":"lavice","VODA":"ne","suggested_tag":"amenity=bench"}},{"type":"Feature","geometry":{"type":"Point","coordinates":[15.85491,49.946869]},"properties":{"OBJECTID":187,"INFO_TAB":"ne","KID":187,"KOS":"ano","KRYTE":"ano","MAJITEL":"Obec Kočí","MAPA":"ano","PUMPA":"ne","SAMO_SERVI":"ne","SPRAVCE":"Obec Kočí","STOJAN_KOL":"ano","TYP":"autobusová zastávka (mapa)","VODA":"ne"}},{"type":"Feature","geometry":{"type":"Point","coordinates":[15.855436,49.947801]},"properties":{"OBJECTID":188,"INFO_TAB":"ne","KID":188,"KOS":"ano","KRYTE":"ne","MAJITEL":"Obec Kočí","MAPA":"ano","PUMPA":"ne","SAMO_SERVI":"ne","SPRAVCE":"Obec Kočí","STOJAN_KOL":"ne","TYP":"mapa","VODA":"ne","suggested_tag":"tourism=information + information=map"}},{"type":"Feature","geometry":{"type":"Point","coordinates":[15.881464,49.95693]},"properties":{"OBJECTID":189,"INFO_TAB":"ne","KID":189,"KOS":"ne","KRYTE":"ne","MAJITEL":"Obec Dolní Bezděkov","MAPA":"ano","PUMPA":"ne","SAMO_SERVI":"ne","SPRAVCE":"Obec Dolní Bezděkov","STOJAN_KOL":"ano","TYP":"lavice","VODA":"ne","suggested_tag":"amenity=bench"}},{"type":"Feature","geometry":{"type":"Point","coordinates":[15.920045,49.933178]},"properties":{"OBJECTID":190,"INFO_TAB":"ne","KID":190,"KOS":"ano","KRYTE":"ano","MAJITEL":"Obec Trojovice","MAPA":"ano","PUMPA":"ne","SAMO_SERVI":"ne","SPRAVCE":"Obec Trojovice","STOJAN_KOL":"ne","TYP":"autobusová zastávka (mapa)","VODA":"ne"}},{"type":"Feature","geometry":{"type":"Point","coordinates":[15.91979,49.932796]},"properties":{"OBJECTID":191,"INFO_TAB":"ne","KID":191,"KOS":"ne","KRYTE":"ne","MAJITEL":"Obec Trojovice","MAPA":"ano","PUMPA":"ne","SAMO_SERVI":"ne","SPRAVCE":"Obec Trojovice","STOJAN_KOL":"ano","TYP":"lavice","VODA":"ne","suggested_tag":"amenity=bench"}},{"type":"Feature","geometry":{"type":"Point","coordinates":[15.947033,49.922839]},"properties":{"OBJECTID":192,"INFO_TAB":"ne","KID":192,"KOS":"ano","KRYTE":"ne","MAJITEL":"Obec Rosice","MAPA":"ano","PUMPA":"ne","SAMO_SERVI":"ne","SPRAVCE":"Obec Rosice","STOJAN_KOL":"ne","TYP":"mapa","VODA":"ne","suggested_tag":"tourism=information + information=map"}},{"type":"Feature","geometry":{"type":"Point","coordinates":[15.947367,49.922859]},"properties":{"OBJECTID":193,"INFO_TAB":"ne","KID":193,"KOS":"ano","KRYTE":"ano","MAJITEL":"Obec Rosice","MAPA":"ano","PUMPA":"ne","SAMO_SERVI":"ne","SPRAVCE":"Obec Rosice","STOJAN_KOL":"ne","TYP":"mapa","VODA":"ne","suggested_tag":"tourism=information + information=map"}},{"type":"Feature","geometry":{"type":"Point","coordinates":[15.99416,49.927347]},"properties":{"OBJECTID":194,"INFO_TAB":"ne","KID":194,"KOS":"ne","KRYTE":"ne","MAJITEL":"Obec Rosice","MAPA":"ne","PUMPA":"ne","SAMO_SERVI":"ne","SPRAVCE":"Obec Rosice","STOJAN_KOL":"ne","TYP":"lavice","VODA":"ne","suggested_tag":"amenity=bench"}},{"type":"Feature","geometry":{"type":"Point","coordinates":[16.01984,49.917289]},"properties":{"OBJECTID":195,"INFO_TAB":"ano","KID":195,"KOS":"ne","KRYTE":"ne","MAJITEL":"Obec Lozice","MAPA":"ne","PUMPA":"ne","SAMO_SERVI":"ne","SPRAVCE":"Obec Lozice","STOJAN_KOL":"ne","TYP":"informační tabule","VODA":"ne","suggested_tag":"tourism=information + information=board"}},{"type":"Feature","geometry":{"type":"Point","coordinates":[16.022812,49.915543]},"properties":{"OBJECTID":196,"INFO_TAB":"ne","KID":196,"KOS":"ano","KRYTE":"ano","MAJITEL":"Obec Lozice","MAPA":"ano","PUMPA":"ne","SAMO_SERVI":"ne","SPRAVCE":"Obec Lozice","STOJAN_KOL":"ne","TYP":"lavice se stolem","VODA":"ne","suggested_tag":"leisure=picnic_table"}},{"type":"Feature","geometry":{"type":"Point","coordinates":[15.93629,49.901338]},"properties":{"OBJECTID":197,"INFO_TAB":"ne","KID":197,"KOS":"ne","KRYTE":"ne","MAJITEL":"Město Chrast","MAPA":"ano","PUMPA":"ne","SAMO_SERVI":"ne","SPRAVCE":"Město Chrast","STOJAN_KOL":"ne","TYP":"mapa","VODA":"ne","suggested_tag":"tourism=information + information=map"}},{"type":"Feature","geometry":{"type":"Point","coordinates":[15.940159,49.898526]},"properties":{"OBJECTID":198,"INFO_TAB":"ano","KID":198,"KOS":"ano","KRYTE":"ne","MAJITEL":"Město Chrast","MAPA":"ne","PUMPA":"ne","SAMO_SERVI":"ne","SPRAVCE":"Město Chrast","STOJAN_KOL":"ne","TYP":"informační tabule","VODA":"ne","suggested_tag":"tourism=information + information=board"}},{"type":"Feature","geometry":{"type":"Point","coordinates":[15.944644,49.890754]},"properties":{"OBJECTID":199,"INFO_TAB":"ano","KID":199,"KOS":"ano","KRYTE":"ano","MAJITEL":"Biskupství královéhradecké","MAPA":"ne","PUMPA":"ne","SAMO_SERVI":"ne","SPRAVCE":"nezjištěno","STOJAN_KOL":"ne","TYP":"lavice","VODA":"ne","suggested_tag":"amenity=bench"}},{"type":"Feature","geometry":{"type":"Point","coordinates":[15.94895,49.868535]},"properties":{"OBJECTID":200,"INFO_TAB":"ano","KID":200,"KOS":"tříděný","KRYTE":"ano","MAJITEL":"Město Chrast","MAPA":"ne","POZN":"popelnice","PUMPA":"ne","SAMO_SERVI":"ne","SPRAVCE":"Město Chrast","STOJAN_KOL":"ne","TYP":"lavice se stolem","VODA":"ne","suggested_tag":"leisure=picnic_table"}},{"type":"Feature","geometry":{"type":"Point","coordinates":[15.940835,49.856899]},"properties":{"OBJECTID":201,"INFO_TAB":"ano","KID":201,"KOS":"ano","KRYTE":"ano","MAJITEL":"Obec Vrbatův Kostelec","MAPA":"ne","PUMPA":"ne","SAMO_SERVI":"ne","SPRAVCE":"Obec Vrbatův Kostelec","STOJAN_KOL":"ne","TYP":"lavice se stolem","VODA":"ne","suggested_tag":"leisure=picnic_table"}},{"type":"Feature","geometry":{"type":"Point","coordinates":[16.000236,49.845157]},"properties":{"OBJECTID":202,"INFO_TAB":"ano","KID":202,"KOS":"ne","KRYTE":"ne","MAJITEL":"Město Skuteč","MAPA":"ne","PUMPA":"ne","SAMO_SERVI":"ne","SPRAVCE":"Město Skuteč","STOJAN_KOL":"ne","TYP":"lavice","VODA":"ano","suggested_tag":"amenity=bench"}},{"type":"Feature","geometry":{"type":"Point","coordinates":[16.020583,49.853833]},"properties":{"OBJECTID":203,"INFO_TAB":"ne","KID":203,"KOS":"ne","KRYTE":"ne","MAJITEL":"Pardubický kraj","MAPA":"ne","PUMPA":"ne","SAMO_SERVI":"ne","SPRAVCE":"nezjištěno","STOJAN_KOL":"ne","TYP":"lavice se stolem","VODA":"ne","suggested_tag":"leisure=picnic_table"}},{"type":"Feature","geometry":{"type":"Point","coordinates":[16.052617,49.931976]},"properties":{"OBJECTID":204,"INFO_TAB":"ne","KID":204,"KOS":"ne","KRYTE":"ne","MAJITEL":"Obec Jenišovice","MAPA":"ano","PUMPA":"ne","SAMO_SERVI":"ne","SPRAVCE":"Obec Jenišovice","STOJAN_KOL":"ne","TYP":"mapa","VODA":"ne","suggested_tag":"tourism=information + information=map"}},{"type":"Feature","geometry":{"type":"Point","coordinates":[16.083733,49.898942]},"properties":{"OBJECTID":205,"INFO_TAB":"ne","KID":205,"KOS":"ano","KRYTE":"ano","MAJITEL":"Obec Řepníky","MAPA":"ne","PUMPA":"ne","SAMO_SERVI":"ne","SPRAVCE":"Obec Řepníky","STOJAN_KOL":"ne","TYP":"lavice se stolem","VODA":"ne","suggested_tag":"leisure=picnic_table"}},{"type":"Feature","geometry":{"type":"Point","coordinates":[16.073654,49.894375]},"properties":{"OBJECTID":206,"INFO_TAB":"ne","KID":206,"KOS":"tříděný","KRYTE":"ano","MAJITEL":"Obec Řepníky","MAPA":"ne","POZN":"popelnice","PUMPA":"ne","SAMO_SERVI":"ne","SPRAVCE":"Obec Řepníky","STOJAN_KOL":"ne","TYP":"lavice se stolem","VODA":"ne","suggested_tag":"leisure=picnic_table"}},{"type":"Feature","geometry":{"type":"Point","coordinates":[16.069498,49.892141]},"properties":{"OBJECTID":207,"INFO_TAB":"ne","KID":207,"KOS":"ano","KRYTE":"ne","MAJITEL":"Obec Střemošice","MAPA":"ano","PUMPA":"ne","SAMO_SERVI":"ne","SPRAVCE":"Obec Střemošice","STOJAN_KOL":"ne","TYP":"lavice se stolem","VODA":"ne","suggested_tag":"leisure=picnic_table"}},{"type":"Feature","geometry":{"type":"Point","coordinates":[16.046568,49.883828]},"properties":{"OBJECTID":208,"INFO_TAB":"ano","KID":208,"KOS":"ano","KRYTE":"ano","MAJITEL":"Město Luže","MAPA":"ne","PUMPA":"ne","SAMO_SERVI":"ne","SPRAVCE":"Město Luže","STOJAN_KOL":"ne","TYP":"lavice se stolem","VODA":"ne","suggested_tag":"leisure=picnic_table"}},{"type":"Feature","geometry":{"type":"Point","coordinates":[15.926117,50.157857]},"properties":{"OBJECTID":209,"INFO_TAB":"ano","KID":209,"KOS":"ne","KRYTE":"ne","MAJITEL":"Statutární město Hradec Králové","MAPA":"ne","PUMPA":"ne","SAMO_SERVI":"ne","SPRAVCE":"Statutární město Hradec Králové","STOJAN_KOL":"ne","TYP":"informační tabule","VODA":"ne","suggested_tag":"tourism=information + information=board"}},{"type":"Feature","geometry":{"type":"Point","coordinates":[15.546852,49.950877]},"properties":{"OBJECTID":210,"INFO_TAB":"ne","KID":210,"KOS":"ne","KRYTE":"ne","MAJITEL":"Obec Turkovice","MAPA":"ne","PUMPA":"ne","SAMO_SERVI":"ne","SPRAVCE":"Obec Turkovice","STOJAN_KOL":"ne","TYP":"lavice se stolem","VODA":"ne","suggested_tag":"leisure=picnic_table"}},{"type":"Feature","geometry":{"type":"Point","coordinates":[15.55019,49.942773]},"properties":{"OBJECTID":211,"INFO_TAB":"ne","KID":211,"KOS":"ne","KRYTE":"ne","MAJITEL":"Pardubický kraj","MAPA":"ano","PUMPA":"ne","SAMO_SERVI":"ne","SPRAVCE":"nezjištěno","STOJAN_KOL":"ne","TYP":"mapa","VODA":"ne","suggested_tag":"tourism=information + information=map"}},{"type":"Feature","geometry":{"type":"Point","coordinates":[15.564102,49.931742]},"properties":{"OBJECTID":212,"INFO_TAB":"ano","KID":212,"KOS":"ne","KRYTE":"ne","MAJITEL":"Pardubický kraj","MAPA":"ne","PUMPA":"ne","SAMO_SERVI":"ne","SPRAVCE":"nezjištěno","STOJAN_KOL":"ne","TYP":"lavice se stolem","VODA":"ne","suggested_tag":"leisure=picnic_table"}},{"type":"Feature","geometry":{"type":"Point","coordinates":[15.574823,49.93496]},"properties":{"OBJECTID":213,"INFO_TAB":"ne","KID":213,"KOS":"ne","KRYTE":"ne","MAJITEL":"Obec Hošťalovice","MAPA":"ne","PUMPA":"ne","SAMO_SERVI":"ne","SPRAVCE":"Obec Hošťalovice","STOJAN_KOL":"ne","TYP":"lavice se stolem","VODA":"ne","suggested_tag":"leisure=picnic_table"}},{"type":"Feature","geometry":{"type":"Point","coordinates":[15.57685,49.935144]},"properties":{"OBJECTID":214,"INFO_TAB":"ano","KID":214,"KOS":"ne","KRYTE":"ne","MAJITEL":"Obec Hošťalovice","MAPA":"ne","PUMPA":"ne","SAMO_SERVI":"ne","SPRAVCE":"Obec Hošťalovice","STOJAN_KOL":"ne","TYP":"tabule","VODA":"ne"}},{"type":"Feature","geometry":{"type":"Point","coordinates":[15.596278,49.936597]},"properties":{"OBJECTID":215,"INFO_TAB":"ne","KID":215,"KOS":"ano","KRYTE":"ne","MAJITEL":"Obec Načešice","MAPA":"ne","PUMPA":"ne","SAMO_SERVI":"ne","SPRAVCE":"Obec Načešice","STOJAN_KOL":"ne","TYP":"lavice se stolem","VODA":"ne","suggested_tag":"leisure=picnic_table"}},{"type":"Feature","geometry":{"type":"Point","coordinates":[15.626473,49.939998]},"properties":{"OBJECTID":216,"INFO_TAB":"ano","KID":216,"KOS":"ne","KRYTE":"ne","MAJITEL":"Obec Načešice","MAPA":"ne","PUMPA":"ne","SAMO_SERVI":"ne","SPRAVCE":"Obec Načešice","STOJAN_KOL":"ne","TYP":"informační tabule","VODA":"ne","suggested_tag":"tourism=information + information=board"}},{"type":"Feature","geometry":{"type":"Point","coordinates":[15.651929,49.927892]},"properties":{"OBJECTID":217,"INFO_TAB":"ano","KID":217,"KOS":"ano","KRYTE":"ne","MAJITEL":"Obec Kostelec u Heřmanova Městce","MAPA":"ano","PUMPA":"ne","SAMO_SERVI":"ne","SPRAVCE":"Obec Kostelec u Heřmanova Městce","STOJAN_KOL":"ne","TYP":"lavice se stolem","VODA":"ne","suggested_tag":"leisure=picnic_table"}},{"type":"Feature","geometry":{"type":"Point","coordinates":[15.598153,49.922517]},"properties":{"OBJECTID":218,"INFO_TAB":"ne","KID":218,"KOS":"tříděný","KRYTE":"ne","MAJITEL":"Obec Vyžice","MAPA":"ne","POZN":"popelnice","PUMPA":"ne","SAMO_SERVI":"ne","SPRAVCE":"Obec Vyžice","STOJAN_KOL":"ne","TYP":"lavice se stolem","VODA":"ne","suggested_tag":"leisure=picnic_table"}},{"type":"Feature","geometry":{"type":"Point","coordinates":[15.542872,49.914989]},"properties":{"OBJECTID":219,"INFO_TAB":"ne","KID":219,"KOS":"ano","KRYTE":"ano","MAJITEL":"Obec Lipovec","MAPA":"ne","PUMPA":"ne","SAMO_SERVI":"ne","SPRAVCE":"Obec Lipovec","STOJAN_KOL":"ne","TYP":"lavice se stolem","VODA":"ne","suggested_tag":"leisure=picnic_table"}},{"type":"Feature","geometry":{"type":"Point","coordinates":[15.536668,49.9016]},"properties":{"OBJECTID":220,"INFO_TAB":"ne","KID":220,"KOS":"ne","KRYTE":"ne","MAJITEL":"Obec Bousov","MAPA":"ano","POZN":"pův. OFO","PUMPA":"ne","SAMO_SERVI":"ne","SPRAVCE":"Obec Bousov","STOJAN_KOL":"ne","TYP":"mapa","VODA":"ne","suggested_tag":"tourism=information + information=map"}},{"type":"Feature","geometry":{"type":"Point","coordinates":[15.514717,49.877508]},"properties":{"OBJECTID":221,"INFO_TAB":"ne","KID":221,"KOS":"ne","KRYTE":"ne","MAJITEL":"Obec Biskupice","MAPA":"ano","PUMPA":"ne","SAMO_SERVI":"ne","SPRAVCE":"Obec Biskupice","STOJAN_KOL":"ne","TYP":"mapa","VODA":"ne","suggested_tag":"tourism=information + information=map"}},{"type":"Feature","geometry":{"type":"Point","coordinates":[15.531555,49.885314]},"properties":{"OBJECTID":222,"INFO_TAB":"ano","KID":222,"KOS":"ne","KRYTE":"ne","MAJITEL":"Město Ronov nad Doubravou","MAPA":"ne","PUMPA":"ne","SAMO_SERVI":"ne","SPRAVCE":"Město Ronov nad Doubravou","STOJAN_KOL":"ne","TYP":"lavice","VODA":"ne","suggested_tag":"amenity=bench"}},{"type":"Feature","geometry":{"type":"Point","coordinates":[15.538386,49.876347]},"properties":{"OBJECTID":223,"INFO_TAB":"ne","KID":223,"KOS":"ne","KRYTE":"ne","MAJITEL":"Město Ronov nad Doubravou","MAPA":"ano","PUMPA":"ne","SAMO_SERVI":"ne","SPRAVCE":"Město Ronov nad Doubravou","STOJAN_KOL":"ne","TYP":"mapa","VODA":"ne","suggested_tag":"tourism=information + information=map"}},{"type":"Feature","geometry":{"type":"Point","coordinates":[15.545696,49.868543]},"properties":{"OBJECTID":224,"INFO_TAB":"ano","KID":224,"KOS":"ano","KRYTE":"ano","MAJITEL":"Město Ronov nad Doubravou","MAPA":"ne","PUMPA":"ne","SAMO_SERVI":"ne","SPRAVCE":"Město Ronov nad Doubravou","STOJAN_KOL":"ne","TYP":"lavice se stolem","VODA":"ne","suggested_tag":"leisure=picnic_table"}},{"type":"Feature","geometry":{"type":"Point","coordinates":[15.528329,49.859776]},"properties":{"OBJECTID":225,"INFO_TAB":"ne","KID":225,"KOS":"ne","KRYTE":"ano","MAJITEL":"Obec Kněžice","MAPA":"ne","PUMPA":"ne","SAMO_SERVI":"ne","SPRAVCE":"Obec Kněžice","STOJAN_KOL":"ne","TYP":"lavice se stolem","VODA":"ne","suggested_tag":"leisure=picnic_table"}},{"type":"Feature","geometry":{"type":"Point","coordinates":[15.595564,49.837381]},"properties":{"OBJECTID":226,"INFO_TAB":"ne","KID":226,"KOS":"ne","KRYTE":"ne","MAJITEL":"Obec Běstvina","MAPA":"ano","PUMPA":"ne","SAMO_SERVI":"ne","SPRAVCE":"Obec Běstvina","STOJAN_KOL":"ne","TYP":"mapa","VODA":"ne","suggested_tag":"tourism=information + information=map"}},{"type":"Feature","geometry":{"type":"Point","coordinates":[15.667156,49.886957]},"properties":{"OBJECTID":227,"INFO_TAB":"ne","KID":227,"KOS":"ne","KRYTE":"ne","MAJITEL":"Obec Vápenný Podol","MAPA":"ano","PUMPA":"ne","SAMO_SERVI":"ne","SPRAVCE":"Obec Vápenný Podol","STOJAN_KOL":"ne","TYP":"mapa","VODA":"ne","suggested_tag":"tourism=information + information=map"}},{"type":"Feature","geometry":{"type":"Point","coordinates":[15.666959,49.888376]},"properties":{"OBJECTID":228,"INFO_TAB":"ano","KID":228,"KOS":"ne","KRYTE":"ne","MAJITEL":"Obec Vápenný Podol","MAPA":"ne","PUMPA":"ne","SAMO_SERVI":"ne","SPRAVCE":"Obec Vápenný Podol","STOJAN_KOL":"ne","TYP":"informační tabule","VODA":"ne","suggested_tag":"tourism=information + information=board"}},{"type":"Feature","geometry":{"type":"Point","coordinates":[15.690371,49.856375]},"properties":{"OBJECTID":229,"INFO_TAB":"ne","KID":229,"KOS":"ano","KRYTE":"ano","MAJITEL":"Městys Bojanov","MAPA":"ne","PUMPA":"ne","SAMO_SERVI":"ne","SPRAVCE":"Městys Bojanov","STOJAN_KOL":"ne","TYP":"lavice se stolem","VODA":"ne","suggested_tag":"leisure=picnic_table"}},{"type":"Feature","geometry":{"type":"Point","coordinates":[15.656536,49.837212]},"properties":{"OBJECTID":230,"INFO_TAB":"ne","KID":230,"KOS":"ano","KRYTE":"ano","MAJITEL":"Město Seč","MAPA":"ne","PUMPA":"ne","SAMO_SERVI":"ne","SPRAVCE":"Město Seč","STOJAN_KOL":"ne","TYP":"lavice se stolem","VODA":"ne","suggested_tag":"leisure=picnic_table"}},{"type":"Feature","geometry":{"type":"Point","coordinates":[15.662812,49.82751]},"properties":{"OBJECTID":231,"INFO_TAB":"ne","KID":231,"KOS":"ne","KRYTE":"ne","MAJITEL":"Město Seč","MAPA":"ano","PUMPA":"ne","SAMO_SERVI":"ne","SPRAVCE":"Město Seč","STOJAN_KOL":"ne","TYP":"mapa","VODA":"ne","suggested_tag":"tourism=information + information=map"}},{"type":"Feature","geometry":{"type":"Point","coordinates":[15.707906,49.844399]},"properties":{"OBJECTID":232,"INFO_TAB":"ne","KID":232,"KOS":"ne","KRYTE":"ne","MAJITEL":"Městys Bojanov","MAPA":"ano","PUMPA":"ne","SAMO_SERVI":"ne","SPRAVCE":"Městys Bojanov","STOJAN_KOL":"ne","TYP":"mapa","VODA":"ne","suggested_tag":"tourism=information + information=map"}},{"type":"Feature","geometry":{"type":"Point","coordinates":[15.736537,49.859445]},"properties":{"OBJECTID":233,"INFO_TAB":"ne","KID":233,"KOS":"ne","KRYTE":"ne","MAJITEL":"Obec Liboměřice","MAPA":"ne","PUMPA":"ne","SAMO_SERVI":"ne","SPRAVCE":"Obec Liboměřice","STOJAN_KOL":"ne","TYP":"lavice se stolem","VODA":"ne","suggested_tag":"leisure=picnic_table"}},{"type":"Feature","geometry":{"type":"Point","coordinates":[15.761789,49.859311]},"properties":{"OBJECTID":234,"INFO_TAB":"ne","KID":234,"KOS":"ne","KRYTE":"ne","MAJITEL":"Obec Křižanovice","MAPA":"ano","PUMPA":"ne","SAMO_SERVI":"ne","SPRAVCE":"Obec Křižanovice","STOJAN_KOL":"ne","TYP":"mapa","VODA":"ne","suggested_tag":"tourism=information + information=map"}},{"type":"Feature","geometry":{"type":"Point","coordinates":[15.758741,49.859978]},"properties":{"OBJECTID":235,"INFO_TAB":"ne","KID":235,"KOS":"ne","KRYTE":"ano","MAJITEL":"Obec Křižanovice","MAPA":"ne","PUMPA":"ne","SAMO_SERVI":"ne","SPRAVCE":"Obec Křižanovice","STOJAN_KOL":"ne","TYP":"lavice se stolem","VODA":"ne","suggested_tag":"leisure=picnic_table"}},{"type":"Feature","geometry":{"type":"Point","coordinates":[15.735999,49.844615]},"properties":{"OBJECTID":236,"INFO_TAB":"ne","KID":236,"KOS":"ano","KRYTE":"ne","MAJITEL":"Obec Krásné","MAPA":"ne","PUMPA":"ne","SAMO_SERVI":"ne","SPRAVCE":"Obec Krásné","STOJAN_KOL":"ano","TYP":"lavice","VODA":"ne","suggested_tag":"amenity=bench"}},{"type":"Feature","geometry":{"type":"Point","coordinates":[15.730893,49.83428]},"properties":{"OBJECTID":237,"INFO_TAB":"ne","KID":237,"KOS":"ano","KRYTE":"ne","MAJITEL":"Pardubický kraj","MAPA":"ne","PUMPA":"ne","SAMO_SERVI":"ne","SPRAVCE":"nezjištěno","STOJAN_KOL":"anop","TYP":"lavice","VODA":"ne","suggested_tag":"amenity=bench"}},{"type":"Feature","geometry":{"type":"Point","coordinates":[15.73971,49.821709]},"properties":{"OBJECTID":238,"INFO_TAB":"ne","KID":238,"KOS":"ne","KRYTE":"ano","MAJITEL":"Obec Krásné","MAPA":"ne","POZN":"pův. OFO","PUMPA":"ne","SAMO_SERVI":"ne","SPRAVCE":"Obec Krásné","STOJAN_KOL":"ne","TYP":"lavice se stolem","VODA":"ne","suggested_tag":"leisure=picnic_table"}},{"type":"Feature","geometry":{"type":"Point","coordinates":[15.745169,49.821194]},"properties":{"OBJECTID":239,"INFO_TAB":"ne","KID":239,"KOS":"ano","KRYTE":"ne","MAJITEL":"Obec Krásné","MAPA":"ano","PUMPA":"ne","SAMO_SERVI":"ne","SPRAVCE":"Obec Krásné","STOJAN_KOL":"ano","TYP":"lavice se stolem","VODA":"ne","suggested_tag":"leisure=picnic_table"}},{"type":"Feature","geometry":{"type":"Point","coordinates":[15.763515,49.818644]},"properties":{"OBJECTID":240,"INFO_TAB":"ano","KID":240,"KOS":"ne","KRYTE":"ne","MAJITEL":"Zemědělská a.s. Horní Bradlo","MAPA":"ne","PUMPA":"ne","SAMO_SERVI":"ne","SPRAVCE":"nezjištěno","STOJAN_KOL":"ne","TYP":"lavice","VODA":"ne","suggested_tag":"amenity=bench"}},{"type":"Feature","geometry":{"type":"Point","coordinates":[15.753656,49.819957]},"properties":{"OBJECTID":241,"INFO_TAB":"ne","KID":241,"KOS":"ne","KRYTE":"ano","MAJITEL":"Obec Krásné","MAPA":"ne","PUMPA":"ne","SAMO_SERVI":"ne","SPRAVCE":"Obec Krásné","STOJAN_KOL":"ne","TYP":"lavice se stolem","VODA":"ne","suggested_tag":"leisure=picnic_table"}},{"type":"Feature","geometry":{"type":"Point","coordinates":[15.756419,49.841386]},"properties":{"OBJECTID":242,"INFO_TAB":"ne","KID":242,"KOS":"ne","KRYTE":"ne","MAJITEL":"Pardubický kraj","MAPA":"ano","PUMPA":"ne","SAMO_SERVI":"ne","SPRAVCE":"nezjištěno","STOJAN_KOL":"ne","TYP":"mapa","VODA":"ne","suggested_tag":"tourism=information + information=map"}},{"type":"Feature","geometry":{"type":"Point","coordinates":[15.756179,49.841657]},"properties":{"OBJECTID":243,"INFO_TAB":"ne","KID":243,"KOS":"ne","KRYTE":"ano","MAJITEL":"Obec Libkov","MAPA":"ne","PUMPA":"ne","SAMO_SERVI":"ne","SPRAVCE":"Obec Libkov","STOJAN_KOL":"ne","TYP":"lavice se stolem","VODA":"ne","suggested_tag":"leisure=picnic_table"}},{"type":"Feature","geometry":{"type":"Point","coordinates":[15.778236,49.84691]},"properties":{"OBJECTID":244,"INFO_TAB":"ne","KID":244,"KOS":"ne","KRYTE":"ano","MAJITEL":"Obec České Lhotice","MAPA":"ano","PUMPA":"ne","SAMO_SERVI":"ne","SPRAVCE":"Obec České Lhotice","STOJAN_KOL":"ne","TYP":"lavice","VODA":"ne","suggested_tag":"amenity=bench"}},{"type":"Feature","geometry":{"type":"Point","coordinates":[15.783767,49.850968]},"properties":{"OBJECTID":245,"INFO_TAB":"ano","KID":245,"KOS":"ne","KRYTE":"ne","MAJITEL":"Obec České Lhotice","MAPA":"ne","POZN":"pův. OFO","PUMPA":"ne","SAMO_SERVI":"ne","SPRAVCE":"Obec České Lhotice","STOJAN_KOL":"ne","TYP":"informační tabule","VODA":"ne","suggested_tag":"tourism=information + information=board"}},{"type":"Feature","geometry":{"type":"Point","coordinates":[15.802366,49.844821]},"properties":{"OBJECTID":246,"INFO_TAB":"ano","KID":246,"KOS":"ne","KRYTE":"ne","MAJITEL":"Město Nasavrky","MAPA":"ano","PUMPA":"ne","SAMO_SERVI":"ne","SPRAVCE":"Město Nasavrky","STOJAN_KOL":"ne","TYP":"tabule","VODA":"ne"}},{"type":"Feature","geometry":{"type":"Point","coordinates":[15.801722,49.842765]},"properties":{"OBJECTID":247,"INFO_TAB":"ne","KID":247,"KOS":"ano","KRYTE":"ne","MAJITEL":"Město Nasavrky","MAPA":"ne","PUMPA":"ne","SAMO_SERVI":"ne","SPRAVCE":"Město Nasavrky","STOJAN_KOL":"ne","TYP":"lavice","VODA":"ne","suggested_tag":"amenity=bench"}},{"type":"Feature","geometry":{"type":"Point","coordinates":[15.799263,49.838803]},"properties":{"OBJECTID":248,"INFO_TAB":"ne","KID":248,"KOS":"ne","KRYTE":"ano","MAJITEL":"Město Nasavrky","MAPA":"ne","PUMPA":"ne","SAMO_SERVI":"ne","SPRAVCE":"Město Nasavrky","STOJAN_KOL":"ne","TYP":"lavice se stolem","VODA":"ne","suggested_tag":"leisure=picnic_table"}},{"type":"Feature","geometry":{"type":"Point","coordinates":[15.794081,49.822893]},"properties":{"OBJECTID":249,"INFO_TAB":"ne","KID":249,"KOS":"ne","KRYTE":"ano","MAJITEL":"ČR","MAPA":"ne","PUMPA":"ne","SAMO_SERVI":"ne","SPRAVCE":"Lesy České republiky, s.p.","STOJAN_KOL":"ne","TYP":"lavice se stolem","VODA":"ne","suggested_tag":"leisure=picnic_table"}},{"type":"Feature","geometry":{"type":"Point","coordinates":[15.784755,49.80682]},"properties":{"OBJECTID":250,"INFO_TAB":"ne","KID":250,"KOS":"ne","KRYTE":"ano","MAJITEL":"Pardubický kraj","MAPA":"ne","PUMPA":"ne","SAMO_SERVI":"ne","SPRAVCE":"nezjištěno","STOJAN_KOL":"ne","TYP":"lavice se stolem","VODA":"ne","suggested_tag":"leisure=picnic_table"}},{"type":"Feature","geometry":{"type":"Point","coordinates":[15.789542,49.814928]},"properties":{"OBJECTID":251,"INFO_TAB":"ano","KID":251,"KOS":"ne","KRYTE":"ano","MAJITEL":"ČR","MAPA":"ne","PUMPA":"ne","SAMO_SERVI":"ne","SPRAVCE":"Lesy České republiky, s.p.","STOJAN_KOL":"ne","TYP":"lavice se stolem","VODA":"ne","suggested_tag":"leisure=picnic_table"}},{"type":"Feature","geometry":{"type":"Point","coordinates":[15.839503,49.826993]},"properties":{"OBJECTID":252,"INFO_TAB":"ne","KID":252,"KOS":"ne","KRYTE":"ano","MAJITEL":"Obec Ctěnín","MAPA":"ne","POZN":"pův. OFO","PUMPA":"ne","SAMO_SERVI":"ne","SPRAVCE":"Obec Ctěnín","STOJAN_KOL":"ne","TYP":"lavice se stolem","VODA":"ne","suggested_tag":"leisure=picnic_table"}},{"type":"Feature","geometry":{"type":"Point","coordinates":[15.819542,49.847045]},"properties":{"OBJECTID":253,"INFO_TAB":"ne","KID":253,"KOS":"ne","KRYTE":"ne","MAJITEL":"Pardubický kraj","MAPA":"ano","PUMPA":"ne","SAMO_SERVI":"ne","SPRAVCE":"nezjištěno","STOJAN_KOL":"ne","TYP":"mapa","VODA":"ne","suggested_tag":"tourism=information + information=map"}},{"type":"Feature","geometry":{"type":"Point","coordinates":[15.824585,49.861848]},"properties":{"OBJECTID":254,"INFO_TAB":"ne","KID":254,"KOS":"ne","KRYTE":"ne","MAJITEL":"Město Nasavrky","MAPA":"ano","PUMPA":"ne","SAMO_SERVI":"ne","SPRAVCE":"Město Nasavrky","STOJAN_KOL":"ne","TYP":"mapa","VODA":"ne","suggested_tag":"tourism=information + information=map"}},{"type":"Feature","geometry":{"type":"Point","coordinates":[15.827571,49.860492]},"properties":{"OBJECTID":255,"INFO_TAB":"ne","KID":255,"KOS":"ano","KRYTE":"ano","MAJITEL":"Město Nasavrky","MAPA":"ne","PUMPA":"ne","SAMO_SERVI":"ne","SPRAVCE":"Město Nasavrky","STOJAN_KOL":"ne","TYP":"lavice se stolem","VODA":"ne","suggested_tag":"leisure=picnic_table"}},{"type":"Feature","geometry":{"type":"Point","coordinates":[15.842657,49.869821]},"properties":{"OBJECTID":256,"INFO_TAB":"ne","KID":256,"KOS":"ano","KRYTE":"ano","MAJITEL":"Obec Lukavice","MAPA":"ano","PUMPA":"ne","SAMO_SERVI":"ne","SPRAVCE":"Obec Lukavice","STOJAN_KOL":"ano","TYP":"lavice se stolem","VODA":"ne","suggested_tag":"leisure=picnic_table"}},{"type":"Feature","geometry":{"type":"Point","coordinates":[15.875229,49.829344]},"properties":{"OBJECTID":257,"INFO_TAB":"ne","KID":257,"KOS":"ano","KRYTE":"ano","MAJITEL":"Obec Miřetice","MAPA":"ano","PUMPA":"ne","SAMO_SERVI":"ne","SPRAVCE":"Obec Miřetice","STOJAN_KOL":"ano","TYP":"lavice se stolem","VODA":"ne","suggested_tag":"leisure=picnic_table"}},{"type":"Feature","geometry":{"type":"Point","coordinates":[15.83336,49.807083]},"properties":{"OBJECTID":258,"INFO_TAB":"ne","KID":258,"KOS":"ne","KRYTE":"ano","MAJITEL":"ČR","MAPA":"ne","PUMPA":"ne","SAMO_SERVI":"ne","SPRAVCE":"Lesy České republiky, s.p.","STOJAN_KOL":"ne","TYP":"lavice se stolem","VODA":"ne","suggested_tag":"leisure=picnic_table"}},{"type":"Feature","geometry":{"type":"Point","coordinates":[15.804539,49.804193]},"properties":{"OBJECTID":259,"INFO_TAB":"ano","KID":259,"KOS":"ne","KRYTE":"ne","MAJITEL":"ČR","MAPA":"ne","PUMPA":"ne","SAMO_SERVI":"ne","SPRAVCE":"nezjištěno","STOJAN_KOL":"ne","TYP":"informační tabule","VODA":"ne","suggested_tag":"tourism=information + information=board"}},{"type":"Feature","geometry":{"type":"Point","coordinates":[15.755223,49.803173]},"properties":{"OBJECTID":260,"INFO_TAB":"ne","KID":260,"KOS":"ano","KRYTE":"ano","MAJITEL":"Pardubický kraj","MAPA":"ne","PUMPA":"ne","SAMO_SERVI":"ne","SPRAVCE":"nezjištěno","STOJAN_KOL":"ano","TYP":"lavice se stolem","VODA":"ne","suggested_tag":"leisure=picnic_table"}},{"type":"Feature","geometry":{"type":"Point","coordinates":[15.742523,49.803369]},"properties":{"OBJECTID":261,"INFO_TAB":"ano","KID":261,"KOS":"ano","KRYTE":"ano","MAJITEL":"Obec Horní Bradlo","MAPA":"ano","PUMPA":"ne","SAMO_SERVI":"ne","SPRAVCE":"Obec Horní Bradlo","STOJAN_KOL":"ne","TYP":"lavice se stolem","VODA":"ne","suggested_tag":"leisure=picnic_table"}},{"type":"Feature","geometry":{"type":"Point","coordinates":[15.743648,49.799406]},"properties":{"OBJECTID":262,"INFO_TAB":"ne","KID":262,"KOS":"ne","KRYTE":"ano","MAJITEL":"Obec Horní Bradlo","MAPA":"ne","PUMPA":"ne","SAMO_SERVI":"ne","SPRAVCE":"Obec Horní Bradlo","STOJAN_KOL":"ne","TYP":"lavice se stolem","VODA":"ne","suggested_tag":"leisure=picnic_table"}},{"type":"Feature","geometry":{"type":"Point","coordinates":[15.708878,49.809335]},"properties":{"OBJECTID":263,"INFO_TAB":"ano","KID":263,"KOS":"ne","KRYTE":"ano","MAJITEL":"ČR","MAPA":"ne","PUMPA":"ne","SAMO_SERVI":"ne","SPRAVCE":"Lesy České republiky, s.p.","STOJAN_KOL":"ne","TYP":"lavice se stolem","VODA":"ne","suggested_tag":"leisure=picnic_table"}},{"type":"Feature","geometry":{"type":"Point","coordinates":[15.696558,49.811353]},"properties":{"OBJECTID":264,"INFO_TAB":"ano","KID":264,"KOS":"ne","KRYTE":"ne","MAJITEL":"ČR","MAPA":"ne","PUMPA":"ne","SAMO_SERVI":"ne","SPRAVCE":"Lesy České republiky, s.p.","STOJAN_KOL":"ne","TYP":"lavice se stolem","VODA":"ne","suggested_tag":"leisure=picnic_table"}},{"type":"Feature","geometry":{"type":"Point","coordinates":[15.69037,49.81066]},"properties":{"OBJECTID":265,"INFO_TAB":"ne","KID":265,"KOS":"ne","KRYTE":"ano","MAJITEL":"ČR","MAPA":"ne","PUMPA":"ne","SAMO_SERVI":"ne","SPRAVCE":"Lesy České republiky, s.p.","STOJAN_KOL":"ne","TYP":"lavice se stolem","VODA":"ne","suggested_tag":"leisure=picnic_table"}},{"type":"Feature","geometry":{"type":"Point","coordinates":[15.684795,49.813102]},"properties":{"OBJECTID":266,"INFO_TAB":"ne","KID":266,"KOS":"ne","KRYTE":"ano","MAJITEL":"ČR","MAPA":"ne","PUMPA":"ne","SAMO_SERVI":"ne","SPRAVCE":"Lesy České republiky, s.p.","STOJAN_KOL":"ne","TYP":"lavice se stolem","VODA":"ne","suggested_tag":"leisure=picnic_table"}},{"type":"Feature","geometry":{"type":"Point","coordinates":[15.661493,49.821761]},"properties":{"OBJECTID":267,"INFO_TAB":"ne","KID":267,"KOS":"ne","KRYTE":"ano","MAJITEL":"ČR","MAPA":"ne","PUMPA":"ne","SAMO_SERVI":"ne","SPRAVCE":"Lesy České republiky, s.p.","STOJAN_KOL":"ne","TYP":"lavice se stolem","VODA":"ne","suggested_tag":"leisure=picnic_table"}},{"type":"Feature","geometry":{"type":"Point","coordinates":[15.661159,49.822014]},"properties":{"OBJECTID":268,"INFO_TAB":"ne","KID":268,"KOS":"ano","KRYTE":"ano","MAJITEL":"Hotel Jezerka s.r.o.","MAPA":"ne","PUMPA":"ne","SAMO_SERVI":"ne","SPRAVCE":"nezjištěno","STOJAN_KOL":"ano","TYP":"lavice se stolem","VODA":"ne","suggested_tag":"leisure=picnic_table"}},{"type":"Feature","geometry":{"type":"Point","coordinates":[15.657339,49.847166]},"properties":{"OBJECTID":269,"INFO_TAB":"ne","KID":269,"KOS":"ne","KRYTE":"ne","MAJITEL":"Pardubický kraj","MAPA":"ano","PUMPA":"ne","SAMO_SERVI":"ne","SPRAVCE":"nezjištěno","STOJAN_KOL":"ne","TYP":"mapa","VODA":"ne","suggested_tag":"tourism=information + information=map"}},{"type":"Feature","geometry":{"type":"Point","coordinates":[15.64933,49.844452]},"properties":{"OBJECTID":270,"INFO_TAB":"ne","KID":270,"KOS":"ne","KRYTE":"ne","MAJITEL":"Město Seč","MAPA":"ne","PUMPA":"ne","SAMO_SERVI":"ne","SPRAVCE":"Město Seč","STOJAN_KOL":"ne","TYP":"lavice se stolem","VODA":"ne","suggested_tag":"leisure=picnic_table"}},{"type":"Feature","geometry":{"type":"Point","coordinates":[15.726414,49.945215]},"properties":{"OBJECTID":271,"INFO_TAB":"ne","KID":271,"KOS":"tříděný","KRYTE":"ne","MAJITEL":"Obec Lány","MAPA":"ano","POZN":"popelnice","PUMPA":"ne","SAMO_SERVI":"ne","SPRAVCE":"Obec Lány","STOJAN_KOL":"ne","TYP":"mapa","VODA":"ne","suggested_tag":"tourism=information + information=map"}},{"type":"Feature","geometry":{"type":"Point","coordinates":[15.708453,49.934931]},"properties":{"OBJECTID":272,"INFO_TAB":"ne","KID":272,"KOS":"ne","KRYTE":"ne","MAJITEL":"Obec Morašice","MAPA":"ano","PUMPA":"ne","SAMO_SERVI":"ne","SPRAVCE":"Obec Morašice","STOJAN_KOL":"ano","TYP":"mapa","VODA":"ne","suggested_tag":"tourism=information + information=map"}},{"type":"Feature","geometry":{"type":"Point","coordinates":[15.712128,49.916269]},"properties":{"OBJECTID":273,"INFO_TAB":"ne","KID":273,"KOS":"ne","KRYTE":"ne","MAJITEL":"Pardubický kraj","MAPA":"ano","PUMPA":"ne","SAMO_SERVI":"ne","SPRAVCE":"nezjištěno","STOJAN_KOL":"ne","TYP":"lavice","VODA":"ne","suggested_tag":"amenity=bench"}},{"type":"Feature","geometry":{"type":"Point","coordinates":[15.746061,49.926695]},"properties":{"OBJECTID":274,"INFO_TAB":"ne","KID":274,"KOS":"ano","KRYTE":"ne","MAJITEL":"Obec Stolany","MAPA":"ano","PUMPA":"ne","SAMO_SERVI":"ne","SPRAVCE":"Obec Stolany","STOJAN_KOL":"ano","TYP":"lavice","VODA":"ne","suggested_tag":"amenity=bench"}},{"type":"Feature","geometry":{"type":"Point","coordinates":[15.759281,49.940751]},"properties":{"OBJECTID":275,"INFO_TAB":"ne","KID":275,"KOS":"ne","KRYTE":"ne","MAJITEL":"Obec Sobětuchy","MAPA":"ne","PUMPA":"ne","SAMO_SERVI":"ne","SPRAVCE":"Obec Sobětuchy","STOJAN_KOL":"ne","TYP":"lavice se stolem","VODA":"ne","suggested_tag":"leisure=picnic_table"}},{"type":"Feature","geometry":{"type":"Point","coordinates":[15.763643,49.932201]},"properties":{"OBJECTID":276,"INFO_TAB":"ne","KID":276,"KOS":"ne","KRYTE":"ano","MAJITEL":"Obec Sobětuchy","MAPA":"ne","PUMPA":"ne","SAMO_SERVI":"ne","SPRAVCE":"Obec Sobětuchy","STOJAN_KOL":"ne","TYP":"lavice se stolem","VODA":"ne","suggested_tag":"leisure=picnic_table"}},{"type":"Feature","geometry":{"type":"Point","coordinates":[15.761786,49.917033]},"properties":{"OBJECTID":277,"INFO_TAB":"ne","KID":277,"KOS":"ne","KRYTE":"ne","MAJITEL":"Obec Rabštejnská Lhota","MAPA":"ano","POZN":"pův. OFO","PUMPA":"ne","SAMO_SERVI":"ne","SPRAVCE":"Obec Rabštejnská Lhota","STOJAN_KOL":"ne","TYP":"mapa","VODA":"ne","suggested_tag":"tourism=information + information=map"}},{"type":"Feature","geometry":{"type":"Point","coordinates":[15.739609,49.905506]},"properties":{"OBJECTID":278,"INFO_TAB":"ne","KID":278,"KOS":"tříděný","KRYTE":"ne","MAJITEL":"Obec Mladoňovice","MAPA":"ano","POZN":"popelnice","PUMPA":"ne","SAMO_SERVI":"ne","SPRAVCE":"Obec Mladoňovice","STOJAN_KOL":"ne","TYP":"mapa","VODA":"ne","suggested_tag":"tourism=information + information=map"}},{"type":"Feature","geometry":{"type":"Point","coordinates":[15.709808,49.876509]},"properties":{"OBJECTID":279,"INFO_TAB":"ano","KID":279,"KOS":"ne","KRYTE":"ne","MAJITEL":"Obec Mladoňovice","MAPA":"ne","PUMPA":"ne","SAMO_SERVI":"ne","SPRAVCE":"Obec Mladoňovice","STOJAN_KOL":"ne","TYP":"informační tabule","VODA":"ne","suggested_tag":"tourism=information + information=board"}},{"type":"Feature","geometry":{"type":"Point","coordinates":[15.713308,49.869172]},"properties":{"OBJECTID":280,"INFO_TAB":"ne","KID":280,"KOS":"ne","KRYTE":"ne","MAJITEL":"Pardubický kraj","MAPA":"ano","PUMPA":"ne","SAMO_SERVI":"ne","SPRAVCE":"nezjištěno","STOJAN_KOL":"ne","TYP":"mapa","VODA":"ne","suggested_tag":"tourism=information + information=map"}},{"type":"Feature","geometry":{"type":"Point","coordinates":[15.740818,49.87202]},"properties":{"OBJECTID":281,"INFO_TAB":"ne","KID":281,"KOS":"ano","KRYTE":"ano","MAJITEL":"Obec Liboměřice","MAPA":"ano","PUMPA":"ne","SAMO_SERVI":"ne","SPRAVCE":"Obec Liboměřice","STOJAN_KOL":"ne","TYP":"lavice se stolem","VODA":"ne","suggested_tag":"leisure=picnic_table"}},{"type":"Feature","geometry":{"type":"Point","coordinates":[15.759505,49.877237]},"properties":{"OBJECTID":282,"INFO_TAB":"ne","KID":282,"KOS":"ano","KRYTE":"ne","MAJITEL":"Římskokatolická farnost Licibořice","MAPA":"ne","PUMPA":"ne","SAMO_SERVI":"ne","SPRAVCE":"nezjištěno","STOJAN_KOL":"ne","TYP":"lavice","VODA":"ne","suggested_tag":"amenity=bench"}},{"type":"Feature","geometry":{"type":"Point","coordinates":[15.768581,49.880257]},"properties":{"OBJECTID":283,"INFO_TAB":"ne","KID":283,"KOS":"ne","KRYTE":"ne","MAJITEL":"Obec Licibořice","MAPA":"ne","PUMPA":"ne","SAMO_SERVI":"ne","SPRAVCE":"Obec Licibořice","STOJAN_KOL":"ne","TYP":"lavice","VODA":"ne","suggested_tag":"amenity=bench"}},{"type":"Feature","geometry":{"type":"Point","coordinates":[15.768959,49.893527]},"properties":{"OBJECTID":284,"INFO_TAB":"ano","KID":284,"KOS":"ne","KRYTE":"ne","MAJITEL":"ČR","MAPA":"ne","PUMPA":"ne","SAMO_SERVI":"ne","SPRAVCE":"Lesy České republiky, s.p.","STOJAN_KOL":"ne","TYP":"lavice se stolem","VODA":"ne","suggested_tag":"leisure=picnic_table"}},{"type":"Feature","geometry":{"type":"Point","coordinates":[15.776507,49.894362]},"properties":{"OBJECTID":285,"INFO_TAB":"ano","KID":285,"KOS":"ne","KRYTE":"ne","MAJITEL":"ČR","MAPA":"ne","PUMPA":"ne","SAMO_SERVI":"ne","SPRAVCE":"Lesy České republiky, s.p.","STOJAN_KOL":"ne","TYP":"informační tabule","VODA":"ne","suggested_tag":"tourism=information + information=board"}},{"type":"Feature","geometry":{"type":"Point","coordinates":[15.780444,49.899644]},"properties":{"OBJECTID":286,"INFO_TAB":"ano","KID":286,"KOS":"ne","KRYTE":"ne","MAJITEL":"ČR","MAPA":"ne","PUMPA":"ne","SAMO_SERVI":"ne","SPRAVCE":"Lesy České republiky, s.p.","STOJAN_KOL":"ne","TYP":"informační tabule","VODA":"ne","suggested_tag":"tourism=information + information=board"}},{"type":"Feature","geometry":{"type":"Point","coordinates":[15.781114,49.901371]},"properties":{"OBJECTID":287,"INFO_TAB":"ano","KID":287,"KOS":"ne","KRYTE":"ne","MAJITEL":"ČR","MAPA":"ne","PUMPA":"ne","SAMO_SERVI":"ne","SPRAVCE":"Lesy České republiky, s.p.","STOJAN_KOL":"ne","TYP":"informační tabule","VODA":"ne","suggested_tag":"tourism=information + information=board"}},{"type":"Feature","geometry":{"type":"Point","coordinates":[15.781888,49.902396]},"properties":{"OBJECTID":288,"INFO_TAB":"ano","KID":288,"KOS":"ne","KRYTE":"ano","MAJITEL":"RYBÁŘSTVÍ LITOMYŠL s.r.o.","MAPA":"ne","PUMPA":"ne","SAMO_SERVI":"ne","SPRAVCE":"nezjištěno","STOJAN_KOL":"ne","TYP":"lavice se stolem","VODA":"ne","suggested_tag":"leisure=picnic_table"}},{"type":"Feature","geometry":{"type":"Point","coordinates":[15.795389,49.899818]},"properties":{"OBJECTID":289,"INFO_TAB":"ano","KID":289,"KOS":"ne","KRYTE":"ne","MAJITEL":"ČR","MAPA":"ne","PUMPA":"ne","SAMO_SERVI":"ne","SPRAVCE":"Lesy České republiky, s.p.","STOJAN_KOL":"ne","TYP":"informační tabule","VODA":"ne","suggested_tag":"tourism=information + information=board"}},{"type":"Feature","geometry":{"type":"Point","coordinates":[15.793529,49.900081]},"properties":{"OBJECTID":290,"INFO_TAB":"ano","KID":290,"KOS":"ne","KRYTE":"ne","MAJITEL":"ČR","MAPA":"ne","PUMPA":"ne","SAMO_SERVI":"ne","SPRAVCE":"Lesy České republiky, s.p.","STOJAN_KOL":"ne","TYP":"informační tabule","VODA":"ne","suggested_tag":"tourism=information + information=board"}},{"type":"Feature","geometry":{"type":"Point","coordinates":[15.784217,49.90098]},"properties":{"OBJECTID":291,"INFO_TAB":"ano","KID":291,"KOS":"ne","KRYTE":"ne","MAJITEL":"RYBÁŘSTVÍ LITOMYŠL s.r.o.","MAPA":"ne","PUMPA":"ne","SAMO_SERVI":"ne","SPRAVCE":"nezjištěno","STOJAN_KOL":"ne","TYP":"informační tabule","VODA":"ne","suggested_tag":"tourism=information + information=board"}},{"type":"Feature","geometry":{"type":"Point","coordinates":[15.787436,49.903655]},"properties":{"OBJECTID":292,"INFO_TAB":"ne","KID":292,"KOS":"ne","KRYTE":"ano","MAJITEL":"ČR","MAPA":"ne","PUMPA":"ne","SAMO_SERVI":"ne","SPRAVCE":"Lesy České republiky, s.p.","STOJAN_KOL":"ne","TYP":"lavice se stolem","VODA":"ne","suggested_tag":"leisure=picnic_table"}},{"type":"Feature","geometry":{"type":"Point","coordinates":[15.80618,49.919]},"properties":{"OBJECTID":293,"INFO_TAB":"ano","KID":293,"KOS":"ano","KRYTE":"ne","MAJITEL":"Město Slatiňany","MAPA":"ano","PUMPA":"ne","SAMO_SERVI":"ne","SPRAVCE":"Město Slatiňany","STOJAN_KOL":"ne","TYP":"lavice se stolem","VODA":"ne","suggested_tag":"leisure=picnic_table"}},{"type":"Feature","geometry":{"type":"Point","coordinates":[15.806511,49.914931]},"properties":{"OBJECTID":294,"INFO_TAB":"ano","KID":294,"KOS":"ne","KRYTE":"ne","MAJITEL":"ČR","MAPA":"ne","PUMPA":"ne","SAMO_SERVI":"ne","SPRAVCE":"nezjištěno","STOJAN_KOL":"ne","TYP":"informační tabule","VODA":"ne","suggested_tag":"tourism=information + information=board"}},{"type":"Feature","geometry":{"type":"Point","coordinates":[15.804009,49.913012]},"properties":{"OBJECTID":295,"INFO_TAB":"ano","KID":295,"KOS":"ne","KRYTE":"ne","MAJITEL":"ČR","MAPA":"ano","PUMPA":"ne","SAMO_SERVI":"ne","SPRAVCE":"Lesy České republiky, s.p.","STOJAN_KOL":"ne","TYP":"tabule","VODA":"ne"}},{"type":"Feature","geometry":{"type":"Point","coordinates":[15.804554,49.910582]},"properties":{"OBJECTID":296,"INFO_TAB":"ano","KID":296,"KOS":"ne","KRYTE":"ne","MAJITEL":"Město Slatiňany","MAPA":"ne","PUMPA":"ne","SAMO_SERVI":"ne","SPRAVCE":"Město Slatiňany","STOJAN_KOL":"ne","TYP":"informační tabule","VODA":"ne","suggested_tag":"tourism=information + information=board"}},{"type":"Feature","geometry":{"type":"Point","coordinates":[15.803074,49.907547]},"properties":{"OBJECTID":297,"INFO_TAB":"ne","KID":297,"KOS":"ne","KRYTE":"ne","MAJITEL":"Město Slatiňany","MAPA":"ano","PUMPA":"ne","SAMO_SERVI":"ne","SPRAVCE":"Město Slatiňany","STOJAN_KOL":"ne","TYP":"mapa","VODA":"ne","suggested_tag":"tourism=information + information=map"}},{"type":"Feature","geometry":{"type":"Point","coordinates":[15.79993,49.904442]},"properties":{"OBJECTID":298,"INFO_TAB":"ano","KID":298,"KOS":"ne","KRYTE":"ne","MAJITEL":"ČR","MAPA":"ne","PUMPA":"ne","SAMO_SERVI":"ne","SPRAVCE":"Lesy České republiky, s.p.","STOJAN_KOL":"ne","TYP":"lavice se stolem","VODA":"ne","suggested_tag":"leisure=picnic_table"}},{"type":"Feature","geometry":{"type":"Point","coordinates":[15.797312,49.890374]},"properties":{"OBJECTID":299,"INFO_TAB":"ne","KID":299,"KOS":"ne","KRYTE":"ne","MAJITEL":"Město Slatiňany","MAPA":"ano","PUMPA":"ne","SAMO_SERVI":"ne","SPRAVCE":"Město Slatiňany","STOJAN_KOL":"ne","TYP":"mapa","VODA":"ne","suggested_tag":"tourism=information + information=map"}},{"type":"Feature","geometry":{"type":"Point","coordinates":[15.805124,49.878591]},"properties":{"OBJECTID":300,"INFO_TAB":"ne","KID":300,"KOS":"ne","KRYTE":"ne","MAJITEL":"Obec Svídnice","MAPA":"ne","PUMPA":"ne","SAMO_SERVI":"ne","SPRAVCE":"Obec Svídnice","STOJAN_KOL":"ne","TYP":"lavice","VODA":"ne","suggested_tag":"amenity=bench"}},{"type":"Feature","geometry":{"type":"Point","coordinates":[15.827787,49.881369]},"properties":{"OBJECTID":301,"INFO_TAB":"ne","KID":301,"KOS":"ne","KRYTE":"ano","MAJITEL":"Obec Lukavice","MAPA":"ne","PUMPA":"ne","SAMO_SERVI":"ne","SPRAVCE":"Obec Lukavice","STOJAN_KOL":"ano","TYP":"lavice se stolem","VODA":"ne","suggested_tag":"leisure=picnic_table"}},{"type":"Feature","geometry":{"type":"Point","coordinates":[15.838792,49.889222]},"properties":{"OBJECTID":302,"INFO_TAB":"ano","KID":302,"KOS":"ne","KRYTE":"ano","MAJITEL":"Obec Lukavice","MAPA":"ano","PUMPA":"ne","SAMO_SERVI":"ne","SPRAVCE":"Obec Lukavice","STOJAN_KOL":"ne","TYP":"lavice se stolem","VODA":"ne","suggested_tag":"leisure=picnic_table"}},{"type":"Feature","geometry":{"type":"Point","coordinates":[15.880371,49.909864]},"properties":{"OBJECTID":303,"INFO_TAB":"ne","KID":303,"KOS":"ne","KRYTE":"ano","MAJITEL":"Obec Zaječice","MAPA":"ne","PUMPA":"ne","SAMO_SERVI":"ne","SPRAVCE":"Obec Zaječice","STOJAN_KOL":"ne","TYP":"lavice","VODA":"ne","suggested_tag":"amenity=bench"}},{"type":"Feature","geometry":{"type":"Point","coordinates":[15.879597,49.90966]},"properties":{"OBJECTID":304,"INFO_TAB":"ne","KID":304,"KOS":"ne","KRYTE":"ne","MAJITEL":"Obec Zaječice","MAPA":"ano","PUMPA":"ne","SAMO_SERVI":"ne","SPRAVCE":"Obec Zaječice","STOJAN_KOL":"ne","TYP":"mapa","VODA":"ne","suggested_tag":"tourism=information + information=map"}},{"type":"Feature","geometry":{"type":"Point","coordinates":[15.877027,49.907486]},"properties":{"OBJECTID":305,"INFO_TAB":"ne","KID":305,"KOS":"ano","KRYTE":"ano","MAJITEL":"Obec Zaječice","MAPA":"ano","PUMPA":"ne","SAMO_SERVI":"ne","SPRAVCE":"Obec Zaječice","STOJAN_KOL":"ne","TYP":"lavice se stolem","VODA":"ne","suggested_tag":"leisure=picnic_table"}},{"type":"Feature","geometry":{"type":"Point","coordinates":[15.917548,49.887639]},"properties":{"OBJECTID":306,"INFO_TAB":"ano","KID":306,"KOS":"ano","KRYTE":"ne","MAJITEL":"Obec Horka","MAPA":"ne","PUMPA":"ne","SAMO_SERVI":"ne","SPRAVCE":"Obec Horka","STOJAN_KOL":"ne","TYP":"lavice se stolem","VODA":"ne","suggested_tag":"leisure=picnic_table"}},{"type":"Feature","geometry":{"type":"Point","coordinates":[15.860917,49.896833]},"properties":{"OBJECTID":307,"INFO_TAB":"ne","KID":307,"KOS":"ano","KRYTE":"ne","MAJITEL":"Obec Bítovany","MAPA":"ne","PUMPA":"ne","SAMO_SERVI":"ne","SPRAVCE":"Obec Bítovany","STOJAN_KOL":"ano","TYP":"lavice","VODA":"ne","suggested_tag":"amenity=bench"}},{"type":"Feature","geometry":{"type":"Point","coordinates":[15.860076,49.898072]},"properties":{"OBJECTID":308,"INFO_TAB":"ne","KID":308,"KOS":"ne","KRYTE":"ne","MAJITEL":"Obec Bítovany","MAPA":"ano","PUMPA":"ne","SAMO_SERVI":"ne","SPRAVCE":"Obec Bítovany","STOJAN_KOL":"ne","TYP":"lavice se stolem","VODA":"ne","suggested_tag":"leisure=picnic_table"}},{"type":"Feature","geometry":{"type":"Point","coordinates":[15.839155,49.889046]},"properties":{"OBJECTID":309,"INFO_TAB":"ne","KID":309,"KOS":"ne","KRYTE":"ano","MAJITEL":"Obec Lukavice","MAPA":"ne","PUMPA":"ne","SAMO_SERVI":"ne","SPRAVCE":"Obec Lukavice","STOJAN_KOL":"ano","TYP":"lavice se stolem","VODA":"ne","suggested_tag":"leisure=picnic_table"}},{"type":"Feature","geometry":{"type":"Point","coordinates":[15.862586,49.870684]},"properties":{"OBJECTID":310,"INFO_TAB":"ano","KID":310,"KOS":"ano","KRYTE":"ne","MAJITEL":"Městys Žumberk","MAPA":"ano","PUMPA":"ne","SAMO_SERVI":"ne","SPRAVCE":"Městys Žumberk","STOJAN_KOL":"ne","TYP":"tabule","VODA":"ne"}},{"type":"Feature","geometry":{"type":"Point","coordinates":[15.872639,49.870641]},"properties":{"OBJECTID":311,"INFO_TAB":"ne","KID":311,"KOS":"ne","KRYTE":"ano","MAJITEL":"ČR","MAPA":"ne","PUMPA":"ne","SAMO_SERVI":"ne","SPRAVCE":"Lesy České republiky, s.p.","STOJAN_KOL":"ne","TYP":"lavice se stolem","VODA":"ne","suggested_tag":"leisure=picnic_table"}},{"type":"Feature","geometry":{"type":"Point","coordinates":[15.892064,49.838463]},"properties":{"OBJECTID":312,"INFO_TAB":"ne","KID":312,"KOS":"ne","KRYTE":"ne","MAJITEL":"Obec Miřetice","MAPA":"ne","PUMPA":"ne","SAMO_SERVI":"ne","SPRAVCE":"Obec Miřetice","STOJAN_KOL":"ne","TYP":"lavice se stolem","VODA":"ne","suggested_tag":"leisure=picnic_table"}},{"type":"Feature","geometry":{"type":"Point","coordinates":[15.921986,49.846851]},"properties":{"OBJECTID":313,"INFO_TAB":"ano","KID":313,"KOS":"ano","KRYTE":"ano","MAJITEL":"Obec Vrbatův Kostelec","MAPA":"ne","PUMPA":"ne","SAMO_SERVI":"ne","SPRAVCE":"Obec Vrbatův Kostelec","STOJAN_KOL":"ne","TYP":"lavice se stolem","VODA":"ne","suggested_tag":"leisure=picnic_table"}},{"type":"Feature","geometry":{"type":"Point","coordinates":[15.922833,49.846688]},"properties":{"OBJECTID":314,"INFO_TAB":"ne","KID":314,"KOS":"ne","KRYTE":"ne","MAJITEL":"Obec Vrbatův Kostelec","MAPA":"ano","PUMPA":"ne","SAMO_SERVI":"ne","SPRAVCE":"Obec Vrbatův Kostelec","STOJAN_KOL":"ne","TYP":"mapa","VODA":"ne","suggested_tag":"tourism=information + information=map"}},{"type":"Feature","geometry":{"type":"Point","coordinates":[15.937688,49.855089]},"properties":{"OBJECTID":315,"INFO_TAB":"ano","KID":315,"KOS":"ne","KRYTE":"ne","MAJITEL":"Obec Vrbatův Kostelec","MAPA":"ne","PUMPA":"ne","SAMO_SERVI":"ne","SPRAVCE":"Obec Vrbatův Kostelec","STOJAN_KOL":"ne","TYP":"informační tabule","VODA":"ne","suggested_tag":"tourism=information + information=board"}},{"type":"Feature","geometry":{"type":"Point","coordinates":[15.950998,49.840523]},"properties":{"OBJECTID":316,"INFO_TAB":"ano","KID":316,"KOS":"ne","KRYTE":"ano","MAJITEL":"Obec Vrbatův Kostelec","MAPA":"ne","PUMPA":"ne","SAMO_SERVI":"ne","SPRAVCE":"Obec Vrbatův Kostelec","STOJAN_KOL":"ne","TYP":"lavice se stolem","VODA":"ne","suggested_tag":"leisure=picnic_table"}},{"type":"Feature","geometry":{"type":"Point","coordinates":[15.957847,49.832938]},"properties":{"OBJECTID":317,"INFO_TAB":"ne","KID":317,"KOS":"ne","KRYTE":"ne","MAJITEL":"Obec Prosetín","MAPA":"ano","PUMPA":"ne","SAMO_SERVI":"ne","SPRAVCE":"Obec Prosetín","STOJAN_KOL":"ne","TYP":"mapa","VODA":"ne","suggested_tag":"tourism=information + information=map"}},{"type":"Feature","geometry":{"type":"Point","coordinates":[15.957728,49.815554]},"properties":{"OBJECTID":318,"INFO_TAB":"ne","KID":318,"KOS":"ano","KRYTE":"ne","MAJITEL":"Obec Mrákotín","MAPA":"ne","PUMPA":"ne","SAMO_SERVI":"ne","SPRAVCE":"Obec Mrákotín","STOJAN_KOL":"ne","TYP":"lavice","VODA":"ne","suggested_tag":"amenity=bench"}},{"type":"Feature","geometry":{"type":"Point","coordinates":[15.923802,49.829801]},"properties":{"OBJECTID":319,"INFO_TAB":"ne","KID":319,"KOS":"ne","KRYTE":"ne","MAJITEL":"Pardubický kraj","MAPA":"ano","PUMPA":"ne","SAMO_SERVI":"ne","SPRAVCE":"nezjištěno","STOJAN_KOL":"ne","TYP":"mapa","VODA":"ne","suggested_tag":"tourism=information + information=map"}},{"type":"Feature","geometry":{"type":"Point","coordinates":[15.840154,49.824676]},"properties":{"OBJECTID":320,"INFO_TAB":"ne","KID":320,"KOS":"tříděný","KRYTE":"ne","MAJITEL":"Obec Ctětín","MAPA":"ano","POZN":"popelnice","PUMPA":"ne","SAMO_SERVI":"ne","SPRAVCE":"Obec Ctětín","STOJAN_KOL":"ano","TYP":"mapa","VODA":"ne","suggested_tag":"tourism=information + information=map"}},{"type":"Feature","geometry":{"type":"Point","coordinates":[15.839897,49.819771]},"properties":{"OBJECTID":321,"INFO_TAB":"ne","KID":321,"KOS":"ano","KRYTE":"ano","MAJITEL":"Obec Ctětín","MAPA":"ne","PUMPA":"ne","SAMO_SERVI":"ne","SPRAVCE":"Obec Ctětín","STOJAN_KOL":"ne","TYP":"lavice se stolem","VODA":"ne","suggested_tag":"leisure=picnic_table"}},{"type":"Feature","geometry":{"type":"Point","coordinates":[15.833569,49.774203]},"properties":{"OBJECTID":322,"INFO_TAB":"ano","KID":322,"KOS":"ne","KRYTE":"ne","MAJITEL":"Obec Svobodné Hamry","MAPA":"ano","POZN":"pův. OFO","PUMPA":"ne","SAMO_SERVI":"ne","SPRAVCE":"Obec Svobodné Hamry","STOJAN_KOL":"ne","TYP":"tabule","VODA":"ne"}},{"type":"Feature","geometry":{"type":"Point","coordinates":[15.828862,49.764605]},"properties":{"OBJECTID":323,"INFO_TAB":"ano","KID":323,"KOS":"ne","KRYTE":"ne","MAJITEL":"Obec Vysočina","MAPA":"ne","PUMPA":"ne","SAMO_SERVI":"ne","SPRAVCE":"Obec Vysočina","STOJAN_KOL":"ne","TYP":"lavice","VODA":"ne","suggested_tag":"amenity=bench"}},{"type":"Feature","geometry":{"type":"Point","coordinates":[15.795256,49.764396]},"properties":{"OBJECTID":324,"INFO_TAB":"ne","KID":324,"KOS":"kos","KRYTE":"ano","MAJITEL":"Obec Vysočina","MAPA":"ano","PUMPA":"ne","SAMO_SERVI":"ne","SPRAVCE":"Obec Vysočina","STOJAN_KOL":"ne","TYP":"lavice se stolem","VODA":"ne","suggested_tag":"leisure=picnic_table"}},{"type":"Feature","geometry":{"type":"Point","coordinates":[15.828441,49.763591]},"properties":{"OBJECTID":325,"INFO_TAB":"ne","KID":325,"KOS":"ne","KRYTE":"ne","MAJITEL":"Pardubický kraj","MAPA":"ano","PUMPA":"ne","SAMO_SERVI":"ne","SPRAVCE":"nezjištěno","STOJAN_KOL":"ne","TYP":"mapa","VODA":"ne","suggested_tag":"tourism=information + information=map"}},{"type":"Feature","geometry":{"type":"Point","coordinates":[15.833973,49.747183]},"properties":{"OBJECTID":326,"INFO_TAB":"ne","KID":326,"KOS":"ano","KRYTE":"ne","MAJITEL":"Obec Všeradov","MAPA":"ano","PUMPA":"ne","SAMO_SERVI":"ne","SPRAVCE":"Obec Všeradov","STOJAN_KOL":"ano","TYP":"lavice","VODA":"ne","suggested_tag":"amenity=bench"}},{"type":"Feature","geometry":{"type":"Point","coordinates":[15.870816,49.753538]},"properties":{"OBJECTID":327,"INFO_TAB":"ne","KID":327,"KOS":"ne","KRYTE":"ano","MAJITEL":"Obec Vítanov","MAPA":"ne","PUMPA":"ne","SAMO_SERVI":"ne","SPRAVCE":"Obec Vítanov","STOJAN_KOL":"ne","TYP":"lavice se stolem","VODA":"ne","suggested_tag":"leisure=picnic_table"}},{"type":"Feature","geometry":{"type":"Point","coordinates":[15.858409,49.751937]},"properties":{"OBJECTID":328,"INFO_TAB":"ano","KID":328,"KOS":"ne","KRYTE":"ne","MAJITEL":"Obec Všeradov","MAPA":"ano","PUMPA":"ne","SAMO_SERVI":"ne","SPRAVCE":"Obec Všeradov","STOJAN_KOL":"ne","TYP":"lavice se stolem","VODA":"ne","suggested_tag":"leisure=picnic_table"}},{"type":"Feature","geometry":{"type":"Point","coordinates":[15.854559,49.767075]},"properties":{"OBJECTID":329,"INFO_TAB":"ne","KID":329,"KOS":"ne","KRYTE":"ano","MAJITEL":"Obec Vysočina","MAPA":"ne","PUMPA":"ne","SAMO_SERVI":"ne","SPRAVCE":"Obec Vysočina","STOJAN_KOL":"ne","TYP":"lavice se stolem","VODA":"ne","suggested_tag":"leisure=picnic_table"}},{"type":"Feature","geometry":{"type":"Point","coordinates":[15.857763,49.769634]},"properties":{"OBJECTID":330,"INFO_TAB":"ne","KID":330,"KOS":"ano","KRYTE":"ano","MAJITEL":"Obec Vysočina","MAPA":"ano","PUMPA":"ne","SAMO_SERVI":"ne","SPRAVCE":"Obec Vysočina","STOJAN_KOL":"ano","TYP":"lavice se stolem","VODA":"ne","suggested_tag":"leisure=picnic_table"}},{"type":"Feature","geometry":{"type":"Point","coordinates":[15.872813,49.802286]},"properties":{"OBJECTID":331,"INFO_TAB":"ne","KID":331,"KOS":"ne","KRYTE":"ano","MAJITEL":"Pardubický kraj","MAPA":"ano","PUMPA":"ne","SAMO_SERVI":"ne","SPRAVCE":"nezjištěno","STOJAN_KOL":"ne","TYP":"lavice se stolem","VODA":"ne","suggested_tag":"leisure=picnic_table"}},{"type":"Feature","geometry":{"type":"Point","coordinates":[15.881022,49.816433]},"properties":{"OBJECTID":332,"INFO_TAB":"ano","KID":332,"KOS":"ne","KRYTE":"ne","MAJITEL":"Pardubický kraj","MAPA":"ne","PUMPA":"ne","SAMO_SERVI":"ne","SPRAVCE":"nezjištěno","STOJAN_KOL":"ne","TYP":"informační tabule","VODA":"ne","suggested_tag":"tourism=information + information=board"}},{"type":"Feature","geometry":{"type":"Point","coordinates":[15.907396,49.763152]},"properties":{"OBJECTID":333,"INFO_TAB":"ne","KID":333,"KOS":"ne","KRYTE":"ne","MAJITEL":"Město Hlinsko","MAPA":"ano","PUMPA":"ne","SAMO_SERVI":"ne","SPRAVCE":"Město Hlinsko","STOJAN_KOL":"ne","TYP":"mapa","VODA":"ne","suggested_tag":"tourism=information + information=map"}},{"type":"Feature","geometry":{"type":"Point","coordinates":[15.964311,49.79814]},"properties":{"OBJECTID":334,"INFO_TAB":"ne","KID":334,"KOS":"ano","KRYTE":"ano","MAJITEL":"Obec Raná","MAPA":"ne","PUMPA":"ne","SAMO_SERVI":"ne","SPRAVCE":"Obec Raná","STOJAN_KOL":"ne","TYP":"lavice se stolem","VODA":"ne","suggested_tag":"leisure=picnic_table"}},{"type":"Feature","geometry":{"type":"Point","coordinates":[15.988129,49.798682]},"properties":{"OBJECTID":335,"INFO_TAB":"ne","KID":335,"KOS":"ano","KRYTE":"ne","MAJITEL":"Obec Pokřikov","MAPA":"ne","PUMPA":"ne","SAMO_SERVI":"ne","SPRAVCE":"Obec Pokřikov","STOJAN_KOL":"ne","TYP":"lavice","VODA":"ne","suggested_tag":"amenity=bench"}},{"type":"Feature","geometry":{"type":"Point","coordinates":[15.98716,49.795369]},"properties":{"OBJECTID":336,"INFO_TAB":"ne","KID":336,"KOS":"ne","KRYTE":"ne","MAJITEL":"Pardubický kraj","MAPA":"ano","PUMPA":"ne","SAMO_SERVI":"ne","SPRAVCE":"nezjištěno","STOJAN_KOL":"ne","TYP":"mapa","VODA":"ne","suggested_tag":"tourism=information + information=map"}},{"type":"Feature","geometry":{"type":"Point","coordinates":[15.989469,49.793546]},"properties":{"OBJECTID":337,"INFO_TAB":"ne","KID":337,"KOS":"ano","KRYTE":"ano","MAJITEL":"Obec Pokřikov","MAPA":"ano","PUMPA":"ne","SAMO_SERVI":"ne","SPRAVCE":"Obec Pokřikov","STOJAN_KOL":"ne","TYP":"lavice se stolem","VODA":"ne","suggested_tag":"leisure=picnic_table"}},{"type":"Feature","geometry":{"type":"Point","coordinates":[15.970835,49.790143]},"properties":{"OBJECTID":338,"INFO_TAB":"ne","KID":338,"KOS":"ne","KRYTE":"ano","MAJITEL":"Obec Vojtěchov","MAPA":"ano","PUMPA":"ne","SAMO_SERVI":"ne","SPRAVCE":"Obec Vojtěchov","STOJAN_KOL":"ne","TYP":"lavice se stolem","VODA":"ne","suggested_tag":"leisure=picnic_table"}},{"type":"Feature","geometry":{"type":"Point","coordinates":[16.155706,49.744701]},"properties":{"OBJECTID":339,"INFO_TAB":"ne","KID":339,"KOS":"ne","KRYTE":"ne","MAJITEL":"Obec Borová","MAPA":"ano","PUMPA":"ne","SAMO_SERVI":"ne","SPRAVCE":"Obec Borová","STOJAN_KOL":"ne","TYP":"mapa","VODA":"ne","suggested_tag":"tourism=information + information=map"}},{"type":"Feature","geometry":{"type":"Point","coordinates":[16.151491,49.742031]},"properties":{"OBJECTID":340,"INFO_TAB":"ne","KID":340,"KOS":"ano","KRYTE":"ano","MAJITEL":"Obec Borová","MAPA":"ano","PUMPA":"ne","SAMO_SERVI":"ne","SPRAVCE":"Obec Borová","STOJAN_KOL":"ano","TYP":"lavice se stolem","VODA":"ne","suggested_tag":"leisure=picnic_table"}},{"type":"Feature","geometry":{"type":"Point","coordinates":[16.151422,49.729742]},"properties":{"OBJECTID":341,"INFO_TAB":"ne","KID":341,"KOS":"ano","KRYTE":"ne","MAJITEL":"Obec Borová","MAPA":"ne","POZN":"pův. OFO","PUMPA":"ne","SAMO_SERVI":"ne","SPRAVCE":"Obec Borová","STOJAN_KOL":"ne","TYP":"lavice se stolem","VODA":"ne","suggested_tag":"leisure=picnic_table"}},{"type":"Feature","geometry":{"type":"Point","coordinates":[16.118046,49.691325]},"properties":{"OBJECTID":342,"INFO_TAB":"ne","KID":342,"KOS":"ne","KRYTE":"ano","MAJITEL":"Obec Březiny","MAPA":"ne","PUMPA":"ne","SAMO_SERVI":"ne","SPRAVCE":"Obec Březiny","STOJAN_KOL":"ne","TYP":"lavice se stolem","VODA":"ne","suggested_tag":"leisure=picnic_table"}},{"type":"Feature","geometry":{"type":"Point","coordinates":[16.118319,49.690338]},"properties":{"OBJECTID":343,"INFO_TAB":"ne","KID":343,"KOS":"ne","KRYTE":"ne","MAJITEL":"Pardubický kraj","MAPA":"ano","PUMPA":"ne","SAMO_SERVI":"ne","SPRAVCE":"nezjištěno","STOJAN_KOL":"ne","TYP":"mapa","VODA":"ne","suggested_tag":"tourism=information + information=map"}},{"type":"Feature","geometry":{"type":"Point","coordinates":[16.137631,49.692209]},"properties":{"OBJECTID":344,"INFO_TAB":"ano","KID":344,"KOS":"ne","KRYTE":"ne","MAJITEL":"Pardubický kraj","MAPA":"ne","PUMPA":"ne","SAMO_SERVI":"ne","SPRAVCE":"nezjištěno","STOJAN_KOL":"ne","TYP":"informační tabule","VODA":"ne","suggested_tag":"tourism=information + information=board"}},{"type":"Feature","geometry":{"type":"Point","coordinates":[16.128377,49.71711]},"properties":{"OBJECTID":345,"INFO_TAB":"ano","KID":345,"KOS":"ne","KRYTE":"ne","MAJITEL":"ČR","MAPA":"ne","PUMPA":"ne","SAMO_SERVI":"ne","SPRAVCE":"nezjištěno","STOJAN_KOL":"ne","TYP":"informační tabule","VODA":"ne","suggested_tag":"tourism=information + information=board"}},{"type":"Feature","geometry":{"type":"Point","coordinates":[16.154872,49.757901]},"properties":{"OBJECTID":346,"INFO_TAB":"ne","KID":346,"KOS":"ne","KRYTE":"ne","MAJITEL":"Pardubický kraj","MAPA":"ne","PUMPA":"ne","SAMO_SERVI":"ne","SPRAVCE":"nezjištěno","STOJAN_KOL":"ne","TYP":"lavice se stolem","VODA":"ne","suggested_tag":"leisure=picnic_table"}},{"type":"Feature","geometry":{"type":"Point","coordinates":[16.15823,49.767546]},"properties":{"OBJECTID":347,"INFO_TAB":"ne","KID":347,"KOS":"ne","KRYTE":"ano","MAJITEL":"ČR","MAPA":"ne","PUMPA":"ne","SAMO_SERVI":"ne","SPRAVCE":"Lesy České republiky, s.p.","STOJAN_KOL":"ne","TYP":"lavice se stolem","VODA":"ne","suggested_tag":"leisure=picnic_table"}},{"type":"Feature","geometry":{"type":"Point","coordinates":[16.239979,49.766841]},"properties":{"OBJECTID":348,"INFO_TAB":"ne","KID":348,"KOS":"ano","KRYTE":"ano","MAJITEL":"Pardubický kraj","MAPA":"ne","PUMPA":"ne","SAMO_SERVI":"ne","SPRAVCE":"nezjištěno","STOJAN_KOL":"ne","TYP":"lavice se stolem","VODA":"ne","suggested_tag":"leisure=picnic_table"}},{"type":"Feature","geometry":{"type":"Point","coordinates":[16.241243,49.768487]},"properties":{"OBJECTID":349,"INFO_TAB":"ne","KID":349,"KOS":"ne","KRYTE":"ne","MAJITEL":"Obec Sebranice","MAPA":"ano","PUMPA":"ne","SAMO_SERVI":"ne","SPRAVCE":"Obec Sebranice","STOJAN_KOL":"ne","TYP":"lavice","VODA":"ne","suggested_tag":"amenity=bench"}},{"type":"Feature","geometry":{"type":"Point","coordinates":[16.249763,49.773319]},"properties":{"OBJECTID":350,"INFO_TAB":"ne","KID":350,"KOS":"ne","KRYTE":"ne","MAJITEL":"Obec Sebranice","MAPA":"ano","PUMPA":"ne","SAMO_SERVI":"ne","SPRAVCE":"Obec Sebranice","STOJAN_KOL":"ne","TYP":"lavice","VODA":"ne","suggested_tag":"amenity=bench"}},{"type":"Feature","geometry":{"type":"Point","coordinates":[16.240075,49.775224]},"properties":{"OBJECTID":351,"INFO_TAB":"ano","KID":351,"KOS":"ne","KRYTE":"ne","MAJITEL":"Pardubický kraj","MAPA":"ne","PUMPA":"ne","SAMO_SERVI":"ne","SPRAVCE":"nezjištěno","STOJAN_KOL":"ne","TYP":"informační tabule","VODA":"ne","suggested_tag":"tourism=information + information=board"}},{"type":"Feature","geometry":{"type":"Point","coordinates":[16.217507,49.771559]},"properties":{"OBJECTID":352,"INFO_TAB":"ne","KID":352,"KOS":"ne","KRYTE":"ne","MAJITEL":"Obec Lubná","MAPA":"ne","PUMPA":"ne","SAMO_SERVI":"ne","SPRAVCE":"Obec Lubná","STOJAN_KOL":"ne","TYP":"lavice","VODA":"ne","suggested_tag":"amenity=bench"}},{"type":"Feature","geometry":{"type":"Point","coordinates":[16.211567,49.770122]},"properties":{"OBJECTID":353,"INFO_TAB":"ne","KID":353,"KOS":"ano","KRYTE":"ano","MAJITEL":"Obec Lubná","MAPA":"ano","PUMPA":"ne","SAMO_SERVI":"ne","SPRAVCE":"Obec Lubná","STOJAN_KOL":"ne","TYP":"lavice","VODA":"ne","suggested_tag":"amenity=bench"}},{"type":"Feature","geometry":{"type":"Point","coordinates":[16.191357,49.773527]},"properties":{"OBJECTID":354,"INFO_TAB":"ne","KID":354,"KOS":"ne","KRYTE":"ano","MAJITEL":"Obec Lubná","MAPA":"ano","POZN":"pův. OFO","PUMPA":"ne","SAMO_SERVI":"ne","SPRAVCE":"Obec Lubná","STOJAN_KOL":"ne","TYP":"lavice se stolem","VODA":"ne","suggested_tag":"leisure=picnic_table"}},{"type":"Feature","geometry":{"type":"Point","coordinates":[16.254689,49.825491]},"properties":{"OBJECTID":355,"INFO_TAB":"ne","KID":355,"KOS":"ne","KRYTE":"ne","MAJITEL":"Obec Dolní Újezd","MAPA":"ano","PUMPA":"ne","SAMO_SERVI":"ne","SPRAVCE":"Obec Dolní Újezd","STOJAN_KOL":"ne","TYP":"mapa","VODA":"ne","suggested_tag":"tourism=information + information=map"}},{"type":"Feature","geometry":{"type":"Point","coordinates":[16.321956,49.860598]},"properties":{"OBJECTID":356,"INFO_TAB":"ano","KID":356,"KOS":"ano","KRYTE":"ne","MAJITEL":"ČR","MAPA":"ne","PUMPA":"ne","SAMO_SERVI":"ne","SPRAVCE":"Povodí Labe, státní podnik","STOJAN_KOL":"ne","TYP":"lavice","VODA":"ne","suggested_tag":"amenity=bench"}},{"type":"Feature","geometry":{"type":"Point","coordinates":[16.325766,49.858241]},"properties":{"OBJECTID":357,"INFO_TAB":"ne","KID":357,"KOS":"ne","KRYTE":"ne","MAJITEL":"Obec Benátky","MAPA":"ne","PUMPA":"ne","SAMO_SERVI":"ne","SPRAVCE":"Obec Benátky","STOJAN_KOL":"ne","TYP":"lavice","VODA":"ne","suggested_tag":"amenity=bench"}},{"type":"Feature","geometry":{"type":"Point","coordinates":[16.32624,49.856671]},"properties":{"OBJECTID":358,"INFO_TAB":"ano","KID":358,"KOS":"ano","KRYTE":"ne","MAJITEL":"ČR","MAPA":"ne","PUMPA":"ne","SAMO_SERVI":"ne","SPRAVCE":"Povodí Labe, státní podnik","STOJAN_KOL":"ne","TYP":"lavice","VODA":"ne","suggested_tag":"amenity=bench"}},{"type":"Feature","geometry":{"type":"Point","coordinates":[16.326474,49.854745]},"properties":{"OBJECTID":359,"INFO_TAB":"ano","KID":359,"KOS":"ano","KRYTE":"ano","MAJITEL":"Obec Benátky","MAPA":"ne","PUMPA":"ne","SAMO_SERVI":"ne","SPRAVCE":"Obec Benátky","STOJAN_KOL":"ne","TYP":"lavice se stolem","VODA":"ne","suggested_tag":"leisure=picnic_table"}},{"type":"Feature","geometry":{"type":"Point","coordinates":[16.326609,49.852477]},"properties":{"OBJECTID":360,"INFO_TAB":"ano","KID":360,"KOS":"ano","KRYTE":"ne","MAJITEL":"Obec Benátky","MAPA":"ne","PUMPA":"ne","SAMO_SERVI":"ne","SPRAVCE":"Obec Benátky","STOJAN_KOL":"ne","TYP":"lavice","VODA":"ne","suggested_tag":"amenity=bench"}},{"type":"Feature","geometry":{"type":"Point","coordinates":[16.347582,49.795354]},"properties":{"OBJECTID":361,"INFO_TAB":"ne","KID":361,"KOS":"ne","KRYTE":"ne","MAJITEL":"Obec Trstěnice","MAPA":"ano","PUMPA":"ne","SAMO_SERVI":"ne","SPRAVCE":"Obec Trstěnice","STOJAN_KOL":"ne","TYP":"mapa","VODA":"ne","suggested_tag":"tourism=information + information=map"}},{"type":"Feature","geometry":{"type":"Point","coordinates":[16.343058,49.791449]},"properties":{"OBJECTID":362,"INFO_TAB":"ne","KID":362,"KOS":"ne","KRYTE":"ne","MAJITEL":"Obec Trstěnice","MAPA":"ne","PUMPA":"ne","SAMO_SERVI":"ne","SPRAVCE":"Obec Trstěnice","STOJAN_KOL":"ne","TYP":"lavice se stolem","VODA":"ano","suggested_tag":"leisure=picnic_table"}},{"type":"Feature","geometry":{"type":"Point","coordinates":[15.832195,50.016031]},"properties":{"OBJECTID":363,"INFO_TAB":"ano","KID":363,"KOS":"ano","KRYTE":"ne","MAJITEL":"Statutární město Pardubice","MAPA":"ne","PUMPA":"ne","SAMO_SERVI":"ne","SPRAVCE":"Statutární město Pardubice","STOJAN_KOL":"ne","TYP":"lavice","VODA":"ne","suggested_tag":"amenity=bench"}},{"type":"Feature","geometry":{"type":"Point","coordinates":[15.811073,50.036501]},"properties":{"OBJECTID":364,"INFO_TAB":"ne","KID":364,"KOS":"ano","KRYTE":"ne","MAJITEL":"Statutární město Pardubice","MAPA":"ne","PUMPA":"ne","SAMO_SERVI":"ne","SPRAVCE":"Statutární město Pardubice","STOJAN_KOL":"ne","TYP":"lavice se stolem","VODA":"ne","suggested_tag":"leisure=picnic_table"}},{"type":"Feature","geometry":{"type":"Point","coordinates":[15.816752,50.038173]},"properties":{"OBJECTID":365,"INFO_TAB":"ne","KID":365,"KOS":"ano","KRYTE":"ne","MAJITEL":"Statutární město Pardubice","MAPA":"ne","POZN":"opěrný stojan","PUMPA":"ne","SAMO_SERVI":"ne","SPRAVCE":"Statutární město Pardubice","STOJAN_KOL":"ano","TYP":"lavice se stolem","VODA":"ne","suggested_tag":"leisure=picnic_table"}},{"type":"Feature","geometry":{"type":"Point","coordinates":[15.82232,50.041897]},"properties":{"OBJECTID":366,"INFO_TAB":"ne","KID":366,"KOS":"ano","KRYTE":"ano","MAJITEL":"Obec Spojil","MAPA":"ano","PUMPA":"ne","SAMO_SERVI":"ne","SPRAVCE":"Obec Spojil","STOJAN_KOL":"ano","TYP":"lavice se stolem","VODA":"ne","suggested_tag":"leisure=picnic_table"}},{"type":"Feature","geometry":{"type":"Point","coordinates":[15.823026,50.042281]},"properties":{"OBJECTID":367,"INFO_TAB":"ne","KID":367,"KOS":"ne","KRYTE":"ne","MAJITEL":"Obec Spojil","MAPA":"ano","PUMPA":"ne","SAMO_SERVI":"ne","SPRAVCE":"Obec Spojil","STOJAN_KOL":"ne","TYP":"mapa","VODA":"ne","suggested_tag":"tourism=information + information=map"}},{"type":"Feature","geometry":{"type":"Point","coordinates":[15.848394,50.042636]},"properties":{"OBJECTID":368,"INFO_TAB":"ne","KID":368,"KOS":"ne","KRYTE":"ano","MAJITEL":"ČR","MAPA":"ne","PUMPA":"ne","SAMO_SERVI":"ne","SPRAVCE":"Lesy České republiky, s.p.","STOJAN_KOL":"ne","TYP":"lavice se stolem","VODA":"ne","suggested_tag":"leisure=picnic_table"}},{"type":"Feature","geometry":{"type":"Point","coordinates":[15.80323,50.044082]},"properties":{"OBJECTID":369,"INFO_TAB":"ne","KID":369,"KOS":"ne","KRYTE":"ne","MAJITEL":"Statutární město Pardubice","MAPA":"ano","PUMPA":"ne","SAMO_SERVI":"ne","SPRAVCE":"Statutární město Pardubice","STOJAN_KOL":"ne","TYP":"mapa","VODA":"ne","suggested_tag":"tourism=information + information=map"}},{"type":"Feature","geometry":{"type":"Point","coordinates":[15.759504,50.041757]},"properties":{"OBJECTID":370,"INFO_TAB":"ne","KID":370,"KOS":"ne","KRYTE":"ne","MAJITEL":"Statutární město Pardubice","MAPA":"ano","PUMPA":"ne","SAMO_SERVI":"ne","SPRAVCE":"Statutární město Pardubice","STOJAN_KOL":"ne","TYP":"mapa","VODA":"ne","suggested_tag":"tourism=information + information=map"}},{"type":"Feature","geometry":{"type":"Point","coordinates":[15.773976,50.045247]},"properties":{"OBJECTID":371,"INFO_TAB":"ne","KID":371,"KOS":"ne","KRYTE":"ne","MAJITEL":"ČR","MAPA":"ano","PUMPA":"ne","SAMO_SERVI":"ne","SPRAVCE":"Povodí Labe, státní podnik","STOJAN_KOL":"ne","TYP":"mapa","VODA":"ne","suggested_tag":"tourism=information + information=map"}},{"type":"Feature","geometry":{"type":"Point","coordinates":[15.808875,50.055861]},"properties":{"OBJECTID":372,"INFO_TAB":"ne","KID":372,"KOS":"ne","KRYTE":"ne","MAJITEL":"ČR","MAPA":"ne","PUMPA":"ne","SAMO_SERVI":"ne","SPRAVCE":"Povodí Labe, státní podnik","STOJAN_KOL":"ne","TYP":"lavice se stolem","VODA":"ne","suggested_tag":"leisure=picnic_table"}},{"type":"Feature","geometry":{"type":"Point","coordinates":[15.797454,50.064839]},"properties":{"OBJECTID":373,"INFO_TAB":"ne","KID":373,"KOS":"ne","KRYTE":"ne","MAJITEL":"Obec Staré Hradiště","MAPA":"ano","PUMPA":"ne","SAMO_SERVI":"ne","SPRAVCE":"Obec Staré Hradiště","STOJAN_KOL":"ne","TYP":"mapa","VODA":"ne","suggested_tag":"tourism=information + information=map"}},{"type":"Feature","geometry":{"type":"Point","coordinates":[15.765816,50.075106]},"properties":{"OBJECTID":374,"INFO_TAB":"ano","KID":374,"KOS":"ano","KRYTE":"ano","MAJITEL":"Obec Srch","MAPA":"ne","PUMPA":"ne","SAMO_SERVI":"ne","SPRAVCE":"Obec Srch","STOJAN_KOL":"ne","TYP":"lavice se stolem","VODA":"ne","suggested_tag":"leisure=picnic_table"}},{"type":"Feature","geometry":{"type":"Point","coordinates":[15.762145,50.085461]},"properties":{"OBJECTID":375,"INFO_TAB":"ne","KID":375,"KOS":"ne","KRYTE":"ne","MAJITEL":"Obec Srch","MAPA":"ano","PUMPA":"ne","SAMO_SERVI":"ne","SPRAVCE":"Obec Srch","STOJAN_KOL":"ano","TYP":"lavice se stolem","VODA":"ne","suggested_tag":"leisure=picnic_table"}},{"type":"Feature","geometry":{"type":"Point","coordinates":[15.788423,50.104042]},"properties":{"OBJECTID":376,"INFO_TAB":"ano","KID":376,"KOS":"ne","KRYTE":"ne","MAJITEL":"Obec Hrobice","MAPA":"ano","PUMPA":"ne","SAMO_SERVI":"ne","SPRAVCE":"Obec Hrobice","STOJAN_KOL":"ne","TYP":"tabule","VODA":"ne"}},{"type":"Feature","geometry":{"type":"Point","coordinates":[15.785397,50.154081]},"properties":{"OBJECTID":377,"INFO_TAB":"ne","KID":377,"KOS":"ne","KRYTE":"ne","MAJITEL":"Obec Opatovice nad Labem","MAPA":"ne","PUMPA":"ne","SAMO_SERVI":"ne","SPRAVCE":"Obec Opatovice nad Labem","STOJAN_KOL":"ne","TYP":"lavice","VODA":"ne","suggested_tag":"amenity=bench"}},{"type":"Feature","geometry":{"type":"Point","coordinates":[16.280226,50.041848]},"properties":{"OBJECTID":378,"INFO_TAB":"ne","KID":378,"KOS":"ano","KRYTE":"ano","MAJITEL":"Obec Sudslava","MAPA":"ne","PUMPA":"ne","SAMO_SERVI":"ne","SPRAVCE":"Obec Sudslava","STOJAN_KOL":"ne","TYP":"lavice se stolem","VODA":"ne","suggested_tag":"leisure=picnic_table"}},{"type":"Feature","geometry":{"type":"Point","coordinates":[16.286971,50.008886]},"properties":{"OBJECTID":379,"INFO_TAB":"ne","KID":379,"KOS":"ano","KRYTE":"ano","MAJITEL":"Město Brandýs nad Orlicí","MAPA":"ne","PUMPA":"ne","SAMO_SERVI":"ne","SPRAVCE":"Město Brandýs nad Orlicí","STOJAN_KOL":"ne","TYP":"lavice se stolem","VODA":"ne","suggested_tag":"leisure=picnic_table"}},{"type":"Feature","geometry":{"type":"Point","coordinates":[16.287387,50.000539]},"properties":{"OBJECTID":380,"INFO_TAB":"ne","KID":380,"KOS":"ne","KRYTE":"ne","MAJITEL":"Město Brandýs nad Orlicí","MAPA":"ano","PUMPA":"ne","SAMO_SERVI":"ne","SPRAVCE":"Město Brandýs nad Orlicí","STOJAN_KOL":"ne","TYP":"lavice","VODA":"ne","suggested_tag":"amenity=bench"}},{"type":"Feature","geometry":{"type":"Point","coordinates":[16.28712,49.998457]},"properties":{"OBJECTID":381,"INFO_TAB":"ne","KID":381,"KOS":"ne","KRYTE":"ne","MAJITEL":"Město Brandýs nad Orlicí","MAPA":"ano","PUMPA":"ne","SAMO_SERVI":"ne","SPRAVCE":"Město Brandýs nad Orlicí","STOJAN_KOL":"ne","TYP":"mapa","VODA":"ne","suggested_tag":"tourism=information + information=map"}},{"type":"Feature","geometry":{"type":"Point","coordinates":[16.279999,49.990164]},"properties":{"OBJECTID":382,"INFO_TAB":"ne","KID":382,"KOS":"ano","KRYTE":"ano","MAJITEL":"Obec Oucmanice","MAPA":"ano","PUMPA":"ne","SAMO_SERVI":"ne","SPRAVCE":"Obec Oucmanice","STOJAN_KOL":"ne","TYP":"autobusová zastávka (mapa)","VODA":"ano"}},{"type":"Feature","geometry":{"type":"Point","coordinates":[16.282679,49.989607]},"properties":{"OBJECTID":383,"INFO_TAB":"ano","KID":383,"KOS":"ne","KRYTE":"ne","MAJITEL":"Pardubický kraj","MAPA":"ne","PUMPA":"ne","SAMO_SERVI":"ne","SPRAVCE":"nezjištěno","STOJAN_KOL":"ne","TYP":"tabule","VODA":"ne"}},{"type":"Feature","geometry":{"type":"Point","coordinates":[16.289463,49.985695]},"properties":{"OBJECTID":384,"INFO_TAB":"ne","KID":384,"KOS":"ne","KRYTE":"ne","MAJITEL":"Obec Oucmanice","MAPA":"ne","PUMPA":"ne","SAMO_SERVI":"ne","SPRAVCE":"Obec Oucmanice","STOJAN_KOL":"ne","TYP":"lavice se stolem","VODA":"ne","suggested_tag":"leisure=picnic_table"}},{"type":"Feature","geometry":{"type":"Point","coordinates":[16.270815,49.972624]},"properties":{"OBJECTID":385,"INFO_TAB":"ne","KID":385,"KOS":"ne","KRYTE":"ano","MAJITEL":"Obec Svatý Jiří","MAPA":"ano","PUMPA":"ne","SAMO_SERVI":"ne","SPRAVCE":"Obec Svatý Jiří","STOJAN_KOL":"ne","TYP":"lavice se stolem","VODA":"ne","suggested_tag":"leisure=picnic_table"}},{"type":"Feature","geometry":{"type":"Point","coordinates":[16.229358,50.001437]},"properties":{"OBJECTID":386,"INFO_TAB":"ano","KID":386,"KOS":"ne","KRYTE":"ne","MAJITEL":"Knížecí pivovar, s.r.o.","MAPA":"ne","PUMPA":"ne","SAMO_SERVI":"ne","SPRAVCE":"nezjištěno","STOJAN_KOL":"ne","TYP":"informační tabule","VODA":"ne","suggested_tag":"tourism=information + information=board"}},{"type":"Feature","geometry":{"type":"Point","coordinates":[16.232515,50.002532]},"properties":{"OBJECTID":387,"INFO_TAB":"ne","KID":387,"KOS":"ne","KRYTE":"ano","MAJITEL":"Město Choceň","MAPA":"ne","PUMPA":"ne","SAMO_SERVI":"ne","SPRAVCE":"Město Choceň","STOJAN_KOL":"ne","TYP":"lavice se stolem","VODA":"ne","suggested_tag":"leisure=picnic_table"}},{"type":"Feature","geometry":{"type":"Point","coordinates":[16.233435,50.001483]},"properties":{"OBJECTID":388,"INFO_TAB":"ne","KID":388,"KOS":"ne","KRYTE":"ne","MAJITEL":"ČR","MAPA":"ano","PUMPA":"ne","SAMO_SERVI":"ne","SPRAVCE":"Lesy České republiky, s.p.","STOJAN_KOL":"ne","TYP":"mapa","VODA":"ne","suggested_tag":"tourism=information + information=map"}},{"type":"Feature","geometry":{"type":"Point","coordinates":[16.237045,49.99834]},"properties":{"OBJECTID":389,"INFO_TAB":"ne","KID":389,"KOS":"ne","KRYTE":"ne","MAJITEL":"SLON spol. s r.o.","MAPA":"ano","PUMPA":"ne","SAMO_SERVI":"ne","SPRAVCE":"nezjištěno","STOJAN_KOL":"ne","TYP":"lavice","VODA":"ne","suggested_tag":"amenity=bench"}},{"type":"Feature","geometry":{"type":"Point","coordinates":[16.264865,50.001191]},"properties":{"OBJECTID":390,"INFO_TAB":"ne","KID":390,"KOS":"ano","KRYTE":"ne","MAJITEL":"Město Brandýs nad Orlicí","MAPA":"ne","PUMPA":"ne","SAMO_SERVI":"ne","SPRAVCE":"Město Brandýs nad Orlicí","STOJAN_KOL":"ne","TYP":"lavice se stolem","VODA":"ne","suggested_tag":"leisure=picnic_table"}},{"type":"Feature","geometry":{"type":"Point","coordinates":[16.290664,49.997388]},"properties":{"OBJECTID":391,"INFO_TAB":"ne","KID":391,"KOS":"ne","KRYTE":"ano","MAJITEL":"Město Brandýs nad Orlicí","MAPA":"ne","PUMPA":"ne","SAMO_SERVI":"ne","SPRAVCE":"Město Brandýs nad Orlicí","STOJAN_KOL":"ne","TYP":"lavice","VODA":"ne","suggested_tag":"amenity=bench"}},{"type":"Feature","geometry":{"type":"Point","coordinates":[16.290431,49.997216]},"properties":{"OBJECTID":392,"INFO_TAB":"ne","KID":392,"KOS":"ne","KRYTE":"ne","MAJITEL":"Město Brandýs nad Orlicí","MAPA":"ne","PUMPA":"ne","SAMO_SERVI":"ne","SPRAVCE":"Město Brandýs nad Orlicí","STOJAN_KOL":"ne","TYP":"lavice","VODA":"ne","suggested_tag":"amenity=bench"}},{"type":"Feature","geometry":{"type":"Point","coordinates":[16.28816,49.99725]},"properties":{"OBJECTID":393,"INFO_TAB":"ano","KID":393,"KOS":"ne","KRYTE":"ne","MAJITEL":"Město Brandýs nad Orlicí","MAPA":"ne","PUMPA":"ne","SAMO_SERVI":"ne","SPRAVCE":"Město Brandýs nad Orlicí","STOJAN_KOL":"ne","TYP":"informační tabule","VODA":"ne","suggested_tag":"tourism=information + information=board"}},{"type":"Feature","geometry":{"type":"Point","coordinates":[16.298524,49.999965]},"properties":{"OBJECTID":394,"INFO_TAB":"ne","KID":394,"KOS":"ne","KRYTE":"ano","MAJITEL":"Město Brandýs nad Orlicí","MAPA":"ne","POZN":"pův. OFO","PUMPA":"ne","SAMO_SERVI":"ne","SPRAVCE":"Město Brandýs nad Orlicí","STOJAN_KOL":"ne","TYP":"lavice","VODA":"ne","suggested_tag":"amenity=bench"}},{"type":"Feature","geometry":{"type":"Point","coordinates":[16.324339,49.994129]},"properties":{"OBJECTID":395,"INFO_TAB":"ne","KID":395,"KOS":"ano","KRYTE":"ne","MAJITEL":"ČR","MAPA":"ano","POZN":"opěrný stojan","PUMPA":"ne","SAMO_SERVI":"ne","SPRAVCE":"nezjištěno","STOJAN_KOL":"ano","TYP":"lavice se stolem","VODA":"ne","suggested_tag":"leisure=picnic_table"}},{"type":"Feature","geometry":{"type":"Point","coordinates":[16.334682,49.999356]},"properties":{"OBJECTID":396,"INFO_TAB":"ne","KID":396,"KOS":"ano","KRYTE":"ne","MAJITEL":"Obec Orlické Podhůří","MAPA":"ne","PUMPA":"ne","SAMO_SERVI":"ne","SPRAVCE":"Obec Orlické Podhůří","STOJAN_KOL":"ne","TYP":"lavice se stolem","VODA":"ne","suggested_tag":"leisure=picnic_table"}},{"type":"Feature","geometry":{"type":"Point","coordinates":[16.363197,49.997268]},"properties":{"OBJECTID":397,"INFO_TAB":"ano","KID":397,"KOS":"ano","KRYTE":"ne","MAJITEL":"Obec Orlické Podhůří","MAPA":"ano","POZN":"opěrný stojan","PUMPA":"ne","SAMO_SERVI":"ne","SPRAVCE":"Obec Orlické Podhůří","STOJAN_KOL":"ano","TYP":"lavice se stolem","VODA":"ne","suggested_tag":"leisure=picnic_table"}},{"type":"Feature","geometry":{"type":"Point","coordinates":[16.364937,50.001609]},"properties":{"OBJECTID":398,"INFO_TAB":"ne","KID":398,"KOS":"ano","KRYTE":"ne","MAJITEL":"Obec Libchavy","MAPA":"ne","POZN":"opěrný stojan","PUMPA":"ne","SAMO_SERVI":"ne","SPRAVCE":"Obec Libchavy","STOJAN_KOL":"ano","TYP":"lavice se stolem","VODA":"ne","suggested_tag":"leisure=picnic_table"}},{"type":"Feature","geometry":{"type":"Point","coordinates":[16.375136,50.003706]},"properties":{"OBJECTID":399,"INFO_TAB":"ano","KID":399,"KOS":"ne","KRYTE":"ne","MAJITEL":"Obec Libchavy","MAPA":"ne","POZN":"opěrný stojan, pův. OFO","PUMPA":"ne","SAMO_SERVI":"ne","SPRAVCE":"Obec Libchavy","STOJAN_KOL":"ano","TYP":"lavice","VODA":"ne","suggested_tag":"amenity=bench"}},{"type":"Feature","geometry":{"type":"Point","coordinates":[16.385912,50.006177]},"properties":{"OBJECTID":400,"INFO_TAB":"ano","KID":400,"KOS":"ne","KRYTE":"ne","MAJITEL":"Obec Libchavy","MAPA":"ne","POZN":"pův. OFO","PUMPA":"ne","SAMO_SERVI":"ne","SPRAVCE":"Obec Libchavy","STOJAN_KOL":"ne","TYP":"lavice","VODA":"ne","suggested_tag":"amenity=bench"}},{"type":"Feature","geometry":{"type":"Point","coordinates":[16.38849,50.00561]},"properties":{"OBJECTID":401,"INFO_TAB":"ne","KID":401,"KOS":"ano","KRYTE":"ne","MAJITEL":"Obec Libchavy","MAPA":"ano","PUMPA":"ne","SAMO_SERVI":"ne","SPRAVCE":"Obec Libchavy","STOJAN_KOL":"ne","TYP":"lavice","VODA":"ne","suggested_tag":"amenity=bench"}},{"type":"Feature","geometry":{"type":"Point","coordinates":[16.38992,50.002875]},"properties":{"OBJECTID":402,"INFO_TAB":"ano","KID":402,"KOS":"ano","KRYTE":"ne","MAJITEL":"Obec Libchavy","MAPA":"ne","PUMPA":"ne","SAMO_SERVI":"ne","SPRAVCE":"Obec Libchavy","STOJAN_KOL":"ano","TYP":"lavice se stolem","VODA":"ne","suggested_tag":"leisure=picnic_table"}},{"type":"Feature","geometry":{"type":"Point","coordinates":[16.403284,49.985329]},"properties":{"OBJECTID":403,"INFO_TAB":"ne","KID":403,"KOS":"ano","KRYTE":"ne","MAJITEL":"Obec Libchavy","MAPA":"ne","PUMPA":"ne","SAMO_SERVI":"ne","SPRAVCE":"Obec Libchavy","STOJAN_KOL":"ne","TYP":"lavice se stolem","VODA":"ne","suggested_tag":"leisure=picnic_table"}},{"type":"Feature","geometry":{"type":"Point","coordinates":[16.412109,49.985314]},"properties":{"OBJECTID":404,"INFO_TAB":"ano","KID":404,"KOS":"ne","KRYTE":"ne","MAJITEL":"ČR","MAPA":"ne","PUMPA":"ne","SAMO_SERVI":"ne","SPRAVCE":"nezjištěno","STOJAN_KOL":"ne","TYP":"informační tabule","VODA":"ne","suggested_tag":"tourism=information + information=board"}},{"type":"Feature","geometry":{"type":"Point","coordinates":[16.357713,49.990119]},"properties":{"OBJECTID":405,"INFO_TAB":"ano","KID":405,"KOS":"ne","KRYTE":"ne","MAJITEL":"Obec Orlické Podhůří","MAPA":"ano","PUMPA":"ne","SAMO_SERVI":"ne","SPRAVCE":"Obec Orlické Podhůří","STOJAN_KOL":"ne","TYP":"lavice se stolem","VODA":"ne","suggested_tag":"leisure=picnic_table"}},{"type":"Feature","geometry":{"type":"Point","coordinates":[16.361949,49.972469]},"properties":{"OBJECTID":406,"INFO_TAB":"ne","KID":406,"KOS":"ne","KRYTE":"ano","MAJITEL":"Region Orlicko-Třebovsko","MAPA":"ano","PUMPA":"ne","SAMO_SERVI":"ne","SPRAVCE":"Region Orlicko-Třebovsko","STOJAN_KOL":"ne","TYP":"lavice se stolem","VODA":"ne","suggested_tag":"leisure=picnic_table"}},{"type":"Feature","geometry":{"type":"Point","coordinates":[16.379605,49.970916]},"properties":{"OBJECTID":407,"INFO_TAB":"ne","KID":407,"KOS":"ne","KRYTE":"ne","MAJITEL":"České dráhy, a.s.","MAPA":"ano","PUMPA":"ne","SAMO_SERVI":"ne","SPRAVCE":"nezjištěno","STOJAN_KOL":"ne","TYP":"mapa","VODA":"ne","suggested_tag":"tourism=information + information=map"}},{"type":"Feature","geometry":{"type":"Point","coordinates":[16.423377,49.940066]},"properties":{"OBJECTID":408,"INFO_TAB":"ne","KID":408,"KOS":"ano","KRYTE":"ne","MAJITEL":"Obec Dlouhá Třebová","MAPA":"ne","PUMPA":"ne","SAMO_SERVI":"ne","SPRAVCE":"Obec Dlouhá Třebová","STOJAN_KOL":"ne","TYP":"lavice","VODA":"ne","suggested_tag":"amenity=bench"}},{"type":"Feature","geometry":{"type":"Point","coordinates":[16.44667,49.949513]},"properties":{"OBJECTID":409,"INFO_TAB":"ne","KID":409,"KOS":"ne","KRYTE":"ne","MAJITEL":"AVENA, spol. s r.o.","MAPA":"ne","PUMPA":"ne","SAMO_SERVI":"ne","SPRAVCE":"nezjištěno","STOJAN_KOL":"ne","TYP":"lavice","VODA":"ne","suggested_tag":"amenity=bench"}},{"type":"Feature","geometry":{"type":"Point","coordinates":[16.480631,49.968087]},"properties":{"OBJECTID":410,"INFO_TAB":"ano","KID":410,"KOS":"ne","KRYTE":"ne","MAJITEL":"Město Ústí nad Orlicí","MAPA":"ne","PUMPA":"ne","SAMO_SERVI":"ne","SPRAVCE":"Město Ústí nad Orlicí","STOJAN_KOL":"ne","TYP":"lavice se stolem","VODA":"ne","suggested_tag":"leisure=picnic_table"}},{"type":"Feature","geometry":{"type":"Point","coordinates":[16.432271,49.976519]},"properties":{"OBJECTID":411,"INFO_TAB":"ne","KID":411,"KOS":"ano","KRYTE":"ne","MAJITEL":"Město Ústí nad Orlicí","MAPA":"ano","POZN":"pův. OFO","PUMPA":"ne","SAMO_SERVI":"ne","SPRAVCE":"Město Ústí nad Orlicí","STOJAN_KOL":"ne","TYP":"mapa","VODA":"ne","suggested_tag":"tourism=information + information=map"}},{"type":"Feature","geometry":{"type":"Point","coordinates":[16.409473,49.980718]},"properties":{"OBJECTID":412,"INFO_TAB":"ne","KID":412,"KOS":"ne","KRYTE":"ne","MAJITEL":"Město Ústí nad Orlicí","MAPA":"ne","PUMPA":"ne","SAMO_SERVI":"ne","SPRAVCE":"Město Ústí nad Orlicí","STOJAN_KOL":"ne","TYP":"lavice se stolem","VODA":"ne","suggested_tag":"leisure=picnic_table"}},{"type":"Feature","geometry":{"type":"Point","coordinates":[16.392448,49.98163]},"properties":{"OBJECTID":413,"INFO_TAB":"ne","KID":413,"KOS":"ne","KRYTE":"ne","MAJITEL":"Město Ústí nad Orlicí","MAPA":"ano","PUMPA":"ne","SAMO_SERVI":"ne","SPRAVCE":"Město Ústí nad Orlicí","STOJAN_KOL":"ne","TYP":"mapa","VODA":"ne","suggested_tag":"tourism=information + information=map"}},{"type":"Feature","geometry":{"type":"Point","coordinates":[16.389382,49.981579]},"properties":{"OBJECTID":414,"INFO_TAB":"ne","KID":414,"KOS":"ano","KRYTE":"ne","MAJITEL":"ČR","MAPA":"ne","PUMPA":"ne","SAMO_SERVI":"ne","SPRAVCE":"Povodí Labe, státní podnik","STOJAN_KOL":"ne","TYP":"lavice se stolem","VODA":"ne","suggested_tag":"leisure=picnic_table"}},{"type":"Feature","geometry":{"type":"Point","coordinates":[16.3428,49.972983]},"properties":{"OBJECTID":415,"INFO_TAB":"ne","KID":415,"KOS":"ne","KRYTE":"ne","MAJITEL":"ČR","MAPA":"ano","PUMPA":"ne","SAMO_SERVI":"ne","SPRAVCE":"nezjištěno","STOJAN_KOL":"ne","TYP":"mapa","VODA":"ne","suggested_tag":"tourism=information + information=map"}},{"type":"Feature","geometry":{"type":"Point","coordinates":[16.3226,49.98855]},"properties":{"OBJECTID":416,"INFO_TAB":"ano","KID":416,"KOS":"ne","KRYTE":"ne","MAJITEL":"Pardubický kraj","MAPA":"ne","PUMPA":"ne","SAMO_SERVI":"ne","SPRAVCE":"nezjištěno","STOJAN_KOL":"ne","TYP":"informační tabule","VODA":"ne","suggested_tag":"tourism=information + information=board"}},{"type":"Feature","geometry":{"type":"Point","coordinates":[16.305843,49.969812]},"properties":{"OBJECTID":417,"INFO_TAB":"ne","KID":417,"KOS":"ne","KRYTE":"ne","MAJITEL":"Obec Jehnědí","MAPA":"ano","PUMPA":"ne","SAMO_SERVI":"ne","SPRAVCE":"Obec Jehnědí","STOJAN_KOL":"ne","TYP":"mapa","VODA":"ne","suggested_tag":"tourism=information + information=map"}},{"type":"Feature","geometry":{"type":"Point","coordinates":[16.278978,49.954749]},"properties":{"OBJECTID":418,"INFO_TAB":"ne","KID":418,"KOS":"ne","KRYTE":"ne","MAJITEL":"Pardubický kraj","MAPA":"ne","PUMPA":"ne","SAMO_SERVI":"ne","SPRAVCE":"nezjištěno","STOJAN_KOL":"ne","TYP":"lavice se stolem","VODA":"ne","suggested_tag":"leisure=picnic_table"}},{"type":"Feature","geometry":{"type":"Point","coordinates":[16.281425,49.951695]},"properties":{"OBJECTID":419,"INFO_TAB":"ne","KID":419,"KOS":"ne","KRYTE":"ne","MAJITEL":"Obec Voděrady","MAPA":"ano","PUMPA":"ne","SAMO_SERVI":"ne","SPRAVCE":"Obec Voděrady","STOJAN_KOL":"ne","TYP":"lavice","VODA":"ne","suggested_tag":"amenity=bench"}},{"type":"Feature","geometry":{"type":"Point","coordinates":[16.308114,49.952171]},"properties":{"OBJECTID":420,"INFO_TAB":"ne","KID":420,"KOS":"ne","KRYTE":"ne","MAJITEL":"Obec Voděrady","MAPA":"ano","PUMPA":"ne","SAMO_SERVI":"ne","SPRAVCE":"Obec Voděrady","STOJAN_KOL":"ne","TYP":"mapa","VODA":"ne","suggested_tag":"tourism=information + information=map"}},{"type":"Feature","geometry":{"type":"Point","coordinates":[16.323167,49.952209]},"properties":{"OBJECTID":421,"INFO_TAB":"ne","KID":421,"KOS":"ne","KRYTE":"ano","MAJITEL":"Obec Voděrady","MAPA":"ne","POZN":"pův. OFO","PUMPA":"ne","SAMO_SERVI":"ne","SPRAVCE":"Obec Voděrady","STOJAN_KOL":"ne","TYP":"lavice se stolem","VODA":"ne","suggested_tag":"leisure=picnic_table"}},{"type":"Feature","geometry":{"type":"Point","coordinates":[16.321495,49.939965]},"properties":{"OBJECTID":422,"INFO_TAB":"ne","KID":422,"KOS":"ne","KRYTE":"ne","MAJITEL":"Obec Sloupnice","MAPA":"ano","PUMPA":"ne","SAMO_SERVI":"ne","SPRAVCE":"Obec Sloupnice","STOJAN_KOL":"ne","TYP":"mapa","VODA":"ne","suggested_tag":"tourism=information + information=map"}},{"type":"Feature","geometry":{"type":"Point","coordinates":[16.310717,49.920898]},"properties":{"OBJECTID":423,"INFO_TAB":"ne","KID":423,"KOS":"ne","KRYTE":"ne","MAJITEL":"Obec Sloupnice","MAPA":"ano","PUMPA":"ne","SAMO_SERVI":"ne","SPRAVCE":"Obec Sloupnice","STOJAN_KOL":"ne","TYP":"mapa","VODA":"ne","suggested_tag":"tourism=information + information=map"}},{"type":"Feature","geometry":{"type":"Point","coordinates":[16.252822,49.931502]},"properties":{"OBJECTID":424,"INFO_TAB":"ne","KID":424,"KOS":"ne","KRYTE":"ne","MAJITEL":"Městys České Heřmanice","MAPA":"ano","PUMPA":"ne","SAMO_SERVI":"ne","SPRAVCE":"Městys České Heřmanice","STOJAN_KOL":"ne","TYP":"mapa","VODA":"ne","suggested_tag":"tourism=information + information=map"}},{"type":"Feature","geometry":{"type":"Point","coordinates":[16.24399,49.920434]},"properties":{"OBJECTID":425,"INFO_TAB":"ne","KID":425,"KOS":"ne","KRYTE":"ne","MAJITEL":"Obec Horky","MAPA":"ano","PUMPA":"ne","SAMO_SERVI":"ne","SPRAVCE":"Obec Horky","STOJAN_KOL":"ne","TYP":"mapa","VODA":"ne","suggested_tag":"tourism=information + information=map"}},{"type":"Feature","geometry":{"type":"Point","coordinates":[16.266898,49.923896]},"properties":{"OBJECTID":426,"INFO_TAB":"ne","KID":426,"KOS":"ne","KRYTE":"ne","MAJITEL":"Městys České Heřmanice","MAPA":"ne","PUMPA":"ne","SAMO_SERVI":"ne","SPRAVCE":"Městys České Heřmanice","STOJAN_KOL":"ne","TYP":"lavice","VODA":"ne","suggested_tag":"amenity=bench"}},{"type":"Feature","geometry":{"type":"Point","coordinates":[16.286419,49.883449]},"properties":{"OBJECTID":427,"INFO_TAB":"ano","KID":427,"KOS":"ano","KRYTE":"ne","MAJITEL":"Město Litomyšl","MAPA":"ne","POZN":"pův. OFO","PUMPA":"ne","SAMO_SERVI":"ne","SPRAVCE":"Město Litomyšl","STOJAN_KOL":"ne","TYP":"informační tabule","VODA":"ne","suggested_tag":"tourism=information + information=board"}},{"type":"Feature","geometry":{"type":"Point","coordinates":[16.202886,49.869405]},"properties":{"OBJECTID":428,"INFO_TAB":"ne","KID":428,"KOS":"ne","KRYTE":"ano","MAJITEL":"Pardubický kraj","MAPA":"ne","PUMPA":"ne","SAMO_SERVI":"ne","SPRAVCE":"nezjištěno","STOJAN_KOL":"ne","TYP":"lavice se stolem","VODA":"ne","suggested_tag":"leisure=picnic_table"}},{"type":"Feature","geometry":{"type":"Point","coordinates":[16.202433,49.865993]},"properties":{"OBJECTID":429,"INFO_TAB":"ne","KID":429,"KOS":"ne","KRYTE":"ano","MAJITEL":"Pardubický kraj","MAPA":"ne","PUMPA":"ne","SAMO_SERVI":"ne","SPRAVCE":"nezjištěno","STOJAN_KOL":"ne","TYP":"lavice","VODA":"ne","suggested_tag":"amenity=bench"}},{"type":"Feature","geometry":{"type":"Point","coordinates":[16.15515,49.864676]},"properties":{"OBJECTID":430,"INFO_TAB":"ne","KID":430,"KOS":"ne","KRYTE":"ne","MAJITEL":"Obec Příluka","MAPA":"ano","PUMPA":"ne","SAMO_SERVI":"ne","SPRAVCE":"Obec Příluka","STOJAN_KOL":"ne","TYP":"lavice","VODA":"ne","suggested_tag":"amenity=bench"}},{"type":"Feature","geometry":{"type":"Point","coordinates":[16.161011,49.838372]},"properties":{"OBJECTID":431,"INFO_TAB":"ne","KID":431,"KOS":"ne","KRYTE":"ne","MAJITEL":"Obec Nová Ves u Jarošova","MAPA":"ano","PUMPA":"ne","SAMO_SERVI":"ne","SPRAVCE":"Obec Nová Ves u Jarošova","STOJAN_KOL":"ne","TYP":"mapa","VODA":"ne","suggested_tag":"tourism=information + information=map"}},{"type":"Feature","geometry":{"type":"Point","coordinates":[16.16327,49.814419]},"properties":{"OBJECTID":432,"INFO_TAB":"ano","KID":432,"KOS":"ne","KRYTE":"ne","MAJITEL":"Mikroregion Maštale, svazek obcí","MAPA":"ne","PUMPA":"ano","SAMO_SERVI":"ano","SPRAVCE":"Mikroregion Maštale, svazek obcí","STOJAN_KOL":"ne","TYP":"lavice se stolem","VODA":"ne","suggested_tag":"leisure=picnic_table"}},{"type":"Feature","geometry":{"type":"Point","coordinates":[16.163049,49.824874]},"properties":{"OBJECTID":433,"INFO_TAB":"ne","KID":433,"KOS":"ne","KRYTE":"ne","MAJITEL":"Obec Jarošov","MAPA":"ano","POZN":"pův. OFO","PUMPA":"ne","SAMO_SERVI":"ne","SPRAVCE":"Obec Jarošov","STOJAN_KOL":"ne","TYP":"mapa","VODA":"ne","suggested_tag":"tourism=information + information=map"}},{"type":"Feature","geometry":{"type":"Point","coordinates":[16.189263,49.825707]},"properties":{"OBJECTID":434,"INFO_TAB":"ne","KID":434,"KOS":"ano","KRYTE":"ano","MAJITEL":"Obec Chotěnov","MAPA":"ne","PUMPA":"ne","SAMO_SERVI":"ne","SPRAVCE":"Obec Chotěnov","STOJAN_KOL":"ne","TYP":"lavice se stolem","VODA":"ne","suggested_tag":"leisure=picnic_table"}},{"type":"Feature","geometry":{"type":"Point","coordinates":[16.244925,49.827836]},"properties":{"OBJECTID":435,"INFO_TAB":"ne","KID":435,"KOS":"ano","KRYTE":"ano","MAJITEL":"Obec Dolní Újezd","MAPA":"ano","PUMPA":"ne","SAMO_SERVI":"ne","SPRAVCE":"Obec Dolní Újezd","STOJAN_KOL":"ne","TYP":"lavice se stolem","VODA":"ne","suggested_tag":"leisure=picnic_table"}},{"type":"Feature","geometry":{"type":"Point","coordinates":[16.337478,49.968063]},"properties":{"OBJECTID":436,"INFO_TAB":"ne","KID":436,"KOS":"ne","KRYTE":"ne","MAJITEL":"Pardubický kraj","MAPA":"ne","PUMPA":"ne","SAMO_SERVI":"ne","SPRAVCE":"nezjištěno","STOJAN_KOL":"ne","TYP":"lavice","VODA":"ne","suggested_tag":"amenity=bench"}},{"type":"Feature","geometry":{"type":"Point","coordinates":[16.36037,49.953108]},"properties":{"OBJECTID":437,"INFO_TAB":"ne","KID":437,"KOS":"ne","KRYTE":"ne","MAJITEL":"Obec Řetůvka","MAPA":"ano","PUMPA":"ne","SAMO_SERVI":"ne","SPRAVCE":"Obec Řetůvka","STOJAN_KOL":"ne","TYP":"mapa","VODA":"ne","suggested_tag":"tourism=information + information=map"}},{"type":"Feature","geometry":{"type":"Point","coordinates":[16.382067,49.964476]},"properties":{"OBJECTID":438,"INFO_TAB":"ano","KID":438,"KOS":"ne","KRYTE":"ne","MAJITEL":"Město Ústí nad Orlicí","MAPA":"ne","PUMPA":"ne","SAMO_SERVI":"ne","SPRAVCE":"Město Ústí nad Orlicí","STOJAN_KOL":"ne","TYP":"lavice se stolem","VODA":"ne","suggested_tag":"leisure=picnic_table"}},{"type":"Feature","geometry":{"type":"Point","coordinates":[16.42655,49.937469]},"properties":{"OBJECTID":439,"INFO_TAB":"ne","KID":439,"KOS":"ano","KRYTE":"ne","MAJITEL":"Obec Dlouhá Třebová","MAPA":"ne","PUMPA":"ne","SAMO_SERVI":"ne","SPRAVCE":"Obec Dlouhá Třebová","STOJAN_KOL":"ne","TYP":"lavice se stolem","VODA":"ne","suggested_tag":"leisure=picnic_table"}},{"type":"Feature","geometry":{"type":"Point","coordinates":[16.427528,49.93567]},"properties":{"OBJECTID":440,"INFO_TAB":"ano","KID":440,"KOS":"ano","KRYTE":"ano","MAJITEL":"Obec Dlouhá Třebová","MAPA":"ano","POZN":"opěrný stojan","PUMPA":"ne","SAMO_SERVI":"ne","SPRAVCE":"Obec Dlouhá Třebová","STOJAN_KOL":"ano","TYP":"lavice se stolem","VODA":"ne","suggested_tag":"leisure=picnic_table"}},{"type":"Feature","geometry":{"type":"Point","coordinates":[16.436261,49.924943]},"properties":{"OBJECTID":441,"INFO_TAB":"ne","KID":441,"KOS":"ne","KRYTE":"ano","MAJITEL":"Region Orlicko-Třebovsko","MAPA":"ne","POZN":"opěrný stojan","PUMPA":"ne","SAMO_SERVI":"ne","SPRAVCE":"Region Orlicko-Třebovsko","STOJAN_KOL":"ano","TYP":"lavice se stolem","VODA":"ne","suggested_tag":"leisure=picnic_table"}},{"type":"Feature","geometry":{"type":"Point","coordinates":[16.440431,49.914472]},"properties":{"OBJECTID":442,"INFO_TAB":"ne","KID":442,"KOS":"ne","KRYTE":"ne","MAJITEL":"Město Česká Třebová","MAPA":"ano","PUMPA":"ne","SAMO_SERVI":"ne","SPRAVCE":"Město Česká Třebová","STOJAN_KOL":"ne","TYP":"mapa","VODA":"ne","suggested_tag":"tourism=information + information=map"}},{"type":"Feature","geometry":{"type":"Point","coordinates":[16.448113,49.901838]},"properties":{"OBJECTID":443,"INFO_TAB":"ne","KID":443,"KOS":"ne","KRYTE":"ne","MAJITEL":"Město Česká Třebová","MAPA":"ano","PUMPA":"ne","SAMO_SERVI":"ne","SPRAVCE":"Město Česká Třebová","STOJAN_KOL":"ano","TYP":"mapa","VODA":"ne","suggested_tag":"tourism=information + information=map"}},{"type":"Feature","geometry":{"type":"Point","coordinates":[16.400294,49.917628]},"properties":{"OBJECTID":444,"INFO_TAB":"ne","KID":444,"KOS":"ano","KRYTE":"ne","MAJITEL":"Pardubický kraj","MAPA":"ano","PUMPA":"ne","SAMO_SERVI":"ne","SPRAVCE":"nezjištěno","STOJAN_KOL":"ne","TYP":"lavice se stolem","VODA":"ne","suggested_tag":"leisure=picnic_table"}},{"type":"Feature","geometry":{"type":"Point","coordinates":[16.395739,49.922102]},"properties":{"OBJECTID":445,"INFO_TAB":"ano","KID":445,"KOS":"ne","KRYTE":"ne","MAJITEL":"Obec Přívrat","MAPA":"ano","PUMPA":"ne","SAMO_SERVI":"ne","SPRAVCE":"Obec Přívrat","STOJAN_KOL":"ne","TYP":"tabule","VODA":"ne"}},{"type":"Feature","geometry":{"type":"Point","coordinates":[16.394666,49.927315]},"properties":{"OBJECTID":446,"INFO_TAB":"ne","KID":446,"KOS":"ne","KRYTE":"ne","MAJITEL":"Obec Přívrat","MAPA":"ano","PUMPA":"ne","SAMO_SERVI":"ne","SPRAVCE":"Obec Přívrat","STOJAN_KOL":"ne","TYP":"lavice","VODA":"ne","suggested_tag":"amenity=bench"}},{"type":"Feature","geometry":{"type":"Point","coordinates":[16.38822,49.931216]},"properties":{"OBJECTID":447,"INFO_TAB":"ne","KID":447,"KOS":"ne","KRYTE":"ne","MAJITEL":"Obec Přívrat","MAPA":"ano","POZN":"pův. OFO","PUMPA":"ne","SAMO_SERVI":"ne","SPRAVCE":"Obec Přívrat","STOJAN_KOL":"ne","TYP":"mapa","VODA":"ne","suggested_tag":"tourism=information + information=map"}},{"type":"Feature","geometry":{"type":"Point","coordinates":[16.378306,49.946271]},"properties":{"OBJECTID":448,"INFO_TAB":"ne","KID":448,"KOS":"ne","KRYTE":"ne","MAJITEL":"Obec Řetová","MAPA":"ne","PUMPA":"ne","SAMO_SERVI":"ne","SPRAVCE":"Obec Řetová","STOJAN_KOL":"ne","TYP":"lavice","VODA":"ne","suggested_tag":"amenity=bench"}},{"type":"Feature","geometry":{"type":"Point","coordinates":[16.378367,49.945948]},"properties":{"OBJECTID":449,"INFO_TAB":"ne","KID":449,"KOS":"ano","KRYTE":"ne","MAJITEL":"Obec Řetová","MAPA":"ano","PUMPA":"ne","SAMO_SERVI":"ne","SPRAVCE":"Obec Řetová","STOJAN_KOL":"ano","TYP":"lavice","VODA":"ne","suggested_tag":"amenity=bench"}},{"type":"Feature","geometry":{"type":"Point","coordinates":[16.365061,49.943238]},"properties":{"OBJECTID":450,"INFO_TAB":"ne","KID":450,"KOS":"ne","KRYTE":"ne","MAJITEL":"Pardubický kraj","MAPA":"ne","PUMPA":"ne","SAMO_SERVI":"ne","SPRAVCE":"nezjištěno","STOJAN_KOL":"ne","TYP":"lavice","VODA":"ne","suggested_tag":"amenity=bench"}},{"type":"Feature","geometry":{"type":"Point","coordinates":[16.387393,49.897629]},"properties":{"OBJECTID":451,"INFO_TAB":"ano","KID":451,"KOS":"ne","KRYTE":"ne","MAJITEL":"Město Česká Třebová","MAPA":"ne","POZN":"pův. OFO","PUMPA":"ne","SAMO_SERVI":"ne","SPRAVCE":"Město Česká Třebová","STOJAN_KOL":"ne","TYP":"informační tabule","VODA":"ne","suggested_tag":"tourism=information + information=board"}},{"type":"Feature","geometry":{"type":"Point","coordinates":[16.378136,49.898066]},"properties":{"OBJECTID":452,"INFO_TAB":"ne","KID":452,"KOS":"ne","KRYTE":"ne","MAJITEL":"Obec Němčice","MAPA":"ne","POZN":"pův. OFO","PUMPA":"ne","SAMO_SERVI":"ne","SPRAVCE":"Obec Němčice","STOJAN_KOL":"ne","TYP":"lavice","VODA":"ne","suggested_tag":"amenity=bench"}},{"type":"Feature","geometry":{"type":"Point","coordinates":[16.376439,49.898034]},"properties":{"OBJECTID":453,"INFO_TAB":"ne","KID":453,"KOS":"ne","KRYTE":"ne","MAJITEL":"Obec Němčice","MAPA":"ne","POZN":"pův. OFO","PUMPA":"ne","SAMO_SERVI":"ne","SPRAVCE":"Obec Němčice","STOJAN_KOL":"ne","TYP":"lavice","VODA":"ne","suggested_tag":"amenity=bench"}},{"type":"Feature","geometry":{"type":"Point","coordinates":[16.374325,49.898174]},"properties":{"OBJECTID":454,"INFO_TAB":"ne","KID":454,"KOS":"ne","KRYTE":"ne","MAJITEL":"Obec Němčice","MAPA":"ne","POZN":"pův. OFO","PUMPA":"ne","SAMO_SERVI":"ne","SPRAVCE":"Obec Němčice","STOJAN_KOL":"ne","TYP":"lavice","VODA":"ne","suggested_tag":"amenity=bench"}},{"type":"Feature","geometry":{"type":"Point","coordinates":[16.389027,49.894123]},"properties":{"OBJECTID":455,"INFO_TAB":"ano","KID":455,"KOS":"ne","KRYTE":"ano","MAJITEL":"Město Česká Třebová","MAPA":"ano","PUMPA":"ne","SAMO_SERVI":"ne","SPRAVCE":"Město Česká Třebová","STOJAN_KOL":"ne","TYP":"lavice se stolem","VODA":"ne","suggested_tag":"leisure=picnic_table"}},{"type":"Feature","geometry":{"type":"Point","coordinates":[16.409529,49.883708]},"properties":{"OBJECTID":456,"INFO_TAB":"ne","KID":456,"KOS":"ne","KRYTE":"ne","MAJITEL":"Město Česká Třebová","MAPA":"ne","POZN":"pův. OFO","PUMPA":"ne","SAMO_SERVI":"ne","SPRAVCE":"Město Česká Třebová","STOJAN_KOL":"ne","TYP":"lavice se stolem","VODA":"ne","suggested_tag":"leisure=picnic_table"}},{"type":"Feature","geometry":{"type":"Point","coordinates":[16.409882,49.883351]},"properties":{"OBJECTID":457,"INFO_TAB":"ne","KID":457,"KOS":"ano","KRYTE":"ano","MAJITEL":"Město Česká Třebová","MAPA":"ne","PUMPA":"ne","SAMO_SERVI":"ne","SPRAVCE":"Město Česká Třebová","STOJAN_KOL":"ne","TYP":"lavice se stolem","VODA":"ne","suggested_tag":"leisure=picnic_table"}},{"type":"Feature","geometry":{"type":"Point","coordinates":[16.413472,49.881855]},"properties":{"OBJECTID":458,"INFO_TAB":"ano","KID":458,"KOS":"ne","KRYTE":"ne","MAJITEL":"Město Česká Třebová","MAPA":"ne","PUMPA":"ne","SAMO_SERVI":"ne","SPRAVCE":"Město Česká Třebová","STOJAN_KOL":"ne","TYP":"informační tabule","VODA":"ne","suggested_tag":"tourism=information + information=board"}},{"type":"Feature","geometry":{"type":"Point","coordinates":[16.449603,49.866613]},"properties":{"OBJECTID":459,"INFO_TAB":"ne","KID":459,"KOS":"ne","KRYTE":"ne","MAJITEL":"Obec Semanín","MAPA":"ano","PUMPA":"ne","SAMO_SERVI":"ne","SPRAVCE":"Obec Semanín","STOJAN_KOL":"ano","TYP":"mapa","VODA":"ne","suggested_tag":"tourism=information + information=map"}},{"type":"Feature","geometry":{"type":"Point","coordinates":[16.357686,49.867314]},"properties":{"OBJECTID":460,"INFO_TAB":"ano","KID":460,"KOS":"ne","KRYTE":"ne","MAJITEL":"Obec Strakov","MAPA":"ne","PUMPA":"ne","SAMO_SERVI":"ne","SPRAVCE":"Obec Strakov","STOJAN_KOL":"ne","TYP":"lavice","VODA":"ne","suggested_tag":"amenity=bench"}},{"type":"Feature","geometry":{"type":"Point","coordinates":[16.366775,49.866545]},"properties":{"OBJECTID":461,"INFO_TAB":"ne","KID":461,"KOS":"ne","KRYTE":"ne","MAJITEL":"Obec Strakov","MAPA":"ne","PUMPA":"ne","SAMO_SERVI":"ne","SPRAVCE":"Obec Strakov","STOJAN_KOL":"ne","TYP":"lavice se stolem","VODA":"ne","suggested_tag":"leisure=picnic_table"}},{"type":"Feature","geometry":{"type":"Point","coordinates":[16.400167,49.84459]},"properties":{"OBJECTID":462,"INFO_TAB":"ne","KID":462,"KOS":"ne","KRYTE":"ne","MAJITEL":"Zemědělské družstvo chovatelů a pěstitelů Litomyšl","MAPA":"ne","PUMPA":"ne","SAMO_SERVI":"ne","SPRAVCE":"nezjištěno","STOJAN_KOL":"ne","TYP":"lavice","VODA":"ne","suggested_tag":"amenity=bench"}},{"type":"Feature","geometry":{"type":"Point","coordinates":[16.391553,49.833821]},"properties":{"OBJECTID":463,"INFO_TAB":"ano","KID":463,"KOS":"ne","KRYTE":"ne","MAJITEL":"Obec Janov","MAPA":"ne","PUMPA":"ne","SAMO_SERVI":"ne","SPRAVCE":"Obec Janov","STOJAN_KOL":"ne","TYP":"lavice","VODA":"ne","suggested_tag":"amenity=bench"}},{"type":"Feature","geometry":{"type":"Point","coordinates":[16.433649,49.781402]},"properties":{"OBJECTID":464,"INFO_TAB":"ne","KID":464,"KOS":"ano","KRYTE":"ne","MAJITEL":"Obec Javorník","MAPA":"ne","PUMPA":"ne","SAMO_SERVI":"ne","SPRAVCE":"Obec Javorník","STOJAN_KOL":"ano","TYP":"lavice se stolem","VODA":"ne","suggested_tag":"leisure=picnic_table"}},{"type":"Feature","geometry":{"type":"Point","coordinates":[16.436161,49.777395]},"properties":{"OBJECTID":465,"INFO_TAB":"ne","KID":465,"KOS":"ano","KRYTE":"ano","MAJITEL":"Obec Javorník","MAPA":"ne","PUMPA":"ne","SAMO_SERVI":"ne","SPRAVCE":"Obec Javorník","STOJAN_KOL":"ne","TYP":"lavice se stolem","VODA":"ne","suggested_tag":"leisure=picnic_table"}},{"type":"Feature","geometry":{"type":"Point","coordinates":[16.436922,49.773762]},"properties":{"OBJECTID":466,"INFO_TAB":"ano","KID":466,"KOS":"ne","KRYTE":"ne","MAJITEL":"REZIDENCE JELEN s.r.o.","MAPA":"ano","PUMPA":"ne","SAMO_SERVI":"ne","SPRAVCE":"nezjištěno","STOJAN_KOL":"ne","TYP":"tabule","VODA":"ne"}},{"type":"Feature","geometry":{"type":"Point","coordinates":[16.475457,49.776867]},"properties":{"OBJECTID":467,"INFO_TAB":"ne","KID":467,"KOS":"ne","KRYTE":"ne","MAJITEL":"Město Svitavy","MAPA":"ne","PUMPA":"ne","SAMO_SERVI":"ne","SPRAVCE":"Město Svitavy","STOJAN_KOL":"ne","TYP":"lavice se stolem","VODA":"ne","suggested_tag":"leisure=picnic_table"}},{"type":"Feature","geometry":{"type":"Point","coordinates":[16.464788,49.76483]},"properties":{"OBJECTID":468,"INFO_TAB":"ano","KID":468,"KOS":"ano","KRYTE":"ne","MAJITEL":"RYBÁŘSTVÍ LITOMYŠL s.r.o.","MAPA":"ne","PUMPA":"ne","SAMO_SERVI":"ne","SPRAVCE":"nezjištěno","STOJAN_KOL":"ne","TYP":"lavice","VODA":"ne","suggested_tag":"amenity=bench"}},{"type":"Feature","geometry":{"type":"Point","coordinates":[16.470282,49.756045]},"properties":{"OBJECTID":469,"INFO_TAB":"ne","KID":469,"KOS":"ne","KRYTE":"ne","MAJITEL":"Město Svitavy","MAPA":"ano","PUMPA":"ne","SAMO_SERVI":"ne","SPRAVCE":"Město Svitavy","STOJAN_KOL":"ano","TYP":"lavice","VODA":"ne","suggested_tag":"amenity=bench"}},{"type":"Feature","geometry":{"type":"Point","coordinates":[16.40547,49.779018]},"properties":{"OBJECTID":470,"INFO_TAB":"ano","KID":470,"KOS":"ano","KRYTE":"ano","MAJITEL":"ČR","MAPA":"ne","PUMPA":"ne","SAMO_SERVI":"ne","SPRAVCE":"Lesy České republiky, s.p.","STOJAN_KOL":"ne","TYP":"lavice","VODA":"ne","suggested_tag":"amenity=bench"}},{"type":"Feature","geometry":{"type":"Point","coordinates":[16.344226,49.819653]},"properties":{"OBJECTID":471,"INFO_TAB":"ne","KID":471,"KOS":"ne","KRYTE":"ne","MAJITEL":"Obec Čistá","MAPA":"ano","PUMPA":"ne","SAMO_SERVI":"ne","SPRAVCE":"Obec Čistá","STOJAN_KOL":"ne","TYP":"lavice","VODA":"ne","suggested_tag":"amenity=bench"}},{"type":"Feature","geometry":{"type":"Point","coordinates":[16.344262,49.78635]},"properties":{"OBJECTID":472,"INFO_TAB":"ne","KID":472,"KOS":"ne","KRYTE":"ne","MAJITEL":"Obec Trstěnice","MAPA":"ne","PUMPA":"ne","SAMO_SERVI":"ne","SPRAVCE":"Obec Trstěnice","STOJAN_KOL":"ne","TYP":"lavice se stolem","VODA":"ano","suggested_tag":"leisure=picnic_table"}},{"type":"Feature","geometry":{"type":"Point","coordinates":[16.369432,49.766957]},"properties":{"OBJECTID":473,"INFO_TAB":"ne","KID":473,"KOS":"ne","KRYTE":"ne","MAJITEL":"Obec Karle","MAPA":"ano","PUMPA":"ne","SAMO_SERVI":"ne","SPRAVCE":"Obec Karle","STOJAN_KOL":"ne","TYP":"mapa","VODA":"ne","suggested_tag":"tourism=information + information=map"}},{"type":"Feature","geometry":{"type":"Point","coordinates":[16.393483,49.754217]},"properties":{"OBJECTID":474,"INFO_TAB":"ne","KID":474,"KOS":"ano","KRYTE":"ano","MAJITEL":"Obec Karle","MAPA":"ano","PUMPA":"ne","SAMO_SERVI":"ne","SPRAVCE":"Obec Karle","STOJAN_KOL":"ne","TYP":"lavice se stolem","VODA":"ne","suggested_tag":"leisure=picnic_table"}},{"type":"Feature","geometry":{"type":"Point","coordinates":[16.412577,49.739646]},"properties":{"OBJECTID":475,"INFO_TAB":"ano","KID":475,"KOS":"ne","KRYTE":"ne","MAJITEL":"Obec Vendolí","MAPA":"ano","PUMPA":"ne","SAMO_SERVI":"ne","SPRAVCE":"Obec Vendolí","STOJAN_KOL":"ne","TYP":"lavice","VODA":"ne","suggested_tag":"amenity=bench"}},{"type":"Feature","geometry":{"type":"Point","coordinates":[16.420864,49.740444]},"properties":{"OBJECTID":476,"INFO_TAB":"ano","KID":476,"KOS":"ne","KRYTE":"ne","MAJITEL":"Pardubický kraj","MAPA":"ne","PUMPA":"ne","SAMO_SERVI":"ne","SPRAVCE":"nezjištěno","STOJAN_KOL":"ne","TYP":"informační tabule","VODA":"ne","suggested_tag":"tourism=information + information=board"}},{"type":"Feature","geometry":{"type":"Point","coordinates":[16.426866,49.738147]},"properties":{"OBJECTID":477,"INFO_TAB":"ano","KID":477,"KOS":"ne","KRYTE":"ne","MAJITEL":"Obec Vendolí","MAPA":"ne","PUMPA":"ne","SAMO_SERVI":"ne","SPRAVCE":"Obec Vendolí","STOJAN_KOL":"ne","TYP":"informační tabule","VODA":"ne","suggested_tag":"tourism=information + information=board"}},{"type":"Feature","geometry":{"type":"Point","coordinates":[16.514579,49.740122]},"properties":{"OBJECTID":478,"INFO_TAB":"ne","KID":478,"KOS":"tříděný","KRYTE":"ne","MAJITEL":"Obec Kamenná Horka","MAPA":"ano","POZN":"popelnice","PUMPA":"ne","SAMO_SERVI":"ne","SPRAVCE":"Obec Kamenná Horka","STOJAN_KOL":"ne","TYP":"mapa","VODA":"ne","suggested_tag":"tourism=information + information=map"}},{"type":"Feature","geometry":{"type":"Point","coordinates":[16.528571,49.738594]},"properties":{"OBJECTID":479,"INFO_TAB":"ne","KID":479,"KOS":"ano","KRYTE":"ano","MAJITEL":"Obec Kamenná Horka","MAPA":"ne","PUMPA":"ne","SAMO_SERVI":"ne","SPRAVCE":"Obec Kamenná Horka","STOJAN_KOL":"ne","TYP":"lavice se stolem","VODA":"ne","suggested_tag":"leisure=picnic_table"}},{"type":"Feature","geometry":{"type":"Point","coordinates":[16.530901,49.739803]},"properties":{"OBJECTID":480,"INFO_TAB":"ne","KID":480,"KOS":"ne","KRYTE":"ne","MAJITEL":"Obec Kamenná Horka","MAPA":"ano","PUMPA":"ne","SAMO_SERVI":"ne","SPRAVCE":"Obec Kamenná Horka","STOJAN_KOL":"ne","TYP":"mapa","VODA":"ne","suggested_tag":"tourism=information + information=map"}},{"type":"Feature","geometry":{"type":"Point","coordinates":[16.58877,49.761497]},"properties":{"OBJECTID":481,"INFO_TAB":"ano","KID":481,"KOS":"ne","KRYTE":"ne","MAJITEL":"ČR","MAPA":"ne","PUMPA":"ne","SAMO_SERVI":"ne","SPRAVCE":"Lesy České republiky, s.p.","STOJAN_KOL":"ne","TYP":"informační tabule","VODA":"ne","suggested_tag":"tourism=information + information=board"}},{"type":"Feature","geometry":{"type":"Point","coordinates":[16.588998,49.762663]},"properties":{"OBJECTID":482,"INFO_TAB":"ne","KID":482,"KOS":"ne","KRYTE":"ano","MAJITEL":"ČR","MAPA":"ne","PUMPA":"ne","SAMO_SERVI":"ne","SPRAVCE":"Lesy České republiky, s.p.","STOJAN_KOL":"ne","TYP":"lavice se stolem","VODA":"ne","suggested_tag":"leisure=picnic_table"}},{"type":"Feature","geometry":{"type":"Point","coordinates":[16.601531,49.767795]},"properties":{"OBJECTID":483,"INFO_TAB":"ano","KID":483,"KOS":"ano","KRYTE":"ne","MAJITEL":"ČR","MAPA":"ne","PUMPA":"ne","SAMO_SERVI":"ne","SPRAVCE":"Lesy České republiky, s.p.","STOJAN_KOL":"ne","TYP":"lavice se stolem","VODA":"ne","suggested_tag":"leisure=picnic_table"}},{"type":"Feature","geometry":{"type":"Point","coordinates":[16.614365,49.765462]},"properties":{"OBJECTID":484,"INFO_TAB":"ne","KID":484,"KOS":"ne","KRYTE":"ne","MAJITEL":"ČR","MAPA":"ne","PUMPA":"ne","SAMO_SERVI":"ne","SPRAVCE":"Lesy České republiky, s.p.","STOJAN_KOL":"ne","TYP":"lavice se stolem","VODA":"ne","suggested_tag":"leisure=picnic_table"}},{"type":"Feature","geometry":{"type":"Point","coordinates":[16.635497,49.763439]},"properties":{"OBJECTID":485,"INFO_TAB":"ne","KID":485,"KOS":"ne","KRYTE":"ne","MAJITEL":"Město Moravská Třebová","MAPA":"ne","PUMPA":"ne","SAMO_SERVI":"ne","SPRAVCE":"Město Moravská Třebová","STOJAN_KOL":"ne","TYP":"lavice","VODA":"ne","suggested_tag":"amenity=bench"}},{"type":"Feature","geometry":{"type":"Point","coordinates":[16.665204,49.759959]},"properties":{"OBJECTID":486,"INFO_TAB":"ne","KID":486,"KOS":"ne","KRYTE":"ne","MAJITEL":"Pardubický kraj","MAPA":"ano","PUMPA":"ne","SAMO_SERVI":"ne","SPRAVCE":"nezjištěno","STOJAN_KOL":"ne","TYP":"mapa","VODA":"ne","suggested_tag":"tourism=information + information=map"}},{"type":"Feature","geometry":{"type":"Point","coordinates":[16.564101,49.738765]},"properties":{"OBJECTID":487,"INFO_TAB":"ne","KID":487,"KOS":"ano","KRYTE":"ano","MAJITEL":"ČR","MAPA":"ne","PUMPA":"ne","SAMO_SERVI":"ne","SPRAVCE":"Lesy České republiky, s.p.","STOJAN_KOL":"ne","TYP":"lavice se stolem","VODA":"ne","suggested_tag":"leisure=picnic_table"}},{"type":"Feature","geometry":{"type":"Point","coordinates":[16.580691,49.705423]},"properties":{"OBJECTID":488,"INFO_TAB":"ne","KID":488,"KOS":"ne","KRYTE":"ne","MAJITEL":"ČR","MAPA":"ne","PUMPA":"ne","SAMO_SERVI":"ne","SPRAVCE":"Lesy České republiky, s.p.","STOJAN_KOL":"ne","TYP":"lavice","VODA":"ne","suggested_tag":"amenity=bench"}},{"type":"Feature","geometry":{"type":"Point","coordinates":[16.531582,49.706404]},"properties":{"OBJECTID":489,"INFO_TAB":"ne","KID":489,"KOS":"ne","KRYTE":"ne","MAJITEL":"Obec Sklené","MAPA":"ne","PUMPA":"ne","SAMO_SERVI":"ne","SPRAVCE":"Obec Sklené","STOJAN_KOL":"ne","TYP":"lavice se stolem","VODA":"ne","suggested_tag":"leisure=picnic_table"}},{"type":"Feature","geometry":{"type":"Point","coordinates":[16.560888,49.696022]},"properties":{"OBJECTID":490,"INFO_TAB":"ne","KID":490,"KOS":"ne","KRYTE":"ne","MAJITEL":"Obec Pohledy","MAPA":"ne","PUMPA":"ne","SAMO_SERVI":"ne","SPRAVCE":"Obec Pohledy","STOJAN_KOL":"ne","TYP":"lavice se stolem","VODA":"ne","suggested_tag":"leisure=picnic_table"}},{"type":"Feature","geometry":{"type":"Point","coordinates":[16.57909,49.683913]},"properties":{"OBJECTID":491,"INFO_TAB":"ne","KID":491,"KOS":"ne","KRYTE":"ano","MAJITEL":"ČR","MAPA":"ne","PUMPA":"ne","SAMO_SERVI":"ne","SPRAVCE":"Lesy České republiky, s.p.","STOJAN_KOL":"ne","TYP":"lavice se stolem","VODA":"ne","suggested_tag":"leisure=picnic_table"}},{"type":"Feature","geometry":{"type":"Point","coordinates":[16.579007,49.69557]},"properties":{"OBJECTID":492,"INFO_TAB":"ne","KID":492,"KOS":"ne","KRYTE":"ne","MAJITEL":"ČR","MAPA":"ne","PUMPA":"ne","SAMO_SERVI":"ne","SPRAVCE":"Lesy České republiky, s.p.","STOJAN_KOL":"ne","TYP":"lavice se stolem","VODA":"ne","suggested_tag":"leisure=picnic_table"}},{"type":"Feature","geometry":{"type":"Point","coordinates":[16.589831,49.685489]},"properties":{"OBJECTID":493,"INFO_TAB":"ano","KID":493,"KOS":"ne","KRYTE":"ne","MAJITEL":"ČR","MAPA":"ne","PUMPA":"ne","SAMO_SERVI":"ne","SPRAVCE":"Lesy České republiky, s.p.","STOJAN_KOL":"ne","TYP":"informační tabule","VODA":"ne","suggested_tag":"tourism=information + information=board"}},{"type":"Feature","geometry":{"type":"Point","coordinates":[16.619622,49.650864]},"properties":{"OBJECTID":494,"INFO_TAB":"ne","KID":494,"KOS":"ne","KRYTE":"ne","MAJITEL":"Obec Březina","MAPA":"ano","PUMPA":"ne","SAMO_SERVI":"ne","SPRAVCE":"Obec Březina","STOJAN_KOL":"ne","TYP":"mapa","VODA":"ne","suggested_tag":"tourism=information + information=map"}},{"type":"Feature","geometry":{"type":"Point","coordinates":[16.607893,49.62946]},"properties":{"OBJECTID":495,"INFO_TAB":"ne","KID":495,"KOS":"ano","KRYTE":"ano","MAJITEL":"Obec Slatina","MAPA":"ano","PUMPA":"ne","SAMO_SERVI":"ne","SPRAVCE":"Obec Slatina","STOJAN_KOL":"ne","TYP":"autobusová zastávka (mapa)","VODA":"ne"}},{"type":"Feature","geometry":{"type":"Point","coordinates":[16.660199,49.66027]},"properties":{"OBJECTID":496,"INFO_TAB":"ne","KID":496,"KOS":"ne","KRYTE":"ne","MAJITEL":"Město Jevíčko","MAPA":"ano","PUMPA":"ne","SAMO_SERVI":"ne","SPRAVCE":"Město Jevíčko","STOJAN_KOL":"ne","TYP":"mapa","VODA":"ne","suggested_tag":"tourism=information + information=map"}},{"type":"Feature","geometry":{"type":"Point","coordinates":[16.417254,49.700787]},"properties":{"OBJECTID":497,"INFO_TAB":"ne","KID":497,"KOS":"tříděný","KRYTE":"ne","MAJITEL":"Obec Radiměř","MAPA":"ne","POZN":"popelnice","PUMPA":"ne","SAMO_SERVI":"ne","SPRAVCE":"Obec Radiměř","STOJAN_KOL":"ne","TYP":"lavice","VODA":"ne","suggested_tag":"amenity=bench"}},{"type":"Feature","geometry":{"type":"Point","coordinates":[16.364826,49.686025]},"properties":{"OBJECTID":498,"INFO_TAB":"ne","KID":498,"KOS":"ne","KRYTE":"ne","MAJITEL":"Obec Stašov","MAPA":"ne","PUMPA":"ne","SAMO_SERVI":"ne","SPRAVCE":"Obec Stašov","STOJAN_KOL":"ano","TYP":"lavice","VODA":"ne","suggested_tag":"amenity=bench"}},{"type":"Feature","geometry":{"type":"Point","coordinates":[16.367649,49.677771]},"properties":{"OBJECTID":499,"INFO_TAB":"ne","KID":499,"KOS":"ne","KRYTE":"ne","MAJITEL":"Obec Stašov","MAPA":"ne","PUMPA":"ne","SAMO_SERVI":"ne","SPRAVCE":"Obec Stašov","STOJAN_KOL":"ano","TYP":"lavice","VODA":"ne","suggested_tag":"amenity=bench"}},{"type":"Feature","geometry":{"type":"Point","coordinates":[16.370811,49.666997]},"properties":{"OBJECTID":500,"INFO_TAB":"ne","KID":500,"KOS":"ne","KRYTE":"ano","MAJITEL":"Obec Stašov","MAPA":"ne","PUMPA":"ne","SAMO_SERVI":"ne","SPRAVCE":"Obec Stašov","STOJAN_KOL":"ano","TYP":"lavice se stolem","VODA":"ne","suggested_tag":"leisure=picnic_table"}},{"type":"Feature","geometry":{"type":"Point","coordinates":[16.41113,49.643316]},"properties":{"OBJECTID":501,"INFO_TAB":"ne","KID":501,"KOS":"ano","KRYTE":"ano","MAJITEL":"Obec Rohozná","MAPA":"ne","PUMPA":"ne","SAMO_SERVI":"ne","SPRAVCE":"Obec Rohozná","STOJAN_KOL":"ano","TYP":"lavice se stolem","VODA":"ne","suggested_tag":"leisure=picnic_table"}},{"type":"Feature","geometry":{"type":"Point","coordinates":[16.41483,49.638887]},"properties":{"OBJECTID":502,"INFO_TAB":"ano","KID":502,"KOS":"ne","KRYTE":"ne","MAJITEL":"Město Polička","MAPA":"ne","PUMPA":"ne","SAMO_SERVI":"ne","SPRAVCE":"Město Polička","STOJAN_KOL":"ne","TYP":"informační tabule","VODA":"ne","suggested_tag":"tourism=information + information=board"}},{"type":"Feature","geometry":{"type":"Point","coordinates":[16.409701,49.628392]},"properties":{"OBJECTID":503,"INFO_TAB":"ne","KID":503,"KOS":"ne","KRYTE":"ne","MAJITEL":"Městys Svojanov","MAPA":"ano","PUMPA":"ne","SAMO_SERVI":"ne","SPRAVCE":"Městys Svojanov","STOJAN_KOL":"ne","TYP":"mapa","VODA":"ne","suggested_tag":"tourism=information + information=map"}},{"type":"Feature","geometry":{"type":"Point","coordinates":[16.40452,49.625367]},"properties":{"OBJECTID":504,"INFO_TAB":"ne","KID":504,"KOS":"ne","KRYTE":"ano","MAJITEL":"OFO","MAPA":"ne","PUMPA":"ne","SAMO_SERVI":"ne","SPRAVCE":"nezjištěno","STOJAN_KOL":"ano","TYP":"lavice se stolem","VODA":"ne","suggested_tag":"leisure=picnic_table"}},{"type":"Feature","geometry":{"type":"Point","coordinates":[16.269668,49.702616]},"properties":{"OBJECTID":505,"INFO_TAB":"ne","KID":505,"KOS":"ne","KRYTE":"ne","MAJITEL":"Rybářské sdružení Vysočina se sídlem v Poličce, z.s.","MAPA":"ne","PUMPA":"ne","SAMO_SERVI":"ne","SPRAVCE":"nezjištěno","STOJAN_KOL":"ne","TYP":"lavice","VODA":"ne","suggested_tag":"amenity=bench"}},{"type":"Feature","geometry":{"type":"Point","coordinates":[16.346008,49.736534]},"properties":{"OBJECTID":506,"INFO_TAB":"ano","KID":506,"KOS":"ne","KRYTE":"ne","MAJITEL":"Obec Květná","MAPA":"ne","PUMPA":"ne","SAMO_SERVI":"ne","SPRAVCE":"Obec Květná","STOJAN_KOL":"ne","TYP":"informační tabule","VODA":"ne","suggested_tag":"tourism=information + information=board"}},{"type":"Feature","geometry":{"type":"Point","coordinates":[16.331865,49.773703]},"properties":{"OBJECTID":507,"INFO_TAB":"ne","KID":507,"KOS":"ne","KRYTE":"ne","MAJITEL":"Obec Chmelík","MAPA":"ano","PUMPA":"ne","SAMO_SERVI":"ne","SPRAVCE":"Obec Chmelík","STOJAN_KOL":"ne","TYP":"lavice se stolem","VODA":"ne","suggested_tag":"leisure=picnic_table"}},{"type":"Feature","geometry":{"type":"Point","coordinates":[16.228846,49.747861]},"properties":{"OBJECTID":508,"INFO_TAB":"ne","KID":508,"KOS":"ano","KRYTE":"ano","MAJITEL":"Obec Široký Důl","MAPA":"ano","PUMPA":"ne","SAMO_SERVI":"ne","SPRAVCE":"Obec Široký Důl","STOJAN_KOL":"ne","TYP":"lavice se stolem","VODA":"ne","suggested_tag":"leisure=picnic_table"}},{"type":"Feature","geometry":{"type":"Point","coordinates":[16.22143,49.745765]},"properties":{"OBJECTID":509,"INFO_TAB":"ne","KID":509,"KOS":"ne","KRYTE":"ne","MAJITEL":"Obec Široký Důl","MAPA":"ano","PUMPA":"ne","SAMO_SERVI":"ne","SPRAVCE":"Obec Široký Důl","STOJAN_KOL":"ano","TYP":"mapa","VODA":"ne","suggested_tag":"tourism=information + information=map"}},{"type":"Feature","geometry":{"type":"Point","coordinates":[15.528578,49.860101]},"properties":{"OBJECTID":510,"INFO_TAB":"ne","KID":510,"KOS":"tříděný","KRYTE":"ne","MAJITEL":"Obec Kněžice","MAPA":"ne","POZN":"popelnice","PUMPA":"ne","SAMO_SERVI":"ne","SPRAVCE":"Obec Kněžice","STOJAN_KOL":"ne","TYP":"lavice se stolem","VODA":"ne","suggested_tag":"leisure=picnic_table"}},{"type":"Feature","geometry":{"type":"Point","coordinates":[15.822721,50.042343]},"properties":{"OBJECTID":511,"INFO_TAB":"ne","KID":511,"KOS":"ano","KRYTE":"ne","MAJITEL":"Obec Spojil","MAPA":"ne","PUMPA":"ne","SAMO_SERVI":"ne","SPRAVCE":"Obec Spojil","STOJAN_KOL":"ano","TYP":"lavice","VODA":"ne","suggested_tag":"amenity=bench"}},{"type":"Feature","geometry":{"type":"Point","coordinates":[16.287447,50.000812]},"properties":{"OBJECTID":512,"INFO_TAB":"ne","KID":512,"KOS":"ano","KRYTE":"ano","MAJITEL":"Město Brandýs nad Orlicí","MAPA":"ne","PUMPA":"ne","SAMO_SERVI":"ne","SPRAVCE":"Město Brandýs nad Orlicí","STOJAN_KOL":"ne","TYP":"lavice","VODA":"ne","suggested_tag":"amenity=bench"}},{"type":"Feature","geometry":{"type":"Point","coordinates":[16.322514,49.988613]},"properties":{"OBJECTID":513,"INFO_TAB":"ne","KID":513,"KOS":"ano","KRYTE":"ano","MAJITEL":"Pardubický kraj","MAPA":"ne","PUMPA":"ne","SAMO_SERVI":"ne","SPRAVCE":"nezjištěno","STOJAN_KOL":"ne","TYP":"lavice","VODA":"ne","suggested_tag":"amenity=bench"}},{"type":"Feature","geometry":{"type":"Point","coordinates":[16.32626,49.851525]},"properties":{"OBJECTID":514,"INFO_TAB":"ano","KID":514,"KOS":"ano","KRYTE":"ne","MAJITEL":"Obec Benátky","MAPA":"ne","PUMPA":"ne","SAMO_SERVI":"ne","SPRAVCE":"Obec Benátky","STOJAN_KOL":"ne","TYP":"lavice","VODA":"ne","suggested_tag":"amenity=bench"}},{"type":"Feature","geometry":{"type":"Point","coordinates":[16.530994,49.706395]},"properties":{"OBJECTID":515,"INFO_TAB":"ne","KID":515,"KOS":"ne","KRYTE":"ne","MAJITEL":"Římskokatolická farnost Hradec nad Svitavou","MAPA":"ne","PUMPA":"ne","SAMO_SERVI":"ne","SPRAVCE":"nezjištěno","STOJAN_KOL":"ne","TYP":"lavice","VODA":"ne","suggested_tag":"amenity=bench"}},{"type":"Feature","geometry":{"type":"Point","coordinates":[16.160743,49.837887]},"properties":{"OBJECTID":516,"INFO_TAB":"ne","KID":516,"KOS":"ne","KRYTE":"ano","MAJITEL":"Obec Nová Ves u Jarošova","MAPA":"ano","PUMPA":"ne","SAMO_SERVI":"ne","SPRAVCE":"Obec Nová Ves u Jarošova","STOJAN_KOL":"ne","TYP":"mapa","VODA":"ano","suggested_tag":"tourism=information + information=map"}},{"type":"Feature","geometry":{"type":"Point","coordinates":[16.155219,49.692626]},"properties":{"OBJECTID":517,"INFO_TAB":"ano","KID":517,"KOS":"ne","KRYTE":"ne","MAJITEL":"Město Polička","MAPA":"ne","PUMPA":"ne","SAMO_SERVI":"ne","SPRAVCE":"Město Polička","STOJAN_KOL":"ne","TYP":"informační tabule","VODA":"ne","suggested_tag":"tourism=information + information=board"}},{"type":"Feature","geometry":{"type":"Point","coordinates":[16.19462,49.678495]},"properties":{"OBJECTID":518,"INFO_TAB":"ano","KID":518,"KOS":"ne","KRYTE":"ne","MAJITEL":"Obec Telecí","MAPA":"ne","PUMPA":"ne","SAMO_SERVI":"ne","SPRAVCE":"Obec Telecí","STOJAN_KOL":"ano","TYP":"lavice se stolem","VODA":"ne","suggested_tag":"leisure=picnic_table"}},{"type":"Feature","geometry":{"type":"Point","coordinates":[16.191277,49.681088]},"properties":{"OBJECTID":519,"INFO_TAB":"ano","KID":519,"KOS":"ne","KRYTE":"ne","MAJITEL":"Pardubický kraj","MAPA":"ne","PUMPA":"ne","SAMO_SERVI":"ne","SPRAVCE":"nezjištěno","STOJAN_KOL":"ne","TYP":"informační tabule","VODA":"ne","suggested_tag":"tourism=information + information=board"}},{"type":"Feature","geometry":{"type":"Point","coordinates":[16.188439,49.687042]},"properties":{"OBJECTID":520,"INFO_TAB":"ano","KID":520,"KOS":"ne","KRYTE":"ne","MAJITEL":"Pardubický kraj","MAPA":"ne","PUMPA":"ne","SAMO_SERVI":"ne","SPRAVCE":"nezjištěno","STOJAN_KOL":"ne","TYP":"informační tabule","VODA":"ne","suggested_tag":"tourism=information + information=board"}},{"type":"Feature","geometry":{"type":"Point","coordinates":[16.182575,49.693192]},"properties":{"OBJECTID":521,"INFO_TAB":"ano","KID":521,"KOS":"ne","KRYTE":"ne","MAJITEL":"Obec Telecí","MAPA":"ne","PUMPA":"ne","SAMO_SERVI":"ne","SPRAVCE":"Obec Telecí","STOJAN_KOL":"ne","TYP":"lavice","VODA":"ne","suggested_tag":"amenity=bench"}},{"type":"Feature","geometry":{"type":"Point","coordinates":[16.516489,49.646632]},"properties":{"OBJECTID":522,"INFO_TAB":"ne","KID":522,"KOS":"ne","KRYTE":"ne","MAJITEL":"Město Březová nad Svitavou","MAPA":"ne","PUMPA":"ne","SAMO_SERVI":"ne","SPRAVCE":"Město Březová nad Svitavou","STOJAN_KOL":"ne","TYP":"lavice","VODA":"ne","suggested_tag":"amenity=bench"}},{"type":"Feature","geometry":{"type":"Point","coordinates":[15.904252,49.742337]},"properties":{"OBJECTID":523,"INFO_TAB":"ne","KID":523,"KOS":"ano","KRYTE":"ano","MAJITEL":"Obec Studnice","MAPA":"ano","POZN":"pův. OFO","PUMPA":"ne","SAMO_SERVI":"ne","SPRAVCE":"Obec Studnice","STOJAN_KOL":"ano","TYP":"lavice se stolem","VODA":"ne","suggested_tag":"leisure=picnic_table"}},{"type":"Feature","geometry":{"type":"Point","coordinates":[16.226149,49.700969]},"properties":{"OBJECTID":524,"INFO_TAB":"ne","KID":524,"KOS":"ano","KRYTE":"ano","MAJITEL":"Obec Sádek","MAPA":"ano","PUMPA":"ne","SAMO_SERVI":"ne","SPRAVCE":"Obec Sádek","STOJAN_KOL":"ano","TYP":"lavice se stolem","VODA":"ne","suggested_tag":"leisure=picnic_table"}},{"type":"Feature","geometry":{"type":"Point","coordinates":[16.207157,49.673747]},"properties":{"OBJECTID":525,"INFO_TAB":"ne","KID":525,"KOS":"ne","KRYTE":"ano","MAJITEL":"Obec Korouhev","MAPA":"ano","POZN":"pův. OFO","PUMPA":"ne","SAMO_SERVI":"ne","SPRAVCE":"Obec Korouhev","STOJAN_KOL":"ne","TYP":"lavice se stolem","VODA":"ne","suggested_tag":"leisure=picnic_table"}},{"type":"Feature","geometry":{"type":"Point","coordinates":[16.215959,49.667627]},"properties":{"OBJECTID":526,"INFO_TAB":"ne","KID":526,"KOS":"ne","KRYTE":"ne","MAJITEL":"OFO","MAPA":"ne","PUMPA":"ne","SAMO_SERVI":"ne","SPRAVCE":"nezjištěno","STOJAN_KOL":"ne","TYP":"lavice","VODA":"ne","suggested_tag":"amenity=bench"}},{"type":"Feature","geometry":{"type":"Point","coordinates":[16.40554,49.590877]},"properties":{"OBJECTID":527,"INFO_TAB":"ne","KID":527,"KOS":"ne","KRYTE":"ano","MAJITEL":"Obec Trpín","MAPA":"ne","PUMPA":"ne","SAMO_SERVI":"ne","SPRAVCE":"Obec Trpín","STOJAN_KOL":"ano","TYP":"lavice se stolem","VODA":"ne","suggested_tag":"leisure=picnic_table"}},{"type":"Feature","geometry":{"type":"Point","coordinates":[16.324538,49.685404]},"properties":{"OBJECTID":528,"INFO_TAB":"ne","KID":528,"KOS":"ne","KRYTE":"ne","MAJITEL":"Město Polička","MAPA":"ano","PUMPA":"ne","SAMO_SERVI":"ne","SPRAVCE":"Město Polička","STOJAN_KOL":"ne","TYP":"lavice se stolem","VODA":"ne","suggested_tag":"leisure=picnic_table"}},{"type":"Feature","geometry":{"type":"Point","coordinates":[16.326552,49.691979]},"properties":{"OBJECTID":529,"INFO_TAB":"ne","KID":529,"KOS":"ne","KRYTE":"ano","MAJITEL":"Obec Pomezí","MAPA":"ne","PUMPA":"ne","SAMO_SERVI":"ne","SPRAVCE":"Obec Pomezí","STOJAN_KOL":"ne","TYP":"lavice se stolem","VODA":"ne","suggested_tag":"leisure=picnic_table"}},{"type":"Feature","geometry":{"type":"Point","coordinates":[16.315877,49.710108]},"properties":{"OBJECTID":530,"INFO_TAB":"ne","KID":530,"KOS":"ano","KRYTE":"ano","MAJITEL":"Obec Pomezí","MAPA":"ano","PUMPA":"ne","SAMO_SERVI":"ne","SPRAVCE":"Obec Pomezí","STOJAN_KOL":"ne","TYP":"lavice se stolem","VODA":"ne","suggested_tag":"leisure=picnic_table"}},{"type":"Feature","geometry":{"type":"Point","coordinates":[16.252424,49.690273]},"properties":{"OBJECTID":531,"INFO_TAB":"ne","KID":531,"KOS":"ne","KRYTE":"ne","MAJITEL":"Obec Kamenec u Poličky","MAPA":"ne","PUMPA":"ne","SAMO_SERVI":"ne","SPRAVCE":"Obec Kamenec u Poličky","STOJAN_KOL":"ne","TYP":"lavice","VODA":"ne","suggested_tag":"amenity=bench"}},{"type":"Feature","geometry":{"type":"Point","coordinates":[16.257581,49.692144]},"properties":{"OBJECTID":532,"INFO_TAB":"ne","KID":532,"KOS":"ne","KRYTE":"ne","MAJITEL":"Obec Kamenec u Poličky","MAPA":"ne","POZN":"pův. OFO","PUMPA":"ne","SAMO_SERVI":"ne","SPRAVCE":"Obec Kamenec u Poličky","STOJAN_KOL":"ne","TYP":"lavice","VODA":"ne","suggested_tag":"amenity=bench"}},{"type":"Feature","geometry":{"type":"Point","coordinates":[16.256088,49.702203]},"properties":{"OBJECTID":533,"INFO_TAB":"ne","KID":533,"KOS":"ne","KRYTE":"ne","MAJITEL":"Město Polička","MAPA":"ano","PUMPA":"ne","SAMO_SERVI":"ne","SPRAVCE":"Město Polička","STOJAN_KOL":"ne","TYP":"lavice","VODA":"ne","suggested_tag":"amenity=bench"}},{"type":"Feature","geometry":{"type":"Point","coordinates":[16.285534,49.703108]},"properties":{"OBJECTID":534,"INFO_TAB":"ne","KID":534,"KOS":"ano","KRYTE":"ne","MAJITEL":"Město Polička","MAPA":"ano","POZN":"pův. OFO","PUMPA":"ne","SAMO_SERVI":"ne","SPRAVCE":"Město Polička","STOJAN_KOL":"ne","TYP":"lavice se stolem","VODA":"ne","suggested_tag":"leisure=picnic_table"}},{"type":"Feature","geometry":{"type":"Point","coordinates":[16.362073,49.692661]},"properties":{"OBJECTID":535,"INFO_TAB":"ne","KID":535,"KOS":"ne","KRYTE":"ano","MAJITEL":"Obec Stašov","MAPA":"ne","PUMPA":"ne","SAMO_SERVI":"ne","SPRAVCE":"Obec Stašov","STOJAN_KOL":"ne","TYP":"lavice se stolem","VODA":"ne","suggested_tag":"leisure=picnic_table"}},{"type":"Feature","geometry":{"type":"Point","coordinates":[16.280609,49.708004]},"properties":{"OBJECTID":536,"INFO_TAB":"ne","KID":536,"KOS":"ano","KRYTE":"ne","MAJITEL":"Město Polička","MAPA":"ne","PUMPA":"ne","SAMO_SERVI":"ne","SPRAVCE":"Město Polička","STOJAN_KOL":"ne","TYP":"lavice se stolem","VODA":"ne","suggested_tag":"leisure=picnic_table"}},{"type":"Feature","geometry":{"type":"Point","coordinates":[16.305598,49.68443]},"properties":{"OBJECTID":537,"INFO_TAB":"ne","KID":537,"KOS":"ano","KRYTE":"ano","MAJITEL":"Město Polička","MAPA":"ano","PUMPA":"ne","SAMO_SERVI":"ne","SPRAVCE":"Město Polička","STOJAN_KOL":"ne","TYP":"lavice se stolem","VODA":"ne","suggested_tag":"leisure=picnic_table"}},{"type":"Feature","geometry":{"type":"Point","coordinates":[16.409611,49.669086]},"properties":{"OBJECTID":538,"INFO_TAB":"ne","KID":538,"KOS":"ne","KRYTE":"ano","MAJITEL":"Město Polička","MAPA":"ano","PUMPA":"ne","SAMO_SERVI":"ne","SPRAVCE":"Město Polička","STOJAN_KOL":"ne","TYP":"lavice se stolem","VODA":"ne","suggested_tag":"leisure=picnic_table"}},{"type":"Feature","geometry":{"type":"Point","coordinates":[16.41917,49.671733]},"properties":{"OBJECTID":539,"INFO_TAB":"ne","KID":539,"KOS":"ne","KRYTE":"ano","MAJITEL":"ČR","MAPA":"ne","PUMPA":"ne","SAMO_SERVI":"ne","SPRAVCE":"Lesy České republiky, s.p.","STOJAN_KOL":"ne","TYP":"lavice se stolem","VODA":"ne","suggested_tag":"leisure=picnic_table"}},{"type":"Feature","geometry":{"type":"Point","coordinates":[16.463121,49.667026]},"properties":{"OBJECTID":540,"INFO_TAB":"ne","KID":540,"KOS":"ne","KRYTE":"ano","MAJITEL":"Obec Banín","MAPA":"ne","PUMPA":"ne","SAMO_SERVI":"ne","SPRAVCE":"Obec Banín","STOJAN_KOL":"ne","TYP":"lavice se stolem","VODA":"ne","suggested_tag":"leisure=picnic_table"}},{"type":"Feature","geometry":{"type":"Point","coordinates":[16.463933,49.599121]},"properties":{"OBJECTID":541,"INFO_TAB":"ne","KID":541,"KOS":"ano","KRYTE":"ne","MAJITEL":"Obec Bohuňov","MAPA":"ne","PUMPA":"ne","SAMO_SERVI":"ne","SPRAVCE":"Obec Bohuňov","STOJAN_KOL":"ne","TYP":"lavice se stolem","VODA":"ne","suggested_tag":"leisure=picnic_table"}},{"type":"Feature","geometry":{"type":"Point","coordinates":[16.530958,49.609771]},"properties":{"OBJECTID":542,"INFO_TAB":"ne","KID":542,"KOS":"ne","KRYTE":"ne","MAJITEL":"Obec Chrastavec","MAPA":"ne","PUMPA":"ne","SAMO_SERVI":"ne","SPRAVCE":"Obec Chrastavec","STOJAN_KOL":"ano","TYP":"lavice","VODA":"ne","suggested_tag":"amenity=bench"}},{"type":"Feature","geometry":{"type":"Point","coordinates":[16.526521,49.619356]},"properties":{"OBJECTID":543,"INFO_TAB":"ano","KID":543,"KOS":"ano","KRYTE":"ne","MAJITEL":"Obec Chrastavec","MAPA":"ne","PUMPA":"ne","SAMO_SERVI":"ne","SPRAVCE":"Obec Chrastavec","STOJAN_KOL":"ne","TYP":"lavice","VODA":"ne","suggested_tag":"amenity=bench"}},{"type":"Feature","geometry":{"type":"Point","coordinates":[16.522658,49.625772]},"properties":{"OBJECTID":544,"INFO_TAB":"ne","KID":544,"KOS":"ano","KRYTE":"ano","MAJITEL":"Obec Brněnec","MAPA":"ano","PUMPA":"ne","SAMO_SERVI":"ne","SPRAVCE":"Obec Brněnec","STOJAN_KOL":"ne","TYP":"lavice se stolem","VODA":"ne","suggested_tag":"leisure=picnic_table"}},{"type":"Feature","geometry":{"type":"Point","coordinates":[16.574286,49.658946]},"properties":{"OBJECTID":545,"INFO_TAB":"ne","KID":545,"KOS":"ne","KRYTE":"ano","MAJITEL":"Obec Rudná","MAPA":"ano","PUMPA":"ne","SAMO_SERVI":"ne","SPRAVCE":"Obec Rudná","STOJAN_KOL":"ne","TYP":"lavice se stolem","VODA":"ne","suggested_tag":"leisure=picnic_table"}},{"type":"Feature","geometry":{"type":"Point","coordinates":[16.588882,49.671177]},"properties":{"OBJECTID":546,"INFO_TAB":"ne","KID":546,"KOS":"ano","KRYTE":"ano","MAJITEL":"Pardubický kraj","MAPA":"ne","PUMPA":"ne","SAMO_SERVI":"ne","SPRAVCE":"nezjištěno","STOJAN_KOL":"ne","TYP":"lavice se stolem","VODA":"ne","suggested_tag":"leisure=picnic_table"}},{"type":"Feature","geometry":{"type":"Point","coordinates":[16.750266,49.648122]},"properties":{"OBJECTID":547,"INFO_TAB":"ne","KID":547,"KOS":"ne","KRYTE":"ne","MAJITEL":"Obec Biskupice","MAPA":"ne","PUMPA":"ne","SAMO_SERVI":"ne","SPRAVCE":"Obec Biskupice","STOJAN_KOL":"ne","TYP":"lavice","VODA":"ne","suggested_tag":"amenity=bench"}},{"type":"Feature","geometry":{"type":"Point","coordinates":[16.755723,49.624986]},"properties":{"OBJECTID":548,"INFO_TAB":"ne","KID":548,"KOS":"ne","KRYTE":"ne","MAJITEL":"Obec Jaroměřice","MAPA":"ne","POZN":"pův. OFO","PUMPA":"ne","SAMO_SERVI":"ne","SPRAVCE":"Obec Jaroměřice","STOJAN_KOL":"ne","TYP":"lavice","VODA":"ne","suggested_tag":"amenity=bench"}},{"type":"Feature","geometry":{"type":"Point","coordinates":[16.758826,49.618782]},"properties":{"OBJECTID":549,"INFO_TAB":"ne","KID":549,"KOS":"ne","KRYTE":"ne","MAJITEL":"Pardubický kraj","MAPA":"ne","PUMPA":"ne","SAMO_SERVI":"ne","SPRAVCE":"nezjištěno","STOJAN_KOL":"ne","TYP":"lavice","VODA":"ne","suggested_tag":"amenity=bench"}},{"type":"Feature","geometry":{"type":"Point","coordinates":[16.74545,49.669176]},"properties":{"OBJECTID":550,"INFO_TAB":"ne","KID":550,"KOS":"ne","KRYTE":"ne","MAJITEL":"Obec Chornice","MAPA":"ano","PUMPA":"ne","SAMO_SERVI":"ne","SPRAVCE":"Obec Chornice","STOJAN_KOL":"ne","TYP":"lavice se stolem","VODA":"ne","suggested_tag":"leisure=picnic_table"}},{"type":"Feature","geometry":{"type":"Point","coordinates":[16.78767,49.662379]},"properties":{"OBJECTID":551,"INFO_TAB":"ne","KID":551,"KOS":"ano","KRYTE":"ne","MAJITEL":"Pardubický kraj","MAPA":"ano","PUMPA":"ne","SAMO_SERVI":"ne","SPRAVCE":"nezjištěno","STOJAN_KOL":"ano","TYP":"lavice se stolem","VODA":"ne","suggested_tag":"leisure=picnic_table"}},{"type":"Feature","geometry":{"type":"Point","coordinates":[16.809361,49.664409]},"properties":{"OBJECTID":552,"INFO_TAB":"ano","KID":552,"KOS":"ano","KRYTE":"ano","MAJITEL":"Obec Vysoká","MAPA":"ano","PUMPA":"ne","SAMO_SERVI":"ne","SPRAVCE":"Obec Vysoká","STOJAN_KOL":"ne","TYP":"lavice se stolem","VODA":"ne","suggested_tag":"leisure=picnic_table"}},{"type":"Feature","geometry":{"type":"Point","coordinates":[16.833122,49.69896]},"properties":{"OBJECTID":553,"INFO_TAB":"ne","KID":553,"KOS":"ne","KRYTE":"ano","MAJITEL":"ČR","MAPA":"ne","PUMPA":"ne","SAMO_SERVI":"ne","SPRAVCE":"Lesy České republiky, s.p.","STOJAN_KOL":"ne","TYP":"lavice se stolem","VODA":"ano","suggested_tag":"leisure=picnic_table"}},{"type":"Feature","geometry":{"type":"Point","coordinates":[16.81458,49.718201]},"properties":{"OBJECTID":554,"INFO_TAB":"ano","KID":554,"KOS":"ano","KRYTE":"ano","MAJITEL":"Obec Vranová Lhota","MAPA":"ne","PUMPA":"ne","SAMO_SERVI":"ne","SPRAVCE":"Obec Vranová Lhota","STOJAN_KOL":"ne","TYP":"lavice se stolem","VODA":"ne","suggested_tag":"leisure=picnic_table"}},{"type":"Feature","geometry":{"type":"Point","coordinates":[16.696426,49.635393]},"properties":{"OBJECTID":555,"INFO_TAB":"ano","KID":555,"KOS":"ne","KRYTE":"ne","MAJITEL":"Město Jevíčko","MAPA":"ne","PUMPA":"ne","SAMO_SERVI":"ne","SPRAVCE":"Město Jevíčko","STOJAN_KOL":"ne","TYP":"lavice","VODA":"ne","suggested_tag":"amenity=bench"}},{"type":"Feature","geometry":{"type":"Point","coordinates":[16.736206,49.727837]},"properties":{"OBJECTID":556,"INFO_TAB":"ne","KID":556,"KOS":"ne","KRYTE":"ne","MAJITEL":"Obec Rozstání","MAPA":"ano","PUMPA":"ne","SAMO_SERVI":"ne","SPRAVCE":"Obec Rozstání","STOJAN_KOL":"ne","TYP":"mapa","VODA":"ne","suggested_tag":"tourism=information + information=map"}},{"type":"Feature","geometry":{"type":"Point","coordinates":[16.772714,49.778907]},"properties":{"OBJECTID":557,"INFO_TAB":"ne","KID":557,"KOS":"ne","KRYTE":"ne","MAJITEL":"ČR","MAPA":"ano","PUMPA":"ne","SAMO_SERVI":"ne","SPRAVCE":"Lesy České republiky, s.p.","STOJAN_KOL":"ne","TYP":"lavice se stolem","VODA":"ne","suggested_tag":"leisure=picnic_table"}},{"type":"Feature","geometry":{"type":"Point","coordinates":[16.578178,49.799704]},"properties":{"OBJECTID":558,"INFO_TAB":"ne","KID":558,"KOS":"ne","KRYTE":"ano","MAJITEL":"Pardubický kraj","MAPA":"ne","PUMPA":"ne","SAMO_SERVI":"ne","SPRAVCE":"nezjištěno","STOJAN_KOL":"ne","TYP":"lavice se stolem","VODA":"ne","suggested_tag":"leisure=picnic_table"}},{"type":"Feature","geometry":{"type":"Point","coordinates":[16.568264,49.804279]},"properties":{"OBJECTID":559,"INFO_TAB":"ne","KID":559,"KOS":"ano","KRYTE":"ne","MAJITEL":"ČR","MAPA":"ano","PUMPA":"ne","SAMO_SERVI":"ne","SPRAVCE":"Lesy České republiky, s.p.","STOJAN_KOL":"ne","TYP":"lavice se stolem","VODA":"ne","suggested_tag":"leisure=picnic_table"}},{"type":"Feature","geometry":{"type":"Point","coordinates":[16.568561,49.804135]},"properties":{"OBJECTID":560,"INFO_TAB":"ne","KID":560,"KOS":"ano","KRYTE":"ano","MAJITEL":"Pardubický kraj","MAPA":"ne","PUMPA":"ne","SAMO_SERVI":"ne","SPRAVCE":"nezjištěno","STOJAN_KOL":"ne","TYP":"lavice","VODA":"ne","suggested_tag":"amenity=bench"}},{"type":"Feature","geometry":{"type":"Point","coordinates":[16.534253,49.799783]},"properties":{"OBJECTID":561,"INFO_TAB":"ne","KID":561,"KOS":"ano","KRYTE":"ano","MAJITEL":"Obec Dětřichov","MAPA":"ano","PUMPA":"ne","SAMO_SERVI":"ne","SPRAVCE":"Obec Dětřichov","STOJAN_KOL":"ano","TYP":"lavice se stolem","VODA":"ne","suggested_tag":"leisure=picnic_table"}},{"type":"Feature","geometry":{"type":"Point","coordinates":[16.528781,49.76865]},"properties":{"OBJECTID":562,"INFO_TAB":"ne","KID":562,"KOS":"ano","KRYTE":"ano","MAJITEL":"OBEC KOCLÍŘOV","MAPA":"ano","PUMPA":"ne","SAMO_SERVI":"ne","SPRAVCE":"OBEC KOCLÍŘOV","STOJAN_KOL":"ano","TYP":"lavice se stolem","VODA":"ne","suggested_tag":"leisure=picnic_table"}},{"type":"Feature","geometry":{"type":"Point","coordinates":[16.578978,49.747737]},"properties":{"OBJECTID":563,"INFO_TAB":"ano","KID":563,"KOS":"ano","KRYTE":"ne","MAJITEL":"ČR","MAPA":"ano","PUMPA":"ne","SAMO_SERVI":"ne","SPRAVCE":"Lesy České republiky, s.p.","STOJAN_KOL":"ne","TYP":"lavice","VODA":"ne","suggested_tag":"amenity=bench"}},{"type":"Feature","geometry":{"type":"Point","coordinates":[16.591435,49.752757]},"properties":{"OBJECTID":564,"INFO_TAB":"ano","KID":564,"KOS":"ne","KRYTE":"ne","MAJITEL":"ČR","MAPA":"ano","PUMPA":"ne","SAMO_SERVI":"ne","SPRAVCE":"Lesy České republiky, s.p.","STOJAN_KOL":"ne","TYP":"lavice se stolem","VODA":"ne","suggested_tag":"leisure=picnic_table"}},{"type":"Feature","geometry":{"type":"Point","coordinates":[16.639414,49.827807]},"properties":{"OBJECTID":565,"INFO_TAB":"ne","KID":565,"KOS":"ano","KRYTE":"ano","MAJITEL":"Obec Rychnov na Moravě","MAPA":"ne","PUMPA":"ne","SAMO_SERVI":"ne","SPRAVCE":"Obec Rychnov na Moravě","STOJAN_KOL":"ne","TYP":"lavice","VODA":"ne","suggested_tag":"amenity=bench"}},{"type":"Feature","geometry":{"type":"Point","coordinates":[16.602164,49.826336]},"properties":{"OBJECTID":566,"INFO_TAB":"ne","KID":566,"KOS":"ano","KRYTE":"ano","MAJITEL":"ČR","MAPA":"ano","PUMPA":"ne","SAMO_SERVI":"ne","SPRAVCE":"nezjištěno","STOJAN_KOL":"ano","TYP":"lavice se stolem","VODA":"ne","suggested_tag":"leisure=picnic_table"}},{"type":"Feature","geometry":{"type":"Point","coordinates":[16.645633,49.962791]},"properties":{"OBJECTID":567,"INFO_TAB":"ne","KID":567,"KOS":"ne","KRYTE":"ne","MAJITEL":"ČR","MAPA":"ne","PUMPA":"ne","SAMO_SERVI":"ne","SPRAVCE":"Povodí Moravy, s.p.","STOJAN_KOL":"ne","TYP":"lavice se stolem","VODA":"ne","suggested_tag":"leisure=picnic_table"}},{"type":"Feature","geometry":{"type":"Point","coordinates":[16.646243,49.958237]},"properties":{"OBJECTID":568,"INFO_TAB":"ano","KID":568,"KOS":"ne","KRYTE":"ne","MAJITEL":"ČR","MAPA":"ne","PUMPA":"ne","SAMO_SERVI":"ne","SPRAVCE":"Lesy České republiky, s.p.","STOJAN_KOL":"ne","TYP":"lavice se stolem","VODA":"ne","suggested_tag":"leisure=picnic_table"}},{"type":"Feature","geometry":{"type":"Point","coordinates":[16.648095,49.956033]},"properties":{"OBJECTID":569,"INFO_TAB":"ano","KID":569,"KOS":"ne","KRYTE":"ne","MAJITEL":"ČR","MAPA":"ne","PUMPA":"ne","SAMO_SERVI":"ne","SPRAVCE":"Lesy České republiky, s.p.","STOJAN_KOL":"ne","TYP":"lavice","VODA":"ne","suggested_tag":"amenity=bench"}},{"type":"Feature","geometry":{"type":"Point","coordinates":[16.645735,49.954784]},"properties":{"OBJECTID":570,"INFO_TAB":"ne","KID":570,"KOS":"ne","KRYTE":"ne","MAJITEL":"ČR","MAPA":"ano","PUMPA":"ne","SAMO_SERVI":"ne","SPRAVCE":"Lesy České republiky, s.p.","STOJAN_KOL":"ne","TYP":"lavice se stolem","VODA":"ne","suggested_tag":"leisure=picnic_table"}},{"type":"Feature","geometry":{"type":"Point","coordinates":[16.643036,49.943117]},"properties":{"OBJECTID":571,"INFO_TAB":"ano","KID":571,"KOS":"ne","KRYTE":"ne","MAJITEL":"ČR","MAPA":"ne","PUMPA":"ne","SAMO_SERVI":"ne","SPRAVCE":"Lesy České republiky, s.p.","STOJAN_KOL":"ne","TYP":"lavice se stolem","VODA":"ne","suggested_tag":"leisure=picnic_table"}},{"type":"Feature","geometry":{"type":"Point","coordinates":[16.642861,49.936896]},"properties":{"OBJECTID":572,"INFO_TAB":"ano","KID":572,"KOS":"ano","KRYTE":"ne","MAJITEL":"Obec Albrechtice","MAPA":"ne","PUMPA":"ne","SAMO_SERVI":"ne","SPRAVCE":"Obec Albrechtice","STOJAN_KOL":"ne","TYP":"lavice","VODA":"ne","suggested_tag":"amenity=bench"}},{"type":"Feature","geometry":{"type":"Point","coordinates":[16.733214,49.810809]},"properties":{"OBJECTID":573,"INFO_TAB":"ano","KID":573,"KOS":"ano","KRYTE":"ano","MAJITEL":"Pardubický kraj","MAPA":"ano","PUMPA":"ne","SAMO_SERVI":"ne","SPRAVCE":"nezjištěno","STOJAN_KOL":"ano","TYP":"lavice se stolem","VODA":"ne","suggested_tag":"leisure=picnic_table"}},{"type":"Feature","geometry":{"type":"Point","coordinates":[16.712506,49.928396]},"properties":{"OBJECTID":574,"INFO_TAB":"ne","KID":574,"KOS":"ne","KRYTE":"ne","MAJITEL":"Obec Cotkytle","MAPA":"ano","POZN":"pův. OFO","PUMPA":"ne","SAMO_SERVI":"ne","SPRAVCE":"Obec Cotkytle","STOJAN_KOL":"ne","TYP":"lavice","VODA":"ne","suggested_tag":"amenity=bench"}},{"type":"Feature","geometry":{"type":"Point","coordinates":[16.709873,49.980743]},"properties":{"OBJECTID":575,"INFO_TAB":"ne","KID":575,"KOS":"ne","KRYTE":"ne","MAJITEL":"Obec Horní Heřmanice","MAPA":"ne","POZN":"pův. OFO","PUMPA":"ne","SAMO_SERVI":"ne","SPRAVCE":"Obec Horní Heřmanice","STOJAN_KOL":"ne","TYP":"lavice","VODA":"ne","suggested_tag":"amenity=bench"}},{"type":"Feature","geometry":{"type":"Point","coordinates":[16.652597,50.008503]},"properties":{"OBJECTID":576,"INFO_TAB":"ne","KID":576,"KOS":"ne","KRYTE":"ne","MAJITEL":"Junák - český skaut, středisko Medvěd Jablonné nad Orlicí, z. s.","MAPA":"ne","PUMPA":"ne","SAMO_SERVI":"ne","SPRAVCE":"nezjištěno","STOJAN_KOL":"ne","TYP":"lavice se stolem","VODA":"ne","suggested_tag":"leisure=picnic_table"}},{"type":"Feature","geometry":{"type":"Point","coordinates":[16.610191,49.959895]},"properties":{"OBJECTID":577,"INFO_TAB":"ne","KID":577,"KOS":"ne","KRYTE":"ne","MAJITEL":"Obec Horní Čermná","MAPA":"ne","PUMPA":"ne","SAMO_SERVI":"ne","SPRAVCE":"Obec Horní Čermná","STOJAN_KOL":"ne","TYP":"lavice","VODA":"ne","suggested_tag":"amenity=bench"}},{"type":"Feature","geometry":{"type":"Point","coordinates":[16.590065,49.95836]},"properties":{"OBJECTID":578,"INFO_TAB":"ne","KID":578,"KOS":"ne","KRYTE":"ne","MAJITEL":"Obec Horní Třešňovec","MAPA":"ne","PUMPA":"ne","SAMO_SERVI":"ne","SPRAVCE":"Obec Horní Třešňovec","STOJAN_KOL":"ne","TYP":"lavice se stolem","VODA":"ne","suggested_tag":"leisure=picnic_table"}},{"type":"Feature","geometry":{"type":"Point","coordinates":[16.580483,49.921921]},"properties":{"OBJECTID":579,"INFO_TAB":"ne","KID":579,"KOS":"ne","KRYTE":"ne","MAJITEL":"Město Lanškroun","MAPA":"ne","PUMPA":"ne","SAMO_SERVI":"ne","SPRAVCE":"Město Lanškroun","STOJAN_KOL":"ne","TYP":"lavice se stolem","VODA":"ano","suggested_tag":"leisure=picnic_table"}},{"type":"Feature","geometry":{"type":"Point","coordinates":[16.47416,50.018965]},"properties":{"OBJECTID":580,"INFO_TAB":"ne","KID":580,"KOS":"ano","KRYTE":"ne","MAJITEL":"Region Orlicko-Třebovsko","MAPA":"ne","POZN":"opěrný stojan","PUMPA":"ne","SAMO_SERVI":"ne","SPRAVCE":"Region Orlicko-Třebovsko","STOJAN_KOL":"ano","TYP":"lavice se stolem","VODA":"ne","suggested_tag":"leisure=picnic_table"}},{"type":"Feature","geometry":{"type":"Point","coordinates":[16.481857,50.029036]},"properties":{"OBJECTID":581,"INFO_TAB":"ne","KID":581,"KOS":"ano","KRYTE":"ne","MAJITEL":"Město Letohrad","MAPA":"ne","PUMPA":"ne","SAMO_SERVI":"ne","SPRAVCE":"Město Letohrad","STOJAN_KOL":"ne","TYP":"lavice se stolem","VODA":"ne","suggested_tag":"leisure=picnic_table"}},{"type":"Feature","geometry":{"type":"Point","coordinates":[16.480409,50.071535]},"properties":{"OBJECTID":582,"INFO_TAB":"ne","KID":582,"KOS":"ne","KRYTE":"ano","MAJITEL":"Sdružení obcí Orlicko","MAPA":"ano","PUMPA":"ne","SAMO_SERVI":"ne","SPRAVCE":"nezjištěno","STOJAN_KOL":"ano","TYP":"lavice se stolem","VODA":"ne","suggested_tag":"leisure=picnic_table"}},{"type":"Feature","geometry":{"type":"Point","coordinates":[16.466348,50.026983]},"properties":{"OBJECTID":583,"INFO_TAB":"ano","KID":583,"KOS":"ne","KRYTE":"ne","MAJITEL":"Obec Písečná","MAPA":"ne","PUMPA":"ne","SAMO_SERVI":"ne","SPRAVCE":"Obec Písečná","STOJAN_KOL":"ne","TYP":"lavice","VODA":"ne","suggested_tag":"amenity=bench"}},{"type":"Feature","geometry":{"type":"Point","coordinates":[16.464257,50.024899]},"properties":{"OBJECTID":584,"INFO_TAB":"ne","KID":584,"KOS":"ano","KRYTE":"ne","MAJITEL":"Obec Písečná","MAPA":"ne","PUMPA":"ne","SAMO_SERVI":"ne","SPRAVCE":"Obec Písečná","STOJAN_KOL":"ne","TYP":"lavice se stolem","VODA":"ne","suggested_tag":"leisure=picnic_table"}},{"type":"Feature","geometry":{"type":"Point","coordinates":[16.464257,50.024899]},"properties":{"OBJECTID":585,"INFO_TAB":"ne","KID":584,"KOS":"ano","KRYTE":"ne","MAJITEL":"RUNT a partneři, s.r.o.","MAPA":"ne","PUMPA":"ne","SAMO_SERVI":"ne","SPRAVCE":"nezjištěno","STOJAN_KOL":"ne","TYP":"lavice se stolem","VODA":"ne","suggested_tag":"leisure=picnic_table"}},{"type":"Feature","geometry":{"type":"Point","coordinates":[16.374837,50.03427]},"properties":{"OBJECTID":586,"INFO_TAB":"ne","KID":585,"KOS":"ne","KRYTE":"ne","MAJITEL":"Obec České Libchavy","MAPA":"ne","PUMPA":"ne","SAMO_SERVI":"ne","SPRAVCE":"Obec České Libchavy","STOJAN_KOL":"ne","TYP":"lavice","VODA":"ne","suggested_tag":"amenity=bench"}},{"type":"Feature","geometry":{"type":"Point","coordinates":[16.373832,50.031056]},"properties":{"OBJECTID":587,"INFO_TAB":"ne","KID":586,"KOS":"ne","KRYTE":"ne","MAJITEL":"Obec České Libchavy","MAPA":"ne","PUMPA":"ne","SAMO_SERVI":"ne","SPRAVCE":"Obec České Libchavy","STOJAN_KOL":"ne","TYP":"lavice","VODA":"ne","suggested_tag":"amenity=bench"}},{"type":"Feature","geometry":{"type":"Point","coordinates":[16.73043,49.728477]},"properties":{"OBJECTID":588,"INFO_TAB":"ne","KID":587,"KOS":"ne","KRYTE":"ne","MAJITEL":"Pardubický kraj","MAPA":"ano","PUMPA":"ne","SAMO_SERVI":"ne","SPRAVCE":"nezjištěno","STOJAN_KOL":"ne","TYP":"mapa","VODA":"ne","suggested_tag":"tourism=information + information=map"}},{"type":"Feature","geometry":{"type":"Point","coordinates":[16.661493,49.713849]},"properties":{"OBJECTID":589,"INFO_TAB":"ne","KID":588,"KOS":"ne","KRYTE":"ano","MAJITEL":"ČR","MAPA":"ne","PUMPA":"ne","SAMO_SERVI":"ne","SPRAVCE":"Lesy České republiky, s.p.","STOJAN_KOL":"ne","TYP":"lavice se stolem","VODA":"ne","suggested_tag":"leisure=picnic_table"}},{"type":"Feature","geometry":{"type":"Point","coordinates":[16.64405,49.722913]},"properties":{"OBJECTID":590,"INFO_TAB":"ne","KID":589,"KOS":"ano","KRYTE":"ne","MAJITEL":"Obec Útěchov","MAPA":"ano","PUMPA":"ne","SAMO_SERVI":"ne","SPRAVCE":"Obec Útěchov","STOJAN_KOL":"ne","TYP":"lavice","VODA":"ne","suggested_tag":"amenity=bench"}},{"type":"Feature","geometry":{"type":"Point","coordinates":[16.624604,49.680831]},"properties":{"OBJECTID":591,"INFO_TAB":"ano","KID":590,"KOS":"ne","KRYTE":"ne","MAJITEL":"Obec Křenov","MAPA":"ano","PUMPA":"ne","SAMO_SERVI":"ne","SPRAVCE":"Obec Křenov","STOJAN_KOL":"ne","TYP":"lavice","VODA":"ne","suggested_tag":"amenity=bench"}},{"type":"Feature","geometry":{"type":"Point","coordinates":[15.531783,50.119587]},"properties":{"OBJECTID":592,"INFO_TAB":"ne","KID":591,"KOS":"ne","KRYTE":"ne","MAJITEL":"Obec Malé Výkleky","MAPA":"ne","PUMPA":"ne","SAMO_SERVI":"ne","SPRAVCE":"Obec Malé Výkleky","STOJAN_KOL":"ne","TYP":"lavice se stolem","VODA":"ne","suggested_tag":"leisure=picnic_table"}},{"type":"Feature","geometry":{"type":"Point","coordinates":[15.533997,50.104596]},"properties":{"OBJECTID":593,"INFO_TAB":"ne","KID":592,"KOS":"ne","KRYTE":"ne","MAJITEL":"Obec Vápno","MAPA":"ano","PUMPA":"ne","SAMO_SERVI":"ne","SPRAVCE":"Obec Vápno","STOJAN_KOL":"ne","TYP":"mapa","VODA":"ne","suggested_tag":"tourism=information + information=map"}},{"type":"Feature","geometry":{"type":"Point","coordinates":[15.535385,50.104297]},"properties":{"OBJECTID":594,"INFO_TAB":"ano","KID":593,"KOS":"ano","KRYTE":"ne","MAJITEL":"Obec Vápno","MAPA":"ne","PUMPA":"ne","SAMO_SERVI":"ne","SPRAVCE":"Obec Vápno","STOJAN_KOL":"ano","TYP":"lavice se stolem","VODA":"ne","suggested_tag":"leisure=picnic_table"}},{"type":"Feature","geometry":{"type":"Point","coordinates":[15.769599,49.977417]},"properties":{"OBJECTID":595,"INFO_TAB":"ne","KID":594,"KOS":"ano","KRYTE":"ano","MAJITEL":"Město Chrudim","MAPA":"ne","PUMPA":"ne","SAMO_SERVI":"ne","SPRAVCE":"Město Chrudim","STOJAN_KOL":"ne","TYP":"lavice se stolem","VODA":"ne","suggested_tag":"leisure=picnic_table"}},{"type":"Feature","geometry":{"type":"Point","coordinates":[15.773465,49.973896]},"properties":{"OBJECTID":596,"INFO_TAB":"ne","KID":595,"KOS":"ne","KRYTE":"ne","MAJITEL":"Město Chrudim","MAPA":"ne","PUMPA":"ne","SAMO_SERVI":"ne","SPRAVCE":"Město Chrudim","STOJAN_KOL":"ne","TYP":"lavice","VODA":"ne","suggested_tag":"amenity=bench"}},{"type":"Feature","geometry":{"type":"Point","coordinates":[15.782662,49.962298]},"properties":{"OBJECTID":597,"INFO_TAB":"ne","KID":596,"KOS":"ne","KRYTE":"ne","MAJITEL":"Pardubický kraj","MAPA":"ne","PUMPA":"ne","SAMO_SERVI":"ne","SPRAVCE":"nezjištěno","STOJAN_KOL":"ne","TYP":"lavice","VODA":"ne","suggested_tag":"amenity=bench"}},{"type":"Feature","geometry":{"type":"Point","coordinates":[15.809548,49.935952]},"properties":{"OBJECTID":598,"INFO_TAB":"ano","KID":597,"KOS":"ano","KRYTE":"ano","MAJITEL":"Město Chrudim","MAPA":"ne","POZN":"opěrný stojan","PUMPA":"ne","SAMO_SERVI":"ne","SPRAVCE":"Město Chrudim","STOJAN_KOL":"ano","TYP":"lavice se stolem","VODA":"ne","suggested_tag":"leisure=picnic_table"}},{"type":"Feature","geometry":{"type":"Point","coordinates":[15.813563,49.933549]},"properties":{"OBJECTID":599,"INFO_TAB":"ano","KID":598,"KOS":"ne","KRYTE":"ne","MAJITEL":"ČR","MAPA":"ne","PUMPA":"ne","SAMO_SERVI":"ne","SPRAVCE":"Povodí Labe, státní podnik","STOJAN_KOL":"ne","TYP":"informační tabule","VODA":"ne","suggested_tag":"tourism=information + information=board"}},{"type":"Feature","geometry":{"type":"Point","coordinates":[15.816412,49.930712]},"properties":{"OBJECTID":600,"INFO_TAB":"ne","KID":599,"KOS":"ne","KRYTE":"ano","MAJITEL":"Město Chrudim","MAPA":"ne","PUMPA":"ne","SAMO_SERVI":"ne","SPRAVCE":"Město Chrudim","STOJAN_KOL":"ne","TYP":"lavice se stolem","VODA":"ne","suggested_tag":"leisure=picnic_table"}},{"type":"Feature","geometry":{"type":"Point","coordinates":[15.793716,49.947808]},"properties":{"OBJECTID":601,"INFO_TAB":"ne","KID":600,"KOS":"ne","KRYTE":"ne","MAJITEL":"Město Chrudim","MAPA":"ano","PUMPA":"ne","SAMO_SERVI":"ne","SPRAVCE":"Město Chrudim","STOJAN_KOL":"ne","TYP":"mapa","VODA":"ne","suggested_tag":"tourism=information + information=map"}},{"type":"Feature","geometry":{"type":"Point","coordinates":[15.792079,49.951155]},"properties":{"OBJECTID":602,"INFO_TAB":"ano","KID":601,"KOS":"ano","KRYTE":"ne","MAJITEL":"Město Chrudim","MAPA":"ne","PUMPA":"ne","SAMO_SERVI":"ne","SPRAVCE":"Město Chrudim","STOJAN_KOL":"ne","TYP":"lavice se stolem","VODA":"ne","suggested_tag":"leisure=picnic_table"}},{"type":"Feature","geometry":{"type":"Point","coordinates":[15.807374,49.956177]},"properties":{"OBJECTID":603,"INFO_TAB":"ne","KID":602,"KOS":"ano","KRYTE":"ano","MAJITEL":"Město Chrudim","MAPA":"ne","PUMPA":"ne","SAMO_SERVI":"ne","SPRAVCE":"Město Chrudim","STOJAN_KOL":"ne","TYP":"lavice","VODA":"ne","suggested_tag":"amenity=bench"}},{"type":"Feature","geometry":{"type":"Point","coordinates":[15.794299,49.951037]},"properties":{"OBJECTID":604,"INFO_TAB":"ne","KID":603,"KOS":"ano","KRYTE":"ne","MAJITEL":"Město Chrudim","MAPA":"ne","PUMPA":"ne","SAMO_SERVI":"ne","SPRAVCE":"Město Chrudim","STOJAN_KOL":"ne","TYP":"lavice","VODA":"ano","suggested_tag":"amenity=bench"}},{"type":"Feature","geometry":{"type":"Point","coordinates":[15.794964,49.950897]},"properties":{"OBJECTID":605,"INFO_TAB":"ano","KID":604,"KOS":"ano","KRYTE":"ne","MAJITEL":"Město Chrudim","MAPA":"ne","PUMPA":"ne","SAMO_SERVI":"ne","SPRAVCE":"Město Chrudim","STOJAN_KOL":"ne","TYP":"lavice","VODA":"ano","suggested_tag":"amenity=bench"}},{"type":"Feature","geometry":{"type":"Point","coordinates":[15.808384,49.946985]},"properties":{"OBJECTID":606,"INFO_TAB":"ne","KID":605,"KOS":"ne","KRYTE":"ne","MAJITEL":"Město Chrudim","MAPA":"ano","PUMPA":"ne","SAMO_SERVI":"ne","SPRAVCE":"Město Chrudim","STOJAN_KOL":"ne","TYP":"mapa","VODA":"ne","suggested_tag":"tourism=information + information=map"}},{"type":"Feature","geometry":{"type":"Point","coordinates":[15.811418,49.922584]},"properties":{"OBJECTID":607,"INFO_TAB":"ne","KID":606,"KOS":"ne","KRYTE":"ne","MAJITEL":"Město Slatiňany","MAPA":"ne","PUMPA":"ne","SAMO_SERVI":"ne","SPRAVCE":"Město Slatiňany","STOJAN_KOL":"ne","TYP":"lavice","VODA":"ne","suggested_tag":"amenity=bench"}},{"type":"Feature","geometry":{"type":"Point","coordinates":[15.813636,49.925639]},"properties":{"OBJECTID":608,"INFO_TAB":"ne","KID":607,"KOS":"ne","KRYTE":"ne","MAJITEL":"LEROS, s.r.o.","MAPA":"ne","PUMPA":"ne","SAMO_SERVI":"ne","SPRAVCE":"nezjištěno","STOJAN_KOL":"ne","TYP":"lavice se stolem","VODA":"ne","suggested_tag":"leisure=picnic_table"}},{"type":"Feature","geometry":{"type":"Point","coordinates":[15.812639,49.906541]},"properties":{"OBJECTID":609,"INFO_TAB":"ano","KID":608,"KOS":"ne","KRYTE":"ne","MAJITEL":"Město Slatiňany","MAPA":"ano","PUMPA":"ne","SAMO_SERVI":"ne","SPRAVCE":"Město Slatiňany","STOJAN_KOL":"ne","TYP":"tabule","VODA":"ne"}},{"type":"Feature","geometry":{"type":"Point","coordinates":[15.813194,49.906598]},"properties":{"OBJECTID":610,"INFO_TAB":"ano","KID":609,"KOS":"ne","KRYTE":"ne","MAJITEL":"Město Slatiňany","MAPA":"ano","POZN":"pův. OFO","PUMPA":"ne","SAMO_SERVI":"ne","SPRAVCE":"Město Slatiňany","STOJAN_KOL":"ne","TYP":"tabule","VODA":"ne"}},{"type":"Feature","geometry":{"type":"Point","coordinates":[15.81154,49.916102]},"properties":{"OBJECTID":611,"INFO_TAB":"ne","KID":610,"KOS":"ano","KRYTE":"ano","MAJITEL":"Město Slatiňany","MAPA":"ne","PUMPA":"ne","SAMO_SERVI":"ne","SPRAVCE":"Město Slatiňany","STOJAN_KOL":"ne","TYP":"lavice se stolem","VODA":"ne","suggested_tag":"leisure=picnic_table"}},{"type":"Feature","geometry":{"type":"Point","coordinates":[15.812189,49.919266]},"properties":{"OBJECTID":612,"INFO_TAB":"ne","KID":611,"KOS":"ne","KRYTE":"ne","MAJITEL":"Město Slatiňany","MAPA":"ano","PUMPA":"ne","SAMO_SERVI":"ne","SPRAVCE":"Město Slatiňany","STOJAN_KOL":"ne","TYP":"mapa","VODA":"ne","suggested_tag":"tourism=information + information=map"}},{"type":"Feature","geometry":{"type":"Point","coordinates":[15.812122,49.919239]},"properties":{"OBJECTID":613,"INFO_TAB":"ano","KID":612,"KOS":"ne","KRYTE":"ne","MAJITEL":"Město Slatiňany","MAPA":"ano","PUMPA":"ne","SAMO_SERVI":"ne","SPRAVCE":"Město Slatiňany","STOJAN_KOL":"ne","TYP":"tabule","VODA":"ne"}},{"type":"Feature","geometry":{"type":"Point","coordinates":[15.81123,49.919516]},"properties":{"OBJECTID":614,"INFO_TAB":"ne","KID":613,"KOS":"ne","KRYTE":"ne","MAJITEL":"Město Slatiňany","MAPA":"ano","PUMPA":"ne","SAMO_SERVI":"ne","SPRAVCE":"Město Slatiňany","STOJAN_KOL":"ne","TYP":"mapa","VODA":"ne","suggested_tag":"tourism=information + information=map"}},{"type":"Feature","geometry":{"type":"Point","coordinates":[15.810297,49.919835]},"properties":{"OBJECTID":615,"INFO_TAB":"ne","KID":614,"KOS":"ne","KRYTE":"ne","MAJITEL":"Město Slatiňany","MAPA":"ano","PUMPA":"ne","SAMO_SERVI":"ne","SPRAVCE":"Město Slatiňany","STOJAN_KOL":"ne","TYP":"mapa","VODA":"ne","suggested_tag":"tourism=information + information=map"}},{"type":"Feature","geometry":{"type":"Point","coordinates":[15.775022,49.782537]},"properties":{"OBJECTID":616,"INFO_TAB":"ne","KID":615,"KOS":"ano","KRYTE":"ano","MAJITEL":"Městys Trhová Kamenice","MAPA":"ne","PUMPA":"ne","SAMO_SERVI":"ne","SPRAVCE":"Městys Trhová Kamenice","STOJAN_KOL":"ano","TYP":"lavice se stolem","VODA":"ne","suggested_tag":"leisure=picnic_table"}},{"type":"Feature","geometry":{"type":"Point","coordinates":[15.785659,49.78348]},"properties":{"OBJECTID":617,"INFO_TAB":"ne","KID":616,"KOS":"ne","KRYTE":"ne","MAJITEL":"Městys Trhová Kamenice","MAPA":"ne","POZN":"pův. OFO","PUMPA":"ne","SAMO_SERVI":"ne","SPRAVCE":"Městys Trhová Kamenice","STOJAN_KOL":"ne","TYP":"lavice","VODA":"ne","suggested_tag":"amenity=bench"}},{"type":"Feature","geometry":{"type":"Point","coordinates":[15.801847,49.781548]},"properties":{"OBJECTID":618,"INFO_TAB":"ne","KID":617,"KOS":"ano","KRYTE":"ne","MAJITEL":"Městys Trhová Kamenice","MAPA":"ano","PUMPA":"ne","SAMO_SERVI":"ne","SPRAVCE":"Městys Trhová Kamenice","STOJAN_KOL":"ne","TYP":"lavice se stolem","VODA":"ne","suggested_tag":"leisure=picnic_table"}},{"type":"Feature","geometry":{"type":"Point","coordinates":[16.071306,49.845235]},"properties":{"OBJECTID":619,"INFO_TAB":"ne","KID":618,"KOS":"ne","KRYTE":"ne","MAJITEL":"Obec Hluboká","MAPA":"ano","PUMPA":"ne","SAMO_SERVI":"ne","SPRAVCE":"Obec Hluboká","STOJAN_KOL":"ano","TYP":"lavice","VODA":"ne","suggested_tag":"amenity=bench"}},{"type":"Feature","geometry":{"type":"Point","coordinates":[16.160315,49.95086]},"properties":{"OBJECTID":620,"INFO_TAB":"ne","KID":619,"KOS":"ne","KRYTE":"ne","MAJITEL":"Město Vysoké Mýto","MAPA":"ano","PUMPA":"ne","SAMO_SERVI":"ne","SPRAVCE":"Město Vysoké Mýto","STOJAN_KOL":"ne","TYP":"mapa","VODA":"ne","suggested_tag":"tourism=information + information=map"}},{"type":"Feature","geometry":{"type":"Point","coordinates":[16.214353,49.906118]},"properties":{"OBJECTID":621,"INFO_TAB":"ne","KID":620,"KOS":"ne","KRYTE":"ne","MAJITEL":"Obec Cerekvice nad Loučnou","MAPA":"ne","POZN":"pův. OFO","PUMPA":"ne","SAMO_SERVI":"ne","SPRAVCE":"Obec Cerekvice nad Loučnou","STOJAN_KOL":"ne","TYP":"lavice","VODA":"ne","suggested_tag":"amenity=bench"}},{"type":"Feature","geometry":{"type":"Point","coordinates":[16.216649,49.899226]},"properties":{"OBJECTID":622,"INFO_TAB":"ne","KID":621,"KOS":"ne","KRYTE":"ne","MAJITEL":"Obec Cerekvice nad Loučnou","MAPA":"ano","PUMPA":"ne","SAMO_SERVI":"ne","SPRAVCE":"Obec Cerekvice nad Loučnou","STOJAN_KOL":"ano","TYP":"mapa","VODA":"ne","suggested_tag":"tourism=information + information=map"}},{"type":"Feature","geometry":{"type":"Point","coordinates":[16.236822,49.886739]},"properties":{"OBJECTID":623,"INFO_TAB":"ne","KID":622,"KOS":"ne","KRYTE":"ne","MAJITEL":"Obec Nová Sídla","MAPA":"ne","PUMPA":"ne","SAMO_SERVI":"ne","SPRAVCE":"Obec Nová Sídla","STOJAN_KOL":"ne","TYP":"lavice","VODA":"ne","suggested_tag":"amenity=bench"}},{"type":"Feature","geometry":{"type":"Point","coordinates":[16.239069,49.889078]},"properties":{"OBJECTID":624,"INFO_TAB":"ne","KID":623,"KOS":"ano","KRYTE":"ne","MAJITEL":"Obec Nová Sídla","MAPA":"ne","POZN":"pův. OFO","PUMPA":"ne","SAMO_SERVI":"ne","SPRAVCE":"Obec Nová Sídla","STOJAN_KOL":"ne","TYP":"lavice","VODA":"ne","suggested_tag":"amenity=bench"}},{"type":"Feature","geometry":{"type":"Point","coordinates":[16.197899,49.799519]},"properties":{"OBJECTID":625,"INFO_TAB":"ne","KID":624,"KOS":"ano","KRYTE":"ano","MAJITEL":"Obec Poříčí u Litomyšle","MAPA":"ano","POZN":"pův. OFO","PUMPA":"ne","SAMO_SERVI":"ne","SPRAVCE":"Obec Poříčí u Litomyšle","STOJAN_KOL":"ne","TYP":"lavice se stolem","VODA":"ne","suggested_tag":"leisure=picnic_table"}},{"type":"Feature","geometry":{"type":"Point","coordinates":[16.191599,49.798187]},"properties":{"OBJECTID":626,"INFO_TAB":"ano","KID":625,"KOS":"ne","KRYTE":"ne","MAJITEL":"Obec Poříčí u Litomyšle","MAPA":"ano","PUMPA":"ne","SAMO_SERVI":"ne","SPRAVCE":"Obec Poříčí u Litomyšle","STOJAN_KOL":"ne","TYP":"lavice se stolem","VODA":"ne","suggested_tag":"leisure=picnic_table"}},{"type":"Feature","geometry":{"type":"Point","coordinates":[16.167813,49.803945]},"properties":{"OBJECTID":627,"INFO_TAB":"ano","KID":626,"KOS":"ano","KRYTE":"ano","MAJITEL":"Obec Budislav","MAPA":"ano","PUMPA":"ne","SAMO_SERVI":"ne","SPRAVCE":"Obec Budislav","STOJAN_KOL":"ano","TYP":"lavice se stolem","VODA":"ne","suggested_tag":"leisure=picnic_table"}},{"type":"Feature","geometry":{"type":"Point","coordinates":[16.083154,49.709745]},"properties":{"OBJECTID":628,"INFO_TAB":"ne","KID":627,"KOS":"ne","KRYTE":"ano","MAJITEL":"ČR","MAPA":"ne","PUMPA":"ne","SAMO_SERVI":"ne","SPRAVCE":"Lesy České republiky, s.p.","STOJAN_KOL":"ne","TYP":"lavice se stolem","VODA":"ne","suggested_tag":"leisure=picnic_table"}},{"type":"Feature","geometry":{"type":"Point","coordinates":[16.170347,49.71137]},"properties":{"OBJECTID":629,"INFO_TAB":"ano","KID":628,"KOS":"ne","KRYTE":"ne","MAJITEL":"Římskokatolická farnost Borová","MAPA":"ano","PUMPA":"ne","SAMO_SERVI":"ne","SPRAVCE":"nezjištěno","STOJAN_KOL":"ne","TYP":"lavice se stolem","VODA":"ne","suggested_tag":"leisure=picnic_table"}},{"type":"Feature","geometry":{"type":"Point","coordinates":[16.169425,49.712201]},"properties":{"OBJECTID":630,"INFO_TAB":"ne","KID":629,"KOS":"ne","KRYTE":"ne","MAJITEL":"OFO","MAPA":"ne","PUMPA":"ne","SAMO_SERVI":"ne","SPRAVCE":"nezjištěno","STOJAN_KOL":"ano","TYP":"lavice se stolem","VODA":"ne","suggested_tag":"leisure=picnic_table"}},{"type":"Feature","geometry":{"type":"Point","coordinates":[16.188704,49.714257]},"properties":{"OBJECTID":631,"INFO_TAB":"ne","KID":630,"KOS":"ne","KRYTE":"ano","MAJITEL":"Obec Oldřiš","MAPA":"ano","POZN":"pův. OFO","PUMPA":"ne","SAMO_SERVI":"ne","SPRAVCE":"Obec Oldřiš","STOJAN_KOL":"ano","TYP":"lavice se stolem","VODA":"ne","suggested_tag":"leisure=picnic_table"}},{"type":"Feature","geometry":{"type":"Point","coordinates":[16.194253,49.726633]},"properties":{"OBJECTID":632,"INFO_TAB":"ne","KID":631,"KOS":"ano","KRYTE":"ne","MAJITEL":"Obec Oldřiš","MAPA":"ano","PUMPA":"ne","SAMO_SERVI":"ne","SPRAVCE":"Obec Oldřiš","STOJAN_KOL":"ne","TYP":"mapa","VODA":"ne","suggested_tag":"tourism=information + information=map"}},{"type":"Feature","geometry":{"type":"Point","coordinates":[16.203981,49.733151]},"properties":{"OBJECTID":633,"INFO_TAB":"ne","KID":632,"KOS":"ne","KRYTE":"ne","MAJITEL":"Obec Oldřiš","MAPA":"ne","POZN":"pův. OFO","PUMPA":"ne","SAMO_SERVI":"ne","SPRAVCE":"Obec Oldřiš","STOJAN_KOL":"ne","TYP":"lavice","VODA":"ne","suggested_tag":"amenity=bench"}},{"type":"Feature","geometry":{"type":"Point","coordinates":[16.207978,49.721295]},"properties":{"OBJECTID":634,"INFO_TAB":"ne","KID":633,"KOS":"ne","KRYTE":"ne","MAJITEL":"Pardubický kraj","MAPA":"ano","PUMPA":"ne","SAMO_SERVI":"ne","SPRAVCE":"nezjištěno","STOJAN_KOL":"ne","TYP":"mapa","VODA":"ne","suggested_tag":"tourism=information + information=map"}},{"type":"Feature","geometry":{"type":"Point","coordinates":[16.238681,49.711121]},"properties":{"OBJECTID":635,"INFO_TAB":"ne","KID":634,"KOS":"ne","KRYTE":"ne","MAJITEL":"OFO","MAPA":"ne","PUMPA":"ne","SAMO_SERVI":"ne","SPRAVCE":"nezjištěno","STOJAN_KOL":"ne","TYP":"lavice","VODA":"ne","suggested_tag":"amenity=bench"}},{"type":"Feature","geometry":{"type":"Point","coordinates":[16.237536,49.709717]},"properties":{"OBJECTID":636,"INFO_TAB":"ne","KID":635,"KOS":"ne","KRYTE":"ne","MAJITEL":"Obec Kamenec u Poličky","MAPA":"ano","PUMPA":"ne","SAMO_SERVI":"ne","SPRAVCE":"Obec Kamenec u Poličky","STOJAN_KOL":"ne","TYP":"mapa","VODA":"ne","suggested_tag":"tourism=information + information=map"}},{"type":"Feature","geometry":{"type":"Point","coordinates":[16.212644,49.708189]},"properties":{"OBJECTID":637,"INFO_TAB":"ne","KID":636,"KOS":"ne","KRYTE":"ne","MAJITEL":"OFO","MAPA":"ne","PUMPA":"ne","SAMO_SERVI":"ne","SPRAVCE":"nezjištěno","STOJAN_KOL":"ne","TYP":"lavice","VODA":"ne","suggested_tag":"amenity=bench"}},{"type":"Feature","geometry":{"type":"Point","coordinates":[16.179939,49.698884]},"properties":{"OBJECTID":638,"INFO_TAB":"ano","KID":637,"KOS":"ano","KRYTE":"ano","MAJITEL":"ČR","MAPA":"ano","PUMPA":"ne","SAMO_SERVI":"ne","SPRAVCE":"nezjištěno","STOJAN_KOL":"ne","TYP":"lavice se stolem","VODA":"ne","suggested_tag":"leisure=picnic_table"}},{"type":"Feature","geometry":{"type":"Point","coordinates":[16.165323,49.737012]},"properties":{"OBJECTID":639,"INFO_TAB":"ano","KID":638,"KOS":"ne","KRYTE":"ne","MAJITEL":"Obec Borová","MAPA":"ano","PUMPA":"ne","SAMO_SERVI":"ne","SPRAVCE":"Obec Borová","STOJAN_KOL":"ne","TYP":"tabule","VODA":"ne"}},{"type":"Feature","geometry":{"type":"Point","coordinates":[16.18119,49.729592]},"properties":{"OBJECTID":640,"INFO_TAB":"ne","KID":639,"KOS":"ne","KRYTE":"ano","MAJITEL":"Obec Oldřiš","MAPA":"ne","PUMPA":"ne","SAMO_SERVI":"ne","SPRAVCE":"Obec Oldřiš","STOJAN_KOL":"ne","TYP":"lavice se stolem","VODA":"ne","suggested_tag":"leisure=picnic_table"}},{"type":"Feature","geometry":{"type":"Point","coordinates":[16.265396,49.714107]},"properties":{"OBJECTID":641,"INFO_TAB":"ne","KID":640,"KOS":"ne","KRYTE":"ne","MAJITEL":"Město Polička","MAPA":"ano","PUMPA":"ne","SAMO_SERVI":"ne","SPRAVCE":"Město Polička","STOJAN_KOL":"ano","TYP":"mapa","VODA":"ne","suggested_tag":"tourism=information + information=map"}},{"type":"Feature","geometry":{"type":"Point","coordinates":[16.301024,49.749231]},"properties":{"OBJECTID":642,"INFO_TAB":"ne","KID":641,"KOS":"ne","KRYTE":"ano","MAJITEL":"ČR","MAPA":"ne","PUMPA":"ne","SAMO_SERVI":"ne","SPRAVCE":"Lesy České republiky, s.p.","STOJAN_KOL":"ne","TYP":"lavice se stolem","VODA":"ne","suggested_tag":"leisure=picnic_table"}},{"type":"Feature","geometry":{"type":"Point","coordinates":[16.265956,49.758589]},"properties":{"OBJECTID":643,"INFO_TAB":"ne","KID":642,"KOS":"ne","KRYTE":"ano","MAJITEL":"Město Polička","MAPA":"ne","PUMPA":"ne","SAMO_SERVI":"ne","SPRAVCE":"Město Polička","STOJAN_KOL":"ne","TYP":"lavice se stolem","VODA":"ne","suggested_tag":"leisure=picnic_table"}},{"type":"Feature","geometry":{"type":"Point","coordinates":[16.289234,49.776639]},"properties":{"OBJECTID":644,"INFO_TAB":"ne","KID":643,"KOS":"ne","KRYTE":"ano","MAJITEL":"ČR","MAPA":"ne","PUMPA":"ne","SAMO_SERVI":"ne","SPRAVCE":"Lesy České republiky, s.p.","STOJAN_KOL":"ne","TYP":"lavice se stolem","VODA":"ne","suggested_tag":"leisure=picnic_table"}},{"type":"Feature","geometry":{"type":"Point","coordinates":[16.299038,49.75854]},"properties":{"OBJECTID":645,"INFO_TAB":"ano","KID":644,"KOS":"ne","KRYTE":"ne","MAJITEL":"ČR","MAPA":"ne","PUMPA":"ne","SAMO_SERVI":"ne","SPRAVCE":"Lesy České republiky, s.p.","STOJAN_KOL":"ne","TYP":"informační tabule","VODA":"ne","suggested_tag":"tourism=information + information=board"}},{"type":"Feature","geometry":{"type":"Point","coordinates":[16.304743,49.746859]},"properties":{"OBJECTID":646,"INFO_TAB":"ano","KID":645,"KOS":"ne","KRYTE":"ne","MAJITEL":"ČR","MAPA":"ne","PUMPA":"ne","SAMO_SERVI":"ne","SPRAVCE":"Lesy České republiky, s.p.","STOJAN_KOL":"ne","TYP":"informační tabule","VODA":"ne","suggested_tag":"tourism=information + information=board"}},{"type":"Feature","geometry":{"type":"Point","coordinates":[16.330351,49.71015]},"properties":{"OBJECTID":647,"INFO_TAB":"ne","KID":646,"KOS":"ano","KRYTE":"ne","MAJITEL":"Obec Pomezí","MAPA":"ne","PUMPA":"ne","SAMO_SERVI":"ne","SPRAVCE":"Obec Pomezí","STOJAN_KOL":"ano","TYP":"lavice","VODA":"ne","suggested_tag":"amenity=bench"}},{"type":"Feature","geometry":{"type":"Point","coordinates":[16.46808,49.893482]},"properties":{"OBJECTID":648,"INFO_TAB":"ne","KID":647,"KOS":"ano","KRYTE":"ano","MAJITEL":"Obec Rybník","MAPA":"ne","PUMPA":"ne","SAMO_SERVI":"ne","SPRAVCE":"Obec Rybník","STOJAN_KOL":"ne","TYP":"lavice","VODA":"ne","suggested_tag":"amenity=bench"}},{"type":"Feature","geometry":{"type":"Point","coordinates":[16.468401,49.894259]},"properties":{"OBJECTID":649,"INFO_TAB":"ano","KID":648,"KOS":"ne","KRYTE":"ne","MAJITEL":"Obec Rybník","MAPA":"ne","PUMPA":"ne","SAMO_SERVI":"ne","SPRAVCE":"Obec Rybník","STOJAN_KOL":"ne","TYP":"informační tabule","VODA":"ne","suggested_tag":"tourism=information + information=board"}},{"type":"Feature","geometry":{"type":"Point","coordinates":[16.469699,49.894685]},"properties":{"OBJECTID":650,"INFO_TAB":"ano","KID":649,"KOS":"ne","KRYTE":"ne","MAJITEL":"Obec Rybník","MAPA":"ne","PUMPA":"ne","SAMO_SERVI":"ne","SPRAVCE":"Obec Rybník","STOJAN_KOL":"ne","TYP":"informační tabule","VODA":"ne","suggested_tag":"tourism=information + information=board"}},{"type":"Feature","geometry":{"type":"Point","coordinates":[16.475475,49.894649]},"properties":{"OBJECTID":651,"INFO_TAB":"ano","KID":650,"KOS":"ne","KRYTE":"ne","MAJITEL":"Obec Rybník","MAPA":"ne","PUMPA":"ne","SAMO_SERVI":"ne","SPRAVCE":"Obec Rybník","STOJAN_KOL":"ne","TYP":"informační tabule","VODA":"ne","suggested_tag":"tourism=information + information=board"}},{"type":"Feature","geometry":{"type":"Point","coordinates":[16.480496,49.895893]},"properties":{"OBJECTID":652,"INFO_TAB":"ano","KID":651,"KOS":"ne","KRYTE":"ne","MAJITEL":"Obec Rybník","MAPA":"ne","POZN":"pův. OFO","PUMPA":"ne","SAMO_SERVI":"ne","SPRAVCE":"Obec Rybník","STOJAN_KOL":"ne","TYP":"informační tabule","VODA":"ne","suggested_tag":"tourism=information + information=board"}},{"type":"Feature","geometry":{"type":"Point","coordinates":[16.481273,49.896154]},"properties":{"OBJECTID":653,"INFO_TAB":"ne","KID":652,"KOS":"ano","KRYTE":"ano","MAJITEL":"Obec Rybník","MAPA":"ne","POZN":"pův. OFO","PUMPA":"ne","SAMO_SERVI":"ne","SPRAVCE":"Obec Rybník","STOJAN_KOL":"ne","TYP":"lavice","VODA":"ne","suggested_tag":"amenity=bench"}},{"type":"Feature","geometry":{"type":"Point","coordinates":[16.481357,49.898739]},"properties":{"OBJECTID":654,"INFO_TAB":"ano","KID":653,"KOS":"ano","KRYTE":"ne","MAJITEL":"Obec Rybník","MAPA":"ne","PUMPA":"ne","SAMO_SERVI":"ne","SPRAVCE":"Obec Rybník","STOJAN_KOL":"ne","TYP":"informační tabule","VODA":"ne","suggested_tag":"tourism=information + information=board"}},{"type":"Feature","geometry":{"type":"Point","coordinates":[16.48441,49.903508]},"properties":{"OBJECTID":655,"INFO_TAB":"ano","KID":654,"KOS":"ne","KRYTE":"ne","MAJITEL":"Město Česká Třebová","MAPA":"ne","POZN":"pův. OFO","PUMPA":"ne","SAMO_SERVI":"ne","SPRAVCE":"Město Česká Třebová","STOJAN_KOL":"ne","TYP":"informační tabule","VODA":"ne","suggested_tag":"tourism=information + information=board"}},{"type":"Feature","geometry":{"type":"Point","coordinates":[16.48301,49.905125]},"properties":{"OBJECTID":656,"INFO_TAB":"ano","KID":655,"KOS":"ne","KRYTE":"ne","MAJITEL":"Město Česká Třebová","MAPA":"ne","PUMPA":"ne","SAMO_SERVI":"ne","SPRAVCE":"Město Česká Třebová","STOJAN_KOL":"ne","TYP":"informační tabule","VODA":"ne","suggested_tag":"tourism=information + information=board"}},{"type":"Feature","geometry":{"type":"Point","coordinates":[16.484122,49.907479]},"properties":{"OBJECTID":657,"INFO_TAB":"ano","KID":656,"KOS":"ne","KRYTE":"ne","MAJITEL":"Město Česká Třebová","MAPA":"ne","POZN":"pův. OFO","PUMPA":"ne","SAMO_SERVI":"ne","SPRAVCE":"Město Česká Třebová","STOJAN_KOL":"ne","TYP":"informační tabule","VODA":"ne","suggested_tag":"tourism=information + information=board"}},{"type":"Feature","geometry":{"type":"Point","coordinates":[16.486101,49.910102]},"properties":{"OBJECTID":658,"INFO_TAB":"ano","KID":657,"KOS":"ne","KRYTE":"ne","MAJITEL":"Město Česká Třebová","MAPA":"ne","PUMPA":"ne","SAMO_SERVI":"ne","SPRAVCE":"Město Česká Třebová","STOJAN_KOL":"ne","TYP":"informační tabule","VODA":"ne","suggested_tag":"tourism=information + information=board"}},{"type":"Feature","geometry":{"type":"Point","coordinates":[16.489569,49.912859]},"properties":{"OBJECTID":659,"INFO_TAB":"ano","KID":658,"KOS":"ne","KRYTE":"ano","MAJITEL":"Město Česká Třebová","MAPA":"ne","PUMPA":"ne","SAMO_SERVI":"ne","SPRAVCE":"Město Česká Třebová","STOJAN_KOL":"ne","TYP":"lavice se stolem","VODA":"ne","suggested_tag":"leisure=picnic_table"}},{"type":"Feature","geometry":{"type":"Point","coordinates":[16.510188,49.916192]},"properties":{"OBJECTID":660,"INFO_TAB":"ano","KID":659,"KOS":"ne","KRYTE":"ne","MAJITEL":"ČR","MAPA":"ne","PUMPA":"ne","SAMO_SERVI":"ne","SPRAVCE":"Lesy České republiky, s.p.","STOJAN_KOL":"ne","TYP":"informační tabule","VODA":"ne","suggested_tag":"tourism=information + information=board"}},{"type":"Feature","geometry":{"type":"Point","coordinates":[16.518547,49.916598]},"properties":{"OBJECTID":661,"INFO_TAB":"ne","KID":660,"KOS":"ne","KRYTE":"ano","MAJITEL":"ČR","MAPA":"ne","PUMPA":"ne","SAMO_SERVI":"ne","SPRAVCE":"Lesy České republiky, s.p.","STOJAN_KOL":"ne","TYP":"lavice","VODA":"ne","suggested_tag":"amenity=bench"}},{"type":"Feature","geometry":{"type":"Point","coordinates":[16.520378,49.91069]},"properties":{"OBJECTID":662,"INFO_TAB":"ne","KID":661,"KOS":"ne","KRYTE":"ano","MAJITEL":"ČR","MAPA":"ne","PUMPA":"ne","SAMO_SERVI":"ne","SPRAVCE":"Lesy České republiky, s.p.","STOJAN_KOL":"ne","TYP":"lavice se stolem","VODA":"ne","suggested_tag":"leisure=picnic_table"}},{"type":"Feature","geometry":{"type":"Point","coordinates":[16.517408,49.890629]},"properties":{"OBJECTID":663,"INFO_TAB":"ano","KID":662,"KOS":"ne","KRYTE":"ne","MAJITEL":"ČR","MAPA":"ne","PUMPA":"ne","SAMO_SERVI":"ne","SPRAVCE":"Lesy České republiky, s.p.","STOJAN_KOL":"ne","TYP":"lavice se stolem","VODA":"ne","suggested_tag":"leisure=picnic_table"}},{"type":"Feature","geometry":{"type":"Point","coordinates":[16.515242,49.860597]},"properties":{"OBJECTID":664,"INFO_TAB":"ne","KID":663,"KOS":"ne","KRYTE":"ne","MAJITEL":"Obec Třebovice","MAPA":"ano","PUMPA":"ne","SAMO_SERVI":"ne","SPRAVCE":"Obec Třebovice","STOJAN_KOL":"ne","TYP":"mapa","VODA":"ne","suggested_tag":"tourism=information + information=map"}},{"type":"Feature","geometry":{"type":"Point","coordinates":[16.539706,49.871049]},"properties":{"OBJECTID":665,"INFO_TAB":"ne","KID":664,"KOS":"ne","KRYTE":"ne","MAJITEL":"Obec Damníkov","MAPA":"ano","PUMPA":"ne","SAMO_SERVI":"ne","SPRAVCE":"Obec Damníkov","STOJAN_KOL":"ne","TYP":"mapa","VODA":"ne","suggested_tag":"tourism=information + information=map"}},{"type":"Feature","geometry":{"type":"Point","coordinates":[16.559178,49.871203]},"properties":{"OBJECTID":666,"INFO_TAB":"ne","KID":665,"KOS":"ne","KRYTE":"ne","MAJITEL":"Obec Damníkov","MAPA":"ne","PUMPA":"ne","SAMO_SERVI":"ne","SPRAVCE":"Obec Damníkov","STOJAN_KOL":"ne","TYP":"lavice","VODA":"ne","suggested_tag":"amenity=bench"}},{"type":"Feature","geometry":{"type":"Point","coordinates":[16.565579,49.871645]},"properties":{"OBJECTID":667,"INFO_TAB":"ne","KID":666,"KOS":"ano","KRYTE":"ano","MAJITEL":"Obec Damníkov","MAPA":"ne","PUMPA":"ne","SAMO_SERVI":"ne","SPRAVCE":"Obec Damníkov","STOJAN_KOL":"ne","TYP":"lavice","VODA":"ne","suggested_tag":"amenity=bench"}},{"type":"Feature","geometry":{"type":"Point","coordinates":[16.591613,49.902187]},"properties":{"OBJECTID":668,"INFO_TAB":"ne","KID":667,"KOS":"ano","KRYTE":"ne","MAJITEL":"Obec Rudoltice","MAPA":"ne","PUMPA":"ne","SAMO_SERVI":"ne","SPRAVCE":"Obec Rudoltice","STOJAN_KOL":"ne","TYP":"lavice se stolem","VODA":"ne","suggested_tag":"leisure=picnic_table"}},{"type":"Feature","geometry":{"type":"Point","coordinates":[16.730017,50.048316]},"properties":{"OBJECTID":669,"INFO_TAB":"ne","KID":668,"KOS":"ne","KRYTE":"ne","MAJITEL":"Obec Červená Voda","MAPA":"ne","PUMPA":"ne","SAMO_SERVI":"ne","SPRAVCE":"Obec Červená Voda","STOJAN_KOL":"ne","TYP":"lavice","VODA":"ne","suggested_tag":"amenity=bench"}},{"type":"Feature","geometry":{"type":"Point","coordinates":[16.697112,50.066016]},"properties":{"OBJECTID":670,"INFO_TAB":"ne","KID":669,"KOS":"ne","KRYTE":"ano","MAJITEL":"ČR","MAPA":"ne","PUMPA":"ne","SAMO_SERVI":"ne","SPRAVCE":"Lesy České republiky, s.p.","STOJAN_KOL":"ne","TYP":"lavice se stolem","VODA":"ne","suggested_tag":"leisure=picnic_table"}},{"type":"Feature","geometry":{"type":"Point","coordinates":[16.638042,50.096826]},"properties":{"OBJECTID":671,"INFO_TAB":"ne","KID":670,"KOS":"ne","KRYTE":"ne","MAJITEL":"ČR","MAPA":"ne","PUMPA":"ne","SAMO_SERVI":"ne","SPRAVCE":"Lesy České republiky, s.p.","STOJAN_KOL":"ne","TYP":"lavice","VODA":"ano","suggested_tag":"amenity=bench"}},{"type":"Feature","geometry":{"type":"Point","coordinates":[16.62616,50.095698]},"properties":{"OBJECTID":672,"INFO_TAB":"ne","KID":671,"KOS":"ne","KRYTE":"ne","MAJITEL":"Městys Mladkov","MAPA":"ne","PUMPA":"ne","SAMO_SERVI":"ne","SPRAVCE":"Městys Mladkov","STOJAN_KOL":"ne","TYP":"lavice","VODA":"ne","suggested_tag":"amenity=bench"}},{"type":"Feature","geometry":{"type":"Point","coordinates":[16.627927,50.094155]},"properties":{"OBJECTID":673,"INFO_TAB":"ne","KID":672,"KOS":"ne","KRYTE":"ne","MAJITEL":"ČR","MAPA":"ano","PUMPA":"ne","SAMO_SERVI":"ne","SPRAVCE":"nezjištěno","STOJAN_KOL":"ne","TYP":"mapa","VODA":"ne","suggested_tag":"tourism=information + information=map"}},{"type":"Feature","geometry":{"type":"Point","coordinates":[16.629679,50.092075]},"properties":{"OBJECTID":674,"INFO_TAB":"ne","KID":673,"KOS":"ne","KRYTE":"ne","MAJITEL":"ČR","MAPA":"ano","PUMPA":"ne","SAMO_SERVI":"ne","SPRAVCE":"nezjištěno","STOJAN_KOL":"ne","TYP":"mapa","VODA":"ne","suggested_tag":"tourism=information + information=map"}},{"type":"Feature","geometry":{"type":"Point","coordinates":[16.629995,50.092157]},"properties":{"OBJECTID":675,"INFO_TAB":"ano","KID":674,"KOS":"ne","KRYTE":"ne","MAJITEL":"ČR","MAPA":"ne","PUMPA":"ne","SAMO_SERVI":"ne","SPRAVCE":"nezjištěno","STOJAN_KOL":"ne","TYP":"informační tabule","VODA":"ne","suggested_tag":"tourism=information + information=board"}},{"type":"Feature","geometry":{"type":"Point","coordinates":[16.630661,50.091896]},"properties":{"OBJECTID":676,"INFO_TAB":"ne","KID":675,"KOS":"ne","KRYTE":"ne","MAJITEL":"ČR","MAPA":"ano","PUMPA":"ne","SAMO_SERVI":"ne","SPRAVCE":"Lesy České republiky, s.p.","STOJAN_KOL":"ne","TYP":"lavice","VODA":"ne","suggested_tag":"amenity=bench"}},{"type":"Feature","geometry":{"type":"Point","coordinates":[16.639032,50.088094]},"properties":{"OBJECTID":677,"INFO_TAB":"ne","KID":676,"KOS":"ne","KRYTE":"ano","MAJITEL":"ČR","MAPA":"ne","PUMPA":"ne","SAMO_SERVI":"ne","SPRAVCE":"Lesy České republiky, s.p.","STOJAN_KOL":"ne","TYP":"lavice se stolem","VODA":"ne","suggested_tag":"leisure=picnic_table"}},{"type":"Feature","geometry":{"type":"Point","coordinates":[16.637311,50.084886]},"properties":{"OBJECTID":678,"INFO_TAB":"ano","KID":677,"KOS":"ne","KRYTE":"ne","MAJITEL":"ČR","MAPA":"ne","PUMPA":"ne","SAMO_SERVI":"ne","SPRAVCE":"Lesy České republiky, s.p.","STOJAN_KOL":"ne","TYP":"informační tabule","VODA":"ne","suggested_tag":"tourism=information + information=board"}},{"type":"Feature","geometry":{"type":"Point","coordinates":[16.644083,50.081833]},"properties":{"OBJECTID":679,"INFO_TAB":"ne","KID":678,"KOS":"ne","KRYTE":"ne","MAJITEL":"ČR","MAPA":"ano","PUMPA":"ne","SAMO_SERVI":"ne","SPRAVCE":"Lesy České republiky, s.p.","STOJAN_KOL":"ne","TYP":"mapa","VODA":"ne","suggested_tag":"tourism=information + information=map"}},{"type":"Feature","geometry":{"type":"Point","coordinates":[16.638954,50.072395]},"properties":{"OBJECTID":680,"INFO_TAB":"ne","KID":679,"KOS":"ne","KRYTE":"ano","MAJITEL":"ČR","MAPA":"ne","PUMPA":"ne","SAMO_SERVI":"ne","SPRAVCE":"Lesy České republiky, s.p.","STOJAN_KOL":"ne","TYP":"lavice se stolem","VODA":"ne","suggested_tag":"leisure=picnic_table"}},{"type":"Feature","geometry":{"type":"Point","coordinates":[16.666336,50.071764]},"properties":{"OBJECTID":681,"INFO_TAB":"ano","KID":680,"KOS":"ne","KRYTE":"ne","MAJITEL":"ČR","MAPA":"ne","PUMPA":"ne","SAMO_SERVI":"ne","SPRAVCE":"Lesy České republiky, s.p.","STOJAN_KOL":"ne","TYP":"informační tabule","VODA":"ne","suggested_tag":"tourism=information + information=board"}},{"type":"Feature","geometry":{"type":"Point","coordinates":[16.676204,50.069306]},"properties":{"OBJECTID":682,"INFO_TAB":"ne","KID":681,"KOS":"ne","KRYTE":"ano","MAJITEL":"ČR","MAPA":"ne","PUMPA":"ne","SAMO_SERVI":"ne","SPRAVCE":"Lesy České republiky, s.p.","STOJAN_KOL":"ne","TYP":"lavice se stolem","VODA":"ne","suggested_tag":"leisure=picnic_table"}},{"type":"Feature","geometry":{"type":"Point","coordinates":[16.677141,50.069144]},"properties":{"OBJECTID":683,"INFO_TAB":"ano","KID":682,"KOS":"ne","KRYTE":"ne","MAJITEL":"ČR","MAPA":"ne","PUMPA":"ne","SAMO_SERVI":"ne","SPRAVCE":"Lesy České republiky, s.p.","STOJAN_KOL":"ne","TYP":"informační tabule","VODA":"ne","suggested_tag":"tourism=information + information=board"}},{"type":"Feature","geometry":{"type":"Point","coordinates":[16.677117,50.068984]},"properties":{"OBJECTID":684,"INFO_TAB":"ne","KID":683,"KOS":"ne","KRYTE":"ne","MAJITEL":"ČR","MAPA":"ano","PUMPA":"ne","SAMO_SERVI":"ne","SPRAVCE":"Lesy České republiky, s.p.","STOJAN_KOL":"ne","TYP":"mapa","VODA":"ne","suggested_tag":"tourism=information + information=map"}},{"type":"Feature","geometry":{"type":"Point","coordinates":[16.680989,50.06717]},"properties":{"OBJECTID":685,"INFO_TAB":"ne","KID":684,"KOS":"ne","KRYTE":"ne","MAJITEL":"ČR","MAPA":"ano","PUMPA":"ne","SAMO_SERVI":"ne","SPRAVCE":"Lesy České republiky, s.p.","STOJAN_KOL":"ne","TYP":"mapa","VODA":"ne","suggested_tag":"tourism=information + information=map"}},{"type":"Feature","geometry":{"type":"Point","coordinates":[16.683723,50.059542]},"properties":{"OBJECTID":686,"INFO_TAB":"ano","KID":685,"KOS":"ne","KRYTE":"ano","MAJITEL":"ČR","MAPA":"ano","PUMPA":"ne","SAMO_SERVI":"ne","SPRAVCE":"Lesy České republiky, s.p.","STOJAN_KOL":"ne","TYP":"lavice","VODA":"ne","suggested_tag":"amenity=bench"}},{"type":"Feature","geometry":{"type":"Point","coordinates":[16.684996,50.057167]},"properties":{"OBJECTID":687,"INFO_TAB":"ne","KID":686,"KOS":"ne","KRYTE":"ne","MAJITEL":"ČR","MAPA":"ano","PUMPA":"ne","SAMO_SERVI":"ne","SPRAVCE":"Lesy České republiky, s.p.","STOJAN_KOL":"ne","TYP":"mapa","VODA":"ne","suggested_tag":"tourism=information + information=map"}},{"type":"Feature","geometry":{"type":"Point","coordinates":[16.689003,50.052028]},"properties":{"OBJECTID":688,"INFO_TAB":"ne","KID":687,"KOS":"ne","KRYTE":"ne","MAJITEL":"ČR","MAPA":"ano","PUMPA":"ne","SAMO_SERVI":"ne","SPRAVCE":"Lesy České republiky, s.p.","STOJAN_KOL":"ne","TYP":"mapa","VODA":"ne","suggested_tag":"tourism=information + information=map"}},{"type":"Feature","geometry":{"type":"Point","coordinates":[16.676995,50.045809]},"properties":{"OBJECTID":689,"INFO_TAB":"ne","KID":688,"KOS":"ne","KRYTE":"ano","MAJITEL":"ČR","MAPA":"ne","PUMPA":"ne","SAMO_SERVI":"ne","SPRAVCE":"Lesy České republiky, s.p.","STOJAN_KOL":"ne","TYP":"lavice se stolem","VODA":"ne","suggested_tag":"leisure=picnic_table"}},{"type":"Feature","geometry":{"type":"Point","coordinates":[16.662619,50.047874]},"properties":{"OBJECTID":690,"INFO_TAB":"ne","KID":689,"KOS":"ano","KRYTE":"ne","MAJITEL":"Vodovody a kanalizace Jablonné nad Orlicí, a.s.","MAPA":"ne","PUMPA":"ne","SAMO_SERVI":"ne","SPRAVCE":"nezjištěno","STOJAN_KOL":"ne","TYP":"lavice","VODA":"ne","suggested_tag":"amenity=bench"}},{"type":"Feature","geometry":{"type":"Point","coordinates":[16.699359,50.042775]},"properties":{"OBJECTID":691,"INFO_TAB":"ano","KID":690,"KOS":"ne","KRYTE":"ano","MAJITEL":"ČR","MAPA":"ano","PUMPA":"ne","SAMO_SERVI":"ne","SPRAVCE":"Lesy České republiky, s.p.","STOJAN_KOL":"ne","TYP":"lavice se stolem","VODA":"ne","suggested_tag":"leisure=picnic_table"}},{"type":"Feature","geometry":{"type":"Point","coordinates":[16.704691,50.032462]},"properties":{"OBJECTID":692,"INFO_TAB":"ne","KID":691,"KOS":"ne","KRYTE":"ne","MAJITEL":"ČR","MAPA":"ano","PUMPA":"ne","SAMO_SERVI":"ne","SPRAVCE":"Lesy České republiky, s.p.","STOJAN_KOL":"ne","TYP":"mapa","VODA":"ne","suggested_tag":"tourism=information + information=map"}},{"type":"Feature","geometry":{"type":"Point","coordinates":[16.705326,50.031864]},"properties":{"OBJECTID":693,"INFO_TAB":"ne","KID":692,"KOS":"ne","KRYTE":"ne","MAJITEL":"ČR","MAPA":"ano","PUMPA":"ne","SAMO_SERVI":"ne","SPRAVCE":"Lesy České republiky, s.p.","STOJAN_KOL":"ne","TYP":"mapa","VODA":"ne","suggested_tag":"tourism=information + information=map"}},{"type":"Feature","geometry":{"type":"Point","coordinates":[16.705736,50.032011]},"properties":{"OBJECTID":694,"INFO_TAB":"ano","KID":693,"KOS":"ano","KRYTE":"ano","MAJITEL":"ČR","MAPA":"ano","PUMPA":"ne","SAMO_SERVI":"ne","SPRAVCE":"Lesy České republiky, s.p.","STOJAN_KOL":"ne","TYP":"lavice se stolem","VODA":"ne","suggested_tag":"leisure=picnic_table"}},{"type":"Feature","geometry":{"type":"Point","coordinates":[16.70534,50.031659]},"properties":{"OBJECTID":695,"INFO_TAB":"ano","KID":694,"KOS":"ne","KRYTE":"ne","MAJITEL":"ČR","MAPA":"ne","PUMPA":"ne","SAMO_SERVI":"ne","SPRAVCE":"Lesy České republiky, s.p.","STOJAN_KOL":"ne","TYP":"lavice","VODA":"ne","suggested_tag":"amenity=bench"}},{"type":"Feature","geometry":{"type":"Point","coordinates":[16.704021,50.020129]},"properties":{"OBJECTID":696,"INFO_TAB":"ne","KID":695,"KOS":"ne","KRYTE":"ano","MAJITEL":"ČR","MAPA":"ne","PUMPA":"ne","SAMO_SERVI":"ne","SPRAVCE":"Lesy České republiky, s.p.","STOJAN_KOL":"ne","TYP":"lavice se stolem","VODA":"ne","suggested_tag":"leisure=picnic_table"}},{"type":"Feature","geometry":{"type":"Point","coordinates":[16.681032,50.003923]},"properties":{"OBJECTID":697,"INFO_TAB":"ne","KID":696,"KOS":"ne","KRYTE":"ne","MAJITEL":"Obec Výprachtice","MAPA":"ano","POZN":"pův. OFO","PUMPA":"ne","SAMO_SERVI":"ne","SPRAVCE":"Obec Výprachtice","STOJAN_KOL":"ne","TYP":"mapa","VODA":"ne","suggested_tag":"tourism=information + information=map"}},{"type":"Feature","geometry":{"type":"Point","coordinates":[16.708454,50.002402]},"properties":{"OBJECTID":698,"INFO_TAB":"ne","KID":697,"KOS":"ne","KRYTE":"ne","MAJITEL":"ČR","MAPA":"ano","PUMPA":"ne","SAMO_SERVI":"ne","SPRAVCE":"Lesy České republiky, s.p.","STOJAN_KOL":"ne","TYP":"mapa","VODA":"ne","suggested_tag":"tourism=information + information=map"}},{"type":"Feature","geometry":{"type":"Point","coordinates":[16.730911,50.006828]},"properties":{"OBJECTID":699,"INFO_TAB":"ne","KID":698,"KOS":"ano","KRYTE":"ano","MAJITEL":"SKIPARK ČERVENÁ VODA s.r.o.","MAPA":"ne","PUMPA":"ne","SAMO_SERVI":"ne","SPRAVCE":"nezjištěno","STOJAN_KOL":"ne","TYP":"lavice se stolem","VODA":"ne","suggested_tag":"leisure=picnic_table"}},{"type":"Feature","geometry":{"type":"Point","coordinates":[16.797874,50.064534]},"properties":{"OBJECTID":700,"INFO_TAB":"ne","KID":699,"KOS":"ne","KRYTE":"ano","MAJITEL":"Obec Červená Voda","MAPA":"ano","PUMPA":"ne","SAMO_SERVI":"ne","SPRAVCE":"Obec Červená Voda","STOJAN_KOL":"ne","TYP":"lavice se stolem","VODA":"ne","suggested_tag":"leisure=picnic_table"}},{"type":"Feature","geometry":{"type":"Point","coordinates":[16.779069,50.065537]},"properties":{"OBJECTID":701,"INFO_TAB":"ne","KID":700,"KOS":"ne","KRYTE":"ano","MAJITEL":"ČR","MAPA":"ne","PUMPA":"ne","SAMO_SERVI":"ne","SPRAVCE":"Lesy České republiky, s.p.","STOJAN_KOL":"ne","TYP":"lavice se stolem","VODA":"ne","suggested_tag":"leisure=picnic_table"}},{"type":"Feature","geometry":{"type":"Point","coordinates":[16.764532,50.071511]},"properties":{"OBJECTID":702,"INFO_TAB":"ne","KID":701,"KOS":"ne","KRYTE":"ano","MAJITEL":"Město Králíky","MAPA":"ano","PUMPA":"ne","SAMO_SERVI":"ne","SPRAVCE":"Město Králíky","STOJAN_KOL":"ne","TYP":"lavice se stolem","VODA":"ne","suggested_tag":"leisure=picnic_table"}},{"type":"Feature","geometry":{"type":"Point","coordinates":[16.792873,50.106871]},"properties":{"OBJECTID":703,"INFO_TAB":"ano","KID":702,"KOS":"ne","KRYTE":"ne","MAJITEL":"Město Králíky","MAPA":"ne","PUMPA":"ne","SAMO_SERVI":"ne","SPRAVCE":"Město Králíky","STOJAN_KOL":"ne","TYP":"informační tabule","VODA":"ne","suggested_tag":"tourism=information + information=board"}},{"type":"Feature","geometry":{"type":"Point","coordinates":[16.824625,50.128685]},"properties":{"OBJECTID":704,"INFO_TAB":"ano","KID":703,"KOS":"ne","KRYTE":"ne","MAJITEL":"ČR","MAPA":"ne","PUMPA":"ne","SAMO_SERVI":"ne","SPRAVCE":"Lesy České republiky, s.p.","STOJAN_KOL":"ne","TYP":"informační tabule","VODA":"ne","suggested_tag":"tourism=information + information=board"}},{"type":"Feature","geometry":{"type":"Point","coordinates":[16.824822,50.127908]},"properties":{"OBJECTID":705,"INFO_TAB":"ano","KID":704,"KOS":"ne","KRYTE":"ne","MAJITEL":"ČR","MAPA":"ne","PUMPA":"ne","SAMO_SERVI":"ne","SPRAVCE":"Lesy České republiky, s.p.","STOJAN_KOL":"ne","TYP":"informační tabule","VODA":"ne","suggested_tag":"tourism=information + information=board"}},{"type":"Feature","geometry":{"type":"Point","coordinates":[16.815841,50.133594]},"properties":{"OBJECTID":706,"INFO_TAB":"ne","KID":705,"KOS":"ne","KRYTE":"ne","MAJITEL":"ČR","MAPA":"ano","POZN":"pův. OFO","PUMPA":"ne","SAMO_SERVI":"ne","SPRAVCE":"Lesy České republiky, s.p.","STOJAN_KOL":"ne","TYP":"lavice se stolem","VODA":"ne","suggested_tag":"leisure=picnic_table"}},{"type":"Feature","geometry":{"type":"Point","coordinates":[16.815176,50.151312]},"properties":{"OBJECTID":707,"INFO_TAB":"ne","KID":706,"KOS":"ne","KRYTE":"ne","MAJITEL":"SNĚŽNÍK , a.s.","MAPA":"ano","PUMPA":"ne","SAMO_SERVI":"ne","SPRAVCE":"nezjištěno","STOJAN_KOL":"ne","TYP":"mapa","VODA":"ne","suggested_tag":"tourism=information + information=map"}},{"type":"Feature","geometry":{"type":"Point","coordinates":[16.833676,50.152728]},"properties":{"OBJECTID":708,"INFO_TAB":"ano","KID":707,"KOS":"ne","KRYTE":"ne","MAJITEL":"ČR","MAPA":"ne","PUMPA":"ne","SAMO_SERVI":"ne","SPRAVCE":"Lesy České republiky, s.p.","STOJAN_KOL":"ne","TYP":"informační tabule","VODA":"ne","suggested_tag":"tourism=information + information=board"}},{"type":"Feature","geometry":{"type":"Point","coordinates":[16.838813,50.152191]},"properties":{"OBJECTID":709,"INFO_TAB":"ano","KID":708,"KOS":"ne","KRYTE":"ne","MAJITEL":"ČR","MAPA":"ne","PUMPA":"ne","SAMO_SERVI":"ne","SPRAVCE":"Lesy České republiky, s.p.","STOJAN_KOL":"ne","TYP":"informační tabule","VODA":"ne","suggested_tag":"tourism=information + information=board"}},{"type":"Feature","geometry":{"type":"Point","coordinates":[16.832185,50.156319]},"properties":{"OBJECTID":710,"INFO_TAB":"ano","KID":709,"KOS":"ne","KRYTE":"ano","MAJITEL":"ČR","MAPA":"ne","PUMPA":"ne","SAMO_SERVI":"ne","SPRAVCE":"Lesy České republiky, s.p.","STOJAN_KOL":"ne","TYP":"lavice se stolem","VODA":"ne","suggested_tag":"leisure=picnic_table"}},{"type":"Feature","geometry":{"type":"Point","coordinates":[16.832494,50.156444]},"properties":{"OBJECTID":711,"INFO_TAB":"ano","KID":710,"KOS":"ne","KRYTE":"ne","MAJITEL":"ČR","MAPA":"ne","PUMPA":"ne","SAMO_SERVI":"ne","SPRAVCE":"Lesy České republiky, s.p.","STOJAN_KOL":"ne","TYP":"lavice se stolem","VODA":"ne","suggested_tag":"leisure=picnic_table"}},{"type":"Feature","geometry":{"type":"Point","coordinates":[16.845647,50.188141]},"properties":{"OBJECTID":712,"INFO_TAB":"ano","KID":711,"KOS":"ne","KRYTE":"ne","MAJITEL":"ČR","MAPA":"ne","PUMPA":"ne","SAMO_SERVI":"ne","SPRAVCE":"Lesy České republiky, s.p.","STOJAN_KOL":"ne","TYP":"informační tabule","VODA":"ne","suggested_tag":"tourism=information + information=board"}},{"type":"Feature","geometry":{"type":"Point","coordinates":[16.841294,50.185293]},"properties":{"OBJECTID":713,"INFO_TAB":"ano","KID":712,"KOS":"ne","KRYTE":"ano","MAJITEL":"ČR","MAPA":"ne","PUMPA":"ne","SAMO_SERVI":"ne","SPRAVCE":"Lesy České republiky, s.p.","STOJAN_KOL":"ne","TYP":"lavice se stolem","VODA":"ne","suggested_tag":"leisure=picnic_table"}},{"type":"Feature","geometry":{"type":"Point","coordinates":[16.836079,50.184583]},"properties":{"OBJECTID":714,"INFO_TAB":"ano","KID":713,"KOS":"ne","KRYTE":"ne","MAJITEL":"ČR","MAPA":"ne","PUMPA":"ne","SAMO_SERVI":"ne","SPRAVCE":"Lesy České republiky, s.p.","STOJAN_KOL":"ne","TYP":"informační tabule","VODA":"ne","suggested_tag":"tourism=information + information=board"}},{"type":"Feature","geometry":{"type":"Point","coordinates":[16.835684,50.184536]},"properties":{"OBJECTID":715,"INFO_TAB":"ano","KID":714,"KOS":"ne","KRYTE":"ano","MAJITEL":"ČR","MAPA":"ne","PUMPA":"ne","SAMO_SERVI":"ne","SPRAVCE":"Lesy České republiky, s.p.","STOJAN_KOL":"ne","TYP":"lavice se stolem","VODA":"ne","suggested_tag":"leisure=picnic_table"}},{"type":"Feature","geometry":{"type":"Point","coordinates":[16.834456,50.182907]},"properties":{"OBJECTID":716,"INFO_TAB":"ano","KID":715,"KOS":"ne","KRYTE":"ne","MAJITEL":"ČR","MAPA":"ne","PUMPA":"ne","SAMO_SERVI":"ne","SPRAVCE":"Lesy České republiky, s.p.","STOJAN_KOL":"ne","TYP":"informační tabule","VODA":"ne","suggested_tag":"tourism=information + information=board"}},{"type":"Feature","geometry":{"type":"Point","coordinates":[16.8261,50.174561]},"properties":{"OBJECTID":717,"INFO_TAB":"ano","KID":716,"KOS":"ne","KRYTE":"ne","MAJITEL":"ČR","MAPA":"ne","PUMPA":"ne","SAMO_SERVI":"ne","SPRAVCE":"Lesy České republiky, s.p.","STOJAN_KOL":"ne","TYP":"informační tabule","VODA":"ne","suggested_tag":"tourism=information + information=board"}},{"type":"Feature","geometry":{"type":"Point","coordinates":[16.820004,50.165712]},"properties":{"OBJECTID":718,"INFO_TAB":"ano","KID":717,"KOS":"ne","KRYTE":"ne","MAJITEL":"ČR","MAPA":"ne","PUMPA":"ne","SAMO_SERVI":"ne","SPRAVCE":"Lesy České republiky, s.p.","STOJAN_KOL":"ne","TYP":"informační tabule","VODA":"ne","suggested_tag":"tourism=information + information=board"}},{"type":"Feature","geometry":{"type":"Point","coordinates":[16.817051,50.162542]},"properties":{"OBJECTID":719,"INFO_TAB":"ano","KID":718,"KOS":"ne","KRYTE":"ne","MAJITEL":"ČR","MAPA":"ne","PUMPA":"ne","SAMO_SERVI":"ne","SPRAVCE":"Lesy České republiky, s.p.","STOJAN_KOL":"ne","TYP":"informační tabule","VODA":"ne","suggested_tag":"tourism=information + information=board"}},{"type":"Feature","geometry":{"type":"Point","coordinates":[16.81665,50.159957]},"properties":{"OBJECTID":720,"INFO_TAB":"ano","KID":719,"KOS":"ne","KRYTE":"ne","MAJITEL":"ČR","MAPA":"ne","PUMPA":"ne","SAMO_SERVI":"ne","SPRAVCE":"Lesy České republiky, s.p.","STOJAN_KOL":"ne","TYP":"lavice se stolem","VODA":"ne","suggested_tag":"leisure=picnic_table"}},{"type":"Feature","geometry":{"type":"Point","coordinates":[16.816593,50.159771]},"properties":{"OBJECTID":721,"INFO_TAB":"ano","KID":720,"KOS":"ne","KRYTE":"ne","MAJITEL":"ČR","MAPA":"ne","PUMPA":"ne","SAMO_SERVI":"ne","SPRAVCE":"Lesy České republiky, s.p.","STOJAN_KOL":"ne","TYP":"informační tabule","VODA":"ne","suggested_tag":"tourism=information + information=board"}},{"type":"Feature","geometry":{"type":"Point","coordinates":[16.813201,50.154732]},"properties":{"OBJECTID":722,"INFO_TAB":"ano","KID":721,"KOS":"ne","KRYTE":"ne","MAJITEL":"Obec Dolní Morava","MAPA":"ano","PUMPA":"ne","SAMO_SERVI":"ne","SPRAVCE":"Obec Dolní Morava","STOJAN_KOL":"ne","TYP":"tabule","VODA":"ne"}},{"type":"Feature","geometry":{"type":"Point","coordinates":[16.815901,50.153751]},"properties":{"OBJECTID":723,"INFO_TAB":"ne","KID":722,"KOS":"ne","KRYTE":"ne","MAJITEL":"ČR","MAPA":"ano","PUMPA":"ne","SAMO_SERVI":"ne","SPRAVCE":"Lesy České republiky, s.p.","STOJAN_KOL":"ne","TYP":"mapa","VODA":"ne","suggested_tag":"tourism=information + information=map"}},{"type":"Feature","geometry":{"type":"Point","coordinates":[16.815249,50.152162]},"properties":{"OBJECTID":724,"INFO_TAB":"ne","KID":723,"KOS":"ne","KRYTE":"ne","MAJITEL":"SNĚŽNÍK , a.s.","MAPA":"ne","PUMPA":"ne","SAMO_SERVI":"ne","SPRAVCE":"nezjištěno","STOJAN_KOL":"ne","TYP":"lavice","VODA":"ne","suggested_tag":"amenity=bench"}},{"type":"Feature","geometry":{"type":"Point","coordinates":[16.815382,50.151641]},"properties":{"OBJECTID":725,"INFO_TAB":"ne","KID":724,"KOS":"ne","KRYTE":"ne","MAJITEL":"SNĚŽNÍK , a.s.","MAPA":"ano","PUMPA":"ne","SAMO_SERVI":"ne","SPRAVCE":"nezjištěno","STOJAN_KOL":"ne","TYP":"mapa","VODA":"ne","suggested_tag":"tourism=information + information=map"}},{"type":"Feature","geometry":{"type":"Point","coordinates":[16.830226,50.147648]},"properties":{"OBJECTID":726,"INFO_TAB":"ano","KID":725,"KOS":"ne","KRYTE":"ne","MAJITEL":"ČR","MAPA":"ne","PUMPA":"ne","SAMO_SERVI":"ne","SPRAVCE":"Lesy České republiky, s.p.","STOJAN_KOL":"ne","TYP":"lavice se stolem","VODA":"ne","suggested_tag":"leisure=picnic_table"}},{"type":"Feature","geometry":{"type":"Point","coordinates":[16.829861,50.147563]},"properties":{"OBJECTID":727,"INFO_TAB":"ano","KID":726,"KOS":"ne","KRYTE":"ne","MAJITEL":"ČR","MAPA":"ne","PUMPA":"ne","SAMO_SERVI":"ne","SPRAVCE":"Lesy České republiky, s.p.","STOJAN_KOL":"ne","TYP":"informační tabule","VODA":"ne","suggested_tag":"tourism=information + information=board"}},{"type":"Feature","geometry":{"type":"Point","coordinates":[16.820185,50.162979]},"properties":{"OBJECTID":728,"INFO_TAB":"ne","KID":727,"KOS":"ne","KRYTE":"ano","MAJITEL":"ČR","MAPA":"ne","PUMPA":"ne","SAMO_SERVI":"ne","SPRAVCE":"Lesy České republiky, s.p.","STOJAN_KOL":"ne","TYP":"lavice","VODA":"ne","suggested_tag":"amenity=bench"}},{"type":"Feature","geometry":{"type":"Point","coordinates":[16.812445,50.140962]},"properties":{"OBJECTID":729,"INFO_TAB":"ne","KID":728,"KOS":"ne","KRYTE":"ano","MAJITEL":"Obec Dolní Morava","MAPA":"ne","PUMPA":"ne","SAMO_SERVI":"ne","SPRAVCE":"Obec Dolní Morava","STOJAN_KOL":"ne","TYP":"lavice se stolem","VODA":"ne","suggested_tag":"leisure=picnic_table"}},{"type":"Feature","geometry":{"type":"Point","coordinates":[16.792436,50.144564]},"properties":{"OBJECTID":730,"INFO_TAB":"ne","KID":729,"KOS":"ne","KRYTE":"ano","MAJITEL":"Obec Dolní Morava","MAPA":"ano","PUMPA":"ne","SAMO_SERVI":"ne","SPRAVCE":"Obec Dolní Morava","STOJAN_KOL":"ne","TYP":"lavice se stolem","VODA":"ne","suggested_tag":"leisure=picnic_table"}},{"type":"Feature","geometry":{"type":"Point","coordinates":[16.787107,50.146699]},"properties":{"OBJECTID":731,"INFO_TAB":"ne","KID":730,"KOS":"ne","KRYTE":"ne","MAJITEL":"ČR","MAPA":"ano","PUMPA":"ne","SAMO_SERVI":"ne","SPRAVCE":"Lesy České republiky, s.p.","STOJAN_KOL":"ne","TYP":"mapa","VODA":"ne","suggested_tag":"tourism=information + information=map"}},{"type":"Feature","geometry":{"type":"Point","coordinates":[16.806854,50.170112]},"properties":{"OBJECTID":732,"INFO_TAB":"ne","KID":731,"KOS":"ne","KRYTE":"ne","MAJITEL":"ČR","MAPA":"ano","PUMPA":"ne","SAMO_SERVI":"ne","SPRAVCE":"Lesy České republiky, s.p.","STOJAN_KOL":"ne","TYP":"mapa","VODA":"ne","suggested_tag":"tourism=information + information=map"}},{"type":"Feature","geometry":{"type":"Point","coordinates":[16.799469,50.177391]},"properties":{"OBJECTID":733,"INFO_TAB":"ne","KID":732,"KOS":"ne","KRYTE":"ano","MAJITEL":"ČR","MAPA":"ne","PUMPA":"ne","SAMO_SERVI":"ne","SPRAVCE":"Lesy České republiky, s.p.","STOJAN_KOL":"ne","TYP":"lavice se stolem","VODA":"ne","suggested_tag":"leisure=picnic_table"}},{"type":"Feature","geometry":{"type":"Point","coordinates":[16.759949,50.084192]},"properties":{"OBJECTID":734,"INFO_TAB":"ne","KID":733,"KOS":"ne","KRYTE":"ne","MAJITEL":"Město Králíky","MAPA":"ano","PUMPA":"ne","SAMO_SERVI":"ne","SPRAVCE":"Město Králíky","STOJAN_KOL":"ne","TYP":"lavice","VODA":"ne","suggested_tag":"amenity=bench"}},{"type":"Feature","geometry":{"type":"Point","coordinates":[16.76036,50.084157]},"properties":{"OBJECTID":735,"INFO_TAB":"ne","KID":734,"KOS":"ne","KRYTE":"ne","MAJITEL":"Město Králíky","MAPA":"ano","PUMPA":"ne","SAMO_SERVI":"ne","SPRAVCE":"Město Králíky","STOJAN_KOL":"ne","TYP":"mapa","VODA":"ne","suggested_tag":"tourism=information + information=map"}},{"type":"Feature","geometry":{"type":"Point","coordinates":[16.761668,50.078273]},"properties":{"OBJECTID":736,"INFO_TAB":"ano","KID":735,"KOS":"ano","KRYTE":"ne","MAJITEL":"Město Králíky","MAPA":"ano","PUMPA":"ne","SAMO_SERVI":"ne","SPRAVCE":"Město Králíky","STOJAN_KOL":"ne","TYP":"lavice","VODA":"ne","suggested_tag":"amenity=bench"}},{"type":"Feature","geometry":{"type":"Point","coordinates":[16.747536,50.054072]},"properties":{"OBJECTID":737,"INFO_TAB":"ne","KID":736,"KOS":"ano","KRYTE":"ne","MAJITEL":"Obec Červená Voda","MAPA":"ne","PUMPA":"ne","SAMO_SERVI":"ne","SPRAVCE":"Obec Červená Voda","STOJAN_KOL":"ano","TYP":"lavice","VODA":"ne","suggested_tag":"amenity=bench"}},{"type":"Feature","geometry":{"type":"Point","coordinates":[16.771788,50.093654]},"properties":{"OBJECTID":738,"INFO_TAB":"ano","KID":737,"KOS":"ne","KRYTE":"ne","MAJITEL":"Město Králíky","MAPA":"ne","PUMPA":"ne","SAMO_SERVI":"ne","SPRAVCE":"Město Králíky","STOJAN_KOL":"ne","TYP":"informační tabule","VODA":"ne","suggested_tag":"tourism=information + information=board"}},{"type":"Feature","geometry":{"type":"Point","coordinates":[16.726467,50.082034]},"properties":{"OBJECTID":739,"INFO_TAB":"ano","KID":738,"KOS":"ne","KRYTE":"ne","MAJITEL":"Město Králíky","MAPA":"ne","PUMPA":"ne","SAMO_SERVI":"ne","SPRAVCE":"Město Králíky","STOJAN_KOL":"ne","TYP":"informační tabule","VODA":"ne","suggested_tag":"tourism=information + information=board"}},{"type":"Feature","geometry":{"type":"Point","coordinates":[16.626826,50.097571]},"properties":{"OBJECTID":740,"INFO_TAB":"ne","KID":739,"KOS":"ne","KRYTE":"ne","MAJITEL":"Městys Mladkov","MAPA":"ano","PUMPA":"ne","SAMO_SERVI":"ne","SPRAVCE":"nezjištěno","STOJAN_KOL":"ne","TYP":"mapa","VODA":"ne","suggested_tag":"tourism=information + information=map"}},{"type":"Feature","geometry":{"type":"Point","coordinates":[16.626881,50.097308]},"properties":{"OBJECTID":741,"INFO_TAB":"ano","KID":740,"KOS":"ano","KRYTE":"ne","MAJITEL":"Městys Mladkov","MAPA":"ne","PUMPA":"ne","SAMO_SERVI":"ne","SPRAVCE":"Městys Mladkov","STOJAN_KOL":"ne","TYP":"lavice","VODA":"ne","suggested_tag":"amenity=bench"}},{"type":"Feature","geometry":{"type":"Point","coordinates":[16.624149,50.026615]},"properties":{"OBJECTID":742,"INFO_TAB":"ano","KID":741,"KOS":"ne","KRYTE":"ne","MAJITEL":"Město Jablonné nad Orlicí","MAPA":"ne","PUMPA":"ne","SAMO_SERVI":"ne","SPRAVCE":"Město Jablonné nad Orlicí","STOJAN_KOL":"ne","TYP":"lavice","VODA":"ano","suggested_tag":"amenity=bench"}},{"type":"Feature","geometry":{"type":"Point","coordinates":[16.613282,50.028077]},"properties":{"OBJECTID":743,"INFO_TAB":"ano","KID":742,"KOS":"ne","KRYTE":"ne","MAJITEL":"Město Jablonné nad Orlicí","MAPA":"ne","POZN":"pův. OFO","PUMPA":"ne","SAMO_SERVI":"ne","SPRAVCE":"Město Jablonné nad Orlicí","STOJAN_KOL":"ne","TYP":"informační tabule","VODA":"ne","suggested_tag":"tourism=information + information=board"}},{"type":"Feature","geometry":{"type":"Point","coordinates":[16.602554,50.02996]},"properties":{"OBJECTID":744,"INFO_TAB":"ne","KID":743,"KOS":"ne","KRYTE":"ne","MAJITEL":"Město Jablonné nad Orlicí","MAPA":"ano","PUMPA":"ne","SAMO_SERVI":"ne","SPRAVCE":"Město Jablonné nad Orlicí","STOJAN_KOL":"ne","TYP":"mapa","VODA":"ne","suggested_tag":"tourism=information + information=map"}},{"type":"Feature","geometry":{"type":"Point","coordinates":[16.602135,50.031278]},"properties":{"OBJECTID":745,"INFO_TAB":"ne","KID":744,"KOS":"ne","KRYTE":"ne","MAJITEL":"Město Jablonné nad Orlicí","MAPA":"ne","PUMPA":"ne","SAMO_SERVI":"ne","SPRAVCE":"Město Jablonné nad Orlicí","STOJAN_KOL":"ne","TYP":"lavice","VODA":"ne","suggested_tag":"amenity=bench"}},{"type":"Feature","geometry":{"type":"Point","coordinates":[16.623222,50.036022]},"properties":{"OBJECTID":746,"INFO_TAB":"ne","KID":745,"KOS":"ano","KRYTE":"ne","MAJITEL":"Obec Jamné nad Orlicí","MAPA":"ne","POZN":"pův. OFO","PUMPA":"ne","SAMO_SERVI":"ne","SPRAVCE":"Obec Jamné nad Orlicí","STOJAN_KOL":"ne","TYP":"lavice","VODA":"ne","suggested_tag":"amenity=bench"}},{"type":"Feature","geometry":{"type":"Point","coordinates":[16.630331,50.038284]},"properties":{"OBJECTID":747,"INFO_TAB":"ne","KID":746,"KOS":"ano","KRYTE":"ne","MAJITEL":"Jamenská a.s.","MAPA":"ne","PUMPA":"ne","SAMO_SERVI":"ne","SPRAVCE":"nezjištěno","STOJAN_KOL":"ne","TYP":"lavice","VODA":"ne","suggested_tag":"amenity=bench"}},{"type":"Feature","geometry":{"type":"Point","coordinates":[16.691301,50.012859]},"properties":{"OBJECTID":748,"INFO_TAB":"ano","KID":747,"KOS":"ne","KRYTE":"ne","MAJITEL":"Obec Čenkovice","MAPA":"ano","PUMPA":"ne","SAMO_SERVI":"ne","SPRAVCE":"Obec Čenkovice","STOJAN_KOL":"ne","TYP":"tabule","VODA":"ne"}},{"type":"Feature","geometry":{"type":"Point","coordinates":[16.696887,50.014754]},"properties":{"OBJECTID":749,"INFO_TAB":"ne","KID":748,"KOS":"ne","KRYTE":"ano","MAJITEL":"Obec Čenkovice","MAPA":"ano","POZN":"pův. OFO","PUMPA":"ne","SAMO_SERVI":"ne","SPRAVCE":"Obec Čenkovice","STOJAN_KOL":"ne","TYP":"lavice","VODA":"ne","suggested_tag":"amenity=bench"}},{"type":"Feature","geometry":{"type":"Point","coordinates":[16.599317,49.915171]},"properties":{"OBJECTID":750,"INFO_TAB":"ne","KID":749,"KOS":"ano","KRYTE":"ne","MAJITEL":"Město Lanškroun","MAPA":"ne","PUMPA":"ne","SAMO_SERVI":"ne","SPRAVCE":"Město Lanškroun","STOJAN_KOL":"ne","TYP":"lavice se stolem","VODA":"ne","suggested_tag":"leisure=picnic_table"}},{"type":"Feature","geometry":{"type":"Point","coordinates":[16.590458,49.916525]},"properties":{"OBJECTID":751,"INFO_TAB":"ne","KID":750,"KOS":"ne","KRYTE":"ne","MAJITEL":"Město Lanškroun","MAPA":"ano","PUMPA":"ne","SAMO_SERVI":"ne","SPRAVCE":"Město Lanškroun","STOJAN_KOL":"ne","TYP":"mapa","VODA":"ne","suggested_tag":"tourism=information + information=map"}},{"type":"Feature","geometry":{"type":"Point","coordinates":[16.576059,49.923847]},"properties":{"OBJECTID":752,"INFO_TAB":"ne","KID":751,"KOS":"ne","KRYTE":"ne","MAJITEL":"Město Lanškroun","MAPA":"ne","PUMPA":"ne","SAMO_SERVI":"ne","SPRAVCE":"Město Lanškroun","STOJAN_KOL":"ne","TYP":"lavice","VODA":"ne","suggested_tag":"amenity=bench"}},{"type":"Feature","geometry":{"type":"Point","coordinates":[16.573604,49.925815]},"properties":{"OBJECTID":753,"INFO_TAB":"ne","KID":752,"KOS":"ne","KRYTE":"ne","MAJITEL":"Město Lanškroun","MAPA":"ne","PUMPA":"ne","SAMO_SERVI":"ne","SPRAVCE":"Město Lanškroun","STOJAN_KOL":"ne","TYP":"lavice","VODA":"ne","suggested_tag":"amenity=bench"}},{"type":"Feature","geometry":{"type":"Point","coordinates":[16.570703,49.927868]},"properties":{"OBJECTID":754,"INFO_TAB":"ne","KID":753,"KOS":"ne","KRYTE":"ne","MAJITEL":"Město Lanškroun","MAPA":"ne","PUMPA":"ne","SAMO_SERVI":"ne","SPRAVCE":"Město Lanškroun","STOJAN_KOL":"ne","TYP":"lavice","VODA":"ano","suggested_tag":"amenity=bench"}},{"type":"Feature","geometry":{"type":"Point","coordinates":[16.569438,49.927204]},"properties":{"OBJECTID":755,"INFO_TAB":"ano","KID":754,"KOS":"ne","KRYTE":"ne","MAJITEL":"Město Lanškroun","MAPA":"ne","PUMPA":"ne","SAMO_SERVI":"ne","SPRAVCE":"Město Lanškroun","STOJAN_KOL":"ne","TYP":"informační tabule","VODA":"ne","suggested_tag":"tourism=information + information=board"}},{"type":"Feature","geometry":{"type":"Point","coordinates":[16.568744,49.923552]},"properties":{"OBJECTID":756,"INFO_TAB":"ano","KID":755,"KOS":"ne","KRYTE":"ne","MAJITEL":"Město Lanškroun","MAPA":"ne","PUMPA":"ne","SAMO_SERVI":"ne","SPRAVCE":"Město Lanškroun","STOJAN_KOL":"ne","TYP":"informační tabule","VODA":"ne","suggested_tag":"tourism=information + information=board"}},{"type":"Feature","geometry":{"type":"Point","coordinates":[16.563731,49.920455]},"properties":{"OBJECTID":757,"INFO_TAB":"ne","KID":756,"KOS":"ne","KRYTE":"ne","MAJITEL":"Obec Ostrov","MAPA":"ano","PUMPA":"ne","SAMO_SERVI":"ne","SPRAVCE":"Obec Ostrov","STOJAN_KOL":"ne","TYP":"mapa","VODA":"ne","suggested_tag":"tourism=information + information=map"}},{"type":"Feature","geometry":{"type":"Point","coordinates":[16.507874,49.936826]},"properties":{"OBJECTID":758,"INFO_TAB":"ne","KID":757,"KOS":"ne","KRYTE":"ne","MAJITEL":"ČR","MAPA":"ano","POZN":"pův. OFO","PUMPA":"ne","SAMO_SERVI":"ne","SPRAVCE":"Lesy České republiky, s.p.","STOJAN_KOL":"ne","TYP":"mapa","VODA":"ne","suggested_tag":"tourism=information + information=map"}},{"type":"Feature","geometry":{"type":"Point","coordinates":[16.508908,49.935184]},"properties":{"OBJECTID":759,"INFO_TAB":"ne","KID":758,"KOS":"ne","KRYTE":"ne","MAJITEL":"ČR","MAPA":"ne","PUMPA":"ne","SAMO_SERVI":"ne","SPRAVCE":"Lesy České republiky, s.p.","STOJAN_KOL":"ne","TYP":"výhledové místo","VODA":"ne"}},{"type":"Feature","geometry":{"type":"Point","coordinates":[16.509055,49.934559]},"properties":{"OBJECTID":760,"INFO_TAB":"ano","KID":759,"KOS":"ne","KRYTE":"ne","MAJITEL":"ČR","MAPA":"ne","PUMPA":"ne","SAMO_SERVI":"ne","SPRAVCE":"Lesy České republiky, s.p.","STOJAN_KOL":"ne","TYP":"informační tabule","VODA":"ne","suggested_tag":"tourism=information + information=board"}},{"type":"Feature","geometry":{"type":"Point","coordinates":[16.517307,49.92014]},"properties":{"OBJECTID":761,"INFO_TAB":"ano","KID":760,"KOS":"ne","KRYTE":"ne","MAJITEL":"ČR","MAPA":"ne","PUMPA":"ne","SAMO_SERVI":"ne","SPRAVCE":"Lesy České republiky, s.p.","STOJAN_KOL":"ne","TYP":"informační tabule","VODA":"ne","suggested_tag":"tourism=information + information=board"}},{"type":"Feature","geometry":{"type":"Point","coordinates":[16.507159,49.93734]},"properties":{"OBJECTID":762,"INFO_TAB":"ne","KID":761,"KOS":"ne","KRYTE":"ne","MAJITEL":"Město Česká Třebová","MAPA":"ne","POZN":"pův. OFO","PUMPA":"ne","SAMO_SERVI":"ne","SPRAVCE":"Město Česká Třebová","STOJAN_KOL":"ne","TYP":"lavice se stolem","VODA":"ne","suggested_tag":"leisure=picnic_table"}},{"type":"Feature","geometry":{"type":"Point","coordinates":[16.503299,49.938151]},"properties":{"OBJECTID":763,"INFO_TAB":"ne","KID":762,"KOS":"ne","KRYTE":"ne","MAJITEL":"Pardubický kraj","MAPA":"ano","PUMPA":"ne","SAMO_SERVI":"ne","SPRAVCE":"nezjištěno","STOJAN_KOL":"ne","TYP":"mapa","VODA":"ne","suggested_tag":"tourism=information + information=map"}},{"type":"Feature","geometry":{"type":"Point","coordinates":[16.50333,49.941595]},"properties":{"OBJECTID":764,"INFO_TAB":"ne","KID":763,"KOS":"ne","KRYTE":"ne","MAJITEL":"Město Česká Třebová","MAPA":"ne","PUMPA":"ne","SAMO_SERVI":"ne","SPRAVCE":"Město Česká Třebová","STOJAN_KOL":"ne","TYP":"lavice","VODA":"ne","suggested_tag":"amenity=bench"}},{"type":"Feature","geometry":{"type":"Point","coordinates":[16.498242,49.953384]},"properties":{"OBJECTID":765,"INFO_TAB":"ne","KID":764,"KOS":"ne","KRYTE":"ne","MAJITEL":"Bioprodukt Knapovec a.s.","MAPA":"ne","PUMPA":"ne","SAMO_SERVI":"ne","SPRAVCE":"nezjištěno","STOJAN_KOL":"ne","TYP":"lavice","VODA":"ne","suggested_tag":"amenity=bench"}},{"type":"Feature","geometry":{"type":"Point","coordinates":[16.48456,49.999388]},"properties":{"OBJECTID":766,"INFO_TAB":"ne","KID":765,"KOS":"ne","KRYTE":"ne","MAJITEL":"OFO","MAPA":"ne","PUMPA":"ne","SAMO_SERVI":"ne","SPRAVCE":"nezjištěno","STOJAN_KOL":"ne","TYP":"lavice","VODA":"ne","suggested_tag":"amenity=bench"}},{"type":"Feature","geometry":{"type":"Point","coordinates":[16.474474,49.996527]},"properties":{"OBJECTID":767,"INFO_TAB":"ne","KID":766,"KOS":"ne","KRYTE":"ne","MAJITEL":"Obec Dolní Dobrouč","MAPA":"ne","PUMPA":"ne","SAMO_SERVI":"ne","SPRAVCE":"Obec Dolní Dobrouč","STOJAN_KOL":"ne","TYP":"lavice","VODA":"ne","suggested_tag":"amenity=bench"}},{"type":"Feature","geometry":{"type":"Point","coordinates":[16.461211,50.004607]},"properties":{"OBJECTID":768,"INFO_TAB":"ne","KID":767,"KOS":"ano","KRYTE":"ne","MAJITEL":"Region Orlicko-Třebovsko","MAPA":"ne","PUMPA":"ne","SAMO_SERVI":"ne","SPRAVCE":"Region Orlicko-Třebovsko","STOJAN_KOL":"ne","TYP":"lavice se stolem","VODA":"ne","suggested_tag":"leisure=picnic_table"}},{"type":"Feature","geometry":{"type":"Point","coordinates":[16.46622,50.011153]},"properties":{"OBJECTID":769,"INFO_TAB":"ne","KID":768,"KOS":"ano","KRYTE":"ne","MAJITEL":"Region Orlicko-Třebovsko","MAPA":"ano","POZN":"opěrný stojan","PUMPA":"ne","SAMO_SERVI":"ne","SPRAVCE":"Region Orlicko-Třebovsko","STOJAN_KOL":"ano","TYP":"lavice se stolem","VODA":"ne","suggested_tag":"leisure=picnic_table"}},{"type":"Feature","geometry":{"type":"Point","coordinates":[16.456601,49.996331]},"properties":{"OBJECTID":770,"INFO_TAB":"ne","KID":769,"KOS":"ne","KRYTE":"ne","MAJITEL":"Obec Dolní Dobrouč","MAPA":"ano","PUMPA":"ne","SAMO_SERVI":"ne","SPRAVCE":"Obec Dolní Dobrouč","STOJAN_KOL":"ne","TYP":"mapa","VODA":"ne","suggested_tag":"tourism=information + information=map"}},{"type":"Feature","geometry":{"type":"Point","coordinates":[16.453463,49.981921]},"properties":{"OBJECTID":771,"INFO_TAB":"ne","KID":770,"KOS":"ne","KRYTE":"ne","MAJITEL":"Město Ústí nad Orlicí","MAPA":"ne","PUMPA":"ne","SAMO_SERVI":"ne","SPRAVCE":"Město Ústí nad Orlicí","STOJAN_KOL":"ne","TYP":"lavice se stolem","VODA":"ne","suggested_tag":"leisure=picnic_table"}},{"type":"Feature","geometry":{"type":"Point","coordinates":[16.459995,49.985433]},"properties":{"OBJECTID":772,"INFO_TAB":"ano","KID":771,"KOS":"ne","KRYTE":"ano","MAJITEL":"ČR","MAPA":"ne","PUMPA":"ne","SAMO_SERVI":"ne","SPRAVCE":"Lesy České republiky, s.p.","STOJAN_KOL":"ne","TYP":"lavice se stolem","VODA":"ne","suggested_tag":"leisure=picnic_table"}},{"type":"Feature","geometry":{"type":"Point","coordinates":[16.459757,49.992707]},"properties":{"OBJECTID":773,"INFO_TAB":"ne","KID":772,"KOS":"ne","KRYTE":"ne","MAJITEL":"Obec Dolní Dobrouč","MAPA":"ne","PUMPA":"ne","SAMO_SERVI":"ne","SPRAVCE":"Obec Dolní Dobrouč","STOJAN_KOL":"ne","TYP":"lavice","VODA":"ne","suggested_tag":"amenity=bench"}},{"type":"Feature","geometry":{"type":"Point","coordinates":[16.474154,49.978087]},"properties":{"OBJECTID":774,"INFO_TAB":"ne","KID":773,"KOS":"ne","KRYTE":"ne","MAJITEL":"Římskokatolická farnost - děkanství Ústí nad Orlicí","MAPA":"ne","PUMPA":"ne","SAMO_SERVI":"ne","SPRAVCE":"nezjištěno","STOJAN_KOL":"ne","TYP":"lavice se stolem","VODA":"ne","suggested_tag":"leisure=picnic_table"}},{"type":"Feature","geometry":{"type":"Point","coordinates":[16.426722,49.985398]},"properties":{"OBJECTID":775,"INFO_TAB":"ne","KID":774,"KOS":"ne","KRYTE":"ne","MAJITEL":"Město Ústí nad Orlicí","MAPA":"ano","PUMPA":"ne","SAMO_SERVI":"ne","SPRAVCE":"Město Ústí nad Orlicí","STOJAN_KOL":"ne","TYP":"lavice","VODA":"ne","suggested_tag":"amenity=bench"}},{"type":"Feature","geometry":{"type":"Point","coordinates":[15.800547,50.094424]},"properties":{"OBJECTID":776,"INFO_TAB":"ne","KID":775,"KOS":"ne","KRYTE":"ne","MAJITEL":"Obec Němčice","MAPA":"ne","PUMPA":"ne","SAMO_SERVI":"ne","SPRAVCE":"Obec Němčice","STOJAN_KOL":"ne","TYP":"lavice se stolem","VODA":"ne","suggested_tag":"leisure=picnic_table"}},{"type":"Feature","geometry":{"type":"Point","coordinates":[15.796967,50.095992]},"properties":{"OBJECTID":777,"INFO_TAB":"ne","KID":776,"KOS":"ano","KRYTE":"ne","MAJITEL":"Obec Němčice","MAPA":"ne","POZN":"pův. OFO","PUMPA":"ne","SAMO_SERVI":"ne","SPRAVCE":"Obec Němčice","STOJAN_KOL":"ne","TYP":"lavice se stolem","VODA":"ne","suggested_tag":"leisure=picnic_table"}},{"type":"Feature","geometry":{"type":"Point","coordinates":[15.805827,50.088563]},"properties":{"OBJECTID":778,"INFO_TAB":"ano","KID":777,"KOS":"ano","KRYTE":"ne","MAJITEL":"Obec Němčice","MAPA":"ne","PUMPA":"ne","SAMO_SERVI":"ne","SPRAVCE":"Obec Němčice","STOJAN_KOL":"ano","TYP":"lavice se stolem","VODA":"ne","suggested_tag":"leisure=picnic_table"}},{"type":"Feature","geometry":{"type":"Point","coordinates":[15.784692,50.026446]},"properties":{"OBJECTID":779,"INFO_TAB":"ne","KID":778,"KOS":"ano","KRYTE":"ne","MAJITEL":"Statutární město Pardubice","MAPA":"ne","PUMPA":"ne","SAMO_SERVI":"ne","SPRAVCE":"Statutární město Pardubice","STOJAN_KOL":"ne","TYP":"lavice se stolem","VODA":"ne","suggested_tag":"leisure=picnic_table"}},{"type":"Feature","geometry":{"type":"Point","coordinates":[15.784554,50.026259]},"properties":{"OBJECTID":780,"INFO_TAB":"ano","KID":779,"KOS":"ano","KRYTE":"ne","MAJITEL":"Statutární město Pardubice","MAPA":"ne","PUMPA":"ne","SAMO_SERVI":"ne","SPRAVCE":"Statutární město Pardubice","STOJAN_KOL":"ano","TYP":"lavice se stolem","VODA":"ne","suggested_tag":"leisure=picnic_table"}},{"type":"Feature","geometry":{"type":"Point","coordinates":[15.777858,50.041054]},"properties":{"OBJECTID":781,"INFO_TAB":"ne","KID":780,"KOS":"ne","KRYTE":"ne","MAJITEL":"Pardubický kraj","MAPA":"ano","PUMPA":"ne","SAMO_SERVI":"ne","SPRAVCE":"nezjištěno","STOJAN_KOL":"ne","TYP":"mapa","VODA":"ne","suggested_tag":"tourism=information + information=map"}},{"type":"Feature","geometry":{"type":"Point","coordinates":[15.767476,50.042222]},"properties":{"OBJECTID":782,"INFO_TAB":"ne","KID":781,"KOS":"ano","KRYTE":"ne","MAJITEL":"Statutární město Pardubice","MAPA":"ne","PUMPA":"ne","SAMO_SERVI":"ne","SPRAVCE":"Statutární město Pardubice","STOJAN_KOL":"ano","TYP":"lavice","VODA":"ne","suggested_tag":"amenity=bench"}},{"type":"Feature","geometry":{"type":"Point","coordinates":[15.776755,50.046672]},"properties":{"OBJECTID":783,"INFO_TAB":"ne","KID":782,"KOS":"ne","KRYTE":"ne","MAJITEL":"ČR","MAPA":"ano","PUMPA":"ne","SAMO_SERVI":"ne","SPRAVCE":"nezjištěno","STOJAN_KOL":"ne","TYP":"mapa","VODA":"ne","suggested_tag":"tourism=information + information=map"}},{"type":"Feature","geometry":{"type":"Point","coordinates":[15.686058,49.927491]},"properties":{"OBJECTID":784,"INFO_TAB":"ne","KID":783,"KOS":"ne","KRYTE":"ne","MAJITEL":"Město Heřmanův Městec","MAPA":"ne","PUMPA":"ne","SAMO_SERVI":"ne","SPRAVCE":"Město Heřmanův Městec","STOJAN_KOL":"ne","TYP":"lavice se stolem","VODA":"ne","suggested_tag":"leisure=picnic_table"}},{"type":"Feature","geometry":{"type":"Point","coordinates":[15.682649,49.93137]},"properties":{"OBJECTID":785,"INFO_TAB":"ano","KID":784,"KOS":"ne","KRYTE":"ne","MAJITEL":"ČR","MAPA":"ne","PUMPA":"ne","SAMO_SERVI":"ne","SPRAVCE":"Lesy České republiky, s.p.","STOJAN_KOL":"ne","TYP":"informační tabule","VODA":"ne","suggested_tag":"tourism=information + information=board"}},{"type":"Feature","geometry":{"type":"Point","coordinates":[15.675774,49.93686]},"properties":{"OBJECTID":786,"INFO_TAB":"ne","KID":785,"KOS":"ne","KRYTE":"ano","MAJITEL":"ČR","MAPA":"ne","PUMPA":"ne","SAMO_SERVI":"ne","SPRAVCE":"Lesy České republiky, s.p.","STOJAN_KOL":"ne","TYP":"lavice se stolem","VODA":"ne","suggested_tag":"leisure=picnic_table"}},{"type":"Feature","geometry":{"type":"Point","coordinates":[15.675413,49.937238]},"properties":{"OBJECTID":787,"INFO_TAB":"ano","KID":786,"KOS":"ne","KRYTE":"ne","MAJITEL":"ČR","MAPA":"ne","PUMPA":"ne","SAMO_SERVI":"ne","SPRAVCE":"Lesy České republiky, s.p.","STOJAN_KOL":"ne","TYP":"informační tabule","VODA":"ne","suggested_tag":"tourism=information + information=board"}},{"type":"Feature","geometry":{"type":"Point","coordinates":[15.666027,49.946973]},"properties":{"OBJECTID":788,"INFO_TAB":"ne","KID":787,"KOS":"ne","KRYTE":"ne","MAJITEL":"Město Heřmanův Městec","MAPA":"ano","PUMPA":"ne","SAMO_SERVI":"ne","SPRAVCE":"Město Heřmanův Městec","STOJAN_KOL":"ne","TYP":"mapa","VODA":"ne","suggested_tag":"tourism=information + information=map"}},{"type":"Feature","geometry":{"type":"Point","coordinates":[15.648027,49.938069]},"properties":{"OBJECTID":789,"INFO_TAB":"ano","KID":788,"KOS":"ano","KRYTE":"ne","MAJITEL":"Město Heřmanův Městec","MAPA":"ano","PUMPA":"ne","SAMO_SERVI":"ne","SPRAVCE":"Město Heřmanův Městec","STOJAN_KOL":"ne","TYP":"lavice se stolem","VODA":"ne","suggested_tag":"leisure=picnic_table"}},{"type":"Feature","geometry":{"type":"Point","coordinates":[15.621114,49.923511]},"properties":{"OBJECTID":790,"INFO_TAB":"ne","KID":789,"KOS":"ne","KRYTE":"ne","MAJITEL":"Obec Vyžice","MAPA":"ano","PUMPA":"ne","SAMO_SERVI":"ne","SPRAVCE":"Obec Vyžice","STOJAN_KOL":"ne","TYP":"mapa","VODA":"ne","suggested_tag":"tourism=information + information=map"}},{"type":"Feature","geometry":{"type":"Point","coordinates":[15.620682,49.923141]},"properties":{"OBJECTID":791,"INFO_TAB":"ne","KID":790,"KOS":"ne","KRYTE":"ne","MAJITEL":"Obec Vyžice","MAPA":"ano","PUMPA":"ne","SAMO_SERVI":"ne","SPRAVCE":"Obec Vyžice","STOJAN_KOL":"ne","TYP":"lavice se stolem","VODA":"ne","suggested_tag":"leisure=picnic_table"}},{"type":"Feature","geometry":{"type":"Point","coordinates":[15.611056,49.907082]},"properties":{"OBJECTID":792,"INFO_TAB":"ne","KID":791,"KOS":"ne","KRYTE":"ne","MAJITEL":"Obec Míčov-Sušice","MAPA":"ano","PUMPA":"ne","SAMO_SERVI":"ne","SPRAVCE":"Obec Míčov-Sušice","STOJAN_KOL":"ano","TYP":"lavice se stolem","VODA":"ne","suggested_tag":"leisure=picnic_table"}},{"type":"Feature","geometry":{"type":"Point","coordinates":[15.628642,49.894499]},"properties":{"OBJECTID":793,"INFO_TAB":"ne","KID":792,"KOS":"ne","KRYTE":"ne","MAJITEL":"Obec Prachovice","MAPA":"ne","PUMPA":"ne","SAMO_SERVI":"ne","SPRAVCE":"Obec Prachovice","STOJAN_KOL":"ne","TYP":"lavice","VODA":"ne","suggested_tag":"amenity=bench"}},{"type":"Feature","geometry":{"type":"Point","coordinates":[15.627189,49.892822]},"properties":{"OBJECTID":794,"INFO_TAB":"ne","KID":793,"KOS":"ne","KRYTE":"ne","MAJITEL":"Obec Prachovice","MAPA":"ano","PUMPA":"ne","SAMO_SERVI":"ne","SPRAVCE":"Obec Prachovice","STOJAN_KOL":"ne","TYP":"mapa","VODA":"ne","suggested_tag":"tourism=information + information=map"}},{"type":"Feature","geometry":{"type":"Point","coordinates":[15.58745,49.880355]},"properties":{"OBJECTID":795,"INFO_TAB":"ano","KID":794,"KOS":"ne","KRYTE":"ne","MAJITEL":"Město Třemošnice","MAPA":"ne","PUMPA":"ne","SAMO_SERVI":"ne","SPRAVCE":"Město Třemošnice","STOJAN_KOL":"ne","TYP":"informační tabule","VODA":"ne","suggested_tag":"tourism=information + information=board"}},{"type":"Feature","geometry":{"type":"Point","coordinates":[15.569639,49.884625]},"properties":{"OBJECTID":796,"INFO_TAB":"ano","KID":795,"KOS":"ne","KRYTE":"ne","MAJITEL":"Město Třemošnice","MAPA":"ne","PUMPA":"ne","SAMO_SERVI":"ne","SPRAVCE":"Město Třemošnice","STOJAN_KOL":"ne","TYP":"lavice se stolem","VODA":"ne","suggested_tag":"leisure=picnic_table"}},{"type":"Feature","geometry":{"type":"Point","coordinates":[15.569161,49.889648]},"properties":{"OBJECTID":797,"INFO_TAB":"ne","KID":796,"KOS":"ne","KRYTE":"ne","MAJITEL":"Obec Žlebské Chvalovice","MAPA":"ano","PUMPA":"ne","SAMO_SERVI":"ne","SPRAVCE":"Obec Žlebské Chvalovice","STOJAN_KOL":"ne","TYP":"mapa","VODA":"ne","suggested_tag":"tourism=information + information=map"}},{"type":"Feature","geometry":{"type":"Point","coordinates":[15.564667,49.894661]},"properties":{"OBJECTID":798,"INFO_TAB":"ne","KID":797,"KOS":"ne","KRYTE":"ne","MAJITEL":"Obec Žlebské Chvalovice","MAPA":"ano","PUMPA":"ne","SAMO_SERVI":"ne","SPRAVCE":"Obec Žlebské Chvalovice","STOJAN_KOL":"ne","TYP":"mapa","VODA":"ne","suggested_tag":"tourism=information + information=map"}},{"type":"Feature","geometry":{"type":"Point","coordinates":[15.556225,49.914557]},"properties":{"OBJECTID":799,"INFO_TAB":"ne","KID":798,"KOS":"ano","KRYTE":"ano","MAJITEL":"ČR","MAPA":"ne","POZN":"opěrný stojan","PUMPA":"ne","SAMO_SERVI":"ne","SPRAVCE":"Lesy České republiky, s.p.","STOJAN_KOL":"ano","TYP":"lavice se stolem","VODA":"ne","suggested_tag":"leisure=picnic_table"}},{"type":"Feature","geometry":{"type":"Point","coordinates":[15.555106,49.915489]},"properties":{"OBJECTID":800,"INFO_TAB":"ano","KID":799,"KOS":"ne","KRYTE":"ne","MAJITEL":"CS AGRO Ronov a.s.","MAPA":"ne","PUMPA":"ne","SAMO_SERVI":"ne","SPRAVCE":"nezjištěno","STOJAN_KOL":"ne","TYP":"informační tabule","VODA":"ne","suggested_tag":"tourism=information + information=board"}},{"type":"Feature","geometry":{"type":"Point","coordinates":[15.545442,49.917106]},"properties":{"OBJECTID":801,"INFO_TAB":"ne","KID":800,"KOS":"ne","KRYTE":"ano","MAJITEL":"Obec Lipovec","MAPA":"ne","PUMPA":"ne","SAMO_SERVI":"ne","SPRAVCE":"Obec Lipovec","STOJAN_KOL":"ne","TYP":"lavice se stolem","VODA":"ne","suggested_tag":"leisure=picnic_table"}},{"type":"Feature","geometry":{"type":"Point","coordinates":[15.543544,49.915368]},"properties":{"OBJECTID":802,"INFO_TAB":"ano","KID":801,"KOS":"ne","KRYTE":"ne","MAJITEL":"Obec Lipovec","MAPA":"ne","PUMPA":"ne","SAMO_SERVI":"ne","SPRAVCE":"Obec Lipovec","STOJAN_KOL":"ne","TYP":"informační tabule","VODA":"ne","suggested_tag":"tourism=information + information=board"}},{"type":"Feature","geometry":{"type":"Point","coordinates":[15.543264,49.917572]},"properties":{"OBJECTID":803,"INFO_TAB":"ne","KID":802,"KOS":"ano","KRYTE":"ne","MAJITEL":"Obec Lipovec","MAPA":"ano","PUMPA":"ne","SAMO_SERVI":"ne","SPRAVCE":"Obec Lipovec","STOJAN_KOL":"ne","TYP":"mapa","VODA":"ne","suggested_tag":"tourism=information + information=map"}},{"type":"Feature","geometry":{"type":"Point","coordinates":[15.537376,49.935923]},"properties":{"OBJECTID":804,"INFO_TAB":"ne","KID":803,"KOS":"ano","KRYTE":"ne","MAJITEL":"Obec Podhořany u Ronova","MAPA":"ano","PUMPA":"ne","SAMO_SERVI":"ne","SPRAVCE":"Obec Podhořany u Ronova","STOJAN_KOL":"ano","TYP":"lavice se stolem","VODA":"ne","suggested_tag":"leisure=picnic_table"}},{"type":"Feature","geometry":{"type":"Point","coordinates":[15.542585,49.930757]},"properties":{"OBJECTID":805,"INFO_TAB":"ne","KID":804,"KOS":"ne","KRYTE":"ne","MAJITEL":"Obec Podhořany u Ronova","MAPA":"ne","POZN":"pův. OFO","PUMPA":"ne","SAMO_SERVI":"ne","SPRAVCE":"Obec Podhořany u Ronova","STOJAN_KOL":"ne","TYP":"lavice","VODA":"ne","suggested_tag":"amenity=bench"}},{"type":"Feature","geometry":{"type":"Point","coordinates":[15.54739,49.930432]},"properties":{"OBJECTID":806,"INFO_TAB":"ne","KID":805,"KOS":"ne","KRYTE":"ne","MAJITEL":"Obec Podhořany u Ronova","MAPA":"ano","PUMPA":"ne","SAMO_SERVI":"ne","SPRAVCE":"Obec Podhořany u Ronova","STOJAN_KOL":"ne","TYP":"lavice se stolem","VODA":"ne","suggested_tag":"leisure=picnic_table"}},{"type":"Feature","geometry":{"type":"Point","coordinates":[15.59479,49.886877]},"properties":{"OBJECTID":807,"INFO_TAB":"ne","KID":806,"KOS":"ne","KRYTE":"ne","MAJITEL":"Město Třemošnice","MAPA":"ano","PUMPA":"ne","SAMO_SERVI":"ne","SPRAVCE":"Město Třemošnice","STOJAN_KOL":"ne","TYP":"lavice","VODA":"ne","suggested_tag":"amenity=bench"}},{"type":"Feature","geometry":{"type":"Point","coordinates":[15.610038,49.86851]},"properties":{"OBJECTID":808,"INFO_TAB":"ne","KID":807,"KOS":"ne","KRYTE":"ne","MAJITEL":"Pardubický kraj","MAPA":"ano","PUMPA":"ne","SAMO_SERVI":"ne","SPRAVCE":"nezjištěno","STOJAN_KOL":"ne","TYP":"mapa","VODA":"ne","suggested_tag":"tourism=information + information=map"}},{"type":"Feature","geometry":{"type":"Point","coordinates":[15.604862,49.869712]},"properties":{"OBJECTID":809,"INFO_TAB":"ano","KID":808,"KOS":"ne","KRYTE":"ne","MAJITEL":"ČR","MAPA":"ne","PUMPA":"ne","SAMO_SERVI":"ne","SPRAVCE":"Lesy České republiky, s.p.","STOJAN_KOL":"ne","TYP":"informační tabule","VODA":"ne","suggested_tag":"tourism=information + information=board"}},{"type":"Feature","geometry":{"type":"Point","coordinates":[15.604425,49.86999]},"properties":{"OBJECTID":810,"INFO_TAB":"ano","KID":809,"KOS":"ne","KRYTE":"ne","MAJITEL":"ČR","MAPA":"ne","PUMPA":"ne","SAMO_SERVI":"ne","SPRAVCE":"Lesy České republiky, s.p.","STOJAN_KOL":"ne","TYP":"informační tabule","VODA":"ne","suggested_tag":"tourism=information + information=board"}},{"type":"Feature","geometry":{"type":"Point","coordinates":[15.595897,49.871707]},"properties":{"OBJECTID":811,"INFO_TAB":"ano","KID":810,"KOS":"ne","KRYTE":"ne","MAJITEL":"Město Třemošnice","MAPA":"ne","PUMPA":"ne","SAMO_SERVI":"ne","SPRAVCE":"Město Třemošnice","STOJAN_KOL":"ne","TYP":"informační tabule","VODA":"ne","suggested_tag":"tourism=information + information=board"}},{"type":"Feature","geometry":{"type":"Point","coordinates":[15.594811,49.869196]},"properties":{"OBJECTID":812,"INFO_TAB":"ne","KID":811,"KOS":"ne","KRYTE":"ne","MAJITEL":"ČR","MAPA":"ano","PUMPA":"ne","SAMO_SERVI":"ne","SPRAVCE":"Lesy České republiky, s.p.","STOJAN_KOL":"ne","TYP":"lavice","VODA":"ne","suggested_tag":"amenity=bench"}},{"type":"Feature","geometry":{"type":"Point","coordinates":[15.586254,49.863494]},"properties":{"OBJECTID":813,"INFO_TAB":"ano","KID":812,"KOS":"ne","KRYTE":"ne","MAJITEL":"Město Třemošnice","MAPA":"ne","POZN":"pův. OFO","PUMPA":"ne","SAMO_SERVI":"ne","SPRAVCE":"Město Třemošnice","STOJAN_KOL":"ne","TYP":"informační tabule","VODA":"ne","suggested_tag":"tourism=information + information=board"}},{"type":"Feature","geometry":{"type":"Point","coordinates":[15.590062,49.861458]},"properties":{"OBJECTID":814,"INFO_TAB":"ano","KID":813,"KOS":"ne","KRYTE":"ne","MAJITEL":"ČR","MAPA":"ne","PUMPA":"ne","SAMO_SERVI":"ne","SPRAVCE":"Lesy České republiky, s.p.","STOJAN_KOL":"ne","TYP":"informační tabule","VODA":"ne","suggested_tag":"tourism=information + information=board"}},{"type":"Feature","geometry":{"type":"Point","coordinates":[15.606277,49.842391]},"properties":{"OBJECTID":815,"INFO_TAB":"ano","KID":814,"KOS":"ne","KRYTE":"ne","MAJITEL":"ČR","MAPA":"ne","PUMPA":"ne","SAMO_SERVI":"ne","SPRAVCE":"Lesy České republiky, s.p.","STOJAN_KOL":"ne","TYP":"informační tabule","VODA":"ne","suggested_tag":"tourism=information + information=board"}},{"type":"Feature","geometry":{"type":"Point","coordinates":[15.623539,49.822175]},"properties":{"OBJECTID":816,"INFO_TAB":"ne","KID":815,"KOS":"ne","KRYTE":"ne","MAJITEL":"Obec Běstvina","MAPA":"ne","PUMPA":"ne","SAMO_SERVI":"ne","SPRAVCE":"Obec Běstvina","STOJAN_KOL":"ne","TYP":"lavice","VODA":"ne","suggested_tag":"amenity=bench"}},{"type":"Feature","geometry":{"type":"Point","coordinates":[15.569062,49.834546]},"properties":{"OBJECTID":817,"INFO_TAB":"ne","KID":816,"KOS":"ano","KRYTE":"ne","MAJITEL":"Obec Běstvina","MAPA":"ano","POZN":"pův. OFO","PUMPA":"ne","SAMO_SERVI":"ne","SPRAVCE":"Obec Běstvina","STOJAN_KOL":"ne","TYP":"lavice","VODA":"ne","suggested_tag":"amenity=bench"}},{"type":"Feature","geometry":{"type":"Point","coordinates":[15.568969,49.86122]},"properties":{"OBJECTID":818,"INFO_TAB":"ne","KID":817,"KOS":"ne","KRYTE":"ne","MAJITEL":"ČR","MAPA":"ne","PUMPA":"ne","SAMO_SERVI":"ne","SPRAVCE":"Lesy České republiky, s.p.","STOJAN_KOL":"ne","TYP":"lavice","VODA":"ne","suggested_tag":"amenity=bench"}},{"type":"Feature","geometry":{"type":"Point","coordinates":[16.406268,49.898059]},"properties":{"OBJECTID":819,"INFO_TAB":"ne","KID":818,"KOS":"ne","KRYTE":"ne","MAJITEL":"Obec Němčice","MAPA":"ano","POZN":"pův. OFO","PUMPA":"ne","SAMO_SERVI":"ne","SPRAVCE":"Obec Němčice","STOJAN_KOL":"ne","TYP":"mapa","VODA":"ne","suggested_tag":"tourism=information + information=map"}},{"type":"Feature","geometry":{"type":"Point","coordinates":[16.410541,49.892841]},"properties":{"OBJECTID":820,"INFO_TAB":"ne","KID":819,"KOS":"ne","KRYTE":"ne","MAJITEL":"ČR","MAPA":"ne","PUMPA":"ne","SAMO_SERVI":"ne","SPRAVCE":"Lesy České republiky, s.p.","STOJAN_KOL":"ne","TYP":"lavice se stolem","VODA":"ne","suggested_tag":"leisure=picnic_table"}},{"type":"Feature","geometry":{"type":"Point","coordinates":[16.418321,49.88272]},"properties":{"OBJECTID":821,"INFO_TAB":"ne","KID":820,"KOS":"ne","KRYTE":"ne","MAJITEL":"Město Česká Třebová","MAPA":"ano","PUMPA":"ne","SAMO_SERVI":"ne","SPRAVCE":"Město Česká Třebová","STOJAN_KOL":"ne","TYP":"lavice se stolem","VODA":"ne","suggested_tag":"leisure=picnic_table"}},{"type":"Feature","geometry":{"type":"Point","coordinates":[16.416533,49.874235]},"properties":{"OBJECTID":822,"INFO_TAB":"ne","KID":821,"KOS":"ne","KRYTE":"ne","MAJITEL":"Město Česká Třebová","MAPA":"ano","PUMPA":"ne","SAMO_SERVI":"ne","SPRAVCE":"Město Česká Třebová","STOJAN_KOL":"ne","TYP":"mapa","VODA":"ne","suggested_tag":"tourism=information + information=map"}},{"type":"Feature","geometry":{"type":"Point","coordinates":[16.439621,49.848603]},"properties":{"OBJECTID":823,"INFO_TAB":"ano","KID":822,"KOS":"ne","KRYTE":"ne","MAJITEL":"ČR","MAPA":"ne","PUMPA":"ne","SAMO_SERVI":"ne","SPRAVCE":"Lesy České republiky, s.p.","STOJAN_KOL":"ne","TYP":"informační tabule","VODA":"ne","suggested_tag":"tourism=information + information=board"}},{"type":"Feature","geometry":{"type":"Point","coordinates":[16.461521,49.844241]},"properties":{"OBJECTID":824,"INFO_TAB":"ano","KID":823,"KOS":"ne","KRYTE":"ne","MAJITEL":"ČR","MAPA":"ne","PUMPA":"ne","SAMO_SERVI":"ne","SPRAVCE":"Lesy České republiky, s.p.","STOJAN_KOL":"ne","TYP":"informační tabule","VODA":"ne","suggested_tag":"tourism=information + information=board"}},{"type":"Feature","geometry":{"type":"Point","coordinates":[16.468303,49.847282]},"properties":{"OBJECTID":825,"INFO_TAB":"ne","KID":824,"KOS":"ne","KRYTE":"ne","MAJITEL":"ČR","MAPA":"ano","PUMPA":"ne","SAMO_SERVI":"ne","SPRAVCE":"Lesy České republiky, s.p.","STOJAN_KOL":"ne","TYP":"mapa","VODA":"ne","suggested_tag":"tourism=information + information=map"}},{"type":"Feature","geometry":{"type":"Point","coordinates":[16.465435,49.839526]},"properties":{"OBJECTID":826,"INFO_TAB":"ano","KID":825,"KOS":"ne","KRYTE":"ano","MAJITEL":"ČR","MAPA":"ne","PUMPA":"ne","SAMO_SERVI":"ne","SPRAVCE":"Lesy České republiky, s.p.","STOJAN_KOL":"ne","TYP":"lavice se stolem","VODA":"ne","suggested_tag":"leisure=picnic_table"}},{"type":"Feature","geometry":{"type":"Point","coordinates":[16.466221,49.828462]},"properties":{"OBJECTID":827,"INFO_TAB":"ne","KID":826,"KOS":"ne","KRYTE":"ano","MAJITEL":"ČR","MAPA":"ne","PUMPA":"ne","SAMO_SERVI":"ne","SPRAVCE":"Lesy České republiky, s.p.","STOJAN_KOL":"ne","TYP":"lavice se stolem","VODA":"ne","suggested_tag":"leisure=picnic_table"}},{"type":"Feature","geometry":{"type":"Point","coordinates":[16.460335,49.805377]},"properties":{"OBJECTID":828,"INFO_TAB":"ne","KID":827,"KOS":"ne","KRYTE":"ano","MAJITEL":"Pardubický kraj","MAPA":"ne","PUMPA":"ne","SAMO_SERVI":"ne","SPRAVCE":"nezjištěno","STOJAN_KOL":"ne","TYP":"lavice se stolem","VODA":"ne","suggested_tag":"leisure=picnic_table"}},{"type":"Feature","geometry":{"type":"Point","coordinates":[16.459783,49.789968]},"properties":{"OBJECTID":829,"INFO_TAB":"ano","KID":828,"KOS":"ne","KRYTE":"ano","MAJITEL":"ČR","MAPA":"ne","PUMPA":"ne","SAMO_SERVI":"ne","SPRAVCE":"Lesy České republiky, s.p.","STOJAN_KOL":"ne","TYP":"lavice se stolem","VODA":"ne","suggested_tag":"leisure=picnic_table"}},{"type":"Feature","geometry":{"type":"Point","coordinates":[16.453955,49.790332]},"properties":{"OBJECTID":830,"INFO_TAB":"ano","KID":829,"KOS":"ne","KRYTE":"ne","MAJITEL":"ČR","MAPA":"ne","PUMPA":"ne","SAMO_SERVI":"ne","SPRAVCE":"Lesy České republiky, s.p.","STOJAN_KOL":"ne","TYP":"informační tabule","VODA":"ne","suggested_tag":"tourism=information + information=board"}},{"type":"Feature","geometry":{"type":"Point","coordinates":[16.452625,49.788207]},"properties":{"OBJECTID":831,"INFO_TAB":"ne","KID":830,"KOS":"ano","KRYTE":"ne","MAJITEL":"ČR","MAPA":"ne","PUMPA":"ne","SAMO_SERVI":"ne","SPRAVCE":"Lesy České republiky, s.p.","STOJAN_KOL":"ne","TYP":"památník","VODA":"ne"}},{"type":"Feature","geometry":{"type":"Point","coordinates":[16.450924,49.783586]},"properties":{"OBJECTID":832,"INFO_TAB":"ano","KID":831,"KOS":"ne","KRYTE":"ne","MAJITEL":"Arcibiskupství olomoucké","MAPA":"ne","PUMPA":"ne","SAMO_SERVI":"ne","SPRAVCE":"nezjištěno","STOJAN_KOL":"ne","TYP":"informační tabule","VODA":"ne","suggested_tag":"tourism=information + information=board"}},{"type":"Feature","geometry":{"type":"Point","coordinates":[16.455828,49.772038]},"properties":{"OBJECTID":833,"INFO_TAB":"ne","KID":832,"KOS":"ne","KRYTE":"ne","MAJITEL":"Město Svitavy","MAPA":"ano","PUMPA":"ne","SAMO_SERVI":"ne","SPRAVCE":"Město Svitavy","STOJAN_KOL":"ne","TYP":"lavice","VODA":"ne","suggested_tag":"amenity=bench"}},{"type":"Feature","geometry":{"type":"Point","coordinates":[16.479288,49.759346]},"properties":{"OBJECTID":834,"INFO_TAB":"ne","KID":833,"KOS":"ne","KRYTE":"ne","MAJITEL":"Město Svitavy","MAPA":"ano","PUMPA":"ne","SAMO_SERVI":"ne","SPRAVCE":"Město Svitavy","STOJAN_KOL":"ne","TYP":"mapa","VODA":"ne","suggested_tag":"tourism=information + information=map"}},{"type":"Feature","geometry":{"type":"Point","coordinates":[16.202524,49.995992]},"properties":{"OBJECTID":835,"INFO_TAB":"ne","KID":834,"KOS":"ne","KRYTE":"ne","MAJITEL":"Město Choceň","MAPA":"ano","PUMPA":"ne","SAMO_SERVI":"ne","SPRAVCE":"Město Choceň","STOJAN_KOL":"ne","TYP":"lavice","VODA":"ne","suggested_tag":"amenity=bench"}},{"type":"Feature","geometry":{"type":"Point","coordinates":[16.202524,49.995883]},"properties":{"OBJECTID":836,"INFO_TAB":"ne","KID":835,"KOS":"ano","KRYTE":"ano","MAJITEL":"Město Choceň","MAPA":"ne","PUMPA":"ne","SAMO_SERVI":"ne","SPRAVCE":"Město Choceň","STOJAN_KOL":"ne","TYP":"lavice se stolem","VODA":"ne","suggested_tag":"leisure=picnic_table"}},{"type":"Feature","geometry":{"type":"Point","coordinates":[16.194923,49.994799]},"properties":{"OBJECTID":837,"INFO_TAB":"ne","KID":836,"KOS":"ne","KRYTE":"ne","MAJITEL":"Město Choceň","MAPA":"ne","PUMPA":"ne","SAMO_SERVI":"ne","SPRAVCE":"Město Choceň","STOJAN_KOL":"ne","TYP":"lavice se stolem","VODA":"ano","suggested_tag":"leisure=picnic_table"}},{"type":"Feature","geometry":{"type":"Point","coordinates":[16.17414,50.005247]},"properties":{"OBJECTID":838,"INFO_TAB":"ne","KID":837,"KOS":"ne","KRYTE":"ne","MAJITEL":"ČR","MAPA":"ne","PUMPA":"ne","SAMO_SERVI":"ne","SPRAVCE":"Lesy České republiky, s.p.","STOJAN_KOL":"ne","TYP":"lavice se stolem","VODA":"ano","suggested_tag":"leisure=picnic_table"}},{"type":"Feature","geometry":{"type":"Point","coordinates":[16.175202,50.009419]},"properties":{"OBJECTID":839,"INFO_TAB":"ano","KID":838,"KOS":"ne","KRYTE":"ano","MAJITEL":"ČR","MAPA":"ne","PUMPA":"ne","SAMO_SERVI":"ne","SPRAVCE":"Lesy České republiky, s.p.","STOJAN_KOL":"ne","TYP":"lavice se stolem","VODA":"ne","suggested_tag":"leisure=picnic_table"}},{"type":"Feature","geometry":{"type":"Point","coordinates":[16.167777,50.012173]},"properties":{"OBJECTID":840,"INFO_TAB":"ne","KID":839,"KOS":"ne","KRYTE":"ano","MAJITEL":"ČR","MAPA":"ne","PUMPA":"ne","SAMO_SERVI":"ne","SPRAVCE":"Lesy České republiky, s.p.","STOJAN_KOL":"ne","TYP":"lavice","VODA":"ne","suggested_tag":"amenity=bench"}},{"type":"Feature","geometry":{"type":"Point","coordinates":[16.150558,50.008683]},"properties":{"OBJECTID":841,"INFO_TAB":"ne","KID":840,"KOS":"ne","KRYTE":"ano","MAJITEL":"ČR","MAPA":"ne","PUMPA":"ne","SAMO_SERVI":"ne","SPRAVCE":"Lesy České republiky, s.p.","STOJAN_KOL":"ne","TYP":"lavice se stolem","VODA":"ne","suggested_tag":"leisure=picnic_table"}},{"type":"Feature","geometry":{"type":"Point","coordinates":[16.141565,50.009275]},"properties":{"OBJECTID":842,"INFO_TAB":"ne","KID":841,"KOS":"ne","KRYTE":"ano","MAJITEL":"ČR","MAPA":"ne","PUMPA":"ne","SAMO_SERVI":"ne","SPRAVCE":"Lesy České republiky, s.p.","STOJAN_KOL":"ne","TYP":"lavice","VODA":"ne","suggested_tag":"amenity=bench"}},{"type":"Feature","geometry":{"type":"Point","coordinates":[16.114634,50.019419]},"properties":{"OBJECTID":843,"INFO_TAB":"ne","KID":842,"KOS":"ne","KRYTE":"ano","MAJITEL":"ČR","MAPA":"ne","POZN":"pův. OFO","PUMPA":"ne","SAMO_SERVI":"ne","SPRAVCE":"Lesy České republiky, s.p.","STOJAN_KOL":"ne","TYP":"lavice se stolem","VODA":"ne","suggested_tag":"leisure=picnic_table"}},{"type":"Feature","geometry":{"type":"Point","coordinates":[16.052609,50.015165]},"properties":{"OBJECTID":844,"INFO_TAB":"ne","KID":843,"KOS":"ne","KRYTE":"ne","MAJITEL":"Obec Dolní Roveň [1/4], Obec Ostřetín [1/4], Obec Trusnov [1/4], Obec Uhersko [1/4]","MAPA":"ne","PUMPA":"ne","SAMO_SERVI":"ne","SPRAVCE":"Obec Dolní Roveň [1/4], Obec Ostřetín [1/4], Obec Trusnov [1/4], Obec Uhersko [1/4]","STOJAN_KOL":"ne","TYP":"lavice se stolem","VODA":"ne","suggested_tag":"leisure=picnic_table"}},{"type":"Feature","geometry":{"type":"Point","coordinates":[16.040885,50.016655]},"properties":{"OBJECTID":845,"INFO_TAB":"ne","KID":844,"KOS":"ne","KRYTE":"ano","MAJITEL":"Obec Dolní Roveň [1/4], Obec Ostřetín [1/4], Obec Trusnov [1/4], Obec Uhersko [1/4]","MAPA":"ne","PUMPA":"ne","SAMO_SERVI":"ne","SPRAVCE":"Obec Dolní Roveň [1/4], Obec Ostřetín [1/4], Obec Trusnov [1/4], Obec Uhersko [1/4]","STOJAN_KOL":"ne","TYP":"lavice se stolem","VODA":"ne","suggested_tag":"leisure=picnic_table"}},{"type":"Feature","geometry":{"type":"Point","coordinates":[16.040551,50.016647]},"properties":{"OBJECTID":846,"INFO_TAB":"ne","KID":845,"KOS":"ne","KRYTE":"ne","MAJITEL":"Obec Dolní Roveň [1/4], Obec Ostřetín [1/4], Obec Trusnov [1/4], Obec Uhersko [1/4]","MAPA":"ne","PUMPA":"ne","SAMO_SERVI":"ne","SPRAVCE":"Obec Dolní Roveň [1/4], Obec Ostřetín [1/4], Obec Trusnov [1/4], Obec Uhersko [1/4]","STOJAN_KOL":"ne","TYP":"lavice","VODA":"ne","suggested_tag":"amenity=bench"}},{"type":"Feature","geometry":{"type":"Point","coordinates":[16.024736,50.041244]},"properties":{"OBJECTID":847,"INFO_TAB":"ano","KID":846,"KOS":"ne","KRYTE":"ne","MAJITEL":"Obec Ostřetín","MAPA":"ne","POZN":"pův. OFO","PUMPA":"ne","SAMO_SERVI":"ne","SPRAVCE":"Obec Ostřetín","STOJAN_KOL":"ne","TYP":"lavice se stolem","VODA":"ne","suggested_tag":"leisure=picnic_table"}},{"type":"Feature","geometry":{"type":"Point","coordinates":[16.086382,50.040361]},"properties":{"OBJECTID":848,"INFO_TAB":"ne","KID":847,"KOS":"ne","KRYTE":"ano","MAJITEL":"Město Horní Jelení","MAPA":"ne","POZN":"pův. OFO","PUMPA":"ne","SAMO_SERVI":"ne","SPRAVCE":"Město Horní Jelení","STOJAN_KOL":"ne","TYP":"lavice se stolem","VODA":"ne","suggested_tag":"leisure=picnic_table"}},{"type":"Feature","geometry":{"type":"Point","coordinates":[16.094025,50.049952]},"properties":{"OBJECTID":849,"INFO_TAB":"ne","KID":848,"KOS":"ano","KRYTE":"ano","MAJITEL":"Město Horní Jelení","MAPA":"ano","PUMPA":"ne","SAMO_SERVI":"ne","SPRAVCE":"Město Horní Jelení","STOJAN_KOL":"ne","TYP":"lavice se stolem","VODA":"ne","suggested_tag":"leisure=picnic_table"}},{"type":"Feature","geometry":{"type":"Point","coordinates":[16.136336,50.06508]},"properties":{"OBJECTID":850,"INFO_TAB":"ne","KID":849,"KOS":"ne","KRYTE":"ne","MAJITEL":"Obec Čermná nad Orlicí","MAPA":"ano","PUMPA":"ne","SAMO_SERVI":"ne","SPRAVCE":"Obec Čermná nad Orlicí","STOJAN_KOL":"ne","TYP":"mapa","VODA":"ne","suggested_tag":"tourism=information + information=map"}},{"type":"Feature","geometry":{"type":"Point","coordinates":[16.129877,50.028199]},"properties":{"OBJECTID":851,"INFO_TAB":"ne","KID":850,"KOS":"ne","KRYTE":"ano","MAJITEL":"ČR","MAPA":"ne","PUMPA":"ne","SAMO_SERVI":"ne","SPRAVCE":"Lesy České republiky, s.p.","STOJAN_KOL":"ne","TYP":"lavice se stolem","VODA":"ne","suggested_tag":"leisure=picnic_table"}},{"type":"Feature","geometry":{"type":"Point","coordinates":[16.124976,50.025468]},"properties":{"OBJECTID":852,"INFO_TAB":"ne","KID":851,"KOS":"ne","KRYTE":"ano","MAJITEL":"ČR","MAPA":"ne","PUMPA":"ne","SAMO_SERVI":"ne","SPRAVCE":"Lesy České republiky, s.p.","STOJAN_KOL":"ne","TYP":"lavice se stolem","VODA":"ne","suggested_tag":"leisure=picnic_table"}},{"type":"Feature","geometry":{"type":"Point","coordinates":[16.151114,50.017772]},"properties":{"OBJECTID":853,"INFO_TAB":"ne","KID":852,"KOS":"ne","KRYTE":"ano","MAJITEL":"ČR","MAPA":"ne","PUMPA":"ne","SAMO_SERVI":"ne","SPRAVCE":"Lesy České republiky, s.p.","STOJAN_KOL":"ne","TYP":"lavice se stolem","VODA":"ne","suggested_tag":"leisure=picnic_table"}},{"type":"Feature","geometry":{"type":"Point","coordinates":[15.736589,50.038066]},"properties":{"OBJECTID":854,"INFO_TAB":"ano","KID":853,"KOS":"ano","KRYTE":"ne","MAJITEL":"ČR","MAPA":"ne","PUMPA":"ne","SAMO_SERVI":"ne","SPRAVCE":"Povodí Labe, státní podnik","STOJAN_KOL":"ne","TYP":"lavice","VODA":"ne","suggested_tag":"amenity=bench"}},{"type":"Feature","geometry":{"type":"Point","coordinates":[15.727794,50.03658]},"properties":{"OBJECTID":855,"INFO_TAB":"ano","KID":854,"KOS":"ano","KRYTE":"ano","MAJITEL":"Statutární město Pardubice","MAPA":"ne","PUMPA":"ne","SAMO_SERVI":"ne","SPRAVCE":"Statutární město Pardubice","STOJAN_KOL":"ne","TYP":"lavice se stolem","VODA":"ne","suggested_tag":"leisure=picnic_table"}},{"type":"Feature","geometry":{"type":"Point","coordinates":[15.713645,50.035952]},"properties":{"OBJECTID":856,"INFO_TAB":"ne","KID":855,"KOS":"ano","KRYTE":"ne","MAJITEL":"Obec Srnojedy","MAPA":"ne","POZN":"pův. OFO","PUMPA":"ne","SAMO_SERVI":"ne","SPRAVCE":"Obec Srnojedy","STOJAN_KOL":"ne","TYP":"lavice","VODA":"ne","suggested_tag":"amenity=bench"}},{"type":"Feature","geometry":{"type":"Point","coordinates":[15.67561,50.040374]},"properties":{"OBJECTID":857,"INFO_TAB":"ne","KID":856,"KOS":"ne","KRYTE":"ne","MAJITEL":"OFO","MAPA":"ano","PUMPA":"ne","SAMO_SERVI":"ne","SPRAVCE":"nezjištěno","STOJAN_KOL":"ne","TYP":"mapa","VODA":"ne","suggested_tag":"tourism=information + information=map"}},{"type":"Feature","geometry":{"type":"Point","coordinates":[15.655856,50.022226]},"properties":{"OBJECTID":858,"INFO_TAB":"ne","KID":857,"KOS":"ne","KRYTE":"ne","MAJITEL":"ČR","MAPA":"ne","PUMPA":"ne","SAMO_SERVI":"ne","SPRAVCE":"Lesy České republiky, s.p.","STOJAN_KOL":"ne","TYP":"lavice","VODA":"ano","suggested_tag":"amenity=bench"}},{"type":"Feature","geometry":{"type":"Point","coordinates":[15.632032,50.021841]},"properties":{"OBJECTID":859,"INFO_TAB":"ano","KID":858,"KOS":"ne","KRYTE":"ano","MAJITEL":"Římskokatolická farnost - děkanství Heřmanův Městec","MAPA":"ne","PUMPA":"ne","SAMO_SERVI":"ne","SPRAVCE":"nezjištěno","STOJAN_KOL":"ne","TYP":"lavice se stolem","VODA":"ne","suggested_tag":"leisure=picnic_table"}},{"type":"Feature","geometry":{"type":"Point","coordinates":[15.627866,50.022213]},"properties":{"OBJECTID":860,"INFO_TAB":"ne","KID":859,"KOS":"ne","KRYTE":"ne","MAJITEL":"ČR","MAPA":"ano","PUMPA":"ne","SAMO_SERVI":"ne","SPRAVCE":"Lesy České republiky, s.p.","STOJAN_KOL":"ne","TYP":"lavice se stolem","VODA":"ne","suggested_tag":"leisure=picnic_table"}},{"type":"Feature","geometry":{"type":"Point","coordinates":[15.623443,50.021157]},"properties":{"OBJECTID":861,"INFO_TAB":"ne","KID":860,"KOS":"ne","KRYTE":"ano","MAJITEL":"Obec Valy","MAPA":"ne","PUMPA":"ne","SAMO_SERVI":"ne","SPRAVCE":"Obec Valy","STOJAN_KOL":"ne","TYP":"lavice se stolem","VODA":"ne","suggested_tag":"leisure=picnic_table"}},{"type":"Feature","geometry":{"type":"Point","coordinates":[15.623199,50.016689]},"properties":{"OBJECTID":862,"INFO_TAB":"ne","KID":861,"KOS":"ano","KRYTE":"ano","MAJITEL":"Obec Veselí","MAPA":"ano","POZN":"opěrný stojan","PUMPA":"ne","SAMO_SERVI":"ne","SPRAVCE":"Obec Veselí","STOJAN_KOL":"ano","TYP":"lavice se stolem","VODA":"ne","suggested_tag":"leisure=picnic_table"}},{"type":"Feature","geometry":{"type":"Point","coordinates":[15.621372,49.993695]},"properties":{"OBJECTID":863,"INFO_TAB":"ne","KID":862,"KOS":"ne","KRYTE":"ne","MAJITEL":"Městys Choltice","MAPA":"ne","PUMPA":"ne","SAMO_SERVI":"ne","SPRAVCE":"Městys Choltice","STOJAN_KOL":"ne","TYP":"lavice","VODA":"ne","suggested_tag":"amenity=bench"}},{"type":"Feature","geometry":{"type":"Point","coordinates":[15.62261,49.981321]},"properties":{"OBJECTID":864,"INFO_TAB":"ne","KID":863,"KOS":"ne","KRYTE":"ne","MAJITEL":"Městys Choltice","MAPA":"ne","PUMPA":"ne","SAMO_SERVI":"ne","SPRAVCE":"Městys Choltice","STOJAN_KOL":"ne","TYP":"lavice se stolem","VODA":"ne","suggested_tag":"leisure=picnic_table"}},{"type":"Feature","geometry":{"type":"Point","coordinates":[15.602722,49.966258]},"properties":{"OBJECTID":865,"INFO_TAB":"ne","KID":864,"KOS":"ano","KRYTE":"ne","MAJITEL":"Obec Svojšice","MAPA":"ano","PUMPA":"ne","SAMO_SERVI":"ne","SPRAVCE":"Obec Svojšice","STOJAN_KOL":"ne","TYP":"lavice se stolem","VODA":"ne","suggested_tag":"leisure=picnic_table"}},{"type":"Feature","geometry":{"type":"Point","coordinates":[15.614026,49.9568]},"properties":{"OBJECTID":866,"INFO_TAB":"ne","KID":865,"KOS":"ne","KRYTE":"ne","MAJITEL":"Obec Stojice","MAPA":"ne","PUMPA":"ne","SAMO_SERVI":"ne","SPRAVCE":"Obec Stojice","STOJAN_KOL":"ne","TYP":"lavice se stolem","VODA":"ne","suggested_tag":"leisure=picnic_table"}},{"type":"Feature","geometry":{"type":"Point","coordinates":[15.629007,49.979183]},"properties":{"OBJECTID":867,"INFO_TAB":"ano","KID":866,"KOS":"ne","KRYTE":"ano","MAJITEL":"Městys Choltice","MAPA":"ne","PUMPA":"ne","SAMO_SERVI":"ne","SPRAVCE":"Městys Choltice","STOJAN_KOL":"ne","TYP":"lavice se stolem","VODA":"ne","suggested_tag":"leisure=picnic_table"}},{"type":"Feature","geometry":{"type":"Point","coordinates":[15.637266,49.977161]},"properties":{"OBJECTID":868,"INFO_TAB":"ne","KID":867,"KOS":"ano","KRYTE":"ano","MAJITEL":"Obec Svinčany","MAPA":"ne","PUMPA":"ne","SAMO_SERVI":"ne","SPRAVCE":"Obec Svinčany","STOJAN_KOL":"ne","TYP":"lavice se stolem","VODA":"ne","suggested_tag":"leisure=picnic_table"}},{"type":"Feature","geometry":{"type":"Point","coordinates":[15.660237,49.982941]},"properties":{"OBJECTID":869,"INFO_TAB":"ne","KID":868,"KOS":"ne","KRYTE":"ne","MAJITEL":"Obec Jeníkovice","MAPA":"ano","PUMPA":"ne","SAMO_SERVI":"ne","SPRAVCE":"Obec Jeníkovice","STOJAN_KOL":"ne","TYP":"mapa","VODA":"ne","suggested_tag":"tourism=information + information=map"}},{"type":"Feature","geometry":{"type":"Point","coordinates":[15.659888,49.982733]},"properties":{"OBJECTID":870,"INFO_TAB":"ne","KID":869,"KOS":"ne","KRYTE":"ne","MAJITEL":"Obec Jeníkovice","MAPA":"ne","PUMPA":"ne","SAMO_SERVI":"ne","SPRAVCE":"Obec Jeníkovice","STOJAN_KOL":"ne","TYP":"lavice","VODA":"ne","suggested_tag":"amenity=bench"}},{"type":"Feature","geometry":{"type":"Point","coordinates":[15.693555,49.979403]},"properties":{"OBJECTID":871,"INFO_TAB":"ne","KID":870,"KOS":"ano","KRYTE":"ano","MAJITEL":"Obec Jezbořice","MAPA":"ano","PUMPA":"ne","SAMO_SERVI":"ne","SPRAVCE":"Obec Jezbořice","STOJAN_KOL":"ano","TYP":"lavice se stolem","VODA":"ne","suggested_tag":"leisure=picnic_table"}},{"type":"Feature","geometry":{"type":"Point","coordinates":[15.691261,49.981418]},"properties":{"OBJECTID":872,"INFO_TAB":"ne","KID":871,"KOS":"ano","KRYTE":"ano","MAJITEL":"Obec Jezbořice","MAPA":"ne","PUMPA":"ne","SAMO_SERVI":"ne","SPRAVCE":"Obec Jezbořice","STOJAN_KOL":"ano","TYP":"lavice se stolem","VODA":"ne","suggested_tag":"leisure=picnic_table"}},{"type":"Feature","geometry":{"type":"Point","coordinates":[15.691071,49.983745]},"properties":{"OBJECTID":873,"INFO_TAB":"ne","KID":872,"KOS":"ano","KRYTE":"ano","MAJITEL":"Obec Jezbořice","MAPA":"ne","PUMPA":"ne","SAMO_SERVI":"ne","SPRAVCE":"Obec Jezbořice","STOJAN_KOL":"ne","TYP":"lavice se stolem","VODA":"ne","suggested_tag":"leisure=picnic_table"}},{"type":"Feature","geometry":{"type":"Point","coordinates":[15.708294,50.080535]},"properties":{"OBJECTID":874,"INFO_TAB":"ne","KID":873,"KOS":"ne","KRYTE":"ne","MAJITEL":"Město Lázně Bohdaneč","MAPA":"ne","PUMPA":"ne","SAMO_SERVI":"ne","SPRAVCE":"Město Lázně Bohdaneč","STOJAN_KOL":"ne","TYP":"lavice se stolem","VODA":"ne","suggested_tag":"leisure=picnic_table"}},{"type":"Feature","geometry":{"type":"Point","coordinates":[15.686006,50.072325]},"properties":{"OBJECTID":875,"INFO_TAB":"ne","KID":874,"KOS":"ne","KRYTE":"ne","MAJITEL":"Léčebné lázně Bohdaneč a.s.","MAPA":"ne","PUMPA":"ne","SAMO_SERVI":"ne","SPRAVCE":"nezjištěno","STOJAN_KOL":"ne","TYP":"lavice se stolem","VODA":"ne","suggested_tag":"leisure=picnic_table"}},{"type":"Feature","geometry":{"type":"Point","coordinates":[15.591829,50.049421]},"properties":{"OBJECTID":876,"INFO_TAB":"ano","KID":875,"KOS":"ano","KRYTE":"ne","MAJITEL":"Český rybářský svaz, z. s., místní organizace Přelouč","MAPA":"ne","PUMPA":"ne","SAMO_SERVI":"ne","SPRAVCE":"nezjištěno","STOJAN_KOL":"ne","TYP":"lavice","VODA":"ne","suggested_tag":"amenity=bench"}},{"type":"Feature","geometry":{"type":"Point","coordinates":[15.638764,50.078953]},"properties":{"OBJECTID":877,"INFO_TAB":"ne","KID":876,"KOS":"ano","KRYTE":"ne","MAJITEL":"Pardubický kraj","MAPA":"ano","PUMPA":"ne","SAMO_SERVI":"ne","SPRAVCE":"nezjištěno","STOJAN_KOL":"ano","TYP":"lavice se stolem","VODA":"ne","suggested_tag":"leisure=picnic_table"}},{"type":"Feature","geometry":{"type":"Point","coordinates":[15.647848,50.079822]},"properties":{"OBJECTID":878,"INFO_TAB":"ne","KID":877,"KOS":"ne","KRYTE":"ne","MAJITEL":"Obec Neratov","MAPA":"ne","PUMPA":"ne","SAMO_SERVI":"ne","SPRAVCE":"Obec Neratov","STOJAN_KOL":"ne","TYP":"lavice","VODA":"ne","suggested_tag":"amenity=bench"}},{"type":"Feature","geometry":{"type":"Point","coordinates":[15.652676,50.080688]},"properties":{"OBJECTID":879,"INFO_TAB":"ano","KID":878,"KOS":"ano","KRYTE":"ne","MAJITEL":"Obec Neratov","MAPA":"ne","PUMPA":"ne","SAMO_SERVI":"ne","SPRAVCE":"Obec Neratov","STOJAN_KOL":"ano","TYP":"lavice","VODA":"ne","suggested_tag":"amenity=bench"}},{"type":"Feature","geometry":{"type":"Point","coordinates":[15.651898,50.08293]},"properties":{"OBJECTID":880,"INFO_TAB":"ne","KID":879,"KOS":"ne","KRYTE":"ne","MAJITEL":"Obec Neratov","MAPA":"ne","PUMPA":"ne","SAMO_SERVI":"ne","SPRAVCE":"Obec Neratov","STOJAN_KOL":"ne","TYP":"lavice","VODA":"ne","suggested_tag":"amenity=bench"}},{"type":"Feature","geometry":{"type":"Point","coordinates":[15.595424,50.085624]},"properties":{"OBJECTID":881,"INFO_TAB":"ano","KID":880,"KOS":"ne","KRYTE":"ne","MAJITEL":"Obec Vlčí Habřina","MAPA":"ne","PUMPA":"ne","SAMO_SERVI":"ne","SPRAVCE":"Obec Vlčí Habřina","STOJAN_KOL":"ne","TYP":"lavice se stolem","VODA":"ne","suggested_tag":"leisure=picnic_table"}},{"type":"Feature","geometry":{"type":"Point","coordinates":[15.573299,50.073739]},"properties":{"OBJECTID":882,"INFO_TAB":"ano","KID":881,"KOS":"ne","KRYTE":"ano","MAJITEL":"ČR","MAPA":"ano","PUMPA":"ne","SAMO_SERVI":"ne","SPRAVCE":"Lesy České republiky, s.p.","STOJAN_KOL":"ne","TYP":"lavice se stolem","VODA":"ne","suggested_tag":"leisure=picnic_table"}},{"type":"Feature","geometry":{"type":"Point","coordinates":[15.568823,50.06009]},"properties":{"OBJECTID":883,"INFO_TAB":"ano","KID":882,"KOS":"ne","KRYTE":"ne","MAJITEL":"ČR","MAPA":"ne","PUMPA":"ne","SAMO_SERVI":"ne","SPRAVCE":"Lesy České republiky, s.p.","STOJAN_KOL":"ne","TYP":"lavice se stolem","VODA":"ne","suggested_tag":"leisure=picnic_table"}},{"type":"Feature","geometry":{"type":"Point","coordinates":[15.575728,50.054723]},"properties":{"OBJECTID":884,"INFO_TAB":"ne","KID":883,"KOS":"ano","KRYTE":"ne","MAJITEL":"Obec Břehy","MAPA":"ne","PUMPA":"ne","SAMO_SERVI":"ne","SPRAVCE":"Obec Břehy","STOJAN_KOL":"ne","TYP":"lavice","VODA":"ne","suggested_tag":"amenity=bench"}},{"type":"Feature","geometry":{"type":"Point","coordinates":[16.755647,50.050301]},"properties":{"OBJECTID":885,"INFO_TAB":"ano","KID":884,"KOS":"ano","KRYTE":"ano","MAJITEL":"Obec Červená Voda","MAPA":"ano","PUMPA":"ne","SAMO_SERVI":"ne","SPRAVCE":"Obec Červená Voda","STOJAN_KOL":"ne","TYP":"lavice se stolem","VODA":"ne","suggested_tag":"leisure=picnic_table"}},{"type":"Feature","geometry":{"type":"Point","coordinates":[16.598149,49.906249]},"properties":{"OBJECTID":886,"INFO_TAB":"ne","KID":885,"KOS":"ano","KRYTE":"ne","MAJITEL":"Město Lanškroun","MAPA":"ne","PUMPA":"ne","SAMO_SERVI":"ne","SPRAVCE":"Město Lanškroun","STOJAN_KOL":"ne","TYP":"lavice","VODA":"ne","suggested_tag":"amenity=bench"}},{"type":"Feature","geometry":{"type":"Point","coordinates":[16.53985,50.109698]},"properties":{"OBJECTID":887,"INFO_TAB":"ne","KID":886,"KOS":"ne","KRYTE":"ne","MAJITEL":"Obec Klášterec nad Orlicí","MAPA":"ano","PUMPA":"ne","SAMO_SERVI":"ne","SPRAVCE":"Obec Klášterec nad Orlicí","STOJAN_KOL":"ne","TYP":"mapa","VODA":"ne","suggested_tag":"tourism=information + information=map"}},{"type":"Feature","geometry":{"type":"Point","coordinates":[16.552915,50.111705]},"properties":{"OBJECTID":888,"INFO_TAB":"ne","KID":887,"KOS":"ne","KRYTE":"ne","MAJITEL":"Římskokatolická farnost Klášterec nad Orlicí","MAPA":"ne","PUMPA":"ne","SAMO_SERVI":"ne","SPRAVCE":"nezjištěno","STOJAN_KOL":"ne","TYP":"mapa","VODA":"ne","suggested_tag":"tourism=information + information=map"}},{"type":"Feature","geometry":{"type":"Point","coordinates":[16.552154,50.08871]},"properties":{"OBJECTID":889,"INFO_TAB":"ne","KID":888,"KOS":"ne","KRYTE":"ano","MAJITEL":"Obec Pastviny","MAPA":"ne","PUMPA":"ne","SAMO_SERVI":"ne","SPRAVCE":"Obec Pastviny","STOJAN_KOL":"ne","TYP":"lavice se stolem","VODA":"ne","suggested_tag":"leisure=picnic_table"}},{"type":"Feature","geometry":{"type":"Point","coordinates":[16.563572,50.087905]},"properties":{"OBJECTID":890,"INFO_TAB":"ne","KID":889,"KOS":"tříděný","KRYTE":"ne","MAJITEL":"Obec Pastviny","MAPA":"ano","POZN":"popelnice","PUMPA":"ne","SAMO_SERVI":"ne","SPRAVCE":"Obec Pastviny","STOJAN_KOL":"ano","TYP":"mapa","VODA":"ne","suggested_tag":"tourism=information + information=map"}},{"type":"Feature","geometry":{"type":"Point","coordinates":[16.565702,50.095241]},"properties":{"OBJECTID":891,"INFO_TAB":"ano","KID":890,"KOS":"ne","KRYTE":"ano","MAJITEL":"Obec Pastviny","MAPA":"ano","PUMPA":"ne","SAMO_SERVI":"ne","SPRAVCE":"Obec Pastviny","STOJAN_KOL":"ano","TYP":"lavice se stolem","VODA":"ne","suggested_tag":"leisure=picnic_table"}},{"type":"Feature","geometry":{"type":"Point","coordinates":[16.556319,50.110521]},"properties":{"OBJECTID":892,"INFO_TAB":"ne","KID":891,"KOS":"ne","KRYTE":"ne","MAJITEL":"Obec Klášterec nad Orlicí","MAPA":"ne","PUMPA":"ne","SAMO_SERVI":"ne","SPRAVCE":"Obec Klášterec nad Orlicí","STOJAN_KOL":"ne","TYP":"mapa","VODA":"ne","suggested_tag":"tourism=information + information=map"}},{"type":"Feature","geometry":{"type":"Point","coordinates":[16.555017,50.111758]},"properties":{"OBJECTID":893,"INFO_TAB":"ne","KID":892,"KOS":"ano","KRYTE":"ne","MAJITEL":"ČR","MAPA":"ne","PUMPA":"ne","SAMO_SERVI":"ne","SPRAVCE":"Povodí Labe, státní podnik","STOJAN_KOL":"ne","TYP":"lavice se stolem","VODA":"ne","suggested_tag":"leisure=picnic_table"}},{"type":"Feature","geometry":{"type":"Point","coordinates":[16.578022,50.115892]},"properties":{"OBJECTID":894,"INFO_TAB":"ne","KID":893,"KOS":"ne","KRYTE":"ano","MAJITEL":"Obec Klášterec nad Orlicí","MAPA":"ne","PUMPA":"ne","SAMO_SERVI":"ne","SPRAVCE":"Obec Klášterec nad Orlicí","STOJAN_KOL":"ano","TYP":"lavice se stolem","VODA":"ne","suggested_tag":"leisure=picnic_table"}},{"type":"Feature","geometry":{"type":"Point","coordinates":[16.604291,50.119819]},"properties":{"OBJECTID":895,"INFO_TAB":"ne","KID":894,"KOS":"ano","KRYTE":"ano","MAJITEL":"Obec České Petrovice","MAPA":"ano","PUMPA":"ne","SAMO_SERVI":"ne","SPRAVCE":"Obec České Petrovice","STOJAN_KOL":"ano","TYP":"autobusová zastávka (mapa)","VODA":"ne"}},{"type":"Feature","geometry":{"type":"Point","coordinates":[16.593064,50.140209]},"properties":{"OBJECTID":896,"INFO_TAB":"ne","KID":895,"KOS":"tříděný","KRYTE":"ne","MAJITEL":"Klub českých turistů","MAPA":"ano","POZN":"popelnice","PUMPA":"ne","SAMO_SERVI":"ne","SPRAVCE":"nezjištěno","STOJAN_KOL":"ne","TYP":"mapa","VODA":"ne","suggested_tag":"tourism=information + information=map"}},{"type":"Feature","geometry":{"type":"Point","coordinates":[16.63005,50.115428]},"properties":{"OBJECTID":897,"INFO_TAB":"ne","KID":896,"KOS":"ano","KRYTE":"ne","MAJITEL":"Městys Mladkov","MAPA":"ne","PUMPA":"ne","SAMO_SERVI":"ne","SPRAVCE":"Městys Mladkov","STOJAN_KOL":"ano","TYP":"lavice se stolem","VODA":"ne","suggested_tag":"leisure=picnic_table"}},{"type":"Feature","geometry":{"type":"Point","coordinates":[16.547606,50.052932]},"properties":{"OBJECTID":898,"INFO_TAB":"ne","KID":897,"KOS":"ano","KRYTE":"ne","MAJITEL":"Obec Nekoř","MAPA":"ne","PUMPA":"ne","SAMO_SERVI":"ne","SPRAVCE":"Obec Nekoř","STOJAN_KOL":"ano","TYP":"lavice se stolem","VODA":"ne","suggested_tag":"leisure=picnic_table"}},{"type":"Feature","geometry":{"type":"Point","coordinates":[16.591388,50.05076]},"properties":{"OBJECTID":899,"INFO_TAB":"ne","KID":898,"KOS":"ne","KRYTE":"ne","MAJITEL":"Obec Sobkovice","MAPA":"ne","PUMPA":"ne","SAMO_SERVI":"ne","SPRAVCE":"Obec Sobkovice","STOJAN_KOL":"ne","TYP":"lavice","VODA":"ne","suggested_tag":"amenity=bench"}},{"type":"Feature","geometry":{"type":"Point","coordinates":[16.561873,50.066737]},"properties":{"OBJECTID":900,"INFO_TAB":"ne","KID":899,"KOS":"ne","KRYTE":"ne","MAJITEL":"Obec Nekoř","MAPA":"ne","PUMPA":"ne","SAMO_SERVI":"ne","SPRAVCE":"Obec Nekoř","STOJAN_KOL":"ne","TYP":"lavice","VODA":"ne","suggested_tag":"amenity=bench"}},{"type":"Feature","geometry":{"type":"Point","coordinates":[16.554842,50.064282]},"properties":{"OBJECTID":901,"INFO_TAB":"ne","KID":900,"KOS":"ne","KRYTE":"ne","MAJITEL":"Obec Nekoř","MAPA":"ne","POZN":"pův. OFO","PUMPA":"ne","SAMO_SERVI":"ne","SPRAVCE":"Obec Nekoř","STOJAN_KOL":"ne","TYP":"lavice","VODA":"ne","suggested_tag":"amenity=bench"}},{"type":"Feature","geometry":{"type":"Point","coordinates":[16.546263,50.060954]},"properties":{"OBJECTID":902,"INFO_TAB":"ne","KID":901,"KOS":"ne","KRYTE":"ne","MAJITEL":"Obec Nekoř","MAPA":"ano","PUMPA":"ne","SAMO_SERVI":"ne","SPRAVCE":"Obec Nekoř","STOJAN_KOL":"ne","TYP":"mapa","VODA":"ne","suggested_tag":"tourism=information + information=map"}},{"type":"Feature","geometry":{"type":"Point","coordinates":[16.599665,50.032223]},"properties":{"OBJECTID":903,"INFO_TAB":"ano","KID":902,"KOS":"ne","KRYTE":"ne","MAJITEL":"Město Jablonné nad Orlicí","MAPA":"ne","POZN":"pův. OFO","PUMPA":"ne","SAMO_SERVI":"ne","SPRAVCE":"Město Jablonné nad Orlicí","STOJAN_KOL":"ne","TYP":"lavice","VODA":"ne","suggested_tag":"amenity=bench"}},{"type":"Feature","geometry":{"type":"Point","coordinates":[16.601933,50.089126]},"properties":{"OBJECTID":904,"INFO_TAB":"ne","KID":903,"KOS":"ne","KRYTE":"ne","MAJITEL":"Městys Mladkov","MAPA":"ne","PUMPA":"ne","SAMO_SERVI":"ne","SPRAVCE":"Městys Mladkov","STOJAN_KOL":"ne","TYP":"lavice","VODA":"ne","suggested_tag":"amenity=bench"}},{"type":"Feature","geometry":{"type":"Point","coordinates":[16.508274,50.039495]},"properties":{"OBJECTID":905,"INFO_TAB":"ne","KID":904,"KOS":"ano","KRYTE":"ne","MAJITEL":"Město Letohrad","MAPA":"ano","PUMPA":"ne","SAMO_SERVI":"ne","SPRAVCE":"Město Letohrad","STOJAN_KOL":"ne","TYP":"mapa","VODA":"ne","suggested_tag":"tourism=information + information=map"}},{"type":"Feature","geometry":{"type":"Point","coordinates":[16.501274,50.037213]},"properties":{"OBJECTID":906,"INFO_TAB":"ano","KID":905,"KOS":"ano","KRYTE":"ne","MAJITEL":"Město Letohrad","MAPA":"ne","PUMPA":"ne","SAMO_SERVI":"ne","SPRAVCE":"Město Letohrad","STOJAN_KOL":"ano","TYP":"lavice","VODA":"ne","suggested_tag":"amenity=bench"}},{"type":"Feature","geometry":{"type":"Point","coordinates":[16.498195,50.036253]},"properties":{"OBJECTID":907,"INFO_TAB":"ano","KID":906,"KOS":"tříděný","KRYTE":"ne","MAJITEL":"Město Letohrad","MAPA":"ne","PUMPA":"ne","SAMO_SERVI":"ne","SPRAVCE":"Město Letohrad","STOJAN_KOL":"ano","TYP":"lavice","VODA":"ne","suggested_tag":"amenity=bench"}},{"type":"Feature","geometry":{"type":"Point","coordinates":[16.501767,50.035063]},"properties":{"OBJECTID":908,"INFO_TAB":"ne","KID":907,"KOS":"tříděný","KRYTE":"ne","MAJITEL":"Město Letohrad","MAPA":"ano","PUMPA":"ne","SAMO_SERVI":"ne","SPRAVCE":"Město Letohrad","STOJAN_KOL":"ne","TYP":"mapa","VODA":"ne","suggested_tag":"tourism=information + information=map"}},{"type":"Feature","geometry":{"type":"Point","coordinates":[16.496919,50.031213]},"properties":{"OBJECTID":909,"INFO_TAB":"ne","KID":908,"KOS":"ne","KRYTE":"ne","MAJITEL":"Město Letohrad","MAPA":"ne","PUMPA":"ne","SAMO_SERVI":"ne","SPRAVCE":"Město Letohrad","STOJAN_KOL":"ne","TYP":"lavice","VODA":"ne","suggested_tag":"amenity=bench"}},{"type":"Feature","geometry":{"type":"Point","coordinates":[16.533095,50.02102]},"properties":{"OBJECTID":910,"INFO_TAB":"ne","KID":909,"KOS":"ano","KRYTE":"ano","MAJITEL":"Město Letohrad","MAPA":"ne","PUMPA":"ne","SAMO_SERVI":"ne","SPRAVCE":"Město Letohrad","STOJAN_KOL":"ne","TYP":"lavice","VODA":"ne","suggested_tag":"amenity=bench"}},{"type":"Feature","geometry":{"type":"Point","coordinates":[16.536924,50.016192]},"properties":{"OBJECTID":911,"INFO_TAB":"ne","KID":910,"KOS":"ano","KRYTE":"ne","MAJITEL":"ČR","MAPA":"ne","PUMPA":"ne","SAMO_SERVI":"ne","SPRAVCE":"Lesy České republiky, s.p.","STOJAN_KOL":"ne","TYP":"lavice","VODA":"ne","suggested_tag":"amenity=bench"}},{"type":"Feature","geometry":{"type":"Point","coordinates":[16.540018,50.009884]},"properties":{"OBJECTID":912,"INFO_TAB":"ne","KID":911,"KOS":"ano","KRYTE":"ne","MAJITEL":"Město Letohrad","MAPA":"ne","POZN":"pův. OFO","PUMPA":"ne","SAMO_SERVI":"ne","SPRAVCE":"Město Letohrad","STOJAN_KOL":"ne","TYP":"lavice","VODA":"ne","suggested_tag":"amenity=bench"}},{"type":"Feature","geometry":{"type":"Point","coordinates":[16.558834,50.002478]},"properties":{"OBJECTID":913,"INFO_TAB":"ne","KID":912,"KOS":"ne","KRYTE":"ne","MAJITEL":"ČR","MAPA":"ne","PUMPA":"ne","SAMO_SERVI":"ne","SPRAVCE":"Povodí Labe, státní podnik","STOJAN_KOL":"ne","TYP":"lavice","VODA":"ne","suggested_tag":"amenity=bench"}},{"type":"Feature","geometry":{"type":"Point","coordinates":[16.43379,49.986364]},"properties":{"OBJECTID":914,"INFO_TAB":"ne","KID":913,"KOS":"ano","KRYTE":"ano","MAJITEL":"Region Orlicko-Třebovsko","MAPA":"ne","PUMPA":"ne","SAMO_SERVI":"ne","SPRAVCE":"Region Orlicko-Třebovsko","STOJAN_KOL":"ne","TYP":"lavice se stolem","VODA":"ne","suggested_tag":"leisure=picnic_table"}},{"type":"Feature","geometry":{"type":"Point","coordinates":[16.426573,49.98614]},"properties":{"OBJECTID":915,"INFO_TAB":"ne","KID":914,"KOS":"ne","KRYTE":"ne","MAJITEL":"Město Ústí nad Orlicí","MAPA":"ne","PUMPA":"ne","SAMO_SERVI":"ne","SPRAVCE":"Město Ústí nad Orlicí","STOJAN_KOL":"ne","TYP":"lavice se stolem","VODA":"ne","suggested_tag":"leisure=picnic_table"}},{"type":"Feature","geometry":{"type":"Point","coordinates":[16.345585,50.057382]},"properties":{"OBJECTID":916,"INFO_TAB":"ne","KID":915,"KOS":"ano","KRYTE":"ano","MAJITEL":"Obec Sopotnice","MAPA":"ne","PUMPA":"ne","SAMO_SERVI":"ne","SPRAVCE":"Obec Sopotnice","STOJAN_KOL":"ne","TYP":"lavice se stolem","VODA":"ne","suggested_tag":"leisure=picnic_table"}},{"type":"Feature","geometry":{"type":"Point","coordinates":[16.345514,50.056992]},"properties":{"OBJECTID":917,"INFO_TAB":"ano","KID":916,"KOS":"ne","KRYTE":"ne","MAJITEL":"Obec Sopotnice","MAPA":"ne","PUMPA":"ne","SAMO_SERVI":"ne","SPRAVCE":"Obec Sopotnice","STOJAN_KOL":"ne","TYP":"informační tabule","VODA":"ne","suggested_tag":"tourism=information + information=board"}},{"type":"Feature","geometry":{"type":"Point","coordinates":[16.327326,50.032275]},"properties":{"OBJECTID":918,"INFO_TAB":"ne","KID":917,"KOS":"ano","KRYTE":"ano","MAJITEL":"Obec Velká Skrovnice","MAPA":"ne","POZN":"pův. OFO","PUMPA":"ne","SAMO_SERVI":"ne","SPRAVCE":"Obec Velká Skrovnice","STOJAN_KOL":"ne","TYP":"lavice se stolem","VODA":"ne","suggested_tag":"leisure=picnic_table"}},{"type":"Feature","geometry":{"type":"Point","coordinates":[16.317617,50.031463]},"properties":{"OBJECTID":919,"INFO_TAB":"ne","KID":918,"KOS":"ano","KRYTE":"ne","MAJITEL":"Pardubický kraj","MAPA":"ne","PUMPA":"ne","SAMO_SERVI":"ne","SPRAVCE":"nezjištěno","STOJAN_KOL":"ne","TYP":"lavice","VODA":"ne","suggested_tag":"amenity=bench"}},{"type":"Feature","geometry":{"type":"Point","coordinates":[16.317446,50.031573]},"properties":{"OBJECTID":920,"INFO_TAB":"ne","KID":919,"KOS":"ne","KRYTE":"ne","MAJITEL":"Obec Velká Skrovnice","MAPA":"ano","PUMPA":"ne","SAMO_SERVI":"ne","SPRAVCE":"Obec Velká Skrovnice","STOJAN_KOL":"ne","TYP":"mapa","VODA":"ne","suggested_tag":"tourism=information + information=map"}},{"type":"Feature","geometry":{"type":"Point","coordinates":[16.597494,50.089089]},"properties":{"OBJECTID":921,"INFO_TAB":"ne","KID":920,"KOS":"ne","KRYTE":"ne","MAJITEL":"Městys Mladkov","MAPA":"ano","PUMPA":"ne","SAMO_SERVI":"ne","SPRAVCE":"Městys Mladkov","STOJAN_KOL":"ne","TYP":"mapa","VODA":"ne","suggested_tag":"tourism=information + information=map"}},{"type":"Feature","geometry":{"type":"Point","coordinates":[16.532713,50.044033]},"properties":{"OBJECTID":922,"INFO_TAB":"ne","KID":921,"KOS":"ne","KRYTE":"ne","MAJITEL":"Obec Šedivec","MAPA":"ne","POZN":"pův. OFO","PUMPA":"ne","SAMO_SERVI":"ne","SPRAVCE":"Obec Šedivec","STOJAN_KOL":"ne","TYP":"lavice se stolem","VODA":"ne","suggested_tag":"leisure=picnic_table"}},{"type":"Feature","geometry":{"type":"Point","coordinates":[16.497464,50.037821]},"properties":{"OBJECTID":923,"INFO_TAB":"ne","KID":922,"KOS":"ano","KRYTE":"ne","MAJITEL":"Město Letohrad","MAPA":"ne","PUMPA":"ne","SAMO_SERVI":"ne","SPRAVCE":"Město Letohrad","STOJAN_KOL":"ne","TYP":"lavice","VODA":"ne","suggested_tag":"amenity=bench"}},{"type":"Feature","geometry":{"type":"Point","coordinates":[16.50267,50.03386]},"properties":{"OBJECTID":924,"INFO_TAB":"ne","KID":923,"KOS":"ano","KRYTE":"ne","MAJITEL":"Město Letohrad","MAPA":"ne","PUMPA":"ne","SAMO_SERVI":"ne","SPRAVCE":"Město Letohrad","STOJAN_KOL":"ne","TYP":"lavice","VODA":"ne","suggested_tag":"amenity=bench"}},{"type":"Feature","geometry":{"type":"Point","coordinates":[16.536124,50.049167]},"properties":{"OBJECTID":925,"INFO_TAB":"ne","KID":924,"KOS":"ano","KRYTE":"ne","MAJITEL":"Obec Šedivec","MAPA":"ne","PUMPA":"ne","SAMO_SERVI":"ne","SPRAVCE":"Obec Šedivec","STOJAN_KOL":"ano","TYP":"lavice","VODA":"ne","suggested_tag":"amenity=bench"}},{"type":"Feature","geometry":{"type":"Point","coordinates":[16.55505,50.068323]},"properties":{"OBJECTID":926,"INFO_TAB":"ne","KID":925,"KOS":"ne","KRYTE":"ne","MAJITEL":"Obec Nekoř","MAPA":"ne","POZN":"pův. OFO","PUMPA":"ne","SAMO_SERVI":"ne","SPRAVCE":"Obec Nekoř","STOJAN_KOL":"ne","TYP":"pramen","VODA":"ano"}},{"type":"Feature","geometry":{"type":"Point","coordinates":[16.586758,49.967981]},"properties":{"OBJECTID":927,"INFO_TAB":"ne","KID":926,"KOS":"ne","KRYTE":"ne","MAJITEL":"BDM, spol. s r.o. Horní Čermná","MAPA":"ne","PUMPA":"ne","SAMO_SERVI":"ne","SPRAVCE":"nezjištěno","STOJAN_KOL":"ne","TYP":"lavice","VODA":"ne","suggested_tag":"amenity=bench"}},{"type":"Feature","geometry":{"type":"Point","coordinates":[16.586951,49.96748]},"properties":{"OBJECTID":928,"INFO_TAB":"ne","KID":927,"KOS":"ne","KRYTE":"ne","MAJITEL":"Obec Horní Čermná","MAPA":"ne","PUMPA":"ne","SAMO_SERVI":"ne","SPRAVCE":"Obec Horní Čermná","STOJAN_KOL":"ne","TYP":"lavice","VODA":"ne","suggested_tag":"amenity=bench"}},{"type":"Feature","geometry":{"type":"Point","coordinates":[16.622374,50.010576]},"properties":{"OBJECTID":929,"INFO_TAB":"ne","KID":928,"KOS":"ne","KRYTE":"ne","MAJITEL":"Obec Bystřec","MAPA":"ne","PUMPA":"ne","SAMO_SERVI":"ne","SPRAVCE":"Obec Bystřec","STOJAN_KOL":"ne","TYP":"mapa","VODA":"ne","suggested_tag":"tourism=information + information=map"}},{"type":"Feature","geometry":{"type":"Point","coordinates":[16.596347,50.029743]},"properties":{"OBJECTID":930,"INFO_TAB":"ne","KID":929,"KOS":"ano","KRYTE":"ne","MAJITEL":"Město Jablonné nad Orlicí","MAPA":"ne","PUMPA":"ne","SAMO_SERVI":"ne","SPRAVCE":"Město Jablonné nad Orlicí","STOJAN_KOL":"ne","TYP":"lavice","VODA":"ne","suggested_tag":"amenity=bench"}},{"type":"Feature","geometry":{"type":"Point","coordinates":[16.380277,50.090667]},"properties":{"OBJECTID":931,"INFO_TAB":"ne","KID":930,"KOS":"ano","KRYTE":"ne","MAJITEL":"Obec Záchlumí","MAPA":"ne","PUMPA":"ne","SAMO_SERVI":"ne","SPRAVCE":"Obec Záchlumí","STOJAN_KOL":"ne","TYP":"lavice","VODA":"ne","suggested_tag":"amenity=bench"}},{"type":"Feature","geometry":{"type":"Point","coordinates":[16.37775,50.091007]},"properties":{"OBJECTID":932,"INFO_TAB":"ano","KID":931,"KOS":"ano","KRYTE":"ne","MAJITEL":"Obec Záchlumí","MAPA":"ne","PUMPA":"ne","SAMO_SERVI":"ne","SPRAVCE":"Obec Záchlumí","STOJAN_KOL":"ne","TYP":"lavice","VODA":"ne","suggested_tag":"amenity=bench"}},{"type":"Feature","geometry":{"type":"Point","coordinates":[16.351254,50.088056]},"properties":{"OBJECTID":933,"INFO_TAB":"ano","KID":932,"KOS":"ne","KRYTE":"ne","MAJITEL":"Obec Záchlumí","MAPA":"ne","PUMPA":"ne","SAMO_SERVI":"ne","SPRAVCE":"Obec Záchlumí","STOJAN_KOL":"ne","TYP":"lavice","VODA":"ne","suggested_tag":"amenity=bench"}},{"type":"Feature","geometry":{"type":"Point","coordinates":[16.347014,50.086684]},"properties":{"OBJECTID":934,"INFO_TAB":"ne","KID":933,"KOS":"ne","KRYTE":"ne","MAJITEL":"Obec Záchlumí","MAPA":"ne","POZN":"pův. OFO","PUMPA":"ne","SAMO_SERVI":"ne","SPRAVCE":"Obec Záchlumí","STOJAN_KOL":"ne","TYP":"lavice","VODA":"ne","suggested_tag":"amenity=bench"}},{"type":"Feature","geometry":{"type":"Point","coordinates":[16.500216,50.119221]},"properties":{"OBJECTID":935,"INFO_TAB":"ne","KID":934,"KOS":"ano","KRYTE":"ne","MAJITEL":"Městys Kunvald","MAPA":"ne","PUMPA":"ne","SAMO_SERVI":"ne","SPRAVCE":"Městys Kunvald","STOJAN_KOL":"ne","TYP":"lavice","VODA":"ne","suggested_tag":"amenity=bench"}},{"type":"Feature","geometry":{"type":"Point","coordinates":[16.500467,50.127934]},"properties":{"OBJECTID":936,"INFO_TAB":"ano","KID":935,"KOS":"ne","KRYTE":"ne","MAJITEL":"Městys Kunvald","MAPA":"ano","PUMPA":"ne","SAMO_SERVI":"ne","SPRAVCE":"Městys Kunvald","STOJAN_KOL":"ne","TYP":"tabule","VODA":"ne"}},{"type":"Feature","geometry":{"type":"Point","coordinates":[16.502315,50.121553]},"properties":{"OBJECTID":937,"INFO_TAB":"ne","KID":936,"KOS":"ne","KRYTE":"ne","MAJITEL":"Městys Kunvald","MAPA":"ano","PUMPA":"ne","SAMO_SERVI":"ne","SPRAVCE":"Městys Kunvald","STOJAN_KOL":"ne","TYP":"lavice","VODA":"ne","suggested_tag":"amenity=bench"}},{"type":"Feature","geometry":{"type":"Point","coordinates":[16.495343,50.11386]},"properties":{"OBJECTID":938,"INFO_TAB":"ano","KID":937,"KOS":"ano","KRYTE":"ne","MAJITEL":"Městys Kunvald","MAPA":"ne","PUMPA":"ne","SAMO_SERVI":"ne","SPRAVCE":"Městys Kunvald","STOJAN_KOL":"ne","TYP":"lavice se stolem","VODA":"ne","suggested_tag":"leisure=picnic_table"}},{"type":"Feature","geometry":{"type":"Point","coordinates":[16.477864,50.085852]},"properties":{"OBJECTID":939,"INFO_TAB":"ne","KID":938,"KOS":"ano","KRYTE":"ne","MAJITEL":"Město Žamberk","MAPA":"ne","POZN":"opěrný stojan","PUMPA":"ne","SAMO_SERVI":"ne","SPRAVCE":"Město Žamberk","STOJAN_KOL":"ano","TYP":"lavice se stolem","VODA":"ne","suggested_tag":"leisure=picnic_table"}},{"type":"Feature","geometry":{"type":"Point","coordinates":[16.473213,50.086264]},"properties":{"OBJECTID":940,"INFO_TAB":"ano","KID":939,"KOS":"ne","KRYTE":"ne","MAJITEL":"Město Žamberk","MAPA":"ne","PUMPA":"ne","SAMO_SERVI":"ne","SPRAVCE":"Město Žamberk","STOJAN_KOL":"ne","TYP":"informační tabule","VODA":"ne","suggested_tag":"tourism=information + information=board"}},{"type":"Feature","geometry":{"type":"Point","coordinates":[16.485977,50.086431]},"properties":{"OBJECTID":941,"INFO_TAB":"ne","KID":940,"KOS":"ano","KRYTE":"ne","MAJITEL":"Město Žamberk","MAPA":"ne","POZN":"opěrný stojan","PUMPA":"ne","SAMO_SERVI":"ne","SPRAVCE":"Město Žamberk","STOJAN_KOL":"ano","TYP":"lavice se stolem","VODA":"ne","suggested_tag":"leisure=picnic_table"}},{"type":"Feature","geometry":{"type":"Point","coordinates":[16.510559,50.080615]},"properties":{"OBJECTID":942,"INFO_TAB":"ne","KID":941,"KOS":"ne","KRYTE":"ne","MAJITEL":"Tělocvičná jednota Sokol Líšnice","MAPA":"ne","PUMPA":"ne","SAMO_SERVI":"ne","SPRAVCE":"nezjištěno","STOJAN_KOL":"ne","TYP":"mapa","VODA":"ne","suggested_tag":"tourism=information + information=map"}},{"type":"Feature","geometry":{"type":"Point","coordinates":[16.519993,50.07161]},"properties":{"OBJECTID":943,"INFO_TAB":"ne","KID":942,"KOS":"ano","KRYTE":"ano","MAJITEL":"Obec Líšnice","MAPA":"ne","POZN":"pův. OFO","PUMPA":"ne","SAMO_SERVI":"ne","SPRAVCE":"Obec Líšnice","STOJAN_KOL":"ano","TYP":"lavice","VODA":"ne","suggested_tag":"amenity=bench"}},{"type":"Feature","geometry":{"type":"Point","coordinates":[16.53978,50.064824]},"properties":{"OBJECTID":944,"INFO_TAB":"ano","KID":943,"KOS":"ne","KRYTE":"ne","MAJITEL":"Pardubický kraj","MAPA":"ne","PUMPA":"ne","SAMO_SERVI":"ne","SPRAVCE":"nezjištěno","STOJAN_KOL":"ne","TYP":"informační tabule","VODA":"ne","suggested_tag":"tourism=information + information=board"}},{"type":"Feature","geometry":{"type":"Point","coordinates":[15.701796,50.021567]},"properties":{"OBJECTID":945,"INFO_TAB":"ne","KID":944,"KOS":"ano","KRYTE":"ne","MAJITEL":"CZ STAVEBNÍ HOLDING, a.s.","MAPA":"ne","PUMPA":"ne","SAMO_SERVI":"ne","SPRAVCE":"nezjištěno","STOJAN_KOL":"ne","TYP":"lavice","VODA":"ne","suggested_tag":"amenity=bench"}},{"type":"Feature","geometry":{"type":"Point","coordinates":[15.705795,50.021676]},"properties":{"OBJECTID":946,"INFO_TAB":"ne","KID":945,"KOS":"ano","KRYTE":"ne","MAJITEL":"Statutární město Pardubice","MAPA":"ne","PUMPA":"ne","SAMO_SERVI":"ne","SPRAVCE":"Statutární město Pardubice","STOJAN_KOL":"ne","TYP":"lavice","VODA":"ne","suggested_tag":"amenity=bench"}},{"type":"Feature","geometry":{"type":"Point","coordinates":[15.709237,50.021045]},"properties":{"OBJECTID":947,"INFO_TAB":"ne","KID":946,"KOS":"ne","KRYTE":"ne","MAJITEL":"Statutární město Pardubice","MAPA":"ne","PUMPA":"ne","SAMO_SERVI":"ne","SPRAVCE":"Statutární město Pardubice","STOJAN_KOL":"ne","TYP":"lavice","VODA":"ne","suggested_tag":"amenity=bench"}},{"type":"Feature","geometry":{"type":"Point","coordinates":[15.713437,50.021466]},"properties":{"OBJECTID":948,"INFO_TAB":"ne","KID":947,"KOS":"ano","KRYTE":"ne","MAJITEL":"Statutární město Pardubice","MAPA":"ne","PUMPA":"ne","SAMO_SERVI":"ne","SPRAVCE":"Statutární město Pardubice","STOJAN_KOL":"ne","TYP":"lavice","VODA":"ne","suggested_tag":"amenity=bench"}},{"type":"Feature","geometry":{"type":"Point","coordinates":[15.716384,50.021849]},"properties":{"OBJECTID":949,"INFO_TAB":"ne","KID":948,"KOS":"ano","KRYTE":"ne","MAJITEL":"Statutární město Pardubice","MAPA":"ne","PUMPA":"ne","SAMO_SERVI":"ne","SPRAVCE":"Statutární město Pardubice","STOJAN_KOL":"ne","TYP":"lavice","VODA":"ne","suggested_tag":"amenity=bench"}},{"type":"Feature","geometry":{"type":"Point","coordinates":[15.722739,50.024897]},"properties":{"OBJECTID":950,"INFO_TAB":"ne","KID":949,"KOS":"ano","KRYTE":"ne","MAJITEL":"Statutární město Pardubice","MAPA":"ne","PUMPA":"ne","SAMO_SERVI":"ne","SPRAVCE":"Statutární město Pardubice","STOJAN_KOL":"ne","TYP":"lavice","VODA":"ne","suggested_tag":"amenity=bench"}},{"type":"Feature","geometry":{"type":"Point","coordinates":[15.752672,50.023492]},"properties":{"OBJECTID":951,"INFO_TAB":"ne","KID":950,"KOS":"ne","KRYTE":"ne","MAJITEL":"Statutární město Pardubice","MAPA":"ne","PUMPA":"ne","SAMO_SERVI":"ne","SPRAVCE":"Statutární město Pardubice","STOJAN_KOL":"ne","TYP":"lavice","VODA":"ne","suggested_tag":"amenity=bench"}},{"type":"Feature","geometry":{"type":"Point","coordinates":[15.754389,50.021195]},"properties":{"OBJECTID":952,"INFO_TAB":"ne","KID":951,"KOS":"ne","KRYTE":"ne","MAJITEL":"Statutární město Pardubice","MAPA":"ne","PUMPA":"ne","SAMO_SERVI":"ne","SPRAVCE":"Statutární město Pardubice","STOJAN_KOL":"ne","TYP":"lavice","VODA":"ne","suggested_tag":"amenity=bench"}},{"type":"Feature","geometry":{"type":"Point","coordinates":[15.754713,50.020393]},"properties":{"OBJECTID":953,"INFO_TAB":"ne","KID":952,"KOS":"ne","KRYTE":"ne","MAJITEL":"Statutární město Pardubice","MAPA":"ne","PUMPA":"ne","SAMO_SERVI":"ne","SPRAVCE":"Statutární město Pardubice","STOJAN_KOL":"ano","TYP":"lavice","VODA":"ne","suggested_tag":"amenity=bench"}},{"type":"Feature","geometry":{"type":"Point","coordinates":[15.752431,50.02533]},"properties":{"OBJECTID":954,"INFO_TAB":"ne","KID":953,"KOS":"ne","KRYTE":"ne","MAJITEL":"Statutární město Pardubice","MAPA":"ne","PUMPA":"ne","SAMO_SERVI":"ne","SPRAVCE":"Statutární město Pardubice","STOJAN_KOL":"ne","TYP":"lavice","VODA":"ne","suggested_tag":"amenity=bench"}},{"type":"Feature","geometry":{"type":"Point","coordinates":[16.118174,49.77302]},"properties":{"OBJECTID":955,"INFO_TAB":"ne","KID":954,"KOS":"ne","KRYTE":"ne","MAJITEL":"GERIMO s.r.o.","MAPA":"ne","PUMPA":"ne","SAMO_SERVI":"ne","SPRAVCE":"nezjištěno","STOJAN_KOL":"ano","TYP":"lavice","VODA":"ano","suggested_tag":"amenity=bench"}},{"type":"Feature","geometry":{"type":"Point","coordinates":[16.104844,49.779249]},"properties":{"OBJECTID":956,"INFO_TAB":"ne","KID":955,"KOS":"ano","KRYTE":"ne","MAJITEL":"Obec Martinice","MAPA":"ano","POZN":"pův. OFO","PUMPA":"ne","SAMO_SERVI":"ne","SPRAVCE":"Obec Martinice","STOJAN_KOL":"ne","TYP":"mapa","VODA":"ne","suggested_tag":"tourism=information + information=map"}},{"type":"Feature","geometry":{"type":"Point","coordinates":[16.090476,49.774311]},"properties":{"OBJECTID":957,"INFO_TAB":"ne","KID":956,"KOS":"ne","KRYTE":"ne","MAJITEL":"Obec Krouna","MAPA":"ne","POZN":"pův. OFO","PUMPA":"ne","SAMO_SERVI":"ne","SPRAVCE":"Obec Krouna","STOJAN_KOL":"ne","TYP":"lavice","VODA":"ne","suggested_tag":"amenity=bench"}},{"type":"Feature","geometry":{"type":"Point","coordinates":[16.068214,49.774932]},"properties":{"OBJECTID":958,"INFO_TAB":"ano","KID":957,"KOS":"ne","KRYTE":"ne","MAJITEL":"Obec Krouna","MAPA":"ne","PUMPA":"ne","SAMO_SERVI":"ne","SPRAVCE":"Obec Krouna","STOJAN_KOL":"ne","TYP":"informační tabule","VODA":"ne","suggested_tag":"tourism=information + information=board"}},{"type":"Feature","geometry":{"type":"Point","coordinates":[16.062142,49.821322]},"properties":{"OBJECTID":959,"INFO_TAB":"ne","KID":958,"KOS":"ne","KRYTE":"ne","MAJITEL":"Pardubický kraj","MAPA":"ano","PUMPA":"ne","SAMO_SERVI":"ne","SPRAVCE":"nezjištěno","STOJAN_KOL":"ne","TYP":"mapa","VODA":"ne","suggested_tag":"tourism=information + information=map"}},{"type":"Feature","geometry":{"type":"Point","coordinates":[16.079628,49.828739]},"properties":{"OBJECTID":960,"INFO_TAB":"ne","KID":959,"KOS":"ne","KRYTE":"ne","MAJITEL":"Zderaz, zemědělské družstvo","MAPA":"ne","PUMPA":"ne","SAMO_SERVI":"ne","SPRAVCE":"nezjištěno","STOJAN_KOL":"ne","TYP":"lavice","VODA":"ne","suggested_tag":"amenity=bench"}},{"type":"Feature","geometry":{"type":"Point","coordinates":[16.063558,49.802517]},"properties":{"OBJECTID":961,"INFO_TAB":"ano","KID":960,"KOS":"ne","KRYTE":"ne","MAJITEL":"Město Proseč","MAPA":"ne","PUMPA":"ne","SAMO_SERVI":"ne","SPRAVCE":"Město Proseč","STOJAN_KOL":"ano","TYP":"lavice","VODA":"ne","suggested_tag":"amenity=bench"}},{"type":"Feature","geometry":{"type":"Point","coordinates":[16.062603,49.799894]},"properties":{"OBJECTID":962,"INFO_TAB":"ano","KID":961,"KOS":"ano","KRYTE":"ne","MAJITEL":"Duha Miřetín","MAPA":"ano","PUMPA":"ne","SAMO_SERVI":"ne","SPRAVCE":"nezjištěno","STOJAN_KOL":"ano","TYP":"lavice","VODA":"ne","suggested_tag":"amenity=bench"}},{"type":"Feature","geometry":{"type":"Point","coordinates":[16.06214,49.798117]},"properties":{"OBJECTID":963,"INFO_TAB":"ne","KID":962,"KOS":"ne","KRYTE":"ne","MAJITEL":"Duha Miřetín","MAPA":"ano","PUMPA":"ne","SAMO_SERVI":"ne","SPRAVCE":"nezjištěno","STOJAN_KOL":"ne","TYP":"mapa","VODA":"ne","suggested_tag":"tourism=information + information=map"}},{"type":"Feature","geometry":{"type":"Point","coordinates":[16.109763,49.798134]},"properties":{"OBJECTID":964,"INFO_TAB":"ano","KID":963,"KOS":"ne","KRYTE":"ne","MAJITEL":"Město Proseč","MAPA":"ne","PUMPA":"ne","SAMO_SERVI":"ne","SPRAVCE":"Město Proseč","STOJAN_KOL":"ne","TYP":"informační tabule","VODA":"ne","suggested_tag":"tourism=information + information=board"}},{"type":"Feature","geometry":{"type":"Point","coordinates":[16.106146,49.789022]},"properties":{"OBJECTID":965,"INFO_TAB":"ne","KID":964,"KOS":"ne","KRYTE":"ne","MAJITEL":"Město Proseč","MAPA":"ne","PUMPA":"ne","SAMO_SERVI":"ne","SPRAVCE":"Město Proseč","STOJAN_KOL":"ne","TYP":"lavice","VODA":"ne","suggested_tag":"amenity=bench"}},{"type":"Feature","geometry":{"type":"Point","coordinates":[16.105014,49.786815]},"properties":{"OBJECTID":966,"INFO_TAB":"ano","KID":965,"KOS":"ne","KRYTE":"ne","MAJITEL":"Město Proseč","MAPA":"ne","POZN":"pův. OFO","PUMPA":"ne","SAMO_SERVI":"ne","SPRAVCE":"Město Proseč","STOJAN_KOL":"ne","TYP":"informační tabule","VODA":"ne","suggested_tag":"tourism=information + information=board"}},{"type":"Feature","geometry":{"type":"Point","coordinates":[16.115056,49.783135]},"properties":{"OBJECTID":967,"INFO_TAB":"ano","KID":966,"KOS":"ne","KRYTE":"ne","MAJITEL":"GERIMO s.r.o.","MAPA":"ne","PUMPA":"ne","SAMO_SERVI":"ne","SPRAVCE":"nezjištěno","STOJAN_KOL":"ne","TYP":"informační tabule","VODA":"ne","suggested_tag":"tourism=information + information=board"}},{"type":"Feature","geometry":{"type":"Point","coordinates":[16.116384,49.808161]},"properties":{"OBJECTID":968,"INFO_TAB":"ne","KID":967,"KOS":"ne","KRYTE":"ne","MAJITEL":"Město Proseč","MAPA":"ne","PUMPA":"ano","SAMO_SERVI":"ano","SPRAVCE":"Město Proseč","STOJAN_KOL":"ne","TYP":"samoobslužný servis","VODA":"ne","suggested_tag":"amenity=bicycle_repair_station"}},{"type":"Feature","geometry":{"type":"Point","coordinates":[16.102781,49.822821]},"properties":{"OBJECTID":969,"INFO_TAB":"ne","KID":968,"KOS":"ne","KRYTE":"ne","MAJITEL":"R E N O S P O N D, s.r.o.","MAPA":"ano","PUMPA":"ne","SAMO_SERVI":"ne","SPRAVCE":"nezjištěno","STOJAN_KOL":"ne","TYP":"mapa","VODA":"ne","suggested_tag":"tourism=information + information=map"}},{"type":"Feature","geometry":{"type":"Point","coordinates":[16.106532,49.823845]},"properties":{"OBJECTID":970,"INFO_TAB":"ne","KID":969,"KOS":"ne","KRYTE":"ano","MAJITEL":"Obec Zderaz","MAPA":"ne","POZN":"pův. OFO","PUMPA":"ne","SAMO_SERVI":"ne","SPRAVCE":"Obec Zderaz","STOJAN_KOL":"ano","TYP":"lavice","VODA":"ne","suggested_tag":"amenity=bench"}},{"type":"Feature","geometry":{"type":"Point","coordinates":[16.103211,49.82592]},"properties":{"OBJECTID":971,"INFO_TAB":"ano","KID":970,"KOS":"ne","KRYTE":"ano","MAJITEL":"Obec Zderaz","MAPA":"ano","POZN":"pův. OFO","PUMPA":"ne","SAMO_SERVI":"ne","SPRAVCE":"Obec Zderaz","STOJAN_KOL":"ne","TYP":"lavice se stolem","VODA":"ne","suggested_tag":"leisure=picnic_table"}},{"type":"Feature","geometry":{"type":"Point","coordinates":[16.101494,49.828933]},"properties":{"OBJECTID":972,"INFO_TAB":"ne","KID":971,"KOS":"ano","KRYTE":"ne","MAJITEL":"Obec Zderaz","MAPA":"ano","PUMPA":"ne","SAMO_SERVI":"ne","SPRAVCE":"Obec Zderaz","STOJAN_KOL":"ne","TYP":"lavice","VODA":"ne","suggested_tag":"amenity=bench"}},{"type":"Feature","geometry":{"type":"Point","coordinates":[16.081617,49.860342]},"properties":{"OBJECTID":973,"INFO_TAB":"ne","KID":972,"KOS":"ne","KRYTE":"ne","MAJITEL":"ČR","MAPA":"ne","PUMPA":"ne","SAMO_SERVI":"ne","SPRAVCE":"Lesy České republiky, s.p.","STOJAN_KOL":"ne","TYP":"studánka","VODA":"ano"}},{"type":"Feature","geometry":{"type":"Point","coordinates":[16.079631,49.863299]},"properties":{"OBJECTID":974,"INFO_TAB":"ne","KID":973,"KOS":"ne","KRYTE":"ne","MAJITEL":"Město Luže","MAPA":"ne","POZN":"pův. OFO","PUMPA":"ne","SAMO_SERVI":"ne","SPRAVCE":"Město Luže","STOJAN_KOL":"ne","TYP":"lavice","VODA":"ano","suggested_tag":"amenity=bench"}},{"type":"Feature","geometry":{"type":"Point","coordinates":[16.090823,49.863195]},"properties":{"OBJECTID":975,"INFO_TAB":"ne","KID":974,"KOS":"ne","KRYTE":"ne","MAJITEL":"Obec Leština","MAPA":"ano","PUMPA":"ne","SAMO_SERVI":"ne","SPRAVCE":"Obec Leština","STOJAN_KOL":"ne","TYP":"mapa","VODA":"ne","suggested_tag":"tourism=information + information=map"}},{"type":"Feature","geometry":{"type":"Point","coordinates":[16.085219,49.859398]},"properties":{"OBJECTID":976,"INFO_TAB":"ne","KID":975,"KOS":"ne","KRYTE":"ne","MAJITEL":"Zderaz, zemědělské družstvo","MAPA":"ne","PUMPA":"ne","SAMO_SERVI":"ne","SPRAVCE":"nezjištěno","STOJAN_KOL":"ne","TYP":"lavice","VODA":"ne","suggested_tag":"amenity=bench"}},{"type":"Feature","geometry":{"type":"Point","coordinates":[16.086115,49.852432]},"properties":{"OBJECTID":977,"INFO_TAB":"ne","KID":976,"KOS":"ne","KRYTE":"ne","MAJITEL":"Zderaz, zemědělské družstvo","MAPA":"ne","PUMPA":"ne","SAMO_SERVI":"ne","SPRAVCE":"nezjištěno","STOJAN_KOL":"ne","TYP":"lavice","VODA":"ne","suggested_tag":"amenity=bench"}},{"type":"Feature","geometry":{"type":"Point","coordinates":[16.087756,49.852296]},"properties":{"OBJECTID":978,"INFO_TAB":"ne","KID":977,"KOS":"ne","KRYTE":"ne","MAJITEL":"Obec Hluboká","MAPA":"ne","POZN":"pův. OFO","PUMPA":"ne","SAMO_SERVI":"ne","SPRAVCE":"Obec Hluboká","STOJAN_KOL":"ne","TYP":"lavice","VODA":"ne","suggested_tag":"amenity=bench"}},{"type":"Feature","geometry":{"type":"Point","coordinates":[16.098776,49.854411]},"properties":{"OBJECTID":979,"INFO_TAB":"ano","KID":978,"KOS":"ne","KRYTE":"ne","MAJITEL":"Obec Hluboká","MAPA":"ne","PUMPA":"ne","SAMO_SERVI":"ne","SPRAVCE":"Obec Hluboká","STOJAN_KOL":"ne","TYP":"informační tabule","VODA":"ne","suggested_tag":"tourism=information + information=board"}},{"type":"Feature","geometry":{"type":"Point","coordinates":[16.095826,49.82501]},"properties":{"OBJECTID":980,"INFO_TAB":"ne","KID":979,"KOS":"ne","KRYTE":"ne","MAJITEL":"Obec Zderaz","MAPA":"ano","PUMPA":"ne","SAMO_SERVI":"ne","SPRAVCE":"Obec Zderaz","STOJAN_KOL":"ne","TYP":"lavice","VODA":"ne","suggested_tag":"amenity=bench"}},{"type":"Feature","geometry":{"type":"Point","coordinates":[16.114516,49.805676]},"properties":{"OBJECTID":981,"INFO_TAB":"ano","KID":980,"KOS":"ne","KRYTE":"ne","MAJITEL":"Město Proseč","MAPA":"ne","PUMPA":"ne","SAMO_SERVI":"ne","SPRAVCE":"Město Proseč","STOJAN_KOL":"ne","TYP":"informační tabule","VODA":"ne","suggested_tag":"tourism=information + information=board"}},{"type":"Feature","geometry":{"type":"Point","coordinates":[16.113818,49.805648]},"properties":{"OBJECTID":982,"INFO_TAB":"ano","KID":981,"KOS":"ne","KRYTE":"ne","MAJITEL":"Město Proseč","MAPA":"ne","PUMPA":"ne","SAMO_SERVI":"ne","SPRAVCE":"Město Proseč","STOJAN_KOL":"ne","TYP":"informační tabule","VODA":"ne","suggested_tag":"tourism=information + information=board"}},{"type":"Feature","geometry":{"type":"Point","coordinates":[16.112773,49.805523]},"properties":{"OBJECTID":983,"INFO_TAB":"ano","KID":982,"KOS":"ne","KRYTE":"ne","MAJITEL":"Město Proseč","MAPA":"ne","PUMPA":"ne","SAMO_SERVI":"ne","SPRAVCE":"Město Proseč","STOJAN_KOL":"ne","TYP":"informační tabule","VODA":"ne","suggested_tag":"tourism=information + information=board"}},{"type":"Feature","geometry":{"type":"Point","coordinates":[16.124108,49.818115]},"properties":{"OBJECTID":984,"INFO_TAB":"ano","KID":983,"KOS":"ne","KRYTE":"ne","MAJITEL":"Obec Bor u Skutče","MAPA":"ne","POZN":"pův. OFO","PUMPA":"ne","SAMO_SERVI":"ne","SPRAVCE":"Obec Bor u Skutče","STOJAN_KOL":"ne","TYP":"informační tabule","VODA":"ne","suggested_tag":"tourism=information + information=board"}},{"type":"Feature","geometry":{"type":"Point","coordinates":[16.12687,49.822473]},"properties":{"OBJECTID":985,"INFO_TAB":"ano","KID":984,"KOS":"ne","KRYTE":"ano","MAJITEL":"Obec Bor u Skutče","MAPA":"ne","PUMPA":"ne","SAMO_SERVI":"ne","SPRAVCE":"Obec Bor u Skutče","STOJAN_KOL":"ne","TYP":"lavice se stolem","VODA":"ne","suggested_tag":"leisure=picnic_table"}},{"type":"Feature","geometry":{"type":"Point","coordinates":[16.127763,49.822714]},"properties":{"OBJECTID":986,"INFO_TAB":"ne","KID":985,"KOS":"ne","KRYTE":"ne","MAJITEL":"Pardubický kraj","MAPA":"ano","PUMPA":"ne","SAMO_SERVI":"ne","SPRAVCE":"nezjištěno","STOJAN_KOL":"ne","TYP":"lavice","VODA":"ne","suggested_tag":"amenity=bench"}},{"type":"Feature","geometry":{"type":"Point","coordinates":[16.09759,49.875006]},"properties":{"OBJECTID":987,"INFO_TAB":"ne","KID":986,"KOS":"ne","KRYTE":"ne","MAJITEL":"Obec Leština","MAPA":"ne","PUMPA":"ne","SAMO_SERVI":"ne","SPRAVCE":"Obec Leština","STOJAN_KOL":"ne","TYP":"lavice se stolem","VODA":"ne","suggested_tag":"leisure=picnic_table"}},{"type":"Feature","geometry":{"type":"Point","coordinates":[16.117393,49.867756]},"properties":{"OBJECTID":988,"INFO_TAB":"ne","KID":987,"KOS":"ne","KRYTE":"ne","MAJITEL":"Obec Leština","MAPA":"ano","PUMPA":"ne","SAMO_SERVI":"ne","SPRAVCE":"Obec Leština","STOJAN_KOL":"ne","TYP":"mapa","VODA":"ne","suggested_tag":"tourism=information + information=map"}},{"type":"Feature","geometry":{"type":"Point","coordinates":[16.118675,49.867451]},"properties":{"OBJECTID":989,"INFO_TAB":"ne","KID":988,"KOS":"ne","KRYTE":"ne","MAJITEL":"Obec Leština","MAPA":"ano","PUMPA":"ne","SAMO_SERVI":"ne","SPRAVCE":"Obec Leština","STOJAN_KOL":"ne","TYP":"lavice se stolem","VODA":"ne","suggested_tag":"leisure=picnic_table"}},{"type":"Feature","geometry":{"type":"Point","coordinates":[16.144812,49.862927]},"properties":{"OBJECTID":990,"INFO_TAB":"ne","KID":989,"KOS":"ne","KRYTE":"ne","MAJITEL":"Obec Příluka","MAPA":"ne","POZN":"pův. OFO","PUMPA":"ne","SAMO_SERVI":"ne","SPRAVCE":"Obec Příluka","STOJAN_KOL":"ne","TYP":"lavice","VODA":"ne","suggested_tag":"amenity=bench"}},{"type":"Feature","geometry":{"type":"Point","coordinates":[16.155161,49.864678]},"properties":{"OBJECTID":991,"INFO_TAB":"ne","KID":990,"KOS":"ano","KRYTE":"ne","MAJITEL":"Obec Příluka","MAPA":"ano","PUMPA":"ne","SAMO_SERVI":"ne","SPRAVCE":"Obec Příluka","STOJAN_KOL":"ne","TYP":"lavice","VODA":"ne","suggested_tag":"amenity=bench"}},{"type":"Feature","geometry":{"type":"Point","coordinates":[16.161011,49.838372]},"properties":{"OBJECTID":992,"INFO_TAB":"ne","KID":991,"KOS":"ne","KRYTE":"ne","MAJITEL":"Obec Nová Ves u Jarošova","MAPA":"ano","PUMPA":"ne","SAMO_SERVI":"ne","SPRAVCE":"Obec Nová Ves u Jarošova","STOJAN_KOL":"ne","TYP":"mapa","VODA":"ne","suggested_tag":"tourism=information + information=map"}},{"type":"Feature","geometry":{"type":"Point","coordinates":[16.127806,49.844989]},"properties":{"OBJECTID":993,"INFO_TAB":"ne","KID":992,"KOS":"ne","KRYTE":"ne","MAJITEL":"Obec Nové Hrady","MAPA":"ano","POZN":"pův. OFO","PUMPA":"ne","SAMO_SERVI":"ne","SPRAVCE":"Obec Nové Hrady","STOJAN_KOL":"ne","TYP":"mapa","VODA":"ne","suggested_tag":"tourism=information + information=map"}},{"type":"Feature","geometry":{"type":"Point","coordinates":[16.141761,49.839852]},"properties":{"OBJECTID":994,"INFO_TAB":"ano","KID":993,"KOS":"ne","KRYTE":"ano","MAJITEL":"Obec Nové Hrady","MAPA":"ne","PUMPA":"ne","SAMO_SERVI":"ne","SPRAVCE":"Obec Nové Hrady","STOJAN_KOL":"ne","TYP":"lavice se stolem","VODA":"ne","suggested_tag":"leisure=picnic_table"}},{"type":"Feature","geometry":{"type":"Point","coordinates":[16.148139,49.839162]},"properties":{"OBJECTID":995,"INFO_TAB":"ano","KID":994,"KOS":"ne","KRYTE":"ano","MAJITEL":"Obec Nová Ves u Jarošova","MAPA":"ne","PUMPA":"ne","SAMO_SERVI":"ne","SPRAVCE":"Obec Nová Ves u Jarošova","STOJAN_KOL":"ne","TYP":"lavice se stolem","VODA":"ne","suggested_tag":"leisure=picnic_table"}},{"type":"Feature","geometry":{"type":"Point","coordinates":[16.152517,49.830146]},"properties":{"OBJECTID":996,"INFO_TAB":"ne","KID":995,"KOS":"ne","KRYTE":"ne","MAJITEL":"Obec Nová Ves u Jarošova","MAPA":"ano","PUMPA":"ne","SAMO_SERVI":"ano","SPRAVCE":"Obec Nová Ves u Jarošova","STOJAN_KOL":"ne","TYP":"lavice","VODA":"ne","suggested_tag":"amenity=bench"}},{"type":"Feature","geometry":{"type":"Point","coordinates":[16.152581,49.830278]},"properties":{"OBJECTID":997,"INFO_TAB":"ne","KID":997,"KOS":"ne","KRYTE":"ne","MAJITEL":"Obec Nová Ves u Jarošova","MAPA":"ne","PUMPA":"ne","SAMO_SERVI":"ne","SPRAVCE":"Obec Nová Ves u Jarošova","STOJAN_KOL":"ne","TYP":"lavice","VODA":"ne","suggested_tag":"amenity=bench"}},{"type":"Feature","geometry":{"type":"Point","coordinates":[16.150973,49.827555]},"properties":{"OBJECTID":998,"INFO_TAB":"ne","KID":998,"KOS":"ne","KRYTE":"ne","MAJITEL":"Obec Jarošov","MAPA":"ano","PUMPA":"ne","SAMO_SERVI":"ne","SPRAVCE":"Obec Jarošov","STOJAN_KOL":"ne","TYP":"mapa","VODA":"ne","suggested_tag":"tourism=information + information=map"}},{"type":"Feature","geometry":{"type":"Point","coordinates":[16.150484,49.8286]},"properties":{"OBJECTID":999,"INFO_TAB":"ne","KID":999,"KOS":"ne","KRYTE":"ne","MAJITEL":"Obec Jarošov","MAPA":"ano","PUMPA":"ne","SAMO_SERVI":"ne","SPRAVCE":"Obec Jarošov","STOJAN_KOL":"ne","TYP":"mapa","VODA":"ne","suggested_tag":"tourism=information + information=map"}},{"type":"Feature","geometry":{"type":"Point","coordinates":[16.148202,49.827672]},"properties":{"OBJECTID":1000,"INFO_TAB":"ano","KID":1000,"KOS":"ne","KRYTE":"ano","MAJITEL":"Obec Nová Ves u Jarošova","MAPA":"ne","PUMPA":"ne","SAMO_SERVI":"ne","SPRAVCE":"Obec Nová Ves u Jarošova","STOJAN_KOL":"ne","TYP":"lavice se stolem","VODA":"ne","suggested_tag":"leisure=picnic_table"}},{"type":"Feature","geometry":{"type":"Point","coordinates":[16.130551,49.82099]},"properties":{"OBJECTID":1001,"INFO_TAB":"ne","KID":1001,"KOS":"ne","KRYTE":"ano","MAJITEL":"Obec Bor u Skutče","MAPA":"ano","PUMPA":"ne","SAMO_SERVI":"ne","SPRAVCE":"Obec Bor u Skutče","STOJAN_KOL":"ne","TYP":"lavice se stolem","VODA":"ne","suggested_tag":"leisure=picnic_table"}},{"type":"Feature","geometry":{"type":"Point","coordinates":[16.126194,49.809516]},"properties":{"OBJECTID":1002,"INFO_TAB":"ne","KID":1002,"KOS":"ne","KRYTE":"ano","MAJITEL":"Město Proseč","MAPA":"ano","POZN":"pův. OFO","PUMPA":"ne","SAMO_SERVI":"ne","SPRAVCE":"Město Proseč","STOJAN_KOL":"ne","TYP":"lavice se stolem","VODA":"ne","suggested_tag":"leisure=picnic_table"}},{"type":"Feature","geometry":{"type":"Point","coordinates":[16.151269,49.826022]},"properties":{"OBJECTID":1003,"INFO_TAB":"ano","KID":1003,"KOS":"ne","KRYTE":"ano","MAJITEL":"Obec Jarošov","MAPA":"ne","POZN":"pův. OFO","PUMPA":"ne","SAMO_SERVI":"ne","SPRAVCE":"Obec Jarošov","STOJAN_KOL":"ne","TYP":"lavice se stolem","VODA":"ne","suggested_tag":"leisure=picnic_table"}},{"type":"Feature","geometry":{"type":"Point","coordinates":[16.161214,49.825308]},"properties":{"OBJECTID":1004,"INFO_TAB":"ano","KID":1004,"KOS":"ne","KRYTE":"ano","MAJITEL":"Obec Jarošov","MAPA":"ne","PUMPA":"ne","SAMO_SERVI":"ne","SPRAVCE":"Obec Jarošov","STOJAN_KOL":"ne","TYP":"lavice se stolem","VODA":"ne","suggested_tag":"leisure=picnic_table"}},{"type":"Feature","geometry":{"type":"Point","coordinates":[16.163049,49.824874]},"properties":{"OBJECTID":1005,"INFO_TAB":"ne","KID":1005,"KOS":"ne","KRYTE":"ne","MAJITEL":"Obec Jarošov","MAPA":"ano","POZN":"pův. OFO","PUMPA":"ne","SAMO_SERVI":"ne","SPRAVCE":"Obec Jarošov","STOJAN_KOL":"ne","TYP":"mapa","VODA":"ne","suggested_tag":"tourism=information + information=map"}},{"type":"Feature","geometry":{"type":"Point","coordinates":[16.200931,49.806208]},"properties":{"OBJECTID":1006,"INFO_TAB":"ano","KID":1006,"KOS":"ne","KRYTE":"ne","MAJITEL":"Obec Poříčí u Litomyšle","MAPA":"ano","PUMPA":"ne","SAMO_SERVI":"ne","SPRAVCE":"Obec Poříčí u Litomyšle","STOJAN_KOL":"ne","TYP":"tabule","VODA":"ne"}},{"type":"Feature","geometry":{"type":"Point","coordinates":[16.188611,49.79162]},"properties":{"OBJECTID":1007,"INFO_TAB":"ano","KID":1007,"KOS":"ne","KRYTE":"ne","MAJITEL":"ČR","MAPA":"ne","PUMPA":"ne","SAMO_SERVI":"ne","SPRAVCE":"SPÚ","STOJAN_KOL":"ne","TYP":"informační tabule","VODA":"ne","suggested_tag":"tourism=information + information=board"}},{"type":"Feature","geometry":{"type":"Point","coordinates":[16.162615,49.799024]},"properties":{"OBJECTID":1008,"INFO_TAB":"ne","KID":1008,"KOS":"ano","KRYTE":"ano","MAJITEL":"Obec Budislav","MAPA":"ne","PUMPA":"ne","SAMO_SERVI":"ne","SPRAVCE":"Obec Budislav","STOJAN_KOL":"ne","TYP":"lavice se stolem","VODA":"ne","suggested_tag":"leisure=picnic_table"}},{"type":"Feature","geometry":{"type":"Point","coordinates":[16.17202,49.794398]},"properties":{"OBJECTID":1009,"INFO_TAB":"ne","KID":1009,"KOS":"ne","KRYTE":"ne","MAJITEL":"Obec Budislav","MAPA":"ne","PUMPA":"ne","SAMO_SERVI":"ne","SPRAVCE":"Obec Budislav","STOJAN_KOL":"ne","TYP":"lavice","VODA":"ne","suggested_tag":"amenity=bench"}},{"type":"Feature","geometry":{"type":"Point","coordinates":[16.120699,50.029307]},"properties":{"OBJECTID":1010,"INFO_TAB":"ne","KID":1010,"KOS":"ne","KRYTE":"ano","MAJITEL":"ČR","MAPA":"ne","PUMPA":"ne","SAMO_SERVI":"ne","SPRAVCE":"Lesy České republiky, s.p.","STOJAN_KOL":"ano","TYP":"lavice","VODA":"ne","suggested_tag":"amenity=bench"}},{"type":"Feature","geometry":{"type":"Point","coordinates":[16.191287,50.014655]},"properties":{"OBJECTID":1011,"INFO_TAB":"ano","KID":1011,"KOS":"ne","KRYTE":"ne","MAJITEL":"ČR","MAPA":"ne","PUMPA":"ne","SAMO_SERVI":"ne","SPRAVCE":"Lesy České republiky, s.p.","STOJAN_KOL":"ne","TYP":"lavice","VODA":"ne","suggested_tag":"amenity=bench"}},{"type":"Feature","geometry":{"type":"Point","coordinates":[16.191784,50.01417]},"properties":{"OBJECTID":1012,"INFO_TAB":"ano","KID":1012,"KOS":"ne","KRYTE":"ne","MAJITEL":"ČR","MAPA":"ne","PUMPA":"ne","SAMO_SERVI":"ne","SPRAVCE":"Lesy České republiky, s.p.","STOJAN_KOL":"ne","TYP":"informační tabule","VODA":"ne","suggested_tag":"tourism=information + information=board"}},{"type":"Feature","geometry":{"type":"Point","coordinates":[16.193779,50.011293]},"properties":{"OBJECTID":1013,"INFO_TAB":"ano","KID":1013,"KOS":"ne","KRYTE":"ne","MAJITEL":"ČR","MAPA":"ne","PUMPA":"ne","SAMO_SERVI":"ne","SPRAVCE":"Lesy České republiky, s.p.","STOJAN_KOL":"ne","TYP":"informační tabule","VODA":"ne","suggested_tag":"tourism=information + information=board"}},{"type":"Feature","geometry":{"type":"Point","coordinates":[16.193853,50.00951]},"properties":{"OBJECTID":1014,"INFO_TAB":"ano","KID":1014,"KOS":"ne","KRYTE":"ne","MAJITEL":"ČR","MAPA":"ne","PUMPA":"ne","SAMO_SERVI":"ne","SPRAVCE":"Lesy České republiky, s.p.","STOJAN_KOL":"ne","TYP":"informační tabule","VODA":"ne","suggested_tag":"tourism=information + information=board"}},{"type":"Feature","geometry":{"type":"Point","coordinates":[16.199685,50.003685]},"properties":{"OBJECTID":1015,"INFO_TAB":"ne","KID":1015,"KOS":"ne","KRYTE":"ne","MAJITEL":"ČR","MAPA":"ne","PUMPA":"ne","SAMO_SERVI":"ne","SPRAVCE":"Lesy České republiky, s.p.","STOJAN_KOL":"ne","TYP":"lavice","VODA":"ne","suggested_tag":"amenity=bench"}}]}