{"type":"FeatureCollection","features":[{"type":"Feature","geometry":{"type":"Point","coordinates":[13.3695586,49.7431558]},"properties":{"natural":"tree","ref:plzen:strom":427,"RC":"Pasportizovaný strom","ID_STR":427}},{"type":"Feature","geometry":{"type":"Point","coordinates":[13.3696874,49.7431474]},"properties":{"natural":"tree","ref:plzen:strom":69195,"RC":"Pasportizovaný strom","ID_STR":69195}},{"type":"Feature","geometry":{"type":"Point","coordinates":[13.3698255,49.7431362]},"properties":{"natural":"tree","ref:plzen:strom":56480,"RC":"Pasportizovaný strom","ID_STR":56480}},{"type":"Feature","geometry":{"type":"Point","coordinates":[13.3699426,49.7431285]},"properties":{"natural":"tree","ref:plzen:strom":69194,"RC":"Pasportizovaný strom","ID_STR":69194}},{"type":"Feature","geometry":{"type":"Point","coordinates":[13.3701845,49.7421776]},"properties":{"natural":"tree","ref:plzen:strom":412,"RC":"Pasportizovaný strom","ID_STR":412}},{"type":"Feature","geometry":{"type":"Point","coordinates":[13.3702131,49.7423557]},"properties":{"natural":"tree","ref:plzen:strom":410,"RC":"Pasportizovaný strom","ID_STR":410}},{"type":"Feature","geometry":{"type":"Point","coordinates":[13.3702408,49.7425698]},"properties":{"natural":"tree","ref:plzen:strom":409,"RC":"Pasportizovaný strom","ID_STR":409}},{"type":"Feature","geometry":{"type":"Point","coordinates":[13.3701521,49.7418574]},"properties":{"natural":"tree","ref:plzen:strom":413,"RC":"Pasportizovaný strom","ID_STR":413}},{"type":"Feature","geometry":{"type":"Point","coordinates":[13.3701333,49.7417163]},"properties":{"natural":"tree","ref:plzen:strom":415,"RC":"Pasportizovaný strom","ID_STR":415}},{"type":"Feature","geometry":{"type":"Point","coordinates":[13.3701156,49.7415704]},"properties":{"natural":"tree","ref:plzen:strom":417,"RC":"Pasportizovaný strom","ID_STR":417}},{"type":"Feature","geometry":{"type":"Point","coordinates":[13.3700979,49.7414246]},"properties":{"natural":"tree","ref:plzen:strom":418,"RC":"Pasportizovaný strom","ID_STR":418}},{"type":"Feature","geometry":{"type":"Point","coordinates":[13.3700763,49.741264]},"properties":{"natural":"tree","ref:plzen:strom":422,"RC":"Pasportizovaný strom","ID_STR":422}},{"type":"Feature","geometry":{"type":"Point","coordinates":[13.3702827,49.7429125]},"properties":{"natural":"tree","ref:plzen:strom":426,"RC":"Pasportizovaný strom","ID_STR":426}},{"type":"Feature","geometry":{"type":"Point","coordinates":[13.3703129,49.7431628]},"properties":{"natural":"tree","ref:plzen:strom":424,"RC":"Pasportizovaný strom","ID_STR":424}},{"type":"Feature","geometry":{"type":"Point","coordinates":[13.3703418,49.7403459]},"properties":{"natural":"tree","ref:plzen:strom":411,"RC":"Pasportizovaný strom","ID_STR":411}},{"type":"Feature","geometry":{"type":"Point","coordinates":[13.3705372,49.7403446]},"properties":{"natural":"tree","ref:plzen:strom":434,"RC":"Pasportizovaný strom","ID_STR":434}},{"type":"Feature","geometry":{"type":"Point","coordinates":[13.3707466,49.7403334]},"properties":{"natural":"tree","ref:plzen:strom":432,"RC":"Pasportizovaný strom","ID_STR":432}},{"type":"Feature","geometry":{"type":"Point","coordinates":[13.370126,49.7403495]},"properties":{"natural":"tree","ref:plzen:strom":416,"RC":"Pasportizovaný strom","ID_STR":416}},{"type":"Feature","geometry":{"type":"Point","coordinates":[13.3696945,49.7431452]},"properties":{"natural":"tree","ref:plzen:strom":443,"RC":"Pasportizovaný strom","ID_STR":443}},{"type":"Feature","geometry":{"type":"Point","coordinates":[13.3699426,49.7411147]},"properties":{"natural":"tree","ref:plzen:strom":69452,"RC":"Pasportizovaný strom","ID_STR":69452}},{"type":"Feature","geometry":{"type":"Point","coordinates":[13.3691928,49.7447612]},"properties":{"natural":"tree","ref:plzen:strom":64065,"RC":"Pasportizovaný strom","ID_STR":64065}},{"type":"Feature","geometry":{"type":"Point","coordinates":[13.369284,49.744769]},"properties":{"natural":"tree","ref:plzen:strom":64066,"RC":"Pasportizovaný strom","ID_STR":64066}},{"type":"Feature","geometry":{"type":"Point","coordinates":[13.3704964,49.7443974]},"properties":{"natural":"tree","ref:plzen:strom":18376,"RC":"Pasportizovaný strom","ID_STR":18376}},{"type":"Feature","geometry":{"type":"Point","coordinates":[13.3704632,49.7442378]},"properties":{"natural":"tree","ref:plzen:strom":18378,"RC":"Pasportizovaný strom","ID_STR":18378}},{"type":"Feature","geometry":{"type":"Point","coordinates":[13.3704259,49.7440241]},"properties":{"natural":"tree","ref:plzen:strom":419,"RC":"Pasportizovaný strom","ID_STR":419}},{"type":"Feature","geometry":{"type":"Point","coordinates":[13.3709449,49.7403281]},"properties":{"natural":"tree","ref:plzen:strom":431,"RC":"Pasportizovaný strom","ID_STR":431}},{"type":"Feature","geometry":{"type":"Point","coordinates":[13.3707486,49.7403321]},"properties":{"natural":"tree","ref:plzen:strom":68764,"RC":"Pasportizovaný strom","ID_STR":68764}},{"type":"Feature","geometry":{"type":"Point","coordinates":[13.3702638,49.7427401]},"properties":{"natural":"tree","ref:plzen:strom":408,"RC":"Pasportizovaný strom","ID_STR":408}},{"type":"Feature","geometry":{"type":"Point","coordinates":[13.3700618,49.7431117]},"properties":{"natural":"tree","ref:plzen:strom":438,"RC":"Pasportizovaný strom","ID_STR":438}},{"type":"Feature","geometry":{"type":"Point","coordinates":[13.3703351,49.7433211]},"properties":{"natural":"tree","ref:plzen:strom":423,"RC":"Pasportizovaný strom","ID_STR":423}},{"type":"Feature","geometry":{"type":"Point","coordinates":[13.3703533,49.7434646]},"properties":{"natural":"tree","ref:plzen:strom":421,"RC":"Pasportizovaný strom","ID_STR":421}},{"type":"Feature","geometry":{"type":"Point","coordinates":[13.3703715,49.7434717]},"properties":{"natural":"tree","ref:plzen:strom":70596,"RC":"Pasportizovaný strom","ID_STR":70596}},{"type":"Feature","geometry":{"type":"Point","coordinates":[13.3699632,49.7431212]},"properties":{"natural":"tree","ref:plzen:strom":414,"RC":"Pasportizovaný strom","ID_STR":414}},{"type":"Feature","geometry":{"type":"Point","coordinates":[13.3703746,49.7436108]},"properties":{"natural":"tree","ref:plzen:strom":420,"RC":"Pasportizovaný strom","ID_STR":420}},{"type":"Feature","geometry":{"type":"Point","coordinates":[13.3713334,49.7470281]},"properties":{"natural":"tree","ref:plzen:strom":7989,"RC":"Pasportizovaný strom","ID_STR":7989}},{"type":"Feature","geometry":{"type":"Point","coordinates":[13.3714008,49.7471529]},"properties":{"natural":"tree","ref:plzen:strom":7990,"RC":"Pasportizovaný strom","ID_STR":7990}},{"type":"Feature","geometry":{"type":"Point","coordinates":[13.3714724,49.74737]},"properties":{"natural":"tree","ref:plzen:strom":7991,"RC":"Pasportizovaný strom","ID_STR":7991}},{"type":"Feature","geometry":{"type":"Point","coordinates":[13.3715235,49.7474833]},"properties":{"natural":"tree","ref:plzen:strom":7994,"RC":"Pasportizovaný strom","ID_STR":7994}},{"type":"Feature","geometry":{"type":"Point","coordinates":[13.3698078,49.7474203]},"properties":{"natural":"tree","ref:plzen:strom":8081,"RC":"Pasportizovaný strom","ID_STR":8081}},{"type":"Feature","geometry":{"type":"Point","coordinates":[13.3697936,49.7473226]},"properties":{"natural":"tree","ref:plzen:strom":8080,"RC":"Pasportizovaný strom","ID_STR":8080}},{"type":"Feature","geometry":{"type":"Point","coordinates":[13.369697,49.7471326]},"properties":{"natural":"tree","ref:plzen:strom":8082,"RC":"Pasportizovaný strom","ID_STR":8082}},{"type":"Feature","geometry":{"type":"Point","coordinates":[13.3690594,49.7483535]},"properties":{"natural":"tree","ref:plzen:strom":63365,"RC":"Pasportizovaný strom","ID_STR":63365}},{"type":"Feature","geometry":{"type":"Point","coordinates":[13.3698814,49.7472013]},"properties":{"natural":"tree","ref:plzen:strom":8079,"RC":"Pasportizovaný strom","ID_STR":8079}},{"type":"Feature","geometry":{"type":"Point","coordinates":[13.3699216,49.747109]},"properties":{"natural":"tree","ref:plzen:strom":8078,"RC":"Pasportizovaný strom","ID_STR":8078}},{"type":"Feature","geometry":{"type":"Point","coordinates":[13.3700073,49.7469972]},"properties":{"natural":"tree","ref:plzen:strom":8077,"RC":"Pasportizovaný strom","ID_STR":8077}},{"type":"Feature","geometry":{"type":"Point","coordinates":[13.3701217,49.7468737]},"properties":{"natural":"tree","ref:plzen:strom":8076,"RC":"Pasportizovaný strom","ID_STR":8076}},{"type":"Feature","geometry":{"type":"Point","coordinates":[13.3702733,49.7466865]},"properties":{"natural":"tree","ref:plzen:strom":8075,"RC":"Pasportizovaný strom","ID_STR":8075}},{"type":"Feature","geometry":{"type":"Point","coordinates":[13.3704024,49.7465476]},"properties":{"natural":"tree","ref:plzen:strom":8074,"RC":"Pasportizovaný strom","ID_STR":8074}},{"type":"Feature","geometry":{"type":"Point","coordinates":[13.370091,49.7463076]},"properties":{"natural":"tree","ref:plzen:strom":8083,"RC":"Pasportizovaný strom","ID_STR":8083}},{"type":"Feature","geometry":{"type":"Point","coordinates":[13.3703261,49.7462393]},"properties":{"natural":"tree","ref:plzen:strom":8084,"RC":"Pasportizovaný strom","ID_STR":8084}},{"type":"Feature","geometry":{"type":"Point","coordinates":[13.3704924,49.7461955]},"properties":{"natural":"tree","ref:plzen:strom":8085,"RC":"Pasportizovaný strom","ID_STR":8085}},{"type":"Feature","geometry":{"type":"Point","coordinates":[13.3705304,49.7464134]},"properties":{"natural":"tree","ref:plzen:strom":8073,"RC":"Pasportizovaný strom","ID_STR":8073}},{"type":"Feature","geometry":{"type":"Point","coordinates":[13.3706463,49.746331]},"properties":{"natural":"tree","ref:plzen:strom":8072,"RC":"Pasportizovaný strom","ID_STR":8072}},{"type":"Feature","geometry":{"type":"Point","coordinates":[13.3708693,49.7454715]},"properties":{"natural":"tree","ref:plzen:strom":12232,"RC":"Pasportizovaný strom","ID_STR":12232}},{"type":"Feature","geometry":{"type":"Point","coordinates":[13.3708883,49.7455429]},"properties":{"natural":"tree","ref:plzen:strom":12244,"RC":"Pasportizovaný strom","ID_STR":12244}},{"type":"Feature","geometry":{"type":"Point","coordinates":[13.3710609,49.745449]},"properties":{"natural":"tree","ref:plzen:strom":12226,"RC":"Pasportizovaný strom","ID_STR":12226}},{"type":"Feature","geometry":{"type":"Point","coordinates":[13.3710774,49.7455202]},"properties":{"natural":"tree","ref:plzen:strom":12251,"RC":"Pasportizovaný strom","ID_STR":12251}},{"type":"Feature","geometry":{"type":"Point","coordinates":[13.3709115,49.7463402]},"properties":{"natural":"tree","ref:plzen:strom":8071,"RC":"Pasportizovaný strom","ID_STR":8071}},{"type":"Feature","geometry":{"type":"Point","coordinates":[13.3711644,49.7452689]},"properties":{"natural":"tree","ref:plzen:strom":12246,"RC":"Pasportizovaný strom","ID_STR":12246}},{"type":"Feature","geometry":{"type":"Point","coordinates":[13.3849766,49.7514422]},"properties":{"natural":"tree","ref:plzen:strom":8571,"RC":"Pasportizovaný strom","ID_STR":8571}},{"type":"Feature","geometry":{"type":"Point","coordinates":[13.3847862,49.7514597]},"properties":{"natural":"tree","ref:plzen:strom":70536,"RC":"Pasportizovaný strom","ID_STR":70536}},{"type":"Feature","geometry":{"type":"Point","coordinates":[13.3847776,49.7514515]},"properties":{"natural":"tree","ref:plzen:strom":8518,"RC":"Pasportizovaný strom","ID_STR":8518}},{"type":"Feature","geometry":{"type":"Point","coordinates":[13.3848693,49.7514245]},"properties":{"natural":"tree","ref:plzen:strom":8572,"RC":"Pasportizovaný strom","ID_STR":8572}},{"type":"Feature","geometry":{"type":"Point","coordinates":[13.3846818,49.7514325]},"properties":{"natural":"tree","ref:plzen:strom":8517,"RC":"Pasportizovaný strom","ID_STR":8517}},{"type":"Feature","geometry":{"type":"Point","coordinates":[13.3847584,49.7514063]},"properties":{"natural":"tree","ref:plzen:strom":8574,"RC":"Pasportizovaný strom","ID_STR":8574}},{"type":"Feature","geometry":{"type":"Point","coordinates":[13.3845959,49.7514172]},"properties":{"natural":"tree","ref:plzen:strom":64075,"RC":"Pasportizovaný strom","ID_STR":64075}},{"type":"Feature","geometry":{"type":"Point","coordinates":[13.3845854,49.7514158]},"properties":{"natural":"tree","ref:plzen:strom":8515,"RC":"Pasportizovaný strom","ID_STR":8515}},{"type":"Feature","geometry":{"type":"Point","coordinates":[13.3846512,49.7513886]},"properties":{"natural":"tree","ref:plzen:strom":8576,"RC":"Pasportizovaný strom","ID_STR":8576}},{"type":"Feature","geometry":{"type":"Point","coordinates":[13.3844848,49.7514011]},"properties":{"natural":"tree","ref:plzen:strom":8514,"RC":"Pasportizovaný strom","ID_STR":8514}},{"type":"Feature","geometry":{"type":"Point","coordinates":[13.3845445,49.7513685]},"properties":{"natural":"tree","ref:plzen:strom":8577,"RC":"Pasportizovaný strom","ID_STR":8577}},{"type":"Feature","geometry":{"type":"Point","coordinates":[13.3844445,49.7513514]},"properties":{"natural":"tree","ref:plzen:strom":8578,"RC":"Pasportizovaný strom","ID_STR":8578}},{"type":"Feature","geometry":{"type":"Point","coordinates":[13.384048,49.7513317]},"properties":{"natural":"tree","ref:plzen:strom":8508,"RC":"Pasportizovaný strom","ID_STR":8508}},{"type":"Feature","geometry":{"type":"Point","coordinates":[13.383936,49.7513182]},"properties":{"natural":"tree","ref:plzen:strom":8506,"RC":"Pasportizovaný strom","ID_STR":8506}},{"type":"Feature","geometry":{"type":"Point","coordinates":[13.383721,49.7512851]},"properties":{"natural":"tree","ref:plzen:strom":8504,"RC":"Pasportizovaný strom","ID_STR":8504}},{"type":"Feature","geometry":{"type":"Point","coordinates":[13.3836054,49.7512713]},"properties":{"natural":"tree","ref:plzen:strom":8503,"RC":"Pasportizovaný strom","ID_STR":8503}},{"type":"Feature","geometry":{"type":"Point","coordinates":[13.3839008,49.7512787]},"properties":{"natural":"tree","ref:plzen:strom":8585,"RC":"Pasportizovaný strom","ID_STR":8585}},{"type":"Feature","geometry":{"type":"Point","coordinates":[13.383494,49.7512555]},"properties":{"natural":"tree","ref:plzen:strom":8502,"RC":"Pasportizovaný strom","ID_STR":8502}},{"type":"Feature","geometry":{"type":"Point","coordinates":[13.383793,49.7512633]},"properties":{"natural":"tree","ref:plzen:strom":8587,"RC":"Pasportizovaný strom","ID_STR":8587}},{"type":"Feature","geometry":{"type":"Point","coordinates":[13.3833909,49.7512358]},"properties":{"natural":"tree","ref:plzen:strom":8500,"RC":"Pasportizovaný strom","ID_STR":8500}},{"type":"Feature","geometry":{"type":"Point","coordinates":[13.3836743,49.7512468]},"properties":{"natural":"tree","ref:plzen:strom":8589,"RC":"Pasportizovaný strom","ID_STR":8589}},{"type":"Feature","geometry":{"type":"Point","coordinates":[13.3832867,49.7512207]},"properties":{"natural":"tree","ref:plzen:strom":8499,"RC":"Pasportizovaný strom","ID_STR":8499}},{"type":"Feature","geometry":{"type":"Point","coordinates":[13.3827754,49.7512329]},"properties":{"natural":"tree","ref:plzen:strom":72411,"RC":"Pasportizovaný strom","ID_STR":72411}},{"type":"Feature","geometry":{"type":"Point","coordinates":[13.38266,49.7512156]},"properties":{"natural":"tree","ref:plzen:strom":72410,"RC":"Pasportizovaný strom","ID_STR":72410}},{"type":"Feature","geometry":{"type":"Point","coordinates":[13.3831784,49.7512076]},"properties":{"natural":"tree","ref:plzen:strom":8498,"RC":"Pasportizovaný strom","ID_STR":8498}},{"type":"Feature","geometry":{"type":"Point","coordinates":[13.3823274,49.7511624]},"properties":{"natural":"tree","ref:plzen:strom":8624,"RC":"Pasportizovaný strom","ID_STR":8624}},{"type":"Feature","geometry":{"type":"Point","coordinates":[13.3833628,49.7511969]},"properties":{"natural":"tree","ref:plzen:strom":8591,"RC":"Pasportizovaný strom","ID_STR":8591}},{"type":"Feature","geometry":{"type":"Point","coordinates":[13.3832436,49.7511828]},"properties":{"natural":"tree","ref:plzen:strom":8592,"RC":"Pasportizovaný strom","ID_STR":8592}},{"type":"Feature","geometry":{"type":"Point","coordinates":[13.3839957,49.7512856]},"properties":{"natural":"tree","ref:plzen:strom":8584,"RC":"Pasportizovaný strom","ID_STR":8584}},{"type":"Feature","geometry":{"type":"Point","coordinates":[13.3841044,49.7513131]},"properties":{"natural":"tree","ref:plzen:strom":8582,"RC":"Pasportizovaný strom","ID_STR":8582}},{"type":"Feature","geometry":{"type":"Point","coordinates":[13.3842174,49.7513218]},"properties":{"natural":"tree","ref:plzen:strom":8581,"RC":"Pasportizovaný strom","ID_STR":8581}},{"type":"Feature","geometry":{"type":"Point","coordinates":[13.3841874,49.7510061]},"properties":{"natural":"tree","ref:plzen:strom":8208,"RC":"Pasportizovaný strom","ID_STR":8208}},{"type":"Feature","geometry":{"type":"Point","coordinates":[13.3835578,49.7511415]},"properties":{"natural":"tree","ref:plzen:strom":8594,"RC":"Pasportizovaný strom","ID_STR":8594}},{"type":"Feature","geometry":{"type":"Point","coordinates":[13.3838921,49.7511888]},"properties":{"natural":"tree","ref:plzen:strom":8595,"RC":"Pasportizovaný strom","ID_STR":8595}},{"type":"Feature","geometry":{"type":"Point","coordinates":[13.3843745,49.7513806]},"properties":{"natural":"tree","ref:plzen:strom":8513,"RC":"Pasportizovaný strom","ID_STR":8513}},{"type":"Feature","geometry":{"type":"Point","coordinates":[13.3842625,49.7513672]},"properties":{"natural":"tree","ref:plzen:strom":8511,"RC":"Pasportizovaný strom","ID_STR":8511}},{"type":"Feature","geometry":{"type":"Point","coordinates":[13.3841589,49.7513498]},"properties":{"natural":"tree","ref:plzen:strom":8509,"RC":"Pasportizovaný strom","ID_STR":8509}},{"type":"Feature","geometry":{"type":"Point","coordinates":[13.3843947,49.751231]},"properties":{"natural":"tree","ref:plzen:strom":8596,"RC":"Pasportizovaný strom","ID_STR":8596}},{"type":"Feature","geometry":{"type":"Point","coordinates":[13.3843331,49.7513356]},"properties":{"natural":"tree","ref:plzen:strom":8580,"RC":"Pasportizovaný strom","ID_STR":8580}},{"type":"Feature","geometry":{"type":"Point","coordinates":[13.3841098,49.7506847]},"properties":{"natural":"tree","ref:plzen:strom":8187,"RC":"Pasportizovaný strom","ID_STR":8187}},{"type":"Feature","geometry":{"type":"Point","coordinates":[13.3840457,49.7506171]},"properties":{"natural":"tree","ref:plzen:strom":8214,"RC":"Pasportizovaný strom","ID_STR":8214}},{"type":"Feature","geometry":{"type":"Point","coordinates":[13.3839826,49.7505605]},"properties":{"natural":"tree","ref:plzen:strom":8215,"RC":"Pasportizovaný strom","ID_STR":8215}},{"type":"Feature","geometry":{"type":"Point","coordinates":[13.383925,49.7504962]},"properties":{"natural":"tree","ref:plzen:strom":8216,"RC":"Pasportizovaný strom","ID_STR":8216}},{"type":"Feature","geometry":{"type":"Point","coordinates":[13.381517,49.751051]},"properties":{"natural":"tree","ref:plzen:strom":72409,"RC":"Pasportizovaný strom","ID_STR":72409}},{"type":"Feature","geometry":{"type":"Point","coordinates":[13.3808365,49.7509713]},"properties":{"natural":"tree","ref:plzen:strom":8630,"RC":"Pasportizovaný strom","ID_STR":8630}},{"type":"Feature","geometry":{"type":"Point","coordinates":[13.3793801,49.7514902]},"properties":{"natural":"tree","ref:plzen:strom":69509,"RC":"Pasportizovaný strom","ID_STR":69509}},{"type":"Feature","geometry":{"type":"Point","coordinates":[13.379371,49.7514273]},"properties":{"natural":"tree","ref:plzen:strom":69507,"RC":"Pasportizovaný strom","ID_STR":69507}},{"type":"Feature","geometry":{"type":"Point","coordinates":[13.3793785,49.751453]},"properties":{"natural":"tree","ref:plzen:strom":69508,"RC":"Pasportizovaný strom","ID_STR":69508}},{"type":"Feature","geometry":{"type":"Point","coordinates":[13.3765909,49.7511985]},"properties":{"natural":"tree","ref:plzen:strom":24706,"RC":"Pasportizovaný strom","ID_STR":24706}},{"type":"Feature","geometry":{"type":"Point","coordinates":[13.3766859,49.7512061]},"properties":{"natural":"tree","ref:plzen:strom":24716,"RC":"Pasportizovaný strom","ID_STR":24716}},{"type":"Feature","geometry":{"type":"Point","coordinates":[13.3765795,49.7512557]},"properties":{"natural":"tree","ref:plzen:strom":24707,"RC":"Pasportizovaný strom","ID_STR":24707}},{"type":"Feature","geometry":{"type":"Point","coordinates":[13.3766769,49.7512627]},"properties":{"natural":"tree","ref:plzen:strom":24715,"RC":"Pasportizovaný strom","ID_STR":24715}},{"type":"Feature","geometry":{"type":"Point","coordinates":[13.3765735,49.7512962]},"properties":{"natural":"tree","ref:plzen:strom":24708,"RC":"Pasportizovaný strom","ID_STR":24708}},{"type":"Feature","geometry":{"type":"Point","coordinates":[13.3766717,49.7513157]},"properties":{"natural":"tree","ref:plzen:strom":24714,"RC":"Pasportizovaný strom","ID_STR":24714}},{"type":"Feature","geometry":{"type":"Point","coordinates":[13.3768304,49.7513516]},"properties":{"natural":"tree","ref:plzen:strom":24718,"RC":"Pasportizovaný strom","ID_STR":24718}},{"type":"Feature","geometry":{"type":"Point","coordinates":[13.3770277,49.7513316]},"properties":{"natural":"tree","ref:plzen:strom":69500,"RC":"Pasportizovaný strom","ID_STR":69500}},{"type":"Feature","geometry":{"type":"Point","coordinates":[13.3769303,49.7513628]},"properties":{"natural":"tree","ref:plzen:strom":24719,"RC":"Pasportizovaný strom","ID_STR":24719}},{"type":"Feature","geometry":{"type":"Point","coordinates":[13.3770227,49.7513691]},"properties":{"natural":"tree","ref:plzen:strom":24720,"RC":"Pasportizovaný strom","ID_STR":24720}},{"type":"Feature","geometry":{"type":"Point","coordinates":[13.3774981,49.7512947]},"properties":{"natural":"tree","ref:plzen:strom":24702,"RC":"Pasportizovaný strom","ID_STR":24702}},{"type":"Feature","geometry":{"type":"Point","coordinates":[13.3773211,49.7514]},"properties":{"natural":"tree","ref:plzen:strom":24721,"RC":"Pasportizovaný strom","ID_STR":24721}},{"type":"Feature","geometry":{"type":"Point","coordinates":[13.3775906,49.7514209]},"properties":{"natural":"tree","ref:plzen:strom":24722,"RC":"Pasportizovaný strom","ID_STR":24722}},{"type":"Feature","geometry":{"type":"Point","coordinates":[13.377781,49.7513859]},"properties":{"natural":"tree","ref:plzen:strom":24723,"RC":"Pasportizovaný strom","ID_STR":24723}},{"type":"Feature","geometry":{"type":"Point","coordinates":[13.3765652,49.751077]},"properties":{"natural":"tree","ref:plzen:strom":25936,"RC":"Pasportizovaný strom","ID_STR":25936}},{"type":"Feature","geometry":{"type":"Point","coordinates":[13.3770911,49.7510962]},"properties":{"natural":"tree","ref:plzen:strom":25940,"RC":"Pasportizovaný strom","ID_STR":25940}},{"type":"Feature","geometry":{"type":"Point","coordinates":[13.3773367,49.7511119]},"properties":{"natural":"tree","ref:plzen:strom":24688,"RC":"Pasportizovaný strom","ID_STR":24688}},{"type":"Feature","geometry":{"type":"Point","coordinates":[13.3774047,49.7511203]},"properties":{"natural":"tree","ref:plzen:strom":24689,"RC":"Pasportizovaný strom","ID_STR":24689}},{"type":"Feature","geometry":{"type":"Point","coordinates":[13.3774679,49.7511284]},"properties":{"natural":"tree","ref:plzen:strom":24690,"RC":"Pasportizovaný strom","ID_STR":24690}},{"type":"Feature","geometry":{"type":"Point","coordinates":[13.3775351,49.7511346]},"properties":{"natural":"tree","ref:plzen:strom":24691,"RC":"Pasportizovaný strom","ID_STR":24691}},{"type":"Feature","geometry":{"type":"Point","coordinates":[13.3771945,49.7511437]},"properties":{"natural":"tree","ref:plzen:strom":25939,"RC":"Pasportizovaný strom","ID_STR":25939}},{"type":"Feature","geometry":{"type":"Point","coordinates":[13.3775984,49.7511427]},"properties":{"natural":"tree","ref:plzen:strom":24692,"RC":"Pasportizovaný strom","ID_STR":24692}},{"type":"Feature","geometry":{"type":"Point","coordinates":[13.3768921,49.7511394]},"properties":{"natural":"tree","ref:plzen:strom":25938,"RC":"Pasportizovaný strom","ID_STR":25938}},{"type":"Feature","geometry":{"type":"Point","coordinates":[13.3776696,49.7511511]},"properties":{"natural":"tree","ref:plzen:strom":24693,"RC":"Pasportizovaný strom","ID_STR":24693}},{"type":"Feature","geometry":{"type":"Point","coordinates":[13.3766991,49.7511411]},"properties":{"natural":"tree","ref:plzen:strom":24717,"RC":"Pasportizovaný strom","ID_STR":24717}},{"type":"Feature","geometry":{"type":"Point","coordinates":[13.3766001,49.7511355]},"properties":{"natural":"tree","ref:plzen:strom":24705,"RC":"Pasportizovaný strom","ID_STR":24705}},{"type":"Feature","geometry":{"type":"Point","coordinates":[13.3769686,49.751159]},"properties":{"natural":"tree","ref:plzen:strom":24701,"RC":"Pasportizovaný strom","ID_STR":24701}},{"type":"Feature","geometry":{"type":"Point","coordinates":[13.3769015,49.7511622]},"properties":{"natural":"tree","ref:plzen:strom":24703,"RC":"Pasportizovaný strom","ID_STR":24703}},{"type":"Feature","geometry":{"type":"Point","coordinates":[13.3777374,49.7511577]},"properties":{"natural":"tree","ref:plzen:strom":24694,"RC":"Pasportizovaný strom","ID_STR":24694}},{"type":"Feature","geometry":{"type":"Point","coordinates":[13.3778069,49.7511664]},"properties":{"natural":"tree","ref:plzen:strom":24695,"RC":"Pasportizovaný strom","ID_STR":24695}},{"type":"Feature","geometry":{"type":"Point","coordinates":[13.3778724,49.7511722]},"properties":{"natural":"tree","ref:plzen:strom":24696,"RC":"Pasportizovaný strom","ID_STR":24696}},{"type":"Feature","geometry":{"type":"Point","coordinates":[13.3779303,49.7511806]},"properties":{"natural":"tree","ref:plzen:strom":24697,"RC":"Pasportizovaný strom","ID_STR":24697}},{"type":"Feature","geometry":{"type":"Point","coordinates":[13.3769438,49.7511862]},"properties":{"natural":"tree","ref:plzen:strom":24704,"RC":"Pasportizovaný strom","ID_STR":24704}},{"type":"Feature","geometry":{"type":"Point","coordinates":[13.3777047,49.7512268]},"properties":{"natural":"tree","ref:plzen:strom":25942,"RC":"Pasportizovaný strom","ID_STR":25942}},{"type":"Feature","geometry":{"type":"Point","coordinates":[13.3778026,49.7512343]},"properties":{"natural":"tree","ref:plzen:strom":25943,"RC":"Pasportizovaný strom","ID_STR":25943}},{"type":"Feature","geometry":{"type":"Point","coordinates":[13.3780798,49.7511979]},"properties":{"natural":"tree","ref:plzen:strom":24698,"RC":"Pasportizovaný strom","ID_STR":24698}},{"type":"Feature","geometry":{"type":"Point","coordinates":[13.3779852,49.7512354]},"properties":{"natural":"tree","ref:plzen:strom":25944,"RC":"Pasportizovaný strom","ID_STR":25944}},{"type":"Feature","geometry":{"type":"Point","coordinates":[13.3781907,49.7511967]},"properties":{"natural":"tree","ref:plzen:strom":25945,"RC":"Pasportizovaný strom","ID_STR":25945}},{"type":"Feature","geometry":{"type":"Point","coordinates":[13.3782541,49.7512082]},"properties":{"natural":"tree","ref:plzen:strom":24699,"RC":"Pasportizovaný strom","ID_STR":24699}},{"type":"Feature","geometry":{"type":"Point","coordinates":[13.3774682,49.7511838]},"properties":{"natural":"tree","ref:plzen:strom":69502,"RC":"Pasportizovaný strom","ID_STR":69502}},{"type":"Feature","geometry":{"type":"Point","coordinates":[13.3774711,49.7512039]},"properties":{"natural":"tree","ref:plzen:strom":69503,"RC":"Pasportizovaný strom","ID_STR":69503}},{"type":"Feature","geometry":{"type":"Point","coordinates":[13.3783803,49.7512977]},"properties":{"natural":"tree","ref:plzen:strom":69504,"RC":"Pasportizovaný strom","ID_STR":69504}},{"type":"Feature","geometry":{"type":"Point","coordinates":[13.37852,49.7513215]},"properties":{"natural":"tree","ref:plzen:strom":69505,"RC":"Pasportizovaný strom","ID_STR":69505}},{"type":"Feature","geometry":{"type":"Point","coordinates":[13.3759071,49.7516167]},"properties":{"natural":"tree","ref:plzen:strom":12324,"RC":"Pasportizovaný strom","ID_STR":12324}},{"type":"Feature","geometry":{"type":"Point","coordinates":[13.3760638,49.7516159]},"properties":{"natural":"tree","ref:plzen:strom":12320,"RC":"Pasportizovaný strom","ID_STR":12320}},{"type":"Feature","geometry":{"type":"Point","coordinates":[13.3762245,49.7516114]},"properties":{"natural":"tree","ref:plzen:strom":12317,"RC":"Pasportizovaný strom","ID_STR":12317}},{"type":"Feature","geometry":{"type":"Point","coordinates":[13.3763944,49.751575]},"properties":{"natural":"tree","ref:plzen:strom":24711,"RC":"Pasportizovaný strom","ID_STR":24711}},{"type":"Feature","geometry":{"type":"Point","coordinates":[13.3764411,49.7515429]},"properties":{"natural":"tree","ref:plzen:strom":24712,"RC":"Pasportizovaný strom","ID_STR":24712}},{"type":"Feature","geometry":{"type":"Point","coordinates":[13.3768428,49.7514033]},"properties":{"natural":"tree","ref:plzen:strom":25935,"RC":"Pasportizovaný strom","ID_STR":25935}},{"type":"Feature","geometry":{"type":"Point","coordinates":[13.37666,49.7513777]},"properties":{"natural":"tree","ref:plzen:strom":24713,"RC":"Pasportizovaný strom","ID_STR":24713}},{"type":"Feature","geometry":{"type":"Point","coordinates":[13.3765618,49.7513674]},"properties":{"natural":"tree","ref:plzen:strom":24709,"RC":"Pasportizovaný strom","ID_STR":24709}},{"type":"Feature","geometry":{"type":"Point","coordinates":[13.3758313,49.7516194]},"properties":{"natural":"tree","ref:plzen:strom":12283,"RC":"Pasportizovaný strom","ID_STR":12283}},{"type":"Feature","geometry":{"type":"Point","coordinates":[13.3757555,49.7516221]},"properties":{"natural":"tree","ref:plzen:strom":12312,"RC":"Pasportizovaný strom","ID_STR":12312}},{"type":"Feature","geometry":{"type":"Point","coordinates":[13.3756762,49.7516265]},"properties":{"natural":"tree","ref:plzen:strom":12314,"RC":"Pasportizovaný strom","ID_STR":12314}},{"type":"Feature","geometry":{"type":"Point","coordinates":[13.3755826,49.7516254]},"properties":{"natural":"tree","ref:plzen:strom":12316,"RC":"Pasportizovaný strom","ID_STR":12316}},{"type":"Feature","geometry":{"type":"Point","coordinates":[13.3755038,49.7516278]},"properties":{"natural":"tree","ref:plzen:strom":12285,"RC":"Pasportizovaný strom","ID_STR":12285}},{"type":"Feature","geometry":{"type":"Point","coordinates":[13.375432,49.7516268]},"properties":{"natural":"tree","ref:plzen:strom":12290,"RC":"Pasportizovaný strom","ID_STR":12290}},{"type":"Feature","geometry":{"type":"Point","coordinates":[13.3764966,49.7514156]},"properties":{"natural":"tree","ref:plzen:strom":24710,"RC":"Pasportizovaný strom","ID_STR":24710}},{"type":"Feature","geometry":{"type":"Point","coordinates":[13.3818642,49.7476128]},"properties":{"natural":"tree","ref:plzen:strom":7948,"RC":"Pasportizovaný strom","ID_STR":7948}},{"type":"Feature","geometry":{"type":"Point","coordinates":[13.3819784,49.7476485]},"properties":{"natural":"tree","ref:plzen:strom":7950,"RC":"Pasportizovaný strom","ID_STR":7950}},{"type":"Feature","geometry":{"type":"Point","coordinates":[13.3817968,49.747849]},"properties":{"natural":"tree","ref:plzen:strom":7914,"RC":"Pasportizovaný strom","ID_STR":7914}},{"type":"Feature","geometry":{"type":"Point","coordinates":[13.3821095,49.7477322]},"properties":{"natural":"tree","ref:plzen:strom":350,"RC":"Pasportizovaný strom","ID_STR":350}},{"type":"Feature","geometry":{"type":"Point","coordinates":[13.3821674,49.7477095]},"properties":{"natural":"tree","ref:plzen:strom":7951,"RC":"Pasportizovaný strom","ID_STR":7951}},{"type":"Feature","geometry":{"type":"Point","coordinates":[13.3819821,49.7478876]},"properties":{"natural":"tree","ref:plzen:strom":63063,"RC":"Pasportizovaný strom","ID_STR":63063}},{"type":"Feature","geometry":{"type":"Point","coordinates":[13.3822835,49.7477388]},"properties":{"natural":"tree","ref:plzen:strom":7931,"RC":"Pasportizovaný strom","ID_STR":7931}},{"type":"Feature","geometry":{"type":"Point","coordinates":[13.3820613,49.7479357]},"properties":{"natural":"tree","ref:plzen:strom":349,"RC":"Pasportizovaný strom","ID_STR":349}},{"type":"Feature","geometry":{"type":"Point","coordinates":[13.3823211,49.7477887]},"properties":{"natural":"tree","ref:plzen:strom":352,"RC":"Pasportizovaný strom","ID_STR":352}},{"type":"Feature","geometry":{"type":"Point","coordinates":[13.3821958,49.747949]},"properties":{"natural":"tree","ref:plzen:strom":24571,"RC":"Pasportizovaný strom","ID_STR":24571}},{"type":"Feature","geometry":{"type":"Point","coordinates":[13.3824118,49.7477933]},"properties":{"natural":"tree","ref:plzen:strom":7946,"RC":"Pasportizovaný strom","ID_STR":7946}},{"type":"Feature","geometry":{"type":"Point","coordinates":[13.3824842,49.7478395]},"properties":{"natural":"tree","ref:plzen:strom":7949,"RC":"Pasportizovaný strom","ID_STR":7949}},{"type":"Feature","geometry":{"type":"Point","coordinates":[13.3824701,49.7478784]},"properties":{"natural":"tree","ref:plzen:strom":346,"RC":"Pasportizovaný strom","ID_STR":346}},{"type":"Feature","geometry":{"type":"Point","coordinates":[13.38255,49.7478826]},"properties":{"natural":"tree","ref:plzen:strom":7953,"RC":"Pasportizovaný strom","ID_STR":7953}},{"type":"Feature","geometry":{"type":"Point","coordinates":[13.3826194,49.7479304]},"properties":{"natural":"tree","ref:plzen:strom":7954,"RC":"Pasportizovaný strom","ID_STR":7954}},{"type":"Feature","geometry":{"type":"Point","coordinates":[13.3826003,49.7479705]},"properties":{"natural":"tree","ref:plzen:strom":353,"RC":"Pasportizovaný strom","ID_STR":353}},{"type":"Feature","geometry":{"type":"Point","coordinates":[13.3824743,49.748166]},"properties":{"natural":"tree","ref:plzen:strom":354,"RC":"Pasportizovaný strom","ID_STR":354}},{"type":"Feature","geometry":{"type":"Point","coordinates":[13.3827056,49.7482465]},"properties":{"natural":"tree","ref:plzen:strom":63064,"RC":"Pasportizovaný strom","ID_STR":63064}},{"type":"Feature","geometry":{"type":"Point","coordinates":[13.3828926,49.7483104]},"properties":{"natural":"tree","ref:plzen:strom":355,"RC":"Pasportizovaný strom","ID_STR":355}},{"type":"Feature","geometry":{"type":"Point","coordinates":[13.3827407,49.7482598]},"properties":{"natural":"tree","ref:plzen:strom":49038,"RC":"Pasportizovaný strom","ID_STR":49038}},{"type":"Feature","geometry":{"type":"Point","coordinates":[13.382496,49.7482412]},"properties":{"natural":"tree","ref:plzen:strom":49037,"RC":"Pasportizovaný strom","ID_STR":49037}},{"type":"Feature","geometry":{"type":"Point","coordinates":[13.3827394,49.7480092]},"properties":{"natural":"tree","ref:plzen:strom":7917,"RC":"Pasportizovaný strom","ID_STR":7917}},{"type":"Feature","geometry":{"type":"Point","coordinates":[13.3818538,49.751056]},"properties":{"natural":"tree","ref:plzen:strom":8640,"RC":"Pasportizovaný strom","ID_STR":8640}},{"type":"Feature","geometry":{"type":"Point","coordinates":[13.3819886,49.7510233]},"properties":{"natural":"tree","ref:plzen:strom":8644,"RC":"Pasportizovaný strom","ID_STR":8644}},{"type":"Feature","geometry":{"type":"Point","coordinates":[13.381608,49.7510589]},"properties":{"natural":"tree","ref:plzen:strom":72408,"RC":"Pasportizovaný strom","ID_STR":72408}},{"type":"Feature","geometry":{"type":"Point","coordinates":[13.3819539,49.7509813]},"properties":{"natural":"tree","ref:plzen:strom":8642,"RC":"Pasportizovaný strom","ID_STR":8642}},{"type":"Feature","geometry":{"type":"Point","coordinates":[13.3821503,49.750967]},"properties":{"natural":"tree","ref:plzen:strom":8645,"RC":"Pasportizovaný strom","ID_STR":8645}},{"type":"Feature","geometry":{"type":"Point","coordinates":[13.3818878,49.7509147]},"properties":{"natural":"tree","ref:plzen:strom":8610,"RC":"Pasportizovaný strom","ID_STR":8610}},{"type":"Feature","geometry":{"type":"Point","coordinates":[13.3820396,49.7509007]},"properties":{"natural":"tree","ref:plzen:strom":8602,"RC":"Pasportizovaný strom","ID_STR":8602}},{"type":"Feature","geometry":{"type":"Point","coordinates":[13.3813706,49.7509682]},"properties":{"natural":"tree","ref:plzen:strom":8639,"RC":"Pasportizovaný strom","ID_STR":8639}},{"type":"Feature","geometry":{"type":"Point","coordinates":[13.3810146,49.7509521]},"properties":{"natural":"tree","ref:plzen:strom":8634,"RC":"Pasportizovaný strom","ID_STR":8634}},{"type":"Feature","geometry":{"type":"Point","coordinates":[13.381096,49.7509295]},"properties":{"natural":"tree","ref:plzen:strom":8637,"RC":"Pasportizovaný strom","ID_STR":8637}},{"type":"Feature","geometry":{"type":"Point","coordinates":[13.3806032,49.7509038]},"properties":{"natural":"tree","ref:plzen:strom":8621,"RC":"Pasportizovaný strom","ID_STR":8621}},{"type":"Feature","geometry":{"type":"Point","coordinates":[13.3805724,49.7508382]},"properties":{"natural":"tree","ref:plzen:strom":8626,"RC":"Pasportizovaný strom","ID_STR":8626}},{"type":"Feature","geometry":{"type":"Point","coordinates":[13.3804687,49.7507895]},"properties":{"natural":"tree","ref:plzen:strom":8616,"RC":"Pasportizovaný strom","ID_STR":8616}},{"type":"Feature","geometry":{"type":"Point","coordinates":[13.3803319,49.7507713]},"properties":{"natural":"tree","ref:plzen:strom":8612,"RC":"Pasportizovaný strom","ID_STR":8612}},{"type":"Feature","geometry":{"type":"Point","coordinates":[13.3800173,49.7507668]},"properties":{"natural":"tree","ref:plzen:strom":8607,"RC":"Pasportizovaný strom","ID_STR":8607}},{"type":"Feature","geometry":{"type":"Point","coordinates":[13.3797316,49.7506128]},"properties":{"natural":"tree","ref:plzen:strom":69499,"RC":"Pasportizovaný strom","ID_STR":69499}},{"type":"Feature","geometry":{"type":"Point","coordinates":[13.3804531,49.7505647]},"properties":{"natural":"tree","ref:plzen:strom":69497,"RC":"Pasportizovaný strom","ID_STR":69497}},{"type":"Feature","geometry":{"type":"Point","coordinates":[13.3803823,49.7505297]},"properties":{"natural":"tree","ref:plzen:strom":69498,"RC":"Pasportizovaný strom","ID_STR":69498}},{"type":"Feature","geometry":{"type":"Point","coordinates":[13.3804475,49.7504361]},"properties":{"natural":"tree","ref:plzen:strom":8633,"RC":"Pasportizovaný strom","ID_STR":8633}},{"type":"Feature","geometry":{"type":"Point","coordinates":[13.3805299,49.7502425]},"properties":{"natural":"tree","ref:plzen:strom":8632,"RC":"Pasportizovaný strom","ID_STR":8632}},{"type":"Feature","geometry":{"type":"Point","coordinates":[13.3805034,49.7501825]},"properties":{"natural":"tree","ref:plzen:strom":8631,"RC":"Pasportizovaný strom","ID_STR":8631}},{"type":"Feature","geometry":{"type":"Point","coordinates":[13.3808341,49.7501525]},"properties":{"natural":"tree","ref:plzen:strom":8629,"RC":"Pasportizovaný strom","ID_STR":8629}},{"type":"Feature","geometry":{"type":"Point","coordinates":[13.3809087,49.75013]},"properties":{"natural":"tree","ref:plzen:strom":8628,"RC":"Pasportizovaný strom","ID_STR":8628}},{"type":"Feature","geometry":{"type":"Point","coordinates":[13.3809853,49.7501065]},"properties":{"natural":"tree","ref:plzen:strom":8627,"RC":"Pasportizovaný strom","ID_STR":8627}},{"type":"Feature","geometry":{"type":"Point","coordinates":[13.3802443,49.7501467]},"properties":{"natural":"tree","ref:plzen:strom":8635,"RC":"Pasportizovaný strom","ID_STR":8635}},{"type":"Feature","geometry":{"type":"Point","coordinates":[13.3823086,49.7501644]},"properties":{"natural":"tree","ref:plzen:strom":8615,"RC":"Pasportizovaný strom","ID_STR":8615}},{"type":"Feature","geometry":{"type":"Point","coordinates":[13.3823485,49.7502477]},"properties":{"natural":"tree","ref:plzen:strom":8617,"RC":"Pasportizovaný strom","ID_STR":8617}},{"type":"Feature","geometry":{"type":"Point","coordinates":[13.3823915,49.7503338]},"properties":{"natural":"tree","ref:plzen:strom":8618,"RC":"Pasportizovaný strom","ID_STR":8618}},{"type":"Feature","geometry":{"type":"Point","coordinates":[13.3825019,49.7502749]},"properties":{"natural":"tree","ref:plzen:strom":8623,"RC":"Pasportizovaný strom","ID_STR":8623}},{"type":"Feature","geometry":{"type":"Point","coordinates":[13.3824967,49.7503923]},"properties":{"natural":"tree","ref:plzen:strom":8620,"RC":"Pasportizovaný strom","ID_STR":8620}},{"type":"Feature","geometry":{"type":"Point","coordinates":[13.382581,49.7503332]},"properties":{"natural":"tree","ref:plzen:strom":8622,"RC":"Pasportizovaný strom","ID_STR":8622}},{"type":"Feature","geometry":{"type":"Point","coordinates":[13.3829968,49.7504607]},"properties":{"natural":"tree","ref:plzen:strom":8219,"RC":"Pasportizovaný strom","ID_STR":8219}},{"type":"Feature","geometry":{"type":"Point","coordinates":[13.3793168,49.7515653]},"properties":{"natural":"tree","ref:plzen:strom":69511,"RC":"Pasportizovaný strom","ID_STR":69511}},{"type":"Feature","geometry":{"type":"Point","coordinates":[13.3793273,49.7514984]},"properties":{"natural":"tree","ref:plzen:strom":69510,"RC":"Pasportizovaný strom","ID_STR":69510}},{"type":"Feature","geometry":{"type":"Point","coordinates":[13.3792477,49.7518246]},"properties":{"natural":"tree","ref:plzen:strom":69513,"RC":"Pasportizovaný strom","ID_STR":69513}},{"type":"Feature","geometry":{"type":"Point","coordinates":[13.3792266,49.7517896]},"properties":{"natural":"tree","ref:plzen:strom":69512,"RC":"Pasportizovaný strom","ID_STR":69512}},{"type":"Feature","geometry":{"type":"Point","coordinates":[13.3792152,49.7518572]},"properties":{"natural":"tree","ref:plzen:strom":69514,"RC":"Pasportizovaný strom","ID_STR":69514}},{"type":"Feature","geometry":{"type":"Point","coordinates":[13.3791846,49.7518674]},"properties":{"natural":"tree","ref:plzen:strom":69515,"RC":"Pasportizovaný strom","ID_STR":69515}},{"type":"Feature","geometry":{"type":"Point","coordinates":[13.3788308,49.7513974]},"properties":{"natural":"tree","ref:plzen:strom":69506,"RC":"Pasportizovaný strom","ID_STR":69506}},{"type":"Feature","geometry":{"type":"Point","coordinates":[13.3785917,49.7518046]},"properties":{"natural":"tree","ref:plzen:strom":25950,"RC":"Pasportizovaný strom","ID_STR":25950}},{"type":"Feature","geometry":{"type":"Point","coordinates":[13.3780276,49.7497289]},"properties":{"natural":"tree","ref:plzen:strom":395,"RC":"Pasportizovaný strom","ID_STR":395}},{"type":"Feature","geometry":{"type":"Point","coordinates":[13.3778864,49.7497463]},"properties":{"natural":"tree","ref:plzen:strom":384,"RC":"Pasportizovaný strom","ID_STR":384}},{"type":"Feature","geometry":{"type":"Point","coordinates":[13.3779427,49.749759]},"properties":{"natural":"tree","ref:plzen:strom":397,"RC":"Pasportizovaný strom","ID_STR":397}},{"type":"Feature","geometry":{"type":"Point","coordinates":[13.3778274,49.7497765]},"properties":{"natural":"tree","ref:plzen:strom":393,"RC":"Pasportizovaný strom","ID_STR":393}},{"type":"Feature","geometry":{"type":"Point","coordinates":[13.3783206,49.7498226]},"properties":{"natural":"tree","ref:plzen:strom":388,"RC":"Pasportizovaný strom","ID_STR":388}},{"type":"Feature","geometry":{"type":"Point","coordinates":[13.3782176,49.7498509]},"properties":{"natural":"tree","ref:plzen:strom":389,"RC":"Pasportizovaný strom","ID_STR":389}},{"type":"Feature","geometry":{"type":"Point","coordinates":[13.3778644,49.7499506]},"properties":{"natural":"tree","ref:plzen:strom":398,"RC":"Pasportizovaný strom","ID_STR":398}},{"type":"Feature","geometry":{"type":"Point","coordinates":[13.3776798,49.7499949]},"properties":{"natural":"tree","ref:plzen:strom":400,"RC":"Pasportizovaný strom","ID_STR":400}},{"type":"Feature","geometry":{"type":"Point","coordinates":[13.3784501,49.7497921]},"properties":{"natural":"tree","ref:plzen:strom":382,"RC":"Pasportizovaný strom","ID_STR":382}},{"type":"Feature","geometry":{"type":"Point","coordinates":[13.3785904,49.7497627]},"properties":{"natural":"tree","ref:plzen:strom":372,"RC":"Pasportizovaný strom","ID_STR":372}},{"type":"Feature","geometry":{"type":"Point","coordinates":[13.3787074,49.7495797]},"properties":{"natural":"tree","ref:plzen:strom":394,"RC":"Pasportizovaný strom","ID_STR":394}},{"type":"Feature","geometry":{"type":"Point","coordinates":[13.3791059,49.7496982]},"properties":{"natural":"tree","ref:plzen:strom":392,"RC":"Pasportizovaný strom","ID_STR":392}},{"type":"Feature","geometry":{"type":"Point","coordinates":[13.3791585,49.7496793]},"properties":{"natural":"tree","ref:plzen:strom":391,"RC":"Pasportizovaný strom","ID_STR":391}},{"type":"Feature","geometry":{"type":"Point","coordinates":[13.3791698,49.7496468]},"properties":{"natural":"tree","ref:plzen:strom":390,"RC":"Pasportizovaný strom","ID_STR":390}},{"type":"Feature","geometry":{"type":"Point","coordinates":[13.3795326,49.7495988]},"properties":{"natural":"tree","ref:plzen:strom":369,"RC":"Pasportizovaný strom","ID_STR":369}},{"type":"Feature","geometry":{"type":"Point","coordinates":[13.3796462,49.7495641]},"properties":{"natural":"tree","ref:plzen:strom":7980,"RC":"Pasportizovaný strom","ID_STR":7980}},{"type":"Feature","geometry":{"type":"Point","coordinates":[13.3797411,49.7495397]},"properties":{"natural":"tree","ref:plzen:strom":7981,"RC":"Pasportizovaný strom","ID_STR":7981}},{"type":"Feature","geometry":{"type":"Point","coordinates":[13.3785488,49.7500988]},"properties":{"natural":"tree","ref:plzen:strom":69488,"RC":"Pasportizovaný strom","ID_STR":69488}},{"type":"Feature","geometry":{"type":"Point","coordinates":[13.3787268,49.7500519]},"properties":{"natural":"tree","ref:plzen:strom":69489,"RC":"Pasportizovaný strom","ID_STR":69489}},{"type":"Feature","geometry":{"type":"Point","coordinates":[13.378885,49.7500187]},"properties":{"natural":"tree","ref:plzen:strom":69490,"RC":"Pasportizovaný strom","ID_STR":69490}},{"type":"Feature","geometry":{"type":"Point","coordinates":[13.3800236,49.7497429]},"properties":{"natural":"tree","ref:plzen:strom":69493,"RC":"Pasportizovaný strom","ID_STR":69493}},{"type":"Feature","geometry":{"type":"Point","coordinates":[13.3801187,49.7497683]},"properties":{"natural":"tree","ref:plzen:strom":69494,"RC":"Pasportizovaný strom","ID_STR":69494}},{"type":"Feature","geometry":{"type":"Point","coordinates":[13.3801704,49.7497271]},"properties":{"natural":"tree","ref:plzen:strom":69495,"RC":"Pasportizovaný strom","ID_STR":69495}},{"type":"Feature","geometry":{"type":"Point","coordinates":[13.3792379,49.7499279]},"properties":{"natural":"tree","ref:plzen:strom":69491,"RC":"Pasportizovaný strom","ID_STR":69491}},{"type":"Feature","geometry":{"type":"Point","coordinates":[13.3790551,49.7499785]},"properties":{"natural":"tree","ref:plzen:strom":69492,"RC":"Pasportizovaný strom","ID_STR":69492}},{"type":"Feature","geometry":{"type":"Point","coordinates":[13.3783448,49.7517149]},"properties":{"natural":"tree","ref:plzen:strom":25947,"RC":"Pasportizovaný strom","ID_STR":25947}},{"type":"Feature","geometry":{"type":"Point","coordinates":[13.3780939,49.7517175]},"properties":{"natural":"tree","ref:plzen:strom":24687,"RC":"Pasportizovaný strom","ID_STR":24687}},{"type":"Feature","geometry":{"type":"Point","coordinates":[13.3781021,49.7516734]},"properties":{"natural":"tree","ref:plzen:strom":24686,"RC":"Pasportizovaný strom","ID_STR":24686}},{"type":"Feature","geometry":{"type":"Point","coordinates":[13.3782198,49.7516523]},"properties":{"natural":"tree","ref:plzen:strom":25946,"RC":"Pasportizovaný strom","ID_STR":25946}},{"type":"Feature","geometry":{"type":"Point","coordinates":[13.378115,49.7516309]},"properties":{"natural":"tree","ref:plzen:strom":24685,"RC":"Pasportizovaný strom","ID_STR":24685}},{"type":"Feature","geometry":{"type":"Point","coordinates":[13.3781136,49.7515874]},"properties":{"natural":"tree","ref:plzen:strom":24684,"RC":"Pasportizovaný strom","ID_STR":24684}},{"type":"Feature","geometry":{"type":"Point","coordinates":[13.3781209,49.751541]},"properties":{"natural":"tree","ref:plzen:strom":24683,"RC":"Pasportizovaný strom","ID_STR":24683}},{"type":"Feature","geometry":{"type":"Point","coordinates":[13.3784152,49.7515102]},"properties":{"natural":"tree","ref:plzen:strom":25954,"RC":"Pasportizovaný strom","ID_STR":25954}},{"type":"Feature","geometry":{"type":"Point","coordinates":[13.3785445,49.7515133]},"properties":{"natural":"tree","ref:plzen:strom":25953,"RC":"Pasportizovaný strom","ID_STR":25953}},{"type":"Feature","geometry":{"type":"Point","coordinates":[13.3786559,49.751529]},"properties":{"natural":"tree","ref:plzen:strom":25952,"RC":"Pasportizovaný strom","ID_STR":25952}},{"type":"Feature","geometry":{"type":"Point","coordinates":[13.3787788,49.7515435]},"properties":{"natural":"tree","ref:plzen:strom":25951,"RC":"Pasportizovaný strom","ID_STR":25951}},{"type":"Feature","geometry":{"type":"Point","coordinates":[13.3786939,49.7514461]},"properties":{"natural":"tree","ref:plzen:strom":25960,"RC":"Pasportizovaný strom","ID_STR":25960}},{"type":"Feature","geometry":{"type":"Point","coordinates":[13.3785995,49.7514369]},"properties":{"natural":"tree","ref:plzen:strom":25959,"RC":"Pasportizovaný strom","ID_STR":25959}},{"type":"Feature","geometry":{"type":"Point","coordinates":[13.3784808,49.7514204]},"properties":{"natural":"tree","ref:plzen:strom":25958,"RC":"Pasportizovaný strom","ID_STR":25958}},{"type":"Feature","geometry":{"type":"Point","coordinates":[13.3783828,49.7514107]},"properties":{"natural":"tree","ref:plzen:strom":25957,"RC":"Pasportizovaný strom","ID_STR":25957}},{"type":"Feature","geometry":{"type":"Point","coordinates":[13.3782929,49.7514933]},"properties":{"natural":"tree","ref:plzen:strom":25955,"RC":"Pasportizovaný strom","ID_STR":25955}},{"type":"Feature","geometry":{"type":"Point","coordinates":[13.3782801,49.7514054]},"properties":{"natural":"tree","ref:plzen:strom":25956,"RC":"Pasportizovaný strom","ID_STR":25956}},{"type":"Feature","geometry":{"type":"Point","coordinates":[13.3781684,49.7514781]},"properties":{"natural":"tree","ref:plzen:strom":24725,"RC":"Pasportizovaný strom","ID_STR":24725}},{"type":"Feature","geometry":{"type":"Point","coordinates":[13.3780694,49.7514707]},"properties":{"natural":"tree","ref:plzen:strom":24724,"RC":"Pasportizovaný strom","ID_STR":24724}},{"type":"Feature","geometry":{"type":"Point","coordinates":[13.3783823,49.7517933]},"properties":{"natural":"tree","ref:plzen:strom":25949,"RC":"Pasportizovaný strom","ID_STR":25949}},{"type":"Feature","geometry":{"type":"Point","coordinates":[13.38026,49.7497052]},"properties":{"natural":"tree","ref:plzen:strom":69496,"RC":"Pasportizovaný strom","ID_STR":69496}},{"type":"Feature","geometry":{"type":"Point","coordinates":[13.3805395,49.7496632]},"properties":{"natural":"tree","ref:plzen:strom":8636,"RC":"Pasportizovaný strom","ID_STR":8636}},{"type":"Feature","geometry":{"type":"Point","coordinates":[13.3802712,49.749407]},"properties":{"natural":"tree","ref:plzen:strom":385,"RC":"Pasportizovaný strom","ID_STR":385}},{"type":"Feature","geometry":{"type":"Point","coordinates":[13.3803065,49.7493984]},"properties":{"natural":"tree","ref:plzen:strom":386,"RC":"Pasportizovaný strom","ID_STR":386}},{"type":"Feature","geometry":{"type":"Point","coordinates":[13.3804193,49.7493759]},"properties":{"natural":"tree","ref:plzen:strom":387,"RC":"Pasportizovaný strom","ID_STR":387}},{"type":"Feature","geometry":{"type":"Point","coordinates":[13.3805054,49.7493882]},"properties":{"natural":"tree","ref:plzen:strom":367,"RC":"Pasportizovaný strom","ID_STR":367}},{"type":"Feature","geometry":{"type":"Point","coordinates":[13.3804931,49.7492902]},"properties":{"natural":"tree","ref:plzen:strom":383,"RC":"Pasportizovaný strom","ID_STR":383}},{"type":"Feature","geometry":{"type":"Point","coordinates":[13.3805446,49.749276]},"properties":{"natural":"tree","ref:plzen:strom":381,"RC":"Pasportizovaný strom","ID_STR":381}},{"type":"Feature","geometry":{"type":"Point","coordinates":[13.3805431,49.7493538]},"properties":{"natural":"tree","ref:plzen:strom":364,"RC":"Pasportizovaný strom","ID_STR":364}},{"type":"Feature","geometry":{"type":"Point","coordinates":[13.3805802,49.7494095]},"properties":{"natural":"tree","ref:plzen:strom":377,"RC":"Pasportizovaný strom","ID_STR":377}},{"type":"Feature","geometry":{"type":"Point","coordinates":[13.3806623,49.7494142]},"properties":{"natural":"tree","ref:plzen:strom":380,"RC":"Pasportizovaný strom","ID_STR":380}},{"type":"Feature","geometry":{"type":"Point","coordinates":[13.3809055,49.7492744]},"properties":{"natural":"tree","ref:plzen:strom":379,"RC":"Pasportizovaný strom","ID_STR":379}},{"type":"Feature","geometry":{"type":"Point","coordinates":[13.3810547,49.7492893]},"properties":{"natural":"tree","ref:plzen:strom":66992,"RC":"Pasportizovaný strom","ID_STR":66992}},{"type":"Feature","geometry":{"type":"Point","coordinates":[13.3811022,49.7493086]},"properties":{"natural":"tree","ref:plzen:strom":374,"RC":"Pasportizovaný strom","ID_STR":374}},{"type":"Feature","geometry":{"type":"Point","coordinates":[13.3811699,49.749285]},"properties":{"natural":"tree","ref:plzen:strom":370,"RC":"Pasportizovaný strom","ID_STR":370}},{"type":"Feature","geometry":{"type":"Point","coordinates":[13.3809083,49.7475893]},"properties":{"natural":"tree","ref:plzen:strom":347,"RC":"Pasportizovaný strom","ID_STR":347}},{"type":"Feature","geometry":{"type":"Point","coordinates":[13.3809749,49.7476495]},"properties":{"natural":"tree","ref:plzen:strom":7943,"RC":"Pasportizovaný strom","ID_STR":7943}},{"type":"Feature","geometry":{"type":"Point","coordinates":[13.3813284,49.7477891]},"properties":{"natural":"tree","ref:plzen:strom":348,"RC":"Pasportizovaný strom","ID_STR":348}},{"type":"Feature","geometry":{"type":"Point","coordinates":[13.3811124,49.7478728]},"properties":{"natural":"tree","ref:plzen:strom":24570,"RC":"Pasportizovaný strom","ID_STR":24570}},{"type":"Feature","geometry":{"type":"Point","coordinates":[13.3808776,49.7479383]},"properties":{"natural":"tree","ref:plzen:strom":7941,"RC":"Pasportizovaný strom","ID_STR":7941}},{"type":"Feature","geometry":{"type":"Point","coordinates":[13.3811948,49.7478997]},"properties":{"natural":"tree","ref:plzen:strom":7978,"RC":"Pasportizovaný strom","ID_STR":7978}},{"type":"Feature","geometry":{"type":"Point","coordinates":[13.380904,49.7479842]},"properties":{"natural":"tree","ref:plzen:strom":7940,"RC":"Pasportizovaný strom","ID_STR":7940}},{"type":"Feature","geometry":{"type":"Point","coordinates":[13.3815171,49.7478221]},"properties":{"natural":"tree","ref:plzen:strom":336,"RC":"Pasportizovaný strom","ID_STR":336}},{"type":"Feature","geometry":{"type":"Point","coordinates":[13.3809296,49.7480493]},"properties":{"natural":"tree","ref:plzen:strom":7938,"RC":"Pasportizovaný strom","ID_STR":7938}},{"type":"Feature","geometry":{"type":"Point","coordinates":[13.3809722,49.7481209]},"properties":{"natural":"tree","ref:plzen:strom":7937,"RC":"Pasportizovaný strom","ID_STR":7937}},{"type":"Feature","geometry":{"type":"Point","coordinates":[13.3810221,49.7481931]},"properties":{"natural":"tree","ref:plzen:strom":7936,"RC":"Pasportizovaný strom","ID_STR":7936}},{"type":"Feature","geometry":{"type":"Point","coordinates":[13.3811809,49.7482008]},"properties":{"natural":"tree","ref:plzen:strom":49050,"RC":"Pasportizovaný strom","ID_STR":49050}},{"type":"Feature","geometry":{"type":"Point","coordinates":[13.3810547,49.7482758]},"properties":{"natural":"tree","ref:plzen:strom":7933,"RC":"Pasportizovaný strom","ID_STR":7933}},{"type":"Feature","geometry":{"type":"Point","coordinates":[13.3812281,49.7482849]},"properties":{"natural":"tree","ref:plzen:strom":49049,"RC":"Pasportizovaný strom","ID_STR":49049}},{"type":"Feature","geometry":{"type":"Point","coordinates":[13.3810986,49.7483739]},"properties":{"natural":"tree","ref:plzen:strom":7928,"RC":"Pasportizovaný strom","ID_STR":7928}},{"type":"Feature","geometry":{"type":"Point","coordinates":[13.3813074,49.7481803]},"properties":{"natural":"tree","ref:plzen:strom":7945,"RC":"Pasportizovaný strom","ID_STR":7945}},{"type":"Feature","geometry":{"type":"Point","coordinates":[13.381278,49.7483572]},"properties":{"natural":"tree","ref:plzen:strom":49048,"RC":"Pasportizovaný strom","ID_STR":49048}},{"type":"Feature","geometry":{"type":"Point","coordinates":[13.3811628,49.7484645]},"properties":{"natural":"tree","ref:plzen:strom":7924,"RC":"Pasportizovaný strom","ID_STR":7924}},{"type":"Feature","geometry":{"type":"Point","coordinates":[13.381318,49.7487511]},"properties":{"natural":"tree","ref:plzen:strom":378,"RC":"Pasportizovaný strom","ID_STR":378}},{"type":"Feature","geometry":{"type":"Point","coordinates":[13.3813481,49.7488285]},"properties":{"natural":"tree","ref:plzen:strom":376,"RC":"Pasportizovaný strom","ID_STR":376}},{"type":"Feature","geometry":{"type":"Point","coordinates":[13.3813694,49.7488954]},"properties":{"natural":"tree","ref:plzen:strom":375,"RC":"Pasportizovaný strom","ID_STR":375}},{"type":"Feature","geometry":{"type":"Point","coordinates":[13.3813986,49.7489607]},"properties":{"natural":"tree","ref:plzen:strom":373,"RC":"Pasportizovaný strom","ID_STR":373}},{"type":"Feature","geometry":{"type":"Point","coordinates":[13.3815145,49.748917]},"properties":{"natural":"tree","ref:plzen:strom":49042,"RC":"Pasportizovaný strom","ID_STR":49042}},{"type":"Feature","geometry":{"type":"Point","coordinates":[13.3814798,49.7487957]},"properties":{"natural":"tree","ref:plzen:strom":49043,"RC":"Pasportizovaný strom","ID_STR":49043}},{"type":"Feature","geometry":{"type":"Point","coordinates":[13.3814496,49.7487182]},"properties":{"natural":"tree","ref:plzen:strom":49044,"RC":"Pasportizovaný strom","ID_STR":49044}},{"type":"Feature","geometry":{"type":"Point","coordinates":[13.3814268,49.7486413]},"properties":{"natural":"tree","ref:plzen:strom":49045,"RC":"Pasportizovaný strom","ID_STR":49045}},{"type":"Feature","geometry":{"type":"Point","coordinates":[13.3811915,49.7485322]},"properties":{"natural":"tree","ref:plzen:strom":7919,"RC":"Pasportizovaný strom","ID_STR":7919}},{"type":"Feature","geometry":{"type":"Point","coordinates":[13.3813622,49.748505]},"properties":{"natural":"tree","ref:plzen:strom":49046,"RC":"Pasportizovaný strom","ID_STR":49046}},{"type":"Feature","geometry":{"type":"Point","coordinates":[13.3813117,49.7484351]},"properties":{"natural":"tree","ref:plzen:strom":49047,"RC":"Pasportizovaný strom","ID_STR":49047}},{"type":"Feature","geometry":{"type":"Point","coordinates":[13.381361,49.7482842]},"properties":{"natural":"tree","ref:plzen:strom":7901,"RC":"Pasportizovaný strom","ID_STR":7901}},{"type":"Feature","geometry":{"type":"Point","coordinates":[13.3821949,49.74871]},"properties":{"natural":"tree","ref:plzen:strom":371,"RC":"Pasportizovaný strom","ID_STR":371}},{"type":"Feature","geometry":{"type":"Point","coordinates":[13.3822156,49.7486203]},"properties":{"natural":"tree","ref:plzen:strom":24566,"RC":"Pasportizovaný strom","ID_STR":24566}},{"type":"Feature","geometry":{"type":"Point","coordinates":[13.3823609,49.7484286]},"properties":{"natural":"tree","ref:plzen:strom":358,"RC":"Pasportizovaný strom","ID_STR":358}},{"type":"Feature","geometry":{"type":"Point","coordinates":[13.3824132,49.7489716]},"properties":{"natural":"tree","ref:plzen:strom":368,"RC":"Pasportizovaný strom","ID_STR":368}},{"type":"Feature","geometry":{"type":"Point","coordinates":[13.3824253,49.7489213]},"properties":{"natural":"tree","ref:plzen:strom":49041,"RC":"Pasportizovaný strom","ID_STR":49041}},{"type":"Feature","geometry":{"type":"Point","coordinates":[13.3823928,49.7488666]},"properties":{"natural":"tree","ref:plzen:strom":24568,"RC":"Pasportizovaný strom","ID_STR":24568}},{"type":"Feature","geometry":{"type":"Point","coordinates":[13.3824662,49.7488718]},"properties":{"natural":"tree","ref:plzen:strom":24569,"RC":"Pasportizovaný strom","ID_STR":24569}},{"type":"Feature","geometry":{"type":"Point","coordinates":[13.382617,49.7489294]},"properties":{"natural":"tree","ref:plzen:strom":7962,"RC":"Pasportizovaný strom","ID_STR":7962}},{"type":"Feature","geometry":{"type":"Point","coordinates":[13.3825388,49.7488046]},"properties":{"natural":"tree","ref:plzen:strom":363,"RC":"Pasportizovaný strom","ID_STR":363}},{"type":"Feature","geometry":{"type":"Point","coordinates":[13.3826964,49.7488757]},"properties":{"natural":"tree","ref:plzen:strom":7961,"RC":"Pasportizovaný strom","ID_STR":7961}},{"type":"Feature","geometry":{"type":"Point","coordinates":[13.3825985,49.7487731]},"properties":{"natural":"tree","ref:plzen:strom":65589,"RC":"Pasportizovaný strom","ID_STR":65589}},{"type":"Feature","geometry":{"type":"Point","coordinates":[13.3826084,49.7487666]},"properties":{"natural":"tree","ref:plzen:strom":362,"RC":"Pasportizovaný strom","ID_STR":362}},{"type":"Feature","geometry":{"type":"Point","coordinates":[13.3824089,49.7486861]},"properties":{"natural":"tree","ref:plzen:strom":24567,"RC":"Pasportizovaný strom","ID_STR":24567}},{"type":"Feature","geometry":{"type":"Point","coordinates":[13.3827597,49.748819]},"properties":{"natural":"tree","ref:plzen:strom":7960,"RC":"Pasportizovaný strom","ID_STR":7960}},{"type":"Feature","geometry":{"type":"Point","coordinates":[13.3826934,49.7487291]},"properties":{"natural":"tree","ref:plzen:strom":361,"RC":"Pasportizovaný strom","ID_STR":361}},{"type":"Feature","geometry":{"type":"Point","coordinates":[13.3828254,49.7487551]},"properties":{"natural":"tree","ref:plzen:strom":7957,"RC":"Pasportizovaný strom","ID_STR":7957}},{"type":"Feature","geometry":{"type":"Point","coordinates":[13.3827013,49.7486827]},"properties":{"natural":"tree","ref:plzen:strom":63968,"RC":"Pasportizovaný strom","ID_STR":63968}},{"type":"Feature","geometry":{"type":"Point","coordinates":[13.3831348,49.7490474]},"properties":{"natural":"tree","ref:plzen:strom":8253,"RC":"Pasportizovaný strom","ID_STR":8253}},{"type":"Feature","geometry":{"type":"Point","coordinates":[13.3828972,49.7486981]},"properties":{"natural":"tree","ref:plzen:strom":7979,"RC":"Pasportizovaný strom","ID_STR":7979}},{"type":"Feature","geometry":{"type":"Point","coordinates":[13.3824159,49.7485733]},"properties":{"natural":"tree","ref:plzen:strom":359,"RC":"Pasportizovaný strom","ID_STR":359}},{"type":"Feature","geometry":{"type":"Point","coordinates":[13.3827478,49.7485963]},"properties":{"natural":"tree","ref:plzen:strom":360,"RC":"Pasportizovaný strom","ID_STR":360}},{"type":"Feature","geometry":{"type":"Point","coordinates":[13.3829605,49.7486407]},"properties":{"natural":"tree","ref:plzen:strom":7959,"RC":"Pasportizovaný strom","ID_STR":7959}},{"type":"Feature","geometry":{"type":"Point","coordinates":[13.3830256,49.7485823]},"properties":{"natural":"tree","ref:plzen:strom":7958,"RC":"Pasportizovaný strom","ID_STR":7958}},{"type":"Feature","geometry":{"type":"Point","coordinates":[13.3825472,49.7484085]},"properties":{"natural":"tree","ref:plzen:strom":357,"RC":"Pasportizovaný strom","ID_STR":357}},{"type":"Feature","geometry":{"type":"Point","coordinates":[13.3826612,49.7483645]},"properties":{"natural":"tree","ref:plzen:strom":356,"RC":"Pasportizovaný strom","ID_STR":356}},{"type":"Feature","geometry":{"type":"Point","coordinates":[13.3828419,49.7484206]},"properties":{"natural":"tree","ref:plzen:strom":49039,"RC":"Pasportizovaný strom","ID_STR":49039}},{"type":"Feature","geometry":{"type":"Point","coordinates":[13.3830741,49.7482116]},"properties":{"natural":"tree","ref:plzen:strom":49040,"RC":"Pasportizovaný strom","ID_STR":49040}},{"type":"Feature","geometry":{"type":"Point","coordinates":[13.3832717,49.7483394]},"properties":{"natural":"tree","ref:plzen:strom":7952,"RC":"Pasportizovaný strom","ID_STR":7952}},{"type":"Feature","geometry":{"type":"Point","coordinates":[13.3822464,49.7500019]},"properties":{"natural":"tree","ref:plzen:strom":8614,"RC":"Pasportizovaný strom","ID_STR":8614}},{"type":"Feature","geometry":{"type":"Point","coordinates":[13.382221,49.7498887]},"properties":{"natural":"tree","ref:plzen:strom":8613,"RC":"Pasportizovaný strom","ID_STR":8613}},{"type":"Feature","geometry":{"type":"Point","coordinates":[13.3822098,49.7497938]},"properties":{"natural":"tree","ref:plzen:strom":8611,"RC":"Pasportizovaný strom","ID_STR":8611}},{"type":"Feature","geometry":{"type":"Point","coordinates":[13.3822062,49.749714]},"properties":{"natural":"tree","ref:plzen:strom":8609,"RC":"Pasportizovaný strom","ID_STR":8609}},{"type":"Feature","geometry":{"type":"Point","coordinates":[13.3822046,49.7496417]},"properties":{"natural":"tree","ref:plzen:strom":8608,"RC":"Pasportizovaný strom","ID_STR":8608}},{"type":"Feature","geometry":{"type":"Point","coordinates":[13.3824782,49.7497576]},"properties":{"natural":"tree","ref:plzen:strom":8625,"RC":"Pasportizovaný strom","ID_STR":8625}},{"type":"Feature","geometry":{"type":"Point","coordinates":[13.3823241,49.7495596]},"properties":{"natural":"tree","ref:plzen:strom":8606,"RC":"Pasportizovaný strom","ID_STR":8606}},{"type":"Feature","geometry":{"type":"Point","coordinates":[13.382481,49.749587]},"properties":{"natural":"tree","ref:plzen:strom":8605,"RC":"Pasportizovaný strom","ID_STR":8605}},{"type":"Feature","geometry":{"type":"Point","coordinates":[13.3826048,49.7495342]},"properties":{"natural":"tree","ref:plzen:strom":8603,"RC":"Pasportizovaný strom","ID_STR":8603}},{"type":"Feature","geometry":{"type":"Point","coordinates":[13.3826494,49.7496132]},"properties":{"natural":"tree","ref:plzen:strom":8604,"RC":"Pasportizovaný strom","ID_STR":8604}},{"type":"Feature","geometry":{"type":"Point","coordinates":[13.382753,49.7493771]},"properties":{"natural":"tree","ref:plzen:strom":7801,"RC":"Pasportizovaný strom","ID_STR":7801}},{"type":"Feature","geometry":{"type":"Point","coordinates":[13.3827663,49.7494321]},"properties":{"natural":"tree","ref:plzen:strom":7824,"RC":"Pasportizovaný strom","ID_STR":7824}},{"type":"Feature","geometry":{"type":"Point","coordinates":[13.3827764,49.7496565]},"properties":{"natural":"tree","ref:plzen:strom":7810,"RC":"Pasportizovaný strom","ID_STR":7810}},{"type":"Feature","geometry":{"type":"Point","coordinates":[13.3829291,49.7494794]},"properties":{"natural":"tree","ref:plzen:strom":7814,"RC":"Pasportizovaný strom","ID_STR":7814}},{"type":"Feature","geometry":{"type":"Point","coordinates":[13.3829426,49.7494168]},"properties":{"natural":"tree","ref:plzen:strom":7817,"RC":"Pasportizovaný strom","ID_STR":7817}},{"type":"Feature","geometry":{"type":"Point","coordinates":[13.3832081,49.7495381]},"properties":{"natural":"tree","ref:plzen:strom":7841,"RC":"Pasportizovaný strom","ID_STR":7841}},{"type":"Feature","geometry":{"type":"Point","coordinates":[13.3832085,49.7494733]},"properties":{"natural":"tree","ref:plzen:strom":7842,"RC":"Pasportizovaný strom","ID_STR":7842}},{"type":"Feature","geometry":{"type":"Point","coordinates":[13.3832219,49.7497003]},"properties":{"natural":"tree","ref:plzen:strom":7826,"RC":"Pasportizovaný strom","ID_STR":7826}},{"type":"Feature","geometry":{"type":"Point","coordinates":[13.3832351,49.7496128]},"properties":{"natural":"tree","ref:plzen:strom":7828,"RC":"Pasportizovaný strom","ID_STR":7828}},{"type":"Feature","geometry":{"type":"Point","coordinates":[13.3832806,49.7497181]},"properties":{"natural":"tree","ref:plzen:strom":7840,"RC":"Pasportizovaný strom","ID_STR":7840}},{"type":"Feature","geometry":{"type":"Point","coordinates":[13.3831609,49.7493918]},"properties":{"natural":"tree","ref:plzen:strom":7843,"RC":"Pasportizovaný strom","ID_STR":7843}},{"type":"Feature","geometry":{"type":"Point","coordinates":[13.3833127,49.7498198]},"properties":{"natural":"tree","ref:plzen:strom":7818,"RC":"Pasportizovaný strom","ID_STR":7818}},{"type":"Feature","geometry":{"type":"Point","coordinates":[13.3833326,49.7498769]},"properties":{"natural":"tree","ref:plzen:strom":7819,"RC":"Pasportizovaný strom","ID_STR":7819}},{"type":"Feature","geometry":{"type":"Point","coordinates":[13.383109,49.7492018]},"properties":{"natural":"tree","ref:plzen:strom":7855,"RC":"Pasportizovaný strom","ID_STR":7855}},{"type":"Feature","geometry":{"type":"Point","coordinates":[13.3832315,49.7493027]},"properties":{"natural":"tree","ref:plzen:strom":7851,"RC":"Pasportizovaný strom","ID_STR":7851}},{"type":"Feature","geometry":{"type":"Point","coordinates":[13.3832462,49.7492489]},"properties":{"natural":"tree","ref:plzen:strom":7853,"RC":"Pasportizovaný strom","ID_STR":7853}},{"type":"Feature","geometry":{"type":"Point","coordinates":[13.3833509,49.7494765]},"properties":{"natural":"tree","ref:plzen:strom":7838,"RC":"Pasportizovaný strom","ID_STR":7838}},{"type":"Feature","geometry":{"type":"Point","coordinates":[13.3833566,49.749432]},"properties":{"natural":"tree","ref:plzen:strom":8202,"RC":"Pasportizovaný strom","ID_STR":8202}},{"type":"Feature","geometry":{"type":"Point","coordinates":[13.3833681,49.7494722]},"properties":{"natural":"tree","ref:plzen:strom":7839,"RC":"Pasportizovaný strom","ID_STR":7839}},{"type":"Feature","geometry":{"type":"Point","coordinates":[13.3833874,49.7497526]},"properties":{"natural":"tree","ref:plzen:strom":7845,"RC":"Pasportizovaný strom","ID_STR":7845}},{"type":"Feature","geometry":{"type":"Point","coordinates":[13.3838434,49.7484758]},"properties":{"natural":"tree","ref:plzen:strom":8246,"RC":"Pasportizovaný strom","ID_STR":8246}},{"type":"Feature","geometry":{"type":"Point","coordinates":[13.3838333,49.7485244]},"properties":{"natural":"tree","ref:plzen:strom":8249,"RC":"Pasportizovaný strom","ID_STR":8249}},{"type":"Feature","geometry":{"type":"Point","coordinates":[13.3839279,49.7486171]},"properties":{"natural":"tree","ref:plzen:strom":7883,"RC":"Pasportizovaný strom","ID_STR":7883}},{"type":"Feature","geometry":{"type":"Point","coordinates":[13.3839793,49.7486491]},"properties":{"natural":"tree","ref:plzen:strom":8225,"RC":"Pasportizovaný strom","ID_STR":8225}},{"type":"Feature","geometry":{"type":"Point","coordinates":[13.3832093,49.7484004]},"properties":{"natural":"tree","ref:plzen:strom":7956,"RC":"Pasportizovaný strom","ID_STR":7956}},{"type":"Feature","geometry":{"type":"Point","coordinates":[13.3831494,49.7484598]},"properties":{"natural":"tree","ref:plzen:strom":7944,"RC":"Pasportizovaný strom","ID_STR":7944}},{"type":"Feature","geometry":{"type":"Point","coordinates":[13.383089,49.7485217]},"properties":{"natural":"tree","ref:plzen:strom":7955,"RC":"Pasportizovaný strom","ID_STR":7955}},{"type":"Feature","geometry":{"type":"Point","coordinates":[13.3834927,49.7489392]},"properties":{"natural":"tree","ref:plzen:strom":7892,"RC":"Pasportizovaný strom","ID_STR":7892}},{"type":"Feature","geometry":{"type":"Point","coordinates":[13.3838574,49.7488071]},"properties":{"natural":"tree","ref:plzen:strom":7870,"RC":"Pasportizovaný strom","ID_STR":7870}},{"type":"Feature","geometry":{"type":"Point","coordinates":[13.3838608,49.7487138]},"properties":{"natural":"tree","ref:plzen:strom":7869,"RC":"Pasportizovaný strom","ID_STR":7869}},{"type":"Feature","geometry":{"type":"Point","coordinates":[13.3838477,49.7489711]},"properties":{"natural":"tree","ref:plzen:strom":7882,"RC":"Pasportizovaný strom","ID_STR":7882}},{"type":"Feature","geometry":{"type":"Point","coordinates":[13.3837823,49.748906]},"properties":{"natural":"tree","ref:plzen:strom":7886,"RC":"Pasportizovaný strom","ID_STR":7886}},{"type":"Feature","geometry":{"type":"Point","coordinates":[13.3837401,49.7488715]},"properties":{"natural":"tree","ref:plzen:strom":7890,"RC":"Pasportizovaný strom","ID_STR":7890}},{"type":"Feature","geometry":{"type":"Point","coordinates":[13.3837337,49.7489294]},"properties":{"natural":"tree","ref:plzen:strom":7884,"RC":"Pasportizovaný strom","ID_STR":7884}},{"type":"Feature","geometry":{"type":"Point","coordinates":[13.3837202,49.7489977]},"properties":{"natural":"tree","ref:plzen:strom":7872,"RC":"Pasportizovaný strom","ID_STR":7872}},{"type":"Feature","geometry":{"type":"Point","coordinates":[13.3836517,49.7489872]},"properties":{"natural":"tree","ref:plzen:strom":7867,"RC":"Pasportizovaný strom","ID_STR":7867}},{"type":"Feature","geometry":{"type":"Point","coordinates":[13.3838404,49.7492202]},"properties":{"natural":"tree","ref:plzen:strom":7852,"RC":"Pasportizovaný strom","ID_STR":7852}},{"type":"Feature","geometry":{"type":"Point","coordinates":[13.3836912,49.7491846]},"properties":{"natural":"tree","ref:plzen:strom":7856,"RC":"Pasportizovaný strom","ID_STR":7856}},{"type":"Feature","geometry":{"type":"Point","coordinates":[13.3838048,49.7493013]},"properties":{"natural":"tree","ref:plzen:strom":7837,"RC":"Pasportizovaný strom","ID_STR":7837}},{"type":"Feature","geometry":{"type":"Point","coordinates":[13.3838253,49.7493761]},"properties":{"natural":"tree","ref:plzen:strom":7844,"RC":"Pasportizovaný strom","ID_STR":7844}},{"type":"Feature","geometry":{"type":"Point","coordinates":[13.3837245,49.7493815]},"properties":{"natural":"tree","ref:plzen:strom":7834,"RC":"Pasportizovaný strom","ID_STR":7834}},{"type":"Feature","geometry":{"type":"Point","coordinates":[13.3837272,49.7494617]},"properties":{"natural":"tree","ref:plzen:strom":7831,"RC":"Pasportizovaný strom","ID_STR":7831}},{"type":"Feature","geometry":{"type":"Point","coordinates":[13.3836685,49.7494844]},"properties":{"natural":"tree","ref:plzen:strom":7836,"RC":"Pasportizovaný strom","ID_STR":7836}},{"type":"Feature","geometry":{"type":"Point","coordinates":[13.3836002,49.7493407]},"properties":{"natural":"tree","ref:plzen:strom":7833,"RC":"Pasportizovaný strom","ID_STR":7833}},{"type":"Feature","geometry":{"type":"Point","coordinates":[13.3835454,49.7495234]},"properties":{"natural":"tree","ref:plzen:strom":7825,"RC":"Pasportizovaný strom","ID_STR":7825}},{"type":"Feature","geometry":{"type":"Point","coordinates":[13.3835264,49.7494196]},"properties":{"natural":"tree","ref:plzen:strom":7835,"RC":"Pasportizovaný strom","ID_STR":7835}},{"type":"Feature","geometry":{"type":"Point","coordinates":[13.3835303,49.7490929]},"properties":{"natural":"tree","ref:plzen:strom":8209,"RC":"Pasportizovaný strom","ID_STR":8209}},{"type":"Feature","geometry":{"type":"Point","coordinates":[13.3834829,49.7496806]},"properties":{"natural":"tree","ref:plzen:strom":7829,"RC":"Pasportizovaný strom","ID_STR":7829}},{"type":"Feature","geometry":{"type":"Point","coordinates":[13.383544,49.7496864]},"properties":{"natural":"tree","ref:plzen:strom":7830,"RC":"Pasportizovaný strom","ID_STR":7830}},{"type":"Feature","geometry":{"type":"Point","coordinates":[13.383499,49.7497828]},"properties":{"natural":"tree","ref:plzen:strom":7846,"RC":"Pasportizovaný strom","ID_STR":7846}},{"type":"Feature","geometry":{"type":"Point","coordinates":[13.3835846,49.7498128]},"properties":{"natural":"tree","ref:plzen:strom":7847,"RC":"Pasportizovaný strom","ID_STR":7847}},{"type":"Feature","geometry":{"type":"Point","coordinates":[13.3836616,49.7498324]},"properties":{"natural":"tree","ref:plzen:strom":7848,"RC":"Pasportizovaný strom","ID_STR":7848}},{"type":"Feature","geometry":{"type":"Point","coordinates":[13.3834459,49.7498521]},"properties":{"natural":"tree","ref:plzen:strom":7820,"RC":"Pasportizovaný strom","ID_STR":7820}},{"type":"Feature","geometry":{"type":"Point","coordinates":[13.3835036,49.7498745]},"properties":{"natural":"tree","ref:plzen:strom":7806,"RC":"Pasportizovaný strom","ID_STR":7806}},{"type":"Feature","geometry":{"type":"Point","coordinates":[13.3836347,49.7499163]},"properties":{"natural":"tree","ref:plzen:strom":7823,"RC":"Pasportizovaný strom","ID_STR":7823}},{"type":"Feature","geometry":{"type":"Point","coordinates":[13.3836966,49.7499367]},"properties":{"natural":"tree","ref:plzen:strom":7822,"RC":"Pasportizovaný strom","ID_STR":7822}},{"type":"Feature","geometry":{"type":"Point","coordinates":[13.3832884,49.7502463]},"properties":{"natural":"tree","ref:plzen:strom":8211,"RC":"Pasportizovaný strom","ID_STR":8211}},{"type":"Feature","geometry":{"type":"Point","coordinates":[13.3838196,49.7502955]},"properties":{"natural":"tree","ref:plzen:strom":8218,"RC":"Pasportizovaný strom","ID_STR":8218}},{"type":"Feature","geometry":{"type":"Point","coordinates":[13.3838233,49.7502203]},"properties":{"natural":"tree","ref:plzen:strom":8179,"RC":"Pasportizovaný strom","ID_STR":8179}},{"type":"Feature","geometry":{"type":"Point","coordinates":[13.3838213,49.7501489]},"properties":{"natural":"tree","ref:plzen:strom":8184,"RC":"Pasportizovaný strom","ID_STR":8184}},{"type":"Feature","geometry":{"type":"Point","coordinates":[13.3838311,49.7500856]},"properties":{"natural":"tree","ref:plzen:strom":8173,"RC":"Pasportizovaný strom","ID_STR":8173}},{"type":"Feature","geometry":{"type":"Point","coordinates":[13.3838564,49.7500255]},"properties":{"natural":"tree","ref:plzen:strom":8204,"RC":"Pasportizovaný strom","ID_STR":8204}},{"type":"Feature","geometry":{"type":"Point","coordinates":[13.383895,49.7498921]},"properties":{"natural":"tree","ref:plzen:strom":8220,"RC":"Pasportizovaný strom","ID_STR":8220}},{"type":"Feature","geometry":{"type":"Point","coordinates":[13.3839037,49.7498232]},"properties":{"natural":"tree","ref:plzen:strom":8221,"RC":"Pasportizovaný strom","ID_STR":8221}},{"type":"Feature","geometry":{"type":"Point","coordinates":[13.3838953,49.749769]},"properties":{"natural":"tree","ref:plzen:strom":7821,"RC":"Pasportizovaný strom","ID_STR":7821}},{"type":"Feature","geometry":{"type":"Point","coordinates":[13.3839942,49.7500442]},"properties":{"natural":"tree","ref:plzen:strom":8175,"RC":"Pasportizovaný strom","ID_STR":8175}},{"type":"Feature","geometry":{"type":"Point","coordinates":[13.384034,49.7498697]},"properties":{"natural":"tree","ref:plzen:strom":8206,"RC":"Pasportizovaný strom","ID_STR":8206}},{"type":"Feature","geometry":{"type":"Point","coordinates":[13.3838331,49.7503764]},"properties":{"natural":"tree","ref:plzen:strom":8217,"RC":"Pasportizovaný strom","ID_STR":8217}},{"type":"Feature","geometry":{"type":"Point","coordinates":[13.3839577,49.7503458]},"properties":{"natural":"tree","ref:plzen:strom":8181,"RC":"Pasportizovaný strom","ID_STR":8181}},{"type":"Feature","geometry":{"type":"Point","coordinates":[13.3836995,49.7502533]},"properties":{"natural":"tree","ref:plzen:strom":70535,"RC":"Pasportizovaný strom","ID_STR":70535}},{"type":"Feature","geometry":{"type":"Point","coordinates":[13.3837255,49.7501763]},"properties":{"natural":"tree","ref:plzen:strom":70534,"RC":"Pasportizovaný strom","ID_STR":70534}},{"type":"Feature","geometry":{"type":"Point","coordinates":[13.3837374,49.7498567]},"properties":{"natural":"tree","ref:plzen:strom":7849,"RC":"Pasportizovaný strom","ID_STR":7849}},{"type":"Feature","geometry":{"type":"Point","coordinates":[13.3838052,49.7497265]},"properties":{"natural":"tree","ref:plzen:strom":7804,"RC":"Pasportizovaný strom","ID_STR":7804}},{"type":"Feature","geometry":{"type":"Point","coordinates":[13.3838071,49.7499821]},"properties":{"natural":"tree","ref:plzen:strom":8207,"RC":"Pasportizovaný strom","ID_STR":8207}},{"type":"Feature","geometry":{"type":"Point","coordinates":[13.3838221,49.7498746]},"properties":{"natural":"tree","ref:plzen:strom":7850,"RC":"Pasportizovaný strom","ID_STR":7850}},{"type":"Feature","geometry":{"type":"Point","coordinates":[13.3839412,49.7491969]},"properties":{"natural":"tree","ref:plzen:strom":7859,"RC":"Pasportizovaný strom","ID_STR":7859}},{"type":"Feature","geometry":{"type":"Point","coordinates":[13.3839572,49.7490917]},"properties":{"natural":"tree","ref:plzen:strom":7865,"RC":"Pasportizovaný strom","ID_STR":7865}},{"type":"Feature","geometry":{"type":"Point","coordinates":[13.3839599,49.7488595]},"properties":{"natural":"tree","ref:plzen:strom":70527,"RC":"Pasportizovaný strom","ID_STR":70527}},{"type":"Feature","geometry":{"type":"Point","coordinates":[13.3840462,49.7486196]},"properties":{"natural":"tree","ref:plzen:strom":70526,"RC":"Pasportizovaný strom","ID_STR":70526}},{"type":"Feature","geometry":{"type":"Point","coordinates":[13.3840941,49.7483981]},"properties":{"natural":"tree","ref:plzen:strom":7878,"RC":"Pasportizovaný strom","ID_STR":7878}},{"type":"Feature","geometry":{"type":"Point","coordinates":[13.3841388,49.7483497]},"properties":{"natural":"tree","ref:plzen:strom":7893,"RC":"Pasportizovaný strom","ID_STR":7893}},{"type":"Feature","geometry":{"type":"Point","coordinates":[13.3841946,49.7480423]},"properties":{"natural":"tree","ref:plzen:strom":8244,"RC":"Pasportizovaný strom","ID_STR":8244}},{"type":"Feature","geometry":{"type":"Point","coordinates":[13.3841724,49.7482377]},"properties":{"natural":"tree","ref:plzen:strom":7866,"RC":"Pasportizovaný strom","ID_STR":7866}},{"type":"Feature","geometry":{"type":"Point","coordinates":[13.384072,49.7487032]},"properties":{"natural":"tree","ref:plzen:strom":8226,"RC":"Pasportizovaný strom","ID_STR":8226}},{"type":"Feature","geometry":{"type":"Point","coordinates":[13.3840039,49.7490208]},"properties":{"natural":"tree","ref:plzen:strom":7871,"RC":"Pasportizovaný strom","ID_STR":7871}},{"type":"Feature","geometry":{"type":"Point","coordinates":[13.3842687,49.7479798]},"properties":{"natural":"tree","ref:plzen:strom":8241,"RC":"Pasportizovaný strom","ID_STR":8241}},{"type":"Feature","geometry":{"type":"Point","coordinates":[13.3840318,49.7492183]},"properties":{"natural":"tree","ref:plzen:strom":7863,"RC":"Pasportizovaný strom","ID_STR":7863}},{"type":"Feature","geometry":{"type":"Point","coordinates":[13.3840929,49.7493369]},"properties":{"natural":"tree","ref:plzen:strom":7881,"RC":"Pasportizovaný strom","ID_STR":7881}},{"type":"Feature","geometry":{"type":"Point","coordinates":[13.3841316,49.7491202]},"properties":{"natural":"tree","ref:plzen:strom":70530,"RC":"Pasportizovaný strom","ID_STR":70530}},{"type":"Feature","geometry":{"type":"Point","coordinates":[13.3841587,49.7490642]},"properties":{"natural":"tree","ref:plzen:strom":70528,"RC":"Pasportizovaný strom","ID_STR":70528}},{"type":"Feature","geometry":{"type":"Point","coordinates":[13.3841529,49.748887]},"properties":{"natural":"tree","ref:plzen:strom":7861,"RC":"Pasportizovaný strom","ID_STR":7861}},{"type":"Feature","geometry":{"type":"Point","coordinates":[13.3842163,49.7490979]},"properties":{"natural":"tree","ref:plzen:strom":70529,"RC":"Pasportizovaný strom","ID_STR":70529}},{"type":"Feature","geometry":{"type":"Point","coordinates":[13.3842302,49.7491932]},"properties":{"natural":"tree","ref:plzen:strom":70531,"RC":"Pasportizovaný strom","ID_STR":70531}},{"type":"Feature","geometry":{"type":"Point","coordinates":[13.3842025,49.7494989]},"properties":{"natural":"tree","ref:plzen:strom":8201,"RC":"Pasportizovaný strom","ID_STR":8201}},{"type":"Feature","geometry":{"type":"Point","coordinates":[13.3842251,49.7494052]},"properties":{"natural":"tree","ref:plzen:strom":7860,"RC":"Pasportizovaný strom","ID_STR":7860}},{"type":"Feature","geometry":{"type":"Point","coordinates":[13.3842203,49.7489194]},"properties":{"natural":"tree","ref:plzen:strom":7862,"RC":"Pasportizovaný strom","ID_STR":7862}},{"type":"Feature","geometry":{"type":"Point","coordinates":[13.3842634,49.7493369]},"properties":{"natural":"tree","ref:plzen:strom":7864,"RC":"Pasportizovaný strom","ID_STR":7864}},{"type":"Feature","geometry":{"type":"Point","coordinates":[13.3841643,49.7487499]},"properties":{"natural":"tree","ref:plzen:strom":8212,"RC":"Pasportizovaný strom","ID_STR":8212}},{"type":"Feature","geometry":{"type":"Point","coordinates":[13.3842652,49.7488193]},"properties":{"natural":"tree","ref:plzen:strom":8224,"RC":"Pasportizovaný strom","ID_STR":8224}},{"type":"Feature","geometry":{"type":"Point","coordinates":[13.3843016,49.7491026]},"properties":{"natural":"tree","ref:plzen:strom":70532,"RC":"Pasportizovaný strom","ID_STR":70532}},{"type":"Feature","geometry":{"type":"Point","coordinates":[13.3843391,49.7488442]},"properties":{"natural":"tree","ref:plzen:strom":8228,"RC":"Pasportizovaný strom","ID_STR":8228}},{"type":"Feature","geometry":{"type":"Point","coordinates":[13.3843744,49.7492902]},"properties":{"natural":"tree","ref:plzen:strom":7868,"RC":"Pasportizovaný strom","ID_STR":7868}},{"type":"Feature","geometry":{"type":"Point","coordinates":[13.3844242,49.7492343]},"properties":{"natural":"tree","ref:plzen:strom":8197,"RC":"Pasportizovaný strom","ID_STR":8197}},{"type":"Feature","geometry":{"type":"Point","coordinates":[13.3844007,49.7491271]},"properties":{"natural":"tree","ref:plzen:strom":7857,"RC":"Pasportizovaný strom","ID_STR":7857}},{"type":"Feature","geometry":{"type":"Point","coordinates":[13.3844186,49.7490855]},"properties":{"natural":"tree","ref:plzen:strom":7854,"RC":"Pasportizovaný strom","ID_STR":7854}},{"type":"Feature","geometry":{"type":"Point","coordinates":[13.3844863,49.74912]},"properties":{"natural":"tree","ref:plzen:strom":8189,"RC":"Pasportizovaný strom","ID_STR":8189}},{"type":"Feature","geometry":{"type":"Point","coordinates":[13.3844453,49.7488294]},"properties":{"natural":"tree","ref:plzen:strom":7858,"RC":"Pasportizovaný strom","ID_STR":7858}},{"type":"Feature","geometry":{"type":"Point","coordinates":[13.3845639,49.7488765]},"properties":{"natural":"tree","ref:plzen:strom":7873,"RC":"Pasportizovaný strom","ID_STR":7873}},{"type":"Feature","geometry":{"type":"Point","coordinates":[13.3845827,49.7489384]},"properties":{"natural":"tree","ref:plzen:strom":7874,"RC":"Pasportizovaný strom","ID_STR":7874}},{"type":"Feature","geometry":{"type":"Point","coordinates":[13.3844006,49.7487484]},"properties":{"natural":"tree","ref:plzen:strom":8229,"RC":"Pasportizovaný strom","ID_STR":8229}},{"type":"Feature","geometry":{"type":"Point","coordinates":[13.3844307,49.749148]},"properties":{"natural":"tree","ref:plzen:strom":8193,"RC":"Pasportizovaný strom","ID_STR":8193}},{"type":"Feature","geometry":{"type":"Point","coordinates":[13.3845196,49.7491111]},"properties":{"natural":"tree","ref:plzen:strom":8185,"RC":"Pasportizovaný strom","ID_STR":8185}},{"type":"Feature","geometry":{"type":"Point","coordinates":[13.3844545,49.7490445]},"properties":{"natural":"tree","ref:plzen:strom":7880,"RC":"Pasportizovaný strom","ID_STR":7880}},{"type":"Feature","geometry":{"type":"Point","coordinates":[13.3845095,49.7480613]},"properties":{"natural":"tree","ref:plzen:strom":8251,"RC":"Pasportizovaný strom","ID_STR":8251}},{"type":"Feature","geometry":{"type":"Point","coordinates":[13.3844298,49.7480847]},"properties":{"natural":"tree","ref:plzen:strom":8252,"RC":"Pasportizovaný strom","ID_STR":8252}},{"type":"Feature","geometry":{"type":"Point","coordinates":[13.3843771,49.748582]},"properties":{"natural":"tree","ref:plzen:strom":7885,"RC":"Pasportizovaný strom","ID_STR":7885}},{"type":"Feature","geometry":{"type":"Point","coordinates":[13.3843449,49.748514]},"properties":{"natural":"tree","ref:plzen:strom":7887,"RC":"Pasportizovaný strom","ID_STR":7887}},{"type":"Feature","geometry":{"type":"Point","coordinates":[13.3843092,49.7487059]},"properties":{"natural":"tree","ref:plzen:strom":8227,"RC":"Pasportizovaný strom","ID_STR":8227}},{"type":"Feature","geometry":{"type":"Point","coordinates":[13.3843685,49.748045]},"properties":{"natural":"tree","ref:plzen:strom":8254,"RC":"Pasportizovaný strom","ID_STR":8254}},{"type":"Feature","geometry":{"type":"Point","coordinates":[13.38435,49.7481081]},"properties":{"natural":"tree","ref:plzen:strom":8243,"RC":"Pasportizovaný strom","ID_STR":8243}},{"type":"Feature","geometry":{"type":"Point","coordinates":[13.384299,49.7484567]},"properties":{"natural":"tree","ref:plzen:strom":7889,"RC":"Pasportizovaný strom","ID_STR":7889}},{"type":"Feature","geometry":{"type":"Point","coordinates":[13.3842588,49.7484071]},"properties":{"natural":"tree","ref:plzen:strom":7891,"RC":"Pasportizovaný strom","ID_STR":7891}},{"type":"Feature","geometry":{"type":"Point","coordinates":[13.3843351,49.7479022]},"properties":{"natural":"tree","ref:plzen:strom":8245,"RC":"Pasportizovaný strom","ID_STR":8245}},{"type":"Feature","geometry":{"type":"Point","coordinates":[13.3842828,49.7481256]},"properties":{"natural":"tree","ref:plzen:strom":8242,"RC":"Pasportizovaný strom","ID_STR":8242}},{"type":"Feature","geometry":{"type":"Point","coordinates":[13.3841829,49.7486788]},"properties":{"natural":"tree","ref:plzen:strom":8222,"RC":"Pasportizovaný strom","ID_STR":8222}},{"type":"Feature","geometry":{"type":"Point","coordinates":[13.3841768,49.748594]},"properties":{"natural":"tree","ref:plzen:strom":8231,"RC":"Pasportizovaný strom","ID_STR":8231}},{"type":"Feature","geometry":{"type":"Point","coordinates":[13.3841673,49.74957]},"properties":{"natural":"tree","ref:plzen:strom":8203,"RC":"Pasportizovaný strom","ID_STR":8203}},{"type":"Feature","geometry":{"type":"Point","coordinates":[13.384061,49.7494868]},"properties":{"natural":"tree","ref:plzen:strom":8223,"RC":"Pasportizovaný strom","ID_STR":8223}},{"type":"Feature","geometry":{"type":"Point","coordinates":[13.384032,49.7495552]},"properties":{"natural":"tree","ref:plzen:strom":8213,"RC":"Pasportizovaný strom","ID_STR":8213}},{"type":"Feature","geometry":{"type":"Point","coordinates":[13.3840009,49.7496183]},"properties":{"natural":"tree","ref:plzen:strom":8210,"RC":"Pasportizovaný strom","ID_STR":8210}},{"type":"Feature","geometry":{"type":"Point","coordinates":[13.3840735,49.7496691]},"properties":{"natural":"tree","ref:plzen:strom":8205,"RC":"Pasportizovaný strom","ID_STR":8205}},{"type":"Feature","geometry":{"type":"Point","coordinates":[13.3839601,49.7497013]},"properties":{"natural":"tree","ref:plzen:strom":8200,"RC":"Pasportizovaný strom","ID_STR":8200}},{"type":"Feature","geometry":{"type":"Point","coordinates":[13.383926,49.7495893]},"properties":{"natural":"tree","ref:plzen:strom":7827,"RC":"Pasportizovaný strom","ID_STR":7827}},{"type":"Feature","geometry":{"type":"Point","coordinates":[13.3839154,49.7496507]},"properties":{"natural":"tree","ref:plzen:strom":7832,"RC":"Pasportizovaný strom","ID_STR":7832}},{"type":"Feature","geometry":{"type":"Point","coordinates":[13.3844659,49.7480257]},"properties":{"natural":"tree","ref:plzen:strom":8255,"RC":"Pasportizovaný strom","ID_STR":8255}},{"type":"Feature","geometry":{"type":"Point","coordinates":[13.384928,49.7479075]},"properties":{"natural":"tree","ref:plzen:strom":8260,"RC":"Pasportizovaný strom","ID_STR":8260}},{"type":"Feature","geometry":{"type":"Point","coordinates":[13.3849023,49.7479699]},"properties":{"natural":"tree","ref:plzen:strom":8237,"RC":"Pasportizovaný strom","ID_STR":8237}},{"type":"Feature","geometry":{"type":"Point","coordinates":[13.3848457,49.7479259]},"properties":{"natural":"tree","ref:plzen:strom":8259,"RC":"Pasportizovaný strom","ID_STR":8259}},{"type":"Feature","geometry":{"type":"Point","coordinates":[13.384832,49.7479847]},"properties":{"natural":"tree","ref:plzen:strom":8238,"RC":"Pasportizovaný strom","ID_STR":8238}},{"type":"Feature","geometry":{"type":"Point","coordinates":[13.3847648,49.7480022]},"properties":{"natural":"tree","ref:plzen:strom":8247,"RC":"Pasportizovaný strom","ID_STR":8247}},{"type":"Feature","geometry":{"type":"Point","coordinates":[13.3847431,49.7479519]},"properties":{"natural":"tree","ref:plzen:strom":8258,"RC":"Pasportizovaný strom","ID_STR":8258}},{"type":"Feature","geometry":{"type":"Point","coordinates":[13.384671,49.7480218]},"properties":{"natural":"tree","ref:plzen:strom":8248,"RC":"Pasportizovaný strom","ID_STR":8248}},{"type":"Feature","geometry":{"type":"Point","coordinates":[13.3846519,49.7479766]},"properties":{"natural":"tree","ref:plzen:strom":8257,"RC":"Pasportizovaný strom","ID_STR":8257}},{"type":"Feature","geometry":{"type":"Point","coordinates":[13.3846231,49.7478775]},"properties":{"natural":"tree","ref:plzen:strom":8239,"RC":"Pasportizovaný strom","ID_STR":8239}},{"type":"Feature","geometry":{"type":"Point","coordinates":[13.3845571,49.748001]},"properties":{"natural":"tree","ref:plzen:strom":8256,"RC":"Pasportizovaný strom","ID_STR":8256}},{"type":"Feature","geometry":{"type":"Point","coordinates":[13.3845924,49.7480405]},"properties":{"natural":"tree","ref:plzen:strom":8250,"RC":"Pasportizovaný strom","ID_STR":8250}},{"type":"Feature","geometry":{"type":"Point","coordinates":[13.3787207,49.751379]},"properties":{"natural":"tree","ref:plzen:strom":25961,"RC":"Pasportizovaný strom","ID_STR":25961}},{"type":"Feature","geometry":{"type":"Point","coordinates":[13.3787024,49.7513146]},"properties":{"natural":"tree","ref:plzen:strom":25962,"RC":"Pasportizovaný strom","ID_STR":25962}},{"type":"Feature","geometry":{"type":"Point","coordinates":[13.3785977,49.7513019]},"properties":{"natural":"tree","ref:plzen:strom":25964,"RC":"Pasportizovaný strom","ID_STR":25964}},{"type":"Feature","geometry":{"type":"Point","coordinates":[13.3786051,49.7512545]},"properties":{"natural":"tree","ref:plzen:strom":25963,"RC":"Pasportizovaný strom","ID_STR":25963}},{"type":"Feature","geometry":{"type":"Point","coordinates":[13.3784991,49.7512946]},"properties":{"natural":"tree","ref:plzen:strom":25966,"RC":"Pasportizovaný strom","ID_STR":25966}},{"type":"Feature","geometry":{"type":"Point","coordinates":[13.3782984,49.7512128]},"properties":{"natural":"tree","ref:plzen:strom":24700,"RC":"Pasportizovaný strom","ID_STR":24700}},{"type":"Feature","geometry":{"type":"Point","coordinates":[13.3782526,49.7512848]},"properties":{"natural":"tree","ref:plzen:strom":25967,"RC":"Pasportizovaný strom","ID_STR":25967}},{"type":"Feature","geometry":{"type":"Point","coordinates":[13.3781511,49.7513862]},"properties":{"natural":"tree","ref:plzen:strom":24726,"RC":"Pasportizovaný strom","ID_STR":24726}},{"type":"Feature","geometry":{"type":"Point","coordinates":[13.3730355,49.7507546]},"properties":{"natural":"tree","ref:plzen:strom":10024,"RC":"Pasportizovaný strom","ID_STR":10024}},{"type":"Feature","geometry":{"type":"Point","coordinates":[13.3728828,49.7507564]},"properties":{"natural":"tree","ref:plzen:strom":10026,"RC":"Pasportizovaný strom","ID_STR":10026}},{"type":"Feature","geometry":{"type":"Point","coordinates":[13.3727603,49.7508671]},"properties":{"natural":"tree","ref:plzen:strom":10015,"RC":"Pasportizovaný strom","ID_STR":10015}},{"type":"Feature","geometry":{"type":"Point","coordinates":[13.3731998,49.7494604]},"properties":{"natural":"tree","ref:plzen:strom":24659,"RC":"Pasportizovaný strom","ID_STR":24659}},{"type":"Feature","geometry":{"type":"Point","coordinates":[13.3732177,49.7495584]},"properties":{"natural":"tree","ref:plzen:strom":24658,"RC":"Pasportizovaný strom","ID_STR":24658}},{"type":"Feature","geometry":{"type":"Point","coordinates":[13.3735868,49.7496789]},"properties":{"natural":"tree","ref:plzen:strom":24660,"RC":"Pasportizovaný strom","ID_STR":24660}},{"type":"Feature","geometry":{"type":"Point","coordinates":[13.3738247,49.7497231]},"properties":{"natural":"tree","ref:plzen:strom":8059,"RC":"Pasportizovaný strom","ID_STR":8059}},{"type":"Feature","geometry":{"type":"Point","coordinates":[13.3735568,49.7497434]},"properties":{"natural":"tree","ref:plzen:strom":24661,"RC":"Pasportizovaný strom","ID_STR":24661}},{"type":"Feature","geometry":{"type":"Point","coordinates":[13.3739225,49.7497495]},"properties":{"natural":"tree","ref:plzen:strom":8062,"RC":"Pasportizovaný strom","ID_STR":8062}},{"type":"Feature","geometry":{"type":"Point","coordinates":[13.373855,49.7497525]},"properties":{"natural":"tree","ref:plzen:strom":8055,"RC":"Pasportizovaný strom","ID_STR":8055}},{"type":"Feature","geometry":{"type":"Point","coordinates":[13.3734842,49.7502093]},"properties":{"natural":"tree","ref:plzen:strom":8069,"RC":"Pasportizovaný strom","ID_STR":8069}},{"type":"Feature","geometry":{"type":"Point","coordinates":[13.3735315,49.7501658]},"properties":{"natural":"tree","ref:plzen:strom":8067,"RC":"Pasportizovaný strom","ID_STR":8067}},{"type":"Feature","geometry":{"type":"Point","coordinates":[13.3741545,49.749948]},"properties":{"natural":"tree","ref:plzen:strom":8065,"RC":"Pasportizovaný strom","ID_STR":8065}},{"type":"Feature","geometry":{"type":"Point","coordinates":[13.374306,49.7499196]},"properties":{"natural":"tree","ref:plzen:strom":8061,"RC":"Pasportizovaný strom","ID_STR":8061}},{"type":"Feature","geometry":{"type":"Point","coordinates":[13.3738615,49.749693]},"properties":{"natural":"tree","ref:plzen:strom":8063,"RC":"Pasportizovaný strom","ID_STR":8063}},{"type":"Feature","geometry":{"type":"Point","coordinates":[13.3739125,49.7496812]},"properties":{"natural":"tree","ref:plzen:strom":8058,"RC":"Pasportizovaný strom","ID_STR":8058}},{"type":"Feature","geometry":{"type":"Point","coordinates":[13.3739578,49.7497097]},"properties":{"natural":"tree","ref:plzen:strom":8060,"RC":"Pasportizovaný strom","ID_STR":8060}},{"type":"Feature","geometry":{"type":"Point","coordinates":[13.3741399,49.749649]},"properties":{"natural":"tree","ref:plzen:strom":8038,"RC":"Pasportizovaný strom","ID_STR":8038}},{"type":"Feature","geometry":{"type":"Point","coordinates":[13.3741683,49.7497334]},"properties":{"natural":"tree","ref:plzen:strom":8041,"RC":"Pasportizovaný strom","ID_STR":8041}},{"type":"Feature","geometry":{"type":"Point","coordinates":[13.3749249,49.7496998]},"properties":{"natural":"tree","ref:plzen:strom":407,"RC":"Pasportizovaný strom","ID_STR":407}},{"type":"Feature","geometry":{"type":"Point","coordinates":[13.3748756,49.749546]},"properties":{"natural":"tree","ref:plzen:strom":8014,"RC":"Pasportizovaný strom","ID_STR":8014}},{"type":"Feature","geometry":{"type":"Point","coordinates":[13.3748552,49.7494912]},"properties":{"natural":"tree","ref:plzen:strom":7998,"RC":"Pasportizovaný strom","ID_STR":7998}},{"type":"Feature","geometry":{"type":"Point","coordinates":[13.3748725,49.7495469]},"properties":{"natural":"tree","ref:plzen:strom":66990,"RC":"Pasportizovaný strom","ID_STR":66990}},{"type":"Feature","geometry":{"type":"Point","coordinates":[13.3749445,49.7496974]},"properties":{"natural":"tree","ref:plzen:strom":66991,"RC":"Pasportizovaný strom","ID_STR":66991}},{"type":"Feature","geometry":{"type":"Point","coordinates":[13.3748455,49.7494038]},"properties":{"natural":"tree","ref:plzen:strom":8053,"RC":"Pasportizovaný strom","ID_STR":8053}},{"type":"Feature","geometry":{"type":"Point","coordinates":[13.374759,49.7493641]},"properties":{"natural":"tree","ref:plzen:strom":8006,"RC":"Pasportizovaný strom","ID_STR":8006}},{"type":"Feature","geometry":{"type":"Point","coordinates":[13.3748201,49.7493219]},"properties":{"natural":"tree","ref:plzen:strom":8054,"RC":"Pasportizovaný strom","ID_STR":8054}},{"type":"Feature","geometry":{"type":"Point","coordinates":[13.3747116,49.7492657]},"properties":{"natural":"tree","ref:plzen:strom":8032,"RC":"Pasportizovaný strom","ID_STR":8032}},{"type":"Feature","geometry":{"type":"Point","coordinates":[13.3748057,49.7492438]},"properties":{"natural":"tree","ref:plzen:strom":8000,"RC":"Pasportizovaný strom","ID_STR":8000}},{"type":"Feature","geometry":{"type":"Point","coordinates":[13.3742194,49.7494839]},"properties":{"natural":"tree","ref:plzen:strom":8022,"RC":"Pasportizovaný strom","ID_STR":8022}},{"type":"Feature","geometry":{"type":"Point","coordinates":[13.3740801,49.7494774]},"properties":{"natural":"tree","ref:plzen:strom":8044,"RC":"Pasportizovaný strom","ID_STR":8044}},{"type":"Feature","geometry":{"type":"Point","coordinates":[13.3740568,49.749403]},"properties":{"natural":"tree","ref:plzen:strom":8017,"RC":"Pasportizovaný strom","ID_STR":8017}},{"type":"Feature","geometry":{"type":"Point","coordinates":[13.3741823,49.749389]},"properties":{"natural":"tree","ref:plzen:strom":8040,"RC":"Pasportizovaný strom","ID_STR":8040}},{"type":"Feature","geometry":{"type":"Point","coordinates":[13.3740289,49.7493162]},"properties":{"natural":"tree","ref:plzen:strom":8042,"RC":"Pasportizovaný strom","ID_STR":8042}},{"type":"Feature","geometry":{"type":"Point","coordinates":[13.3741473,49.7493015]},"properties":{"natural":"tree","ref:plzen:strom":8039,"RC":"Pasportizovaný strom","ID_STR":8039}},{"type":"Feature","geometry":{"type":"Point","coordinates":[13.3741046,49.7491988]},"properties":{"natural":"tree","ref:plzen:strom":8027,"RC":"Pasportizovaný strom","ID_STR":8027}},{"type":"Feature","geometry":{"type":"Point","coordinates":[13.373991,49.7492092]},"properties":{"natural":"tree","ref:plzen:strom":8045,"RC":"Pasportizovaný strom","ID_STR":8045}},{"type":"Feature","geometry":{"type":"Point","coordinates":[13.3785213,49.7506549]},"properties":{"natural":"tree","ref:plzen:strom":7927,"RC":"Pasportizovaný strom","ID_STR":7927}},{"type":"Feature","geometry":{"type":"Point","coordinates":[13.3784403,49.7506518]},"properties":{"natural":"tree","ref:plzen:strom":7929,"RC":"Pasportizovaný strom","ID_STR":7929}},{"type":"Feature","geometry":{"type":"Point","coordinates":[13.3786622,49.7506399]},"properties":{"natural":"tree","ref:plzen:strom":7925,"RC":"Pasportizovaný strom","ID_STR":7925}},{"type":"Feature","geometry":{"type":"Point","coordinates":[13.378586,49.7506324]},"properties":{"natural":"tree","ref:plzen:strom":7926,"RC":"Pasportizovaný strom","ID_STR":7926}},{"type":"Feature","geometry":{"type":"Point","coordinates":[13.3788203,49.7505833]},"properties":{"natural":"tree","ref:plzen:strom":7923,"RC":"Pasportizovaný strom","ID_STR":7923}},{"type":"Feature","geometry":{"type":"Point","coordinates":[13.3770509,49.7504477]},"properties":{"natural":"tree","ref:plzen:strom":7902,"RC":"Pasportizovaný strom","ID_STR":7902}},{"type":"Feature","geometry":{"type":"Point","coordinates":[13.3765406,49.7504384]},"properties":{"natural":"tree","ref:plzen:strom":7908,"RC":"Pasportizovaný strom","ID_STR":7908}},{"type":"Feature","geometry":{"type":"Point","coordinates":[13.3766006,49.7504202]},"properties":{"natural":"tree","ref:plzen:strom":7904,"RC":"Pasportizovaný strom","ID_STR":7904}},{"type":"Feature","geometry":{"type":"Point","coordinates":[13.3771158,49.7503771]},"properties":{"natural":"tree","ref:plzen:strom":7903,"RC":"Pasportizovaný strom","ID_STR":7903}},{"type":"Feature","geometry":{"type":"Point","coordinates":[13.377403,49.7503716]},"properties":{"natural":"tree","ref:plzen:strom":7934,"RC":"Pasportizovaný strom","ID_STR":7934}},{"type":"Feature","geometry":{"type":"Point","coordinates":[13.377466,49.7503562]},"properties":{"natural":"tree","ref:plzen:strom":7932,"RC":"Pasportizovaný strom","ID_STR":7932}},{"type":"Feature","geometry":{"type":"Point","coordinates":[13.3778198,49.7502731]},"properties":{"natural":"tree","ref:plzen:strom":7930,"RC":"Pasportizovaný strom","ID_STR":7930}},{"type":"Feature","geometry":{"type":"Point","coordinates":[13.3766961,49.7501965]},"properties":{"natural":"tree","ref:plzen:strom":399,"RC":"Pasportizovaný strom","ID_STR":399}},{"type":"Feature","geometry":{"type":"Point","coordinates":[13.3766443,49.7501596]},"properties":{"natural":"tree","ref:plzen:strom":403,"RC":"Pasportizovaný strom","ID_STR":403}},{"type":"Feature","geometry":{"type":"Point","coordinates":[13.3771907,49.7501053]},"properties":{"natural":"tree","ref:plzen:strom":401,"RC":"Pasportizovaný strom","ID_STR":401}},{"type":"Feature","geometry":{"type":"Point","coordinates":[13.3772728,49.7500869]},"properties":{"natural":"tree","ref:plzen:strom":396,"RC":"Pasportizovaný strom","ID_STR":396}},{"type":"Feature","geometry":{"type":"Point","coordinates":[13.3756882,49.7500007]},"properties":{"natural":"tree","ref:plzen:strom":402,"RC":"Pasportizovaný strom","ID_STR":402}},{"type":"Feature","geometry":{"type":"Point","coordinates":[13.3755567,49.7499925]},"properties":{"natural":"tree","ref:plzen:strom":404,"RC":"Pasportizovaný strom","ID_STR":404}},{"type":"Feature","geometry":{"type":"Point","coordinates":[13.3754388,49.7499737]},"properties":{"natural":"tree","ref:plzen:strom":405,"RC":"Pasportizovaný strom","ID_STR":405}},{"type":"Feature","geometry":{"type":"Point","coordinates":[13.3752602,49.7502518]},"properties":{"natural":"tree","ref:plzen:strom":7983,"RC":"Pasportizovaný strom","ID_STR":7983}},{"type":"Feature","geometry":{"type":"Point","coordinates":[13.3753234,49.74996]},"properties":{"natural":"tree","ref:plzen:strom":406,"RC":"Pasportizovaný strom","ID_STR":406}},{"type":"Feature","geometry":{"type":"Point","coordinates":[13.375054,49.7500222]},"properties":{"natural":"tree","ref:plzen:strom":7982,"RC":"Pasportizovaný strom","ID_STR":7982}},{"type":"Feature","geometry":{"type":"Point","coordinates":[13.3755072,49.7499763]},"properties":{"natural":"tree","ref:plzen:strom":69487,"RC":"Pasportizovaný strom","ID_STR":69487}},{"type":"Feature","geometry":{"type":"Point","coordinates":[13.3738958,49.7489357]},"properties":{"natural":"tree","ref:plzen:strom":8043,"RC":"Pasportizovaný strom","ID_STR":8043}},{"type":"Feature","geometry":{"type":"Point","coordinates":[13.3739191,49.74901]},"properties":{"natural":"tree","ref:plzen:strom":8019,"RC":"Pasportizovaný strom","ID_STR":8019}},{"type":"Feature","geometry":{"type":"Point","coordinates":[13.3740414,49.7490101]},"properties":{"natural":"tree","ref:plzen:strom":8009,"RC":"Pasportizovaný strom","ID_STR":8009}},{"type":"Feature","geometry":{"type":"Point","coordinates":[13.3739371,49.7490598]},"properties":{"natural":"tree","ref:plzen:strom":8048,"RC":"Pasportizovaný strom","ID_STR":8048}},{"type":"Feature","geometry":{"type":"Point","coordinates":[13.3739581,49.7491123]},"properties":{"natural":"tree","ref:plzen:strom":8047,"RC":"Pasportizovaný strom","ID_STR":8047}},{"type":"Feature","geometry":{"type":"Point","coordinates":[13.3740723,49.7490996]},"properties":{"natural":"tree","ref:plzen:strom":8015,"RC":"Pasportizovaný strom","ID_STR":8015}},{"type":"Feature","geometry":{"type":"Point","coordinates":[13.374475,49.7486781]},"properties":{"natural":"tree","ref:plzen:strom":8018,"RC":"Pasportizovaný strom","ID_STR":8018}},{"type":"Feature","geometry":{"type":"Point","coordinates":[13.3745104,49.7487801]},"properties":{"natural":"tree","ref:plzen:strom":8023,"RC":"Pasportizovaný strom","ID_STR":8023}},{"type":"Feature","geometry":{"type":"Point","coordinates":[13.3746277,49.7486907]},"properties":{"natural":"tree","ref:plzen:strom":8030,"RC":"Pasportizovaný strom","ID_STR":8030}},{"type":"Feature","geometry":{"type":"Point","coordinates":[13.3745397,49.7488766]},"properties":{"natural":"tree","ref:plzen:strom":8031,"RC":"Pasportizovaný strom","ID_STR":8031}},{"type":"Feature","geometry":{"type":"Point","coordinates":[13.3746582,49.7487656]},"properties":{"natural":"tree","ref:plzen:strom":8057,"RC":"Pasportizovaný strom","ID_STR":8057}},{"type":"Feature","geometry":{"type":"Point","coordinates":[13.3746751,49.7488202]},"properties":{"natural":"tree","ref:plzen:strom":8070,"RC":"Pasportizovaný strom","ID_STR":8070}},{"type":"Feature","geometry":{"type":"Point","coordinates":[13.3745714,49.7489782]},"properties":{"natural":"tree","ref:plzen:strom":8033,"RC":"Pasportizovaný strom","ID_STR":8033}},{"type":"Feature","geometry":{"type":"Point","coordinates":[13.3746884,49.7488744]},"properties":{"natural":"tree","ref:plzen:strom":8056,"RC":"Pasportizovaný strom","ID_STR":8056}},{"type":"Feature","geometry":{"type":"Point","coordinates":[13.3747073,49.7489363]},"properties":{"natural":"tree","ref:plzen:strom":8037,"RC":"Pasportizovaný strom","ID_STR":8037}},{"type":"Feature","geometry":{"type":"Point","coordinates":[13.3747223,49.7490146]},"properties":{"natural":"tree","ref:plzen:strom":8035,"RC":"Pasportizovaný strom","ID_STR":8035}},{"type":"Feature","geometry":{"type":"Point","coordinates":[13.3745956,49.7490646]},"properties":{"natural":"tree","ref:plzen:strom":8003,"RC":"Pasportizovaný strom","ID_STR":8003}},{"type":"Feature","geometry":{"type":"Point","coordinates":[13.3747462,49.7490866]},"properties":{"natural":"tree","ref:plzen:strom":8010,"RC":"Pasportizovaný strom","ID_STR":8010}},{"type":"Feature","geometry":{"type":"Point","coordinates":[13.3746762,49.7491638]},"properties":{"natural":"tree","ref:plzen:strom":8026,"RC":"Pasportizovaný strom","ID_STR":8026}},{"type":"Feature","geometry":{"type":"Point","coordinates":[13.374781,49.7491909]},"properties":{"natural":"tree","ref:plzen:strom":8008,"RC":"Pasportizovaný strom","ID_STR":8008}},{"type":"Feature","geometry":{"type":"Point","coordinates":[13.3748245,49.7491952]},"properties":{"natural":"tree","ref:plzen:strom":8024,"RC":"Pasportizovaný strom","ID_STR":8024}},{"type":"Feature","geometry":{"type":"Point","coordinates":[13.37422,49.7479858]},"properties":{"natural":"tree","ref:plzen:strom":8025,"RC":"Pasportizovaný strom","ID_STR":8025}},{"type":"Feature","geometry":{"type":"Point","coordinates":[13.3742849,49.7480767]},"properties":{"natural":"tree","ref:plzen:strom":8028,"RC":"Pasportizovaný strom","ID_STR":8028}},{"type":"Feature","geometry":{"type":"Point","coordinates":[13.3743054,49.7481716]},"properties":{"natural":"tree","ref:plzen:strom":8029,"RC":"Pasportizovaný strom","ID_STR":8029}},{"type":"Feature","geometry":{"type":"Point","coordinates":[13.3743269,49.7482479]},"properties":{"natural":"tree","ref:plzen:strom":8004,"RC":"Pasportizovaný strom","ID_STR":8004}},{"type":"Feature","geometry":{"type":"Point","coordinates":[13.3740029,49.7489054]},"properties":{"natural":"tree","ref:plzen:strom":8034,"RC":"Pasportizovaný strom","ID_STR":8034}},{"type":"Feature","geometry":{"type":"Point","coordinates":[13.3739695,49.7488109]},"properties":{"natural":"tree","ref:plzen:strom":7999,"RC":"Pasportizovaný strom","ID_STR":7999}},{"type":"Feature","geometry":{"type":"Point","coordinates":[13.3738704,49.748854]},"properties":{"natural":"tree","ref:plzen:strom":8046,"RC":"Pasportizovaný strom","ID_STR":8046}},{"type":"Feature","geometry":{"type":"Point","coordinates":[13.3739243,49.7487032]},"properties":{"natural":"tree","ref:plzen:strom":8036,"RC":"Pasportizovaný strom","ID_STR":8036}},{"type":"Feature","geometry":{"type":"Point","coordinates":[13.3742285,49.7478749]},"properties":{"natural":"tree","ref:plzen:strom":24644,"RC":"Pasportizovaný strom","ID_STR":24644}},{"type":"Feature","geometry":{"type":"Point","coordinates":[13.3741958,49.7477981]},"properties":{"natural":"tree","ref:plzen:strom":8020,"RC":"Pasportizovaný strom","ID_STR":8020}},{"type":"Feature","geometry":{"type":"Point","coordinates":[13.3741328,49.7476718]},"properties":{"natural":"tree","ref:plzen:strom":8012,"RC":"Pasportizovaný strom","ID_STR":8012}},{"type":"Feature","geometry":{"type":"Point","coordinates":[13.3740968,49.7475722]},"properties":{"natural":"tree","ref:plzen:strom":8005,"RC":"Pasportizovaný strom","ID_STR":8005}},{"type":"Feature","geometry":{"type":"Point","coordinates":[13.3740645,49.747473]},"properties":{"natural":"tree","ref:plzen:strom":8002,"RC":"Pasportizovaný strom","ID_STR":8002}},{"type":"Feature","geometry":{"type":"Point","coordinates":[13.3740238,49.7473777]},"properties":{"natural":"tree","ref:plzen:strom":8001,"RC":"Pasportizovaný strom","ID_STR":8001}},{"type":"Feature","geometry":{"type":"Point","coordinates":[13.3737925,49.7469731]},"properties":{"natural":"tree","ref:plzen:strom":8007,"RC":"Pasportizovaný strom","ID_STR":8007}},{"type":"Feature","geometry":{"type":"Point","coordinates":[13.373829,49.7468807]},"properties":{"natural":"tree","ref:plzen:strom":8011,"RC":"Pasportizovaný strom","ID_STR":8011}},{"type":"Feature","geometry":{"type":"Point","coordinates":[13.3737617,49.7466043]},"properties":{"natural":"tree","ref:plzen:strom":19652,"RC":"Pasportizovaný strom","ID_STR":19652}},{"type":"Feature","geometry":{"type":"Point","coordinates":[13.373863,49.7469729]},"properties":{"natural":"tree","ref:plzen:strom":8013,"RC":"Pasportizovaný strom","ID_STR":8013}},{"type":"Feature","geometry":{"type":"Point","coordinates":[13.3739,49.7470678]},"properties":{"natural":"tree","ref:plzen:strom":8016,"RC":"Pasportizovaný strom","ID_STR":8016}},{"type":"Feature","geometry":{"type":"Point","coordinates":[13.3739391,49.7471701]},"properties":{"natural":"tree","ref:plzen:strom":8021,"RC":"Pasportizovaný strom","ID_STR":8021}},{"type":"Feature","geometry":{"type":"Point","coordinates":[13.373989,49.7472734]},"properties":{"natural":"tree","ref:plzen:strom":7997,"RC":"Pasportizovaný strom","ID_STR":7997}},{"type":"Feature","geometry":{"type":"Point","coordinates":[13.3739563,49.7456469]},"properties":{"natural":"tree","ref:plzen:strom":7969,"RC":"Pasportizovaný strom","ID_STR":7969}},{"type":"Feature","geometry":{"type":"Point","coordinates":[13.375039,49.7451154]},"properties":{"natural":"tree","ref:plzen:strom":19298,"RC":"Pasportizovaný strom","ID_STR":19298}},{"type":"Feature","geometry":{"type":"Point","coordinates":[13.3749612,49.7448888]},"properties":{"natural":"tree","ref:plzen:strom":163,"RC":"Pasportizovaný strom","ID_STR":163}},{"type":"Feature","geometry":{"type":"Point","coordinates":[13.3748885,49.7450646]},"properties":{"natural":"tree","ref:plzen:strom":12637,"RC":"Pasportizovaný strom","ID_STR":12637}},{"type":"Feature","geometry":{"type":"Point","coordinates":[13.3748734,49.7450005]},"properties":{"natural":"tree","ref:plzen:strom":12640,"RC":"Pasportizovaný strom","ID_STR":12640}},{"type":"Feature","geometry":{"type":"Point","coordinates":[13.3748298,49.7451475]},"properties":{"natural":"tree","ref:plzen:strom":12617,"RC":"Pasportizovaný strom","ID_STR":12617}},{"type":"Feature","geometry":{"type":"Point","coordinates":[13.3746832,49.7450659]},"properties":{"natural":"tree","ref:plzen:strom":12633,"RC":"Pasportizovaný strom","ID_STR":12633}},{"type":"Feature","geometry":{"type":"Point","coordinates":[13.3746548,49.7448386]},"properties":{"natural":"tree","ref:plzen:strom":19303,"RC":"Pasportizovaný strom","ID_STR":19303}},{"type":"Feature","geometry":{"type":"Point","coordinates":[13.3746422,49.7451877]},"properties":{"natural":"tree","ref:plzen:strom":12618,"RC":"Pasportizovaný strom","ID_STR":12618}},{"type":"Feature","geometry":{"type":"Point","coordinates":[13.3745779,49.7450907]},"properties":{"natural":"tree","ref:plzen:strom":12629,"RC":"Pasportizovaný strom","ID_STR":12629}},{"type":"Feature","geometry":{"type":"Point","coordinates":[13.3745184,49.7448204]},"properties":{"natural":"tree","ref:plzen:strom":12628,"RC":"Pasportizovaný strom","ID_STR":12628}},{"type":"Feature","geometry":{"type":"Point","coordinates":[13.374421,49.7448472]},"properties":{"natural":"tree","ref:plzen:strom":12626,"RC":"Pasportizovaný strom","ID_STR":12626}},{"type":"Feature","geometry":{"type":"Point","coordinates":[13.3744417,49.7449479]},"properties":{"natural":"tree","ref:plzen:strom":154,"RC":"Pasportizovaný strom","ID_STR":154}},{"type":"Feature","geometry":{"type":"Point","coordinates":[13.3742979,49.7449208]},"properties":{"natural":"tree","ref:plzen:strom":150,"RC":"Pasportizovaný strom","ID_STR":150}},{"type":"Feature","geometry":{"type":"Point","coordinates":[13.3742198,49.7449003]},"properties":{"natural":"tree","ref:plzen:strom":12621,"RC":"Pasportizovaný strom","ID_STR":12621}},{"type":"Feature","geometry":{"type":"Point","coordinates":[13.3742474,49.7450083]},"properties":{"natural":"tree","ref:plzen:strom":169,"RC":"Pasportizovaný strom","ID_STR":169}},{"type":"Feature","geometry":{"type":"Point","coordinates":[13.3741545,49.744977]},"properties":{"natural":"tree","ref:plzen:strom":19301,"RC":"Pasportizovaný strom","ID_STR":19301}},{"type":"Feature","geometry":{"type":"Point","coordinates":[13.3744336,49.7451274]},"properties":{"natural":"tree","ref:plzen:strom":12625,"RC":"Pasportizovaný strom","ID_STR":12625}},{"type":"Feature","geometry":{"type":"Point","coordinates":[13.374134,49.7451121]},"properties":{"natural":"tree","ref:plzen:strom":19302,"RC":"Pasportizovaný strom","ID_STR":19302}},{"type":"Feature","geometry":{"type":"Point","coordinates":[13.374473,49.7452336]},"properties":{"natural":"tree","ref:plzen:strom":70640,"RC":"Pasportizovaný strom","ID_STR":70640}},{"type":"Feature","geometry":{"type":"Point","coordinates":[13.3744723,49.7452349]},"properties":{"natural":"tree","ref:plzen:strom":12620,"RC":"Pasportizovaný strom","ID_STR":12620}},{"type":"Feature","geometry":{"type":"Point","coordinates":[13.3742596,49.7452393]},"properties":{"natural":"tree","ref:plzen:strom":12650,"RC":"Pasportizovaný strom","ID_STR":12650}},{"type":"Feature","geometry":{"type":"Point","coordinates":[13.3743551,49.7452848]},"properties":{"natural":"tree","ref:plzen:strom":12615,"RC":"Pasportizovaný strom","ID_STR":12615}},{"type":"Feature","geometry":{"type":"Point","coordinates":[13.3742158,49.7453581]},"properties":{"natural":"tree","ref:plzen:strom":165,"RC":"Pasportizovaný strom","ID_STR":165}},{"type":"Feature","geometry":{"type":"Point","coordinates":[13.3740505,49.7455142]},"properties":{"natural":"tree","ref:plzen:strom":7967,"RC":"Pasportizovaný strom","ID_STR":7967}},{"type":"Feature","geometry":{"type":"Point","coordinates":[13.3740061,49.7455772]},"properties":{"natural":"tree","ref:plzen:strom":7968,"RC":"Pasportizovaný strom","ID_STR":7968}},{"type":"Feature","geometry":{"type":"Point","coordinates":[13.3740075,49.745587]},"properties":{"natural":"tree","ref:plzen:strom":68740,"RC":"Pasportizovaný strom","ID_STR":68740}},{"type":"Feature","geometry":{"type":"Point","coordinates":[13.3741772,49.7450224]},"properties":{"natural":"tree","ref:plzen:strom":63065,"RC":"Pasportizovaný strom","ID_STR":63065}},{"type":"Feature","geometry":{"type":"Point","coordinates":[13.3749668,49.7447109]},"properties":{"natural":"tree","ref:plzen:strom":12636,"RC":"Pasportizovaný strom","ID_STR":12636}},{"type":"Feature","geometry":{"type":"Point","coordinates":[13.3748348,49.7447405]},"properties":{"natural":"tree","ref:plzen:strom":65369,"RC":"Pasportizovaný strom","ID_STR":65369}},{"type":"Feature","geometry":{"type":"Point","coordinates":[13.3748343,49.7447448]},"properties":{"natural":"tree","ref:plzen:strom":12632,"RC":"Pasportizovaný strom","ID_STR":12632}},{"type":"Feature","geometry":{"type":"Point","coordinates":[13.3747244,49.7447705]},"properties":{"natural":"tree","ref:plzen:strom":12624,"RC":"Pasportizovaný strom","ID_STR":12624}},{"type":"Feature","geometry":{"type":"Point","coordinates":[13.3750832,49.7446921]},"properties":{"natural":"tree","ref:plzen:strom":12634,"RC":"Pasportizovaný strom","ID_STR":12634}},{"type":"Feature","geometry":{"type":"Point","coordinates":[13.375027,49.7447438]},"properties":{"natural":"tree","ref:plzen:strom":12654,"RC":"Pasportizovaný strom","ID_STR":12654}},{"type":"Feature","geometry":{"type":"Point","coordinates":[13.3748701,49.7447832]},"properties":{"natural":"tree","ref:plzen:strom":12651,"RC":"Pasportizovaný strom","ID_STR":12651}},{"type":"Feature","geometry":{"type":"Point","coordinates":[13.3752139,49.744669]},"properties":{"natural":"tree","ref:plzen:strom":12638,"RC":"Pasportizovaný strom","ID_STR":12638}},{"type":"Feature","geometry":{"type":"Point","coordinates":[13.375217,49.7446711]},"properties":{"natural":"tree","ref:plzen:strom":72358,"RC":"Pasportizovaný strom","ID_STR":72358}},{"type":"Feature","geometry":{"type":"Point","coordinates":[13.3752646,49.7447057]},"properties":{"natural":"tree","ref:plzen:strom":12656,"RC":"Pasportizovaný strom","ID_STR":12656}},{"type":"Feature","geometry":{"type":"Point","coordinates":[13.3753148,49.7446553]},"properties":{"natural":"tree","ref:plzen:strom":12641,"RC":"Pasportizovaný strom","ID_STR":12641}},{"type":"Feature","geometry":{"type":"Point","coordinates":[13.3754223,49.7446361]},"properties":{"natural":"tree","ref:plzen:strom":12644,"RC":"Pasportizovaný strom","ID_STR":12644}},{"type":"Feature","geometry":{"type":"Point","coordinates":[13.3755341,49.7446205]},"properties":{"natural":"tree","ref:plzen:strom":12639,"RC":"Pasportizovaný strom","ID_STR":12639}},{"type":"Feature","geometry":{"type":"Point","coordinates":[13.3755878,49.7446715]},"properties":{"natural":"tree","ref:plzen:strom":167,"RC":"Pasportizovaný strom","ID_STR":167}},{"type":"Feature","geometry":{"type":"Point","coordinates":[13.3753992,49.7446866]},"properties":{"natural":"tree","ref:plzen:strom":12643,"RC":"Pasportizovaný strom","ID_STR":12643}},{"type":"Feature","geometry":{"type":"Point","coordinates":[13.3755023,49.7447263]},"properties":{"natural":"tree","ref:plzen:strom":172,"RC":"Pasportizovaný strom","ID_STR":172}},{"type":"Feature","geometry":{"type":"Point","coordinates":[13.3756182,49.7447767]},"properties":{"natural":"tree","ref:plzen:strom":171,"RC":"Pasportizovaný strom","ID_STR":171}},{"type":"Feature","geometry":{"type":"Point","coordinates":[13.3757013,49.7447588]},"properties":{"natural":"tree","ref:plzen:strom":12614,"RC":"Pasportizovaný strom","ID_STR":12614}},{"type":"Feature","geometry":{"type":"Point","coordinates":[13.3757165,49.7448014]},"properties":{"natural":"tree","ref:plzen:strom":12592,"RC":"Pasportizovaný strom","ID_STR":12592}},{"type":"Feature","geometry":{"type":"Point","coordinates":[13.3749418,49.744822]},"properties":{"natural":"tree","ref:plzen:strom":158,"RC":"Pasportizovaný strom","ID_STR":158}},{"type":"Feature","geometry":{"type":"Point","coordinates":[13.3757313,49.7448433]},"properties":{"natural":"tree","ref:plzen:strom":12607,"RC":"Pasportizovaný strom","ID_STR":12607}},{"type":"Feature","geometry":{"type":"Point","coordinates":[13.3757413,49.7448858]},"properties":{"natural":"tree","ref:plzen:strom":12605,"RC":"Pasportizovaný strom","ID_STR":12605}},{"type":"Feature","geometry":{"type":"Point","coordinates":[13.3747349,49.744807]},"properties":{"natural":"tree","ref:plzen:strom":12647,"RC":"Pasportizovaný strom","ID_STR":12647}},{"type":"Feature","geometry":{"type":"Point","coordinates":[13.3746265,49.7447933]},"properties":{"natural":"tree","ref:plzen:strom":12630,"RC":"Pasportizovaný strom","ID_STR":12630}},{"type":"Feature","geometry":{"type":"Point","coordinates":[13.3754682,49.7447513]},"properties":{"natural":"tree","ref:plzen:strom":70635,"RC":"Pasportizovaný strom","ID_STR":70635}},{"type":"Feature","geometry":{"type":"Point","coordinates":[13.3748315,49.7447426]},"properties":{"natural":"tree","ref:plzen:strom":68742,"RC":"Pasportizovaný strom","ID_STR":68742}},{"type":"Feature","geometry":{"type":"Point","coordinates":[13.3753382,49.7435635]},"properties":{"natural":"tree","ref:plzen:strom":7791,"RC":"Pasportizovaný strom","ID_STR":7791}},{"type":"Feature","geometry":{"type":"Point","coordinates":[13.3757646,49.7435158]},"properties":{"natural":"tree","ref:plzen:strom":7792,"RC":"Pasportizovaný strom","ID_STR":7792}},{"type":"Feature","geometry":{"type":"Point","coordinates":[13.3759408,49.7435079]},"properties":{"natural":"tree","ref:plzen:strom":32,"RC":"Pasportizovaný strom","ID_STR":32}},{"type":"Feature","geometry":{"type":"Point","coordinates":[13.3761041,49.7435048]},"properties":{"natural":"tree","ref:plzen:strom":34,"RC":"Pasportizovaný strom","ID_STR":34}},{"type":"Feature","geometry":{"type":"Point","coordinates":[13.3762632,49.7435037]},"properties":{"natural":"tree","ref:plzen:strom":36,"RC":"Pasportizovaný strom","ID_STR":36}},{"type":"Feature","geometry":{"type":"Point","coordinates":[13.3764259,49.743503]},"properties":{"natural":"tree","ref:plzen:strom":8,"RC":"Pasportizovaný strom","ID_STR":8}},{"type":"Feature","geometry":{"type":"Point","coordinates":[13.3767784,49.743497]},"properties":{"natural":"tree","ref:plzen:strom":10,"RC":"Pasportizovaný strom","ID_STR":10}},{"type":"Feature","geometry":{"type":"Point","coordinates":[13.3765881,49.7435046]},"properties":{"natural":"tree","ref:plzen:strom":9,"RC":"Pasportizovaný strom","ID_STR":9}},{"type":"Feature","geometry":{"type":"Point","coordinates":[13.3751167,49.7435998]},"properties":{"natural":"tree","ref:plzen:strom":31,"RC":"Pasportizovaný strom","ID_STR":31}},{"type":"Feature","geometry":{"type":"Point","coordinates":[13.374983,49.7436178]},"properties":{"natural":"tree","ref:plzen:strom":29,"RC":"Pasportizovaný strom","ID_STR":29}},{"type":"Feature","geometry":{"type":"Point","coordinates":[13.3748452,49.7436377]},"properties":{"natural":"tree","ref:plzen:strom":28,"RC":"Pasportizovaný strom","ID_STR":28}},{"type":"Feature","geometry":{"type":"Point","coordinates":[13.3747146,49.7436584]},"properties":{"natural":"tree","ref:plzen:strom":27,"RC":"Pasportizovaný strom","ID_STR":27}},{"type":"Feature","geometry":{"type":"Point","coordinates":[13.3745822,49.7436809]},"properties":{"natural":"tree","ref:plzen:strom":25,"RC":"Pasportizovaný strom","ID_STR":25}},{"type":"Feature","geometry":{"type":"Point","coordinates":[13.3744277,49.7437066]},"properties":{"natural":"tree","ref:plzen:strom":23,"RC":"Pasportizovaný strom","ID_STR":23}},{"type":"Feature","geometry":{"type":"Point","coordinates":[13.3756156,49.7450531]},"properties":{"natural":"tree","ref:plzen:strom":12612,"RC":"Pasportizovaný strom","ID_STR":12612}},{"type":"Feature","geometry":{"type":"Point","coordinates":[13.3754292,49.7450717]},"properties":{"natural":"tree","ref:plzen:strom":12613,"RC":"Pasportizovaný strom","ID_STR":12613}},{"type":"Feature","geometry":{"type":"Point","coordinates":[13.3754206,49.7450216]},"properties":{"natural":"tree","ref:plzen:strom":175,"RC":"Pasportizovaný strom","ID_STR":175}},{"type":"Feature","geometry":{"type":"Point","coordinates":[13.3756391,49.7449863]},"properties":{"natural":"tree","ref:plzen:strom":174,"RC":"Pasportizovaný strom","ID_STR":174}},{"type":"Feature","geometry":{"type":"Point","coordinates":[13.3752338,49.7450943]},"properties":{"natural":"tree","ref:plzen:strom":12611,"RC":"Pasportizovaný strom","ID_STR":12611}},{"type":"Feature","geometry":{"type":"Point","coordinates":[13.3753537,49.7449761]},"properties":{"natural":"tree","ref:plzen:strom":135,"RC":"Pasportizovaný strom","ID_STR":135}},{"type":"Feature","geometry":{"type":"Point","coordinates":[13.3757605,49.7449361]},"properties":{"natural":"tree","ref:plzen:strom":173,"RC":"Pasportizovaný strom","ID_STR":173}},{"type":"Feature","geometry":{"type":"Point","coordinates":[13.3757582,49.7449357]},"properties":{"natural":"tree","ref:plzen:strom":72288,"RC":"Pasportizovaný strom","ID_STR":72288}},{"type":"Feature","geometry":{"type":"Point","coordinates":[13.3751466,49.7450502]},"properties":{"natural":"tree","ref:plzen:strom":170,"RC":"Pasportizovaný strom","ID_STR":170}},{"type":"Feature","geometry":{"type":"Point","coordinates":[13.3752106,49.7449993]},"properties":{"natural":"tree","ref:plzen:strom":161,"RC":"Pasportizovaný strom","ID_STR":161}},{"type":"Feature","geometry":{"type":"Point","coordinates":[13.3753372,49.7448755]},"properties":{"natural":"tree","ref:plzen:strom":148,"RC":"Pasportizovaný strom","ID_STR":148}},{"type":"Feature","geometry":{"type":"Point","coordinates":[13.3754245,49.7450733]},"properties":{"natural":"tree","ref:plzen:strom":70639,"RC":"Pasportizovaný strom","ID_STR":70639}},{"type":"Feature","geometry":{"type":"Point","coordinates":[13.3756168,49.7450531]},"properties":{"natural":"tree","ref:plzen:strom":68741,"RC":"Pasportizovaný strom","ID_STR":68741}},{"type":"Feature","geometry":{"type":"Point","coordinates":[13.3759996,49.7448015]},"properties":{"natural":"tree","ref:plzen:strom":121,"RC":"Pasportizovaný strom","ID_STR":121}},{"type":"Feature","geometry":{"type":"Point","coordinates":[13.3759014,49.7447675]},"properties":{"natural":"tree","ref:plzen:strom":97,"RC":"Pasportizovaný strom","ID_STR":97}},{"type":"Feature","geometry":{"type":"Point","coordinates":[13.3756879,49.7447136]},"properties":{"natural":"tree","ref:plzen:strom":12610,"RC":"Pasportizovaný strom","ID_STR":12610}},{"type":"Feature","geometry":{"type":"Point","coordinates":[13.3758902,49.7447285]},"properties":{"natural":"tree","ref:plzen:strom":95,"RC":"Pasportizovaný strom","ID_STR":95}},{"type":"Feature","geometry":{"type":"Point","coordinates":[13.3760079,49.7447203]},"properties":{"natural":"tree","ref:plzen:strom":24309,"RC":"Pasportizovaný strom","ID_STR":24309}},{"type":"Feature","geometry":{"type":"Point","coordinates":[13.3756721,49.7446567]},"properties":{"natural":"tree","ref:plzen:strom":12608,"RC":"Pasportizovaný strom","ID_STR":12608}},{"type":"Feature","geometry":{"type":"Point","coordinates":[13.3761441,49.7447088]},"properties":{"natural":"tree","ref:plzen:strom":117,"RC":"Pasportizovaný strom","ID_STR":117}},{"type":"Feature","geometry":{"type":"Point","coordinates":[13.3762289,49.7447311]},"properties":{"natural":"tree","ref:plzen:strom":118,"RC":"Pasportizovaný strom","ID_STR":118}},{"type":"Feature","geometry":{"type":"Point","coordinates":[13.3756568,49.7446124]},"properties":{"natural":"tree","ref:plzen:strom":12662,"RC":"Pasportizovaný strom","ID_STR":12662}},{"type":"Feature","geometry":{"type":"Point","coordinates":[13.3763982,49.7446471]},"properties":{"natural":"tree","ref:plzen:strom":70638,"RC":"Pasportizovaný strom","ID_STR":70638}},{"type":"Feature","geometry":{"type":"Point","coordinates":[13.3758556,49.744618]},"properties":{"natural":"tree","ref:plzen:strom":94,"RC":"Pasportizovaný strom","ID_STR":94}},{"type":"Feature","geometry":{"type":"Point","coordinates":[13.3760372,49.7446289]},"properties":{"natural":"tree","ref:plzen:strom":114,"RC":"Pasportizovaný strom","ID_STR":114}},{"type":"Feature","geometry":{"type":"Point","coordinates":[13.3761626,49.7446331]},"properties":{"natural":"tree","ref:plzen:strom":110,"RC":"Pasportizovaný strom","ID_STR":110}},{"type":"Feature","geometry":{"type":"Point","coordinates":[13.3762817,49.7446379]},"properties":{"natural":"tree","ref:plzen:strom":106,"RC":"Pasportizovaný strom","ID_STR":106}},{"type":"Feature","geometry":{"type":"Point","coordinates":[13.3764039,49.7446449]},"properties":{"natural":"tree","ref:plzen:strom":96,"RC":"Pasportizovaný strom","ID_STR":96}},{"type":"Feature","geometry":{"type":"Point","coordinates":[13.3765456,49.7446534]},"properties":{"natural":"tree","ref:plzen:strom":113,"RC":"Pasportizovaný strom","ID_STR":113}},{"type":"Feature","geometry":{"type":"Point","coordinates":[13.3763779,49.7446961]},"properties":{"natural":"tree","ref:plzen:strom":115,"RC":"Pasportizovaný strom","ID_STR":115}},{"type":"Feature","geometry":{"type":"Point","coordinates":[13.3767665,49.7400283]},"properties":{"natural":"tree","ref:plzen:strom":12760,"RC":"Pasportizovaný strom","ID_STR":12760}},{"type":"Feature","geometry":{"type":"Point","coordinates":[13.3770113,49.7400376]},"properties":{"natural":"tree","ref:plzen:strom":12735,"RC":"Pasportizovaný strom","ID_STR":12735}},{"type":"Feature","geometry":{"type":"Point","coordinates":[13.3768837,49.7400347]},"properties":{"natural":"tree","ref:plzen:strom":61863,"RC":"Pasportizovaný strom","ID_STR":61863}},{"type":"Feature","geometry":{"type":"Point","coordinates":[13.3767349,49.7400433]},"properties":{"natural":"tree","ref:plzen:strom":71649,"RC":"Pasportizovaný strom","ID_STR":71649}},{"type":"Feature","geometry":{"type":"Point","coordinates":[13.377427,49.7400256]},"properties":{"natural":"tree","ref:plzen:strom":1021,"RC":"Pasportizovaný strom","ID_STR":1021}},{"type":"Feature","geometry":{"type":"Point","coordinates":[13.3811671,49.7400545]},"properties":{"natural":"tree","ref:plzen:strom":62019,"RC":"Pasportizovaný strom","ID_STR":62019}},{"type":"Feature","geometry":{"type":"Point","coordinates":[13.3812187,49.7401009]},"properties":{"natural":"tree","ref:plzen:strom":62020,"RC":"Pasportizovaný strom","ID_STR":62020}},{"type":"Feature","geometry":{"type":"Point","coordinates":[13.3803551,49.7409028]},"properties":{"natural":"tree","ref:plzen:strom":67334,"RC":"Pasportizovaný strom","ID_STR":67334}},{"type":"Feature","geometry":{"type":"Point","coordinates":[13.3802407,49.7408742]},"properties":{"natural":"tree","ref:plzen:strom":67335,"RC":"Pasportizovaný strom","ID_STR":67335}},{"type":"Feature","geometry":{"type":"Point","coordinates":[13.3801119,49.7408417]},"properties":{"natural":"tree","ref:plzen:strom":67336,"RC":"Pasportizovaný strom","ID_STR":67336}},{"type":"Feature","geometry":{"type":"Point","coordinates":[13.3798289,49.7407747]},"properties":{"natural":"tree","ref:plzen:strom":67337,"RC":"Pasportizovaný strom","ID_STR":67337}},{"type":"Feature","geometry":{"type":"Point","coordinates":[13.3799928,49.7408153]},"properties":{"natural":"tree","ref:plzen:strom":67338,"RC":"Pasportizovaný strom","ID_STR":67338}},{"type":"Feature","geometry":{"type":"Point","coordinates":[13.3799,49.7407968]},"properties":{"natural":"tree","ref:plzen:strom":67339,"RC":"Pasportizovaný strom","ID_STR":67339}},{"type":"Feature","geometry":{"type":"Point","coordinates":[13.3780562,49.7412908]},"properties":{"natural":"tree","ref:plzen:strom":70519,"RC":"Pasportizovaný strom","ID_STR":70519}},{"type":"Feature","geometry":{"type":"Point","coordinates":[13.3778507,49.7412516]},"properties":{"natural":"tree","ref:plzen:strom":70518,"RC":"Pasportizovaný strom","ID_STR":70518}},{"type":"Feature","geometry":{"type":"Point","coordinates":[13.3776439,49.7412186]},"properties":{"natural":"tree","ref:plzen:strom":70517,"RC":"Pasportizovaný strom","ID_STR":70517}},{"type":"Feature","geometry":{"type":"Point","coordinates":[13.377449,49.7411877]},"properties":{"natural":"tree","ref:plzen:strom":70516,"RC":"Pasportizovaný strom","ID_STR":70516}},{"type":"Feature","geometry":{"type":"Point","coordinates":[13.3769504,49.7411269]},"properties":{"natural":"tree","ref:plzen:strom":70515,"RC":"Pasportizovaný strom","ID_STR":70515}},{"type":"Feature","geometry":{"type":"Point","coordinates":[13.3766403,49.741118]},"properties":{"natural":"tree","ref:plzen:strom":70514,"RC":"Pasportizovaný strom","ID_STR":70514}},{"type":"Feature","geometry":{"type":"Point","coordinates":[13.3763728,49.7411116]},"properties":{"natural":"tree","ref:plzen:strom":70513,"RC":"Pasportizovaný strom","ID_STR":70513}},{"type":"Feature","geometry":{"type":"Point","coordinates":[13.3761535,49.741108]},"properties":{"natural":"tree","ref:plzen:strom":70512,"RC":"Pasportizovaný strom","ID_STR":70512}},{"type":"Feature","geometry":{"type":"Point","coordinates":[13.3759388,49.7411023]},"properties":{"natural":"tree","ref:plzen:strom":70511,"RC":"Pasportizovaný strom","ID_STR":70511}},{"type":"Feature","geometry":{"type":"Point","coordinates":[13.3757269,49.7410967]},"properties":{"natural":"tree","ref:plzen:strom":70510,"RC":"Pasportizovaný strom","ID_STR":70510}},{"type":"Feature","geometry":{"type":"Point","coordinates":[13.3755107,49.7410917]},"properties":{"natural":"tree","ref:plzen:strom":70509,"RC":"Pasportizovaný strom","ID_STR":70509}},{"type":"Feature","geometry":{"type":"Point","coordinates":[13.3752827,49.7410892]},"properties":{"natural":"tree","ref:plzen:strom":70508,"RC":"Pasportizovaný strom","ID_STR":70508}},{"type":"Feature","geometry":{"type":"Point","coordinates":[13.3787931,49.7414229]},"properties":{"natural":"tree","ref:plzen:strom":70520,"RC":"Pasportizovaný strom","ID_STR":70520}},{"type":"Feature","geometry":{"type":"Point","coordinates":[13.3725892,49.7507732]},"properties":{"natural":"tree","ref:plzen:strom":10027,"RC":"Pasportizovaný strom","ID_STR":10027}},{"type":"Feature","geometry":{"type":"Point","coordinates":[13.372666,49.7508578]},"properties":{"natural":"tree","ref:plzen:strom":10019,"RC":"Pasportizovaný strom","ID_STR":10019}},{"type":"Feature","geometry":{"type":"Point","coordinates":[13.3724866,49.7507992]},"properties":{"natural":"tree","ref:plzen:strom":10029,"RC":"Pasportizovaný strom","ID_STR":10029}},{"type":"Feature","geometry":{"type":"Point","coordinates":[13.3723581,49.750777]},"properties":{"natural":"tree","ref:plzen:strom":9991,"RC":"Pasportizovaný strom","ID_STR":9991}},{"type":"Feature","geometry":{"type":"Point","coordinates":[13.3724968,49.7508905]},"properties":{"natural":"tree","ref:plzen:strom":69193,"RC":"Pasportizovaný strom","ID_STR":69193}},{"type":"Feature","geometry":{"type":"Point","coordinates":[13.3722442,49.7507874]},"properties":{"natural":"tree","ref:plzen:strom":10017,"RC":"Pasportizovaný strom","ID_STR":10017}},{"type":"Feature","geometry":{"type":"Point","coordinates":[13.3724003,49.7509079]},"properties":{"natural":"tree","ref:plzen:strom":69192,"RC":"Pasportizovaný strom","ID_STR":69192}},{"type":"Feature","geometry":{"type":"Point","coordinates":[13.3718311,49.7507756]},"properties":{"natural":"tree","ref:plzen:strom":10013,"RC":"Pasportizovaný strom","ID_STR":10013}},{"type":"Feature","geometry":{"type":"Point","coordinates":[13.3718506,49.7508755]},"properties":{"natural":"tree","ref:plzen:strom":69187,"RC":"Pasportizovaný strom","ID_STR":69187}},{"type":"Feature","geometry":{"type":"Point","coordinates":[13.3720532,49.750908]},"properties":{"natural":"tree","ref:plzen:strom":69186,"RC":"Pasportizovaný strom","ID_STR":69186}},{"type":"Feature","geometry":{"type":"Point","coordinates":[13.3715197,49.7508374]},"properties":{"natural":"tree","ref:plzen:strom":10058,"RC":"Pasportizovaný strom","ID_STR":10058}},{"type":"Feature","geometry":{"type":"Point","coordinates":[13.371667,49.7509156]},"properties":{"natural":"tree","ref:plzen:strom":69189,"RC":"Pasportizovaný strom","ID_STR":69189}},{"type":"Feature","geometry":{"type":"Point","coordinates":[13.3720949,49.7509642]},"properties":{"natural":"tree","ref:plzen:strom":69185,"RC":"Pasportizovaný strom","ID_STR":69185}},{"type":"Feature","geometry":{"type":"Point","coordinates":[13.3709569,49.7508291]},"properties":{"natural":"tree","ref:plzen:strom":10048,"RC":"Pasportizovaný strom","ID_STR":10048}},{"type":"Feature","geometry":{"type":"Point","coordinates":[13.3719968,49.7508449]},"properties":{"natural":"tree","ref:plzen:strom":10025,"RC":"Pasportizovaný strom","ID_STR":10025}},{"type":"Feature","geometry":{"type":"Point","coordinates":[13.3718748,49.7509532]},"properties":{"natural":"tree","ref:plzen:strom":10033,"RC":"Pasportizovaný strom","ID_STR":10033}},{"type":"Feature","geometry":{"type":"Point","coordinates":[13.371884,49.75093]},"properties":{"natural":"tree","ref:plzen:strom":10030,"RC":"Pasportizovaný strom","ID_STR":10030}},{"type":"Feature","geometry":{"type":"Point","coordinates":[13.3719128,49.7509497]},"properties":{"natural":"tree","ref:plzen:strom":10032,"RC":"Pasportizovaný strom","ID_STR":10032}},{"type":"Feature","geometry":{"type":"Point","coordinates":[13.3726309,49.7509121]},"properties":{"natural":"tree","ref:plzen:strom":9994,"RC":"Pasportizovaný strom","ID_STR":9994}},{"type":"Feature","geometry":{"type":"Point","coordinates":[13.3727248,49.7509237]},"properties":{"natural":"tree","ref:plzen:strom":10007,"RC":"Pasportizovaný strom","ID_STR":10007}},{"type":"Feature","geometry":{"type":"Point","coordinates":[13.3711455,49.7508717]},"properties":{"natural":"tree","ref:plzen:strom":10050,"RC":"Pasportizovaný strom","ID_STR":10050}},{"type":"Feature","geometry":{"type":"Point","coordinates":[13.3712111,49.7508674]},"properties":{"natural":"tree","ref:plzen:strom":10051,"RC":"Pasportizovaný strom","ID_STR":10051}},{"type":"Feature","geometry":{"type":"Point","coordinates":[13.3712527,49.75086]},"properties":{"natural":"tree","ref:plzen:strom":10052,"RC":"Pasportizovaný strom","ID_STR":10052}},{"type":"Feature","geometry":{"type":"Point","coordinates":[13.3712962,49.7508555]},"properties":{"natural":"tree","ref:plzen:strom":10053,"RC":"Pasportizovaný strom","ID_STR":10053}},{"type":"Feature","geometry":{"type":"Point","coordinates":[13.3713417,49.7508547]},"properties":{"natural":"tree","ref:plzen:strom":10054,"RC":"Pasportizovaný strom","ID_STR":10054}},{"type":"Feature","geometry":{"type":"Point","coordinates":[13.3713874,49.7508497]},"properties":{"natural":"tree","ref:plzen:strom":10055,"RC":"Pasportizovaný strom","ID_STR":10055}},{"type":"Feature","geometry":{"type":"Point","coordinates":[13.3714334,49.750847]},"properties":{"natural":"tree","ref:plzen:strom":10056,"RC":"Pasportizovaný strom","ID_STR":10056}},{"type":"Feature","geometry":{"type":"Point","coordinates":[13.3714753,49.7508437]},"properties":{"natural":"tree","ref:plzen:strom":10057,"RC":"Pasportizovaný strom","ID_STR":10057}},{"type":"Feature","geometry":{"type":"Point","coordinates":[13.3717335,49.7508117]},"properties":{"natural":"tree","ref:plzen:strom":10031,"RC":"Pasportizovaný strom","ID_STR":10031}},{"type":"Feature","geometry":{"type":"Point","coordinates":[13.3709973,49.7509895]},"properties":{"natural":"tree","ref:plzen:strom":10043,"RC":"Pasportizovaný strom","ID_STR":10043}},{"type":"Feature","geometry":{"type":"Point","coordinates":[13.371366,49.7509823]},"properties":{"natural":"tree","ref:plzen:strom":69191,"RC":"Pasportizovaný strom","ID_STR":69191}},{"type":"Feature","geometry":{"type":"Point","coordinates":[13.3715138,49.7509517]},"properties":{"natural":"tree","ref:plzen:strom":69188,"RC":"Pasportizovaný strom","ID_STR":69188}},{"type":"Feature","geometry":{"type":"Point","coordinates":[13.3715979,49.7510414]},"properties":{"natural":"tree","ref:plzen:strom":10035,"RC":"Pasportizovaný strom","ID_STR":10035}},{"type":"Feature","geometry":{"type":"Point","coordinates":[13.3710283,49.7511899]},"properties":{"natural":"tree","ref:plzen:strom":10028,"RC":"Pasportizovaný strom","ID_STR":10028}},{"type":"Feature","geometry":{"type":"Point","coordinates":[13.3712178,49.7511893]},"properties":{"natural":"tree","ref:plzen:strom":10036,"RC":"Pasportizovaný strom","ID_STR":10036}},{"type":"Feature","geometry":{"type":"Point","coordinates":[13.3711267,49.7511346]},"properties":{"natural":"tree","ref:plzen:strom":10034,"RC":"Pasportizovaný strom","ID_STR":10034}},{"type":"Feature","geometry":{"type":"Point","coordinates":[13.371506,49.7512236]},"properties":{"natural":"tree","ref:plzen:strom":69180,"RC":"Pasportizovaný strom","ID_STR":69180}},{"type":"Feature","geometry":{"type":"Point","coordinates":[13.3723977,49.7498842]},"properties":{"natural":"tree","ref:plzen:strom":24662,"RC":"Pasportizovaný strom","ID_STR":24662}},{"type":"Feature","geometry":{"type":"Point","coordinates":[13.3723009,49.7498738]},"properties":{"natural":"tree","ref:plzen:strom":24663,"RC":"Pasportizovaný strom","ID_STR":24663}},{"type":"Feature","geometry":{"type":"Point","coordinates":[13.3722145,49.7498602]},"properties":{"natural":"tree","ref:plzen:strom":24664,"RC":"Pasportizovaný strom","ID_STR":24664}},{"type":"Feature","geometry":{"type":"Point","coordinates":[13.3721326,49.7498414]},"properties":{"natural":"tree","ref:plzen:strom":24665,"RC":"Pasportizovaný strom","ID_STR":24665}},{"type":"Feature","geometry":{"type":"Point","coordinates":[13.3720692,49.7498031]},"properties":{"natural":"tree","ref:plzen:strom":24666,"RC":"Pasportizovaný strom","ID_STR":24666}},{"type":"Feature","geometry":{"type":"Point","coordinates":[13.3719975,49.7497457]},"properties":{"natural":"tree","ref:plzen:strom":24667,"RC":"Pasportizovaný strom","ID_STR":24667}},{"type":"Feature","geometry":{"type":"Point","coordinates":[13.3709847,49.7499328]},"properties":{"natural":"tree","ref:plzen:strom":8137,"RC":"Pasportizovaný strom","ID_STR":8137}},{"type":"Feature","geometry":{"type":"Point","coordinates":[13.3707569,49.7498253]},"properties":{"natural":"tree","ref:plzen:strom":8131,"RC":"Pasportizovaný strom","ID_STR":8131}},{"type":"Feature","geometry":{"type":"Point","coordinates":[13.3726469,49.7496802]},"properties":{"natural":"tree","ref:plzen:strom":24655,"RC":"Pasportizovaný strom","ID_STR":24655}},{"type":"Feature","geometry":{"type":"Point","coordinates":[13.3727726,49.749683]},"properties":{"natural":"tree","ref:plzen:strom":24656,"RC":"Pasportizovaný strom","ID_STR":24656}},{"type":"Feature","geometry":{"type":"Point","coordinates":[13.3728897,49.7496584]},"properties":{"natural":"tree","ref:plzen:strom":24657,"RC":"Pasportizovaný strom","ID_STR":24657}},{"type":"Feature","geometry":{"type":"Point","coordinates":[13.37264,49.7496146]},"properties":{"natural":"tree","ref:plzen:strom":24654,"RC":"Pasportizovaný strom","ID_STR":24654}},{"type":"Feature","geometry":{"type":"Point","coordinates":[13.3726751,49.7495916]},"properties":{"natural":"tree","ref:plzen:strom":24653,"RC":"Pasportizovaný strom","ID_STR":24653}},{"type":"Feature","geometry":{"type":"Point","coordinates":[13.3726054,49.7494933]},"properties":{"natural":"tree","ref:plzen:strom":24651,"RC":"Pasportizovaný strom","ID_STR":24651}},{"type":"Feature","geometry":{"type":"Point","coordinates":[13.3726705,49.7495165]},"properties":{"natural":"tree","ref:plzen:strom":24652,"RC":"Pasportizovaný strom","ID_STR":24652}},{"type":"Feature","geometry":{"type":"Point","coordinates":[13.3725972,49.7492904]},"properties":{"natural":"tree","ref:plzen:strom":24650,"RC":"Pasportizovaný strom","ID_STR":24650}},{"type":"Feature","geometry":{"type":"Point","coordinates":[13.3726762,49.7492861]},"properties":{"natural":"tree","ref:plzen:strom":24649,"RC":"Pasportizovaný strom","ID_STR":24649}},{"type":"Feature","geometry":{"type":"Point","coordinates":[13.372585,49.7491207]},"properties":{"natural":"tree","ref:plzen:strom":24645,"RC":"Pasportizovaný strom","ID_STR":24645}},{"type":"Feature","geometry":{"type":"Point","coordinates":[13.3727282,49.749207]},"properties":{"natural":"tree","ref:plzen:strom":24648,"RC":"Pasportizovaný strom","ID_STR":24648}},{"type":"Feature","geometry":{"type":"Point","coordinates":[13.3726515,49.7491224]},"properties":{"natural":"tree","ref:plzen:strom":24646,"RC":"Pasportizovaný strom","ID_STR":24646}},{"type":"Feature","geometry":{"type":"Point","coordinates":[13.3727236,49.7491632]},"properties":{"natural":"tree","ref:plzen:strom":24647,"RC":"Pasportizovaný strom","ID_STR":24647}},{"type":"Feature","geometry":{"type":"Point","coordinates":[13.3714396,49.7519428]},"properties":{"natural":"tree","ref:plzen:strom":69169,"RC":"Pasportizovaný strom","ID_STR":69169}},{"type":"Feature","geometry":{"type":"Point","coordinates":[13.3716557,49.7519415]},"properties":{"natural":"tree","ref:plzen:strom":69170,"RC":"Pasportizovaný strom","ID_STR":69170}},{"type":"Feature","geometry":{"type":"Point","coordinates":[13.3742846,49.7437311]},"properties":{"natural":"tree","ref:plzen:strom":22,"RC":"Pasportizovaný strom","ID_STR":22}},{"type":"Feature","geometry":{"type":"Point","coordinates":[13.3741025,49.7449328]},"properties":{"natural":"tree","ref:plzen:strom":12404,"RC":"Pasportizovaný strom","ID_STR":12404}},{"type":"Feature","geometry":{"type":"Point","coordinates":[13.3740466,49.7450097]},"properties":{"natural":"tree","ref:plzen:strom":19300,"RC":"Pasportizovaný strom","ID_STR":19300}},{"type":"Feature","geometry":{"type":"Point","coordinates":[13.374005,49.7451028]},"properties":{"natural":"tree","ref:plzen:strom":137,"RC":"Pasportizovaný strom","ID_STR":137}},{"type":"Feature","geometry":{"type":"Point","coordinates":[13.3740075,49.7449617]},"properties":{"natural":"tree","ref:plzen:strom":23928,"RC":"Pasportizovaný strom","ID_STR":23928}},{"type":"Feature","geometry":{"type":"Point","coordinates":[13.3739777,49.745013]},"properties":{"natural":"tree","ref:plzen:strom":12415,"RC":"Pasportizovaný strom","ID_STR":12415}},{"type":"Feature","geometry":{"type":"Point","coordinates":[13.3740968,49.7437559]},"properties":{"natural":"tree","ref:plzen:strom":20,"RC":"Pasportizovaný strom","ID_STR":20}},{"type":"Feature","geometry":{"type":"Point","coordinates":[13.3739254,49.7451647]},"properties":{"natural":"tree","ref:plzen:strom":141,"RC":"Pasportizovaný strom","ID_STR":141}},{"type":"Feature","geometry":{"type":"Point","coordinates":[13.3739172,49.7449886]},"properties":{"natural":"tree","ref:plzen:strom":12407,"RC":"Pasportizovaný strom","ID_STR":12407}},{"type":"Feature","geometry":{"type":"Point","coordinates":[13.3738854,49.7450169]},"properties":{"natural":"tree","ref:plzen:strom":166,"RC":"Pasportizovaný strom","ID_STR":166}},{"type":"Feature","geometry":{"type":"Point","coordinates":[13.3738555,49.7451108]},"properties":{"natural":"tree","ref:plzen:strom":145,"RC":"Pasportizovaný strom","ID_STR":145}},{"type":"Feature","geometry":{"type":"Point","coordinates":[13.373855,49.7450489]},"properties":{"natural":"tree","ref:plzen:strom":12412,"RC":"Pasportizovaný strom","ID_STR":12412}},{"type":"Feature","geometry":{"type":"Point","coordinates":[13.373776,49.7459784]},"properties":{"natural":"tree","ref:plzen:strom":19658,"RC":"Pasportizovaný strom","ID_STR":19658}},{"type":"Feature","geometry":{"type":"Point","coordinates":[13.3737504,49.7460839]},"properties":{"natural":"tree","ref:plzen:strom":19657,"RC":"Pasportizovaný strom","ID_STR":19657}},{"type":"Feature","geometry":{"type":"Point","coordinates":[13.3737413,49.7461936]},"properties":{"natural":"tree","ref:plzen:strom":19656,"RC":"Pasportizovaný strom","ID_STR":19656}},{"type":"Feature","geometry":{"type":"Point","coordinates":[13.3737424,49.7462994]},"properties":{"natural":"tree","ref:plzen:strom":19655,"RC":"Pasportizovaný strom","ID_STR":19655}},{"type":"Feature","geometry":{"type":"Point","coordinates":[13.3737491,49.7464047]},"properties":{"natural":"tree","ref:plzen:strom":19654,"RC":"Pasportizovaný strom","ID_STR":19654}},{"type":"Feature","geometry":{"type":"Point","coordinates":[13.373753,49.7465035]},"properties":{"natural":"tree","ref:plzen:strom":19653,"RC":"Pasportizovaný strom","ID_STR":19653}},{"type":"Feature","geometry":{"type":"Point","coordinates":[13.3737767,49.745028]},"properties":{"natural":"tree","ref:plzen:strom":12408,"RC":"Pasportizovaný strom","ID_STR":12408}},{"type":"Feature","geometry":{"type":"Point","coordinates":[13.3737527,49.745074]},"properties":{"natural":"tree","ref:plzen:strom":12410,"RC":"Pasportizovaný strom","ID_STR":12410}},{"type":"Feature","geometry":{"type":"Point","coordinates":[13.373593,49.7464789]},"properties":{"natural":"tree","ref:plzen:strom":19651,"RC":"Pasportizovaný strom","ID_STR":19651}},{"type":"Feature","geometry":{"type":"Point","coordinates":[13.373911,49.7437881]},"properties":{"natural":"tree","ref:plzen:strom":19,"RC":"Pasportizovaný strom","ID_STR":19}},{"type":"Feature","geometry":{"type":"Point","coordinates":[13.3736774,49.7450553]},"properties":{"natural":"tree","ref:plzen:strom":12409,"RC":"Pasportizovaný strom","ID_STR":12409}},{"type":"Feature","geometry":{"type":"Point","coordinates":[13.3735325,49.7463816]},"properties":{"natural":"tree","ref:plzen:strom":19650,"RC":"Pasportizovaný strom","ID_STR":19650}},{"type":"Feature","geometry":{"type":"Point","coordinates":[13.3734698,49.7462841]},"properties":{"natural":"tree","ref:plzen:strom":19649,"RC":"Pasportizovaný strom","ID_STR":19649}},{"type":"Feature","geometry":{"type":"Point","coordinates":[13.3738995,49.7452076]},"properties":{"natural":"tree","ref:plzen:strom":20456,"RC":"Pasportizovaný strom","ID_STR":20456}},{"type":"Feature","geometry":{"type":"Point","coordinates":[13.3737583,49.7453053]},"properties":{"natural":"tree","ref:plzen:strom":20455,"RC":"Pasportizovaný strom","ID_STR":20455}},{"type":"Feature","geometry":{"type":"Point","coordinates":[13.373119,49.7473007]},"properties":{"natural":"tree","ref:plzen:strom":8052,"RC":"Pasportizovaný strom","ID_STR":8052}},{"type":"Feature","geometry":{"type":"Point","coordinates":[13.3734608,49.7476609]},"properties":{"natural":"tree","ref:plzen:strom":8049,"RC":"Pasportizovaný strom","ID_STR":8049}},{"type":"Feature","geometry":{"type":"Point","coordinates":[13.3734244,49.7475949]},"properties":{"natural":"tree","ref:plzen:strom":8050,"RC":"Pasportizovaný strom","ID_STR":8050}},{"type":"Feature","geometry":{"type":"Point","coordinates":[13.3734104,49.7475599]},"properties":{"natural":"tree","ref:plzen:strom":8051,"RC":"Pasportizovaný strom","ID_STR":8051}},{"type":"Feature","geometry":{"type":"Point","coordinates":[13.3739129,49.7457173]},"properties":{"natural":"tree","ref:plzen:strom":68739,"RC":"Pasportizovaný strom","ID_STR":68739}},{"type":"Feature","geometry":{"type":"Point","coordinates":[13.3736661,49.7438506]},"properties":{"natural":"tree","ref:plzen:strom":18,"RC":"Pasportizovaný strom","ID_STR":18}},{"type":"Feature","geometry":{"type":"Point","coordinates":[13.3735798,49.7450813]},"properties":{"natural":"tree","ref:plzen:strom":12405,"RC":"Pasportizovaný strom","ID_STR":12405}},{"type":"Feature","geometry":{"type":"Point","coordinates":[13.3733982,49.7461873]},"properties":{"natural":"tree","ref:plzen:strom":19648,"RC":"Pasportizovaný strom","ID_STR":19648}},{"type":"Feature","geometry":{"type":"Point","coordinates":[13.3733327,49.7460874]},"properties":{"natural":"tree","ref:plzen:strom":19647,"RC":"Pasportizovaný strom","ID_STR":19647}},{"type":"Feature","geometry":{"type":"Point","coordinates":[13.3733862,49.7437774]},"properties":{"natural":"tree","ref:plzen:strom":16,"RC":"Pasportizovaný strom","ID_STR":16}},{"type":"Feature","geometry":{"type":"Point","coordinates":[13.3731322,49.745789]},"properties":{"natural":"tree","ref:plzen:strom":19644,"RC":"Pasportizovaný strom","ID_STR":19644}},{"type":"Feature","geometry":{"type":"Point","coordinates":[13.3731114,49.7456895]},"properties":{"natural":"tree","ref:plzen:strom":19643,"RC":"Pasportizovaný strom","ID_STR":19643}},{"type":"Feature","geometry":{"type":"Point","coordinates":[13.373241,49.7438425]},"properties":{"natural":"tree","ref:plzen:strom":15,"RC":"Pasportizovaný strom","ID_STR":15}},{"type":"Feature","geometry":{"type":"Point","coordinates":[13.3731231,49.7438862]},"properties":{"natural":"tree","ref:plzen:strom":14,"RC":"Pasportizovaný strom","ID_STR":14}},{"type":"Feature","geometry":{"type":"Point","coordinates":[13.373016,49.743931]},"properties":{"natural":"tree","ref:plzen:strom":12,"RC":"Pasportizovaný strom","ID_STR":12}},{"type":"Feature","geometry":{"type":"Point","coordinates":[13.3705081,49.7516344]},"properties":{"natural":"tree","ref:plzen:strom":9845,"RC":"Pasportizovaný strom","ID_STR":9845}},{"type":"Feature","geometry":{"type":"Point","coordinates":[13.3705002,49.7516047]},"properties":{"natural":"tree","ref:plzen:strom":9844,"RC":"Pasportizovaný strom","ID_STR":9844}},{"type":"Feature","geometry":{"type":"Point","coordinates":[13.3705018,49.751677]},"properties":{"natural":"tree","ref:plzen:strom":9846,"RC":"Pasportizovaný strom","ID_STR":9846}},{"type":"Feature","geometry":{"type":"Point","coordinates":[13.3704737,49.7515275]},"properties":{"natural":"tree","ref:plzen:strom":9840,"RC":"Pasportizovaný strom","ID_STR":9840}},{"type":"Feature","geometry":{"type":"Point","coordinates":[13.3703913,49.751594]},"properties":{"natural":"tree","ref:plzen:strom":9842,"RC":"Pasportizovaný strom","ID_STR":9842}},{"type":"Feature","geometry":{"type":"Point","coordinates":[13.3703906,49.7514483]},"properties":{"natural":"tree","ref:plzen:strom":69147,"RC":"Pasportizovaný strom","ID_STR":69147}},{"type":"Feature","geometry":{"type":"Point","coordinates":[13.3703721,49.7515175]},"properties":{"natural":"tree","ref:plzen:strom":9838,"RC":"Pasportizovaný strom","ID_STR":9838}},{"type":"Feature","geometry":{"type":"Point","coordinates":[13.3702496,49.7516282]},"properties":{"natural":"tree","ref:plzen:strom":9837,"RC":"Pasportizovaný strom","ID_STR":9837}},{"type":"Feature","geometry":{"type":"Point","coordinates":[13.370314,49.7517019]},"properties":{"natural":"tree","ref:plzen:strom":9848,"RC":"Pasportizovaný strom","ID_STR":9848}},{"type":"Feature","geometry":{"type":"Point","coordinates":[13.3701994,49.7517067]},"properties":{"natural":"tree","ref:plzen:strom":9851,"RC":"Pasportizovaný strom","ID_STR":9851}},{"type":"Feature","geometry":{"type":"Point","coordinates":[13.3703128,49.7517547]},"properties":{"natural":"tree","ref:plzen:strom":9849,"RC":"Pasportizovaný strom","ID_STR":9849}},{"type":"Feature","geometry":{"type":"Point","coordinates":[13.3706734,49.7517373]},"properties":{"natural":"tree","ref:plzen:strom":9921,"RC":"Pasportizovaný strom","ID_STR":9921}},{"type":"Feature","geometry":{"type":"Point","coordinates":[13.3706323,49.7517067]},"properties":{"natural":"tree","ref:plzen:strom":9918,"RC":"Pasportizovaný strom","ID_STR":9918}},{"type":"Feature","geometry":{"type":"Point","coordinates":[13.3706878,49.7517074]},"properties":{"natural":"tree","ref:plzen:strom":9920,"RC":"Pasportizovaný strom","ID_STR":9920}},{"type":"Feature","geometry":{"type":"Point","coordinates":[13.3705972,49.7515709]},"properties":{"natural":"tree","ref:plzen:strom":9916,"RC":"Pasportizovaný strom","ID_STR":9916}},{"type":"Feature","geometry":{"type":"Point","coordinates":[13.3706184,49.7515441]},"properties":{"natural":"tree","ref:plzen:strom":9914,"RC":"Pasportizovaný strom","ID_STR":9914}},{"type":"Feature","geometry":{"type":"Point","coordinates":[13.3706548,49.751579]},"properties":{"natural":"tree","ref:plzen:strom":9917,"RC":"Pasportizovaný strom","ID_STR":9917}},{"type":"Feature","geometry":{"type":"Point","coordinates":[13.3708184,49.751689]},"properties":{"natural":"tree","ref:plzen:strom":9992,"RC":"Pasportizovaný strom","ID_STR":9992}},{"type":"Feature","geometry":{"type":"Point","coordinates":[13.3708663,49.7516431]},"properties":{"natural":"tree","ref:plzen:strom":9990,"RC":"Pasportizovaný strom","ID_STR":9990}},{"type":"Feature","geometry":{"type":"Point","coordinates":[13.3708542,49.7517262]},"properties":{"natural":"tree","ref:plzen:strom":9993,"RC":"Pasportizovaný strom","ID_STR":9993}},{"type":"Feature","geometry":{"type":"Point","coordinates":[13.3709053,49.7515243]},"properties":{"natural":"tree","ref:plzen:strom":9995,"RC":"Pasportizovaný strom","ID_STR":9995}},{"type":"Feature","geometry":{"type":"Point","coordinates":[13.3709264,49.7516876]},"properties":{"natural":"tree","ref:plzen:strom":9989,"RC":"Pasportizovaný strom","ID_STR":9989}},{"type":"Feature","geometry":{"type":"Point","coordinates":[13.3706604,49.7518075]},"properties":{"natural":"tree","ref:plzen:strom":69150,"RC":"Pasportizovaný strom","ID_STR":69150}},{"type":"Feature","geometry":{"type":"Point","coordinates":[13.3709464,49.7516616]},"properties":{"natural":"tree","ref:plzen:strom":69162,"RC":"Pasportizovaný strom","ID_STR":69162}},{"type":"Feature","geometry":{"type":"Point","coordinates":[13.3709359,49.7517189]},"properties":{"natural":"tree","ref:plzen:strom":69163,"RC":"Pasportizovaný strom","ID_STR":69163}},{"type":"Feature","geometry":{"type":"Point","coordinates":[13.3709181,49.751778]},"properties":{"natural":"tree","ref:plzen:strom":69164,"RC":"Pasportizovaný strom","ID_STR":69164}},{"type":"Feature","geometry":{"type":"Point","coordinates":[13.3709127,49.7518875]},"properties":{"natural":"tree","ref:plzen:strom":69165,"RC":"Pasportizovaný strom","ID_STR":69165}},{"type":"Feature","geometry":{"type":"Point","coordinates":[13.3711215,49.7516635]},"properties":{"natural":"tree","ref:plzen:strom":9986,"RC":"Pasportizovaný strom","ID_STR":9986}},{"type":"Feature","geometry":{"type":"Point","coordinates":[13.3710345,49.7516862]},"properties":{"natural":"tree","ref:plzen:strom":9987,"RC":"Pasportizovaný strom","ID_STR":9987}},{"type":"Feature","geometry":{"type":"Point","coordinates":[13.3702978,49.7510265]},"properties":{"natural":"tree","ref:plzen:strom":9763,"RC":"Pasportizovaný strom","ID_STR":9763}},{"type":"Feature","geometry":{"type":"Point","coordinates":[13.3703576,49.7510252]},"properties":{"natural":"tree","ref:plzen:strom":9762,"RC":"Pasportizovaný strom","ID_STR":9762}},{"type":"Feature","geometry":{"type":"Point","coordinates":[13.3704047,49.7509985]},"properties":{"natural":"tree","ref:plzen:strom":9787,"RC":"Pasportizovaný strom","ID_STR":9787}},{"type":"Feature","geometry":{"type":"Point","coordinates":[13.3704056,49.7509999]},"properties":{"natural":"tree","ref:plzen:strom":9754,"RC":"Pasportizovaný strom","ID_STR":9754}},{"type":"Feature","geometry":{"type":"Point","coordinates":[13.370347,49.7512287]},"properties":{"natural":"tree","ref:plzen:strom":9830,"RC":"Pasportizovaný strom","ID_STR":9830}},{"type":"Feature","geometry":{"type":"Point","coordinates":[13.3705842,49.75098]},"properties":{"natural":"tree","ref:plzen:strom":69190,"RC":"Pasportizovaný strom","ID_STR":69190}},{"type":"Feature","geometry":{"type":"Point","coordinates":[13.3706506,49.7509021]},"properties":{"natural":"tree","ref:plzen:strom":10045,"RC":"Pasportizovaný strom","ID_STR":10045}},{"type":"Feature","geometry":{"type":"Point","coordinates":[13.3705028,49.7512711]},"properties":{"natural":"tree","ref:plzen:strom":69148,"RC":"Pasportizovaný strom","ID_STR":69148}},{"type":"Feature","geometry":{"type":"Point","coordinates":[13.3703843,49.7513069]},"properties":{"natural":"tree","ref:plzen:strom":9828,"RC":"Pasportizovaný strom","ID_STR":9828}},{"type":"Feature","geometry":{"type":"Point","coordinates":[13.3705212,49.7513559]},"properties":{"natural":"tree","ref:plzen:strom":69149,"RC":"Pasportizovaný strom","ID_STR":69149}},{"type":"Feature","geometry":{"type":"Point","coordinates":[13.3702403,49.7509644]},"properties":{"natural":"tree","ref:plzen:strom":9760,"RC":"Pasportizovaný strom","ID_STR":9760}},{"type":"Feature","geometry":{"type":"Point","coordinates":[13.3703827,49.7509385]},"properties":{"natural":"tree","ref:plzen:strom":9786,"RC":"Pasportizovaný strom","ID_STR":9786}},{"type":"Feature","geometry":{"type":"Point","coordinates":[13.370727,49.7511602]},"properties":{"natural":"tree","ref:plzen:strom":10042,"RC":"Pasportizovaný strom","ID_STR":10042}},{"type":"Feature","geometry":{"type":"Point","coordinates":[13.370706,49.7512496]},"properties":{"natural":"tree","ref:plzen:strom":10039,"RC":"Pasportizovaný strom","ID_STR":10039}},{"type":"Feature","geometry":{"type":"Point","coordinates":[13.3706864,49.7511273]},"properties":{"natural":"tree","ref:plzen:strom":10041,"RC":"Pasportizovaný strom","ID_STR":10041}},{"type":"Feature","geometry":{"type":"Point","coordinates":[13.3706629,49.7511804]},"properties":{"natural":"tree","ref:plzen:strom":10040,"RC":"Pasportizovaný strom","ID_STR":10040}},{"type":"Feature","geometry":{"type":"Point","coordinates":[13.3707856,49.751243]},"properties":{"natural":"tree","ref:plzen:strom":10038,"RC":"Pasportizovaný strom","ID_STR":10038}},{"type":"Feature","geometry":{"type":"Point","coordinates":[13.3707534,49.7508956]},"properties":{"natural":"tree","ref:plzen:strom":10046,"RC":"Pasportizovaný strom","ID_STR":10046}},{"type":"Feature","geometry":{"type":"Point","coordinates":[13.3708668,49.7508804]},"properties":{"natural":"tree","ref:plzen:strom":10047,"RC":"Pasportizovaný strom","ID_STR":10047}},{"type":"Feature","geometry":{"type":"Point","coordinates":[13.3708208,49.7509505]},"properties":{"natural":"tree","ref:plzen:strom":10044,"RC":"Pasportizovaný strom","ID_STR":10044}},{"type":"Feature","geometry":{"type":"Point","coordinates":[13.3702251,49.7512576]},"properties":{"natural":"tree","ref:plzen:strom":9831,"RC":"Pasportizovaný strom","ID_STR":9831}},{"type":"Feature","geometry":{"type":"Point","coordinates":[13.3725161,49.7464716]},"properties":{"natural":"tree","ref:plzen:strom":65376,"RC":"Pasportizovaný strom","ID_STR":65376}},{"type":"Feature","geometry":{"type":"Point","coordinates":[13.3724738,49.7463214]},"properties":{"natural":"tree","ref:plzen:strom":65372,"RC":"Pasportizovaný strom","ID_STR":65372}},{"type":"Feature","geometry":{"type":"Point","coordinates":[13.3721245,49.7465257]},"properties":{"natural":"tree","ref:plzen:strom":65375,"RC":"Pasportizovaný strom","ID_STR":65375}},{"type":"Feature","geometry":{"type":"Point","coordinates":[13.372268,49.7463865]},"properties":{"natural":"tree","ref:plzen:strom":65373,"RC":"Pasportizovaný strom","ID_STR":65373}},{"type":"Feature","geometry":{"type":"Point","coordinates":[13.3720817,49.7463559]},"properties":{"natural":"tree","ref:plzen:strom":65374,"RC":"Pasportizovaný strom","ID_STR":65374}},{"type":"Feature","geometry":{"type":"Point","coordinates":[13.3732623,49.7459943]},"properties":{"natural":"tree","ref:plzen:strom":19646,"RC":"Pasportizovaný strom","ID_STR":19646}},{"type":"Feature","geometry":{"type":"Point","coordinates":[13.3732741,49.7459279]},"properties":{"natural":"tree","ref:plzen:strom":7985,"RC":"Pasportizovaný strom","ID_STR":7985}},{"type":"Feature","geometry":{"type":"Point","coordinates":[13.3732026,49.7458924]},"properties":{"natural":"tree","ref:plzen:strom":19645,"RC":"Pasportizovaný strom","ID_STR":19645}},{"type":"Feature","geometry":{"type":"Point","coordinates":[13.3732642,49.7458597]},"properties":{"natural":"tree","ref:plzen:strom":7984,"RC":"Pasportizovaný strom","ID_STR":7984}},{"type":"Feature","geometry":{"type":"Point","coordinates":[13.3725112,49.7458841]},"properties":{"natural":"tree","ref:plzen:strom":8086,"RC":"Pasportizovaný strom","ID_STR":8086}},{"type":"Feature","geometry":{"type":"Point","coordinates":[13.3723974,49.7458946]},"properties":{"natural":"tree","ref:plzen:strom":8087,"RC":"Pasportizovaný strom","ID_STR":8087}},{"type":"Feature","geometry":{"type":"Point","coordinates":[13.3722835,49.745905]},"properties":{"natural":"tree","ref:plzen:strom":8088,"RC":"Pasportizovaný strom","ID_STR":8088}},{"type":"Feature","geometry":{"type":"Point","coordinates":[13.3721697,49.7459155]},"properties":{"natural":"tree","ref:plzen:strom":8089,"RC":"Pasportizovaný strom","ID_STR":8089}},{"type":"Feature","geometry":{"type":"Point","coordinates":[13.3724147,49.7458049]},"properties":{"natural":"tree","ref:plzen:strom":8091,"RC":"Pasportizovaný strom","ID_STR":8091}},{"type":"Feature","geometry":{"type":"Point","coordinates":[13.3711397,49.7466327]},"properties":{"natural":"tree","ref:plzen:strom":7996,"RC":"Pasportizovaný strom","ID_STR":7996}},{"type":"Feature","geometry":{"type":"Point","coordinates":[13.3710854,49.7464995]},"properties":{"natural":"tree","ref:plzen:strom":7995,"RC":"Pasportizovaný strom","ID_STR":7995}},{"type":"Feature","geometry":{"type":"Point","coordinates":[13.3712107,49.7467545]},"properties":{"natural":"tree","ref:plzen:strom":7993,"RC":"Pasportizovaný strom","ID_STR":7993}},{"type":"Feature","geometry":{"type":"Point","coordinates":[13.3712652,49.7468905]},"properties":{"natural":"tree","ref:plzen:strom":7992,"RC":"Pasportizovaný strom","ID_STR":7992}},{"type":"Feature","geometry":{"type":"Point","coordinates":[13.3713897,49.7458104]},"properties":{"natural":"tree","ref:plzen:strom":8094,"RC":"Pasportizovaný strom","ID_STR":8094}},{"type":"Feature","geometry":{"type":"Point","coordinates":[13.3697998,49.7463776]},"properties":{"natural":"tree","ref:plzen:strom":8090,"RC":"Pasportizovaný strom","ID_STR":8090}},{"type":"Feature","geometry":{"type":"Point","coordinates":[13.370202,49.7510075]},"properties":{"natural":"tree","ref:plzen:strom":9766,"RC":"Pasportizovaný strom","ID_STR":9766}},{"type":"Feature","geometry":{"type":"Point","coordinates":[13.3701808,49.7509596]},"properties":{"natural":"tree","ref:plzen:strom":9728,"RC":"Pasportizovaný strom","ID_STR":9728}},{"type":"Feature","geometry":{"type":"Point","coordinates":[13.3700789,49.7515007]},"properties":{"natural":"tree","ref:plzen:strom":9834,"RC":"Pasportizovaný strom","ID_STR":9834}},{"type":"Feature","geometry":{"type":"Point","coordinates":[13.3700296,49.7514434]},"properties":{"natural":"tree","ref:plzen:strom":69146,"RC":"Pasportizovaný strom","ID_STR":69146}},{"type":"Feature","geometry":{"type":"Point","coordinates":[13.3700122,49.7514051]},"properties":{"natural":"tree","ref:plzen:strom":9832,"RC":"Pasportizovaný strom","ID_STR":9832}},{"type":"Feature","geometry":{"type":"Point","coordinates":[13.37,49.7515362]},"properties":{"natural":"tree","ref:plzen:strom":9835,"RC":"Pasportizovaný strom","ID_STR":9835}},{"type":"Feature","geometry":{"type":"Point","coordinates":[13.3700037,49.7516473]},"properties":{"natural":"tree","ref:plzen:strom":9853,"RC":"Pasportizovaný strom","ID_STR":9853}},{"type":"Feature","geometry":{"type":"Point","coordinates":[13.3699123,49.7517405]},"properties":{"natural":"tree","ref:plzen:strom":69141,"RC":"Pasportizovaný strom","ID_STR":69141}},{"type":"Feature","geometry":{"type":"Point","coordinates":[13.3700409,49.7517736]},"properties":{"natural":"tree","ref:plzen:strom":9854,"RC":"Pasportizovaný strom","ID_STR":9854}},{"type":"Feature","geometry":{"type":"Point","coordinates":[13.3699518,49.751837]},"properties":{"natural":"tree","ref:plzen:strom":9826,"RC":"Pasportizovaný strom","ID_STR":9826}},{"type":"Feature","geometry":{"type":"Point","coordinates":[13.3699326,49.7518713]},"properties":{"natural":"tree","ref:plzen:strom":9815,"RC":"Pasportizovaný strom","ID_STR":9815}},{"type":"Feature","geometry":{"type":"Point","coordinates":[13.3699759,49.7518924]},"properties":{"natural":"tree","ref:plzen:strom":9814,"RC":"Pasportizovaný strom","ID_STR":9814}},{"type":"Feature","geometry":{"type":"Point","coordinates":[13.3698908,49.7518912]},"properties":{"natural":"tree","ref:plzen:strom":9816,"RC":"Pasportizovaný strom","ID_STR":9816}},{"type":"Feature","geometry":{"type":"Point","coordinates":[13.3699587,49.751934]},"properties":{"natural":"tree","ref:plzen:strom":9811,"RC":"Pasportizovaný strom","ID_STR":9811}},{"type":"Feature","geometry":{"type":"Point","coordinates":[13.3698778,49.7519308]},"properties":{"natural":"tree","ref:plzen:strom":9813,"RC":"Pasportizovaný strom","ID_STR":9813}},{"type":"Feature","geometry":{"type":"Point","coordinates":[13.3700589,49.7518235]},"properties":{"natural":"tree","ref:plzen:strom":9856,"RC":"Pasportizovaný strom","ID_STR":9856}},{"type":"Feature","geometry":{"type":"Point","coordinates":[13.3699982,49.7519716]},"properties":{"natural":"tree","ref:plzen:strom":9807,"RC":"Pasportizovaný strom","ID_STR":9807}},{"type":"Feature","geometry":{"type":"Point","coordinates":[13.3699513,49.7519814]},"properties":{"natural":"tree","ref:plzen:strom":9809,"RC":"Pasportizovaný strom","ID_STR":9809}},{"type":"Feature","geometry":{"type":"Point","coordinates":[13.3698933,49.7519757]},"properties":{"natural":"tree","ref:plzen:strom":9810,"RC":"Pasportizovaný strom","ID_STR":9810}},{"type":"Feature","geometry":{"type":"Point","coordinates":[13.3696767,49.7519014]},"properties":{"natural":"tree","ref:plzen:strom":9784,"RC":"Pasportizovaný strom","ID_STR":9784}},{"type":"Feature","geometry":{"type":"Point","coordinates":[13.3697294,49.7517718]},"properties":{"natural":"tree","ref:plzen:strom":9798,"RC":"Pasportizovaný strom","ID_STR":9798}},{"type":"Feature","geometry":{"type":"Point","coordinates":[13.3697471,49.7517279]},"properties":{"natural":"tree","ref:plzen:strom":9800,"RC":"Pasportizovaný strom","ID_STR":9800}},{"type":"Feature","geometry":{"type":"Point","coordinates":[13.3697514,49.7516778]},"properties":{"natural":"tree","ref:plzen:strom":9804,"RC":"Pasportizovaný strom","ID_STR":9804}},{"type":"Feature","geometry":{"type":"Point","coordinates":[13.3697692,49.7518239]},"properties":{"natural":"tree","ref:plzen:strom":9795,"RC":"Pasportizovaný strom","ID_STR":9795}},{"type":"Feature","geometry":{"type":"Point","coordinates":[13.3697974,49.7518459]},"properties":{"natural":"tree","ref:plzen:strom":9792,"RC":"Pasportizovaný strom","ID_STR":9792}},{"type":"Feature","geometry":{"type":"Point","coordinates":[13.3697957,49.7517423]},"properties":{"natural":"tree","ref:plzen:strom":9799,"RC":"Pasportizovaný strom","ID_STR":9799}},{"type":"Feature","geometry":{"type":"Point","coordinates":[13.3698023,49.7517935]},"properties":{"natural":"tree","ref:plzen:strom":9796,"RC":"Pasportizovaný strom","ID_STR":9796}},{"type":"Feature","geometry":{"type":"Point","coordinates":[13.3697808,49.7515255]},"properties":{"natural":"tree","ref:plzen:strom":9820,"RC":"Pasportizovaný strom","ID_STR":9820}},{"type":"Feature","geometry":{"type":"Point","coordinates":[13.3698146,49.7516175]},"properties":{"natural":"tree","ref:plzen:strom":69142,"RC":"Pasportizovaný strom","ID_STR":69142}},{"type":"Feature","geometry":{"type":"Point","coordinates":[13.369807,49.7515677]},"properties":{"natural":"tree","ref:plzen:strom":9818,"RC":"Pasportizovaný strom","ID_STR":9818}},{"type":"Feature","geometry":{"type":"Point","coordinates":[13.3697979,49.7515115]},"properties":{"natural":"tree","ref:plzen:strom":9819,"RC":"Pasportizovaný strom","ID_STR":9819}},{"type":"Feature","geometry":{"type":"Point","coordinates":[13.3698207,49.7518891]},"properties":{"natural":"tree","ref:plzen:strom":9790,"RC":"Pasportizovaný strom","ID_STR":9790}},{"type":"Feature","geometry":{"type":"Point","coordinates":[13.3698322,49.7518084]},"properties":{"natural":"tree","ref:plzen:strom":9794,"RC":"Pasportizovaný strom","ID_STR":9794}},{"type":"Feature","geometry":{"type":"Point","coordinates":[13.3698619,49.7514764]},"properties":{"natural":"tree","ref:plzen:strom":9822,"RC":"Pasportizovaný strom","ID_STR":9822}},{"type":"Feature","geometry":{"type":"Point","coordinates":[13.3698724,49.7518268]},"properties":{"natural":"tree","ref:plzen:strom":9791,"RC":"Pasportizovaný strom","ID_STR":9791}},{"type":"Feature","geometry":{"type":"Point","coordinates":[13.3699084,49.7515946]},"properties":{"natural":"tree","ref:plzen:strom":9821,"RC":"Pasportizovaný strom","ID_STR":9821}},{"type":"Feature","geometry":{"type":"Point","coordinates":[13.3698594,49.7513756]},"properties":{"natural":"tree","ref:plzen:strom":9789,"RC":"Pasportizovaný strom","ID_STR":9789}},{"type":"Feature","geometry":{"type":"Point","coordinates":[13.3698191,49.7512831]},"properties":{"natural":"tree","ref:plzen:strom":9802,"RC":"Pasportizovaný strom","ID_STR":9802}},{"type":"Feature","geometry":{"type":"Point","coordinates":[13.3698861,49.7513026]},"properties":{"natural":"tree","ref:plzen:strom":9793,"RC":"Pasportizovaný strom","ID_STR":9793}},{"type":"Feature","geometry":{"type":"Point","coordinates":[13.3699506,49.7510501]},"properties":{"natural":"tree","ref:plzen:strom":9749,"RC":"Pasportizovaný strom","ID_STR":9749}},{"type":"Feature","geometry":{"type":"Point","coordinates":[13.3699502,49.7510065]},"properties":{"natural":"tree","ref:plzen:strom":9741,"RC":"Pasportizovaný strom","ID_STR":9741}},{"type":"Feature","geometry":{"type":"Point","coordinates":[13.3712981,49.7452539]},"properties":{"natural":"tree","ref:plzen:strom":12245,"RC":"Pasportizovaný strom","ID_STR":12245}},{"type":"Feature","geometry":{"type":"Point","coordinates":[13.3715708,49.7452228]},"properties":{"natural":"tree","ref:plzen:strom":12240,"RC":"Pasportizovaný strom","ID_STR":12240}},{"type":"Feature","geometry":{"type":"Point","coordinates":[13.3711921,49.7454338]},"properties":{"natural":"tree","ref:plzen:strom":12258,"RC":"Pasportizovaný strom","ID_STR":12258}},{"type":"Feature","geometry":{"type":"Point","coordinates":[13.3716128,49.7453809]},"properties":{"natural":"tree","ref:plzen:strom":12249,"RC":"Pasportizovaný strom","ID_STR":12249}},{"type":"Feature","geometry":{"type":"Point","coordinates":[13.3714981,49.7454673]},"properties":{"natural":"tree","ref:plzen:strom":12228,"RC":"Pasportizovaný strom","ID_STR":12228}},{"type":"Feature","geometry":{"type":"Point","coordinates":[13.3718396,49.7451864]},"properties":{"natural":"tree","ref:plzen:strom":12238,"RC":"Pasportizovaný strom","ID_STR":12238}},{"type":"Feature","geometry":{"type":"Point","coordinates":[13.3717518,49.7453648]},"properties":{"natural":"tree","ref:plzen:strom":12242,"RC":"Pasportizovaný strom","ID_STR":12242}},{"type":"Feature","geometry":{"type":"Point","coordinates":[13.3716347,49.7454509]},"properties":{"natural":"tree","ref:plzen:strom":12235,"RC":"Pasportizovaný strom","ID_STR":12235}},{"type":"Feature","geometry":{"type":"Point","coordinates":[13.3717731,49.7454336]},"properties":{"natural":"tree","ref:plzen:strom":7915,"RC":"Pasportizovaný strom","ID_STR":7915}},{"type":"Feature","geometry":{"type":"Point","coordinates":[13.3718862,49.7453466]},"properties":{"natural":"tree","ref:plzen:strom":12239,"RC":"Pasportizovaný strom","ID_STR":12239}},{"type":"Feature","geometry":{"type":"Point","coordinates":[13.37191,49.7454177]},"properties":{"natural":"tree","ref:plzen:strom":7913,"RC":"Pasportizovaný strom","ID_STR":7913}},{"type":"Feature","geometry":{"type":"Point","coordinates":[13.3721144,49.7451572]},"properties":{"natural":"tree","ref:plzen:strom":12236,"RC":"Pasportizovaný strom","ID_STR":12236}},{"type":"Feature","geometry":{"type":"Point","coordinates":[13.3720224,49.7453318]},"properties":{"natural":"tree","ref:plzen:strom":12233,"RC":"Pasportizovaný strom","ID_STR":12233}},{"type":"Feature","geometry":{"type":"Point","coordinates":[13.372045,49.7453986]},"properties":{"natural":"tree","ref:plzen:strom":12260,"RC":"Pasportizovaný strom","ID_STR":12260}},{"type":"Feature","geometry":{"type":"Point","coordinates":[13.3721618,49.7453141]},"properties":{"natural":"tree","ref:plzen:strom":12231,"RC":"Pasportizovaný strom","ID_STR":12231}},{"type":"Feature","geometry":{"type":"Point","coordinates":[13.3721841,49.7453825]},"properties":{"natural":"tree","ref:plzen:strom":12237,"RC":"Pasportizovaný strom","ID_STR":12237}},{"type":"Feature","geometry":{"type":"Point","coordinates":[13.3723037,49.7452966]},"properties":{"natural":"tree","ref:plzen:strom":12252,"RC":"Pasportizovaný strom","ID_STR":12252}},{"type":"Feature","geometry":{"type":"Point","coordinates":[13.3724428,49.7452805]},"properties":{"natural":"tree","ref:plzen:strom":12250,"RC":"Pasportizovaný strom","ID_STR":12250}},{"type":"Feature","geometry":{"type":"Point","coordinates":[13.3723252,49.7453683]},"properties":{"natural":"tree","ref:plzen:strom":12257,"RC":"Pasportizovaný strom","ID_STR":12257}},{"type":"Feature","geometry":{"type":"Point","coordinates":[13.3712143,49.7455022]},"properties":{"natural":"tree","ref:plzen:strom":12243,"RC":"Pasportizovaný strom","ID_STR":12243}},{"type":"Feature","geometry":{"type":"Point","coordinates":[13.3714346,49.7452375]},"properties":{"natural":"tree","ref:plzen:strom":12241,"RC":"Pasportizovaný strom","ID_STR":12241}},{"type":"Feature","geometry":{"type":"Point","coordinates":[13.3714292,49.7457373]},"properties":{"natural":"tree","ref:plzen:strom":8092,"RC":"Pasportizovaný strom","ID_STR":8092}},{"type":"Feature","geometry":{"type":"Point","coordinates":[13.3713447,49.7454141]},"properties":{"natural":"tree","ref:plzen:strom":12256,"RC":"Pasportizovaný strom","ID_STR":12256}},{"type":"Feature","geometry":{"type":"Point","coordinates":[13.3714809,49.7453993]},"properties":{"natural":"tree","ref:plzen:strom":12253,"RC":"Pasportizovaný strom","ID_STR":12253}},{"type":"Feature","geometry":{"type":"Point","coordinates":[13.3713612,49.7454852]},"properties":{"natural":"tree","ref:plzen:strom":12248,"RC":"Pasportizovaný strom","ID_STR":12248}},{"type":"Feature","geometry":{"type":"Point","coordinates":[13.3695524,49.7519425]},"properties":{"natural":"tree","ref:plzen:strom":69125,"RC":"Pasportizovaný strom","ID_STR":69125}},{"type":"Feature","geometry":{"type":"Point","coordinates":[13.3695496,49.75174]},"properties":{"natural":"tree","ref:plzen:strom":9781,"RC":"Pasportizovaný strom","ID_STR":9781}},{"type":"Feature","geometry":{"type":"Point","coordinates":[13.36954,49.7516885]},"properties":{"natural":"tree","ref:plzen:strom":10049,"RC":"Pasportizovaný strom","ID_STR":10049}},{"type":"Feature","geometry":{"type":"Point","coordinates":[13.3696262,49.75156]},"properties":{"natural":"tree","ref:plzen:strom":69143,"RC":"Pasportizovaný strom","ID_STR":69143}},{"type":"Feature","geometry":{"type":"Point","coordinates":[13.3696459,49.7514299]},"properties":{"natural":"tree","ref:plzen:strom":69144,"RC":"Pasportizovaný strom","ID_STR":69144}},{"type":"Feature","geometry":{"type":"Point","coordinates":[13.3697002,49.751306]},"properties":{"natural":"tree","ref:plzen:strom":9823,"RC":"Pasportizovaný strom","ID_STR":9823}},{"type":"Feature","geometry":{"type":"Point","coordinates":[13.3696078,49.7518152]},"properties":{"natural":"tree","ref:plzen:strom":9782,"RC":"Pasportizovaný strom","ID_STR":9782}},{"type":"Feature","geometry":{"type":"Point","coordinates":[13.3698345,49.7510386]},"properties":{"natural":"tree","ref:plzen:strom":9752,"RC":"Pasportizovaný strom","ID_STR":9752}},{"type":"Feature","geometry":{"type":"Point","coordinates":[13.3698068,49.7512356]},"properties":{"natural":"tree","ref:plzen:strom":9797,"RC":"Pasportizovaný strom","ID_STR":9797}},{"type":"Feature","geometry":{"type":"Point","coordinates":[13.3697271,49.7515599]},"properties":{"natural":"tree","ref:plzen:strom":9817,"RC":"Pasportizovaný strom","ID_STR":9817}},{"type":"Feature","geometry":{"type":"Point","coordinates":[13.369686,49.75164]},"properties":{"natural":"tree","ref:plzen:strom":9808,"RC":"Pasportizovaný strom","ID_STR":9808}},{"type":"Feature","geometry":{"type":"Point","coordinates":[13.3695811,49.7519449]},"properties":{"natural":"tree","ref:plzen:strom":9765,"RC":"Pasportizovaný strom","ID_STR":9765}},{"type":"Feature","geometry":{"type":"Point","coordinates":[13.3696555,49.7517068]},"properties":{"natural":"tree","ref:plzen:strom":9801,"RC":"Pasportizovaný strom","ID_STR":9801}},{"type":"Feature","geometry":{"type":"Point","coordinates":[13.368192,49.748772]},"properties":{"natural":"tree","ref:plzen:strom":8136,"RC":"Pasportizovaný strom","ID_STR":8136}},{"type":"Feature","geometry":{"type":"Point","coordinates":[13.3687379,49.748892]},"properties":{"natural":"tree","ref:plzen:strom":8106,"RC":"Pasportizovaný strom","ID_STR":8106}},{"type":"Feature","geometry":{"type":"Point","coordinates":[13.3682491,49.7489226]},"properties":{"natural":"tree","ref:plzen:strom":8135,"RC":"Pasportizovaný strom","ID_STR":8135}},{"type":"Feature","geometry":{"type":"Point","coordinates":[13.3690024,49.7489054]},"properties":{"natural":"tree","ref:plzen:strom":8126,"RC":"Pasportizovaný strom","ID_STR":8126}},{"type":"Feature","geometry":{"type":"Point","coordinates":[13.3687853,49.7489597]},"properties":{"natural":"tree","ref:plzen:strom":8102,"RC":"Pasportizovaný strom","ID_STR":8102}},{"type":"Feature","geometry":{"type":"Point","coordinates":[13.3692521,49.7488985]},"properties":{"natural":"tree","ref:plzen:strom":8118,"RC":"Pasportizovaný strom","ID_STR":8118}},{"type":"Feature","geometry":{"type":"Point","coordinates":[13.3690296,49.7489554]},"properties":{"natural":"tree","ref:plzen:strom":8093,"RC":"Pasportizovaný strom","ID_STR":8093}},{"type":"Feature","geometry":{"type":"Point","coordinates":[13.3683071,49.7490072]},"properties":{"natural":"tree","ref:plzen:strom":8133,"RC":"Pasportizovaný strom","ID_STR":8133}},{"type":"Feature","geometry":{"type":"Point","coordinates":[13.3688173,49.7490101]},"properties":{"natural":"tree","ref:plzen:strom":8097,"RC":"Pasportizovaný strom","ID_STR":8097}},{"type":"Feature","geometry":{"type":"Point","coordinates":[13.3683417,49.7490673]},"properties":{"natural":"tree","ref:plzen:strom":8132,"RC":"Pasportizovaný strom","ID_STR":8132}},{"type":"Feature","geometry":{"type":"Point","coordinates":[13.3680576,49.7490961]},"properties":{"natural":"tree","ref:plzen:strom":8127,"RC":"Pasportizovaný strom","ID_STR":8127}},{"type":"Feature","geometry":{"type":"Point","coordinates":[13.3699267,49.749009]},"properties":{"natural":"tree","ref:plzen:strom":8117,"RC":"Pasportizovaný strom","ID_STR":8117}},{"type":"Feature","geometry":{"type":"Point","coordinates":[13.3699675,49.7490635]},"properties":{"natural":"tree","ref:plzen:strom":8115,"RC":"Pasportizovaný strom","ID_STR":8115}},{"type":"Feature","geometry":{"type":"Point","coordinates":[13.3700042,49.7491144]},"properties":{"natural":"tree","ref:plzen:strom":8113,"RC":"Pasportizovaný strom","ID_STR":8113}},{"type":"Feature","geometry":{"type":"Point","coordinates":[13.3700409,49.7491653]},"properties":{"natural":"tree","ref:plzen:strom":8112,"RC":"Pasportizovaný strom","ID_STR":8112}},{"type":"Feature","geometry":{"type":"Point","coordinates":[13.3700783,49.7492131]},"properties":{"natural":"tree","ref:plzen:strom":8110,"RC":"Pasportizovaný strom","ID_STR":8110}},{"type":"Feature","geometry":{"type":"Point","coordinates":[13.3701253,49.7492619]},"properties":{"natural":"tree","ref:plzen:strom":8108,"RC":"Pasportizovaný strom","ID_STR":8108}},{"type":"Feature","geometry":{"type":"Point","coordinates":[13.3710989,49.7489479]},"properties":{"natural":"tree","ref:plzen:strom":8101,"RC":"Pasportizovaný strom","ID_STR":8101}},{"type":"Feature","geometry":{"type":"Point","coordinates":[13.3710819,49.7488958]},"properties":{"natural":"tree","ref:plzen:strom":8099,"RC":"Pasportizovaný strom","ID_STR":8099}},{"type":"Feature","geometry":{"type":"Point","coordinates":[13.3710595,49.7488463]},"properties":{"natural":"tree","ref:plzen:strom":8098,"RC":"Pasportizovaný strom","ID_STR":8098}},{"type":"Feature","geometry":{"type":"Point","coordinates":[13.3710444,49.748807]},"properties":{"natural":"tree","ref:plzen:strom":8096,"RC":"Pasportizovaný strom","ID_STR":8096}},{"type":"Feature","geometry":{"type":"Point","coordinates":[13.37103,49.7487646]},"properties":{"natural":"tree","ref:plzen:strom":8095,"RC":"Pasportizovaný strom","ID_STR":8095}},{"type":"Feature","geometry":{"type":"Point","coordinates":[13.3710645,49.7493228]},"properties":{"natural":"tree","ref:plzen:strom":8104,"RC":"Pasportizovaný strom","ID_STR":8104}},{"type":"Feature","geometry":{"type":"Point","coordinates":[13.3709724,49.7493421]},"properties":{"natural":"tree","ref:plzen:strom":8105,"RC":"Pasportizovaný strom","ID_STR":8105}},{"type":"Feature","geometry":{"type":"Point","coordinates":[13.3711526,49.7493]},"properties":{"natural":"tree","ref:plzen:strom":8103,"RC":"Pasportizovaný strom","ID_STR":8103}},{"type":"Feature","geometry":{"type":"Point","coordinates":[13.3708877,49.7493716]},"properties":{"natural":"tree","ref:plzen:strom":8107,"RC":"Pasportizovaný strom","ID_STR":8107}},{"type":"Feature","geometry":{"type":"Point","coordinates":[13.3690302,49.7512293]},"properties":{"natural":"tree","ref:plzen:strom":9775,"RC":"Pasportizovaný strom","ID_STR":9775}},{"type":"Feature","geometry":{"type":"Point","coordinates":[13.3691297,49.7511944]},"properties":{"natural":"tree","ref:plzen:strom":9773,"RC":"Pasportizovaný strom","ID_STR":9773}},{"type":"Feature","geometry":{"type":"Point","coordinates":[13.3691983,49.7512335]},"properties":{"natural":"tree","ref:plzen:strom":9772,"RC":"Pasportizovaný strom","ID_STR":9772}},{"type":"Feature","geometry":{"type":"Point","coordinates":[13.3691687,49.7513339]},"properties":{"natural":"tree","ref:plzen:strom":9747,"RC":"Pasportizovaný strom","ID_STR":9747}},{"type":"Feature","geometry":{"type":"Point","coordinates":[13.3689019,49.7516422]},"properties":{"natural":"tree","ref:plzen:strom":9908,"RC":"Pasportizovaný strom","ID_STR":9908}},{"type":"Feature","geometry":{"type":"Point","coordinates":[13.3688715,49.7516609]},"properties":{"natural":"tree","ref:plzen:strom":9907,"RC":"Pasportizovaný strom","ID_STR":9907}},{"type":"Feature","geometry":{"type":"Point","coordinates":[13.3688506,49.7517451]},"properties":{"natural":"tree","ref:plzen:strom":69114,"RC":"Pasportizovaný strom","ID_STR":69114}},{"type":"Feature","geometry":{"type":"Point","coordinates":[13.3692256,49.7513041]},"properties":{"natural":"tree","ref:plzen:strom":9767,"RC":"Pasportizovaný strom","ID_STR":9767}},{"type":"Feature","geometry":{"type":"Point","coordinates":[13.3692664,49.7512282]},"properties":{"natural":"tree","ref:plzen:strom":9771,"RC":"Pasportizovaný strom","ID_STR":9771}},{"type":"Feature","geometry":{"type":"Point","coordinates":[13.3690134,49.7516893]},"properties":{"natural":"tree","ref:plzen:strom":9906,"RC":"Pasportizovaný strom","ID_STR":9906}},{"type":"Feature","geometry":{"type":"Point","coordinates":[13.3691007,49.7516011]},"properties":{"natural":"tree","ref:plzen:strom":9779,"RC":"Pasportizovaný strom","ID_STR":9779}},{"type":"Feature","geometry":{"type":"Point","coordinates":[13.3691292,49.7515756]},"properties":{"natural":"tree","ref:plzen:strom":9778,"RC":"Pasportizovaný strom","ID_STR":9778}},{"type":"Feature","geometry":{"type":"Point","coordinates":[13.3691716,49.7515908]},"properties":{"natural":"tree","ref:plzen:strom":9776,"RC":"Pasportizovaný strom","ID_STR":9776}},{"type":"Feature","geometry":{"type":"Point","coordinates":[13.369394,49.7512398]},"properties":{"natural":"tree","ref:plzen:strom":69107,"RC":"Pasportizovaný strom","ID_STR":69107}},{"type":"Feature","geometry":{"type":"Point","coordinates":[13.3693267,49.7513352]},"properties":{"natural":"tree","ref:plzen:strom":9768,"RC":"Pasportizovaný strom","ID_STR":9768}},{"type":"Feature","geometry":{"type":"Point","coordinates":[13.3693451,49.751461]},"properties":{"natural":"tree","ref:plzen:strom":9764,"RC":"Pasportizovaný strom","ID_STR":9764}},{"type":"Feature","geometry":{"type":"Point","coordinates":[13.3692801,49.7515163]},"properties":{"natural":"tree","ref:plzen:strom":9769,"RC":"Pasportizovaný strom","ID_STR":9769}},{"type":"Feature","geometry":{"type":"Point","coordinates":[13.3693178,49.7515466]},"properties":{"natural":"tree","ref:plzen:strom":9777,"RC":"Pasportizovaný strom","ID_STR":9777}},{"type":"Feature","geometry":{"type":"Point","coordinates":[13.3693444,49.751562]},"properties":{"natural":"tree","ref:plzen:strom":69109,"RC":"Pasportizovaný strom","ID_STR":69109}},{"type":"Feature","geometry":{"type":"Point","coordinates":[13.3694887,49.7514709]},"properties":{"natural":"tree","ref:plzen:strom":69145,"RC":"Pasportizovaný strom","ID_STR":69145}},{"type":"Feature","geometry":{"type":"Point","coordinates":[13.3694345,49.7515407]},"properties":{"natural":"tree","ref:plzen:strom":9825,"RC":"Pasportizovaný strom","ID_STR":9825}},{"type":"Feature","geometry":{"type":"Point","coordinates":[13.3694864,49.751604]},"properties":{"natural":"tree","ref:plzen:strom":9812,"RC":"Pasportizovaný strom","ID_STR":9812}},{"type":"Feature","geometry":{"type":"Point","coordinates":[13.3694789,49.7516678]},"properties":{"natural":"tree","ref:plzen:strom":9783,"RC":"Pasportizovaný strom","ID_STR":9783}},{"type":"Feature","geometry":{"type":"Point","coordinates":[13.3693725,49.7515882]},"properties":{"natural":"tree","ref:plzen:strom":9758,"RC":"Pasportizovaný strom","ID_STR":9758}},{"type":"Feature","geometry":{"type":"Point","coordinates":[13.3694194,49.751621]},"properties":{"natural":"tree","ref:plzen:strom":9780,"RC":"Pasportizovaný strom","ID_STR":9780}},{"type":"Feature","geometry":{"type":"Point","coordinates":[13.3691515,49.7515596]},"properties":{"natural":"tree","ref:plzen:strom":9770,"RC":"Pasportizovaný strom","ID_STR":9770}},{"type":"Feature","geometry":{"type":"Point","coordinates":[13.3691972,49.751539]},"properties":{"natural":"tree","ref:plzen:strom":9774,"RC":"Pasportizovaný strom","ID_STR":9774}},{"type":"Feature","geometry":{"type":"Point","coordinates":[13.3695281,49.7512119]},"properties":{"natural":"tree","ref:plzen:strom":9761,"RC":"Pasportizovaný strom","ID_STR":9761}},{"type":"Feature","geometry":{"type":"Point","coordinates":[13.3695495,49.7513354]},"properties":{"natural":"tree","ref:plzen:strom":9912,"RC":"Pasportizovaný strom","ID_STR":9912}},{"type":"Feature","geometry":{"type":"Point","coordinates":[13.3688614,49.7518382]},"properties":{"natural":"tree","ref:plzen:strom":69115,"RC":"Pasportizovaný strom","ID_STR":69115}},{"type":"Feature","geometry":{"type":"Point","coordinates":[13.3692259,49.7517227]},"properties":{"natural":"tree","ref:plzen:strom":69111,"RC":"Pasportizovaný strom","ID_STR":69111}},{"type":"Feature","geometry":{"type":"Point","coordinates":[13.3693068,49.7517853]},"properties":{"natural":"tree","ref:plzen:strom":69110,"RC":"Pasportizovaný strom","ID_STR":69110}},{"type":"Feature","geometry":{"type":"Point","coordinates":[13.3690203,49.7519763]},"properties":{"natural":"tree","ref:plzen:strom":9901,"RC":"Pasportizovaný strom","ID_STR":9901}},{"type":"Feature","geometry":{"type":"Point","coordinates":[13.3689279,49.7519745]},"properties":{"natural":"tree","ref:plzen:strom":9903,"RC":"Pasportizovaný strom","ID_STR":9903}},{"type":"Feature","geometry":{"type":"Point","coordinates":[13.3690306,49.7519485]},"properties":{"natural":"tree","ref:plzen:strom":9900,"RC":"Pasportizovaný strom","ID_STR":9900}},{"type":"Feature","geometry":{"type":"Point","coordinates":[13.3689326,49.7519388]},"properties":{"natural":"tree","ref:plzen:strom":9904,"RC":"Pasportizovaný strom","ID_STR":9904}},{"type":"Feature","geometry":{"type":"Point","coordinates":[13.3689909,49.7519277]},"properties":{"natural":"tree","ref:plzen:strom":9905,"RC":"Pasportizovaný strom","ID_STR":9905}},{"type":"Feature","geometry":{"type":"Point","coordinates":[13.3692471,49.7518665]},"properties":{"natural":"tree","ref:plzen:strom":69112,"RC":"Pasportizovaný strom","ID_STR":69112}},{"type":"Feature","geometry":{"type":"Point","coordinates":[13.3691177,49.751801]},"properties":{"natural":"tree","ref:plzen:strom":69113,"RC":"Pasportizovaný strom","ID_STR":69113}},{"type":"Feature","geometry":{"type":"Point","coordinates":[13.3690037,49.751855]},"properties":{"natural":"tree","ref:plzen:strom":69116,"RC":"Pasportizovaný strom","ID_STR":69116}},{"type":"Feature","geometry":{"type":"Point","coordinates":[13.3689189,49.7519077]},"properties":{"natural":"tree","ref:plzen:strom":69117,"RC":"Pasportizovaný strom","ID_STR":69117}},{"type":"Feature","geometry":{"type":"Point","coordinates":[13.3689618,49.7519672]},"properties":{"natural":"tree","ref:plzen:strom":69118,"RC":"Pasportizovaný strom","ID_STR":69118}},{"type":"Feature","geometry":{"type":"Point","coordinates":[13.3690695,49.7519349]},"properties":{"natural":"tree","ref:plzen:strom":69119,"RC":"Pasportizovaný strom","ID_STR":69119}},{"type":"Feature","geometry":{"type":"Point","coordinates":[13.3683682,49.7491203]},"properties":{"natural":"tree","ref:plzen:strom":8130,"RC":"Pasportizovaný strom","ID_STR":8130}},{"type":"Feature","geometry":{"type":"Point","coordinates":[13.3684384,49.7487585]},"properties":{"natural":"tree","ref:plzen:strom":8116,"RC":"Pasportizovaný strom","ID_STR":8116}},{"type":"Feature","geometry":{"type":"Point","coordinates":[13.3685204,49.7483814]},"properties":{"natural":"tree","ref:plzen:strom":8164,"RC":"Pasportizovaný strom","ID_STR":8164}},{"type":"Feature","geometry":{"type":"Point","coordinates":[13.3684706,49.7488909]},"properties":{"natural":"tree","ref:plzen:strom":8120,"RC":"Pasportizovaný strom","ID_STR":8120}},{"type":"Feature","geometry":{"type":"Point","coordinates":[13.3685202,49.7489493]},"properties":{"natural":"tree","ref:plzen:strom":8124,"RC":"Pasportizovaný strom","ID_STR":8124}},{"type":"Feature","geometry":{"type":"Point","coordinates":[13.3685628,49.7490166]},"properties":{"natural":"tree","ref:plzen:strom":8128,"RC":"Pasportizovaný strom","ID_STR":8128}},{"type":"Feature","geometry":{"type":"Point","coordinates":[13.3686954,49.7483667]},"properties":{"natural":"tree","ref:plzen:strom":8165,"RC":"Pasportizovaný strom","ID_STR":8165}},{"type":"Feature","geometry":{"type":"Point","coordinates":[13.3685805,49.7490656]},"properties":{"natural":"tree","ref:plzen:strom":8129,"RC":"Pasportizovaný strom","ID_STR":8129}},{"type":"Feature","geometry":{"type":"Point","coordinates":[13.3686787,49.7487506]},"properties":{"natural":"tree","ref:plzen:strom":8111,"RC":"Pasportizovaný strom","ID_STR":8111}},{"type":"Feature","geometry":{"type":"Point","coordinates":[13.3688021,49.7483662]},"properties":{"natural":"tree","ref:plzen:strom":8166,"RC":"Pasportizovaný strom","ID_STR":8166}},{"type":"Feature","geometry":{"type":"Point","coordinates":[13.3688758,49.7483583]},"properties":{"natural":"tree","ref:plzen:strom":8167,"RC":"Pasportizovaný strom","ID_STR":8167}},{"type":"Feature","geometry":{"type":"Point","coordinates":[13.3686644,49.7516862]},"properties":{"natural":"tree","ref:plzen:strom":69156,"RC":"Pasportizovaný strom","ID_STR":69156}},{"type":"Feature","geometry":{"type":"Point","coordinates":[13.3684902,49.7515608]},"properties":{"natural":"tree","ref:plzen:strom":9911,"RC":"Pasportizovaný strom","ID_STR":9911}},{"type":"Feature","geometry":{"type":"Point","coordinates":[13.3682413,49.7517192]},"properties":{"natural":"tree","ref:plzen:strom":9910,"RC":"Pasportizovaný strom","ID_STR":9910}},{"type":"Feature","geometry":{"type":"Point","coordinates":[13.3681775,49.7519439]},"properties":{"natural":"tree","ref:plzen:strom":9909,"RC":"Pasportizovaný strom","ID_STR":9909}},{"type":"Feature","geometry":{"type":"Point","coordinates":[13.3689645,49.7488386]},"properties":{"natural":"tree","ref:plzen:strom":8125,"RC":"Pasportizovaný strom","ID_STR":8125}},{"type":"Feature","geometry":{"type":"Point","coordinates":[13.3689299,49.7487375]},"properties":{"natural":"tree","ref:plzen:strom":8123,"RC":"Pasportizovaný strom","ID_STR":8123}},{"type":"Feature","geometry":{"type":"Point","coordinates":[13.3692909,49.74834]},"properties":{"natural":"tree","ref:plzen:strom":8170,"RC":"Pasportizovaný strom","ID_STR":8170}},{"type":"Feature","geometry":{"type":"Point","coordinates":[13.3689408,49.7483678]},"properties":{"natural":"tree","ref:plzen:strom":8168,"RC":"Pasportizovaný strom","ID_STR":8168}},{"type":"Feature","geometry":{"type":"Point","coordinates":[13.3689747,49.7483409]},"properties":{"natural":"tree","ref:plzen:strom":8169,"RC":"Pasportizovaný strom","ID_STR":8169}},{"type":"Feature","geometry":{"type":"Point","coordinates":[13.3692289,49.7488521]},"properties":{"natural":"tree","ref:plzen:strom":8119,"RC":"Pasportizovaný strom","ID_STR":8119}},{"type":"Feature","geometry":{"type":"Point","coordinates":[13.3691977,49.7487986]},"properties":{"natural":"tree","ref:plzen:strom":8121,"RC":"Pasportizovaný strom","ID_STR":8121}},{"type":"Feature","geometry":{"type":"Point","coordinates":[13.3691715,49.7487235]},"properties":{"natural":"tree","ref:plzen:strom":8122,"RC":"Pasportizovaný strom","ID_STR":8122}},{"type":"Feature","geometry":{"type":"Point","coordinates":[13.3694801,49.7483331]},"properties":{"natural":"tree","ref:plzen:strom":8171,"RC":"Pasportizovaný strom","ID_STR":8171}},{"type":"Feature","geometry":{"type":"Point","coordinates":[13.3700363,49.7519994]},"properties":{"natural":"tree","ref:plzen:strom":9806,"RC":"Pasportizovaný strom","ID_STR":9806}},{"type":"Feature","geometry":{"type":"Point","coordinates":[13.3700738,49.7519543]},"properties":{"natural":"tree","ref:plzen:strom":69138,"RC":"Pasportizovaný strom","ID_STR":69138}},{"type":"Feature","geometry":{"type":"Point","coordinates":[13.3701379,49.7518987]},"properties":{"natural":"tree","ref:plzen:strom":9824,"RC":"Pasportizovaný strom","ID_STR":9824}},{"type":"Feature","geometry":{"type":"Point","coordinates":[13.3701403,49.7517931]},"properties":{"natural":"tree","ref:plzen:strom":9857,"RC":"Pasportizovaný strom","ID_STR":9857}},{"type":"Feature","geometry":{"type":"Point","coordinates":[13.3702204,49.7518635]},"properties":{"natural":"tree","ref:plzen:strom":9829,"RC":"Pasportizovaný strom","ID_STR":9829}},{"type":"Feature","geometry":{"type":"Point","coordinates":[13.3703204,49.7519913]},"properties":{"natural":"tree","ref:plzen:strom":9859,"RC":"Pasportizovaný strom","ID_STR":9859}},{"type":"Feature","geometry":{"type":"Point","coordinates":[13.3703342,49.7519324]},"properties":{"natural":"tree","ref:plzen:strom":9847,"RC":"Pasportizovaný strom","ID_STR":9847}},{"type":"Feature","geometry":{"type":"Point","coordinates":[13.3703529,49.7518625]},"properties":{"natural":"tree","ref:plzen:strom":69139,"RC":"Pasportizovaný strom","ID_STR":69139}},{"type":"Feature","geometry":{"type":"Point","coordinates":[13.370477,49.751985]},"properties":{"natural":"tree","ref:plzen:strom":69140,"RC":"Pasportizovaný strom","ID_STR":69140}},{"type":"Feature","geometry":{"type":"Point","coordinates":[13.3706024,49.7519131]},"properties":{"natural":"tree","ref:plzen:strom":9865,"RC":"Pasportizovaný strom","ID_STR":9865}},{"type":"Feature","geometry":{"type":"Point","coordinates":[13.3705913,49.7518495]},"properties":{"natural":"tree","ref:plzen:strom":9827,"RC":"Pasportizovaný strom","ID_STR":9827}},{"type":"Feature","geometry":{"type":"Point","coordinates":[13.37052,49.7519002]},"properties":{"natural":"tree","ref:plzen:strom":9867,"RC":"Pasportizovaný strom","ID_STR":9867}},{"type":"Feature","geometry":{"type":"Point","coordinates":[13.3705393,49.7518179]},"properties":{"natural":"tree","ref:plzen:strom":9836,"RC":"Pasportizovaný strom","ID_STR":9836}},{"type":"Feature","geometry":{"type":"Point","coordinates":[13.3706898,49.7518973]},"properties":{"natural":"tree","ref:plzen:strom":69151,"RC":"Pasportizovaný strom","ID_STR":69151}},{"type":"Feature","geometry":{"type":"Point","coordinates":[13.3725391,49.7510668]},"properties":{"natural":"tree","ref:plzen:strom":10060,"RC":"Pasportizovaný strom","ID_STR":10060}},{"type":"Feature","geometry":{"type":"Point","coordinates":[13.3724956,49.7511067]},"properties":{"natural":"tree","ref:plzen:strom":10059,"RC":"Pasportizovaný strom","ID_STR":10059}},{"type":"Feature","geometry":{"type":"Point","coordinates":[13.3724566,49.7511332]},"properties":{"natural":"tree","ref:plzen:strom":9988,"RC":"Pasportizovaný strom","ID_STR":9988}},{"type":"Feature","geometry":{"type":"Point","coordinates":[13.3724134,49.7511746]},"properties":{"natural":"tree","ref:plzen:strom":10023,"RC":"Pasportizovaný strom","ID_STR":10023}},{"type":"Feature","geometry":{"type":"Point","coordinates":[13.3723806,49.7512195]},"properties":{"natural":"tree","ref:plzen:strom":10022,"RC":"Pasportizovaný strom","ID_STR":10022}},{"type":"Feature","geometry":{"type":"Point","coordinates":[13.3723442,49.7512641]},"properties":{"natural":"tree","ref:plzen:strom":10021,"RC":"Pasportizovaný strom","ID_STR":10021}},{"type":"Feature","geometry":{"type":"Point","coordinates":[13.3723046,49.7511952]},"properties":{"natural":"tree","ref:plzen:strom":10018,"RC":"Pasportizovaný strom","ID_STR":10018}},{"type":"Feature","geometry":{"type":"Point","coordinates":[13.3723077,49.7513086]},"properties":{"natural":"tree","ref:plzen:strom":10020,"RC":"Pasportizovaný strom","ID_STR":10020}},{"type":"Feature","geometry":{"type":"Point","coordinates":[13.3722086,49.751193]},"properties":{"natural":"tree","ref:plzen:strom":10016,"RC":"Pasportizovaný strom","ID_STR":10016}},{"type":"Feature","geometry":{"type":"Point","coordinates":[13.3721478,49.7514204]},"properties":{"natural":"tree","ref:plzen:strom":9973,"RC":"Pasportizovaný strom","ID_STR":9973}},{"type":"Feature","geometry":{"type":"Point","coordinates":[13.3721234,49.7514613]},"properties":{"natural":"tree","ref:plzen:strom":9972,"RC":"Pasportizovaný strom","ID_STR":9972}},{"type":"Feature","geometry":{"type":"Point","coordinates":[13.3720804,49.751329]},"properties":{"natural":"tree","ref:plzen:strom":69183,"RC":"Pasportizovaný strom","ID_STR":69183}},{"type":"Feature","geometry":{"type":"Point","coordinates":[13.3720701,49.7512299]},"properties":{"natural":"tree","ref:plzen:strom":69184,"RC":"Pasportizovaný strom","ID_STR":69184}},{"type":"Feature","geometry":{"type":"Point","coordinates":[13.3720712,49.7514778]},"properties":{"natural":"tree","ref:plzen:strom":9971,"RC":"Pasportizovaný strom","ID_STR":9971}},{"type":"Feature","geometry":{"type":"Point","coordinates":[13.3720718,49.7515068]},"properties":{"natural":"tree","ref:plzen:strom":9968,"RC":"Pasportizovaný strom","ID_STR":9968}},{"type":"Feature","geometry":{"type":"Point","coordinates":[13.3719932,49.751256]},"properties":{"natural":"tree","ref:plzen:strom":10009,"RC":"Pasportizovaný strom","ID_STR":10009}},{"type":"Feature","geometry":{"type":"Point","coordinates":[13.3719791,49.7513003]},"properties":{"natural":"tree","ref:plzen:strom":10004,"RC":"Pasportizovaný strom","ID_STR":10004}},{"type":"Feature","geometry":{"type":"Point","coordinates":[13.3719327,49.7512765]},"properties":{"natural":"tree","ref:plzen:strom":10000,"RC":"Pasportizovaný strom","ID_STR":10000}},{"type":"Feature","geometry":{"type":"Point","coordinates":[13.3718236,49.7511719]},"properties":{"natural":"tree","ref:plzen:strom":9996,"RC":"Pasportizovaný strom","ID_STR":9996}},{"type":"Feature","geometry":{"type":"Point","coordinates":[13.3716846,49.7512846]},"properties":{"natural":"tree","ref:plzen:strom":69181,"RC":"Pasportizovaný strom","ID_STR":69181}},{"type":"Feature","geometry":{"type":"Point","coordinates":[13.3718219,49.751259]},"properties":{"natural":"tree","ref:plzen:strom":69182,"RC":"Pasportizovaný strom","ID_STR":69182}},{"type":"Feature","geometry":{"type":"Point","coordinates":[13.3718588,49.751481]},"properties":{"natural":"tree","ref:plzen:strom":9974,"RC":"Pasportizovaný strom","ID_STR":9974}},{"type":"Feature","geometry":{"type":"Point","coordinates":[13.3716987,49.7515302]},"properties":{"natural":"tree","ref:plzen:strom":9982,"RC":"Pasportizovaný strom","ID_STR":9982}},{"type":"Feature","geometry":{"type":"Point","coordinates":[13.3717251,49.7514967]},"properties":{"natural":"tree","ref:plzen:strom":9980,"RC":"Pasportizovaný strom","ID_STR":9980}},{"type":"Feature","geometry":{"type":"Point","coordinates":[13.3716696,49.751496]},"properties":{"natural":"tree","ref:plzen:strom":9979,"RC":"Pasportizovaný strom","ID_STR":9979}},{"type":"Feature","geometry":{"type":"Point","coordinates":[13.3715027,49.7515509]},"properties":{"natural":"tree","ref:plzen:strom":69172,"RC":"Pasportizovaný strom","ID_STR":69172}},{"type":"Feature","geometry":{"type":"Point","coordinates":[13.3717073,49.75143]},"properties":{"natural":"tree","ref:plzen:strom":10012,"RC":"Pasportizovaný strom","ID_STR":10012}},{"type":"Feature","geometry":{"type":"Point","coordinates":[13.3717575,49.751406]},"properties":{"natural":"tree","ref:plzen:strom":10014,"RC":"Pasportizovaný strom","ID_STR":10014}},{"type":"Feature","geometry":{"type":"Point","coordinates":[13.3716556,49.7514129]},"properties":{"natural":"tree","ref:plzen:strom":10011,"RC":"Pasportizovaný strom","ID_STR":10011}},{"type":"Feature","geometry":{"type":"Point","coordinates":[13.3717496,49.7513764]},"properties":{"natural":"tree","ref:plzen:strom":9981,"RC":"Pasportizovaný strom","ID_STR":9981}},{"type":"Feature","geometry":{"type":"Point","coordinates":[13.3714173,49.7515265]},"properties":{"natural":"tree","ref:plzen:strom":9984,"RC":"Pasportizovaný strom","ID_STR":9984}},{"type":"Feature","geometry":{"type":"Point","coordinates":[13.3717183,49.7513516]},"properties":{"natural":"tree","ref:plzen:strom":9985,"RC":"Pasportizovaný strom","ID_STR":9985}},{"type":"Feature","geometry":{"type":"Point","coordinates":[13.3714667,49.7513855]},"properties":{"natural":"tree","ref:plzen:strom":69179,"RC":"Pasportizovaný strom","ID_STR":69179}},{"type":"Feature","geometry":{"type":"Point","coordinates":[13.3713573,49.751434]},"properties":{"natural":"tree","ref:plzen:strom":10010,"RC":"Pasportizovaný strom","ID_STR":10010}},{"type":"Feature","geometry":{"type":"Point","coordinates":[13.3713241,49.7514644]},"properties":{"natural":"tree","ref:plzen:strom":10008,"RC":"Pasportizovaný strom","ID_STR":10008}},{"type":"Feature","geometry":{"type":"Point","coordinates":[13.3713552,49.7513953]},"properties":{"natural":"tree","ref:plzen:strom":10002,"RC":"Pasportizovaný strom","ID_STR":10002}},{"type":"Feature","geometry":{"type":"Point","coordinates":[13.3713117,49.7514223]},"properties":{"natural":"tree","ref:plzen:strom":9999,"RC":"Pasportizovaný strom","ID_STR":9999}},{"type":"Feature","geometry":{"type":"Point","coordinates":[13.3712736,49.7514426]},"properties":{"natural":"tree","ref:plzen:strom":9998,"RC":"Pasportizovaný strom","ID_STR":9998}},{"type":"Feature","geometry":{"type":"Point","coordinates":[13.3713295,49.7513783]},"properties":{"natural":"tree","ref:plzen:strom":10003,"RC":"Pasportizovaný strom","ID_STR":10003}},{"type":"Feature","geometry":{"type":"Point","coordinates":[13.3712222,49.75144]},"properties":{"natural":"tree","ref:plzen:strom":9997,"RC":"Pasportizovaný strom","ID_STR":9997}},{"type":"Feature","geometry":{"type":"Point","coordinates":[13.3712566,49.751388]},"properties":{"natural":"tree","ref:plzen:strom":10001,"RC":"Pasportizovaný strom","ID_STR":10001}},{"type":"Feature","geometry":{"type":"Point","coordinates":[13.3712607,49.7513547]},"properties":{"natural":"tree","ref:plzen:strom":10006,"RC":"Pasportizovaný strom","ID_STR":10006}},{"type":"Feature","geometry":{"type":"Point","coordinates":[13.3713049,49.7513567]},"properties":{"natural":"tree","ref:plzen:strom":10005,"RC":"Pasportizovaný strom","ID_STR":10005}},{"type":"Feature","geometry":{"type":"Point","coordinates":[13.3708761,49.7513048]},"properties":{"natural":"tree","ref:plzen:strom":69176,"RC":"Pasportizovaný strom","ID_STR":69176}},{"type":"Feature","geometry":{"type":"Point","coordinates":[13.3709732,49.7512735]},"properties":{"natural":"tree","ref:plzen:strom":69178,"RC":"Pasportizovaný strom","ID_STR":69178}},{"type":"Feature","geometry":{"type":"Point","coordinates":[13.3709034,49.7512285]},"properties":{"natural":"tree","ref:plzen:strom":69177,"RC":"Pasportizovaný strom","ID_STR":69177}},{"type":"Feature","geometry":{"type":"Point","coordinates":[13.3710591,49.751217]},"properties":{"natural":"tree","ref:plzen:strom":10037,"RC":"Pasportizovaný strom","ID_STR":10037}},{"type":"Feature","geometry":{"type":"Point","coordinates":[13.3717175,49.7515386]},"properties":{"natural":"tree","ref:plzen:strom":69173,"RC":"Pasportizovaný strom","ID_STR":69173}},{"type":"Feature","geometry":{"type":"Point","coordinates":[13.3716332,49.7515555]},"properties":{"natural":"tree","ref:plzen:strom":69175,"RC":"Pasportizovaný strom","ID_STR":69175}},{"type":"Feature","geometry":{"type":"Point","coordinates":[13.3716969,49.7515853]},"properties":{"natural":"tree","ref:plzen:strom":9983,"RC":"Pasportizovaný strom","ID_STR":9983}},{"type":"Feature","geometry":{"type":"Point","coordinates":[13.3716966,49.7516104]},"properties":{"natural":"tree","ref:plzen:strom":69174,"RC":"Pasportizovaný strom","ID_STR":69174}},{"type":"Feature","geometry":{"type":"Point","coordinates":[13.3707102,49.7519823]},"properties":{"natural":"tree","ref:plzen:strom":69152,"RC":"Pasportizovaný strom","ID_STR":69152}},{"type":"Feature","geometry":{"type":"Point","coordinates":[13.3717903,49.7519314]},"properties":{"natural":"tree","ref:plzen:strom":9959,"RC":"Pasportizovaný strom","ID_STR":9959}},{"type":"Feature","geometry":{"type":"Point","coordinates":[13.3717453,49.7518067]},"properties":{"natural":"tree","ref:plzen:strom":9978,"RC":"Pasportizovaný strom","ID_STR":9978}},{"type":"Feature","geometry":{"type":"Point","coordinates":[13.3717446,49.7517777]},"properties":{"natural":"tree","ref:plzen:strom":9976,"RC":"Pasportizovaný strom","ID_STR":9976}},{"type":"Feature","geometry":{"type":"Point","coordinates":[13.3718053,49.7518992]},"properties":{"natural":"tree","ref:plzen:strom":9961,"RC":"Pasportizovaný strom","ID_STR":9961}},{"type":"Feature","geometry":{"type":"Point","coordinates":[13.3717787,49.7517907]},"properties":{"natural":"tree","ref:plzen:strom":9977,"RC":"Pasportizovaný strom","ID_STR":9977}},{"type":"Feature","geometry":{"type":"Point","coordinates":[13.371837,49.751859]},"properties":{"natural":"tree","ref:plzen:strom":9963,"RC":"Pasportizovaný strom","ID_STR":9963}},{"type":"Feature","geometry":{"type":"Point","coordinates":[13.3718505,49.751817]},"properties":{"natural":"tree","ref:plzen:strom":9964,"RC":"Pasportizovaný strom","ID_STR":9964}},{"type":"Feature","geometry":{"type":"Point","coordinates":[13.3718728,49.7517855]},"properties":{"natural":"tree","ref:plzen:strom":9947,"RC":"Pasportizovaný strom","ID_STR":9947}},{"type":"Feature","geometry":{"type":"Point","coordinates":[13.3718116,49.7516664]},"properties":{"natural":"tree","ref:plzen:strom":9975,"RC":"Pasportizovaný strom","ID_STR":9975}},{"type":"Feature","geometry":{"type":"Point","coordinates":[13.3718732,49.7517519]},"properties":{"natural":"tree","ref:plzen:strom":9957,"RC":"Pasportizovaný strom","ID_STR":9957}},{"type":"Feature","geometry":{"type":"Point","coordinates":[13.3719105,49.7517195]},"properties":{"natural":"tree","ref:plzen:strom":9962,"RC":"Pasportizovaný strom","ID_STR":9962}},{"type":"Feature","geometry":{"type":"Point","coordinates":[13.3719037,49.7516851]},"properties":{"natural":"tree","ref:plzen:strom":9966,"RC":"Pasportizovaný strom","ID_STR":9966}},{"type":"Feature","geometry":{"type":"Point","coordinates":[13.3717753,49.7519636]},"properties":{"natural":"tree","ref:plzen:strom":9958,"RC":"Pasportizovaný strom","ID_STR":9958}},{"type":"Feature","geometry":{"type":"Point","coordinates":[13.371764,49.7519962]},"properties":{"natural":"tree","ref:plzen:strom":9956,"RC":"Pasportizovaný strom","ID_STR":9956}},{"type":"Feature","geometry":{"type":"Point","coordinates":[13.3719472,49.7516581]},"properties":{"natural":"tree","ref:plzen:strom":9967,"RC":"Pasportizovaný strom","ID_STR":9967}},{"type":"Feature","geometry":{"type":"Point","coordinates":[13.371943,49.7516288]},"properties":{"natural":"tree","ref:plzen:strom":9922,"RC":"Pasportizovaný strom","ID_STR":9922}},{"type":"Feature","geometry":{"type":"Point","coordinates":[13.3719739,49.7516078]},"properties":{"natural":"tree","ref:plzen:strom":9965,"RC":"Pasportizovaný strom","ID_STR":9965}},{"type":"Feature","geometry":{"type":"Point","coordinates":[13.3719743,49.7515742]},"properties":{"natural":"tree","ref:plzen:strom":9969,"RC":"Pasportizovaný strom","ID_STR":9969}},{"type":"Feature","geometry":{"type":"Point","coordinates":[13.3720131,49.7515515]},"properties":{"natural":"tree","ref:plzen:strom":9960,"RC":"Pasportizovaný strom","ID_STR":9960}},{"type":"Feature","geometry":{"type":"Point","coordinates":[13.3720213,49.7515162]},"properties":{"natural":"tree","ref:plzen:strom":9970,"RC":"Pasportizovaný strom","ID_STR":9970}},{"type":"Feature","geometry":{"type":"Point","coordinates":[13.3717224,49.751857]},"properties":{"natural":"tree","ref:plzen:strom":69171,"RC":"Pasportizovaný strom","ID_STR":69171}},{"type":"Feature","geometry":{"type":"Point","coordinates":[13.38476,49.7439001]},"properties":{"natural":"tree","ref:plzen:strom":56351,"RC":"Pasportizovaný strom","ID_STR":56351}},{"type":"Feature","geometry":{"type":"Point","coordinates":[13.3845994,49.7438193]},"properties":{"natural":"tree","ref:plzen:strom":62411,"RC":"Pasportizovaný strom","ID_STR":62411}},{"type":"Feature","geometry":{"type":"Point","coordinates":[13.3815483,49.7433317]},"properties":{"natural":"tree","ref:plzen:strom":12661,"RC":"Pasportizovaný strom","ID_STR":12661}},{"type":"Feature","geometry":{"type":"Point","coordinates":[13.3817584,49.7433302]},"properties":{"natural":"tree","ref:plzen:strom":12622,"RC":"Pasportizovaný strom","ID_STR":12622}},{"type":"Feature","geometry":{"type":"Point","coordinates":[13.3819678,49.743331]},"properties":{"natural":"tree","ref:plzen:strom":12660,"RC":"Pasportizovaný strom","ID_STR":12660}},{"type":"Feature","geometry":{"type":"Point","coordinates":[13.3821768,49.7433342]},"properties":{"natural":"tree","ref:plzen:strom":12645,"RC":"Pasportizovaný strom","ID_STR":12645}},{"type":"Feature","geometry":{"type":"Point","coordinates":[13.3823868,49.7433326]},"properties":{"natural":"tree","ref:plzen:strom":12664,"RC":"Pasportizovaný strom","ID_STR":12664}},{"type":"Feature","geometry":{"type":"Point","coordinates":[13.3825888,49.7433327]},"properties":{"natural":"tree","ref:plzen:strom":12665,"RC":"Pasportizovaný strom","ID_STR":12665}},{"type":"Feature","geometry":{"type":"Point","coordinates":[13.3821796,49.7434359]},"properties":{"natural":"tree","ref:plzen:strom":12668,"RC":"Pasportizovaný strom","ID_STR":12668}},{"type":"Feature","geometry":{"type":"Point","coordinates":[13.3817526,49.7434359]},"properties":{"natural":"tree","ref:plzen:strom":12666,"RC":"Pasportizovaný strom","ID_STR":12666}},{"type":"Feature","geometry":{"type":"Point","coordinates":[13.3815512,49.7434334]},"properties":{"natural":"tree","ref:plzen:strom":12619,"RC":"Pasportizovaný strom","ID_STR":12619}},{"type":"Feature","geometry":{"type":"Point","coordinates":[13.3822652,49.7434938]},"properties":{"natural":"tree","ref:plzen:strom":12609,"RC":"Pasportizovaný strom","ID_STR":12609}},{"type":"Feature","geometry":{"type":"Point","coordinates":[13.3820641,49.7434962]},"properties":{"natural":"tree","ref:plzen:strom":12627,"RC":"Pasportizovaný strom","ID_STR":12627}},{"type":"Feature","geometry":{"type":"Point","coordinates":[13.3824858,49.7434957]},"properties":{"natural":"tree","ref:plzen:strom":12674,"RC":"Pasportizovaný strom","ID_STR":12674}},{"type":"Feature","geometry":{"type":"Point","coordinates":[13.3818629,49.7434973]},"properties":{"natural":"tree","ref:plzen:strom":12635,"RC":"Pasportizovaný strom","ID_STR":12635}},{"type":"Feature","geometry":{"type":"Point","coordinates":[13.3816485,49.7434967]},"properties":{"natural":"tree","ref:plzen:strom":12642,"RC":"Pasportizovaný strom","ID_STR":12642}},{"type":"Feature","geometry":{"type":"Point","coordinates":[13.383016,49.7434359]},"properties":{"natural":"tree","ref:plzen:strom":7900,"RC":"Pasportizovaný strom","ID_STR":7900}},{"type":"Feature","geometry":{"type":"Point","coordinates":[13.382673,49.7434943]},"properties":{"natural":"tree","ref:plzen:strom":12671,"RC":"Pasportizovaný strom","ID_STR":12671}},{"type":"Feature","geometry":{"type":"Point","coordinates":[13.3829246,49.7434943]},"properties":{"natural":"tree","ref:plzen:strom":12669,"RC":"Pasportizovaný strom","ID_STR":12669}},{"type":"Feature","geometry":{"type":"Point","coordinates":[13.3814362,49.7434968]},"properties":{"natural":"tree","ref:plzen:strom":12649,"RC":"Pasportizovaný strom","ID_STR":12649}},{"type":"Feature","geometry":{"type":"Point","coordinates":[13.3812595,49.743496]},"properties":{"natural":"tree","ref:plzen:strom":12655,"RC":"Pasportizovaný strom","ID_STR":12655}},{"type":"Feature","geometry":{"type":"Point","coordinates":[13.3831023,49.7434994]},"properties":{"natural":"tree","ref:plzen:strom":12653,"RC":"Pasportizovaný strom","ID_STR":12653}},{"type":"Feature","geometry":{"type":"Point","coordinates":[13.3835437,49.743439]},"properties":{"natural":"tree","ref:plzen:strom":12623,"RC":"Pasportizovaný strom","ID_STR":12623}},{"type":"Feature","geometry":{"type":"Point","coordinates":[13.3834087,49.7434994]},"properties":{"natural":"tree","ref:plzen:strom":12673,"RC":"Pasportizovaný strom","ID_STR":12673}},{"type":"Feature","geometry":{"type":"Point","coordinates":[13.3836939,49.7435]},"properties":{"natural":"tree","ref:plzen:strom":12667,"RC":"Pasportizovaný strom","ID_STR":12667}},{"type":"Feature","geometry":{"type":"Point","coordinates":[13.3840682,49.7434461]},"properties":{"natural":"tree","ref:plzen:strom":12652,"RC":"Pasportizovaný strom","ID_STR":12652}},{"type":"Feature","geometry":{"type":"Point","coordinates":[13.3844252,49.7434865]},"properties":{"natural":"tree","ref:plzen:strom":12670,"RC":"Pasportizovaný strom","ID_STR":12670}},{"type":"Feature","geometry":{"type":"Point","coordinates":[13.3819601,49.744884]},"properties":{"natural":"tree","ref:plzen:strom":216,"RC":"Pasportizovaný strom","ID_STR":216}},{"type":"Feature","geometry":{"type":"Point","coordinates":[13.3821219,49.7449385]},"properties":{"natural":"tree","ref:plzen:strom":218,"RC":"Pasportizovaný strom","ID_STR":218}},{"type":"Feature","geometry":{"type":"Point","coordinates":[13.3823035,49.7449876]},"properties":{"natural":"tree","ref:plzen:strom":220,"RC":"Pasportizovaný strom","ID_STR":220}},{"type":"Feature","geometry":{"type":"Point","coordinates":[13.3824803,49.7450411]},"properties":{"natural":"tree","ref:plzen:strom":221,"RC":"Pasportizovaný strom","ID_STR":221}},{"type":"Feature","geometry":{"type":"Point","coordinates":[13.3826583,49.7450899]},"properties":{"natural":"tree","ref:plzen:strom":181,"RC":"Pasportizovaný strom","ID_STR":181}},{"type":"Feature","geometry":{"type":"Point","coordinates":[13.3838282,49.7448861]},"properties":{"natural":"tree","ref:plzen:strom":228,"RC":"Pasportizovaný strom","ID_STR":228}},{"type":"Feature","geometry":{"type":"Point","coordinates":[13.3837473,49.7449623]},"properties":{"natural":"tree","ref:plzen:strom":233,"RC":"Pasportizovaný strom","ID_STR":233}},{"type":"Feature","geometry":{"type":"Point","coordinates":[13.3836678,49.7450483]},"properties":{"natural":"tree","ref:plzen:strom":212,"RC":"Pasportizovaný strom","ID_STR":212}},{"type":"Feature","geometry":{"type":"Point","coordinates":[13.3828398,49.745139]},"properties":{"natural":"tree","ref:plzen:strom":195,"RC":"Pasportizovaný strom","ID_STR":195}},{"type":"Feature","geometry":{"type":"Point","coordinates":[13.383785,49.7450862]},"properties":{"natural":"tree","ref:plzen:strom":223,"RC":"Pasportizovaný strom","ID_STR":223}},{"type":"Feature","geometry":{"type":"Point","coordinates":[13.3835785,49.7451284]},"properties":{"natural":"tree","ref:plzen:strom":234,"RC":"Pasportizovaný strom","ID_STR":234}},{"type":"Feature","geometry":{"type":"Point","coordinates":[13.3837025,49.7451695]},"properties":{"natural":"tree","ref:plzen:strom":230,"RC":"Pasportizovaný strom","ID_STR":230}},{"type":"Feature","geometry":{"type":"Point","coordinates":[13.3834893,49.7452086]},"properties":{"natural":"tree","ref:plzen:strom":235,"RC":"Pasportizovaný strom","ID_STR":235}},{"type":"Feature","geometry":{"type":"Point","coordinates":[13.3836097,49.745249]},"properties":{"natural":"tree","ref:plzen:strom":229,"RC":"Pasportizovaný strom","ID_STR":229}},{"type":"Feature","geometry":{"type":"Point","coordinates":[13.3817623,49.745338]},"properties":{"natural":"tree","ref:plzen:strom":81,"RC":"Pasportizovaný strom","ID_STR":81}},{"type":"Feature","geometry":{"type":"Point","coordinates":[13.3821298,49.7454419]},"properties":{"natural":"tree","ref:plzen:strom":83,"RC":"Pasportizovaný strom","ID_STR":83}},{"type":"Feature","geometry":{"type":"Point","coordinates":[13.3836201,49.745454]},"properties":{"natural":"tree","ref:plzen:strom":224,"RC":"Pasportizovaný strom","ID_STR":224}},{"type":"Feature","geometry":{"type":"Point","coordinates":[13.3825131,49.7455528]},"properties":{"natural":"tree","ref:plzen:strom":85,"RC":"Pasportizovaný strom","ID_STR":85}},{"type":"Feature","geometry":{"type":"Point","coordinates":[13.3827412,49.7456276]},"properties":{"natural":"tree","ref:plzen:strom":86,"RC":"Pasportizovaný strom","ID_STR":86}},{"type":"Feature","geometry":{"type":"Point","coordinates":[13.3829799,49.7457232]},"properties":{"natural":"tree","ref:plzen:strom":87,"RC":"Pasportizovaný strom","ID_STR":87}},{"type":"Feature","geometry":{"type":"Point","coordinates":[13.3841909,49.7457916]},"properties":{"natural":"tree","ref:plzen:strom":217,"RC":"Pasportizovaný strom","ID_STR":217}},{"type":"Feature","geometry":{"type":"Point","coordinates":[13.384331,49.7458752]},"properties":{"natural":"tree","ref:plzen:strom":225,"RC":"Pasportizovaný strom","ID_STR":225}},{"type":"Feature","geometry":{"type":"Point","coordinates":[13.3831889,49.7458252]},"properties":{"natural":"tree","ref:plzen:strom":89,"RC":"Pasportizovaný strom","ID_STR":89}},{"type":"Feature","geometry":{"type":"Point","coordinates":[13.3832943,49.7458813]},"properties":{"natural":"tree","ref:plzen:strom":90,"RC":"Pasportizovaný strom","ID_STR":90}},{"type":"Feature","geometry":{"type":"Point","coordinates":[13.3834864,49.7459938]},"properties":{"natural":"tree","ref:plzen:strom":92,"RC":"Pasportizovaný strom","ID_STR":92}},{"type":"Feature","geometry":{"type":"Point","coordinates":[13.3810693,49.7423781]},"properties":{"natural":"tree","ref:plzen:strom":198,"RC":"Pasportizovaný strom","ID_STR":198}},{"type":"Feature","geometry":{"type":"Point","coordinates":[13.3810555,49.7424369]},"properties":{"natural":"tree","ref:plzen:strom":196,"RC":"Pasportizovaný strom","ID_STR":196}},{"type":"Feature","geometry":{"type":"Point","coordinates":[13.3810406,49.7425005]},"properties":{"natural":"tree","ref:plzen:strom":194,"RC":"Pasportizovaný strom","ID_STR":194}},{"type":"Feature","geometry":{"type":"Point","coordinates":[13.3810177,49.7425923]},"properties":{"natural":"tree","ref:plzen:strom":193,"RC":"Pasportizovaný strom","ID_STR":193}},{"type":"Feature","geometry":{"type":"Point","coordinates":[13.3810014,49.7426519]},"properties":{"natural":"tree","ref:plzen:strom":191,"RC":"Pasportizovaný strom","ID_STR":191}},{"type":"Feature","geometry":{"type":"Point","coordinates":[13.3809894,49.7427192]},"properties":{"natural":"tree","ref:plzen:strom":189,"RC":"Pasportizovaný strom","ID_STR":189}},{"type":"Feature","geometry":{"type":"Point","coordinates":[13.380974,49.742785]},"properties":{"natural":"tree","ref:plzen:strom":188,"RC":"Pasportizovaný strom","ID_STR":188}},{"type":"Feature","geometry":{"type":"Point","coordinates":[13.3809605,49.7428426]},"properties":{"natural":"tree","ref:plzen:strom":186,"RC":"Pasportizovaný strom","ID_STR":186}},{"type":"Feature","geometry":{"type":"Point","coordinates":[13.3809448,49.7429073]},"properties":{"natural":"tree","ref:plzen:strom":185,"RC":"Pasportizovaný strom","ID_STR":185}},{"type":"Feature","geometry":{"type":"Point","coordinates":[13.3809225,49.7430206]},"properties":{"natural":"tree","ref:plzen:strom":184,"RC":"Pasportizovaný strom","ID_STR":184}},{"type":"Feature","geometry":{"type":"Point","coordinates":[13.3809125,49.743089]},"properties":{"natural":"tree","ref:plzen:strom":182,"RC":"Pasportizovaný strom","ID_STR":182}},{"type":"Feature","geometry":{"type":"Point","coordinates":[13.3809086,49.7431547]},"properties":{"natural":"tree","ref:plzen:strom":180,"RC":"Pasportizovaný strom","ID_STR":180}},{"type":"Feature","geometry":{"type":"Point","coordinates":[13.380903,49.7432304]},"properties":{"natural":"tree","ref:plzen:strom":179,"RC":"Pasportizovaný strom","ID_STR":179}},{"type":"Feature","geometry":{"type":"Point","coordinates":[13.3810565,49.7435896]},"properties":{"natural":"tree","ref:plzen:strom":183,"RC":"Pasportizovaný strom","ID_STR":183}},{"type":"Feature","geometry":{"type":"Point","coordinates":[13.3810672,49.7436869]},"properties":{"natural":"tree","ref:plzen:strom":187,"RC":"Pasportizovaný strom","ID_STR":187}},{"type":"Feature","geometry":{"type":"Point","coordinates":[13.3809769,49.7439139]},"properties":{"natural":"tree","ref:plzen:strom":197,"RC":"Pasportizovaný strom","ID_STR":197}},{"type":"Feature","geometry":{"type":"Point","coordinates":[13.3810105,49.7440399]},"properties":{"natural":"tree","ref:plzen:strom":201,"RC":"Pasportizovaný strom","ID_STR":201}},{"type":"Feature","geometry":{"type":"Point","coordinates":[13.3809539,49.7438057]},"properties":{"natural":"tree","ref:plzen:strom":192,"RC":"Pasportizovaný strom","ID_STR":192}},{"type":"Feature","geometry":{"type":"Point","coordinates":[13.3811995,49.745122]},"properties":{"natural":"tree","ref:plzen:strom":80,"RC":"Pasportizovaný strom","ID_STR":80}},{"type":"Feature","geometry":{"type":"Point","coordinates":[13.381287,49.7445556]},"properties":{"natural":"tree","ref:plzen:strom":205,"RC":"Pasportizovaný strom","ID_STR":205}},{"type":"Feature","geometry":{"type":"Point","coordinates":[13.3814408,49.7446597]},"properties":{"natural":"tree","ref:plzen:strom":210,"RC":"Pasportizovaný strom","ID_STR":210}},{"type":"Feature","geometry":{"type":"Point","coordinates":[13.381608,49.7447387]},"properties":{"natural":"tree","ref:plzen:strom":213,"RC":"Pasportizovaný strom","ID_STR":213}},{"type":"Feature","geometry":{"type":"Point","coordinates":[13.3817824,49.7448184]},"properties":{"natural":"tree","ref:plzen:strom":215,"RC":"Pasportizovaný strom","ID_STR":215}},{"type":"Feature","geometry":{"type":"Point","coordinates":[13.3807029,49.744828]},"properties":{"natural":"tree","ref:plzen:strom":74,"RC":"Pasportizovaný strom","ID_STR":74}},{"type":"Feature","geometry":{"type":"Point","coordinates":[13.3807681,49.7448732]},"properties":{"natural":"tree","ref:plzen:strom":76,"RC":"Pasportizovaný strom","ID_STR":76}},{"type":"Feature","geometry":{"type":"Point","coordinates":[13.3808345,49.7449182]},"properties":{"natural":"tree","ref:plzen:strom":77,"RC":"Pasportizovaný strom","ID_STR":77}},{"type":"Feature","geometry":{"type":"Point","coordinates":[13.3809027,49.7449603]},"properties":{"natural":"tree","ref:plzen:strom":78,"RC":"Pasportizovaný strom","ID_STR":78}},{"type":"Feature","geometry":{"type":"Point","coordinates":[13.3771347,49.7449427]},"properties":{"natural":"tree","ref:plzen:strom":88,"RC":"Pasportizovaný strom","ID_STR":88}},{"type":"Feature","geometry":{"type":"Point","coordinates":[13.3769667,49.7449538]},"properties":{"natural":"tree","ref:plzen:strom":84,"RC":"Pasportizovaný strom","ID_STR":84}},{"type":"Feature","geometry":{"type":"Point","coordinates":[13.376677,49.7449233]},"properties":{"natural":"tree","ref:plzen:strom":7971,"RC":"Pasportizovaný strom","ID_STR":7971}},{"type":"Feature","geometry":{"type":"Point","coordinates":[13.3768025,49.7449663]},"properties":{"natural":"tree","ref:plzen:strom":79,"RC":"Pasportizovaný strom","ID_STR":79}},{"type":"Feature","geometry":{"type":"Point","coordinates":[13.3765292,49.7449292]},"properties":{"natural":"tree","ref:plzen:strom":124,"RC":"Pasportizovaný strom","ID_STR":124}},{"type":"Feature","geometry":{"type":"Point","coordinates":[13.3766376,49.7449759]},"properties":{"natural":"tree","ref:plzen:strom":75,"RC":"Pasportizovaný strom","ID_STR":75}},{"type":"Feature","geometry":{"type":"Point","coordinates":[13.3763954,49.7449427]},"properties":{"natural":"tree","ref:plzen:strom":116,"RC":"Pasportizovaný strom","ID_STR":116}},{"type":"Feature","geometry":{"type":"Point","coordinates":[13.37629,49.7448998]},"properties":{"natural":"tree","ref:plzen:strom":123,"RC":"Pasportizovaný strom","ID_STR":123}},{"type":"Feature","geometry":{"type":"Point","coordinates":[13.3764784,49.7449891]},"properties":{"natural":"tree","ref:plzen:strom":72,"RC":"Pasportizovaný strom","ID_STR":72}},{"type":"Feature","geometry":{"type":"Point","coordinates":[13.3762995,49.7450022]},"properties":{"natural":"tree","ref:plzen:strom":104,"RC":"Pasportizovaný strom","ID_STR":104}},{"type":"Feature","geometry":{"type":"Point","coordinates":[13.3762348,49.7449529]},"properties":{"natural":"tree","ref:plzen:strom":122,"RC":"Pasportizovaný strom","ID_STR":122}},{"type":"Feature","geometry":{"type":"Point","coordinates":[13.3761545,49.7450116]},"properties":{"natural":"tree","ref:plzen:strom":103,"RC":"Pasportizovaný strom","ID_STR":103}},{"type":"Feature","geometry":{"type":"Point","coordinates":[13.3760694,49.7449627]},"properties":{"natural":"tree","ref:plzen:strom":119,"RC":"Pasportizovaný strom","ID_STR":119}},{"type":"Feature","geometry":{"type":"Point","coordinates":[13.3760364,49.7448569]},"properties":{"natural":"tree","ref:plzen:strom":91,"RC":"Pasportizovaný strom","ID_STR":91}},{"type":"Feature","geometry":{"type":"Point","coordinates":[13.3759672,49.7449724]},"properties":{"natural":"tree","ref:plzen:strom":101,"RC":"Pasportizovaný strom","ID_STR":101}},{"type":"Feature","geometry":{"type":"Point","coordinates":[13.3759517,49.7449174]},"properties":{"natural":"tree","ref:plzen:strom":100,"RC":"Pasportizovaný strom","ID_STR":100}},{"type":"Feature","geometry":{"type":"Point","coordinates":[13.3759341,49.7448671]},"properties":{"natural":"tree","ref:plzen:strom":99,"RC":"Pasportizovaný strom","ID_STR":99}},{"type":"Feature","geometry":{"type":"Point","coordinates":[13.3799413,49.7435785]},"properties":{"natural":"tree","ref:plzen:strom":68,"RC":"Pasportizovaný strom","ID_STR":68}},{"type":"Feature","geometry":{"type":"Point","coordinates":[13.3796349,49.7433054]},"properties":{"natural":"tree","ref:plzen:strom":24,"RC":"Pasportizovaný strom","ID_STR":24}},{"type":"Feature","geometry":{"type":"Point","coordinates":[13.3794729,49.7433038]},"properties":{"natural":"tree","ref:plzen:strom":37,"RC":"Pasportizovaný strom","ID_STR":37}},{"type":"Feature","geometry":{"type":"Point","coordinates":[13.3795524,49.7435558]},"properties":{"natural":"tree","ref:plzen:strom":64,"RC":"Pasportizovaný strom","ID_STR":64}},{"type":"Feature","geometry":{"type":"Point","coordinates":[13.3794802,49.7434456]},"properties":{"natural":"tree","ref:plzen:strom":11,"RC":"Pasportizovaný strom","ID_STR":11}},{"type":"Feature","geometry":{"type":"Point","coordinates":[13.3795454,49.7435911]},"properties":{"natural":"tree","ref:plzen:strom":65,"RC":"Pasportizovaný strom","ID_STR":65}},{"type":"Feature","geometry":{"type":"Point","coordinates":[13.3793145,49.7433026]},"properties":{"natural":"tree","ref:plzen:strom":40,"RC":"Pasportizovaný strom","ID_STR":40}},{"type":"Feature","geometry":{"type":"Point","coordinates":[13.3793141,49.743446]},"properties":{"natural":"tree","ref:plzen:strom":48,"RC":"Pasportizovaný strom","ID_STR":48}},{"type":"Feature","geometry":{"type":"Point","coordinates":[13.3791483,49.743303]},"properties":{"natural":"tree","ref:plzen:strom":45,"RC":"Pasportizovaný strom","ID_STR":45}},{"type":"Feature","geometry":{"type":"Point","coordinates":[13.3790214,49.7432618]},"properties":{"natural":"tree","ref:plzen:strom":49,"RC":"Pasportizovaný strom","ID_STR":49}},{"type":"Feature","geometry":{"type":"Point","coordinates":[13.3789525,49.7431617]},"properties":{"natural":"tree","ref:plzen:strom":50,"RC":"Pasportizovaný strom","ID_STR":50}},{"type":"Feature","geometry":{"type":"Point","coordinates":[13.3791593,49.7434451]},"properties":{"natural":"tree","ref:plzen:strom":46,"RC":"Pasportizovaný strom","ID_STR":46}},{"type":"Feature","geometry":{"type":"Point","coordinates":[13.3790044,49.7434443]},"properties":{"natural":"tree","ref:plzen:strom":44,"RC":"Pasportizovaný strom","ID_STR":44}},{"type":"Feature","geometry":{"type":"Point","coordinates":[13.3788377,49.743447]},"properties":{"natural":"tree","ref:plzen:strom":42,"RC":"Pasportizovaný strom","ID_STR":42}},{"type":"Feature","geometry":{"type":"Point","coordinates":[13.3798265,49.7426504]},"properties":{"natural":"tree","ref:plzen:strom":67326,"RC":"Pasportizovaný strom","ID_STR":67326}},{"type":"Feature","geometry":{"type":"Point","coordinates":[13.3798405,49.7426232]},"properties":{"natural":"tree","ref:plzen:strom":67327,"RC":"Pasportizovaný strom","ID_STR":67327}},{"type":"Feature","geometry":{"type":"Point","coordinates":[13.3798563,49.7425534]},"properties":{"natural":"tree","ref:plzen:strom":67328,"RC":"Pasportizovaný strom","ID_STR":67328}},{"type":"Feature","geometry":{"type":"Point","coordinates":[13.3797799,49.7425455]},"properties":{"natural":"tree","ref:plzen:strom":67329,"RC":"Pasportizovaný strom","ID_STR":67329}},{"type":"Feature","geometry":{"type":"Point","coordinates":[13.3797972,49.7424965]},"properties":{"natural":"tree","ref:plzen:strom":67330,"RC":"Pasportizovaný strom","ID_STR":67330}},{"type":"Feature","geometry":{"type":"Point","coordinates":[13.3798592,49.7425033]},"properties":{"natural":"tree","ref:plzen:strom":67331,"RC":"Pasportizovaný strom","ID_STR":67331}},{"type":"Feature","geometry":{"type":"Point","coordinates":[13.37986,49.7422688]},"properties":{"natural":"tree","ref:plzen:strom":67332,"RC":"Pasportizovaný strom","ID_STR":67332}},{"type":"Feature","geometry":{"type":"Point","coordinates":[13.3790021,49.7414588]},"properties":{"natural":"tree","ref:plzen:strom":70521,"RC":"Pasportizovaný strom","ID_STR":70521}},{"type":"Feature","geometry":{"type":"Point","coordinates":[13.3792095,49.7414955]},"properties":{"natural":"tree","ref:plzen:strom":70522,"RC":"Pasportizovaný strom","ID_STR":70522}},{"type":"Feature","geometry":{"type":"Point","coordinates":[13.3799714,49.7417523]},"properties":{"natural":"tree","ref:plzen:strom":67333,"RC":"Pasportizovaný strom","ID_STR":67333}},{"type":"Feature","geometry":{"type":"Point","coordinates":[13.3783717,49.7432146]},"properties":{"natural":"tree","ref:plzen:strom":52,"RC":"Pasportizovaný strom","ID_STR":52}},{"type":"Feature","geometry":{"type":"Point","coordinates":[13.3782463,49.7432142]},"properties":{"natural":"tree","ref:plzen:strom":54,"RC":"Pasportizovaný strom","ID_STR":54}},{"type":"Feature","geometry":{"type":"Point","coordinates":[13.3780977,49.7432187]},"properties":{"natural":"tree","ref:plzen:strom":33,"RC":"Pasportizovaný strom","ID_STR":33}},{"type":"Feature","geometry":{"type":"Point","coordinates":[13.3782368,49.7432707]},"properties":{"natural":"tree","ref:plzen:strom":56,"RC":"Pasportizovaný strom","ID_STR":56}},{"type":"Feature","geometry":{"type":"Point","coordinates":[13.377949,49.7432232]},"properties":{"natural":"tree","ref:plzen:strom":47,"RC":"Pasportizovaný strom","ID_STR":47}},{"type":"Feature","geometry":{"type":"Point","coordinates":[13.3781021,49.7432788]},"properties":{"natural":"tree","ref:plzen:strom":57,"RC":"Pasportizovaný strom","ID_STR":57}},{"type":"Feature","geometry":{"type":"Point","coordinates":[13.3778147,49.7432291]},"properties":{"natural":"tree","ref:plzen:strom":51,"RC":"Pasportizovaný strom","ID_STR":51}},{"type":"Feature","geometry":{"type":"Point","coordinates":[13.3779518,49.7432836]},"properties":{"natural":"tree","ref:plzen:strom":43,"RC":"Pasportizovaný strom","ID_STR":43}},{"type":"Feature","geometry":{"type":"Point","coordinates":[13.3778132,49.7432872]},"properties":{"natural":"tree","ref:plzen:strom":55,"RC":"Pasportizovaný strom","ID_STR":55}},{"type":"Feature","geometry":{"type":"Point","coordinates":[13.378358,49.7434309]},"properties":{"natural":"tree","ref:plzen:strom":41,"RC":"Pasportizovaný strom","ID_STR":41}},{"type":"Feature","geometry":{"type":"Point","coordinates":[13.3782057,49.743435]},"properties":{"natural":"tree","ref:plzen:strom":39,"RC":"Pasportizovaný strom","ID_STR":39}},{"type":"Feature","geometry":{"type":"Point","coordinates":[13.3780694,49.7434336]},"properties":{"natural":"tree","ref:plzen:strom":38,"RC":"Pasportizovaný strom","ID_STR":38}},{"type":"Feature","geometry":{"type":"Point","coordinates":[13.3775756,49.7432875]},"properties":{"natural":"tree","ref:plzen:strom":59,"RC":"Pasportizovaný strom","ID_STR":59}},{"type":"Feature","geometry":{"type":"Point","coordinates":[13.3779285,49.7434365]},"properties":{"natural":"tree","ref:plzen:strom":35,"RC":"Pasportizovaný strom","ID_STR":35}},{"type":"Feature","geometry":{"type":"Point","coordinates":[13.3774336,49.7432949]},"properties":{"natural":"tree","ref:plzen:strom":60,"RC":"Pasportizovaný strom","ID_STR":60}},{"type":"Feature","geometry":{"type":"Point","coordinates":[13.3772596,49.7433039]},"properties":{"natural":"tree","ref:plzen:strom":58,"RC":"Pasportizovaný strom","ID_STR":58}},{"type":"Feature","geometry":{"type":"Point","coordinates":[13.3771135,49.7433125]},"properties":{"natural":"tree","ref:plzen:strom":53,"RC":"Pasportizovaný strom","ID_STR":53}},{"type":"Feature","geometry":{"type":"Point","coordinates":[13.377589,49.7434676]},"properties":{"natural":"tree","ref:plzen:strom":30,"RC":"Pasportizovaný strom","ID_STR":30}},{"type":"Feature","geometry":{"type":"Point","coordinates":[13.3769524,49.7433204]},"properties":{"natural":"tree","ref:plzen:strom":61,"RC":"Pasportizovaný strom","ID_STR":61}},{"type":"Feature","geometry":{"type":"Point","coordinates":[13.3774273,49.7434804]},"properties":{"natural":"tree","ref:plzen:strom":26,"RC":"Pasportizovaný strom","ID_STR":26}},{"type":"Feature","geometry":{"type":"Point","coordinates":[13.3772642,49.7434835]},"properties":{"natural":"tree","ref:plzen:strom":21,"RC":"Pasportizovaný strom","ID_STR":21}},{"type":"Feature","geometry":{"type":"Point","coordinates":[13.376783,49.7433316]},"properties":{"natural":"tree","ref:plzen:strom":62,"RC":"Pasportizovaný strom","ID_STR":62}},{"type":"Feature","geometry":{"type":"Point","coordinates":[13.3771005,49.7434889]},"properties":{"natural":"tree","ref:plzen:strom":17,"RC":"Pasportizovaný strom","ID_STR":17}},{"type":"Feature","geometry":{"type":"Point","coordinates":[13.3766086,49.743348]},"properties":{"natural":"tree","ref:plzen:strom":63,"RC":"Pasportizovaný strom","ID_STR":63}},{"type":"Feature","geometry":{"type":"Point","coordinates":[13.3769338,49.7434916]},"properties":{"natural":"tree","ref:plzen:strom":13,"RC":"Pasportizovaný strom","ID_STR":13}},{"type":"Feature","geometry":{"type":"Point","coordinates":[13.3792335,49.7436808]},"properties":{"natural":"tree","ref:plzen:strom":7909,"RC":"Pasportizovaný strom","ID_STR":7909}},{"type":"Feature","geometry":{"type":"Point","coordinates":[13.3794365,49.7436942]},"properties":{"natural":"tree","ref:plzen:strom":66,"RC":"Pasportizovaný strom","ID_STR":66}},{"type":"Feature","geometry":{"type":"Point","coordinates":[13.3792431,49.7437347]},"properties":{"natural":"tree","ref:plzen:strom":7910,"RC":"Pasportizovaný strom","ID_STR":7910}},{"type":"Feature","geometry":{"type":"Point","coordinates":[13.379967,49.743771]},"properties":{"natural":"tree","ref:plzen:strom":69,"RC":"Pasportizovaný strom","ID_STR":69}},{"type":"Feature","geometry":{"type":"Point","coordinates":[13.379519,49.7437793]},"properties":{"natural":"tree","ref:plzen:strom":67,"RC":"Pasportizovaný strom","ID_STR":67}},{"type":"Feature","geometry":{"type":"Point","coordinates":[13.3792553,49.7437936]},"properties":{"natural":"tree","ref:plzen:strom":7911,"RC":"Pasportizovaný strom","ID_STR":7911}},{"type":"Feature","geometry":{"type":"Point","coordinates":[13.3799909,49.7438683]},"properties":{"natural":"tree","ref:plzen:strom":71,"RC":"Pasportizovaný strom","ID_STR":71}},{"type":"Feature","geometry":{"type":"Point","coordinates":[13.3801065,49.7441467]},"properties":{"natural":"tree","ref:plzen:strom":73,"RC":"Pasportizovaný strom","ID_STR":73}},{"type":"Feature","geometry":{"type":"Point","coordinates":[13.3846371,49.7478019]},"properties":{"natural":"tree","ref:plzen:strom":8240,"RC":"Pasportizovaný strom","ID_STR":8240}},{"type":"Feature","geometry":{"type":"Point","coordinates":[13.3848408,49.7476621]},"properties":{"natural":"tree","ref:plzen:strom":7875,"RC":"Pasportizovaný strom","ID_STR":7875}},{"type":"Feature","geometry":{"type":"Point","coordinates":[13.3829718,49.749668]},"properties":{"natural":"tree","ref:plzen:strom":70533,"RC":"Pasportizovaný strom","ID_STR":70533}},{"type":"Feature","geometry":{"type":"Point","coordinates":[13.3815815,49.7475101]},"properties":{"natural":"tree","ref:plzen:strom":66989,"RC":"Pasportizovaný strom","ID_STR":66989}},{"type":"Feature","geometry":{"type":"Point","coordinates":[13.3839427,49.7435018]},"properties":{"natural":"tree","ref:plzen:strom":12658,"RC":"Pasportizovaný strom","ID_STR":12658}},{"type":"Feature","geometry":{"type":"Point","coordinates":[13.3838643,49.7450171]},"properties":{"natural":"tree","ref:plzen:strom":231,"RC":"Pasportizovaný strom","ID_STR":231}},{"type":"Feature","geometry":{"type":"Point","coordinates":[13.3839524,49.7449416]},"properties":{"natural":"tree","ref:plzen:strom":232,"RC":"Pasportizovaný strom","ID_STR":232}},{"type":"Feature","geometry":{"type":"Point","coordinates":[13.3840519,49.7457034]},"properties":{"natural":"tree","ref:plzen:strom":190,"RC":"Pasportizovaný strom","ID_STR":190}},{"type":"Feature","geometry":{"type":"Point","coordinates":[13.3839076,49.7456218]},"properties":{"natural":"tree","ref:plzen:strom":227,"RC":"Pasportizovaný strom","ID_STR":227}},{"type":"Feature","geometry":{"type":"Point","coordinates":[13.3837639,49.7455379]},"properties":{"natural":"tree","ref:plzen:strom":226,"RC":"Pasportizovaný strom","ID_STR":226}},{"type":"Feature","geometry":{"type":"Point","coordinates":[13.3834706,49.7453791]},"properties":{"natural":"tree","ref:plzen:strom":222,"RC":"Pasportizovaný strom","ID_STR":222}},{"type":"Feature","geometry":{"type":"Point","coordinates":[13.3833043,49.7453122]},"properties":{"natural":"tree","ref:plzen:strom":219,"RC":"Pasportizovaný strom","ID_STR":219}},{"type":"Feature","geometry":{"type":"Point","coordinates":[13.3831307,49.7452446]},"properties":{"natural":"tree","ref:plzen:strom":214,"RC":"Pasportizovaný strom","ID_STR":214}},{"type":"Feature","geometry":{"type":"Point","coordinates":[13.3830053,49.7451938]},"properties":{"natural":"tree","ref:plzen:strom":208,"RC":"Pasportizovaný strom","ID_STR":208}},{"type":"Feature","geometry":{"type":"Point","coordinates":[13.3816049,49.7475186]},"properties":{"natural":"tree","ref:plzen:strom":7939,"RC":"Pasportizovaný strom","ID_STR":7939}},{"type":"Feature","geometry":{"type":"Point","coordinates":[13.3814878,49.7474721]},"properties":{"natural":"tree","ref:plzen:strom":7935,"RC":"Pasportizovaný strom","ID_STR":7935}},{"type":"Feature","geometry":{"type":"Point","coordinates":[13.3814057,49.7474367]},"properties":{"natural":"tree","ref:plzen:strom":7922,"RC":"Pasportizovaný strom","ID_STR":7922}},{"type":"Feature","geometry":{"type":"Point","coordinates":[13.3813141,49.747403]},"properties":{"natural":"tree","ref:plzen:strom":7906,"RC":"Pasportizovaný strom","ID_STR":7906}},{"type":"Feature","geometry":{"type":"Point","coordinates":[13.3814744,49.7467377]},"properties":{"natural":"tree","ref:plzen:strom":24450,"RC":"Pasportizovaný strom","ID_STR":24450}},{"type":"Feature","geometry":{"type":"Point","coordinates":[13.3815162,49.7467177]},"properties":{"natural":"tree","ref:plzen:strom":24451,"RC":"Pasportizovaný strom","ID_STR":24451}},{"type":"Feature","geometry":{"type":"Point","coordinates":[13.3815482,49.746692]},"properties":{"natural":"tree","ref:plzen:strom":24452,"RC":"Pasportizovaný strom","ID_STR":24452}},{"type":"Feature","geometry":{"type":"Point","coordinates":[13.3817797,49.7475827]},"properties":{"natural":"tree","ref:plzen:strom":7947,"RC":"Pasportizovaný strom","ID_STR":7947}},{"type":"Feature","geometry":{"type":"Point","coordinates":[13.381709,49.7475527]},"properties":{"natural":"tree","ref:plzen:strom":7942,"RC":"Pasportizovaný strom","ID_STR":7942}},{"type":"Feature","geometry":{"type":"Point","coordinates":[13.3842061,49.7440685]},"properties":{"natural":"tree","ref:plzen:strom":62412,"RC":"Pasportizovaný strom","ID_STR":62412}},{"type":"Feature","geometry":{"type":"Point","coordinates":[13.3842193,49.7441677]},"properties":{"natural":"tree","ref:plzen:strom":62413,"RC":"Pasportizovaný strom","ID_STR":62413}},{"type":"Feature","geometry":{"type":"Point","coordinates":[13.3795707,49.7448834]},"properties":{"natural":"tree","ref:plzen:strom":236,"RC":"Pasportizovaný strom","ID_STR":236}},{"type":"Feature","geometry":{"type":"Point","coordinates":[13.3797244,49.7448599]},"properties":{"natural":"tree","ref:plzen:strom":270,"RC":"Pasportizovaný strom","ID_STR":270}},{"type":"Feature","geometry":{"type":"Point","coordinates":[13.3796629,49.7449643]},"properties":{"natural":"tree","ref:plzen:strom":237,"RC":"Pasportizovaný strom","ID_STR":237}},{"type":"Feature","geometry":{"type":"Point","coordinates":[13.3797341,49.7449617]},"properties":{"natural":"tree","ref:plzen:strom":267,"RC":"Pasportizovaný strom","ID_STR":267}},{"type":"Feature","geometry":{"type":"Point","coordinates":[13.3796673,49.7450559]},"properties":{"natural":"tree","ref:plzen:strom":238,"RC":"Pasportizovaný strom","ID_STR":238}},{"type":"Feature","geometry":{"type":"Point","coordinates":[13.3796829,49.7451318]},"properties":{"natural":"tree","ref:plzen:strom":239,"RC":"Pasportizovaný strom","ID_STR":239}},{"type":"Feature","geometry":{"type":"Point","coordinates":[13.3797491,49.7450498]},"properties":{"natural":"tree","ref:plzen:strom":265,"RC":"Pasportizovaný strom","ID_STR":265}},{"type":"Feature","geometry":{"type":"Point","coordinates":[13.3797891,49.7449791]},"properties":{"natural":"tree","ref:plzen:strom":269,"RC":"Pasportizovaný strom","ID_STR":269}},{"type":"Feature","geometry":{"type":"Point","coordinates":[13.3797658,49.7451256]},"properties":{"natural":"tree","ref:plzen:strom":264,"RC":"Pasportizovaný strom","ID_STR":264}},{"type":"Feature","geometry":{"type":"Point","coordinates":[13.3797024,49.7452226]},"properties":{"natural":"tree","ref:plzen:strom":240,"RC":"Pasportizovaný strom","ID_STR":240}},{"type":"Feature","geometry":{"type":"Point","coordinates":[13.3796031,49.7453779]},"properties":{"natural":"tree","ref:plzen:strom":242,"RC":"Pasportizovaný strom","ID_STR":242}},{"type":"Feature","geometry":{"type":"Point","coordinates":[13.3797939,49.745186]},"properties":{"natural":"tree","ref:plzen:strom":262,"RC":"Pasportizovaný strom","ID_STR":262}},{"type":"Feature","geometry":{"type":"Point","coordinates":[13.3803738,49.7448879]},"properties":{"natural":"tree","ref:plzen:strom":246,"RC":"Pasportizovaný strom","ID_STR":246}},{"type":"Feature","geometry":{"type":"Point","coordinates":[13.3803791,49.744802]},"properties":{"natural":"tree","ref:plzen:strom":241,"RC":"Pasportizovaný strom","ID_STR":241}},{"type":"Feature","geometry":{"type":"Point","coordinates":[13.380336,49.7447329]},"properties":{"natural":"tree","ref:plzen:strom":275,"RC":"Pasportizovaný strom","ID_STR":275}},{"type":"Feature","geometry":{"type":"Point","coordinates":[13.3801291,49.7447071]},"properties":{"natural":"tree","ref:plzen:strom":274,"RC":"Pasportizovaný strom","ID_STR":274}},{"type":"Feature","geometry":{"type":"Point","coordinates":[13.380181,49.7447549]},"properties":{"natural":"tree","ref:plzen:strom":272,"RC":"Pasportizovaný strom","ID_STR":272}},{"type":"Feature","geometry":{"type":"Point","coordinates":[13.3802184,49.7451489]},"properties":{"natural":"tree","ref:plzen:strom":7920,"RC":"Pasportizovaný strom","ID_STR":7920}},{"type":"Feature","geometry":{"type":"Point","coordinates":[13.3802057,49.7451003]},"properties":{"natural":"tree","ref:plzen:strom":250,"RC":"Pasportizovaný strom","ID_STR":250}},{"type":"Feature","geometry":{"type":"Point","coordinates":[13.3802181,49.745256]},"properties":{"natural":"tree","ref:plzen:strom":259,"RC":"Pasportizovaný strom","ID_STR":259}},{"type":"Feature","geometry":{"type":"Point","coordinates":[13.3802099,49.7452031]},"properties":{"natural":"tree","ref:plzen:strom":254,"RC":"Pasportizovaný strom","ID_STR":254}},{"type":"Feature","geometry":{"type":"Point","coordinates":[13.3796951,49.7452231]},"properties":{"natural":"tree","ref:plzen:strom":64078,"RC":"Pasportizovaný strom","ID_STR":64078}},{"type":"Feature","geometry":{"type":"Point","coordinates":[13.3793185,49.7446187]},"properties":{"natural":"tree","ref:plzen:strom":147,"RC":"Pasportizovaný strom","ID_STR":147}},{"type":"Feature","geometry":{"type":"Point","coordinates":[13.3792001,49.7446282]},"properties":{"natural":"tree","ref:plzen:strom":149,"RC":"Pasportizovaný strom","ID_STR":149}},{"type":"Feature","geometry":{"type":"Point","coordinates":[13.3790763,49.7446353]},"properties":{"natural":"tree","ref:plzen:strom":151,"RC":"Pasportizovaný strom","ID_STR":151}},{"type":"Feature","geometry":{"type":"Point","coordinates":[13.3790973,49.7446815]},"properties":{"natural":"tree","ref:plzen:strom":164,"RC":"Pasportizovaný strom","ID_STR":164}},{"type":"Feature","geometry":{"type":"Point","coordinates":[13.3789521,49.7446456]},"properties":{"natural":"tree","ref:plzen:strom":152,"RC":"Pasportizovaný strom","ID_STR":152}},{"type":"Feature","geometry":{"type":"Point","coordinates":[13.3786175,49.7444862]},"properties":{"natural":"tree","ref:plzen:strom":7973,"RC":"Pasportizovaný strom","ID_STR":7973}},{"type":"Feature","geometry":{"type":"Point","coordinates":[13.3788285,49.7446519]},"properties":{"natural":"tree","ref:plzen:strom":153,"RC":"Pasportizovaný strom","ID_STR":153}},{"type":"Feature","geometry":{"type":"Point","coordinates":[13.3787046,49.744666]},"properties":{"natural":"tree","ref:plzen:strom":155,"RC":"Pasportizovaný strom","ID_STR":155}},{"type":"Feature","geometry":{"type":"Point","coordinates":[13.3784615,49.7446842]},"properties":{"natural":"tree","ref:plzen:strom":157,"RC":"Pasportizovaný strom","ID_STR":157}},{"type":"Feature","geometry":{"type":"Point","coordinates":[13.3789447,49.7447996]},"properties":{"natural":"tree","ref:plzen:strom":146,"RC":"Pasportizovaný strom","ID_STR":146}},{"type":"Feature","geometry":{"type":"Point","coordinates":[13.3788195,49.7448101]},"properties":{"natural":"tree","ref:plzen:strom":144,"RC":"Pasportizovaný strom","ID_STR":144}},{"type":"Feature","geometry":{"type":"Point","coordinates":[13.3783417,49.7446911]},"properties":{"natural":"tree","ref:plzen:strom":159,"RC":"Pasportizovaný strom","ID_STR":159}},{"type":"Feature","geometry":{"type":"Point","coordinates":[13.3786964,49.7448162]},"properties":{"natural":"tree","ref:plzen:strom":143,"RC":"Pasportizovaný strom","ID_STR":143}},{"type":"Feature","geometry":{"type":"Point","coordinates":[13.3785728,49.7448297]},"properties":{"natural":"tree","ref:plzen:strom":142,"RC":"Pasportizovaný strom","ID_STR":142}},{"type":"Feature","geometry":{"type":"Point","coordinates":[13.3782238,49.7447029]},"properties":{"natural":"tree","ref:plzen:strom":160,"RC":"Pasportizovaný strom","ID_STR":160}},{"type":"Feature","geometry":{"type":"Point","coordinates":[13.3784507,49.7448372]},"properties":{"natural":"tree","ref:plzen:strom":140,"RC":"Pasportizovaný strom","ID_STR":140}},{"type":"Feature","geometry":{"type":"Point","coordinates":[13.3783267,49.7448498]},"properties":{"natural":"tree","ref:plzen:strom":139,"RC":"Pasportizovaný strom","ID_STR":139}},{"type":"Feature","geometry":{"type":"Point","coordinates":[13.378204,49.7448591]},"properties":{"natural":"tree","ref:plzen:strom":138,"RC":"Pasportizovaný strom","ID_STR":138}},{"type":"Feature","geometry":{"type":"Point","coordinates":[13.3780754,49.7448006]},"properties":{"natural":"tree","ref:plzen:strom":162,"RC":"Pasportizovaný strom","ID_STR":162}},{"type":"Feature","geometry":{"type":"Point","coordinates":[13.3786947,49.7446643]},"properties":{"natural":"tree","ref:plzen:strom":66987,"RC":"Pasportizovaný strom","ID_STR":66987}},{"type":"Feature","geometry":{"type":"Point","coordinates":[13.378454,49.7448408]},"properties":{"natural":"tree","ref:plzen:strom":63741,"RC":"Pasportizovaný strom","ID_STR":63741}},{"type":"Feature","geometry":{"type":"Point","coordinates":[13.378601,49.7446723]},"properties":{"natural":"tree","ref:plzen:strom":56766,"RC":"Pasportizovaný strom","ID_STR":56766}},{"type":"Feature","geometry":{"type":"Point","coordinates":[13.3789506,49.744799]},"properties":{"natural":"tree","ref:plzen:strom":63066,"RC":"Pasportizovaný strom","ID_STR":63066}},{"type":"Feature","geometry":{"type":"Point","coordinates":[13.3807384,49.7467393]},"properties":{"natural":"tree","ref:plzen:strom":323,"RC":"Pasportizovaný strom","ID_STR":323}},{"type":"Feature","geometry":{"type":"Point","coordinates":[13.3808007,49.7466701]},"properties":{"natural":"tree","ref:plzen:strom":327,"RC":"Pasportizovaný strom","ID_STR":327}},{"type":"Feature","geometry":{"type":"Point","coordinates":[13.3807213,49.7466915]},"properties":{"natural":"tree","ref:plzen:strom":321,"RC":"Pasportizovaný strom","ID_STR":321}},{"type":"Feature","geometry":{"type":"Point","coordinates":[13.3810121,49.7465706]},"properties":{"natural":"tree","ref:plzen:strom":330,"RC":"Pasportizovaný strom","ID_STR":330}},{"type":"Feature","geometry":{"type":"Point","coordinates":[13.3807768,49.7466256]},"properties":{"natural":"tree","ref:plzen:strom":329,"RC":"Pasportizovaný strom","ID_STR":329}},{"type":"Feature","geometry":{"type":"Point","coordinates":[13.3808906,49.746559]},"properties":{"natural":"tree","ref:plzen:strom":306,"RC":"Pasportizovaný strom","ID_STR":306}},{"type":"Feature","geometry":{"type":"Point","coordinates":[13.3809663,49.7465303]},"properties":{"natural":"tree","ref:plzen:strom":334,"RC":"Pasportizovaný strom","ID_STR":334}},{"type":"Feature","geometry":{"type":"Point","coordinates":[13.3806951,49.7466438]},"properties":{"natural":"tree","ref:plzen:strom":320,"RC":"Pasportizovaný strom","ID_STR":320}},{"type":"Feature","geometry":{"type":"Point","coordinates":[13.380757,49.7465794]},"properties":{"natural":"tree","ref:plzen:strom":331,"RC":"Pasportizovaný strom","ID_STR":331}},{"type":"Feature","geometry":{"type":"Point","coordinates":[13.380914,49.7464905]},"properties":{"natural":"tree","ref:plzen:strom":337,"RC":"Pasportizovaný strom","ID_STR":337}},{"type":"Feature","geometry":{"type":"Point","coordinates":[13.3808386,49.7465136]},"properties":{"natural":"tree","ref:plzen:strom":335,"RC":"Pasportizovaný strom","ID_STR":335}},{"type":"Feature","geometry":{"type":"Point","coordinates":[13.3806739,49.7465978]},"properties":{"natural":"tree","ref:plzen:strom":319,"RC":"Pasportizovaný strom","ID_STR":319}},{"type":"Feature","geometry":{"type":"Point","coordinates":[13.3807348,49.7465347]},"properties":{"natural":"tree","ref:plzen:strom":332,"RC":"Pasportizovaný strom","ID_STR":332}},{"type":"Feature","geometry":{"type":"Point","coordinates":[13.3808672,49.7464518]},"properties":{"natural":"tree","ref:plzen:strom":339,"RC":"Pasportizovaný strom","ID_STR":339}},{"type":"Feature","geometry":{"type":"Point","coordinates":[13.380652,49.7465505]},"properties":{"natural":"tree","ref:plzen:strom":318,"RC":"Pasportizovaný strom","ID_STR":318}},{"type":"Feature","geometry":{"type":"Point","coordinates":[13.3807103,49.7464881]},"properties":{"natural":"tree","ref:plzen:strom":333,"RC":"Pasportizovaný strom","ID_STR":333}},{"type":"Feature","geometry":{"type":"Point","coordinates":[13.3806324,49.7465045]},"properties":{"natural":"tree","ref:plzen:strom":316,"RC":"Pasportizovaný strom","ID_STR":316}},{"type":"Feature","geometry":{"type":"Point","coordinates":[13.3808203,49.7467188]},"properties":{"natural":"tree","ref:plzen:strom":326,"RC":"Pasportizovaný strom","ID_STR":326}},{"type":"Feature","geometry":{"type":"Point","coordinates":[13.3809834,49.7466361]},"properties":{"natural":"tree","ref:plzen:strom":314,"RC":"Pasportizovaný strom","ID_STR":314}},{"type":"Feature","geometry":{"type":"Point","coordinates":[13.3807564,49.7467833]},"properties":{"natural":"tree","ref:plzen:strom":324,"RC":"Pasportizovaný strom","ID_STR":324}},{"type":"Feature","geometry":{"type":"Point","coordinates":[13.3810569,49.746609]},"properties":{"natural":"tree","ref:plzen:strom":325,"RC":"Pasportizovaný strom","ID_STR":325}},{"type":"Feature","geometry":{"type":"Point","coordinates":[13.3811031,49.7466502]},"properties":{"natural":"tree","ref:plzen:strom":322,"RC":"Pasportizovaný strom","ID_STR":322}},{"type":"Feature","geometry":{"type":"Point","coordinates":[13.3816664,49.7466314]},"properties":{"natural":"tree","ref:plzen:strom":24455,"RC":"Pasportizovaný strom","ID_STR":24455}},{"type":"Feature","geometry":{"type":"Point","coordinates":[13.3816282,49.7466517]},"properties":{"natural":"tree","ref:plzen:strom":24454,"RC":"Pasportizovaný strom","ID_STR":24454}},{"type":"Feature","geometry":{"type":"Point","coordinates":[13.3815942,49.7466701]},"properties":{"natural":"tree","ref:plzen:strom":24453,"RC":"Pasportizovaný strom","ID_STR":24453}},{"type":"Feature","geometry":{"type":"Point","coordinates":[13.3804676,49.7467373]},"properties":{"natural":"tree","ref:plzen:strom":312,"RC":"Pasportizovaný strom","ID_STR":312}},{"type":"Feature","geometry":{"type":"Point","coordinates":[13.3776328,49.7447074]},"properties":{"natural":"tree","ref:plzen:strom":105,"RC":"Pasportizovaný strom","ID_STR":105}},{"type":"Feature","geometry":{"type":"Point","coordinates":[13.377551,49.7447013]},"properties":{"natural":"tree","ref:plzen:strom":107,"RC":"Pasportizovaný strom","ID_STR":107}},{"type":"Feature","geometry":{"type":"Point","coordinates":[13.3774374,49.7446973]},"properties":{"natural":"tree","ref:plzen:strom":131,"RC":"Pasportizovaný strom","ID_STR":131}},{"type":"Feature","geometry":{"type":"Point","coordinates":[13.3773471,49.7446939]},"properties":{"natural":"tree","ref:plzen:strom":108,"RC":"Pasportizovaný strom","ID_STR":108}},{"type":"Feature","geometry":{"type":"Point","coordinates":[13.3775414,49.7447545]},"properties":{"natural":"tree","ref:plzen:strom":134,"RC":"Pasportizovaný strom","ID_STR":134}},{"type":"Feature","geometry":{"type":"Point","coordinates":[13.3772166,49.7446892]},"properties":{"natural":"tree","ref:plzen:strom":109,"RC":"Pasportizovaný strom","ID_STR":109}},{"type":"Feature","geometry":{"type":"Point","coordinates":[13.3773452,49.7447352]},"properties":{"natural":"tree","ref:plzen:strom":136,"RC":"Pasportizovaný strom","ID_STR":136}},{"type":"Feature","geometry":{"type":"Point","coordinates":[13.3770994,49.7446793]},"properties":{"natural":"tree","ref:plzen:strom":111,"RC":"Pasportizovaný strom","ID_STR":111}},{"type":"Feature","geometry":{"type":"Point","coordinates":[13.3769767,49.744673]},"properties":{"natural":"tree","ref:plzen:strom":112,"RC":"Pasportizovaný strom","ID_STR":112}},{"type":"Feature","geometry":{"type":"Point","coordinates":[13.3768352,49.7446665]},"properties":{"natural":"tree","ref:plzen:strom":70,"RC":"Pasportizovaný strom","ID_STR":70}},{"type":"Feature","geometry":{"type":"Point","coordinates":[13.376683,49.7446619]},"properties":{"natural":"tree","ref:plzen:strom":82,"RC":"Pasportizovaný strom","ID_STR":82}},{"type":"Feature","geometry":{"type":"Point","coordinates":[13.3775983,49.7448545]},"properties":{"natural":"tree","ref:plzen:strom":133,"RC":"Pasportizovaný strom","ID_STR":133}},{"type":"Feature","geometry":{"type":"Point","coordinates":[13.3775116,49.7448606]},"properties":{"natural":"tree","ref:plzen:strom":132,"RC":"Pasportizovaný strom","ID_STR":132}},{"type":"Feature","geometry":{"type":"Point","coordinates":[13.377635,49.744908]},"properties":{"natural":"tree","ref:plzen:strom":102,"RC":"Pasportizovaný strom","ID_STR":102}},{"type":"Feature","geometry":{"type":"Point","coordinates":[13.3774227,49.7448649]},"properties":{"natural":"tree","ref:plzen:strom":130,"RC":"Pasportizovaný strom","ID_STR":130}},{"type":"Feature","geometry":{"type":"Point","coordinates":[13.3773275,49.744875]},"properties":{"natural":"tree","ref:plzen:strom":129,"RC":"Pasportizovaný strom","ID_STR":129}},{"type":"Feature","geometry":{"type":"Point","coordinates":[13.3774532,49.7449206]},"properties":{"natural":"tree","ref:plzen:strom":98,"RC":"Pasportizovaný strom","ID_STR":98}},{"type":"Feature","geometry":{"type":"Point","coordinates":[13.3772393,49.744886]},"properties":{"natural":"tree","ref:plzen:strom":19304,"RC":"Pasportizovaný strom","ID_STR":19304}},{"type":"Feature","geometry":{"type":"Point","coordinates":[13.3773032,49.7449305]},"properties":{"natural":"tree","ref:plzen:strom":93,"RC":"Pasportizovaný strom","ID_STR":93}},{"type":"Feature","geometry":{"type":"Point","coordinates":[13.3771157,49.7448895]},"properties":{"natural":"tree","ref:plzen:strom":7972,"RC":"Pasportizovaný strom","ID_STR":7972}},{"type":"Feature","geometry":{"type":"Point","coordinates":[13.3769713,49.7448953]},"properties":{"natural":"tree","ref:plzen:strom":127,"RC":"Pasportizovaný strom","ID_STR":127}},{"type":"Feature","geometry":{"type":"Point","coordinates":[13.3768678,49.7447907]},"properties":{"natural":"tree","ref:plzen:strom":125,"RC":"Pasportizovaný strom","ID_STR":125}},{"type":"Feature","geometry":{"type":"Point","coordinates":[13.376735,49.7448004]},"properties":{"natural":"tree","ref:plzen:strom":126,"RC":"Pasportizovaný strom","ID_STR":126}},{"type":"Feature","geometry":{"type":"Point","coordinates":[13.376831,49.7446681]},"properties":{"natural":"tree","ref:plzen:strom":70637,"RC":"Pasportizovaný strom","ID_STR":70637}},{"type":"Feature","geometry":{"type":"Point","coordinates":[13.3772106,49.7448786]},"properties":{"natural":"tree","ref:plzen:strom":66988,"RC":"Pasportizovaný strom","ID_STR":66988}},{"type":"Feature","geometry":{"type":"Point","coordinates":[13.3770954,49.7446814]},"properties":{"natural":"tree","ref:plzen:strom":70636,"RC":"Pasportizovaný strom","ID_STR":70636}},{"type":"Feature","geometry":{"type":"Point","coordinates":[13.3802263,49.7453075]},"properties":{"natural":"tree","ref:plzen:strom":263,"RC":"Pasportizovaný strom","ID_STR":263}},{"type":"Feature","geometry":{"type":"Point","coordinates":[13.3802279,49.7453558]},"properties":{"natural":"tree","ref:plzen:strom":268,"RC":"Pasportizovaný strom","ID_STR":268}},{"type":"Feature","geometry":{"type":"Point","coordinates":[13.3802359,49.7454115]},"properties":{"natural":"tree","ref:plzen:strom":273,"RC":"Pasportizovaný strom","ID_STR":273}},{"type":"Feature","geometry":{"type":"Point","coordinates":[13.3802399,49.7454627]},"properties":{"natural":"tree","ref:plzen:strom":277,"RC":"Pasportizovaný strom","ID_STR":277}},{"type":"Feature","geometry":{"type":"Point","coordinates":[13.3802416,49.7455114]},"properties":{"natural":"tree","ref:plzen:strom":279,"RC":"Pasportizovaný strom","ID_STR":279}},{"type":"Feature","geometry":{"type":"Point","coordinates":[13.3802489,49.7456132]},"properties":{"natural":"tree","ref:plzen:strom":280,"RC":"Pasportizovaný strom","ID_STR":280}},{"type":"Feature","geometry":{"type":"Point","coordinates":[13.3802417,49.7456298]},"properties":{"natural":"tree","ref:plzen:strom":63067,"RC":"Pasportizovaný strom","ID_STR":63067}},{"type":"Feature","geometry":{"type":"Point","coordinates":[13.3802464,49.7456936]},"properties":{"natural":"tree","ref:plzen:strom":7921,"RC":"Pasportizovaný strom","ID_STR":7921}},{"type":"Feature","geometry":{"type":"Point","coordinates":[13.3802471,49.7457604]},"properties":{"natural":"tree","ref:plzen:strom":63068,"RC":"Pasportizovaný strom","ID_STR":63068}},{"type":"Feature","geometry":{"type":"Point","coordinates":[13.3802468,49.7457651]},"properties":{"natural":"tree","ref:plzen:strom":7916,"RC":"Pasportizovaný strom","ID_STR":7916}},{"type":"Feature","geometry":{"type":"Point","coordinates":[13.3802685,49.7458801]},"properties":{"natural":"tree","ref:plzen:strom":281,"RC":"Pasportizovaný strom","ID_STR":281}},{"type":"Feature","geometry":{"type":"Point","coordinates":[13.3812598,49.741771]},"properties":{"natural":"tree","ref:plzen:strom":176,"RC":"Pasportizovaný strom","ID_STR":176}},{"type":"Feature","geometry":{"type":"Point","coordinates":[13.3812377,49.7418282]},"properties":{"natural":"tree","ref:plzen:strom":211,"RC":"Pasportizovaný strom","ID_STR":211}},{"type":"Feature","geometry":{"type":"Point","coordinates":[13.3812156,49.741889]},"properties":{"natural":"tree","ref:plzen:strom":209,"RC":"Pasportizovaný strom","ID_STR":209}},{"type":"Feature","geometry":{"type":"Point","coordinates":[13.381195,49.7419538]},"properties":{"natural":"tree","ref:plzen:strom":207,"RC":"Pasportizovaný strom","ID_STR":207}},{"type":"Feature","geometry":{"type":"Point","coordinates":[13.3811709,49.7420163]},"properties":{"natural":"tree","ref:plzen:strom":206,"RC":"Pasportizovaný strom","ID_STR":206}},{"type":"Feature","geometry":{"type":"Point","coordinates":[13.3811531,49.7420752]},"properties":{"natural":"tree","ref:plzen:strom":204,"RC":"Pasportizovaný strom","ID_STR":204}},{"type":"Feature","geometry":{"type":"Point","coordinates":[13.381136,49.7421365]},"properties":{"natural":"tree","ref:plzen:strom":203,"RC":"Pasportizovaný strom","ID_STR":203}},{"type":"Feature","geometry":{"type":"Point","coordinates":[13.3811166,49.7422022]},"properties":{"natural":"tree","ref:plzen:strom":202,"RC":"Pasportizovaný strom","ID_STR":202}},{"type":"Feature","geometry":{"type":"Point","coordinates":[13.3810953,49.7422572]},"properties":{"natural":"tree","ref:plzen:strom":200,"RC":"Pasportizovaný strom","ID_STR":200}},{"type":"Feature","geometry":{"type":"Point","coordinates":[13.3810801,49.7423205]},"properties":{"natural":"tree","ref:plzen:strom":199,"RC":"Pasportizovaný strom","ID_STR":199}},{"type":"Feature","geometry":{"type":"Point","coordinates":[13.3804097,49.7466586]},"properties":{"natural":"tree","ref:plzen:strom":313,"RC":"Pasportizovaný strom","ID_STR":313}},{"type":"Feature","geometry":{"type":"Point","coordinates":[13.3803861,49.7467878]},"properties":{"natural":"tree","ref:plzen:strom":305,"RC":"Pasportizovaný strom","ID_STR":305}},{"type":"Feature","geometry":{"type":"Point","coordinates":[13.38042,49.7468604]},"properties":{"natural":"tree","ref:plzen:strom":307,"RC":"Pasportizovaný strom","ID_STR":307}},{"type":"Feature","geometry":{"type":"Point","coordinates":[13.380522,49.746881]},"properties":{"natural":"tree","ref:plzen:strom":311,"RC":"Pasportizovaný strom","ID_STR":311}},{"type":"Feature","geometry":{"type":"Point","coordinates":[13.3804469,49.7469223]},"properties":{"natural":"tree","ref:plzen:strom":308,"RC":"Pasportizovaný strom","ID_STR":308}},{"type":"Feature","geometry":{"type":"Point","coordinates":[13.3804823,49.7469998]},"properties":{"natural":"tree","ref:plzen:strom":309,"RC":"Pasportizovaný strom","ID_STR":309}},{"type":"Feature","geometry":{"type":"Point","coordinates":[13.38012,49.7470174]},"properties":{"natural":"tree","ref:plzen:strom":294,"RC":"Pasportizovaný strom","ID_STR":294}},{"type":"Feature","geometry":{"type":"Point","coordinates":[13.380008,49.7470208]},"properties":{"natural":"tree","ref:plzen:strom":286,"RC":"Pasportizovaný strom","ID_STR":286}},{"type":"Feature","geometry":{"type":"Point","coordinates":[13.3799309,49.7470267]},"properties":{"natural":"tree","ref:plzen:strom":293,"RC":"Pasportizovaný strom","ID_STR":293}},{"type":"Feature","geometry":{"type":"Point","coordinates":[13.3799194,49.74712]},"properties":{"natural":"tree","ref:plzen:strom":345,"RC":"Pasportizovaný strom","ID_STR":345}},{"type":"Feature","geometry":{"type":"Point","coordinates":[13.3802633,49.747244]},"properties":{"natural":"tree","ref:plzen:strom":344,"RC":"Pasportizovaný strom","ID_STR":344}},{"type":"Feature","geometry":{"type":"Point","coordinates":[13.3803253,49.7472974]},"properties":{"natural":"tree","ref:plzen:strom":342,"RC":"Pasportizovaný strom","ID_STR":342}},{"type":"Feature","geometry":{"type":"Point","coordinates":[13.3805301,49.7474557]},"properties":{"natural":"tree","ref:plzen:strom":24449,"RC":"Pasportizovaný strom","ID_STR":24449}},{"type":"Feature","geometry":{"type":"Point","coordinates":[13.3804634,49.7474069]},"properties":{"natural":"tree","ref:plzen:strom":328,"RC":"Pasportizovaný strom","ID_STR":328}},{"type":"Feature","geometry":{"type":"Point","coordinates":[13.3806059,49.7474449]},"properties":{"natural":"tree","ref:plzen:strom":310,"RC":"Pasportizovaný strom","ID_STR":310}},{"type":"Feature","geometry":{"type":"Point","coordinates":[13.3803776,49.7473443]},"properties":{"natural":"tree","ref:plzen:strom":68570,"RC":"Pasportizovaný strom","ID_STR":68570}},{"type":"Feature","geometry":{"type":"Point","coordinates":[13.3803946,49.7473612]},"properties":{"natural":"tree","ref:plzen:strom":338,"RC":"Pasportizovaný strom","ID_STR":338}},{"type":"Feature","geometry":{"type":"Point","coordinates":[13.3806899,49.747125]},"properties":{"natural":"tree","ref:plzen:strom":341,"RC":"Pasportizovaný strom","ID_STR":341}},{"type":"Feature","geometry":{"type":"Point","coordinates":[13.3806774,49.7473375]},"properties":{"natural":"tree","ref:plzen:strom":304,"RC":"Pasportizovaný strom","ID_STR":304}},{"type":"Feature","geometry":{"type":"Point","coordinates":[13.3807218,49.7471792]},"properties":{"natural":"tree","ref:plzen:strom":24448,"RC":"Pasportizovaný strom","ID_STR":24448}},{"type":"Feature","geometry":{"type":"Point","coordinates":[13.379994,49.7461819]},"properties":{"natural":"tree","ref:plzen:strom":255,"RC":"Pasportizovaný strom","ID_STR":255}},{"type":"Feature","geometry":{"type":"Point","coordinates":[13.3799987,49.7463124]},"properties":{"natural":"tree","ref:plzen:strom":298,"RC":"Pasportizovaný strom","ID_STR":298}},{"type":"Feature","geometry":{"type":"Point","coordinates":[13.3800146,49.7463912]},"properties":{"natural":"tree","ref:plzen:strom":297,"RC":"Pasportizovaný strom","ID_STR":297}},{"type":"Feature","geometry":{"type":"Point","coordinates":[13.3799166,49.7464941]},"properties":{"natural":"tree","ref:plzen:strom":278,"RC":"Pasportizovaný strom","ID_STR":278}},{"type":"Feature","geometry":{"type":"Point","coordinates":[13.379938,49.7466422]},"properties":{"natural":"tree","ref:plzen:strom":271,"RC":"Pasportizovaný strom","ID_STR":271}},{"type":"Feature","geometry":{"type":"Point","coordinates":[13.380028,49.7465806]},"properties":{"natural":"tree","ref:plzen:strom":296,"RC":"Pasportizovaný strom","ID_STR":296}},{"type":"Feature","geometry":{"type":"Point","coordinates":[13.3798004,49.7467095]},"properties":{"natural":"tree","ref:plzen:strom":285,"RC":"Pasportizovaný strom","ID_STR":285}},{"type":"Feature","geometry":{"type":"Point","coordinates":[13.3799525,49.746695]},"properties":{"natural":"tree","ref:plzen:strom":243,"RC":"Pasportizovaný strom","ID_STR":243}},{"type":"Feature","geometry":{"type":"Point","coordinates":[13.380228,49.7464185]},"properties":{"natural":"tree","ref:plzen:strom":299,"RC":"Pasportizovaný strom","ID_STR":299}},{"type":"Feature","geometry":{"type":"Point","coordinates":[13.380044,49.7466848]},"properties":{"natural":"tree","ref:plzen:strom":295,"RC":"Pasportizovaný strom","ID_STR":295}},{"type":"Feature","geometry":{"type":"Point","coordinates":[13.3802511,49.7464827]},"properties":{"natural":"tree","ref:plzen:strom":300,"RC":"Pasportizovaný strom","ID_STR":300}},{"type":"Feature","geometry":{"type":"Point","coordinates":[13.3800726,49.7467713]},"properties":{"natural":"tree","ref:plzen:strom":64077,"RC":"Pasportizovaný strom","ID_STR":64077}},{"type":"Feature","geometry":{"type":"Point","coordinates":[13.3798202,49.7468636]},"properties":{"natural":"tree","ref:plzen:strom":287,"RC":"Pasportizovaný strom","ID_STR":287}},{"type":"Feature","geometry":{"type":"Point","coordinates":[13.3798313,49.746871]},"properties":{"natural":"tree","ref:plzen:strom":289,"RC":"Pasportizovaný strom","ID_STR":289}},{"type":"Feature","geometry":{"type":"Point","coordinates":[13.3798609,49.7468715]},"properties":{"natural":"tree","ref:plzen:strom":276,"RC":"Pasportizovaný strom","ID_STR":276}},{"type":"Feature","geometry":{"type":"Point","coordinates":[13.3798403,49.7468959]},"properties":{"natural":"tree","ref:plzen:strom":284,"RC":"Pasportizovaný strom","ID_STR":284}},{"type":"Feature","geometry":{"type":"Point","coordinates":[13.3802871,49.7465687]},"properties":{"natural":"tree","ref:plzen:strom":301,"RC":"Pasportizovaný strom","ID_STR":301}},{"type":"Feature","geometry":{"type":"Point","coordinates":[13.3803518,49.7465152]},"properties":{"natural":"tree","ref:plzen:strom":315,"RC":"Pasportizovaný strom","ID_STR":315}},{"type":"Feature","geometry":{"type":"Point","coordinates":[13.379869,49.746912]},"properties":{"natural":"tree","ref:plzen:strom":290,"RC":"Pasportizovaný strom","ID_STR":290}},{"type":"Feature","geometry":{"type":"Point","coordinates":[13.3800779,49.7468459]},"properties":{"natural":"tree","ref:plzen:strom":292,"RC":"Pasportizovaný strom","ID_STR":292}},{"type":"Feature","geometry":{"type":"Point","coordinates":[13.3803264,49.7466563]},"properties":{"natural":"tree","ref:plzen:strom":302,"RC":"Pasportizovaný strom","ID_STR":302}},{"type":"Feature","geometry":{"type":"Point","coordinates":[13.3799999,49.7469274]},"properties":{"natural":"tree","ref:plzen:strom":266,"RC":"Pasportizovaný strom","ID_STR":266}},{"type":"Feature","geometry":{"type":"Point","coordinates":[13.3798702,49.7469637]},"properties":{"natural":"tree","ref:plzen:strom":291,"RC":"Pasportizovaný strom","ID_STR":291}},{"type":"Feature","geometry":{"type":"Point","coordinates":[13.3799802,49.7469793]},"properties":{"natural":"tree","ref:plzen:strom":288,"RC":"Pasportizovaný strom","ID_STR":288}},{"type":"Feature","geometry":{"type":"Point","coordinates":[13.3803595,49.7467307]},"properties":{"natural":"tree","ref:plzen:strom":303,"RC":"Pasportizovaný strom","ID_STR":303}},{"type":"Feature","geometry":{"type":"Point","coordinates":[13.3797657,49.7456111]},"properties":{"natural":"tree","ref:plzen:strom":245,"RC":"Pasportizovaný strom","ID_STR":245}},{"type":"Feature","geometry":{"type":"Point","coordinates":[13.3798355,49.7456047]},"properties":{"natural":"tree","ref:plzen:strom":261,"RC":"Pasportizovaný strom","ID_STR":261}},{"type":"Feature","geometry":{"type":"Point","coordinates":[13.379785,49.7457087]},"properties":{"natural":"tree","ref:plzen:strom":247,"RC":"Pasportizovaný strom","ID_STR":247}},{"type":"Feature","geometry":{"type":"Point","coordinates":[13.3798582,49.7457034]},"properties":{"natural":"tree","ref:plzen:strom":260,"RC":"Pasportizovaný strom","ID_STR":260}},{"type":"Feature","geometry":{"type":"Point","coordinates":[13.3797453,49.7457675]},"properties":{"natural":"tree","ref:plzen:strom":248,"RC":"Pasportizovaný strom","ID_STR":248}},{"type":"Feature","geometry":{"type":"Point","coordinates":[13.3799367,49.7459934]},"properties":{"natural":"tree","ref:plzen:strom":24419,"RC":"Pasportizovaný strom","ID_STR":24419}},{"type":"Feature","geometry":{"type":"Point","coordinates":[13.3798472,49.7460441]},"properties":{"natural":"tree","ref:plzen:strom":249,"RC":"Pasportizovaný strom","ID_STR":249}},{"type":"Feature","geometry":{"type":"Point","coordinates":[13.3797482,49.7460872]},"properties":{"natural":"tree","ref:plzen:strom":251,"RC":"Pasportizovaný strom","ID_STR":251}},{"type":"Feature","geometry":{"type":"Point","coordinates":[13.3798447,49.7460967]},"properties":{"natural":"tree","ref:plzen:strom":7918,"RC":"Pasportizovaný strom","ID_STR":7918}},{"type":"Feature","geometry":{"type":"Point","coordinates":[13.3799205,49.7460916]},"properties":{"natural":"tree","ref:plzen:strom":256,"RC":"Pasportizovaný strom","ID_STR":256}},{"type":"Feature","geometry":{"type":"Point","coordinates":[13.3797206,49.7461733]},"properties":{"natural":"tree","ref:plzen:strom":252,"RC":"Pasportizovaný strom","ID_STR":252}},{"type":"Feature","geometry":{"type":"Point","coordinates":[13.3798091,49.7461788]},"properties":{"natural":"tree","ref:plzen:strom":253,"RC":"Pasportizovaný strom","ID_STR":253}},{"type":"Feature","geometry":{"type":"Point","coordinates":[13.3798404,49.7463099]},"properties":{"natural":"tree","ref:plzen:strom":282,"RC":"Pasportizovaný strom","ID_STR":282}},{"type":"Feature","geometry":{"type":"Point","coordinates":[13.3797182,49.7463892]},"properties":{"natural":"tree","ref:plzen:strom":257,"RC":"Pasportizovaný strom","ID_STR":257}},{"type":"Feature","geometry":{"type":"Point","coordinates":[13.379812,49.7463842]},"properties":{"natural":"tree","ref:plzen:strom":244,"RC":"Pasportizovaný strom","ID_STR":244}},{"type":"Feature","geometry":{"type":"Point","coordinates":[13.3798928,49.7463842]},"properties":{"natural":"tree","ref:plzen:strom":283,"RC":"Pasportizovaný strom","ID_STR":283}},{"type":"Feature","geometry":{"type":"Point","coordinates":[13.3848402,49.7414567]},"properties":{"natural":"tree","ref:plzen:strom":7157,"RC":"Pasportizovaný strom","ID_STR":7157}},{"type":"Feature","geometry":{"type":"Point","coordinates":[13.3847018,49.7414274]},"properties":{"natural":"tree","ref:plzen:strom":7152,"RC":"Pasportizovaný strom","ID_STR":7152}},{"type":"Feature","geometry":{"type":"Point","coordinates":[13.384588,49.7413966]},"properties":{"natural":"tree","ref:plzen:strom":7160,"RC":"Pasportizovaný strom","ID_STR":7160}},{"type":"Feature","geometry":{"type":"Point","coordinates":[13.3844547,49.7413717]},"properties":{"natural":"tree","ref:plzen:strom":7161,"RC":"Pasportizovaný strom","ID_STR":7161}},{"type":"Feature","geometry":{"type":"Point","coordinates":[13.38434,49.7413448]},"properties":{"natural":"tree","ref:plzen:strom":7162,"RC":"Pasportizovaný strom","ID_STR":7162}},{"type":"Feature","geometry":{"type":"Point","coordinates":[13.3842321,49.7413146]},"properties":{"natural":"tree","ref:plzen:strom":7163,"RC":"Pasportizovaný strom","ID_STR":7163}},{"type":"Feature","geometry":{"type":"Point","coordinates":[13.3846078,49.7413123]},"properties":{"natural":"tree","ref:plzen:strom":7154,"RC":"Pasportizovaný strom","ID_STR":7154}},{"type":"Feature","geometry":{"type":"Point","coordinates":[13.3841047,49.7412903]},"properties":{"natural":"tree","ref:plzen:strom":7164,"RC":"Pasportizovaný strom","ID_STR":7164}},{"type":"Feature","geometry":{"type":"Point","coordinates":[13.384494,49.7412815]},"properties":{"natural":"tree","ref:plzen:strom":7140,"RC":"Pasportizovaný strom","ID_STR":7140}},{"type":"Feature","geometry":{"type":"Point","coordinates":[13.3843647,49.7412649]},"properties":{"natural":"tree","ref:plzen:strom":7156,"RC":"Pasportizovaný strom","ID_STR":7156}},{"type":"Feature","geometry":{"type":"Point","coordinates":[13.3839832,49.7412665]},"properties":{"natural":"tree","ref:plzen:strom":7165,"RC":"Pasportizovaný strom","ID_STR":7165}},{"type":"Feature","geometry":{"type":"Point","coordinates":[13.3842746,49.7412364]},"properties":{"natural":"tree","ref:plzen:strom":7155,"RC":"Pasportizovaný strom","ID_STR":7155}},{"type":"Feature","geometry":{"type":"Point","coordinates":[13.3838643,49.7412313]},"properties":{"natural":"tree","ref:plzen:strom":7166,"RC":"Pasportizovaný strom","ID_STR":7166}},{"type":"Feature","geometry":{"type":"Point","coordinates":[13.383736,49.7412109]},"properties":{"natural":"tree","ref:plzen:strom":7167,"RC":"Pasportizovaný strom","ID_STR":7167}},{"type":"Feature","geometry":{"type":"Point","coordinates":[13.3841599,49.7412094]},"properties":{"natural":"tree","ref:plzen:strom":7150,"RC":"Pasportizovaný strom","ID_STR":7150}},{"type":"Feature","geometry":{"type":"Point","coordinates":[13.3840257,49.7411884]},"properties":{"natural":"tree","ref:plzen:strom":7145,"RC":"Pasportizovaný strom","ID_STR":7145}},{"type":"Feature","geometry":{"type":"Point","coordinates":[13.3836154,49.7411833]},"properties":{"natural":"tree","ref:plzen:strom":7168,"RC":"Pasportizovaný strom","ID_STR":7168}},{"type":"Feature","geometry":{"type":"Point","coordinates":[13.3847002,49.7419253]},"properties":{"natural":"tree","ref:plzen:strom":7197,"RC":"Pasportizovaný strom","ID_STR":7197}},{"type":"Feature","geometry":{"type":"Point","coordinates":[13.3845778,49.7419054]},"properties":{"natural":"tree","ref:plzen:strom":7192,"RC":"Pasportizovaný strom","ID_STR":7192}},{"type":"Feature","geometry":{"type":"Point","coordinates":[13.3844471,49.741869]},"properties":{"natural":"tree","ref:plzen:strom":7188,"RC":"Pasportizovaný strom","ID_STR":7188}},{"type":"Feature","geometry":{"type":"Point","coordinates":[13.3843079,49.7418435]},"properties":{"natural":"tree","ref:plzen:strom":7184,"RC":"Pasportizovaný strom","ID_STR":7184}},{"type":"Feature","geometry":{"type":"Point","coordinates":[13.3841695,49.7418142]},"properties":{"natural":"tree","ref:plzen:strom":7179,"RC":"Pasportizovaný strom","ID_STR":7179}},{"type":"Feature","geometry":{"type":"Point","coordinates":[13.3840625,49.7417802]},"properties":{"natural":"tree","ref:plzen:strom":7175,"RC":"Pasportizovaný strom","ID_STR":7175}},{"type":"Feature","geometry":{"type":"Point","coordinates":[13.3839165,49.741758]},"properties":{"natural":"tree","ref:plzen:strom":7171,"RC":"Pasportizovaný strom","ID_STR":7171}},{"type":"Feature","geometry":{"type":"Point","coordinates":[13.3837976,49.7417228]},"properties":{"natural":"tree","ref:plzen:strom":7203,"RC":"Pasportizovaný strom","ID_STR":7203}},{"type":"Feature","geometry":{"type":"Point","coordinates":[13.3836466,49.7416961]},"properties":{"natural":"tree","ref:plzen:strom":7202,"RC":"Pasportizovaný strom","ID_STR":7202}},{"type":"Feature","geometry":{"type":"Point","coordinates":[13.3835227,49.7416565]},"properties":{"natural":"tree","ref:plzen:strom":7200,"RC":"Pasportizovaný strom","ID_STR":7200}},{"type":"Feature","geometry":{"type":"Point","coordinates":[13.3835025,49.7411487]},"properties":{"natural":"tree","ref:plzen:strom":7170,"RC":"Pasportizovaný strom","ID_STR":7170}},{"type":"Feature","geometry":{"type":"Point","coordinates":[13.3834201,49.7411131]},"properties":{"natural":"tree","ref:plzen:strom":7172,"RC":"Pasportizovaný strom","ID_STR":7172}},{"type":"Feature","geometry":{"type":"Point","coordinates":[13.3835778,49.7410855]},"properties":{"natural":"tree","ref:plzen:strom":7125,"RC":"Pasportizovaný strom","ID_STR":7125}},{"type":"Feature","geometry":{"type":"Point","coordinates":[13.3838366,49.7410914]},"properties":{"natural":"tree","ref:plzen:strom":7158,"RC":"Pasportizovaný strom","ID_STR":7158}},{"type":"Feature","geometry":{"type":"Point","coordinates":[13.3833308,49.7410808]},"properties":{"natural":"tree","ref:plzen:strom":7173,"RC":"Pasportizovaný strom","ID_STR":7173}},{"type":"Feature","geometry":{"type":"Point","coordinates":[13.3834895,49.7410494]},"properties":{"natural":"tree","ref:plzen:strom":7153,"RC":"Pasportizovaný strom","ID_STR":7153}},{"type":"Feature","geometry":{"type":"Point","coordinates":[13.382967,49.7410843]},"properties":{"natural":"tree","ref:plzen:strom":7199,"RC":"Pasportizovaný strom","ID_STR":7199}},{"type":"Feature","geometry":{"type":"Point","coordinates":[13.3828691,49.7410629]},"properties":{"natural":"tree","ref:plzen:strom":7198,"RC":"Pasportizovaný strom","ID_STR":7198}},{"type":"Feature","geometry":{"type":"Point","coordinates":[13.3827731,49.7410338]},"properties":{"natural":"tree","ref:plzen:strom":7196,"RC":"Pasportizovaný strom","ID_STR":7196}},{"type":"Feature","geometry":{"type":"Point","coordinates":[13.382682,49.7410092]},"properties":{"natural":"tree","ref:plzen:strom":7194,"RC":"Pasportizovaný strom","ID_STR":7194}},{"type":"Feature","geometry":{"type":"Point","coordinates":[13.3825815,49.7409993]},"properties":{"natural":"tree","ref:plzen:strom":7193,"RC":"Pasportizovaný strom","ID_STR":7193}},{"type":"Feature","geometry":{"type":"Point","coordinates":[13.3825055,49.7409879]},"properties":{"natural":"tree","ref:plzen:strom":7191,"RC":"Pasportizovaný strom","ID_STR":7191}},{"type":"Feature","geometry":{"type":"Point","coordinates":[13.3824091,49.7409862]},"properties":{"natural":"tree","ref:plzen:strom":7190,"RC":"Pasportizovaný strom","ID_STR":7190}},{"type":"Feature","geometry":{"type":"Point","coordinates":[13.3823008,49.7409834]},"properties":{"natural":"tree","ref:plzen:strom":7189,"RC":"Pasportizovaný strom","ID_STR":7189}},{"type":"Feature","geometry":{"type":"Point","coordinates":[13.3832247,49.741043]},"properties":{"natural":"tree","ref:plzen:strom":7174,"RC":"Pasportizovaný strom","ID_STR":7174}},{"type":"Feature","geometry":{"type":"Point","coordinates":[13.382359,49.7408086]},"properties":{"natural":"tree","ref:plzen:strom":54053,"RC":"Pasportizovaný strom","ID_STR":54053}},{"type":"Feature","geometry":{"type":"Point","coordinates":[13.3825323,49.7408219]},"properties":{"natural":"tree","ref:plzen:strom":7120,"RC":"Pasportizovaný strom","ID_STR":7120}},{"type":"Feature","geometry":{"type":"Point","coordinates":[13.3826524,49.7408259]},"properties":{"natural":"tree","ref:plzen:strom":7127,"RC":"Pasportizovaný strom","ID_STR":7127}},{"type":"Feature","geometry":{"type":"Point","coordinates":[13.3828002,49.7408404]},"properties":{"natural":"tree","ref:plzen:strom":7137,"RC":"Pasportizovaný strom","ID_STR":7137}},{"type":"Feature","geometry":{"type":"Point","coordinates":[13.3829235,49.7408565]},"properties":{"natural":"tree","ref:plzen:strom":7142,"RC":"Pasportizovaný strom","ID_STR":7142}},{"type":"Feature","geometry":{"type":"Point","coordinates":[13.3825288,49.7408882]},"properties":{"natural":"tree","ref:plzen:strom":7183,"RC":"Pasportizovaný strom","ID_STR":7183}},{"type":"Feature","geometry":{"type":"Point","coordinates":[13.3824129,49.7408925]},"properties":{"natural":"tree","ref:plzen:strom":7185,"RC":"Pasportizovaný strom","ID_STR":7185}},{"type":"Feature","geometry":{"type":"Point","coordinates":[13.3823206,49.7408991]},"properties":{"natural":"tree","ref:plzen:strom":7186,"RC":"Pasportizovaný strom","ID_STR":7186}},{"type":"Feature","geometry":{"type":"Point","coordinates":[13.382669,49.7409099]},"properties":{"natural":"tree","ref:plzen:strom":7181,"RC":"Pasportizovaný strom","ID_STR":7181}},{"type":"Feature","geometry":{"type":"Point","coordinates":[13.3827755,49.7409203]},"properties":{"natural":"tree","ref:plzen:strom":7180,"RC":"Pasportizovaný strom","ID_STR":7180}},{"type":"Feature","geometry":{"type":"Point","coordinates":[13.3821969,49.7409105]},"properties":{"natural":"tree","ref:plzen:strom":7187,"RC":"Pasportizovaný strom","ID_STR":7187}},{"type":"Feature","geometry":{"type":"Point","coordinates":[13.3830669,49.7408902]},"properties":{"natural":"tree","ref:plzen:strom":7147,"RC":"Pasportizovaný strom","ID_STR":7147}},{"type":"Feature","geometry":{"type":"Point","coordinates":[13.3829047,49.740937]},"properties":{"natural":"tree","ref:plzen:strom":7178,"RC":"Pasportizovaný strom","ID_STR":7178}},{"type":"Feature","geometry":{"type":"Point","coordinates":[13.3831638,49.7409154]},"properties":{"natural":"tree","ref:plzen:strom":7148,"RC":"Pasportizovaný strom","ID_STR":7148}},{"type":"Feature","geometry":{"type":"Point","coordinates":[13.3830194,49.7409639]},"properties":{"natural":"tree","ref:plzen:strom":7177,"RC":"Pasportizovaný strom","ID_STR":7177}},{"type":"Feature","geometry":{"type":"Point","coordinates":[13.3832699,49.7409533]},"properties":{"natural":"tree","ref:plzen:strom":7149,"RC":"Pasportizovaný strom","ID_STR":7149}},{"type":"Feature","geometry":{"type":"Point","coordinates":[13.3833861,49.741]},"properties":{"natural":"tree","ref:plzen:strom":7151,"RC":"Pasportizovaný strom","ID_STR":7151}},{"type":"Feature","geometry":{"type":"Point","coordinates":[13.3831323,49.7409986]},"properties":{"natural":"tree","ref:plzen:strom":7176,"RC":"Pasportizovaný strom","ID_STR":7176}},{"type":"Feature","geometry":{"type":"Point","coordinates":[13.3824938,49.7407279]},"properties":{"natural":"tree","ref:plzen:strom":7107,"RC":"Pasportizovaný strom","ID_STR":7107}},{"type":"Feature","geometry":{"type":"Point","coordinates":[13.3734363,49.7407964]},"properties":{"natural":"tree","ref:plzen:strom":531,"RC":"Pasportizovaný strom","ID_STR":531}},{"type":"Feature","geometry":{"type":"Point","coordinates":[13.3732126,49.7419747]},"properties":{"natural":"tree","ref:plzen:strom":501,"RC":"Pasportizovaný strom","ID_STR":501}},{"type":"Feature","geometry":{"type":"Point","coordinates":[13.3732707,49.7417981]},"properties":{"natural":"tree","ref:plzen:strom":503,"RC":"Pasportizovaný strom","ID_STR":503}},{"type":"Feature","geometry":{"type":"Point","coordinates":[13.3732797,49.7420542]},"properties":{"natural":"tree","ref:plzen:strom":7812,"RC":"Pasportizovaný strom","ID_STR":7812}},{"type":"Feature","geometry":{"type":"Point","coordinates":[13.3733657,49.7418399]},"properties":{"natural":"tree","ref:plzen:strom":502,"RC":"Pasportizovaný strom","ID_STR":502}},{"type":"Feature","geometry":{"type":"Point","coordinates":[13.3735358,49.7410534]},"properties":{"natural":"tree","ref:plzen:strom":532,"RC":"Pasportizovaný strom","ID_STR":532}},{"type":"Feature","geometry":{"type":"Point","coordinates":[13.3737419,49.7420237]},"properties":{"natural":"tree","ref:plzen:strom":7797,"RC":"Pasportizovaný strom","ID_STR":7797}},{"type":"Feature","geometry":{"type":"Point","coordinates":[13.3736556,49.7420343]},"properties":{"natural":"tree","ref:plzen:strom":7793,"RC":"Pasportizovaný strom","ID_STR":7793}},{"type":"Feature","geometry":{"type":"Point","coordinates":[13.3733728,49.7420487]},"properties":{"natural":"tree","ref:plzen:strom":7813,"RC":"Pasportizovaný strom","ID_STR":7813}},{"type":"Feature","geometry":{"type":"Point","coordinates":[13.3735658,49.741149]},"properties":{"natural":"tree","ref:plzen:strom":533,"RC":"Pasportizovaný strom","ID_STR":533}},{"type":"Feature","geometry":{"type":"Point","coordinates":[13.3737013,49.741649]},"properties":{"natural":"tree","ref:plzen:strom":536,"RC":"Pasportizovaný strom","ID_STR":536}},{"type":"Feature","geometry":{"type":"Point","coordinates":[13.3734656,49.7420434]},"properties":{"natural":"tree","ref:plzen:strom":7815,"RC":"Pasportizovaný strom","ID_STR":7815}},{"type":"Feature","geometry":{"type":"Point","coordinates":[13.3735581,49.7420378]},"properties":{"natural":"tree","ref:plzen:strom":7816,"RC":"Pasportizovaný strom","ID_STR":7816}},{"type":"Feature","geometry":{"type":"Point","coordinates":[13.373696,49.7416006]},"properties":{"natural":"tree","ref:plzen:strom":535,"RC":"Pasportizovaný strom","ID_STR":535}},{"type":"Feature","geometry":{"type":"Point","coordinates":[13.3736148,49.741418]},"properties":{"natural":"tree","ref:plzen:strom":534,"RC":"Pasportizovaný strom","ID_STR":534}},{"type":"Feature","geometry":{"type":"Point","coordinates":[13.3733482,49.7408063]},"properties":{"natural":"tree","ref:plzen:strom":527,"RC":"Pasportizovaný strom","ID_STR":527}},{"type":"Feature","geometry":{"type":"Point","coordinates":[13.3732648,49.7408166]},"properties":{"natural":"tree","ref:plzen:strom":522,"RC":"Pasportizovaný strom","ID_STR":522}},{"type":"Feature","geometry":{"type":"Point","coordinates":[13.3731686,49.7408303]},"properties":{"natural":"tree","ref:plzen:strom":520,"RC":"Pasportizovaný strom","ID_STR":520}},{"type":"Feature","geometry":{"type":"Point","coordinates":[13.3730661,49.7408403]},"properties":{"natural":"tree","ref:plzen:strom":518,"RC":"Pasportizovaný strom","ID_STR":518}},{"type":"Feature","geometry":{"type":"Point","coordinates":[13.3729733,49.7408497]},"properties":{"natural":"tree","ref:plzen:strom":516,"RC":"Pasportizovaný strom","ID_STR":516}},{"type":"Feature","geometry":{"type":"Point","coordinates":[13.3730275,49.7410049]},"properties":{"natural":"tree","ref:plzen:strom":523,"RC":"Pasportizovaný strom","ID_STR":523}},{"type":"Feature","geometry":{"type":"Point","coordinates":[13.3728918,49.7408617]},"properties":{"natural":"tree","ref:plzen:strom":512,"RC":"Pasportizovaný strom","ID_STR":512}},{"type":"Feature","geometry":{"type":"Point","coordinates":[13.3727944,49.7408707]},"properties":{"natural":"tree","ref:plzen:strom":510,"RC":"Pasportizovaný strom","ID_STR":510}},{"type":"Feature","geometry":{"type":"Point","coordinates":[13.3720726,49.7409603]},"properties":{"natural":"tree","ref:plzen:strom":528,"RC":"Pasportizovaný strom","ID_STR":528}},{"type":"Feature","geometry":{"type":"Point","coordinates":[13.3722438,49.7409416]},"properties":{"natural":"tree","ref:plzen:strom":529,"RC":"Pasportizovaný strom","ID_STR":529}},{"type":"Feature","geometry":{"type":"Point","coordinates":[13.3721619,49.7410219]},"properties":{"natural":"tree","ref:plzen:strom":53064,"RC":"Pasportizovaný strom","ID_STR":53064}},{"type":"Feature","geometry":{"type":"Point","coordinates":[13.3720339,49.7410776]},"properties":{"natural":"tree","ref:plzen:strom":12446,"RC":"Pasportizovaný strom","ID_STR":12446}},{"type":"Feature","geometry":{"type":"Point","coordinates":[13.372025,49.7410947]},"properties":{"natural":"tree","ref:plzen:strom":12436,"RC":"Pasportizovaný strom","ID_STR":12436}},{"type":"Feature","geometry":{"type":"Point","coordinates":[13.3720756,49.7410713]},"properties":{"natural":"tree","ref:plzen:strom":12443,"RC":"Pasportizovaný strom","ID_STR":12443}},{"type":"Feature","geometry":{"type":"Point","coordinates":[13.3720576,49.7411053]},"properties":{"natural":"tree","ref:plzen:strom":12421,"RC":"Pasportizovaný strom","ID_STR":12421}},{"type":"Feature","geometry":{"type":"Point","coordinates":[13.3721068,49.7410969]},"properties":{"natural":"tree","ref:plzen:strom":12439,"RC":"Pasportizovaný strom","ID_STR":12439}},{"type":"Feature","geometry":{"type":"Point","coordinates":[13.372069,49.7411232]},"properties":{"natural":"tree","ref:plzen:strom":12440,"RC":"Pasportizovaný strom","ID_STR":12440}},{"type":"Feature","geometry":{"type":"Point","coordinates":[13.3720258,49.741162]},"properties":{"natural":"tree","ref:plzen:strom":12427,"RC":"Pasportizovaný strom","ID_STR":12427}},{"type":"Feature","geometry":{"type":"Point","coordinates":[13.3720743,49.7411501]},"properties":{"natural":"tree","ref:plzen:strom":12428,"RC":"Pasportizovaný strom","ID_STR":12428}},{"type":"Feature","geometry":{"type":"Point","coordinates":[13.3727159,49.741124]},"properties":{"natural":"tree","ref:plzen:strom":519,"RC":"Pasportizovaný strom","ID_STR":519}},{"type":"Feature","geometry":{"type":"Point","coordinates":[13.3721256,49.7411542]},"properties":{"natural":"tree","ref:plzen:strom":12430,"RC":"Pasportizovaný strom","ID_STR":12430}},{"type":"Feature","geometry":{"type":"Point","coordinates":[13.3721779,49.741116]},"properties":{"natural":"tree","ref:plzen:strom":12437,"RC":"Pasportizovaný strom","ID_STR":12437}},{"type":"Feature","geometry":{"type":"Point","coordinates":[13.3722077,49.7410958]},"properties":{"natural":"tree","ref:plzen:strom":12426,"RC":"Pasportizovaný strom","ID_STR":12426}},{"type":"Feature","geometry":{"type":"Point","coordinates":[13.3721806,49.7411614]},"properties":{"natural":"tree","ref:plzen:strom":12433,"RC":"Pasportizovaný strom","ID_STR":12433}},{"type":"Feature","geometry":{"type":"Point","coordinates":[13.3722504,49.7410658]},"properties":{"natural":"tree","ref:plzen:strom":511,"RC":"Pasportizovaný strom","ID_STR":511}},{"type":"Feature","geometry":{"type":"Point","coordinates":[13.3728848,49.7409531]},"properties":{"natural":"tree","ref:plzen:strom":53063,"RC":"Pasportizovaný strom","ID_STR":53063}},{"type":"Feature","geometry":{"type":"Point","coordinates":[13.3731344,49.7411081]},"properties":{"natural":"tree","ref:plzen:strom":524,"RC":"Pasportizovaný strom","ID_STR":524}},{"type":"Feature","geometry":{"type":"Point","coordinates":[13.3729684,49.7411005]},"properties":{"natural":"tree","ref:plzen:strom":53062,"RC":"Pasportizovaný strom","ID_STR":53062}},{"type":"Feature","geometry":{"type":"Point","coordinates":[13.3728647,49.741082]},"properties":{"natural":"tree","ref:plzen:strom":65945,"RC":"Pasportizovaný strom","ID_STR":65945}},{"type":"Feature","geometry":{"type":"Point","coordinates":[13.3728686,49.7420811]},"properties":{"natural":"tree","ref:plzen:strom":7809,"RC":"Pasportizovaný strom","ID_STR":7809}},{"type":"Feature","geometry":{"type":"Point","coordinates":[13.3727903,49.7420848]},"properties":{"natural":"tree","ref:plzen:strom":7808,"RC":"Pasportizovaný strom","ID_STR":7808}},{"type":"Feature","geometry":{"type":"Point","coordinates":[13.3727859,49.7420254]},"properties":{"natural":"tree","ref:plzen:strom":499,"RC":"Pasportizovaný strom","ID_STR":499}},{"type":"Feature","geometry":{"type":"Point","coordinates":[13.3725742,49.7419393]},"properties":{"natural":"tree","ref:plzen:strom":498,"RC":"Pasportizovaný strom","ID_STR":498}},{"type":"Feature","geometry":{"type":"Point","coordinates":[13.3725076,49.7421052]},"properties":{"natural":"tree","ref:plzen:strom":7807,"RC":"Pasportizovaný strom","ID_STR":7807}},{"type":"Feature","geometry":{"type":"Point","coordinates":[13.3725336,49.7420174]},"properties":{"natural":"tree","ref:plzen:strom":12417,"RC":"Pasportizovaný strom","ID_STR":12417}},{"type":"Feature","geometry":{"type":"Point","coordinates":[13.3724693,49.7419657]},"properties":{"natural":"tree","ref:plzen:strom":497,"RC":"Pasportizovaný strom","ID_STR":497}},{"type":"Feature","geometry":{"type":"Point","coordinates":[13.3724204,49.7421093]},"properties":{"natural":"tree","ref:plzen:strom":7805,"RC":"Pasportizovaný strom","ID_STR":7805}},{"type":"Feature","geometry":{"type":"Point","coordinates":[13.3724054,49.7420276]},"properties":{"natural":"tree","ref:plzen:strom":12442,"RC":"Pasportizovaný strom","ID_STR":12442}},{"type":"Feature","geometry":{"type":"Point","coordinates":[13.3723306,49.7421167]},"properties":{"natural":"tree","ref:plzen:strom":7803,"RC":"Pasportizovaný strom","ID_STR":7803}},{"type":"Feature","geometry":{"type":"Point","coordinates":[13.3723658,49.7419688]},"properties":{"natural":"tree","ref:plzen:strom":12432,"RC":"Pasportizovaný strom","ID_STR":12432}},{"type":"Feature","geometry":{"type":"Point","coordinates":[13.372302,49.7419237]},"properties":{"natural":"tree","ref:plzen:strom":496,"RC":"Pasportizovaný strom","ID_STR":496}},{"type":"Feature","geometry":{"type":"Point","coordinates":[13.3722427,49.7421214]},"properties":{"natural":"tree","ref:plzen:strom":7802,"RC":"Pasportizovaný strom","ID_STR":7802}},{"type":"Feature","geometry":{"type":"Point","coordinates":[13.3722568,49.7420683]},"properties":{"natural":"tree","ref:plzen:strom":492,"RC":"Pasportizovaný strom","ID_STR":492}},{"type":"Feature","geometry":{"type":"Point","coordinates":[13.3722606,49.7420109]},"properties":{"natural":"tree","ref:plzen:strom":495,"RC":"Pasportizovaný strom","ID_STR":495}},{"type":"Feature","geometry":{"type":"Point","coordinates":[13.3722568,49.7419858]},"properties":{"natural":"tree","ref:plzen:strom":489,"RC":"Pasportizovaný strom","ID_STR":489}},{"type":"Feature","geometry":{"type":"Point","coordinates":[13.3722181,49.7420471]},"properties":{"natural":"tree","ref:plzen:strom":487,"RC":"Pasportizovaný strom","ID_STR":487}},{"type":"Feature","geometry":{"type":"Point","coordinates":[13.3722179,49.7420197]},"properties":{"natural":"tree","ref:plzen:strom":493,"RC":"Pasportizovaný strom","ID_STR":493}},{"type":"Feature","geometry":{"type":"Point","coordinates":[13.3722332,49.7419674]},"properties":{"natural":"tree","ref:plzen:strom":491,"RC":"Pasportizovaný strom","ID_STR":491}},{"type":"Feature","geometry":{"type":"Point","coordinates":[13.3722202,49.7419938]},"properties":{"natural":"tree","ref:plzen:strom":494,"RC":"Pasportizovaný strom","ID_STR":494}},{"type":"Feature","geometry":{"type":"Point","coordinates":[13.3721513,49.7419969]},"properties":{"natural":"tree","ref:plzen:strom":490,"RC":"Pasportizovaný strom","ID_STR":490}},{"type":"Feature","geometry":{"type":"Point","coordinates":[13.3720837,49.7420412]},"properties":{"natural":"tree","ref:plzen:strom":488,"RC":"Pasportizovaný strom","ID_STR":488}},{"type":"Feature","geometry":{"type":"Point","coordinates":[13.3728128,49.7419817]},"properties":{"natural":"tree","ref:plzen:strom":500,"RC":"Pasportizovaný strom","ID_STR":500}},{"type":"Feature","geometry":{"type":"Point","coordinates":[13.3729539,49.7420746]},"properties":{"natural":"tree","ref:plzen:strom":7811,"RC":"Pasportizovaný strom","ID_STR":7811}},{"type":"Feature","geometry":{"type":"Point","coordinates":[13.3722551,49.7415969]},"properties":{"natural":"tree","ref:plzen:strom":7794,"RC":"Pasportizovaný strom","ID_STR":7794}},{"type":"Feature","geometry":{"type":"Point","coordinates":[13.372065,49.7421351]},"properties":{"natural":"tree","ref:plzen:strom":7799,"RC":"Pasportizovaný strom","ID_STR":7799}},{"type":"Feature","geometry":{"type":"Point","coordinates":[13.3721554,49.7421296]},"properties":{"natural":"tree","ref:plzen:strom":7800,"RC":"Pasportizovaný strom","ID_STR":7800}},{"type":"Feature","geometry":{"type":"Point","coordinates":[13.3723187,49.7419633]},"properties":{"natural":"tree","ref:plzen:strom":70693,"RC":"Pasportizovaný strom","ID_STR":70693}},{"type":"Feature","geometry":{"type":"Point","coordinates":[13.372503,49.7421013]},"properties":{"natural":"tree","ref:plzen:strom":70691,"RC":"Pasportizovaný strom","ID_STR":70691}},{"type":"Feature","geometry":{"type":"Point","coordinates":[13.3722334,49.7419897]},"properties":{"natural":"tree","ref:plzen:strom":70692,"RC":"Pasportizovaný strom","ID_STR":70692}},{"type":"Feature","geometry":{"type":"Point","coordinates":[13.3722346,49.741138]},"properties":{"natural":"tree","ref:plzen:strom":12435,"RC":"Pasportizovaný strom","ID_STR":12435}},{"type":"Feature","geometry":{"type":"Point","coordinates":[13.3726058,49.7408923]},"properties":{"natural":"tree","ref:plzen:strom":506,"RC":"Pasportizovaný strom","ID_STR":506}},{"type":"Feature","geometry":{"type":"Point","coordinates":[13.3726325,49.7409975]},"properties":{"natural":"tree","ref:plzen:strom":7796,"RC":"Pasportizovaný strom","ID_STR":7796}},{"type":"Feature","geometry":{"type":"Point","coordinates":[13.3724308,49.7409168]},"properties":{"natural":"tree","ref:plzen:strom":530,"RC":"Pasportizovaný strom","ID_STR":530}},{"type":"Feature","geometry":{"type":"Point","coordinates":[13.3723057,49.7411145]},"properties":{"natural":"tree","ref:plzen:strom":513,"RC":"Pasportizovaný strom","ID_STR":513}},{"type":"Feature","geometry":{"type":"Point","coordinates":[13.37253,49.7410861]},"properties":{"natural":"tree","ref:plzen:strom":7795,"RC":"Pasportizovaný strom","ID_STR":7795}},{"type":"Feature","geometry":{"type":"Point","coordinates":[13.37261,49.7411565]},"properties":{"natural":"tree","ref:plzen:strom":7798,"RC":"Pasportizovaný strom","ID_STR":7798}},{"type":"Feature","geometry":{"type":"Point","coordinates":[13.3722518,49.7415946]},"properties":{"natural":"tree","ref:plzen:strom":68504,"RC":"Pasportizovaný strom","ID_STR":68504}},{"type":"Feature","geometry":{"type":"Point","coordinates":[13.3722553,49.7415958]},"properties":{"natural":"tree","ref:plzen:strom":68850,"RC":"Pasportizovaný strom","ID_STR":68850}},{"type":"Feature","geometry":{"type":"Point","coordinates":[13.3719846,49.7411746]},"properties":{"natural":"tree","ref:plzen:strom":12425,"RC":"Pasportizovaný strom","ID_STR":12425}},{"type":"Feature","geometry":{"type":"Point","coordinates":[13.3719875,49.7410837]},"properties":{"natural":"tree","ref:plzen:strom":12414,"RC":"Pasportizovaný strom","ID_STR":12414}},{"type":"Feature","geometry":{"type":"Point","coordinates":[13.3719498,49.7411532]},"properties":{"natural":"tree","ref:plzen:strom":515,"RC":"Pasportizovaný strom","ID_STR":515}},{"type":"Feature","geometry":{"type":"Point","coordinates":[13.371946,49.7411168]},"properties":{"natural":"tree","ref:plzen:strom":12431,"RC":"Pasportizovaný strom","ID_STR":12431}},{"type":"Feature","geometry":{"type":"Point","coordinates":[13.3719255,49.7411778]},"properties":{"natural":"tree","ref:plzen:strom":514,"RC":"Pasportizovaný strom","ID_STR":514}},{"type":"Feature","geometry":{"type":"Point","coordinates":[13.3719291,49.7410636]},"properties":{"natural":"tree","ref:plzen:strom":508,"RC":"Pasportizovaný strom","ID_STR":508}},{"type":"Feature","geometry":{"type":"Point","coordinates":[13.3718817,49.7410728]},"properties":{"natural":"tree","ref:plzen:strom":507,"RC":"Pasportizovaný strom","ID_STR":507}},{"type":"Feature","geometry":{"type":"Point","coordinates":[13.3718615,49.7410368]},"properties":{"natural":"tree","ref:plzen:strom":505,"RC":"Pasportizovaný strom","ID_STR":505}},{"type":"Feature","geometry":{"type":"Point","coordinates":[13.3717809,49.7410552]},"properties":{"natural":"tree","ref:plzen:strom":504,"RC":"Pasportizovaný strom","ID_STR":504}},{"type":"Feature","geometry":{"type":"Point","coordinates":[13.3719984,49.7410426]},"properties":{"natural":"tree","ref:plzen:strom":509,"RC":"Pasportizovaný strom","ID_STR":509}},{"type":"Feature","geometry":{"type":"Point","coordinates":[13.371902,49.7409759]},"properties":{"natural":"tree","ref:plzen:strom":526,"RC":"Pasportizovaný strom","ID_STR":526}},{"type":"Feature","geometry":{"type":"Point","coordinates":[13.3650834,49.7439042]},"properties":{"natural":"tree","ref:plzen:strom":12380,"RC":"Pasportizovaný strom","ID_STR":12380}},{"type":"Feature","geometry":{"type":"Point","coordinates":[13.3650748,49.7438205]},"properties":{"natural":"tree","ref:plzen:strom":12394,"RC":"Pasportizovaný strom","ID_STR":12394}},{"type":"Feature","geometry":{"type":"Point","coordinates":[13.3650624,49.7437416]},"properties":{"natural":"tree","ref:plzen:strom":12399,"RC":"Pasportizovaný strom","ID_STR":12399}},{"type":"Feature","geometry":{"type":"Point","coordinates":[13.365052,49.7436725]},"properties":{"natural":"tree","ref:plzen:strom":12370,"RC":"Pasportizovaný strom","ID_STR":12370}},{"type":"Feature","geometry":{"type":"Point","coordinates":[13.3653957,49.7424504]},"properties":{"natural":"tree","ref:plzen:strom":462,"RC":"Pasportizovaný strom","ID_STR":462}},{"type":"Feature","geometry":{"type":"Point","coordinates":[13.3655004,49.7415892]},"properties":{"natural":"tree","ref:plzen:strom":69462,"RC":"Pasportizovaný strom","ID_STR":69462}},{"type":"Feature","geometry":{"type":"Point","coordinates":[13.3651793,49.7417198]},"properties":{"natural":"tree","ref:plzen:strom":69465,"RC":"Pasportizovaný strom","ID_STR":69465}},{"type":"Feature","geometry":{"type":"Point","coordinates":[13.3650391,49.7417422]},"properties":{"natural":"tree","ref:plzen:strom":69464,"RC":"Pasportizovaný strom","ID_STR":69464}},{"type":"Feature","geometry":{"type":"Point","coordinates":[13.3650451,49.7416648]},"properties":{"natural":"tree","ref:plzen:strom":69463,"RC":"Pasportizovaný strom","ID_STR":69463}},{"type":"Feature","geometry":{"type":"Point","coordinates":[13.3650397,49.7435992]},"properties":{"natural":"tree","ref:plzen:strom":12400,"RC":"Pasportizovaný strom","ID_STR":12400}},{"type":"Feature","geometry":{"type":"Point","coordinates":[13.3650301,49.7435145]},"properties":{"natural":"tree","ref:plzen:strom":12386,"RC":"Pasportizovaný strom","ID_STR":12386}},{"type":"Feature","geometry":{"type":"Point","coordinates":[13.3652102,49.7435429]},"properties":{"natural":"tree","ref:plzen:strom":8199,"RC":"Pasportizovaný strom","ID_STR":8199}},{"type":"Feature","geometry":{"type":"Point","coordinates":[13.3650057,49.7433576]},"properties":{"natural":"tree","ref:plzen:strom":12398,"RC":"Pasportizovaný strom","ID_STR":12398}},{"type":"Feature","geometry":{"type":"Point","coordinates":[13.3651012,49.7439833]},"properties":{"natural":"tree","ref:plzen:strom":12392,"RC":"Pasportizovaný strom","ID_STR":12392}},{"type":"Feature","geometry":{"type":"Point","coordinates":[13.3719769,49.7451685]},"properties":{"natural":"tree","ref:plzen:strom":72483,"RC":"Pasportizovaný strom","ID_STR":72483}},{"type":"Feature","geometry":{"type":"Point","coordinates":[13.3654279,49.7445723]},"properties":{"natural":"tree","ref:plzen:strom":70597,"RC":"Pasportizovaný strom","ID_STR":70597}},{"type":"Feature","geometry":{"type":"Point","coordinates":[13.3655892,49.7446345]},"properties":{"natural":"tree","ref:plzen:strom":70598,"RC":"Pasportizovaný strom","ID_STR":70598}},{"type":"Feature","geometry":{"type":"Point","coordinates":[13.36527,49.7439049]},"properties":{"natural":"tree","ref:plzen:strom":8194,"RC":"Pasportizovaný strom","ID_STR":8194}},{"type":"Feature","geometry":{"type":"Point","coordinates":[13.3657664,49.7457417]},"properties":{"natural":"tree","ref:plzen:strom":12178,"RC":"Pasportizovaný strom","ID_STR":12178}},{"type":"Feature","geometry":{"type":"Point","coordinates":[13.3658843,49.7457409]},"properties":{"natural":"tree","ref:plzen:strom":12175,"RC":"Pasportizovaný strom","ID_STR":12175}},{"type":"Feature","geometry":{"type":"Point","coordinates":[13.3657266,49.7457175]},"properties":{"natural":"tree","ref:plzen:strom":486,"RC":"Pasportizovaný strom","ID_STR":486}},{"type":"Feature","geometry":{"type":"Point","coordinates":[13.3660004,49.7457316]},"properties":{"natural":"tree","ref:plzen:strom":12173,"RC":"Pasportizovaný strom","ID_STR":12173}},{"type":"Feature","geometry":{"type":"Point","coordinates":[13.3656752,49.7456832]},"properties":{"natural":"tree","ref:plzen:strom":483,"RC":"Pasportizovaný strom","ID_STR":483}},{"type":"Feature","geometry":{"type":"Point","coordinates":[13.3661209,49.7457219]},"properties":{"natural":"tree","ref:plzen:strom":71999,"RC":"Pasportizovaný strom","ID_STR":71999}},{"type":"Feature","geometry":{"type":"Point","coordinates":[13.3655908,49.7456654]},"properties":{"natural":"tree","ref:plzen:strom":12225,"RC":"Pasportizovaný strom","ID_STR":12225}},{"type":"Feature","geometry":{"type":"Point","coordinates":[13.365695,49.7456324]},"properties":{"natural":"tree","ref:plzen:strom":8174,"RC":"Pasportizovaný strom","ID_STR":8174}},{"type":"Feature","geometry":{"type":"Point","coordinates":[13.3655788,49.7456038]},"properties":{"natural":"tree","ref:plzen:strom":72000,"RC":"Pasportizovaný strom","ID_STR":72000}},{"type":"Feature","geometry":{"type":"Point","coordinates":[13.3655281,49.7455907]},"properties":{"natural":"tree","ref:plzen:strom":8180,"RC":"Pasportizovaný strom","ID_STR":8180}},{"type":"Feature","geometry":{"type":"Point","coordinates":[13.3720189,49.746194]},"properties":{"natural":"tree","ref:plzen:strom":72484,"RC":"Pasportizovaný strom","ID_STR":72484}},{"type":"Feature","geometry":{"type":"Point","coordinates":[13.3662362,49.7456153]},"properties":{"natural":"tree","ref:plzen:strom":12223,"RC":"Pasportizovaný strom","ID_STR":12223}},{"type":"Feature","geometry":{"type":"Point","coordinates":[13.3655693,49.7455481]},"properties":{"natural":"tree","ref:plzen:strom":72001,"RC":"Pasportizovaný strom","ID_STR":72001}},{"type":"Feature","geometry":{"type":"Point","coordinates":[13.3660343,49.7455641]},"properties":{"natural":"tree","ref:plzen:strom":477,"RC":"Pasportizovaný strom","ID_STR":477}},{"type":"Feature","geometry":{"type":"Point","coordinates":[13.366149,49.7455645]},"properties":{"natural":"tree","ref:plzen:strom":476,"RC":"Pasportizovaný strom","ID_STR":476}},{"type":"Feature","geometry":{"type":"Point","coordinates":[13.366224,49.7455494]},"properties":{"natural":"tree","ref:plzen:strom":12222,"RC":"Pasportizovaný strom","ID_STR":12222}},{"type":"Feature","geometry":{"type":"Point","coordinates":[13.3661337,49.7454396]},"properties":{"natural":"tree","ref:plzen:strom":71997,"RC":"Pasportizovaný strom","ID_STR":71997}},{"type":"Feature","geometry":{"type":"Point","coordinates":[13.3661407,49.7454995]},"properties":{"natural":"tree","ref:plzen:strom":71998,"RC":"Pasportizovaný strom","ID_STR":71998}},{"type":"Feature","geometry":{"type":"Point","coordinates":[13.3660816,49.7455074]},"properties":{"natural":"tree","ref:plzen:strom":474,"RC":"Pasportizovaný strom","ID_STR":474}},{"type":"Feature","geometry":{"type":"Point","coordinates":[13.3660104,49.7454573]},"properties":{"natural":"tree","ref:plzen:strom":473,"RC":"Pasportizovaný strom","ID_STR":473}},{"type":"Feature","geometry":{"type":"Point","coordinates":[13.3659507,49.7454962]},"properties":{"natural":"tree","ref:plzen:strom":478,"RC":"Pasportizovaný strom","ID_STR":478}},{"type":"Feature","geometry":{"type":"Point","coordinates":[13.3658877,49.7454476]},"properties":{"natural":"tree","ref:plzen:strom":480,"RC":"Pasportizovaný strom","ID_STR":480}},{"type":"Feature","geometry":{"type":"Point","coordinates":[13.3655582,49.7454567]},"properties":{"natural":"tree","ref:plzen:strom":12176,"RC":"Pasportizovaný strom","ID_STR":12176}},{"type":"Feature","geometry":{"type":"Point","coordinates":[13.3655129,49.745529]},"properties":{"natural":"tree","ref:plzen:strom":8178,"RC":"Pasportizovaný strom","ID_STR":8178}},{"type":"Feature","geometry":{"type":"Point","coordinates":[13.367527,49.7433015]},"properties":{"natural":"tree","ref:plzen:strom":450,"RC":"Pasportizovaný strom","ID_STR":450}},{"type":"Feature","geometry":{"type":"Point","coordinates":[13.3677957,49.7432776]},"properties":{"natural":"tree","ref:plzen:strom":449,"RC":"Pasportizovaný strom","ID_STR":449}},{"type":"Feature","geometry":{"type":"Point","coordinates":[13.3679285,49.7432642]},"properties":{"natural":"tree","ref:plzen:strom":444,"RC":"Pasportizovaný strom","ID_STR":444}},{"type":"Feature","geometry":{"type":"Point","coordinates":[13.3680592,49.7432603]},"properties":{"natural":"tree","ref:plzen:strom":448,"RC":"Pasportizovaný strom","ID_STR":448}},{"type":"Feature","geometry":{"type":"Point","coordinates":[13.3680505,49.7432579]},"properties":{"natural":"tree","ref:plzen:strom":69198,"RC":"Pasportizovaný strom","ID_STR":69198}},{"type":"Feature","geometry":{"type":"Point","coordinates":[13.3681992,49.7432477]},"properties":{"natural":"tree","ref:plzen:strom":446,"RC":"Pasportizovaný strom","ID_STR":446}},{"type":"Feature","geometry":{"type":"Point","coordinates":[13.3683533,49.7432388]},"properties":{"natural":"tree","ref:plzen:strom":440,"RC":"Pasportizovaný strom","ID_STR":440}},{"type":"Feature","geometry":{"type":"Point","coordinates":[13.3684669,49.7432284]},"properties":{"natural":"tree","ref:plzen:strom":445,"RC":"Pasportizovaný strom","ID_STR":445}},{"type":"Feature","geometry":{"type":"Point","coordinates":[13.3686323,49.7432183]},"properties":{"natural":"tree","ref:plzen:strom":442,"RC":"Pasportizovaný strom","ID_STR":442}},{"type":"Feature","geometry":{"type":"Point","coordinates":[13.3689825,49.743251]},"properties":{"natural":"tree","ref:plzen:strom":64067,"RC":"Pasportizovaný strom","ID_STR":64067}},{"type":"Feature","geometry":{"type":"Point","coordinates":[13.3687754,49.7432084]},"properties":{"natural":"tree","ref:plzen:strom":441,"RC":"Pasportizovaný strom","ID_STR":441}},{"type":"Feature","geometry":{"type":"Point","coordinates":[13.3693035,49.7431691]},"properties":{"natural":"tree","ref:plzen:strom":439,"RC":"Pasportizovaný strom","ID_STR":439}},{"type":"Feature","geometry":{"type":"Point","coordinates":[13.3689592,49.7430557]},"properties":{"natural":"tree","ref:plzen:strom":64068,"RC":"Pasportizovaný strom","ID_STR":64068}},{"type":"Feature","geometry":{"type":"Point","coordinates":[13.3694232,49.7431641]},"properties":{"natural":"tree","ref:plzen:strom":433,"RC":"Pasportizovaný strom","ID_STR":433}},{"type":"Feature","geometry":{"type":"Point","coordinates":[13.3682072,49.7432442]},"properties":{"natural":"tree","ref:plzen:strom":69196,"RC":"Pasportizovaný strom","ID_STR":69196}},{"type":"Feature","geometry":{"type":"Point","coordinates":[13.367029,49.7433389]},"properties":{"natural":"tree","ref:plzen:strom":447,"RC":"Pasportizovaný strom","ID_STR":447}},{"type":"Feature","geometry":{"type":"Point","coordinates":[13.3670281,49.7433381]},"properties":{"natural":"tree","ref:plzen:strom":69199,"RC":"Pasportizovaný strom","ID_STR":69199}},{"type":"Feature","geometry":{"type":"Point","coordinates":[13.3668828,49.7433461]},"properties":{"natural":"tree","ref:plzen:strom":451,"RC":"Pasportizovaný strom","ID_STR":451}},{"type":"Feature","geometry":{"type":"Point","coordinates":[13.366733,49.743353]},"properties":{"natural":"tree","ref:plzen:strom":452,"RC":"Pasportizovaný strom","ID_STR":452}},{"type":"Feature","geometry":{"type":"Point","coordinates":[13.3666079,49.7433647]},"properties":{"natural":"tree","ref:plzen:strom":453,"RC":"Pasportizovaný strom","ID_STR":453}},{"type":"Feature","geometry":{"type":"Point","coordinates":[13.3663247,49.7433872]},"properties":{"natural":"tree","ref:plzen:strom":454,"RC":"Pasportizovaný strom","ID_STR":454}},{"type":"Feature","geometry":{"type":"Point","coordinates":[13.3661774,49.7433991]},"properties":{"natural":"tree","ref:plzen:strom":455,"RC":"Pasportizovaný strom","ID_STR":455}},{"type":"Feature","geometry":{"type":"Point","coordinates":[13.3660021,49.7434105]},"properties":{"natural":"tree","ref:plzen:strom":456,"RC":"Pasportizovaný strom","ID_STR":456}},{"type":"Feature","geometry":{"type":"Point","coordinates":[13.3657402,49.7434305]},"properties":{"natural":"tree","ref:plzen:strom":457,"RC":"Pasportizovaný strom","ID_STR":457}},{"type":"Feature","geometry":{"type":"Point","coordinates":[13.3661917,49.7453916]},"properties":{"natural":"tree","ref:plzen:strom":12174,"RC":"Pasportizovaný strom","ID_STR":12174}},{"type":"Feature","geometry":{"type":"Point","coordinates":[13.3661267,49.7453796]},"properties":{"natural":"tree","ref:plzen:strom":71996,"RC":"Pasportizovaný strom","ID_STR":71996}},{"type":"Feature","geometry":{"type":"Point","coordinates":[13.3660199,49.7453092]},"properties":{"natural":"tree","ref:plzen:strom":479,"RC":"Pasportizovaný strom","ID_STR":479}},{"type":"Feature","geometry":{"type":"Point","coordinates":[13.3661212,49.7453161]},"properties":{"natural":"tree","ref:plzen:strom":475,"RC":"Pasportizovaný strom","ID_STR":475}},{"type":"Feature","geometry":{"type":"Point","coordinates":[13.3661043,49.7452557]},"properties":{"natural":"tree","ref:plzen:strom":471,"RC":"Pasportizovaný strom","ID_STR":471}},{"type":"Feature","geometry":{"type":"Point","coordinates":[13.366061,49.7451948]},"properties":{"natural":"tree","ref:plzen:strom":467,"RC":"Pasportizovaný strom","ID_STR":467}},{"type":"Feature","geometry":{"type":"Point","coordinates":[13.3661445,49.7451317]},"properties":{"natural":"tree","ref:plzen:strom":12224,"RC":"Pasportizovaný strom","ID_STR":12224}},{"type":"Feature","geometry":{"type":"Point","coordinates":[13.3660883,49.7451652]},"properties":{"natural":"tree","ref:plzen:strom":71995,"RC":"Pasportizovaný strom","ID_STR":71995}},{"type":"Feature","geometry":{"type":"Point","coordinates":[13.3655054,49.7451028]},"properties":{"natural":"tree","ref:plzen:strom":12179,"RC":"Pasportizovaný strom","ID_STR":12179}},{"type":"Feature","geometry":{"type":"Point","coordinates":[13.3654532,49.7451502]},"properties":{"natural":"tree","ref:plzen:strom":8177,"RC":"Pasportizovaný strom","ID_STR":8177}},{"type":"Feature","geometry":{"type":"Point","coordinates":[13.3656654,49.7451595]},"properties":{"natural":"tree","ref:plzen:strom":468,"RC":"Pasportizovaný strom","ID_STR":468}},{"type":"Feature","geometry":{"type":"Point","coordinates":[13.3656067,49.7452021]},"properties":{"natural":"tree","ref:plzen:strom":484,"RC":"Pasportizovaný strom","ID_STR":484}},{"type":"Feature","geometry":{"type":"Point","coordinates":[13.365742,49.7451593]},"properties":{"natural":"tree","ref:plzen:strom":485,"RC":"Pasportizovaný strom","ID_STR":485}},{"type":"Feature","geometry":{"type":"Point","coordinates":[13.3655274,49.7452514]},"properties":{"natural":"tree","ref:plzen:strom":12177,"RC":"Pasportizovaný strom","ID_STR":12177}},{"type":"Feature","geometry":{"type":"Point","coordinates":[13.3658097,49.7451622]},"properties":{"natural":"tree","ref:plzen:strom":458,"RC":"Pasportizovaný strom","ID_STR":458}},{"type":"Feature","geometry":{"type":"Point","coordinates":[13.3657398,49.7452245]},"properties":{"natural":"tree","ref:plzen:strom":469,"RC":"Pasportizovaný strom","ID_STR":469}},{"type":"Feature","geometry":{"type":"Point","coordinates":[13.3656974,49.7452728]},"properties":{"natural":"tree","ref:plzen:strom":482,"RC":"Pasportizovaný strom","ID_STR":482}},{"type":"Feature","geometry":{"type":"Point","coordinates":[13.3655425,49.7453231]},"properties":{"natural":"tree","ref:plzen:strom":12221,"RC":"Pasportizovaný strom","ID_STR":12221}},{"type":"Feature","geometry":{"type":"Point","coordinates":[13.366027,49.7450365]},"properties":{"natural":"tree","ref:plzen:strom":466,"RC":"Pasportizovaný strom","ID_STR":466}},{"type":"Feature","geometry":{"type":"Point","coordinates":[13.3659904,49.7452001]},"properties":{"natural":"tree","ref:plzen:strom":465,"RC":"Pasportizovaný strom","ID_STR":465}},{"type":"Feature","geometry":{"type":"Point","coordinates":[13.3658957,49.7452156]},"properties":{"natural":"tree","ref:plzen:strom":461,"RC":"Pasportizovaný strom","ID_STR":461}},{"type":"Feature","geometry":{"type":"Point","coordinates":[13.3658315,49.7452789]},"properties":{"natural":"tree","ref:plzen:strom":8176,"RC":"Pasportizovaný strom","ID_STR":8176}},{"type":"Feature","geometry":{"type":"Point","coordinates":[13.3658939,49.7453547]},"properties":{"natural":"tree","ref:plzen:strom":470,"RC":"Pasportizovaný strom","ID_STR":470}},{"type":"Feature","geometry":{"type":"Point","coordinates":[13.3659476,49.745401]},"properties":{"natural":"tree","ref:plzen:strom":472,"RC":"Pasportizovaný strom","ID_STR":472}},{"type":"Feature","geometry":{"type":"Point","coordinates":[13.3658234,49.7453965]},"properties":{"natural":"tree","ref:plzen:strom":481,"RC":"Pasportizovaný strom","ID_STR":481}},{"type":"Feature","geometry":{"type":"Point","coordinates":[13.3658896,49.7450998]},"properties":{"natural":"tree","ref:plzen:strom":70599,"RC":"Pasportizovaný strom","ID_STR":70599}},{"type":"Feature","geometry":{"type":"Point","coordinates":[13.3666493,49.7436983]},"properties":{"natural":"tree","ref:plzen:strom":72280,"RC":"Pasportizovaný strom","ID_STR":72280}},{"type":"Feature","geometry":{"type":"Point","coordinates":[13.3665481,49.7437067]},"properties":{"natural":"tree","ref:plzen:strom":72279,"RC":"Pasportizovaný strom","ID_STR":72279}},{"type":"Feature","geometry":{"type":"Point","coordinates":[13.3666207,49.7438562]},"properties":{"natural":"tree","ref:plzen:strom":72284,"RC":"Pasportizovaný strom","ID_STR":72284}},{"type":"Feature","geometry":{"type":"Point","coordinates":[13.3664486,49.7437144]},"properties":{"natural":"tree","ref:plzen:strom":72278,"RC":"Pasportizovaný strom","ID_STR":72278}},{"type":"Feature","geometry":{"type":"Point","coordinates":[13.3665343,49.7438623]},"properties":{"natural":"tree","ref:plzen:strom":72283,"RC":"Pasportizovaný strom","ID_STR":72283}},{"type":"Feature","geometry":{"type":"Point","coordinates":[13.3663566,49.74372]},"properties":{"natural":"tree","ref:plzen:strom":72277,"RC":"Pasportizovaný strom","ID_STR":72277}},{"type":"Feature","geometry":{"type":"Point","coordinates":[13.3664433,49.7438699]},"properties":{"natural":"tree","ref:plzen:strom":72282,"RC":"Pasportizovaný strom","ID_STR":72282}},{"type":"Feature","geometry":{"type":"Point","coordinates":[13.3662519,49.7437253]},"properties":{"natural":"tree","ref:plzen:strom":72276,"RC":"Pasportizovaný strom","ID_STR":72276}},{"type":"Feature","geometry":{"type":"Point","coordinates":[13.3663414,49.7438755]},"properties":{"natural":"tree","ref:plzen:strom":72281,"RC":"Pasportizovaný strom","ID_STR":72281}},{"type":"Feature","geometry":{"type":"Point","coordinates":[13.3660697,49.7437413]},"properties":{"natural":"tree","ref:plzen:strom":72275,"RC":"Pasportizovaný strom","ID_STR":72275}},{"type":"Feature","geometry":{"type":"Point","coordinates":[13.3659862,49.7437468]},"properties":{"natural":"tree","ref:plzen:strom":72274,"RC":"Pasportizovaný strom","ID_STR":72274}},{"type":"Feature","geometry":{"type":"Point","coordinates":[13.3659009,49.743754]},"properties":{"natural":"tree","ref:plzen:strom":72273,"RC":"Pasportizovaný strom","ID_STR":72273}},{"type":"Feature","geometry":{"type":"Point","coordinates":[13.3658155,49.7437622]},"properties":{"natural":"tree","ref:plzen:strom":72272,"RC":"Pasportizovaný strom","ID_STR":72272}},{"type":"Feature","geometry":{"type":"Point","coordinates":[13.3659469,49.7439074]},"properties":{"natural":"tree","ref:plzen:strom":72271,"RC":"Pasportizovaný strom","ID_STR":72271}},{"type":"Feature","geometry":{"type":"Point","coordinates":[13.3659286,49.7439426]},"properties":{"natural":"tree","ref:plzen:strom":72270,"RC":"Pasportizovaný strom","ID_STR":72270}},{"type":"Feature","geometry":{"type":"Point","coordinates":[13.3659121,49.7439786]},"properties":{"natural":"tree","ref:plzen:strom":72269,"RC":"Pasportizovaný strom","ID_STR":72269}},{"type":"Feature","geometry":{"type":"Point","coordinates":[13.3658756,49.7440915]},"properties":{"natural":"tree","ref:plzen:strom":72268,"RC":"Pasportizovaný strom","ID_STR":72268}},{"type":"Feature","geometry":{"type":"Point","coordinates":[13.3657722,49.7441671]},"properties":{"natural":"tree","ref:plzen:strom":72267,"RC":"Pasportizovaný strom","ID_STR":72267}},{"type":"Feature","geometry":{"type":"Point","coordinates":[13.3657681,49.7439066]},"properties":{"natural":"tree","ref:plzen:strom":69567,"RC":"Pasportizovaný strom","ID_STR":69567}},{"type":"Feature","geometry":{"type":"Point","coordinates":[13.365164,49.7444466]},"properties":{"natural":"tree","ref:plzen:strom":12227,"RC":"Pasportizovaný strom","ID_STR":12227}},{"type":"Feature","geometry":{"type":"Point","coordinates":[13.3651343,49.7442092]},"properties":{"natural":"tree","ref:plzen:strom":12379,"RC":"Pasportizovaný strom","ID_STR":12379}},{"type":"Feature","geometry":{"type":"Point","coordinates":[13.3653292,49.7443174]},"properties":{"natural":"tree","ref:plzen:strom":8186,"RC":"Pasportizovaný strom","ID_STR":8186}},{"type":"Feature","geometry":{"type":"Point","coordinates":[13.3651196,49.7441389]},"properties":{"natural":"tree","ref:plzen:strom":12358,"RC":"Pasportizovaný strom","ID_STR":12358}},{"type":"Feature","geometry":{"type":"Point","coordinates":[13.3653195,49.7442322]},"properties":{"natural":"tree","ref:plzen:strom":8188,"RC":"Pasportizovaný strom","ID_STR":8188}},{"type":"Feature","geometry":{"type":"Point","coordinates":[13.3653076,49.7441565]},"properties":{"natural":"tree","ref:plzen:strom":8190,"RC":"Pasportizovaný strom","ID_STR":8190}},{"type":"Feature","geometry":{"type":"Point","coordinates":[13.3652962,49.7440783]},"properties":{"natural":"tree","ref:plzen:strom":8191,"RC":"Pasportizovaný strom","ID_STR":8191}},{"type":"Feature","geometry":{"type":"Point","coordinates":[13.3652806,49.7440022]},"properties":{"natural":"tree","ref:plzen:strom":8192,"RC":"Pasportizovaný strom","ID_STR":8192}},{"type":"Feature","geometry":{"type":"Point","coordinates":[13.3652983,49.7434614]},"properties":{"natural":"tree","ref:plzen:strom":69201,"RC":"Pasportizovaný strom","ID_STR":69201}},{"type":"Feature","geometry":{"type":"Point","coordinates":[13.3654316,49.7434505]},"properties":{"natural":"tree","ref:plzen:strom":460,"RC":"Pasportizovaný strom","ID_STR":460}},{"type":"Feature","geometry":{"type":"Point","coordinates":[13.3654314,49.7434579]},"properties":{"natural":"tree","ref:plzen:strom":69200,"RC":"Pasportizovaný strom","ID_STR":69200}},{"type":"Feature","geometry":{"type":"Point","coordinates":[13.3652331,49.743651]},"properties":{"natural":"tree","ref:plzen:strom":8198,"RC":"Pasportizovaný strom","ID_STR":8198}},{"type":"Feature","geometry":{"type":"Point","coordinates":[13.3652422,49.7437385]},"properties":{"natural":"tree","ref:plzen:strom":8196,"RC":"Pasportizovaný strom","ID_STR":8196}},{"type":"Feature","geometry":{"type":"Point","coordinates":[13.3652567,49.7438194]},"properties":{"natural":"tree","ref:plzen:strom":8195,"RC":"Pasportizovaný strom","ID_STR":8195}},{"type":"Feature","geometry":{"type":"Point","coordinates":[13.3655747,49.7434406]},"properties":{"natural":"tree","ref:plzen:strom":459,"RC":"Pasportizovaný strom","ID_STR":459}},{"type":"Feature","geometry":{"type":"Point","coordinates":[13.3653384,49.7444049]},"properties":{"natural":"tree","ref:plzen:strom":8183,"RC":"Pasportizovaný strom","ID_STR":8183}},{"type":"Feature","geometry":{"type":"Point","coordinates":[13.3699158,49.7403574]},"properties":{"natural":"tree","ref:plzen:strom":425,"RC":"Pasportizovaný strom","ID_STR":425}},{"type":"Feature","geometry":{"type":"Point","coordinates":[13.3697006,49.7403687]},"properties":{"natural":"tree","ref:plzen:strom":428,"RC":"Pasportizovaný strom","ID_STR":428}},{"type":"Feature","geometry":{"type":"Point","coordinates":[13.3694965,49.7403857]},"properties":{"natural":"tree","ref:plzen:strom":429,"RC":"Pasportizovaný strom","ID_STR":429}},{"type":"Feature","geometry":{"type":"Point","coordinates":[13.3692909,49.7403941]},"properties":{"natural":"tree","ref:plzen:strom":430,"RC":"Pasportizovaný strom","ID_STR":430}},{"type":"Feature","geometry":{"type":"Point","coordinates":[13.3690946,49.7404191]},"properties":{"natural":"tree","ref:plzen:strom":435,"RC":"Pasportizovaný strom","ID_STR":435}},{"type":"Feature","geometry":{"type":"Point","coordinates":[13.3688882,49.7404361]},"properties":{"natural":"tree","ref:plzen:strom":436,"RC":"Pasportizovaný strom","ID_STR":436}},{"type":"Feature","geometry":{"type":"Point","coordinates":[13.3686621,49.7404523]},"properties":{"natural":"tree","ref:plzen:strom":437,"RC":"Pasportizovaný strom","ID_STR":437}},{"type":"Feature","geometry":{"type":"Point","coordinates":[13.3687086,49.7411632]},"properties":{"natural":"tree","ref:plzen:strom":64073,"RC":"Pasportizovaný strom","ID_STR":64073}},{"type":"Feature","geometry":{"type":"Point","coordinates":[13.3688178,49.7411431]},"properties":{"natural":"tree","ref:plzen:strom":64074,"RC":"Pasportizovaný strom","ID_STR":64074}},{"type":"Feature","geometry":{"type":"Point","coordinates":[13.3687349,49.7413315]},"properties":{"natural":"tree","ref:plzen:strom":64072,"RC":"Pasportizovaný strom","ID_STR":64072}},{"type":"Feature","geometry":{"type":"Point","coordinates":[13.368855,49.7413715]},"properties":{"natural":"tree","ref:plzen:strom":64071,"RC":"Pasportizovaný strom","ID_STR":64071}},{"type":"Feature","geometry":{"type":"Point","coordinates":[13.3689401,49.7420419]},"properties":{"natural":"tree","ref:plzen:strom":64070,"RC":"Pasportizovaný strom","ID_STR":64070}},{"type":"Feature","geometry":{"type":"Point","coordinates":[13.3689578,49.7422471]},"properties":{"natural":"tree","ref:plzen:strom":64069,"RC":"Pasportizovaný strom","ID_STR":64069}},{"type":"Feature","geometry":{"type":"Point","coordinates":[13.368925,49.7411978]},"properties":{"natural":"tree","ref:plzen:strom":69454,"RC":"Pasportizovaný strom","ID_STR":69454}},{"type":"Feature","geometry":{"type":"Point","coordinates":[13.3698412,49.7411245]},"properties":{"natural":"tree","ref:plzen:strom":69453,"RC":"Pasportizovaný strom","ID_STR":69453}},{"type":"Feature","geometry":{"type":"Point","coordinates":[13.3650805,49.7400084]},"properties":{"natural":"tree","ref:plzen:strom":8653,"RC":"Pasportizovaný strom","ID_STR":8653}},{"type":"Feature","geometry":{"type":"Point","coordinates":[13.3663297,49.7423863]},"properties":{"natural":"tree","ref:plzen:strom":464,"RC":"Pasportizovaný strom","ID_STR":464}},{"type":"Feature","geometry":{"type":"Point","coordinates":[13.3666389,49.7414063]},"properties":{"natural":"tree","ref:plzen:strom":69455,"RC":"Pasportizovaný strom","ID_STR":69455}},{"type":"Feature","geometry":{"type":"Point","coordinates":[13.3662319,49.7415487]},"properties":{"natural":"tree","ref:plzen:strom":69458,"RC":"Pasportizovaný strom","ID_STR":69458}},{"type":"Feature","geometry":{"type":"Point","coordinates":[13.3656778,49.7424325]},"properties":{"natural":"tree","ref:plzen:strom":463,"RC":"Pasportizovaný strom","ID_STR":463}},{"type":"Feature","geometry":{"type":"Point","coordinates":[13.3657722,49.7415443]},"properties":{"natural":"tree","ref:plzen:strom":69460,"RC":"Pasportizovaný strom","ID_STR":69460}},{"type":"Feature","geometry":{"type":"Point","coordinates":[13.3657846,49.7416211]},"properties":{"natural":"tree","ref:plzen:strom":69461,"RC":"Pasportizovaný strom","ID_STR":69461}},{"type":"Feature","geometry":{"type":"Point","coordinates":[13.3660737,49.7415772]},"properties":{"natural":"tree","ref:plzen:strom":517,"RC":"Pasportizovaný strom","ID_STR":517}},{"type":"Feature","geometry":{"type":"Point","coordinates":[13.366105,49.7415753]},"properties":{"natural":"tree","ref:plzen:strom":525,"RC":"Pasportizovaný strom","ID_STR":525}},{"type":"Feature","geometry":{"type":"Point","coordinates":[13.3660366,49.7415013]},"properties":{"natural":"tree","ref:plzen:strom":69459,"RC":"Pasportizovaný strom","ID_STR":69459}},{"type":"Feature","geometry":{"type":"Point","coordinates":[13.366294,49.7414605]},"properties":{"natural":"tree","ref:plzen:strom":69457,"RC":"Pasportizovaný strom","ID_STR":69457}},{"type":"Feature","geometry":{"type":"Point","coordinates":[13.3665388,49.7499784]},"properties":{"natural":"tree","ref:plzen:strom":72444,"RC":"Pasportizovaný strom","ID_STR":72444}},{"type":"Feature","geometry":{"type":"Point","coordinates":[13.3666123,49.7499369]},"properties":{"natural":"tree","ref:plzen:strom":72443,"RC":"Pasportizovaný strom","ID_STR":72443}},{"type":"Feature","geometry":{"type":"Point","coordinates":[13.3666102,49.7499315]},"properties":{"natural":"tree","ref:plzen:strom":8144,"RC":"Pasportizovaný strom","ID_STR":8144}},{"type":"Feature","geometry":{"type":"Point","coordinates":[13.3666812,49.7498932]},"properties":{"natural":"tree","ref:plzen:strom":72442,"RC":"Pasportizovaný strom","ID_STR":72442}},{"type":"Feature","geometry":{"type":"Point","coordinates":[13.3667927,49.749815]},"properties":{"natural":"tree","ref:plzen:strom":72441,"RC":"Pasportizovaný strom","ID_STR":72441}},{"type":"Feature","geometry":{"type":"Point","coordinates":[13.3668154,49.7498003]},"properties":{"natural":"tree","ref:plzen:strom":8146,"RC":"Pasportizovaný strom","ID_STR":8146}},{"type":"Feature","geometry":{"type":"Point","coordinates":[13.366728,49.7497939]},"properties":{"natural":"tree","ref:plzen:strom":8150,"RC":"Pasportizovaný strom","ID_STR":8150}},{"type":"Feature","geometry":{"type":"Point","coordinates":[13.3668818,49.7497557]},"properties":{"natural":"tree","ref:plzen:strom":8149,"RC":"Pasportizovaný strom","ID_STR":8149}},{"type":"Feature","geometry":{"type":"Point","coordinates":[13.3669334,49.7497181]},"properties":{"natural":"tree","ref:plzen:strom":8148,"RC":"Pasportizovaný strom","ID_STR":8148}},{"type":"Feature","geometry":{"type":"Point","coordinates":[13.3668777,49.7496892]},"properties":{"natural":"tree","ref:plzen:strom":8151,"RC":"Pasportizovaný strom","ID_STR":8151}},{"type":"Feature","geometry":{"type":"Point","coordinates":[13.3669888,49.7496788]},"properties":{"natural":"tree","ref:plzen:strom":8138,"RC":"Pasportizovaný strom","ID_STR":8138}},{"type":"Feature","geometry":{"type":"Point","coordinates":[13.3670616,49.7496348]},"properties":{"natural":"tree","ref:plzen:strom":8147,"RC":"Pasportizovaný strom","ID_STR":8147}},{"type":"Feature","geometry":{"type":"Point","coordinates":[13.3670291,49.749591]},"properties":{"natural":"tree","ref:plzen:strom":8152,"RC":"Pasportizovaný strom","ID_STR":8152}},{"type":"Feature","geometry":{"type":"Point","coordinates":[13.3671359,49.7495845]},"properties":{"natural":"tree","ref:plzen:strom":8145,"RC":"Pasportizovaný strom","ID_STR":8145}},{"type":"Feature","geometry":{"type":"Point","coordinates":[13.3672056,49.7495402]},"properties":{"natural":"tree","ref:plzen:strom":8143,"RC":"Pasportizovaný strom","ID_STR":8143}},{"type":"Feature","geometry":{"type":"Point","coordinates":[13.3671992,49.7495381]},"properties":{"natural":"tree","ref:plzen:strom":72440,"RC":"Pasportizovaný strom","ID_STR":72440}},{"type":"Feature","geometry":{"type":"Point","coordinates":[13.3672673,49.7494987]},"properties":{"natural":"tree","ref:plzen:strom":72439,"RC":"Pasportizovaný strom","ID_STR":72439}},{"type":"Feature","geometry":{"type":"Point","coordinates":[13.3673291,49.7494513]},"properties":{"natural":"tree","ref:plzen:strom":72438,"RC":"Pasportizovaný strom","ID_STR":72438}},{"type":"Feature","geometry":{"type":"Point","coordinates":[13.3673954,49.7494131]},"properties":{"natural":"tree","ref:plzen:strom":72437,"RC":"Pasportizovaný strom","ID_STR":72437}},{"type":"Feature","geometry":{"type":"Point","coordinates":[13.3671736,49.7494944]},"properties":{"natural":"tree","ref:plzen:strom":8153,"RC":"Pasportizovaný strom","ID_STR":8153}},{"type":"Feature","geometry":{"type":"Point","coordinates":[13.3672683,49.7494973]},"properties":{"natural":"tree","ref:plzen:strom":8140,"RC":"Pasportizovaný strom","ID_STR":8140}},{"type":"Feature","geometry":{"type":"Point","coordinates":[13.3673343,49.7494547]},"properties":{"natural":"tree","ref:plzen:strom":8134,"RC":"Pasportizovaný strom","ID_STR":8134}},{"type":"Feature","geometry":{"type":"Point","coordinates":[13.3673249,49.7493962]},"properties":{"natural":"tree","ref:plzen:strom":8154,"RC":"Pasportizovaný strom","ID_STR":8154}},{"type":"Feature","geometry":{"type":"Point","coordinates":[13.3674002,49.7494122]},"properties":{"natural":"tree","ref:plzen:strom":8109,"RC":"Pasportizovaný strom","ID_STR":8109}},{"type":"Feature","geometry":{"type":"Point","coordinates":[13.3674639,49.7493651]},"properties":{"natural":"tree","ref:plzen:strom":8142,"RC":"Pasportizovaný strom","ID_STR":8142}},{"type":"Feature","geometry":{"type":"Point","coordinates":[13.3674672,49.7492951]},"properties":{"natural":"tree","ref:plzen:strom":8155,"RC":"Pasportizovaný strom","ID_STR":8155}},{"type":"Feature","geometry":{"type":"Point","coordinates":[13.3675335,49.7493208]},"properties":{"natural":"tree","ref:plzen:strom":8141,"RC":"Pasportizovaný strom","ID_STR":8141}},{"type":"Feature","geometry":{"type":"Point","coordinates":[13.3676,49.7492762]},"properties":{"natural":"tree","ref:plzen:strom":8139,"RC":"Pasportizovaný strom","ID_STR":8139}},{"type":"Feature","geometry":{"type":"Point","coordinates":[13.3675711,49.7492307]},"properties":{"natural":"tree","ref:plzen:strom":8156,"RC":"Pasportizovaný strom","ID_STR":8156}},{"type":"Feature","geometry":{"type":"Point","coordinates":[13.3680091,49.7490125]},"properties":{"natural":"tree","ref:plzen:strom":8114,"RC":"Pasportizovaný strom","ID_STR":8114}},{"type":"Feature","geometry":{"type":"Point","coordinates":[13.3679592,49.7489351]},"properties":{"natural":"tree","ref:plzen:strom":8100,"RC":"Pasportizovaný strom","ID_STR":8100}},{"type":"Feature","geometry":{"type":"Point","coordinates":[13.3650056,49.7491506]},"properties":{"natural":"tree","ref:plzen:strom":72424,"RC":"Pasportizovaný strom","ID_STR":72424}},{"type":"Feature","geometry":{"type":"Point","coordinates":[13.3650566,49.7492005]},"properties":{"natural":"tree","ref:plzen:strom":72425,"RC":"Pasportizovaný strom","ID_STR":72425}},{"type":"Feature","geometry":{"type":"Point","coordinates":[13.3651027,49.7492663]},"properties":{"natural":"tree","ref:plzen:strom":72426,"RC":"Pasportizovaný strom","ID_STR":72426}},{"type":"Feature","geometry":{"type":"Point","coordinates":[13.3651487,49.7493322]},"properties":{"natural":"tree","ref:plzen:strom":72427,"RC":"Pasportizovaný strom","ID_STR":72427}},{"type":"Feature","geometry":{"type":"Point","coordinates":[13.3651773,49.749408]},"properties":{"natural":"tree","ref:plzen:strom":72428,"RC":"Pasportizovaný strom","ID_STR":72428}},{"type":"Feature","geometry":{"type":"Point","coordinates":[13.3652063,49.7495014]},"properties":{"natural":"tree","ref:plzen:strom":72429,"RC":"Pasportizovaný strom","ID_STR":72429}},{"type":"Feature","geometry":{"type":"Point","coordinates":[13.3652344,49.7495884]},"properties":{"natural":"tree","ref:plzen:strom":72430,"RC":"Pasportizovaný strom","ID_STR":72430}},{"type":"Feature","geometry":{"type":"Point","coordinates":[13.3652569,49.7496501]},"properties":{"natural":"tree","ref:plzen:strom":72431,"RC":"Pasportizovaný strom","ID_STR":72431}},{"type":"Feature","geometry":{"type":"Point","coordinates":[13.3652901,49.7497368]},"properties":{"natural":"tree","ref:plzen:strom":72432,"RC":"Pasportizovaný strom","ID_STR":72432}},{"type":"Feature","geometry":{"type":"Point","coordinates":[13.3653023,49.7498587]},"properties":{"natural":"tree","ref:plzen:strom":72433,"RC":"Pasportizovaný strom","ID_STR":72433}},{"type":"Feature","geometry":{"type":"Point","coordinates":[13.3655893,49.7499291]},"properties":{"natural":"tree","ref:plzen:strom":72434,"RC":"Pasportizovaný strom","ID_STR":72434}},{"type":"Feature","geometry":{"type":"Point","coordinates":[13.3656913,49.7499292]},"properties":{"natural":"tree","ref:plzen:strom":72435,"RC":"Pasportizovaný strom","ID_STR":72435}},{"type":"Feature","geometry":{"type":"Point","coordinates":[13.3658979,49.7498421]},"properties":{"natural":"tree","ref:plzen:strom":72436,"RC":"Pasportizovaný strom","ID_STR":72436}},{"type":"Feature","geometry":{"type":"Point","coordinates":[13.3661534,49.748287]},"properties":{"natural":"tree","ref:plzen:strom":8157,"RC":"Pasportizovaný strom","ID_STR":8157}},{"type":"Feature","geometry":{"type":"Point","coordinates":[13.3662426,49.7483077]},"properties":{"natural":"tree","ref:plzen:strom":63368,"RC":"Pasportizovaný strom","ID_STR":63368}},{"type":"Feature","geometry":{"type":"Point","coordinates":[13.3663336,49.7483256]},"properties":{"natural":"tree","ref:plzen:strom":63367,"RC":"Pasportizovaný strom","ID_STR":63367}},{"type":"Feature","geometry":{"type":"Point","coordinates":[13.3678977,49.748414]},"properties":{"natural":"tree","ref:plzen:strom":8163,"RC":"Pasportizovaný strom","ID_STR":8163}},{"type":"Feature","geometry":{"type":"Point","coordinates":[13.3676775,49.7484264]},"properties":{"natural":"tree","ref:plzen:strom":8162,"RC":"Pasportizovaný strom","ID_STR":8162}},{"type":"Feature","geometry":{"type":"Point","coordinates":[13.3673386,49.74844]},"properties":{"natural":"tree","ref:plzen:strom":8161,"RC":"Pasportizovaný strom","ID_STR":8161}},{"type":"Feature","geometry":{"type":"Point","coordinates":[13.3672493,49.7484418]},"properties":{"natural":"tree","ref:plzen:strom":8160,"RC":"Pasportizovaný strom","ID_STR":8160}},{"type":"Feature","geometry":{"type":"Point","coordinates":[13.3668452,49.7484106]},"properties":{"natural":"tree","ref:plzen:strom":8158,"RC":"Pasportizovaný strom","ID_STR":8158}},{"type":"Feature","geometry":{"type":"Point","coordinates":[13.3670319,49.74843]},"properties":{"natural":"tree","ref:plzen:strom":63366,"RC":"Pasportizovaný strom","ID_STR":63366}},{"type":"Feature","geometry":{"type":"Point","coordinates":[13.3669444,49.7484225]},"properties":{"natural":"tree","ref:plzen:strom":8159,"RC":"Pasportizovaný strom","ID_STR":8159}},{"type":"Feature","geometry":{"type":"Point","coordinates":[13.366478,49.7486709]},"properties":{"natural":"tree","ref:plzen:strom":8172,"RC":"Pasportizovaný strom","ID_STR":8172}},{"type":"Feature","geometry":{"type":"Point","coordinates":[13.3655998,49.7479026]},"properties":{"natural":"tree","ref:plzen:strom":63375,"RC":"Pasportizovaný strom","ID_STR":63375}},{"type":"Feature","geometry":{"type":"Point","coordinates":[13.3652232,49.7478744]},"properties":{"natural":"tree","ref:plzen:strom":63404,"RC":"Pasportizovaný strom","ID_STR":63404}},{"type":"Feature","geometry":{"type":"Point","coordinates":[13.3651944,49.747879]},"properties":{"natural":"tree","ref:plzen:strom":63403,"RC":"Pasportizovaný strom","ID_STR":63403}},{"type":"Feature","geometry":{"type":"Point","coordinates":[13.3655772,49.7479292]},"properties":{"natural":"tree","ref:plzen:strom":63373,"RC":"Pasportizovaný strom","ID_STR":63373}},{"type":"Feature","geometry":{"type":"Point","coordinates":[13.3656127,49.747951]},"properties":{"natural":"tree","ref:plzen:strom":63374,"RC":"Pasportizovaný strom","ID_STR":63374}},{"type":"Feature","geometry":{"type":"Point","coordinates":[13.3655353,49.7479462]},"properties":{"natural":"tree","ref:plzen:strom":63372,"RC":"Pasportizovaný strom","ID_STR":63372}},{"type":"Feature","geometry":{"type":"Point","coordinates":[13.3656214,49.7479813]},"properties":{"natural":"tree","ref:plzen:strom":63370,"RC":"Pasportizovaný strom","ID_STR":63370}},{"type":"Feature","geometry":{"type":"Point","coordinates":[13.3655491,49.7479843]},"properties":{"natural":"tree","ref:plzen:strom":63371,"RC":"Pasportizovaný strom","ID_STR":63371}},{"type":"Feature","geometry":{"type":"Point","coordinates":[13.3655686,49.7480204]},"properties":{"natural":"tree","ref:plzen:strom":63369,"RC":"Pasportizovaný strom","ID_STR":63369}},{"type":"Feature","geometry":{"type":"Point","coordinates":[13.3652322,49.7474572]},"properties":{"natural":"tree","ref:plzen:strom":63401,"RC":"Pasportizovaný strom","ID_STR":63401}},{"type":"Feature","geometry":{"type":"Point","coordinates":[13.3651923,49.7474519]},"properties":{"natural":"tree","ref:plzen:strom":63400,"RC":"Pasportizovaný strom","ID_STR":63400}},{"type":"Feature","geometry":{"type":"Point","coordinates":[13.3655916,49.747489]},"properties":{"natural":"tree","ref:plzen:strom":63377,"RC":"Pasportizovaný strom","ID_STR":63377}},{"type":"Feature","geometry":{"type":"Point","coordinates":[13.3651922,49.7474303]},"properties":{"natural":"tree","ref:plzen:strom":63399,"RC":"Pasportizovaný strom","ID_STR":63399}},{"type":"Feature","geometry":{"type":"Point","coordinates":[13.3655575,49.7474528]},"properties":{"natural":"tree","ref:plzen:strom":63379,"RC":"Pasportizovaný strom","ID_STR":63379}},{"type":"Feature","geometry":{"type":"Point","coordinates":[13.3651069,49.7473962]},"properties":{"natural":"tree","ref:plzen:strom":63385,"RC":"Pasportizovaný strom","ID_STR":63385}},{"type":"Feature","geometry":{"type":"Point","coordinates":[13.3655494,49.7474342]},"properties":{"natural":"tree","ref:plzen:strom":63380,"RC":"Pasportizovaný strom","ID_STR":63380}},{"type":"Feature","geometry":{"type":"Point","coordinates":[13.3652077,49.7473842]},"properties":{"natural":"tree","ref:plzen:strom":63384,"RC":"Pasportizovaný strom","ID_STR":63384}},{"type":"Feature","geometry":{"type":"Point","coordinates":[13.3655779,49.7474134]},"properties":{"natural":"tree","ref:plzen:strom":63378,"RC":"Pasportizovaný strom","ID_STR":63378}},{"type":"Feature","geometry":{"type":"Point","coordinates":[13.3655276,49.7474063]},"properties":{"natural":"tree","ref:plzen:strom":63381,"RC":"Pasportizovaný strom","ID_STR":63381}},{"type":"Feature","geometry":{"type":"Point","coordinates":[13.3654291,49.7473626]},"properties":{"natural":"tree","ref:plzen:strom":63383,"RC":"Pasportizovaný strom","ID_STR":63383}},{"type":"Feature","geometry":{"type":"Point","coordinates":[13.3655256,49.7473534]},"properties":{"natural":"tree","ref:plzen:strom":63382,"RC":"Pasportizovaný strom","ID_STR":63382}},{"type":"Feature","geometry":{"type":"Point","coordinates":[13.3650986,49.7475107]},"properties":{"natural":"tree","ref:plzen:strom":63402,"RC":"Pasportizovaný strom","ID_STR":63402}},{"type":"Feature","geometry":{"type":"Point","coordinates":[13.3655979,49.7476743]},"properties":{"natural":"tree","ref:plzen:strom":63376,"RC":"Pasportizovaný strom","ID_STR":63376}}]}