{"type": "FeatureCollection", "features": [{"type": "Feature", "geometry": {"type": "Point", "coordinates": [13.38265, 49.74572]}, "properties": {"name": "Anglické nábřeží", "gtfs:stop_id": "27", "wheelchair": "yes", "gtfs_wheelchair_boarding": "1", "stop_code": "54720/1", "osm_platform_within_30m": "yes", "osm_id": "node/1579899536", "osm_wheelchair": ""}}, {"type": "Feature", "geometry": {"type": "Point", "coordinates": [13.38266, 49.74564]}, "properties": {"name": "Anglické nábřeží", "gtfs:stop_id": "28", "wheelchair": "yes", "gtfs_wheelchair_boarding": "1", "stop_code": "54720/2", "osm_platform_within_30m": "yes", "osm_id": "node/1579899489", "osm_wheelchair": ""}}, {"type": "Feature", "geometry": {"type": "Point", "coordinates": [13.38207, 49.74654]}, "properties": {"name": "Anglické nábřeží", "gtfs:stop_id": "25", "wheelchair": "yes", "gtfs_wheelchair_boarding": "1", "stop_code": "54720/3", "osm_platform_within_30m": "yes", "osm_id": "node/7151032505", "osm_wheelchair": ""}}, {"type": "Feature", "geometry": {"type": "Point", "coordinates": [13.3825, 49.74638]}, "properties": {"name": "Anglické nábřeží", "gtfs:stop_id": "26", "wheelchair": "yes", "gtfs_wheelchair_boarding": "1", "stop_code": "54720/4", "osm_platform_within_30m": "yes", "osm_id": "node/7151032508", "osm_wheelchair": ""}}, {"type": "Feature", "geometry": {"type": "Point", "coordinates": [13.35076, 49.723061]}, "properties": {"name": "Západočeská univerzita", "gtfs:stop_id": "461", "wheelchair": "yes", "gtfs_wheelchair_boarding": "1", "stop_code": "57190/1", "osm_platform_within_30m": "yes", "osm_id": "node/1122191012", "osm_wheelchair": ""}}, {"type": "Feature", "geometry": {"type": "Point", "coordinates": [13.35217, 49.722931]}, "properties": {"name": "Západočeská univerzita", "gtfs:stop_id": "462", "wheelchair": "yes", "gtfs_wheelchair_boarding": "1", "stop_code": "57190/2", "osm_platform_within_30m": "yes", "osm_id": "node/1122191027", "osm_wheelchair": ""}}, {"type": "Feature", "geometry": {"type": "Point", "coordinates": [13.40903, 49.775879]}, "properties": {"name": "Bílá Hora", "gtfs:stop_id": "396", "wheelchair": "no", "gtfs_wheelchair_boarding": "2", "stop_code": "53191/1", "osm_platform_within_30m": "yes", "osm_id": "node/1658968459", "osm_wheelchair": ""}}, {"type": "Feature", "geometry": {"type": "Point", "coordinates": [13.40905, 49.775978]}, "properties": {"name": "Bílá Hora", "gtfs:stop_id": "395", "wheelchair": "no", "gtfs_wheelchair_boarding": "2", "stop_code": "53191/2", "osm_platform_within_30m": "yes", "osm_id": "node/1658968459", "osm_wheelchair": ""}}, {"type": "Feature", "geometry": {"type": "Point", "coordinates": [13.38347, 49.783951]}, "properties": {"name": "Bolevec", "gtfs:stop_id": "63", "wheelchair": "yes", "gtfs_wheelchair_boarding": "1", "stop_code": "57060/1", "osm_platform_within_30m": "yes", "osm_id": "way/37145242", "osm_wheelchair": ""}}, {"type": "Feature", "geometry": {"type": "Point", "coordinates": [13.38315, 49.783669]}, "properties": {"name": "Bolevec", "gtfs:stop_id": "64", "wheelchair": "yes", "gtfs_wheelchair_boarding": "1", "stop_code": "57060/2", "osm_platform_within_30m": "yes", "osm_id": "node/498872075", "osm_wheelchair": ""}}, {"type": "Feature", "geometry": {"type": "Point", "coordinates": [13.38349, 49.783718]}, "properties": {"name": "Bolevec", "gtfs:stop_id": "65", "wheelchair": "yes", "gtfs_wheelchair_boarding": "1", "stop_code": "57060/3", "osm_platform_within_30m": "yes", "osm_id": "node/2148223955", "osm_wheelchair": ""}}, {"type": "Feature", "geometry": {"type": "Point", "coordinates": [13.38376, 49.783791]}, "properties": {"name": "Bolevec", "gtfs:stop_id": "66", "wheelchair": "yes", "gtfs_wheelchair_boarding": "1", "stop_code": "57060/4", "osm_platform_within_30m": "yes", "osm_id": "node/2148223961", "osm_wheelchair": ""}}, {"type": "Feature", "geometry": {"type": "Point", "coordinates": [13.33814, 49.72633]}, "properties": {"name": "Vltava", "gtfs:stop_id": "465", "wheelchair": "yes", "gtfs_wheelchair_boarding": "1", "stop_code": "57138/1", "osm_platform_within_30m": "yes", "osm_id": "node/1122191025", "osm_wheelchair": ""}}, {"type": "Feature", "geometry": {"type": "Point", "coordinates": [13.33809, 49.72625]}, "properties": {"name": "Vltava", "gtfs:stop_id": "466", "wheelchair": "yes", "gtfs_wheelchair_boarding": "1", "stop_code": "57138/2", "osm_platform_within_30m": "yes", "osm_id": "node/1122191044", "osm_wheelchair": ""}}, {"type": "Feature", "geometry": {"type": "Point", "coordinates": [13.37404, 49.720421]}, "properties": {"name": "Sídliště Bory", "gtfs:stop_id": "344", "wheelchair": "yes", "gtfs_wheelchair_boarding": "1", "stop_code": "57065/1", "osm_platform_within_30m": "yes", "osm_id": "node/702164570", "osm_wheelchair": ""}}, {"type": "Feature", "geometry": {"type": "Point", "coordinates": [13.37352, 49.720459]}, "properties": {"name": "Sídliště Bory", "gtfs:stop_id": "345", "wheelchair": "yes", "gtfs_wheelchair_boarding": "1", "stop_code": "57065/2", "osm_platform_within_30m": "yes", "osm_id": "node/1122191029", "osm_wheelchair": ""}}, {"type": "Feature", "geometry": {"type": "Point", "coordinates": [13.36052, 49.721241]}, "properties": {"name": "Věznice Bory", "gtfs:stop_id": "407", "wheelchair": "no", "gtfs_wheelchair_boarding": "2", "stop_code": "57066/1", "osm_platform_within_30m": "yes", "osm_id": "node/1575982228", "osm_wheelchair": ""}}, {"type": "Feature", "geometry": {"type": "Point", "coordinates": [13.36168, 49.722359]}, "properties": {"name": "Věznice Bory", "gtfs:stop_id": "408", "wheelchair": "no", "gtfs_wheelchair_boarding": "2", "stop_code": "57066/2", "osm_platform_within_30m": "yes", "osm_id": "node/1575982232", "osm_wheelchair": "yes"}}, {"type": "Feature", "geometry": {"type": "Point", "coordinates": [13.4212, 49.73119]}, "properties": {"name": "Božkov", "gtfs:stop_id": "263", "wheelchair": "no", "gtfs_wheelchair_boarding": "2", "stop_code": "26937/1", "osm_platform_within_30m": "yes", "osm_id": "node/1963250373", "osm_wheelchair": ""}}, {"type": "Feature", "geometry": {"type": "Point", "coordinates": [13.42088, 49.730888]}, "properties": {"name": "Božkov", "gtfs:stop_id": "264", "wheelchair": "no", "gtfs_wheelchair_boarding": "2", "stop_code": "26937/2", "osm_platform_within_30m": "yes", "osm_id": "node/1963250369", "osm_wheelchair": ""}}, {"type": "Feature", "geometry": {"type": "Point", "coordinates": [13.42119, 49.731178]}, "properties": {"name": "Božkov", "gtfs:stop_id": "265", "wheelchair": "no", "gtfs_wheelchair_boarding": "2", "stop_code": "26937/3", "osm_platform_within_30m": "yes", "osm_id": "node/1963250373", "osm_wheelchair": ""}}, {"type": "Feature", "geometry": {"type": "Point", "coordinates": [13.35712, 49.76263]}, "properties": {"name": "Brněnská", "gtfs:stop_id": "483", "wheelchair": "yes", "gtfs_wheelchair_boarding": "1", "stop_code": "57067/1", "osm_platform_within_30m": "yes", "osm_id": "node/1582977631", "osm_wheelchair": ""}}, {"type": "Feature", "geometry": {"type": "Point", "coordinates": [13.35575, 49.763351]}, "properties": {"name": "Brněnská", "gtfs:stop_id": "484", "wheelchair": "yes", "gtfs_wheelchair_boarding": "1", "stop_code": "57067/2", "osm_platform_within_30m": "yes", "osm_id": "node/1582977665", "osm_wheelchair": ""}}, {"type": "Feature", "geometry": {"type": "Point", "coordinates": [13.40658, 49.730591]}, "properties": {"name": "Brojova", "gtfs:stop_id": "71", "wheelchair": "yes", "gtfs_wheelchair_boarding": "1", "stop_code": "57068/1", "osm_platform_within_30m": "yes", "osm_id": "node/3731120461", "osm_wheelchair": ""}}, {"type": "Feature", "geometry": {"type": "Point", "coordinates": [13.40693, 49.7304]}, "properties": {"name": "Brojova", "gtfs:stop_id": "72", "wheelchair": "yes", "gtfs_wheelchair_boarding": "1", "stop_code": "57068/2", "osm_platform_within_30m": "yes", "osm_id": "node/3731120461", "osm_wheelchair": ""}}, {"type": "Feature", "geometry": {"type": "Point", "coordinates": [13.41119, 49.712502]}, "properties": {"name": "Bručná", "gtfs:stop_id": "214", "wheelchair": "no", "gtfs_wheelchair_boarding": "2", "stop_code": "57070/1", "osm_platform_within_30m": "yes", "osm_id": "node/1579899542", "osm_wheelchair": ""}}, {"type": "Feature", "geometry": {"type": "Point", "coordinates": [13.41028, 49.713638]}, "properties": {"name": "Bručná", "gtfs:stop_id": "215", "wheelchair": "no", "gtfs_wheelchair_boarding": "2", "stop_code": "57070/2", "osm_platform_within_30m": "yes", "osm_id": "node/1579899590", "osm_wheelchair": ""}}, {"type": "Feature", "geometry": {"type": "Point", "coordinates": [13.35982, 49.761902]}, "properties": {"name": "Amfiteátr", "gtfs:stop_id": "485", "wheelchair": "yes", "gtfs_wheelchair_boarding": "1", "stop_code": "57071/1", "osm_platform_within_30m": "yes", "osm_id": "node/9277156664", "osm_wheelchair": ""}}, {"type": "Feature", "geometry": {"type": "Point", "coordinates": [13.35957, 49.76226]}, "properties": {"name": "Amfiteátr", "gtfs:stop_id": "486", "wheelchair": "yes", "gtfs_wheelchair_boarding": "1", "stop_code": "57071/2", "osm_platform_within_30m": "yes", "osm_id": "node/1582977674", "osm_wheelchair": ""}}, {"type": "Feature", "geometry": {"type": "Point", "coordinates": [13.44025, 49.769192]}, "properties": {"name": "Bukovec", "gtfs:stop_id": "532", "wheelchair": "no", "gtfs_wheelchair_boarding": "2", "stop_code": "57072/1", "osm_platform_within_30m": "yes", "osm_id": "node/2773282705", "osm_wheelchair": ""}}, {"type": "Feature", "geometry": {"type": "Point", "coordinates": [13.44042, 49.76915]}, "properties": {"name": "Bukovec", "gtfs:stop_id": "533", "wheelchair": "no", "gtfs_wheelchair_boarding": "2", "stop_code": "57072/2", "osm_platform_within_30m": "yes", "osm_id": "node/2773282705", "osm_wheelchair": ""}}, {"type": "Feature", "geometry": {"type": "Point", "coordinates": [13.36309, 49.74762]}, "properties": {"name": "CAN Skvrňanská", "gtfs:stop_id": "87", "wheelchair": "yes", "gtfs_wheelchair_boarding": "1", "stop_code": "57074/1", "osm_platform_within_30m": "yes", "osm_id": "node/957201059", "osm_wheelchair": ""}}, {"type": "Feature", "geometry": {"type": "Point", "coordinates": [13.36366, 49.747711]}, "properties": {"name": "CAN Skvrňanská", "gtfs:stop_id": "88", "wheelchair": "yes", "gtfs_wheelchair_boarding": "1", "stop_code": "57074/2", "osm_platform_within_30m": "yes", "osm_id": "node/957200517", "osm_wheelchair": ""}}, {"type": "Feature", "geometry": {"type": "Point", "coordinates": [13.40489, 49.735199]}, "properties": {"name": "Nádraží Slovany", "gtfs:stop_id": "272", "wheelchair": "yes", "gtfs_wheelchair_boarding": "1", "stop_code": "26939/1", "osm_platform_within_30m": "yes", "osm_id": "node/1120218658", "osm_wheelchair": ""}}, {"type": "Feature", "geometry": {"type": "Point", "coordinates": [13.40435, 49.735161]}, "properties": {"name": "Nádraží Slovany", "gtfs:stop_id": "273", "wheelchair": "yes", "gtfs_wheelchair_boarding": "1", "stop_code": "26939/2", "osm_platform_within_30m": "yes", "osm_id": "node/1120218655", "osm_wheelchair": ""}}, {"type": "Feature", "geometry": {"type": "Point", "coordinates": [13.40484, 49.736031]}, "properties": {"name": "Nádraží Slovany", "gtfs:stop_id": "270", "wheelchair": "yes", "gtfs_wheelchair_boarding": "1", "stop_code": "26939/3", "osm_platform_within_30m": "yes", "osm_id": "node/1963250446", "osm_wheelchair": "yes"}}, {"type": "Feature", "geometry": {"type": "Point", "coordinates": [13.40603, 49.735001]}, "properties": {"name": "Nádraží Slovany", "gtfs:stop_id": "271", "wheelchair": "yes", "gtfs_wheelchair_boarding": "1", "stop_code": "26939/4", "osm_platform_within_30m": "yes", "osm_id": "node/1963250434", "osm_wheelchair": ""}}, {"type": "Feature", "geometry": {"type": "Point", "coordinates": [13.414498, 49.708693]}, "properties": {"name": "Čechurov", "gtfs:stop_id": "217", "wheelchair": "no", "gtfs_wheelchair_boarding": "2", "stop_code": "53094/1", "osm_platform_within_30m": "yes", "osm_id": "node/1579900096", "osm_wheelchair": ""}}, {"type": "Feature", "geometry": {"type": "Point", "coordinates": [13.41379, 49.71003]}, "properties": {"name": "Čechurov", "gtfs:stop_id": "218", "wheelchair": "no", "gtfs_wheelchair_boarding": "2", "stop_code": "53094/2", "osm_platform_within_30m": "yes", "osm_id": "node/1585120326", "osm_wheelchair": ""}}, {"type": "Feature", "geometry": {"type": "Point", "coordinates": [13.4145, 49.709351]}, "properties": {"name": "Čechurov", "gtfs:stop_id": "216", "wheelchair": "no", "gtfs_wheelchair_boarding": "2", "stop_code": "53094/3", "osm_platform_within_30m": "yes", "osm_id": "node/12039907938", "osm_wheelchair": ""}}, {"type": "Feature", "geometry": {"type": "Point", "coordinates": [13.41808, 49.695591]}, "properties": {"name": "Černice", "gtfs:stop_id": "227", "wheelchair": "no", "gtfs_wheelchair_boarding": "2", "stop_code": "53192/1", "osm_platform_within_30m": "yes", "osm_id": "node/1579900138", "osm_wheelchair": ""}}, {"type": "Feature", "geometry": {"type": "Point", "coordinates": [13.41817, 49.695629]}, "properties": {"name": "Černice", "gtfs:stop_id": "228", "wheelchair": "no", "gtfs_wheelchair_boarding": "2", "stop_code": "53192/2", "osm_platform_within_30m": "yes", "osm_id": "node/1579900165", "osm_wheelchair": ""}}, {"type": "Feature", "geometry": {"type": "Point", "coordinates": [13.41951, 49.694592]}, "properties": {"name": "Černice", "gtfs:stop_id": "229", "wheelchair": "no", "gtfs_wheelchair_boarding": "2", "stop_code": "53192/3", "osm_platform_within_30m": "no"}}, {"type": "Feature", "geometry": {"type": "Point", "coordinates": [13.417406, 49.69885]}, "properties": {"name": "K Plzenci", "gtfs:stop_id": "223", "wheelchair": "no", "gtfs_wheelchair_boarding": "2", "stop_code": "53193/1", "osm_platform_within_30m": "yes", "osm_id": "node/1579900230", "osm_wheelchair": ""}}, {"type": "Feature", "geometry": {"type": "Point", "coordinates": [13.417511, 49.699047]}, "properties": {"name": "K Plzenci", "gtfs:stop_id": "224", "wheelchair": "no", "gtfs_wheelchair_boarding": "2", "stop_code": "53193/2", "osm_platform_within_30m": "yes", "osm_id": "node/1579900222", "osm_wheelchair": ""}}, {"type": "Feature", "geometry": {"type": "Point", "coordinates": [13.41664, 49.697189]}, "properties": {"name": "U Staré Kovárny", "gtfs:stop_id": "225", "wheelchair": "yes", "gtfs_wheelchair_boarding": "1", "stop_code": "53195/1", "osm_platform_within_30m": "yes", "osm_id": "node/1579900356", "osm_wheelchair": ""}}, {"type": "Feature", "geometry": {"type": "Point", "coordinates": [13.4167, 49.69743]}, "properties": {"name": "U Staré Kovárny", "gtfs:stop_id": "226", "wheelchair": "yes", "gtfs_wheelchair_boarding": "1", "stop_code": "53195/2", "osm_platform_within_30m": "yes", "osm_id": "node/1579900349", "osm_wheelchair": ""}}, {"type": "Feature", "geometry": {"type": "Point", "coordinates": [13.4588, 49.758099]}, "properties": {"name": "Červený Hrádek", "gtfs:stop_id": "630", "wheelchair": "no", "gtfs_wheelchair_boarding": "2", "stop_code": "26966/1", "osm_platform_within_30m": "yes", "osm_id": "node/1659511174", "osm_wheelchair": ""}}, {"type": "Feature", "geometry": {"type": "Point", "coordinates": [13.45728, 49.756821]}, "properties": {"name": "Červený Hrádek", "gtfs:stop_id": "631", "wheelchair": "no", "gtfs_wheelchair_boarding": "2", "stop_code": "26966/2", "osm_platform_within_30m": "yes", "osm_id": "node/1659511166", "osm_wheelchair": ""}}, {"type": "Feature", "geometry": {"type": "Point", "coordinates": [13.40367, 49.7621]}, "properties": {"name": "Čisticí stanice", "gtfs:stop_id": "390", "wheelchair": "yes", "gtfs_wheelchair_boarding": "1", "stop_code": "53197/1", "osm_platform_within_30m": "yes", "osm_id": "node/1541242720", "osm_wheelchair": ""}}, {"type": "Feature", "geometry": {"type": "Point", "coordinates": [13.40336, 49.762451]}, "properties": {"name": "Čisticí stanice", "gtfs:stop_id": "389", "wheelchair": "yes", "gtfs_wheelchair_boarding": "1", "stop_code": "53197/2", "osm_platform_within_30m": "yes", "osm_id": "node/1541242723", "osm_wheelchair": ""}}, {"type": "Feature", "geometry": {"type": "Point", "coordinates": [13.41668, 49.720051]}, "properties": {"name": "Hasičská stanice", "gtfs:stop_id": "429", "wheelchair": "yes", "gtfs_wheelchair_boarding": "1", "stop_code": "50736/1", "osm_platform_within_30m": "yes", "osm_id": "node/2601200969", "osm_wheelchair": ""}}, {"type": "Feature", "geometry": {"type": "Point", "coordinates": [13.41699, 49.718029]}, "properties": {"name": "Hasičská stanice", "gtfs:stop_id": "430", "wheelchair": "yes", "gtfs_wheelchair_boarding": "1", "stop_code": "50736/2", "osm_platform_within_30m": "yes", "osm_id": "node/2601200964", "osm_wheelchair": ""}}, {"type": "Feature", "geometry": {"type": "Point", "coordinates": [13.41654, 49.75375]}, "properties": {"name": "Poliklinika Doubravka", "gtfs:stop_id": "365", "wheelchair": "yes", "gtfs_wheelchair_boarding": "1", "stop_code": "57092/1", "osm_platform_within_30m": "yes", "osm_id": "node/1539905889", "osm_wheelchair": "yes"}}, {"type": "Feature", "geometry": {"type": "Point", "coordinates": [13.41852, 49.755081]}, "properties": {"name": "Poliklinika Doubravka", "gtfs:stop_id": "366", "wheelchair": "yes", "gtfs_wheelchair_boarding": "1", "stop_code": "57092/2", "osm_platform_within_30m": "yes", "osm_id": "node/1544965575", "osm_wheelchair": "yes"}}, {"type": "Feature", "geometry": {"type": "Point", "coordinates": [13.41721, 49.75499]}, "properties": {"name": "Poliklinika Doubravka", "gtfs:stop_id": "367", "wheelchair": "yes", "gtfs_wheelchair_boarding": "1", "stop_code": "57092/3", "osm_platform_within_30m": "yes", "osm_id": "node/1539905892", "osm_wheelchair": "yes"}}, {"type": "Feature", "geometry": {"type": "Point", "coordinates": [13.37009, 49.745468]}, "properties": {"name": "Divadlo J. K. Tyla", "gtfs:stop_id": "548", "wheelchair": "yes", "gtfs_wheelchair_boarding": "1", "stop_code": "54718/1", "osm_platform_within_30m": "yes", "osm_id": "node/1583016918", "osm_wheelchair": ""}}, {"type": "Feature", "geometry": {"type": "Point", "coordinates": [13.37114, 49.745289]}, "properties": {"name": "Divadlo J. K. Tyla", "gtfs:stop_id": "549", "wheelchair": "yes", "gtfs_wheelchair_boarding": "1", "stop_code": "54718/2", "osm_platform_within_30m": "yes", "osm_id": "node/1583260853", "osm_wheelchair": ""}}, {"type": "Feature", "geometry": {"type": "Point", "coordinates": [13.3712, 49.73481]}, "properties": {"name": "Dobrovského", "gtfs:stop_id": "142", "wheelchair": "yes", "gtfs_wheelchair_boarding": "1", "stop_code": "52926/1", "osm_platform_within_30m": "yes", "osm_id": "node/1120185698", "osm_wheelchair": "yes"}}, {"type": "Feature", "geometry": {"type": "Point", "coordinates": [13.37114, 49.73494]}, "properties": {"name": "Dobrovského", "gtfs:stop_id": "143", "wheelchair": "yes", "gtfs_wheelchair_boarding": "1", "stop_code": "52926/2", "osm_platform_within_30m": "yes", "osm_id": "node/1120185706", "osm_wheelchair": "yes"}}, {"type": "Feature", "geometry": {"type": "Point", "coordinates": [13.37044, 49.735439]}, "properties": {"name": "Dobrovského", "gtfs:stop_id": "140", "wheelchair": "yes", "gtfs_wheelchair_boarding": "1", "stop_code": "52926/3", "osm_platform_within_30m": "yes", "osm_id": "node/611664634", "osm_wheelchair": ""}}, {"type": "Feature", "geometry": {"type": "Point", "coordinates": [13.37024, 49.734299]}, "properties": {"name": "Dobrovského", "gtfs:stop_id": "141", "wheelchair": "yes", "gtfs_wheelchair_boarding": "1", "stop_code": "52926/4", "osm_platform_within_30m": "yes", "osm_id": "node/1610666598", "osm_wheelchair": ""}}, {"type": "Feature", "geometry": {"type": "Point", "coordinates": [13.42275, 49.75351]}, "properties": {"name": "Na Dlouhých", "gtfs:stop_id": "308", "wheelchair": "yes", "gtfs_wheelchair_boarding": "1", "stop_code": "26940/1", "osm_platform_within_30m": "yes", "osm_id": "node/1579899618", "osm_wheelchair": ""}}, {"type": "Feature", "geometry": {"type": "Point", "coordinates": [13.42254, 49.753342]}, "properties": {"name": "Na Dlouhých", "gtfs:stop_id": "309", "wheelchair": "yes", "gtfs_wheelchair_boarding": "1", "stop_code": "26940/2", "osm_platform_within_30m": "yes", "osm_id": "node/1579899611", "osm_wheelchair": ""}}, {"type": "Feature", "geometry": {"type": "Point", "coordinates": [13.42425, 49.758629]}, "properties": {"name": "Doubravka", "gtfs:stop_id": "357", "wheelchair": "yes", "gtfs_wheelchair_boarding": "1", "stop_code": "47344/1", "osm_platform_within_30m": "yes", "osm_id": "node/1546109947", "osm_wheelchair": "yes"}}, {"type": "Feature", "geometry": {"type": "Point", "coordinates": [13.42496, 49.75911]}, "properties": {"name": "Doubravka", "gtfs:stop_id": "358", "wheelchair": "yes", "gtfs_wheelchair_boarding": "1", "stop_code": "47344/2", "osm_platform_within_30m": "yes", "osm_id": "node/1576183966", "osm_wheelchair": "limited"}}, {"type": "Feature", "geometry": {"type": "Point", "coordinates": [13.42502, 49.758831]}, "properties": {"name": "Doubravka", "gtfs:stop_id": "362", "wheelchair": "yes", "gtfs_wheelchair_boarding": "1", "stop_code": "47344/3", "osm_platform_within_30m": "yes", "osm_id": "node/1659511041", "osm_wheelchair": "yes"}}, {"type": "Feature", "geometry": {"type": "Point", "coordinates": [13.4244, 49.75877]}, "properties": {"name": "Doubravka", "gtfs:stop_id": "361", "wheelchair": "yes", "gtfs_wheelchair_boarding": "1", "stop_code": "47344/4", "osm_platform_within_30m": "yes", "osm_id": "node/1546109947", "osm_wheelchair": "yes"}}, {"type": "Feature", "geometry": {"type": "Point", "coordinates": [13.4234, 49.759151]}, "properties": {"name": "Doubravka", "gtfs:stop_id": "359", "wheelchair": "yes", "gtfs_wheelchair_boarding": "1", "stop_code": "47344/5", "osm_platform_within_30m": "yes", "osm_id": "node/1600395637", "osm_wheelchair": "yes"}}, {"type": "Feature", "geometry": {"type": "Point", "coordinates": [13.42387, 49.758461]}, "properties": {"name": "Doubravka", "gtfs:stop_id": "360", "wheelchair": "yes", "gtfs_wheelchair_boarding": "1", "stop_code": "47344/6", "osm_platform_within_30m": "yes", "osm_id": "node/1600395625", "osm_wheelchair": "yes"}}, {"type": "Feature", "geometry": {"type": "Point", "coordinates": [13.38551, 49.721119]}, "properties": {"name": "Révová", "gtfs:stop_id": "332", "wheelchair": "yes", "gtfs_wheelchair_boarding": "1", "stop_code": "57141/1", "osm_platform_within_30m": "yes", "osm_id": "node/708034191", "osm_wheelchair": ""}}, {"type": "Feature", "geometry": {"type": "Point", "coordinates": [13.3856, 49.72134]}, "properties": {"name": "Révová", "gtfs:stop_id": "333", "wheelchair": "yes", "gtfs_wheelchair_boarding": "1", "stop_code": "57141/2", "osm_platform_within_30m": "yes", "osm_id": "node/708033472", "osm_wheelchair": ""}}, {"type": "Feature", "geometry": {"type": "Point", "coordinates": [13.38628, 49.727058]}, "properties": {"name": "Doudlevce ETZ", "gtfs:stop_id": "206", "wheelchair": "yes", "gtfs_wheelchair_boarding": "1", "stop_code": "26967/1", "osm_platform_within_30m": "yes", "osm_id": "node/1120185738", "osm_wheelchair": ""}}, {"type": "Feature", "geometry": {"type": "Point", "coordinates": [13.38469, 49.727779]}, "properties": {"name": "Doudlevce ETZ", "gtfs:stop_id": "207", "wheelchair": "yes", "gtfs_wheelchair_boarding": "1", "stop_code": "26967/2", "osm_platform_within_30m": "yes", "osm_id": "node/1120185692", "osm_wheelchair": ""}}, {"type": "Feature", "geometry": {"type": "Point", "coordinates": [13.40097, 49.731411]}, "properties": {"name": "Poliklinika Slovany", "gtfs:stop_id": "562", "wheelchair": "yes", "gtfs_wheelchair_boarding": "1", "stop_code": "57089/1", "osm_platform_within_30m": "yes", "osm_id": "node/1120218638", "osm_wheelchair": "yes"}}, {"type": "Feature", "geometry": {"type": "Point", "coordinates": [13.40092, 49.731159]}, "properties": {"name": "Poliklinika Slovany", "gtfs:stop_id": "563", "wheelchair": "yes", "gtfs_wheelchair_boarding": "1", "stop_code": "57089/2", "osm_platform_within_30m": "yes", "osm_id": "node/1120218660", "osm_wheelchair": "yes"}}, {"type": "Feature", "geometry": {"type": "Point", "coordinates": [13.3685, 49.72842]}, "properties": {"name": "Dvořákova", "gtfs:stop_id": "135", "wheelchair": "yes", "gtfs_wheelchair_boarding": "1", "stop_code": "57076/1", "osm_platform_within_30m": "yes", "osm_id": "node/39701200", "osm_wheelchair": ""}}, {"type": "Feature", "geometry": {"type": "Point", "coordinates": [13.36741, 49.7276]}, "properties": {"name": "Dvořákova", "gtfs:stop_id": "136", "wheelchair": "yes", "gtfs_wheelchair_boarding": "1", "stop_code": "57076/2", "osm_platform_within_30m": "yes", "osm_id": "node/39701247", "osm_wheelchair": ""}}, {"type": "Feature", "geometry": {"type": "Point", "coordinates": [13.49106, 49.77758]}, "properties": {"name": "Dýšina, náves", "gtfs:stop_id": "671", "wheelchair": "yes", "gtfs_wheelchair_boarding": "1", "stop_code": "53186/1", "osm_platform_within_30m": "yes", "osm_id": "node/1659511073", "osm_wheelchair": ""}}, {"type": "Feature", "geometry": {"type": "Point", "coordinates": [13.49326, 49.781269]}, "properties": {"name": "Dýšina, Armaturka", "gtfs:stop_id": "672", "wheelchair": "yes", "gtfs_wheelchair_boarding": "1", "stop_code": "7651/1", "osm_platform_within_30m": "yes", "osm_id": "node/2090876301", "osm_wheelchair": ""}}, {"type": "Feature", "geometry": {"type": "Point", "coordinates": [13.37557, 49.731331]}, "properties": {"name": "Nemocnice Bory", "gtfs:stop_id": "371", "wheelchair": "yes", "gtfs_wheelchair_boarding": "1", "stop_code": "47073/1", "osm_platform_within_30m": "yes", "osm_id": "node/1120185714", "osm_wheelchair": "yes"}}, {"type": "Feature", "geometry": {"type": "Point", "coordinates": [13.37502, 49.732819]}, "properties": {"name": "Nemocnice Bory", "gtfs:stop_id": "372", "wheelchair": "yes", "gtfs_wheelchair_boarding": "1", "stop_code": "47073/2", "osm_platform_within_30m": "yes", "osm_id": "node/1120185703", "osm_wheelchair": "yes"}}, {"type": "Feature", "geometry": {"type": "Point", "coordinates": [13.37976, 49.764099]}, "properties": {"name": "Nemocnice Lochotín", "gtfs:stop_id": "492", "wheelchair": "yes", "gtfs_wheelchair_boarding": "1", "stop_code": "53160/1", "osm_platform_within_30m": "yes", "osm_id": "node/1557560871", "osm_wheelchair": ""}}, {"type": "Feature", "geometry": {"type": "Point", "coordinates": [13.37955, 49.76413]}, "properties": {"name": "Nemocnice Lochotín", "gtfs:stop_id": "493", "wheelchair": "yes", "gtfs_wheelchair_boarding": "1", "stop_code": "53160/2", "osm_platform_within_30m": "yes", "osm_id": "node/1557560871", "osm_wheelchair": ""}}, {"type": "Feature", "geometry": {"type": "Point", "coordinates": [13.415697, 49.705744]}, "properties": {"name": "Fialková", "gtfs:stop_id": "219", "wheelchair": "yes", "gtfs_wheelchair_boarding": "1", "stop_code": "53198/1", "osm_platform_within_30m": "yes", "osm_id": "node/1579899634", "osm_wheelchair": ""}}, {"type": "Feature", "geometry": {"type": "Point", "coordinates": [13.41582, 49.705765]}, "properties": {"name": "Fialková", "gtfs:stop_id": "220", "wheelchair": "yes", "gtfs_wheelchair_boarding": "1", "stop_code": "53198/2", "osm_platform_within_30m": "yes", "osm_id": "node/1579899634", "osm_wheelchair": ""}}, {"type": "Feature", "geometry": {"type": "Point", "coordinates": [13.39436, 49.747768]}, "properties": {"name": "Gambrinus", "gtfs:stop_id": "242", "wheelchair": "yes", "gtfs_wheelchair_boarding": "1", "stop_code": "53199/1", "osm_platform_within_30m": "yes", "osm_id": "node/1576183976", "osm_wheelchair": ""}}, {"type": "Feature", "geometry": {"type": "Point", "coordinates": [13.39701, 49.74794]}, "properties": {"name": "Gambrinus", "gtfs:stop_id": "243", "wheelchair": "yes", "gtfs_wheelchair_boarding": "1", "stop_code": "53199/2", "osm_platform_within_30m": "no"}}, {"type": "Feature", "geometry": {"type": "Point", "coordinates": [13.3421, 49.723042]}, "properties": {"name": "Plochá dráha", "gtfs:stop_id": "617", "wheelchair": "yes", "gtfs_wheelchair_boarding": "1", "stop_code": "58739/1", "osm_platform_within_30m": "yes", "osm_id": "node/1950572709", "osm_wheelchair": ""}}, {"type": "Feature", "geometry": {"type": "Point", "coordinates": [13.34424, 49.722939]}, "properties": {"name": "Plochá dráha", "gtfs:stop_id": "618", "wheelchair": "yes", "gtfs_wheelchair_boarding": "1", "stop_code": "58739/2", "osm_platform_within_30m": "yes", "osm_id": "node/1950572706", "osm_wheelchair": ""}}, {"type": "Feature", "geometry": {"type": "Point", "coordinates": [13.3785, 49.743679]}, "properties": {"name": "Goethova", "gtfs:stop_id": "320", "wheelchair": "yes", "gtfs_wheelchair_boarding": "1", "stop_code": "57079/1", "osm_platform_within_30m": "yes", "osm_id": "node/1586232817", "osm_wheelchair": ""}}, {"type": "Feature", "geometry": {"type": "Point", "coordinates": [13.37861, 49.743771]}, "properties": {"name": "Goethova", "gtfs:stop_id": "321", "wheelchair": "yes", "gtfs_wheelchair_boarding": "1", "stop_code": "57079/2", "osm_platform_within_30m": "yes", "osm_id": "node/1579899750", "osm_wheelchair": ""}}, {"type": "Feature", "geometry": {"type": "Point", "coordinates": [13.39591, 49.737011]}, "properties": {"name": "Bazén Slovany", "gtfs:stop_id": "79", "wheelchair": "yes", "gtfs_wheelchair_boarding": "1", "stop_code": "57080/1", "osm_platform_within_30m": "yes", "osm_id": "node/3731225077", "osm_wheelchair": ""}}, {"type": "Feature", "geometry": {"type": "Point", "coordinates": [13.39667, 49.73621]}, "properties": {"name": "Bazén Slovany", "gtfs:stop_id": "80", "wheelchair": "yes", "gtfs_wheelchair_boarding": "1", "stop_code": "57080/2", "osm_platform_within_30m": "yes", "osm_id": "node/3731225082", "osm_wheelchair": ""}}, {"type": "Feature", "geometry": {"type": "Point", "coordinates": [13.42092, 49.757359]}, "properties": {"name": "Habrmannovo nám.", "gtfs:stop_id": "363", "wheelchair": "yes", "gtfs_wheelchair_boarding": "1", "stop_code": "50731/1", "osm_platform_within_30m": "yes", "osm_id": "node/1546109966", "osm_wheelchair": "yes"}}, {"type": "Feature", "geometry": {"type": "Point", "coordinates": [13.42154, 49.758011]}, "properties": {"name": "Habrmannovo nám.", "gtfs:stop_id": "364", "wheelchair": "yes", "gtfs_wheelchair_boarding": "1", "stop_code": "50731/2", "osm_platform_within_30m": "yes", "osm_id": "node/1546109977", "osm_wheelchair": "yes"}}, {"type": "Feature", "geometry": {"type": "Point", "coordinates": [13.39483, 49.709209]}, "properties": {"name": "Hradiště", "gtfs:stop_id": "709", "wheelchair": "no", "gtfs_wheelchair_boarding": "2", "stop_code": "57084/1", "osm_platform_within_30m": "yes", "osm_id": "node/1595508724", "osm_wheelchair": ""}}, {"type": "Feature", "geometry": {"type": "Point", "coordinates": [13.39493, 49.70924]}, "properties": {"name": "Hradiště", "gtfs:stop_id": "669", "wheelchair": "no", "gtfs_wheelchair_boarding": "2", "stop_code": "57084/2", "osm_platform_within_30m": "yes", "osm_id": "node/1595508724", "osm_wheelchair": ""}}, {"type": "Feature", "geometry": {"type": "Point", "coordinates": [13.42634, 49.7472]}, "properties": {"name": "Hřbitovní", "gtfs:stop_id": "234", "wheelchair": "yes", "gtfs_wheelchair_boarding": "1", "stop_code": "57085/1", "osm_platform_within_30m": "yes", "osm_id": "node/1581647725", "osm_wheelchair": ""}}, {"type": "Feature", "geometry": {"type": "Point", "coordinates": [13.42641, 49.74691]}, "properties": {"name": "Hřbitovní", "gtfs:stop_id": "235", "wheelchair": "yes", "gtfs_wheelchair_boarding": "1", "stop_code": "57085/2", "osm_platform_within_30m": "yes", "osm_id": "node/1581647714", "osm_wheelchair": ""}}, {"type": "Feature", "geometry": {"type": "Point", "coordinates": [13.39766, 49.71006]}, "properties": {"name": "K Řečišti", "gtfs:stop_id": "712", "wheelchair": "no", "gtfs_wheelchair_boarding": "2", "stop_code": "57095/1", "osm_platform_within_30m": "yes", "osm_id": "node/2773912470", "osm_wheelchair": ""}}, {"type": "Feature", "geometry": {"type": "Point", "coordinates": [13.39895, 49.71064]}, "properties": {"name": "K Řečišti", "gtfs:stop_id": "713", "wheelchair": "no", "gtfs_wheelchair_boarding": "2", "stop_code": "57095/2", "osm_platform_within_30m": "no"}}, {"type": "Feature", "geometry": {"type": "Point", "coordinates": [13.41285, 49.757118]}, "properties": {"name": "Husův park", "gtfs:stop_id": "543", "wheelchair": "yes", "gtfs_wheelchair_boarding": "1", "stop_code": "57086/1", "osm_platform_within_30m": "yes", "osm_id": "node/1539905887", "osm_wheelchair": ""}}, {"type": "Feature", "geometry": {"type": "Point", "coordinates": [13.41348, 49.756859]}, "properties": {"name": "Husův park", "gtfs:stop_id": "544", "wheelchair": "yes", "gtfs_wheelchair_boarding": "1", "stop_code": "57086/2", "osm_platform_within_30m": "yes", "osm_id": "node/1539905880", "osm_wheelchair": ""}}, {"type": "Feature", "geometry": {"type": "Point", "coordinates": [13.34174, 49.718639]}, "properties": {"name": "Chaty", "gtfs:stop_id": "494", "wheelchair": "no", "gtfs_wheelchair_boarding": "2", "stop_code": "53201/1", "osm_platform_within_30m": "yes", "osm_id": "node/1647492436", "osm_wheelchair": "limited"}}, {"type": "Feature", "geometry": {"type": "Point", "coordinates": [13.34159, 49.718418]}, "properties": {"name": "Chaty", "gtfs:stop_id": "495", "wheelchair": "no", "gtfs_wheelchair_boarding": "2", "stop_code": "53201/2", "osm_platform_within_30m": "yes", "osm_id": "node/1647492432", "osm_wheelchair": "limited"}}, {"type": "Feature", "geometry": {"type": "Point", "coordinates": [13.42753, 49.774639]}, "properties": {"name": "Chlumek", "gtfs:stop_id": "530", "wheelchair": "no", "gtfs_wheelchair_boarding": "2", "stop_code": "57087/1", "osm_platform_within_30m": "yes", "osm_id": "node/2773150698", "osm_wheelchair": ""}}, {"type": "Feature", "geometry": {"type": "Point", "coordinates": [13.4291, 49.774158]}, "properties": {"name": "Chlumek", "gtfs:stop_id": "531", "wheelchair": "no", "gtfs_wheelchair_boarding": "2", "stop_code": "57087/2", "osm_platform_within_30m": "yes", "osm_id": "node/2773150697", "osm_wheelchair": ""}}, {"type": "Feature", "geometry": {"type": "Point", "coordinates": [13.35318, 49.75423]}, "properties": {"name": "U Bouzků", "gtfs:stop_id": "601", "wheelchair": "no", "gtfs_wheelchair_boarding": "2", "stop_code": "26957/1", "osm_platform_within_30m": "yes", "osm_id": "node/1600182143", "osm_wheelchair": ""}}, {"type": "Feature", "geometry": {"type": "Point", "coordinates": [13.35416, 49.75391]}, "properties": {"name": "U Bouzků", "gtfs:stop_id": "602", "wheelchair": "no", "gtfs_wheelchair_boarding": "2", "stop_code": "26957/2", "osm_platform_within_30m": "no"}}, {"type": "Feature", "geometry": {"type": "Point", "coordinates": [13.49724, 49.798721]}, "properties": {"name": "Chrást, Lidový dům", "gtfs:stop_id": "676", "wheelchair": "no", "gtfs_wheelchair_boarding": "2", "stop_code": "53188/2", "osm_platform_within_30m": "yes", "osm_id": "node/2088793546", "osm_wheelchair": ""}}, {"type": "Feature", "geometry": {"type": "Point", "coordinates": [13.49687, 49.798241]}, "properties": {"name": "Chrást, Lidový dům", "gtfs:stop_id": "675", "wheelchair": "no", "gtfs_wheelchair_boarding": "2", "stop_code": "53188/3", "osm_platform_within_30m": "no"}}, {"type": "Feature", "geometry": {"type": "Point", "coordinates": [13.4935, 49.793282]}, "properties": {"name": "Chrást, ZŠ", "gtfs:stop_id": "673", "wheelchair": "no", "gtfs_wheelchair_boarding": "2", "stop_code": "53189/1", "osm_platform_within_30m": "yes", "osm_id": "node/2088793558", "osm_wheelchair": ""}}, {"type": "Feature", "geometry": {"type": "Point", "coordinates": [13.49297, 49.792931]}, "properties": {"name": "Chrást, ZŠ", "gtfs:stop_id": "674", "wheelchair": "no", "gtfs_wheelchair_boarding": "2", "stop_code": "53189/2", "osm_platform_within_30m": "yes", "osm_id": "node/2088793551", "osm_wheelchair": ""}}, {"type": "Feature", "geometry": {"type": "Point", "coordinates": [13.33427, 49.742359]}, "properties": {"name": "Školy Vejprnická", "gtfs:stop_id": "101", "wheelchair": "yes", "gtfs_wheelchair_boarding": "1", "stop_code": "57091/1", "osm_platform_within_30m": "yes", "osm_id": "node/957200507", "osm_wheelchair": ""}}, {"type": "Feature", "geometry": {"type": "Point", "coordinates": [13.33473, 49.742371]}, "properties": {"name": "Školy Vejprnická", "gtfs:stop_id": "102", "wheelchair": "yes", "gtfs_wheelchair_boarding": "1", "stop_code": "57091/2", "osm_platform_within_30m": "yes", "osm_id": "node/957200623", "osm_wheelchair": ""}}, {"type": "Feature", "geometry": {"type": "Point", "coordinates": [13.33334, 49.742249]}, "properties": {"name": "Školy Vejprnická", "gtfs:stop_id": "103", "wheelchair": "yes", "gtfs_wheelchair_boarding": "1", "stop_code": "57091/3", "osm_platform_within_30m": "yes", "osm_id": "node/1962920822", "osm_wheelchair": ""}}, {"type": "Feature", "geometry": {"type": "Point", "coordinates": [13.3332, 49.742039]}, "properties": {"name": "Školy Vejprnická", "gtfs:stop_id": "104", "wheelchair": "yes", "gtfs_wheelchair_boarding": "1", "stop_code": "57091/4", "osm_platform_within_30m": "yes", "osm_id": "node/1962920820", "osm_wheelchair": ""}}, {"type": "Feature", "geometry": {"type": "Point", "coordinates": [13.41361, 49.722439]}, "properties": {"name": "Jasmínová", "gtfs:stop_id": "431", "wheelchair": "no", "gtfs_wheelchair_boarding": "2", "stop_code": "57163/1", "osm_platform_within_30m": "yes", "osm_id": "node/10068439837", "osm_wheelchair": ""}}, {"type": "Feature", "geometry": {"type": "Point", "coordinates": [13.41366, 49.722191]}, "properties": {"name": "Jasmínová", "gtfs:stop_id": "432", "wheelchair": "no", "gtfs_wheelchair_boarding": "2", "stop_code": "57163/2", "osm_platform_within_30m": "yes", "osm_id": "node/1120140451", "osm_wheelchair": ""}}, {"type": "Feature", "geometry": {"type": "Point", "coordinates": [13.4022, 49.75164]}, "properties": {"name": "Teplárna", "gtfs:stop_id": "384", "wheelchair": "yes", "gtfs_wheelchair_boarding": "1", "stop_code": "53203/1", "osm_platform_within_30m": "yes", "osm_id": "node/1600395641", "osm_wheelchair": ""}}, {"type": "Feature", "geometry": {"type": "Point", "coordinates": [13.40259, 49.75267]}, "properties": {"name": "Teplárna", "gtfs:stop_id": "383", "wheelchair": "yes", "gtfs_wheelchair_boarding": "1", "stop_code": "53203/2", "osm_platform_within_30m": "yes", "osm_id": "node/1600395651", "osm_wheelchair": ""}}, {"type": "Feature", "geometry": {"type": "Point", "coordinates": [13.40371, 49.756088]}, "properties": {"name": "Jatky", "gtfs:stop_id": "386", "wheelchair": "yes", "gtfs_wheelchair_boarding": "1", "stop_code": "26947/1", "osm_platform_within_30m": "yes", "osm_id": "node/1600395656", "osm_wheelchair": ""}}, {"type": "Feature", "geometry": {"type": "Point", "coordinates": [13.40508, 49.757099]}, "properties": {"name": "Jatky", "gtfs:stop_id": "385", "wheelchair": "yes", "gtfs_wheelchair_boarding": "1", "stop_code": "26947/2", "osm_platform_within_30m": "yes", "osm_id": "node/1600395654", "osm_wheelchair": ""}}, {"type": "Feature", "geometry": {"type": "Point", "coordinates": [13.38946, 49.73597]}, "properties": {"name": "Jedlová", "gtfs:stop_id": "16", "wheelchair": "no", "gtfs_wheelchair_boarding": "2", "stop_code": "57093/1", "osm_platform_within_30m": "yes", "osm_id": "node/613730735", "osm_wheelchair": ""}}, {"type": "Feature", "geometry": {"type": "Point", "coordinates": [13.38985, 49.73542]}, "properties": {"name": "Jedlová", "gtfs:stop_id": "17", "wheelchair": "no", "gtfs_wheelchair_boarding": "2", "stop_code": "57093/2", "osm_platform_within_30m": "yes", "osm_id": "node/3731210902", "osm_wheelchair": ""}}, {"type": "Feature", "geometry": {"type": "Point", "coordinates": [13.36662, 49.739361]}, "properties": {"name": "Jižní Předměstí", "gtfs:stop_id": "185", "wheelchair": "yes", "gtfs_wheelchair_boarding": "1", "stop_code": "53258/1", "osm_platform_within_30m": "yes", "osm_id": "node/1120185716", "osm_wheelchair": ""}}, {"type": "Feature", "geometry": {"type": "Point", "coordinates": [13.36716, 49.74118]}, "properties": {"name": "Jižní Předměstí", "gtfs:stop_id": "182", "wheelchair": "yes", "gtfs_wheelchair_boarding": "1", "stop_code": "53258/2", "osm_platform_within_30m": "yes", "osm_id": "node/1576184059", "osm_wheelchair": ""}}, {"type": "Feature", "geometry": {"type": "Point", "coordinates": [13.365965, 49.739986]}, "properties": {"name": "Jižní Předměstí", "gtfs:stop_id": "183", "wheelchair": "yes", "gtfs_wheelchair_boarding": "1", "stop_code": "53258/3", "osm_platform_within_30m": "yes", "osm_id": "node/1581072050", "osm_wheelchair": ""}}, {"type": "Feature", "geometry": {"type": "Point", "coordinates": [13.3676, 49.739769]}, "properties": {"name": "Jižní Předměstí", "gtfs:stop_id": "184", "wheelchair": "yes", "gtfs_wheelchair_boarding": "1", "stop_code": "53258/4", "osm_platform_within_30m": "yes", "osm_id": "node/3951301887", "osm_wheelchair": ""}}, {"type": "Feature", "geometry": {"type": "Point", "coordinates": [13.37396, 49.765831]}, "properties": {"name": "K Nemocnici", "gtfs:stop_id": "490", "wheelchair": "yes", "gtfs_wheelchair_boarding": "1", "stop_code": "53161/1", "osm_platform_within_30m": "yes", "osm_id": "node/1557560897", "osm_wheelchair": ""}}, {"type": "Feature", "geometry": {"type": "Point", "coordinates": [13.37395, 49.76582]}, "properties": {"name": "K Nemocnici", "gtfs:stop_id": "491", "wheelchair": "yes", "gtfs_wheelchair_boarding": "1", "stop_code": "53161/2", "osm_platform_within_30m": "yes", "osm_id": "node/1557560897", "osm_wheelchair": ""}}, {"type": "Feature", "geometry": {"type": "Point", "coordinates": [13.3887, 49.780529]}, "properties": {"name": "K Prokopávce", "gtfs:stop_id": "576", "wheelchair": "no", "gtfs_wheelchair_boarding": "2", "stop_code": "57094/1", "osm_platform_within_30m": "yes", "osm_id": "node/1541242475", "osm_wheelchair": ""}}, {"type": "Feature", "geometry": {"type": "Point", "coordinates": [13.41833, 49.750092]}, "properties": {"name": "Ke Špitálskému lesu", "gtfs:stop_id": "310", "wheelchair": "yes", "gtfs_wheelchair_boarding": "1", "stop_code": "57099/1", "osm_platform_within_30m": "yes", "osm_id": "node/1579899758", "osm_wheelchair": ""}}, {"type": "Feature", "geometry": {"type": "Point", "coordinates": [13.41878, 49.750332]}, "properties": {"name": "Ke Špitálskému lesu", "gtfs:stop_id": "311", "wheelchair": "yes", "gtfs_wheelchair_boarding": "1", "stop_code": "57099/2", "osm_platform_within_30m": "yes", "osm_id": "node/1579899778", "osm_wheelchair": ""}}, {"type": "Feature", "geometry": {"type": "Point", "coordinates": [13.36596, 49.748932]}, "properties": {"name": "Kalikova", "gtfs:stop_id": "599", "wheelchair": "no", "gtfs_wheelchair_boarding": "2", "stop_code": "57096/1", "osm_platform_within_30m": "yes", "osm_id": "node/1600181959", "osm_wheelchair": ""}}, {"type": "Feature", "geometry": {"type": "Point", "coordinates": [13.36594, 49.749088]}, "properties": {"name": "Kalikova", "gtfs:stop_id": "600", "wheelchair": "no", "gtfs_wheelchair_boarding": "2", "stop_code": "57096/2", "osm_platform_within_30m": "yes", "osm_id": "node/1600181968", "osm_wheelchair": ""}}, {"type": "Feature", "geometry": {"type": "Point", "coordinates": [13.3575, 49.724251]}, "properties": {"name": "U Darebáka", "gtfs:stop_id": "459", "wheelchair": "yes", "gtfs_wheelchair_boarding": "1", "stop_code": "47343/1", "osm_platform_within_30m": "yes", "osm_id": "node/1647311081", "osm_wheelchair": "yes"}}, {"type": "Feature", "geometry": {"type": "Point", "coordinates": [13.35644, 49.72348]}, "properties": {"name": "U Darebáka", "gtfs:stop_id": "460", "wheelchair": "yes", "gtfs_wheelchair_boarding": "1", "stop_code": "47343/2", "osm_platform_within_30m": "yes", "osm_id": "node/1576066990", "osm_wheelchair": "yes"}}, {"type": "Feature", "geometry": {"type": "Point", "coordinates": [13.34684, 49.73156]}, "properties": {"name": "Ke Karlovu", "gtfs:stop_id": "295", "wheelchair": "yes", "gtfs_wheelchair_boarding": "1", "stop_code": "57097/1", "osm_platform_within_30m": "yes", "osm_id": "node/1547259112", "osm_wheelchair": ""}}, {"type": "Feature", "geometry": {"type": "Point", "coordinates": [13.34733, 49.731789]}, "properties": {"name": "Ke Karlovu", "gtfs:stop_id": "296", "wheelchair": "yes", "gtfs_wheelchair_boarding": "1", "stop_code": "57097/2", "osm_platform_within_30m": "yes", "osm_id": "node/1547417341", "osm_wheelchair": ""}}, {"type": "Feature", "geometry": {"type": "Point", "coordinates": [13.41731, 49.716301]}, "properties": {"name": "K Dráze", "gtfs:stop_id": "427", "wheelchair": "yes", "gtfs_wheelchair_boarding": "1", "stop_code": "50737/1", "osm_platform_within_30m": "yes", "osm_id": "node/1120140461", "osm_wheelchair": ""}}, {"type": "Feature", "geometry": {"type": "Point", "coordinates": [13.41701, 49.714169]}, "properties": {"name": "K Dráze", "gtfs:stop_id": "428", "wheelchair": "yes", "gtfs_wheelchair_boarding": "1", "stop_code": "50737/2", "osm_platform_within_30m": "yes", "osm_id": "node/1120140387", "osm_wheelchair": ""}}, {"type": "Feature", "geometry": {"type": "Point", "coordinates": [13.37307, 49.782242]}, "properties": {"name": "Košutka", "gtfs:stop_id": "174", "wheelchair": "yes", "gtfs_wheelchair_boarding": "1", "stop_code": "57100/1", "osm_platform_within_30m": "yes", "osm_id": "node/499556611", "osm_wheelchair": ""}}, {"type": "Feature", "geometry": {"type": "Point", "coordinates": [13.37247, 49.78241]}, "properties": {"name": "Košutka", "gtfs:stop_id": "175", "wheelchair": "yes", "gtfs_wheelchair_boarding": "1", "stop_code": "57100/2", "osm_platform_within_30m": "yes", "osm_id": "node/912575360", "osm_wheelchair": ""}}, {"type": "Feature", "geometry": {"type": "Point", "coordinates": [13.37136, 49.781658]}, "properties": {"name": "Košutka", "gtfs:stop_id": "177", "wheelchair": "yes", "gtfs_wheelchair_boarding": "1", "stop_code": "57100/3", "osm_platform_within_30m": "yes", "osm_id": "node/2778409131", "osm_wheelchair": ""}}, {"type": "Feature", "geometry": {"type": "Point", "coordinates": [13.37143, 49.781719]}, "properties": {"name": "Košutka", "gtfs:stop_id": "176", "wheelchair": "yes", "gtfs_wheelchair_boarding": "1", "stop_code": "57100/4", "osm_platform_within_30m": "yes", "osm_id": "node/2778409131", "osm_wheelchair": ""}}, {"type": "Feature", "geometry": {"type": "Point", "coordinates": [13.35491, 49.77795]}, "properties": {"name": "Sídliště Košutka", "gtfs:stop_id": "526", "wheelchair": "yes", "gtfs_wheelchair_boarding": "1", "stop_code": "53170/1", "osm_platform_within_30m": "yes", "osm_id": "node/1543052226", "osm_wheelchair": ""}}, {"type": "Feature", "geometry": {"type": "Point", "coordinates": [13.35453, 49.77747]}, "properties": {"name": "Sídliště Košutka", "gtfs:stop_id": "527", "wheelchair": "yes", "gtfs_wheelchair_boarding": "1", "stop_code": "53170/2", "osm_platform_within_30m": "yes", "osm_id": "node/1543052222", "osm_wheelchair": ""}}, {"type": "Feature", "geometry": {"type": "Point", "coordinates": [13.3546, 49.777611]}, "properties": {"name": "Sídliště Košutka", "gtfs:stop_id": "524", "wheelchair": "yes", "gtfs_wheelchair_boarding": "1", "stop_code": "53170/3", "osm_platform_within_30m": "yes", "osm_id": "node/1554810880", "osm_wheelchair": ""}}, {"type": "Feature", "geometry": {"type": "Point", "coordinates": [13.35492, 49.777649]}, "properties": {"name": "Sídliště Košutka", "gtfs:stop_id": "525", "wheelchair": "yes", "gtfs_wheelchair_boarding": "1", "stop_code": "53170/4", "osm_platform_within_30m": "yes", "osm_id": "node/1557476427", "osm_wheelchair": ""}}, {"type": "Feature", "geometry": {"type": "Point", "coordinates": [13.42827, 49.713909]}, "properties": {"name": "Koterov", "gtfs:stop_id": "421", "wheelchair": "no", "gtfs_wheelchair_boarding": "2", "stop_code": "50738/1", "osm_platform_within_30m": "yes", "osm_id": "node/595411406", "osm_wheelchair": ""}}, {"type": "Feature", "geometry": {"type": "Point", "coordinates": [13.4287, 49.713749]}, "properties": {"name": "Koterov", "gtfs:stop_id": "423", "wheelchair": "no", "gtfs_wheelchair_boarding": "2", "stop_code": "50738/2", "osm_platform_within_30m": "yes", "osm_id": "node/2601200972", "osm_wheelchair": ""}}, {"type": "Feature", "geometry": {"type": "Point", "coordinates": [13.42742, 49.714588]}, "properties": {"name": "Koterov", "gtfs:stop_id": "422", "wheelchair": "no", "gtfs_wheelchair_boarding": "2", "stop_code": "50738/3", "osm_platform_within_30m": "yes", "osm_id": "node/1120140420", "osm_wheelchair": ""}}, {"type": "Feature", "geometry": {"type": "Point", "coordinates": [13.40602, 49.759529]}, "properties": {"name": "Kovošrot", "gtfs:stop_id": "388", "wheelchair": "yes", "gtfs_wheelchair_boarding": "1", "stop_code": "53204/1", "osm_platform_within_30m": "yes", "osm_id": "node/1541242479", "osm_wheelchair": ""}}, {"type": "Feature", "geometry": {"type": "Point", "coordinates": [13.40613, 49.759918]}, "properties": {"name": "Kovošrot", "gtfs:stop_id": "387", "wheelchair": "yes", "gtfs_wheelchair_boarding": "1", "stop_code": "53204/2", "osm_platform_within_30m": "yes", "osm_id": "node/1541242484", "osm_wheelchair": ""}}, {"type": "Feature", "geometry": {"type": "Point", "coordinates": [13.40252, 49.732182]}, "properties": {"name": "Radnice Slovany", "gtfs:stop_id": "73", "wheelchair": "yes", "gtfs_wheelchair_boarding": "1", "stop_code": "57102/1", "osm_platform_within_30m": "yes", "osm_id": "node/11799236840", "osm_wheelchair": ""}}, {"type": "Feature", "geometry": {"type": "Point", "coordinates": [13.40287, 49.731949]}, "properties": {"name": "Radnice Slovany", "gtfs:stop_id": "74", "wheelchair": "yes", "gtfs_wheelchair_boarding": "1", "stop_code": "57102/2", "osm_platform_within_30m": "yes", "osm_id": "node/3731120524", "osm_wheelchair": ""}}, {"type": "Feature", "geometry": {"type": "Point", "coordinates": [13.40256, 49.732239]}, "properties": {"name": "Radnice Slovany", "gtfs:stop_id": "75", "wheelchair": "yes", "gtfs_wheelchair_boarding": "1", "stop_code": "57102/3", "osm_platform_within_30m": "yes", "osm_id": "node/11799236840", "osm_wheelchair": ""}}, {"type": "Feature", "geometry": {"type": "Point", "coordinates": [13.40255, 49.73201]}, "properties": {"name": "Radnice Slovany", "gtfs:stop_id": "76", "wheelchair": "yes", "gtfs_wheelchair_boarding": "1", "stop_code": "57102/4", "osm_platform_within_30m": "yes", "osm_id": "node/11799236839", "osm_wheelchair": ""}}, {"type": "Feature", "geometry": {"type": "Point", "coordinates": [13.30236, 49.75338]}, "properties": {"name": "Křimice", "gtfs:stop_id": "616", "wheelchair": "yes", "gtfs_wheelchair_boarding": "1", "stop_code": "53162/1", "osm_platform_within_30m": "yes", "osm_id": "node/1600181995", "osm_wheelchair": ""}}, {"type": "Feature", "geometry": {"type": "Point", "coordinates": [13.30223, 49.753368]}, "properties": {"name": "Křimice", "gtfs:stop_id": "615", "wheelchair": "yes", "gtfs_wheelchair_boarding": "1", "stop_code": "53162/2", "osm_platform_within_30m": "yes", "osm_id": "node/1600181995", "osm_wheelchair": ""}}, {"type": "Feature", "geometry": {"type": "Point", "coordinates": [13.30659, 49.75618]}, "properties": {"name": "Chebská", "gtfs:stop_id": "625", "wheelchair": "yes", "gtfs_wheelchair_boarding": "1", "stop_code": "47349/1", "osm_platform_within_30m": "yes", "osm_id": "node/1600182004", "osm_wheelchair": ""}}, {"type": "Feature", "geometry": {"type": "Point", "coordinates": [13.30646, 49.75634]}, "properties": {"name": "Chebská", "gtfs:stop_id": "624", "wheelchair": "yes", "gtfs_wheelchair_boarding": "1", "stop_code": "47349/2", "osm_platform_within_30m": "yes", "osm_id": "node/1600182015", "osm_wheelchair": ""}}, {"type": "Feature", "geometry": {"type": "Point", "coordinates": [13.30756, 49.758781]}, "properties": {"name": "Zámecké náměstí", "gtfs:stop_id": "613", "wheelchair": "yes", "gtfs_wheelchair_boarding": "1", "stop_code": "57103/1", "osm_platform_within_30m": "yes", "osm_id": "node/1600182030", "osm_wheelchair": ""}}, {"type": "Feature", "geometry": {"type": "Point", "coordinates": [13.3076, 49.758621]}, "properties": {"name": "Zámecké náměstí", "gtfs:stop_id": "614", "wheelchair": "yes", "gtfs_wheelchair_boarding": "1", "stop_code": "57103/2", "osm_platform_within_30m": "yes", "osm_id": "node/1600182024", "osm_wheelchair": ""}}, {"type": "Feature", "geometry": {"type": "Point", "coordinates": [13.35102, 49.745529]}, "properties": {"name": "Přední Skvrňany", "gtfs:stop_id": "93", "wheelchair": "no", "gtfs_wheelchair_boarding": "2", "stop_code": "57104/1", "osm_platform_within_30m": "yes", "osm_id": "node/74173682", "osm_wheelchair": ""}}, {"type": "Feature", "geometry": {"type": "Point", "coordinates": [13.35004, 49.745239]}, "properties": {"name": "Přední Skvrňany", "gtfs:stop_id": "94", "wheelchair": "no", "gtfs_wheelchair_boarding": "2", "stop_code": "57104/2", "osm_platform_within_30m": "yes", "osm_id": "node/957200656", "osm_wheelchair": ""}}, {"type": "Feature", "geometry": {"type": "Point", "coordinates": [13.48469, 49.75491]}, "properties": {"name": "Kyšice", "gtfs:stop_id": "670", "wheelchair": "no", "gtfs_wheelchair_boarding": "2", "stop_code": "17376/2", "osm_platform_within_30m": "yes", "osm_id": "node/1659511084", "osm_wheelchair": ""}}, {"type": "Feature", "geometry": {"type": "Point", "coordinates": [13.410526, 49.748216]}, "properties": {"name": "Letná", "gtfs:stop_id": "238", "wheelchair": "no", "gtfs_wheelchair_boarding": "2", "stop_code": "57108/1", "osm_platform_within_30m": "yes", "osm_id": "node/2654716987", "osm_wheelchair": ""}}, {"type": "Feature", "geometry": {"type": "Point", "coordinates": [13.41097, 49.74789]}, "properties": {"name": "Letná", "gtfs:stop_id": "239", "wheelchair": "no", "gtfs_wheelchair_boarding": "2", "stop_code": "57108/2", "osm_platform_within_30m": "yes", "osm_id": "node/1581072060", "osm_wheelchair": ""}}, {"type": "Feature", "geometry": {"type": "Point", "coordinates": [13.39174, 49.73344]}, "properties": {"name": "Liliová", "gtfs:stop_id": "14", "wheelchair": "yes", "gtfs_wheelchair_boarding": "1", "stop_code": "57109/1", "osm_platform_within_30m": "yes", "osm_id": "node/3731210903", "osm_wheelchair": ""}}, {"type": "Feature", "geometry": {"type": "Point", "coordinates": [13.3919, 49.733158]}, "properties": {"name": "Liliová", "gtfs:stop_id": "15", "wheelchair": "yes", "gtfs_wheelchair_boarding": "1", "stop_code": "57109/2", "osm_platform_within_30m": "yes", "osm_id": "node/613730703", "osm_wheelchair": ""}}, {"type": "Feature", "geometry": {"type": "Point", "coordinates": [13.35404, 49.70039]}, "properties": {"name": "Přeučilova", "gtfs:stop_id": "415", "wheelchair": "no", "gtfs_wheelchair_boarding": "2", "stop_code": "47351/1", "osm_platform_within_30m": "yes", "osm_id": "node/1575982236", "osm_wheelchair": ""}}, {"type": "Feature", "geometry": {"type": "Point", "coordinates": [13.35429, 49.700779]}, "properties": {"name": "Přeučilova", "gtfs:stop_id": "416", "wheelchair": "no", "gtfs_wheelchair_boarding": "2", "stop_code": "47351/2", "osm_platform_within_30m": "yes", "osm_id": "node/1575982241", "osm_wheelchair": ""}}, {"type": "Feature", "geometry": {"type": "Point", "coordinates": [13.35443, 49.774948]}, "properties": {"name": "Hokejová hala", "gtfs:stop_id": "583", "wheelchair": "yes", "gtfs_wheelchair_boarding": "1", "stop_code": "57083/1", "osm_platform_within_30m": "yes", "osm_id": "node/1543052218", "osm_wheelchair": "yes"}}, {"type": "Feature", "geometry": {"type": "Point", "coordinates": [13.35358, 49.774521]}, "properties": {"name": "Hokejová hala", "gtfs:stop_id": "584", "wheelchair": "yes", "gtfs_wheelchair_boarding": "1", "stop_code": "57083/2", "osm_platform_within_30m": "yes", "osm_id": "node/1543052208", "osm_wheelchair": "yes"}}, {"type": "Feature", "geometry": {"type": "Point", "coordinates": [13.411867, 49.742195]}, "properties": {"name": "Lobzy", "gtfs:stop_id": "346", "wheelchair": "no", "gtfs_wheelchair_boarding": "2", "stop_code": "57110/1", "osm_platform_within_30m": "yes", "osm_id": "node/1581227574", "osm_wheelchair": ""}}, {"type": "Feature", "geometry": {"type": "Point", "coordinates": [13.411243, 49.742225]}, "properties": {"name": "Lobzy", "gtfs:stop_id": "347", "wheelchair": "no", "gtfs_wheelchair_boarding": "2", "stop_code": "57110/2", "osm_platform_within_30m": "yes", "osm_id": "node/1587430353", "osm_wheelchair": ""}}, {"type": "Feature", "geometry": {"type": "Point", "coordinates": [13.34975, 49.734921]}, "properties": {"name": "Karlov", "gtfs:stop_id": "353", "wheelchair": "yes", "gtfs_wheelchair_boarding": "1", "stop_code": "53205/1", "osm_platform_within_30m": "yes", "osm_id": "node/1547417345", "osm_wheelchair": ""}}, {"type": "Feature", "geometry": {"type": "Point", "coordinates": [13.35083, 49.73505]}, "properties": {"name": "Karlov", "gtfs:stop_id": "354", "wheelchair": "yes", "gtfs_wheelchair_boarding": "1", "stop_code": "53205/2", "osm_platform_within_30m": "yes", "osm_id": "node/1547417347", "osm_wheelchair": ""}}, {"type": "Feature", "geometry": {"type": "Point", "coordinates": [13.351175, 49.735783]}, "properties": {"name": "Karlov", "gtfs:stop_id": "771", "wheelchair": "yes", "gtfs_wheelchair_boarding": "1", "stop_code": "53205/3", "osm_platform_within_30m": "no"}}, {"type": "Feature", "geometry": {"type": "Point", "coordinates": [13.37695, 49.771358]}, "properties": {"name": "Majakovského", "gtfs:stop_id": "51", "wheelchair": "yes", "gtfs_wheelchair_boarding": "1", "stop_code": "57113/1", "osm_platform_within_30m": "yes", "osm_id": "node/956920252", "osm_wheelchair": ""}}, {"type": "Feature", "geometry": {"type": "Point", "coordinates": [13.37674, 49.771069]}, "properties": {"name": "Majakovského", "gtfs:stop_id": "52", "wheelchair": "yes", "gtfs_wheelchair_boarding": "1", "stop_code": "57113/2", "osm_platform_within_30m": "yes", "osm_id": "node/956920223", "osm_wheelchair": ""}}, {"type": "Feature", "geometry": {"type": "Point", "coordinates": [13.377, 49.771759]}, "properties": {"name": "Majakovského", "gtfs:stop_id": "53", "wheelchair": "yes", "gtfs_wheelchair_boarding": "1", "stop_code": "57113/3", "osm_platform_within_30m": "no"}}, {"type": "Feature", "geometry": {"type": "Point", "coordinates": [13.37682, 49.77087]}, "properties": {"name": "Majakovského", "gtfs:stop_id": "54", "wheelchair": "yes", "gtfs_wheelchair_boarding": "1", "stop_code": "57113/4", "osm_platform_within_30m": "yes", "osm_id": "node/956920223", "osm_wheelchair": ""}}, {"type": "Feature", "geometry": {"type": "Point", "coordinates": [13.34626, 49.74456]}, "properties": {"name": "Malesická", "gtfs:stop_id": "95", "wheelchair": "yes", "gtfs_wheelchair_boarding": "1", "stop_code": "57114/1", "osm_platform_within_30m": "yes", "osm_id": "node/74162771", "osm_wheelchair": ""}}, {"type": "Feature", "geometry": {"type": "Point", "coordinates": [13.34674, 49.744621]}, "properties": {"name": "Malesická", "gtfs:stop_id": "96", "wheelchair": "yes", "gtfs_wheelchair_boarding": "1", "stop_code": "57114/2", "osm_platform_within_30m": "yes", "osm_id": "node/957201392", "osm_wheelchair": ""}}, {"type": "Feature", "geometry": {"type": "Point", "coordinates": [13.34561, 49.744549]}, "properties": {"name": "Malesická", "gtfs:stop_id": "97", "wheelchair": "yes", "gtfs_wheelchair_boarding": "1", "stop_code": "57114/3", "osm_platform_within_30m": "yes", "osm_id": "node/1963098208", "osm_wheelchair": ""}}, {"type": "Feature", "geometry": {"type": "Point", "coordinates": [13.34663, 49.744492]}, "properties": {"name": "Malesická", "gtfs:stop_id": "98", "wheelchair": "yes", "gtfs_wheelchair_boarding": "1", "stop_code": "57114/4", "osm_platform_within_30m": "yes", "osm_id": "node/1963098191", "osm_wheelchair": ""}}, {"type": "Feature", "geometry": {"type": "Point", "coordinates": [13.39157, 49.72504]}, "properties": {"name": "Vodárna", "gtfs:stop_id": "208", "wheelchair": "yes", "gtfs_wheelchair_boarding": "1", "stop_code": "57116/1", "osm_platform_within_30m": "yes", "osm_id": "node/768539774", "osm_wheelchair": ""}}, {"type": "Feature", "geometry": {"type": "Point", "coordinates": [13.39096, 49.725311]}, "properties": {"name": "Vodárna", "gtfs:stop_id": "209", "wheelchair": "yes", "gtfs_wheelchair_boarding": "1", "stop_code": "57116/2", "osm_platform_within_30m": "yes", "osm_id": "node/768540152", "osm_wheelchair": ""}}, {"type": "Feature", "geometry": {"type": "Point", "coordinates": [13.47018, 49.701061]}, "properties": {"name": "Starý Plzenec, Malá Strana", "gtfs:stop_id": "650", "wheelchair": "no", "gtfs_wheelchair_boarding": "2", "stop_code": "50749/1", "osm_platform_within_30m": "yes", "osm_id": "node/2229444747", "osm_wheelchair": ""}}, {"type": "Feature", "geometry": {"type": "Point", "coordinates": [13.4694, 49.7015]}, "properties": {"name": "Starý Plzenec, Malá Strana", "gtfs:stop_id": "651", "wheelchair": "no", "gtfs_wheelchair_boarding": "2", "stop_code": "50749/2", "osm_platform_within_30m": "yes", "osm_id": "node/2229444749", "osm_wheelchair": ""}}, {"type": "Feature", "geometry": {"type": "Point", "coordinates": [13.38887, 49.775299]}, "properties": {"name": "Malý Bolevec", "gtfs:stop_id": "574", "wheelchair": "no", "gtfs_wheelchair_boarding": "2", "stop_code": "57117/1", "osm_platform_within_30m": "yes", "osm_id": "node/1541242487", "osm_wheelchair": ""}}, {"type": "Feature", "geometry": {"type": "Point", "coordinates": [13.3893, 49.776192]}, "properties": {"name": "Malý Bolevec", "gtfs:stop_id": "575", "wheelchair": "no", "gtfs_wheelchair_boarding": "2", "stop_code": "57117/2", "osm_platform_within_30m": "yes", "osm_id": "node/1541242489", "osm_wheelchair": ""}}, {"type": "Feature", "geometry": {"type": "Point", "coordinates": [13.37161, 49.741482]}, "properties": {"name": "Masarykovo náměstí", "gtfs:stop_id": "148", "wheelchair": "yes", "gtfs_wheelchair_boarding": "1", "stop_code": "57118/1", "osm_platform_within_30m": "yes", "osm_id": "node/134749528", "osm_wheelchair": ""}}, {"type": "Feature", "geometry": {"type": "Point", "coordinates": [13.37149, 49.7411]}, "properties": {"name": "Masarykovo náměstí", "gtfs:stop_id": "149", "wheelchair": "yes", "gtfs_wheelchair_boarding": "1", "stop_code": "57118/2", "osm_platform_within_30m": "yes", "osm_id": "node/611664636", "osm_wheelchair": ""}}, {"type": "Feature", "geometry": {"type": "Point", "coordinates": [13.38749, 49.738251]}, "properties": {"name": "Mikulášské náměstí", "gtfs:stop_id": "18", "wheelchair": "yes", "gtfs_wheelchair_boarding": "1", "stop_code": "57119/1", "osm_platform_within_30m": "yes", "osm_id": "node/613730744", "osm_wheelchair": ""}}, {"type": "Feature", "geometry": {"type": "Point", "coordinates": [13.38789, 49.737621]}, "properties": {"name": "Mikulášské náměstí", "gtfs:stop_id": "19", "wheelchair": "yes", "gtfs_wheelchair_boarding": "1", "stop_code": "57119/2", "osm_platform_within_30m": "yes", "osm_id": "node/3731210899", "osm_wheelchair": ""}}, {"type": "Feature", "geometry": {"type": "Point", "coordinates": [13.38678, 49.73933]}, "properties": {"name": "Mikulášské náměstí", "gtfs:stop_id": "20", "wheelchair": "yes", "gtfs_wheelchair_boarding": "1", "stop_code": "57119/3", "osm_platform_within_30m": "yes", "osm_id": "node/2617801792", "osm_wheelchair": ""}}, {"type": "Feature", "geometry": {"type": "Point", "coordinates": [13.37685, 49.743488]}, "properties": {"name": "Mrakodrap", "gtfs:stop_id": "194", "wheelchair": "yes", "gtfs_wheelchair_boarding": "1", "stop_code": "53078/1", "osm_platform_within_30m": "yes", "osm_id": "node/643298663", "osm_wheelchair": ""}}, {"type": "Feature", "geometry": {"type": "Point", "coordinates": [13.37739, 49.74332]}, "properties": {"name": "Mrakodrap", "gtfs:stop_id": "193", "wheelchair": "yes", "gtfs_wheelchair_boarding": "1", "stop_code": "53078/2", "osm_platform_within_30m": "yes", "osm_id": "node/643298214", "osm_wheelchair": ""}}, {"type": "Feature", "geometry": {"type": "Point", "coordinates": [13.37739, 49.74332]}, "properties": {"name": "Mrakodrap", "gtfs:stop_id": "195", "wheelchair": "yes", "gtfs_wheelchair_boarding": "1", "stop_code": "53078/4", "osm_platform_within_30m": "yes", "osm_id": "node/643298214", "osm_wheelchair": ""}}, {"type": "Feature", "geometry": {"type": "Point", "coordinates": [13.37559, 49.769321]}, "properties": {"name": "Mozartova", "gtfs:stop_id": "49", "wheelchair": "yes", "gtfs_wheelchair_boarding": "1", "stop_code": "57122/1", "osm_platform_within_30m": "yes", "osm_id": "node/1610853622", "osm_wheelchair": ""}}, {"type": "Feature", "geometry": {"type": "Point", "coordinates": [13.37486, 49.768349]}, "properties": {"name": "Mozartova", "gtfs:stop_id": "50", "wheelchair": "yes", "gtfs_wheelchair_boarding": "1", "stop_code": "57122/2", "osm_platform_within_30m": "yes", "osm_id": "node/1610853614", "osm_wheelchair": ""}}, {"type": "Feature", "geometry": {"type": "Point", "coordinates": [13.41468, 49.749901]}, "properties": {"name": "Ke Kukačce", "gtfs:stop_id": "312", "wheelchair": "no", "gtfs_wheelchair_boarding": "2", "stop_code": "57123/1", "osm_platform_within_30m": "yes", "osm_id": "node/1579899795", "osm_wheelchair": ""}}, {"type": "Feature", "geometry": {"type": "Point", "coordinates": [13.41508, 49.74976]}, "properties": {"name": "Ke Kukačce", "gtfs:stop_id": "313", "wheelchair": "no", "gtfs_wheelchair_boarding": "2", "stop_code": "57123/2", "osm_platform_within_30m": "yes", "osm_id": "node/1579899786", "osm_wheelchair": ""}}, {"type": "Feature", "geometry": {"type": "Point", "coordinates": [13.36447, 49.762001]}, "properties": {"name": "Lochotínský pavilón", "gtfs:stop_id": "487", "wheelchair": "no", "gtfs_wheelchair_boarding": "2", "stop_code": "57124/2", "osm_platform_within_30m": "yes", "osm_id": "node/1582977699", "osm_wheelchair": ""}}, {"type": "Feature", "geometry": {"type": "Point", "coordinates": [13.39741, 49.771179]}, "properties": {"name": "Bolevecký rybník", "gtfs:stop_id": "572", "wheelchair": "yes", "gtfs_wheelchair_boarding": "1", "stop_code": "57125/1", "osm_platform_within_30m": "yes", "osm_id": "node/1541242490", "osm_wheelchair": ""}}, {"type": "Feature", "geometry": {"type": "Point", "coordinates": [13.39694, 49.771309]}, "properties": {"name": "Bolevecký rybník", "gtfs:stop_id": "573", "wheelchair": "yes", "gtfs_wheelchair_boarding": "1", "stop_code": "57125/2", "osm_platform_within_30m": "yes", "osm_id": "node/1541242491", "osm_wheelchair": ""}}, {"type": "Feature", "geometry": {"type": "Point", "coordinates": [13.45177, 49.75626]}, "properties": {"name": "Na Rozcestí", "gtfs:stop_id": "628", "wheelchair": "no", "gtfs_wheelchair_boarding": "2", "stop_code": "50728/1", "osm_platform_within_30m": "yes", "osm_id": "node/1659511109", "osm_wheelchair": ""}}, {"type": "Feature", "geometry": {"type": "Point", "coordinates": [13.45171, 49.75629]}, "properties": {"name": "Na Rozcestí", "gtfs:stop_id": "629", "wheelchair": "no", "gtfs_wheelchair_boarding": "2", "stop_code": "50728/2", "osm_platform_within_30m": "yes", "osm_id": "node/1659511109", "osm_wheelchair": ""}}, {"type": "Feature", "geometry": {"type": "Point", "coordinates": [13.4148, 49.73304]}, "properties": {"name": "Na Spojce", "gtfs:stop_id": "266", "wheelchair": "no", "gtfs_wheelchair_boarding": "2", "stop_code": "53079/1", "osm_platform_within_30m": "yes", "osm_id": "node/1963250409", "osm_wheelchair": ""}}, {"type": "Feature", "geometry": {"type": "Point", "coordinates": [13.41414, 49.733089]}, "properties": {"name": "Na Spojce", "gtfs:stop_id": "267", "wheelchair": "no", "gtfs_wheelchair_boarding": "2", "stop_code": "53079/2", "osm_platform_within_30m": "yes", "osm_id": "node/1963250412", "osm_wheelchair": ""}}, {"type": "Feature", "geometry": {"type": "Point", "coordinates": [13.36031, 49.7757]}, "properties": {"name": "Žlutická", "gtfs:stop_id": "579", "wheelchair": "yes", "gtfs_wheelchair_boarding": "1", "stop_code": "53163/1", "osm_platform_within_30m": "yes", "osm_id": "node/1541242502", "osm_wheelchair": ""}}, {"type": "Feature", "geometry": {"type": "Point", "coordinates": [13.36261, 49.775558]}, "properties": {"name": "Žlutická", "gtfs:stop_id": "580", "wheelchair": "yes", "gtfs_wheelchair_boarding": "1", "stop_code": "53163/2", "osm_platform_within_30m": "yes", "osm_id": "node/1541242501", "osm_wheelchair": ""}}, {"type": "Feature", "geometry": {"type": "Point", "coordinates": [13.39925, 49.733871]}, "properties": {"name": "Nám. Generála Píky", "gtfs:stop_id": "77", "wheelchair": "yes", "gtfs_wheelchair_boarding": "1", "stop_code": "57127/1", "osm_platform_within_30m": "yes", "osm_id": "node/3731225086", "osm_wheelchair": ""}}, {"type": "Feature", "geometry": {"type": "Point", "coordinates": [13.3995, 49.73362]}, "properties": {"name": "Nám. Generála Píky", "gtfs:stop_id": "78", "wheelchair": "yes", "gtfs_wheelchair_boarding": "1", "stop_code": "57127/2", "osm_platform_within_30m": "yes", "osm_id": "node/3731225085", "osm_wheelchair": ""}}, {"type": "Feature", "geometry": {"type": "Point", "coordinates": [13.37005, 49.73122]}, "properties": {"name": "Náměstí Míru", "gtfs:stop_id": "137", "wheelchair": "yes", "gtfs_wheelchair_boarding": "1", "stop_code": "57128/1", "osm_platform_within_30m": "yes", "osm_id": "node/1610666644", "osm_wheelchair": ""}}, {"type": "Feature", "geometry": {"type": "Point", "coordinates": [13.36999, 49.730789]}, "properties": {"name": "Náměstí Míru", "gtfs:stop_id": "138", "wheelchair": "yes", "gtfs_wheelchair_boarding": "1", "stop_code": "57128/2", "osm_platform_within_30m": "yes", "osm_id": "node/611664632", "osm_wheelchair": ""}}, {"type": "Feature", "geometry": {"type": "Point", "coordinates": [13.36886, 49.729988]}, "properties": {"name": "Náměstí Míru", "gtfs:stop_id": "139", "wheelchair": "yes", "gtfs_wheelchair_boarding": "1", "stop_code": "57128/3", "osm_platform_within_30m": "yes", "osm_id": "node/1544965613", "osm_wheelchair": ""}}, {"type": "Feature", "geometry": {"type": "Point", "coordinates": [13.37925, 49.748001]}, "properties": {"name": "Náměstí Republiky", "gtfs:stop_id": "29", "wheelchair": "yes", "gtfs_wheelchair_boarding": "1", "stop_code": "54717/1", "osm_platform_within_30m": "yes", "osm_id": "node/7151032497", "osm_wheelchair": ""}}, {"type": "Feature", "geometry": {"type": "Point", "coordinates": [13.37757, 49.746422]}, "properties": {"name": "Náměstí Republiky", "gtfs:stop_id": "30", "wheelchair": "yes", "gtfs_wheelchair_boarding": "1", "stop_code": "54717/2", "osm_platform_within_30m": "yes", "osm_id": "node/7151032500", "osm_wheelchair": ""}}, {"type": "Feature", "geometry": {"type": "Point", "coordinates": [13.37856, 49.747459]}, "properties": {"name": "Náměstí Republiky", "gtfs:stop_id": "32", "wheelchair": "yes", "gtfs_wheelchair_boarding": "1", "stop_code": "54717/3", "osm_platform_within_30m": "yes", "osm_id": "node/1554810889", "osm_wheelchair": ""}}, {"type": "Feature", "geometry": {"type": "Point", "coordinates": [13.37813, 49.74667]}, "properties": {"name": "Náměstí Republiky", "gtfs:stop_id": "31", "wheelchair": "yes", "gtfs_wheelchair_boarding": "1", "stop_code": "54717/4", "osm_platform_within_30m": "yes", "osm_id": "node/1585818253", "osm_wheelchair": "yes"}}, {"type": "Feature", "geometry": {"type": "Point", "coordinates": [13.31318, 49.731098]}, "properties": {"name": "Nová Hospoda", "gtfs:stop_id": "306", "wheelchair": "yes", "gtfs_wheelchair_boarding": "1", "stop_code": "26955/1", "osm_platform_within_30m": "yes", "osm_id": "node/1547417363", "osm_wheelchair": ""}}, {"type": "Feature", "geometry": {"type": "Point", "coordinates": [13.31376, 49.730518]}, "properties": {"name": "Nová Hospoda", "gtfs:stop_id": "307", "wheelchair": "yes", "gtfs_wheelchair_boarding": "1", "stop_code": "26955/2", "osm_platform_within_30m": "yes", "osm_id": "node/1569614097", "osm_wheelchair": ""}}, {"type": "Feature", "geometry": {"type": "Point", "coordinates": [13.39468, 49.730251]}, "properties": {"name": "Olšová", "gtfs:stop_id": "12", "wheelchair": "yes", "gtfs_wheelchair_boarding": "1", "stop_code": "57133/1", "osm_platform_within_30m": "no"}}, {"type": "Feature", "geometry": {"type": "Point", "coordinates": [13.39485, 49.729851]}, "properties": {"name": "Olšová", "gtfs:stop_id": "13", "wheelchair": "yes", "gtfs_wheelchair_boarding": "1", "stop_code": "57133/2", "osm_platform_within_30m": "yes", "osm_id": "node/613730716", "osm_wheelchair": ""}}, {"type": "Feature", "geometry": {"type": "Point", "coordinates": [13.33723, 49.729759]}, "properties": {"name": "Panasonic", "gtfs:stop_id": "467", "wheelchair": "yes", "gtfs_wheelchair_boarding": "1", "stop_code": "57063/1", "osm_platform_within_30m": "yes", "osm_id": "node/1575998526", "osm_wheelchair": ""}}, {"type": "Feature", "geometry": {"type": "Point", "coordinates": [13.33706, 49.729912]}, "properties": {"name": "Panasonic", "gtfs:stop_id": "468", "wheelchair": "yes", "gtfs_wheelchair_boarding": "1", "stop_code": "57063/2", "osm_platform_within_30m": "yes", "osm_id": "node/1575998527", "osm_wheelchair": ""}}, {"type": "Feature", "geometry": {"type": "Point", "coordinates": [13.4211, 49.775021]}, "properties": {"name": "Papírna Bukovec", "gtfs:stop_id": "528", "wheelchair": "no", "gtfs_wheelchair_boarding": "2", "stop_code": "57073/1", "osm_platform_within_30m": "yes", "osm_id": "node/2773150701", "osm_wheelchair": ""}}, {"type": "Feature", "geometry": {"type": "Point", "coordinates": [13.42121, 49.775009]}, "properties": {"name": "Papírna Bukovec", "gtfs:stop_id": "529", "wheelchair": "no", "gtfs_wheelchair_boarding": "2", "stop_code": "57073/2", "osm_platform_within_30m": "yes", "osm_id": "node/11951880347", "osm_wheelchair": ""}}, {"type": "Feature", "geometry": {"type": "Point", "coordinates": [13.41012, 49.733372]}, "properties": {"name": "Petřínská", "gtfs:stop_id": "268", "wheelchair": "yes", "gtfs_wheelchair_boarding": "1", "stop_code": "26956/1", "osm_platform_within_30m": "yes", "osm_id": "node/1963250427", "osm_wheelchair": ""}}, {"type": "Feature", "geometry": {"type": "Point", "coordinates": [13.40971, 49.733459]}, "properties": {"name": "Petřínská", "gtfs:stop_id": "269", "wheelchair": "yes", "gtfs_wheelchair_boarding": "1", "stop_code": "26956/2", "osm_platform_within_30m": "yes", "osm_id": "node/1963250424", "osm_wheelchair": ""}}, {"type": "Feature", "geometry": {"type": "Point", "coordinates": [13.41505, 49.74802]}, "properties": {"name": "Pietas", "gtfs:stop_id": "236", "wheelchair": "yes", "gtfs_wheelchair_boarding": "1", "stop_code": "43706/1", "osm_platform_within_30m": "yes", "osm_id": "node/1581647765", "osm_wheelchair": ""}}, {"type": "Feature", "geometry": {"type": "Point", "coordinates": [13.41466, 49.747688]}, "properties": {"name": "Pietas", "gtfs:stop_id": "237", "wheelchair": "yes", "gtfs_wheelchair_boarding": "1", "stop_code": "43706/2", "osm_platform_within_30m": "yes", "osm_id": "node/1581647770", "osm_wheelchair": ""}}, {"type": "Feature", "geometry": {"type": "Point", "coordinates": [13.3697, 49.778728]}, "properties": {"name": "Plzeňka", "gtfs:stop_id": "172", "wheelchair": "yes", "gtfs_wheelchair_boarding": "1", "stop_code": "57134/1", "osm_platform_within_30m": "yes", "osm_id": "node/913854027", "osm_wheelchair": ""}}, {"type": "Feature", "geometry": {"type": "Point", "coordinates": [13.36922, 49.77821]}, "properties": {"name": "Plzeňka", "gtfs:stop_id": "173", "wheelchair": "yes", "gtfs_wheelchair_boarding": "1", "stop_code": "57134/2", "osm_platform_within_30m": "yes", "osm_id": "node/912575359", "osm_wheelchair": ""}}, {"type": "Feature", "geometry": {"type": "Point", "coordinates": [13.401611, 49.692513]}, "properties": {"name": "Nad Úhlavou", "gtfs:stop_id": "450", "wheelchair": "yes", "gtfs_wheelchair_boarding": "1", "stop_code": "53206/1", "osm_platform_within_30m": "yes", "osm_id": "node/1585162911", "osm_wheelchair": ""}}, {"type": "Feature", "geometry": {"type": "Point", "coordinates": [13.401611, 49.692513]}, "properties": {"name": "Nad Úhlavou", "gtfs:stop_id": "451", "wheelchair": "yes", "gtfs_wheelchair_boarding": "1", "stop_code": "53206/2", "osm_platform_within_30m": "yes", "osm_id": "node/1585162911", "osm_wheelchair": ""}}, {"type": "Feature", "geometry": {"type": "Point", "coordinates": [13.37209, 49.75787]}, "properties": {"name": "Pod Záhorskem", "gtfs:stop_id": "39", "wheelchair": "yes", "gtfs_wheelchair_boarding": "1", "stop_code": "57135/1", "osm_platform_within_30m": "yes", "osm_id": "node/913854017", "osm_wheelchair": ""}}, {"type": "Feature", "geometry": {"type": "Point", "coordinates": [13.37265, 49.75742]}, "properties": {"name": "Pod Záhorskem", "gtfs:stop_id": "40", "wheelchair": "yes", "gtfs_wheelchair_boarding": "1", "stop_code": "57135/2", "osm_platform_within_30m": "yes", "osm_id": "node/1609387718", "osm_wheelchair": ""}}, {"type": "Feature", "geometry": {"type": "Point", "coordinates": [13.379, 49.742489]}, "properties": {"name": "Prokopova", "gtfs:stop_id": "196", "wheelchair": "yes", "gtfs_wheelchair_boarding": "1", "stop_code": "53080/1", "osm_platform_within_30m": "yes", "osm_id": "node/643298346", "osm_wheelchair": ""}}, {"type": "Feature", "geometry": {"type": "Point", "coordinates": [13.38575, 49.72303]}, "properties": {"name": "Průmyslová", "gtfs:stop_id": "330", "wheelchair": "yes", "gtfs_wheelchair_boarding": "1", "stop_code": "57139/1", "osm_platform_within_30m": "yes", "osm_id": "node/708035268", "osm_wheelchair": ""}}, {"type": "Feature", "geometry": {"type": "Point", "coordinates": [13.386, 49.723839]}, "properties": {"name": "Průmyslová", "gtfs:stop_id": "331", "wheelchair": "yes", "gtfs_wheelchair_boarding": "1", "stop_code": "57139/2", "osm_platform_within_30m": "no"}}, {"type": "Feature", "geometry": {"type": "Point", "coordinates": [13.34527, 49.730808]}, "properties": {"name": "NC Borská pole", "gtfs:stop_id": "297", "wheelchair": "yes", "gtfs_wheelchair_boarding": "1", "stop_code": "50370/1", "osm_platform_within_30m": "yes", "osm_id": "node/1122191014", "osm_wheelchair": ""}}, {"type": "Feature", "geometry": {"type": "Point", "coordinates": [13.3448, 49.730598]}, "properties": {"name": "NC Borská pole", "gtfs:stop_id": "298", "wheelchair": "yes", "gtfs_wheelchair_boarding": "1", "stop_code": "50370/2", "osm_platform_within_30m": "yes", "osm_id": "node/1122191030", "osm_wheelchair": ""}}, {"type": "Feature", "geometry": {"type": "Point", "coordinates": [13.3784, 49.7528]}, "properties": {"name": "Otýlie Beníškové", "gtfs:stop_id": "382", "wheelchair": "yes", "gtfs_wheelchair_boarding": "1", "stop_code": "53164/1", "osm_platform_within_30m": "yes", "osm_id": "node/1554810894", "osm_wheelchair": ""}}, {"type": "Feature", "geometry": {"type": "Point", "coordinates": [13.37873, 49.752159]}, "properties": {"name": "Otýlie Beníškové", "gtfs:stop_id": "381", "wheelchair": "yes", "gtfs_wheelchair_boarding": "1", "stop_code": "53164/2", "osm_platform_within_30m": "yes", "osm_id": "node/1585818259", "osm_wheelchair": ""}}, {"type": "Feature", "geometry": {"type": "Point", "coordinates": [13.40243, 49.690361]}, "properties": {"name": "Podhájí", "gtfs:stop_id": "454", "wheelchair": "yes", "gtfs_wheelchair_boarding": "1", "stop_code": "53207/1", "osm_platform_within_30m": "yes", "osm_id": "node/1585162916", "osm_wheelchair": ""}}, {"type": "Feature", "geometry": {"type": "Point", "coordinates": [13.40243, 49.690361]}, "properties": {"name": "Podhájí", "gtfs:stop_id": "455", "wheelchair": "yes", "gtfs_wheelchair_boarding": "1", "stop_code": "53207/2", "osm_platform_within_30m": "yes", "osm_id": "node/1585162916", "osm_wheelchair": ""}}, {"type": "Feature", "geometry": {"type": "Point", "coordinates": [13.41031, 49.73756]}, "properties": {"name": "Rolnické náměstí", "gtfs:stop_id": "564", "wheelchair": "no", "gtfs_wheelchair_boarding": "2", "stop_code": "57142/1", "osm_platform_within_30m": "yes", "osm_id": "node/1538322360", "osm_wheelchair": ""}}, {"type": "Feature", "geometry": {"type": "Point", "coordinates": [13.40989, 49.737331]}, "properties": {"name": "Rolnické náměstí", "gtfs:stop_id": "565", "wheelchair": "no", "gtfs_wheelchair_boarding": "2", "stop_code": "57142/2", "osm_platform_within_30m": "yes", "osm_id": "node/1538322353", "osm_wheelchair": ""}}, {"type": "Feature", "geometry": {"type": "Point", "coordinates": [13.37547, 49.755581]}, "properties": {"name": "Rondel", "gtfs:stop_id": "513", "wheelchair": "yes", "gtfs_wheelchair_boarding": "1", "stop_code": "53165/1", "osm_platform_within_30m": "yes", "osm_id": "node/1554810900", "osm_wheelchair": ""}}, {"type": "Feature", "geometry": {"type": "Point", "coordinates": [13.37513, 49.75391]}, "properties": {"name": "Rondel", "gtfs:stop_id": "514", "wheelchair": "yes", "gtfs_wheelchair_boarding": "1", "stop_code": "53165/2", "osm_platform_within_30m": "yes", "osm_id": "node/1582977702", "osm_wheelchair": ""}}, {"type": "Feature", "geometry": {"type": "Point", "coordinates": [13.37742, 49.753738]}, "properties": {"name": "Rondel", "gtfs:stop_id": "515", "wheelchair": "yes", "gtfs_wheelchair_boarding": "1", "stop_code": "53165/3", "osm_platform_within_30m": "yes", "osm_id": "node/1585818266", "osm_wheelchair": ""}}, {"type": "Feature", "geometry": {"type": "Point", "coordinates": [13.31501, 49.753948]}, "properties": {"name": "K Rozvodně", "gtfs:stop_id": "623", "wheelchair": "no", "gtfs_wheelchair_boarding": "2", "stop_code": "26970/1", "osm_platform_within_30m": "yes", "osm_id": "node/1617834902", "osm_wheelchair": ""}}, {"type": "Feature", "geometry": {"type": "Point", "coordinates": [13.31263, 49.7547]}, "properties": {"name": "K Rozvodně", "gtfs:stop_id": "622", "wheelchair": "no", "gtfs_wheelchair_boarding": "2", "stop_code": "26970/2", "osm_platform_within_30m": "yes", "osm_id": "node/1617834913", "osm_wheelchair": ""}}, {"type": "Feature", "geometry": {"type": "Point", "coordinates": [13.37414, 49.7477]}, "properties": {"name": "Sady Pětatřicátníků", "gtfs:stop_id": "37", "wheelchair": "yes", "gtfs_wheelchair_boarding": "1", "stop_code": "54527/1", "osm_platform_within_30m": "yes", "osm_id": "node/605331339", "osm_wheelchair": ""}}, {"type": "Feature", "geometry": {"type": "Point", "coordinates": [13.37349, 49.747589]}, "properties": {"name": "Sady Pětatřicátníků", "gtfs:stop_id": "38", "wheelchair": "yes", "gtfs_wheelchair_boarding": "1", "stop_code": "54527/2", "osm_platform_within_30m": "yes", "osm_id": "node/605331337", "osm_wheelchair": ""}}, {"type": "Feature", "geometry": {"type": "Point", "coordinates": [13.37398, 49.747929]}, "properties": {"name": "Sady Pětatřicátníků", "gtfs:stop_id": "36", "wheelchair": "yes", "gtfs_wheelchair_boarding": "1", "stop_code": "54527/3", "osm_platform_within_30m": "yes", "osm_id": "node/1609387727", "osm_wheelchair": ""}}, {"type": "Feature", "geometry": {"type": "Point", "coordinates": [13.37359, 49.747269]}, "properties": {"name": "Sady Pětatřicátníků", "gtfs:stop_id": "35", "wheelchair": "yes", "gtfs_wheelchair_boarding": "1", "stop_code": "54527/4", "osm_platform_within_30m": "yes", "osm_id": "node/9776775976", "osm_wheelchair": ""}}, {"type": "Feature", "geometry": {"type": "Point", "coordinates": [13.38253, 49.728951]}, "properties": {"name": "Samaritská", "gtfs:stop_id": "204", "wheelchair": "yes", "gtfs_wheelchair_boarding": "1", "stop_code": "57143/1", "osm_platform_within_30m": "yes", "osm_id": "node/1579899868", "osm_wheelchair": ""}}, {"type": "Feature", "geometry": {"type": "Point", "coordinates": [13.36796, 49.776299]}, "properties": {"name": "Severka", "gtfs:stop_id": "166", "wheelchair": "yes", "gtfs_wheelchair_boarding": "1", "stop_code": "57144/1", "osm_platform_within_30m": "yes", "osm_id": "node/1610725461", "osm_wheelchair": ""}}, {"type": "Feature", "geometry": {"type": "Point", "coordinates": [13.36673, 49.774578]}, "properties": {"name": "Severka", "gtfs:stop_id": "167", "wheelchair": "yes", "gtfs_wheelchair_boarding": "1", "stop_code": "57144/2", "osm_platform_within_30m": "yes", "osm_id": "node/912575382", "osm_wheelchair": ""}}, {"type": "Feature", "geometry": {"type": "Point", "coordinates": [13.36614, 49.77562]}, "properties": {"name": "Severka", "gtfs:stop_id": "168", "wheelchair": "yes", "gtfs_wheelchair_boarding": "1", "stop_code": "57144/3", "osm_platform_within_30m": "yes", "osm_id": "node/1541242510", "osm_wheelchair": ""}}, {"type": "Feature", "geometry": {"type": "Point", "coordinates": [13.36656, 49.774712]}, "properties": {"name": "Severka", "gtfs:stop_id": "170", "wheelchair": "yes", "gtfs_wheelchair_boarding": "1", "stop_code": "57144/4", "osm_platform_within_30m": "yes", "osm_id": "node/1585818268", "osm_wheelchair": ""}}, {"type": "Feature", "geometry": {"type": "Point", "coordinates": [13.36859, 49.77528]}, "properties": {"name": "Severka", "gtfs:stop_id": "169", "wheelchair": "yes", "gtfs_wheelchair_boarding": "1", "stop_code": "57144/5", "osm_platform_within_30m": "yes", "osm_id": "node/1541242507", "osm_wheelchair": ""}}, {"type": "Feature", "geometry": {"type": "Point", "coordinates": [13.36809, 49.776051]}, "properties": {"name": "Severka", "gtfs:stop_id": "171", "wheelchair": "yes", "gtfs_wheelchair_boarding": "1", "stop_code": "57144/6", "osm_platform_within_30m": "yes", "osm_id": "node/10948598468", "osm_wheelchair": "yes"}}, {"type": "Feature", "geometry": {"type": "Point", "coordinates": [13.32102, 49.745369]}, "properties": {"name": "Skvrňany", "gtfs:stop_id": "113", "wheelchair": "yes", "gtfs_wheelchair_boarding": "1", "stop_code": "57146/1", "osm_platform_within_30m": "yes", "osm_id": "node/5469585759", "osm_wheelchair": ""}}, {"type": "Feature", "geometry": {"type": "Point", "coordinates": [13.32057, 49.74548]}, "properties": {"name": "Skvrňany", "gtfs:stop_id": "114", "wheelchair": "yes", "gtfs_wheelchair_boarding": "1", "stop_code": "57146/2", "osm_platform_within_30m": "yes", "osm_id": "node/1619420844", "osm_wheelchair": ""}}, {"type": "Feature", "geometry": {"type": "Point", "coordinates": [13.34479, 49.742279]}, "properties": {"name": "Nádraží Skvrňany", "gtfs:stop_id": "283", "wheelchair": "no", "gtfs_wheelchair_boarding": "2", "stop_code": "50751/1", "osm_platform_within_30m": "yes", "osm_id": "node/1577295543", "osm_wheelchair": ""}}, {"type": "Feature", "geometry": {"type": "Point", "coordinates": [13.34696, 49.742611]}, "properties": {"name": "Nádraží Skvrňany", "gtfs:stop_id": "284", "wheelchair": "no", "gtfs_wheelchair_boarding": "2", "stop_code": "50751/2", "osm_platform_within_30m": "yes", "osm_id": "node/1577295533", "osm_wheelchair": ""}}, {"type": "Feature", "geometry": {"type": "Point", "coordinates": [13.40781, 49.73024]}, "properties": {"name": "Sladová", "gtfs:stop_id": "707", "wheelchair": "no", "gtfs_wheelchair_boarding": "2", "stop_code": "57148/1", "osm_platform_within_30m": "yes", "osm_id": "node/2620299560", "osm_wheelchair": ""}}, {"type": "Feature", "geometry": {"type": "Point", "coordinates": [13.40898, 49.72974]}, "properties": {"name": "Sladová", "gtfs:stop_id": "708", "wheelchair": "no", "gtfs_wheelchair_boarding": "2", "stop_code": "57148/2", "osm_platform_within_30m": "yes", "osm_id": "node/2620299540", "osm_wheelchair": ""}}, {"type": "Feature", "geometry": {"type": "Point", "coordinates": [13.3909, 49.73904]}, "properties": {"name": "U Duhy", "gtfs:stop_id": "81", "wheelchair": "no", "gtfs_wheelchair_boarding": "2", "stop_code": "53081/1", "osm_platform_within_30m": "yes", "osm_id": "node/3731210880", "osm_wheelchair": ""}}, {"type": "Feature", "geometry": {"type": "Point", "coordinates": [13.39271, 49.73901]}, "properties": {"name": "U Duhy", "gtfs:stop_id": "82", "wheelchair": "no", "gtfs_wheelchair_boarding": "2", "stop_code": "53081/2", "osm_platform_within_30m": "yes", "osm_id": "node/3731225067", "osm_wheelchair": ""}}, {"type": "Feature", "geometry": {"type": "Point", "coordinates": [13.39146, 49.739922]}, "properties": {"name": "U Duhy", "gtfs:stop_id": "83", "wheelchair": "no", "gtfs_wheelchair_boarding": "2", "stop_code": "53081/3", "osm_platform_within_30m": "yes", "osm_id": "node/2140635864", "osm_wheelchair": ""}}, {"type": "Feature", "geometry": {"type": "Point", "coordinates": [13.39242, 49.739841]}, "properties": {"name": "U Duhy", "gtfs:stop_id": "84", "wheelchair": "no", "gtfs_wheelchair_boarding": "2", "stop_code": "53081/4", "osm_platform_within_30m": "yes", "osm_id": "node/1577295508", "osm_wheelchair": ""}}, {"type": "Feature", "geometry": {"type": "Point", "coordinates": [13.3949, 49.741669]}, "properties": {"name": "Petrohrad", "gtfs:stop_id": "276", "wheelchair": "yes", "gtfs_wheelchair_boarding": "1", "stop_code": "53082/1", "osm_platform_within_30m": "yes", "osm_id": "node/2131490902", "osm_wheelchair": ""}}, {"type": "Feature", "geometry": {"type": "Point", "coordinates": [13.39472, 49.741489]}, "properties": {"name": "Petrohrad", "gtfs:stop_id": "277", "wheelchair": "yes", "gtfs_wheelchair_boarding": "1", "stop_code": "53082/2", "osm_platform_within_30m": "yes", "osm_id": "node/1577295513", "osm_wheelchair": ""}}, {"type": "Feature", "geometry": {"type": "Point", "coordinates": [13.40482, 49.726021]}, "properties": {"name": "Vozovna Slovany", "gtfs:stop_id": "435", "wheelchair": "no", "gtfs_wheelchair_boarding": "2", "stop_code": "50733/1", "osm_platform_within_30m": "yes", "osm_id": "node/10082404565", "osm_wheelchair": ""}}, {"type": "Feature", "geometry": {"type": "Point", "coordinates": [13.4049, 49.725849]}, "properties": {"name": "Vozovna Slovany", "gtfs:stop_id": "436", "wheelchair": "no", "gtfs_wheelchair_boarding": "2", "stop_code": "50733/2", "osm_platform_within_30m": "yes", "osm_id": "node/9609188142", "osm_wheelchair": ""}}, {"type": "Feature", "geometry": {"type": "Point", "coordinates": [13.33893, 49.74321]}, "properties": {"name": "Slovanské údolí", "gtfs:stop_id": "99", "wheelchair": "yes", "gtfs_wheelchair_boarding": "1", "stop_code": "57149/1", "osm_platform_within_30m": "yes", "osm_id": "node/957201055", "osm_wheelchair": ""}}, {"type": "Feature", "geometry": {"type": "Point", "coordinates": [13.34039, 49.743481]}, "properties": {"name": "Slovanské údolí", "gtfs:stop_id": "100", "wheelchair": "yes", "gtfs_wheelchair_boarding": "1", "stop_code": "57149/2", "osm_platform_within_30m": "yes", "osm_id": "node/957201213", "osm_wheelchair": ""}}, {"type": "Feature", "geometry": {"type": "Point", "coordinates": [13.37492, 49.748329]}, "properties": {"name": "Hlavní pošta", "gtfs:stop_id": "33", "wheelchair": "yes", "gtfs_wheelchair_boarding": "1", "stop_code": "57154/1", "osm_platform_within_30m": "yes", "osm_id": "node/7151032503", "osm_wheelchair": ""}}, {"type": "Feature", "geometry": {"type": "Point", "coordinates": [13.36494, 49.771961]}, "properties": {"name": "Sokolovská", "gtfs:stop_id": "162", "wheelchair": "yes", "gtfs_wheelchair_boarding": "1", "stop_code": "57152/1", "osm_platform_within_30m": "yes", "osm_id": "node/1610725470", "osm_wheelchair": ""}}, {"type": "Feature", "geometry": {"type": "Point", "coordinates": [13.36453, 49.771412]}, "properties": {"name": "Sokolovská", "gtfs:stop_id": "163", "wheelchair": "yes", "gtfs_wheelchair_boarding": "1", "stop_code": "57152/2", "osm_platform_within_30m": "yes", "osm_id": "node/912575370", "osm_wheelchair": ""}}, {"type": "Feature", "geometry": {"type": "Point", "coordinates": [13.36409, 49.770409]}, "properties": {"name": "Sokolovská", "gtfs:stop_id": "164", "wheelchair": "yes", "gtfs_wheelchair_boarding": "1", "stop_code": "57152/3", "osm_platform_within_30m": "yes", "osm_id": "node/1554810875", "osm_wheelchair": ""}}, {"type": "Feature", "geometry": {"type": "Point", "coordinates": [13.36351, 49.77026]}, "properties": {"name": "Sokolovská", "gtfs:stop_id": "165", "wheelchair": "yes", "gtfs_wheelchair_boarding": "1", "stop_code": "57152/4", "osm_platform_within_30m": "yes", "osm_id": "node/1585818241", "osm_wheelchair": ""}}, {"type": "Feature", "geometry": {"type": "Point", "coordinates": [13.411856, 49.743929]}, "properties": {"name": "Sokolská", "gtfs:stop_id": "348", "wheelchair": "no", "gtfs_wheelchair_boarding": "2", "stop_code": "57153/1", "osm_platform_within_30m": "yes", "osm_id": "node/1587430361", "osm_wheelchair": ""}}, {"type": "Feature", "geometry": {"type": "Point", "coordinates": [13.411613, 49.744541]}, "properties": {"name": "Sokolská", "gtfs:stop_id": "349", "wheelchair": "no", "gtfs_wheelchair_boarding": "2", "stop_code": "57153/2", "osm_platform_within_30m": "yes", "osm_id": "node/1587430367", "osm_wheelchair": ""}}, {"type": "Feature", "geometry": {"type": "Point", "coordinates": [13.4015, 49.738571]}, "properties": {"name": "Stadion Lokomotivy", "gtfs:stop_id": "274", "wheelchair": "no", "gtfs_wheelchair_boarding": "2", "stop_code": "53083/1", "osm_platform_within_30m": "yes", "osm_id": "node/2140635869", "osm_wheelchair": ""}}, {"type": "Feature", "geometry": {"type": "Point", "coordinates": [13.4023, 49.737949]}, "properties": {"name": "Stadion Lokomotivy", "gtfs:stop_id": "275", "wheelchair": "no", "gtfs_wheelchair_boarding": "2", "stop_code": "53083/2", "osm_platform_within_30m": "yes", "osm_id": "node/1577295515", "osm_wheelchair": ""}}, {"type": "Feature", "geometry": {"type": "Point", "coordinates": [13.47447, 49.69606]}, "properties": {"name": "Starý Plzenec, nádraží", "gtfs:stop_id": "659", "wheelchair": "no", "gtfs_wheelchair_boarding": "2", "stop_code": "50455/1", "osm_platform_within_30m": "yes", "osm_id": "node/2229444759", "osm_wheelchair": ""}}, {"type": "Feature", "geometry": {"type": "Point", "coordinates": [13.41527, 49.723709]}, "properties": {"name": "Pekárna", "gtfs:stop_id": "433", "wheelchair": "yes", "gtfs_wheelchair_boarding": "1", "stop_code": "50735/1", "osm_platform_within_30m": "yes", "osm_id": "node/1120140386", "osm_wheelchair": ""}}, {"type": "Feature", "geometry": {"type": "Point", "coordinates": [13.41512, 49.723999]}, "properties": {"name": "Pekárna", "gtfs:stop_id": "434", "wheelchair": "yes", "gtfs_wheelchair_boarding": "1", "stop_code": "50735/2", "osm_platform_within_30m": "yes", "osm_id": "node/1120140458", "osm_wheelchair": ""}}, {"type": "Feature", "geometry": {"type": "Point", "coordinates": [13.40238, 49.749168]}, "properties": {"name": "Stavební stroje", "gtfs:stop_id": "316", "wheelchair": "yes", "gtfs_wheelchair_boarding": "1", "stop_code": "53209/1", "osm_platform_within_30m": "yes", "osm_id": "node/1576184098", "osm_wheelchair": ""}}, {"type": "Feature", "geometry": {"type": "Point", "coordinates": [13.40269, 49.749378]}, "properties": {"name": "Stavební stroje", "gtfs:stop_id": "317", "wheelchair": "yes", "gtfs_wheelchair_boarding": "1", "stop_code": "53209/2", "osm_platform_within_30m": "yes", "osm_id": "node/1576184109", "osm_wheelchair": ""}}, {"type": "Feature", "geometry": {"type": "Point", "coordinates": [13.41264, 49.727612]}, "properties": {"name": "Světovar", "gtfs:stop_id": "67", "wheelchair": "yes", "gtfs_wheelchair_boarding": "1", "stop_code": "57161/1", "osm_platform_within_30m": "yes", "osm_id": "node/1593560181", "osm_wheelchair": ""}}, {"type": "Feature", "geometry": {"type": "Point", "coordinates": [13.41204, 49.727551]}, "properties": {"name": "Světovar", "gtfs:stop_id": "68", "wheelchair": "yes", "gtfs_wheelchair_boarding": "1", "stop_code": "57161/2", "osm_platform_within_30m": "yes", "osm_id": "node/499984114", "osm_wheelchair": ""}}, {"type": "Feature", "geometry": {"type": "Point", "coordinates": [13.41347, 49.727428]}, "properties": {"name": "Světovar", "gtfs:stop_id": "69", "wheelchair": "yes", "gtfs_wheelchair_boarding": "1", "stop_code": "57161/3", "osm_platform_within_30m": "yes", "osm_id": "node/1120140455", "osm_wheelchair": ""}}, {"type": "Feature", "geometry": {"type": "Point", "coordinates": [13.41106, 49.72784]}, "properties": {"name": "Světovar", "gtfs:stop_id": "70", "wheelchair": "yes", "gtfs_wheelchair_boarding": "1", "stop_code": "57161/4", "osm_platform_within_30m": "yes", "osm_id": "node/1120140424", "osm_wheelchair": ""}}, {"type": "Feature", "geometry": {"type": "Point", "coordinates": [13.37451, 49.723389]}, "properties": {"name": "U Luny", "gtfs:stop_id": "341", "wheelchair": "yes", "gtfs_wheelchair_boarding": "1", "stop_code": "47354/1", "osm_platform_within_30m": "yes", "osm_id": "node/1576184253", "osm_wheelchair": "yes"}}, {"type": "Feature", "geometry": {"type": "Point", "coordinates": [13.37453, 49.72369]}, "properties": {"name": "U Luny", "gtfs:stop_id": "342", "wheelchair": "yes", "gtfs_wheelchair_boarding": "1", "stop_code": "47354/2", "osm_platform_within_30m": "yes", "osm_id": "node/1576184274", "osm_wheelchair": "yes"}}, {"type": "Feature", "geometry": {"type": "Point", "coordinates": [13.37453, 49.72369]}, "properties": {"name": "U Luny", "gtfs:stop_id": "343", "wheelchair": "yes", "gtfs_wheelchair_boarding": "1", "stop_code": "47354/3", "osm_platform_within_30m": "yes", "osm_id": "node/1576184274", "osm_wheelchair": "yes"}}, {"type": "Feature", "geometry": {"type": "Point", "coordinates": [13.3939, 49.803131]}, "properties": {"name": "Orlík", "gtfs:stop_id": "591", "wheelchair": "no", "gtfs_wheelchair_boarding": "2", "stop_code": "26963/1", "osm_platform_within_30m": "yes", "osm_id": "node/1976871878", "osm_wheelchair": ""}}, {"type": "Feature", "geometry": {"type": "Point", "coordinates": [13.39347, 49.803131]}, "properties": {"name": "Orlík", "gtfs:stop_id": "592", "wheelchair": "no", "gtfs_wheelchair_boarding": "2", "stop_code": "26963/2", "osm_platform_within_30m": "yes", "osm_id": "node/1976871879", "osm_wheelchair": ""}}, {"type": "Feature", "geometry": {"type": "Point", "coordinates": [13.3563, 49.746391]}, "properties": {"name": "Škoda III. brána", "gtfs:stop_id": "89", "wheelchair": "no", "gtfs_wheelchair_boarding": "2", "stop_code": "53088/1", "osm_platform_within_30m": "yes", "osm_id": "node/957201351", "osm_wheelchair": ""}}, {"type": "Feature", "geometry": {"type": "Point", "coordinates": [13.35682, 49.74614]}, "properties": {"name": "Škoda III. brána", "gtfs:stop_id": "90", "wheelchair": "no", "gtfs_wheelchair_boarding": "2", "stop_code": "53088/2", "osm_platform_within_30m": "yes", "osm_id": "node/957200728", "osm_wheelchair": ""}}, {"type": "Feature", "geometry": {"type": "Point", "coordinates": [13.35611, 49.745548]}, "properties": {"name": "Škoda III. brána", "gtfs:stop_id": "91", "wheelchair": "no", "gtfs_wheelchair_boarding": "2", "stop_code": "53088/3", "osm_platform_within_30m": "yes", "osm_id": "node/1577295488", "osm_wheelchair": ""}}, {"type": "Feature", "geometry": {"type": "Point", "coordinates": [13.35551, 49.74511]}, "properties": {"name": "Škoda III. brána", "gtfs:stop_id": "92", "wheelchair": "no", "gtfs_wheelchair_boarding": "2", "stop_code": "53088/4", "osm_platform_within_30m": "yes", "osm_id": "node/1577295479", "osm_wheelchair": ""}}, {"type": "Feature", "geometry": {"type": "Point", "coordinates": [13.36133, 49.738651]}, "properties": {"name": "Techmania", "gtfs:stop_id": "187", "wheelchair": "yes", "gtfs_wheelchair_boarding": "1", "stop_code": "53211/1", "osm_platform_within_30m": "yes", "osm_id": "node/653381246", "osm_wheelchair": ""}}, {"type": "Feature", "geometry": {"type": "Point", "coordinates": [13.36204, 49.738731]}, "properties": {"name": "Techmania", "gtfs:stop_id": "186", "wheelchair": "yes", "gtfs_wheelchair_boarding": "1", "stop_code": "53211/2", "osm_platform_within_30m": "yes", "osm_id": "node/10132322695", "osm_wheelchair": ""}}, {"type": "Feature", "geometry": {"type": "Point", "coordinates": [13.34972, 49.736698]}, "properties": {"name": "Škoda VIII. brána", "gtfs:stop_id": "439", "wheelchair": "no", "gtfs_wheelchair_boarding": "2", "stop_code": "53212/1", "osm_platform_within_30m": "yes", "osm_id": "node/8149665333", "osm_wheelchair": ""}}, {"type": "Feature", "geometry": {"type": "Point", "coordinates": [13.34924, 49.736481]}, "properties": {"name": "Škoda VIII. brána", "gtfs:stop_id": "440", "wheelchair": "no", "gtfs_wheelchair_boarding": "2", "stop_code": "53212/2", "osm_platform_within_30m": "yes", "osm_id": "node/2506133953", "osm_wheelchair": ""}}, {"type": "Feature", "geometry": {"type": "Point", "coordinates": [13.38659, 49.710361]}, "properties": {"name": "V Zahradách", "gtfs:stop_id": "444", "wheelchair": "no", "gtfs_wheelchair_boarding": "2", "stop_code": "47080/1", "osm_platform_within_30m": "yes", "osm_id": "node/1585162926", "osm_wheelchair": ""}}, {"type": "Feature", "geometry": {"type": "Point", "coordinates": [13.38632, 49.7108]}, "properties": {"name": "V Zahradách", "gtfs:stop_id": "445", "wheelchair": "no", "gtfs_wheelchair_boarding": "2", "stop_code": "47080/2", "osm_platform_within_30m": "yes", "osm_id": "node/1585162928", "osm_wheelchair": ""}}, {"type": "Feature", "geometry": {"type": "Point", "coordinates": [13.40927, 49.750401]}, "properties": {"name": "Těšínská", "gtfs:stop_id": "314", "wheelchair": "yes", "gtfs_wheelchair_boarding": "1", "stop_code": "57164/1", "osm_platform_within_30m": "yes", "osm_id": "node/1576184172", "osm_wheelchair": "yes"}}, {"type": "Feature", "geometry": {"type": "Point", "coordinates": [13.40887, 49.75032]}, "properties": {"name": "Těšínská", "gtfs:stop_id": "315", "wheelchair": "yes", "gtfs_wheelchair_boarding": "1", "stop_code": "57164/2", "osm_platform_within_30m": "yes", "osm_id": "node/1576184144", "osm_wheelchair": "yes"}}, {"type": "Feature", "geometry": {"type": "Point", "coordinates": [13.38373, 49.71357]}, "properties": {"name": "U Hřbitova", "gtfs:stop_id": "442", "wheelchair": "no", "gtfs_wheelchair_boarding": "2", "stop_code": "47079/1", "osm_platform_within_30m": "yes", "osm_id": "node/1585162920", "osm_wheelchair": ""}}, {"type": "Feature", "geometry": {"type": "Point", "coordinates": [13.38383, 49.71357]}, "properties": {"name": "U Hřbitova", "gtfs:stop_id": "443", "wheelchair": "no", "gtfs_wheelchair_boarding": "2", "stop_code": "47079/2", "osm_platform_within_30m": "yes", "osm_id": "node/1585162922", "osm_wheelchair": ""}}, {"type": "Feature", "geometry": {"type": "Point", "coordinates": [13.36706, 49.74493]}, "properties": {"name": "Tylova", "gtfs:stop_id": "180", "wheelchair": "no", "gtfs_wheelchair_boarding": "2", "stop_code": "53084/1", "osm_platform_within_30m": "yes", "osm_id": "node/1577295530", "osm_wheelchair": ""}}, {"type": "Feature", "geometry": {"type": "Point", "coordinates": [13.36858, 49.744671]}, "properties": {"name": "Tylova", "gtfs:stop_id": "178", "wheelchair": "no", "gtfs_wheelchair_boarding": "2", "stop_code": "53084/2", "osm_platform_within_30m": "yes", "osm_id": "node/1576184130", "osm_wheelchair": ""}}, {"type": "Feature", "geometry": {"type": "Point", "coordinates": [13.36746, 49.74408]}, "properties": {"name": "Tylova", "gtfs:stop_id": "181", "wheelchair": "no", "gtfs_wheelchair_boarding": "2", "stop_code": "53084/3", "osm_platform_within_30m": "yes", "osm_id": "node/648476402", "osm_wheelchair": ""}}, {"type": "Feature", "geometry": {"type": "Point", "coordinates": [13.36782, 49.745312]}, "properties": {"name": "Tylova", "gtfs:stop_id": "179", "wheelchair": "no", "gtfs_wheelchair_boarding": "2", "stop_code": "53084/4", "osm_platform_within_30m": "yes", "osm_id": "node/1582889360", "osm_wheelchair": ""}}, {"type": "Feature", "geometry": {"type": "Point", "coordinates": [13.38117, 49.71981]}, "properties": {"name": "Tyršův most", "gtfs:stop_id": "335", "wheelchair": "yes", "gtfs_wheelchair_boarding": "1", "stop_code": "47078/1", "osm_platform_within_30m": "yes", "osm_id": "node/708032896", "osm_wheelchair": ""}}, {"type": "Feature", "geometry": {"type": "Point", "coordinates": [13.381287, 49.719507]}, "properties": {"name": "Tyršův most", "gtfs:stop_id": "336", "wheelchair": "yes", "gtfs_wheelchair_boarding": "1", "stop_code": "47078/2", "osm_platform_within_30m": "yes", "osm_id": "node/708034801", "osm_wheelchair": ""}}, {"type": "Feature", "geometry": {"type": "Point", "coordinates": [13.38094, 49.719479]}, "properties": {"name": "Tyršův most", "gtfs:stop_id": "334", "wheelchair": "yes", "gtfs_wheelchair_boarding": "1", "stop_code": "47078/3", "osm_platform_within_30m": "yes", "osm_id": "node/1579899891", "osm_wheelchair": ""}}, {"type": "Feature", "geometry": {"type": "Point", "coordinates": [13.35679, 49.711159]}, "properties": {"name": "Tyršův sad", "gtfs:stop_id": "411", "wheelchair": "yes", "gtfs_wheelchair_boarding": "1", "stop_code": "57167/1", "osm_platform_within_30m": "yes", "osm_id": "node/1575982255", "osm_wheelchair": ""}}, {"type": "Feature", "geometry": {"type": "Point", "coordinates": [13.35695, 49.711529]}, "properties": {"name": "Tyršův sad", "gtfs:stop_id": "412", "wheelchair": "yes", "gtfs_wheelchair_boarding": "1", "stop_code": "57167/2", "osm_platform_within_30m": "yes", "osm_id": "node/1575982266", "osm_wheelchair": ""}}, {"type": "Feature", "geometry": {"type": "Point", "coordinates": [13.34773, 49.746361]}, "properties": {"name": "U Apolla", "gtfs:stop_id": "636", "wheelchair": "yes", "gtfs_wheelchair_boarding": "1", "stop_code": "47345/1", "osm_platform_within_30m": "yes", "osm_id": "node/1617834927", "osm_wheelchair": ""}}, {"type": "Feature", "geometry": {"type": "Point", "coordinates": [13.34733, 49.746422]}, "properties": {"name": "U Apolla", "gtfs:stop_id": "635", "wheelchair": "yes", "gtfs_wheelchair_boarding": "1", "stop_code": "47345/2", "osm_platform_within_30m": "yes", "osm_id": "node/1617834929", "osm_wheelchair": ""}}, {"type": "Feature", "geometry": {"type": "Point", "coordinates": [13.41086, 49.742882]}, "properties": {"name": "U Astry", "gtfs:stop_id": "566", "wheelchair": "yes", "gtfs_wheelchair_boarding": "1", "stop_code": "57168/1", "osm_platform_within_30m": "yes", "osm_id": "node/1538322363", "osm_wheelchair": ""}}, {"type": "Feature", "geometry": {"type": "Point", "coordinates": [13.41021, 49.741951]}, "properties": {"name": "U Astry", "gtfs:stop_id": "567", "wheelchair": "yes", "gtfs_wheelchair_boarding": "1", "stop_code": "57168/2", "osm_platform_within_30m": "yes", "osm_id": "node/1538322361", "osm_wheelchair": ""}}, {"type": "Feature", "geometry": {"type": "Point", "coordinates": [13.38071, 49.749641]}, "properties": {"name": "Na Rychtářce", "gtfs:stop_id": "546", "wheelchair": "yes", "gtfs_wheelchair_boarding": "1", "stop_code": "57126/1", "osm_platform_within_30m": "yes", "osm_id": "node/1600395695", "osm_wheelchair": ""}}, {"type": "Feature", "geometry": {"type": "Point", "coordinates": [13.38252, 49.74902]}, "properties": {"name": "Na Rychtářce", "gtfs:stop_id": "547", "wheelchair": "yes", "gtfs_wheelchair_boarding": "1", "stop_code": "57126/2", "osm_platform_within_30m": "yes", "osm_id": "node/1600395672", "osm_wheelchair": ""}}, {"type": "Feature", "geometry": {"type": "Point", "coordinates": [13.36289, 49.768082]}, "properties": {"name": "U Družby", "gtfs:stop_id": "158", "wheelchair": "yes", "gtfs_wheelchair_boarding": "1", "stop_code": "57169/1", "osm_platform_within_30m": "yes", "osm_id": "node/913854023", "osm_wheelchair": ""}}, {"type": "Feature", "geometry": {"type": "Point", "coordinates": [13.36289, 49.76775]}, "properties": {"name": "U Družby", "gtfs:stop_id": "159", "wheelchair": "yes", "gtfs_wheelchair_boarding": "1", "stop_code": "57169/2", "osm_platform_within_30m": "yes", "osm_id": "node/912575367", "osm_wheelchair": ""}}, {"type": "Feature", "geometry": {"type": "Point", "coordinates": [13.36468, 49.767368]}, "properties": {"name": "U Družby", "gtfs:stop_id": "160", "wheelchair": "yes", "gtfs_wheelchair_boarding": "1", "stop_code": "57169/3", "osm_platform_within_30m": "yes", "osm_id": "node/1554810907", "osm_wheelchair": ""}}, {"type": "Feature", "geometry": {"type": "Point", "coordinates": [13.36407, 49.767139]}, "properties": {"name": "U Družby", "gtfs:stop_id": "161", "wheelchair": "yes", "gtfs_wheelchair_boarding": "1", "stop_code": "57169/4", "osm_platform_within_30m": "yes", "osm_id": "node/1585818277", "osm_wheelchair": ""}}, {"type": "Feature", "geometry": {"type": "Point", "coordinates": [13.37188, 49.766911]}, "properties": {"name": "Úřad Lochotín", "gtfs:stop_id": "488", "wheelchair": "yes", "gtfs_wheelchair_boarding": "1", "stop_code": "51618/1", "osm_platform_within_30m": "yes", "osm_id": "node/1554810912", "osm_wheelchair": ""}}, {"type": "Feature", "geometry": {"type": "Point", "coordinates": [13.37195, 49.766651]}, "properties": {"name": "Úřad Lochotín", "gtfs:stop_id": "489", "wheelchair": "yes", "gtfs_wheelchair_boarding": "1", "stop_code": "51618/2", "osm_platform_within_30m": "yes", "osm_id": "node/1585818281", "osm_wheelchair": ""}}, {"type": "Feature", "geometry": {"type": "Point", "coordinates": [13.419941, 49.710579]}, "properties": {"name": "Mezi Ploty", "gtfs:stop_id": "426", "wheelchair": "yes", "gtfs_wheelchair_boarding": "1", "stop_code": "64245/2", "osm_platform_within_30m": "yes", "osm_id": "node/1030644954", "osm_wheelchair": ""}}, {"type": "Feature", "geometry": {"type": "Point", "coordinates": [13.4077, 49.716061]}, "properties": {"name": "U Kasáren", "gtfs:stop_id": "212", "wheelchair": "no", "gtfs_wheelchair_boarding": "2", "stop_code": "57171/1", "osm_platform_within_30m": "no"}}, {"type": "Feature", "geometry": {"type": "Point", "coordinates": [13.40763, 49.716419]}, "properties": {"name": "U Kasáren", "gtfs:stop_id": "213", "wheelchair": "no", "gtfs_wheelchair_boarding": "2", "stop_code": "57171/2", "osm_platform_within_30m": "yes", "osm_id": "node/1579899901", "osm_wheelchair": ""}}, {"type": "Feature", "geometry": {"type": "Point", "coordinates": [13.40707, 49.772549]}, "properties": {"name": "U Kondrů", "gtfs:stop_id": "394", "wheelchair": "no", "gtfs_wheelchair_boarding": "2", "stop_code": "53214/1", "osm_platform_within_30m": "yes", "osm_id": "node/1658968484", "osm_wheelchair": ""}}, {"type": "Feature", "geometry": {"type": "Point", "coordinates": [13.4078, 49.772758]}, "properties": {"name": "U Kondrů", "gtfs:stop_id": "393", "wheelchair": "no", "gtfs_wheelchair_boarding": "2", "stop_code": "53214/2", "osm_platform_within_30m": "yes", "osm_id": "node/1658968486", "osm_wheelchair": ""}}, {"type": "Feature", "geometry": {"type": "Point", "coordinates": [13.46311, 49.70401]}, "properties": {"name": "Starý Plzenec, U Mlýna", "gtfs:stop_id": "648", "wheelchair": "no", "gtfs_wheelchair_boarding": "2", "stop_code": "50750/1", "osm_platform_within_30m": "yes", "osm_id": "node/2571893137", "osm_wheelchair": ""}}, {"type": "Feature", "geometry": {"type": "Point", "coordinates": [13.46269, 49.70425]}, "properties": {"name": "Starý Plzenec, U Mlýna", "gtfs:stop_id": "649", "wheelchair": "no", "gtfs_wheelchair_boarding": "2", "stop_code": "50750/2", "osm_platform_within_30m": "yes", "osm_id": "node/2571893138", "osm_wheelchair": ""}}, {"type": "Feature", "geometry": {"type": "Point", "coordinates": [13.37768, 49.733879]}, "properties": {"name": "U Plynárny", "gtfs:stop_id": "202", "wheelchair": "yes", "gtfs_wheelchair_boarding": "1", "stop_code": "57174/1", "osm_platform_within_30m": "yes", "osm_id": "node/1579899936", "osm_wheelchair": ""}}, {"type": "Feature", "geometry": {"type": "Point", "coordinates": [13.37813, 49.73465]}, "properties": {"name": "U Plynárny", "gtfs:stop_id": "203", "wheelchair": "yes", "gtfs_wheelchair_boarding": "1", "stop_code": "57174/2", "osm_platform_within_30m": "yes", "osm_id": "node/1579899965", "osm_wheelchair": ""}}, {"type": "Feature", "geometry": {"type": "Point", "coordinates": [13.38898, 49.74686]}, "properties": {"name": "Prazdroj", "gtfs:stop_id": "318", "wheelchair": "yes", "gtfs_wheelchair_boarding": "1", "stop_code": "26958/1", "osm_platform_within_30m": "yes", "osm_id": "node/1579899998", "osm_wheelchair": ""}}, {"type": "Feature", "geometry": {"type": "Point", "coordinates": [13.38766, 49.746269]}, "properties": {"name": "Prazdroj", "gtfs:stop_id": "319", "wheelchair": "yes", "gtfs_wheelchair_boarding": "1", "stop_code": "26958/2", "osm_platform_within_30m": "yes", "osm_id": "node/1579899982", "osm_wheelchair": ""}}, {"type": "Feature", "geometry": {"type": "Point", "coordinates": [13.35752, 49.715279]}, "properties": {"name": "U Přehrady", "gtfs:stop_id": "409", "wheelchair": "no", "gtfs_wheelchair_boarding": "2", "stop_code": "47346/1", "osm_platform_within_30m": "no"}}, {"type": "Feature", "geometry": {"type": "Point", "coordinates": [13.3577, 49.714909]}, "properties": {"name": "U Přehrady", "gtfs:stop_id": "410", "wheelchair": "no", "gtfs_wheelchair_boarding": "2", "stop_code": "47346/2", "osm_platform_within_30m": "yes", "osm_id": "node/1575982269", "osm_wheelchair": "yes"}}, {"type": "Feature", "geometry": {"type": "Point", "coordinates": [13.32291, 49.751839]}, "properties": {"name": "Pošta logistika", "gtfs:stop_id": "640", "wheelchair": "yes", "gtfs_wheelchair_boarding": "1", "stop_code": "47350/1", "osm_platform_within_30m": "yes", "osm_id": "node/1617834897", "osm_wheelchair": ""}}, {"type": "Feature", "geometry": {"type": "Point", "coordinates": [13.3228, 49.75201]}, "properties": {"name": "Pošta logistika", "gtfs:stop_id": "639", "wheelchair": "yes", "gtfs_wheelchair_boarding": "1", "stop_code": "47350/2", "osm_platform_within_30m": "yes", "osm_id": "node/1617834901", "osm_wheelchair": ""}}, {"type": "Feature", "geometry": {"type": "Point", "coordinates": [13.40272, 49.72123]}, "properties": {"name": "U Školky", "gtfs:stop_id": "210", "wheelchair": "yes", "gtfs_wheelchair_boarding": "1", "stop_code": "47348/1", "osm_platform_within_30m": "yes", "osm_id": "node/1579900050", "osm_wheelchair": ""}}, {"type": "Feature", "geometry": {"type": "Point", "coordinates": [13.40324, 49.72089]}, "properties": {"name": "U Školky", "gtfs:stop_id": "211", "wheelchair": "yes", "gtfs_wheelchair_boarding": "1", "stop_code": "47348/2", "osm_platform_within_30m": "yes", "osm_id": "node/1579900045", "osm_wheelchair": ""}}, {"type": "Feature", "geometry": {"type": "Point", "coordinates": [13.37612, 49.726219]}, "properties": {"name": "U Teplárny", "gtfs:stop_id": "339", "wheelchair": "yes", "gtfs_wheelchair_boarding": "1", "stop_code": "53216/1", "osm_platform_within_30m": "yes", "osm_id": "node/1576184198", "osm_wheelchair": "yes"}}, {"type": "Feature", "geometry": {"type": "Point", "coordinates": [13.37654, 49.725811]}, "properties": {"name": "U Teplárny", "gtfs:stop_id": "340", "wheelchair": "yes", "gtfs_wheelchair_boarding": "1", "stop_code": "53216/2", "osm_platform_within_30m": "yes", "osm_id": "node/1576184195", "osm_wheelchair": "yes"}}, {"type": "Feature", "geometry": {"type": "Point", "coordinates": [13.44669, 49.756229]}, "properties": {"name": "U Továrničky", "gtfs:stop_id": "626", "wheelchair": "no", "gtfs_wheelchair_boarding": "2", "stop_code": "50740/1", "osm_platform_within_30m": "yes", "osm_id": "node/1659511140", "osm_wheelchair": ""}}, {"type": "Feature", "geometry": {"type": "Point", "coordinates": [13.44711, 49.756142]}, "properties": {"name": "U Továrničky", "gtfs:stop_id": "627", "wheelchair": "no", "gtfs_wheelchair_boarding": "2", "stop_code": "50740/2", "osm_platform_within_30m": "yes", "osm_id": "node/1659511140", "osm_wheelchair": ""}}, {"type": "Feature", "geometry": {"type": "Point", "coordinates": [13.37952, 49.73951]}, "properties": {"name": "U Radbuzy", "gtfs:stop_id": "198", "wheelchair": "yes", "gtfs_wheelchair_boarding": "1", "stop_code": "53086/1", "osm_platform_within_30m": "yes", "osm_id": "node/1579900002", "osm_wheelchair": ""}}, {"type": "Feature", "geometry": {"type": "Point", "coordinates": [13.3796, 49.739712]}, "properties": {"name": "U Radbuzy", "gtfs:stop_id": "199", "wheelchair": "yes", "gtfs_wheelchair_boarding": "1", "stop_code": "53086/2", "osm_platform_within_30m": "yes", "osm_id": "node/1579900010", "osm_wheelchair": ""}}, {"type": "Feature", "geometry": {"type": "Point", "coordinates": [13.36482, 49.76395]}, "properties": {"name": "Boženy Němcové", "gtfs:stop_id": "156", "wheelchair": "yes", "gtfs_wheelchair_boarding": "1", "stop_code": "57179/1", "osm_platform_within_30m": "yes", "osm_id": "node/913854028", "osm_wheelchair": ""}}, {"type": "Feature", "geometry": {"type": "Point", "coordinates": [13.36507, 49.763409]}, "properties": {"name": "Boženy Němcové", "gtfs:stop_id": "157", "wheelchair": "yes", "gtfs_wheelchair_boarding": "1", "stop_code": "57179/2", "osm_platform_within_30m": "yes", "osm_id": "node/912575379", "osm_wheelchair": ""}}, {"type": "Feature", "geometry": {"type": "Point", "coordinates": [13.4139, 49.750912]}, "properties": {"name": "Opavská", "gtfs:stop_id": "368", "wheelchair": "yes", "gtfs_wheelchair_boarding": "1", "stop_code": "26941/1", "osm_platform_within_30m": "yes", "osm_id": "node/1538322367", "osm_wheelchair": "yes"}}, {"type": "Feature", "geometry": {"type": "Point", "coordinates": [13.41413, 49.7509]}, "properties": {"name": "Opavská", "gtfs:stop_id": "369", "wheelchair": "yes", "gtfs_wheelchair_boarding": "1", "stop_code": "26941/2", "osm_platform_within_30m": "yes", "osm_id": "node/1538322368", "osm_wheelchair": "yes"}}, {"type": "Feature", "geometry": {"type": "Point", "coordinates": [13.32937, 49.742119]}, "properties": {"name": "Karla Steinera", "gtfs:stop_id": "105", "wheelchair": "yes", "gtfs_wheelchair_boarding": "1", "stop_code": "57180/1", "osm_platform_within_30m": "yes", "osm_id": "node/309052346", "osm_wheelchair": ""}}, {"type": "Feature", "geometry": {"type": "Point", "coordinates": [13.32964, 49.74189]}, "properties": {"name": "Karla Steinera", "gtfs:stop_id": "106", "wheelchair": "yes", "gtfs_wheelchair_boarding": "1", "stop_code": "57180/2", "osm_platform_within_30m": "yes", "osm_id": "node/957201062", "osm_wheelchair": ""}}, {"type": "Feature", "geometry": {"type": "Point", "coordinates": [13.37727, 49.727928]}, "properties": {"name": "Adelova", "gtfs:stop_id": "373", "wheelchair": "yes", "gtfs_wheelchair_boarding": "1", "stop_code": "26959/1", "osm_platform_within_30m": "yes", "osm_id": "node/1576184222", "osm_wheelchair": "yes"}}, {"type": "Feature", "geometry": {"type": "Point", "coordinates": [13.37769, 49.727219]}, "properties": {"name": "Adelova", "gtfs:stop_id": "374", "wheelchair": "yes", "gtfs_wheelchair_boarding": "1", "stop_code": "26959/2", "osm_platform_within_30m": "yes", "osm_id": "node/1576184217", "osm_wheelchair": "yes"}}, {"type": "Feature", "geometry": {"type": "Point", "coordinates": [13.3232, 49.744549]}, "properties": {"name": "Terezie Brzkové", "gtfs:stop_id": "111", "wheelchair": "yes", "gtfs_wheelchair_boarding": "1", "stop_code": "57181/1", "osm_platform_within_30m": "yes", "osm_id": "node/309052357", "osm_wheelchair": ""}}, {"type": "Feature", "geometry": {"type": "Point", "coordinates": [13.32368, 49.744518]}, "properties": {"name": "Terezie Brzkové", "gtfs:stop_id": "112", "wheelchair": "yes", "gtfs_wheelchair_boarding": "1", "stop_code": "57181/2", "osm_platform_within_30m": "yes", "osm_id": "node/957201146", "osm_wheelchair": ""}}, {"type": "Feature", "geometry": {"type": "Point", "coordinates": [13.43179, 49.757389]}, "properties": {"name": "Ejpovická", "gtfs:stop_id": "541", "wheelchair": "no", "gtfs_wheelchair_boarding": "2", "stop_code": "50753/1", "osm_platform_within_30m": "yes", "osm_id": "node/1600395739", "osm_wheelchair": "yes"}}, {"type": "Feature", "geometry": {"type": "Point", "coordinates": [13.43305, 49.756889]}, "properties": {"name": "Ejpovická", "gtfs:stop_id": "542", "wheelchair": "no", "gtfs_wheelchair_boarding": "2", "stop_code": "50753/2", "osm_platform_within_30m": "yes", "osm_id": "node/1600395724", "osm_wheelchair": ""}}, {"type": "Feature", "geometry": {"type": "Point", "coordinates": [13.43804, 49.764591]}, "properties": {"name": "Rozcestí Újezd", "gtfs:stop_id": "534", "wheelchair": "yes", "gtfs_wheelchair_boarding": "1", "stop_code": "50754/1", "osm_platform_within_30m": "yes", "osm_id": "node/1600395750", "osm_wheelchair": ""}}, {"type": "Feature", "geometry": {"type": "Point", "coordinates": [13.43871, 49.76498]}, "properties": {"name": "Rozcestí Újezd", "gtfs:stop_id": "535", "wheelchair": "yes", "gtfs_wheelchair_boarding": "1", "stop_code": "50754/2", "osm_platform_within_30m": "yes", "osm_id": "node/2090904004", "osm_wheelchair": ""}}, {"type": "Feature", "geometry": {"type": "Point", "coordinates": [13.43831, 49.764641]}, "properties": {"name": "Rozcestí Újezd", "gtfs:stop_id": "536", "wheelchair": "yes", "gtfs_wheelchair_boarding": "1", "stop_code": "50754/4", "osm_platform_within_30m": "yes", "osm_id": "node/1600395750", "osm_wheelchair": ""}}, {"type": "Feature", "geometry": {"type": "Point", "coordinates": [13.43617, 49.75967]}, "properties": {"name": "Náměstí Karla Panušky", "gtfs:stop_id": "539", "wheelchair": "no", "gtfs_wheelchair_boarding": "2", "stop_code": "57177/1", "osm_platform_within_30m": "yes", "osm_id": "node/1600395780", "osm_wheelchair": ""}}, {"type": "Feature", "geometry": {"type": "Point", "coordinates": [13.43594, 49.760502]}, "properties": {"name": "Náměstí Karla Panušky", "gtfs:stop_id": "540", "wheelchair": "no", "gtfs_wheelchair_boarding": "2", "stop_code": "57177/2", "osm_platform_within_30m": "yes", "osm_id": "node/1600395793", "osm_wheelchair": ""}}, {"type": "Feature", "geometry": {"type": "Point", "coordinates": [13.43638, 49.76297]}, "properties": {"name": "Svatojirská", "gtfs:stop_id": "537", "wheelchair": "yes", "gtfs_wheelchair_boarding": "1", "stop_code": "57178/1", "osm_platform_within_30m": "yes", "osm_id": "node/1600395807", "osm_wheelchair": ""}}, {"type": "Feature", "geometry": {"type": "Point", "coordinates": [13.43616, 49.762508]}, "properties": {"name": "Svatojirská", "gtfs:stop_id": "538", "wheelchair": "yes", "gtfs_wheelchair_boarding": "1", "stop_code": "57178/2", "osm_platform_within_30m": "yes", "osm_id": "node/1600395803", "osm_wheelchair": "yes"}}, {"type": "Feature", "geometry": {"type": "Point", "coordinates": [13.43177, 49.746899]}, "properties": {"name": "U Václava", "gtfs:stop_id": "232", "wheelchair": "yes", "gtfs_wheelchair_boarding": "1", "stop_code": "50369/1", "osm_platform_within_30m": "yes", "osm_id": "node/1581647793", "osm_wheelchair": ""}}, {"type": "Feature", "geometry": {"type": "Point", "coordinates": [13.43502, 49.74588]}, "properties": {"name": "Ústřední hřbitov", "gtfs:stop_id": "230", "wheelchair": "no", "gtfs_wheelchair_boarding": "2", "stop_code": "50409/1", "osm_platform_within_30m": "yes", "osm_id": "node/1581647795", "osm_wheelchair": ""}}, {"type": "Feature", "geometry": {"type": "Point", "coordinates": [13.4335, 49.746658]}, "properties": {"name": "Ústřední hřbitov", "gtfs:stop_id": "231", "wheelchair": "no", "gtfs_wheelchair_boarding": "2", "stop_code": "50409/2", "osm_platform_within_30m": "yes", "osm_id": "node/1581647798", "osm_wheelchair": ""}}, {"type": "Feature", "geometry": {"type": "Point", "coordinates": [13.31554, 49.7076]}, "properties": {"name": "Valcha", "gtfs:stop_id": "502", "wheelchair": "no", "gtfs_wheelchair_boarding": "2", "stop_code": "53217/1", "osm_platform_within_30m": "yes", "osm_id": "node/1447841400", "osm_wheelchair": "yes"}}, {"type": "Feature", "geometry": {"type": "Point", "coordinates": [13.31552, 49.7076]}, "properties": {"name": "Valcha", "gtfs:stop_id": "503", "wheelchair": "no", "gtfs_wheelchair_boarding": "2", "stop_code": "53217/2", "osm_platform_within_30m": "yes", "osm_id": "node/1447841400", "osm_wheelchair": "yes"}}, {"type": "Feature", "geometry": {"type": "Point", "coordinates": [13.33722, 49.712429]}, "properties": {"name": "Nádraží Valcha", "gtfs:stop_id": "496", "wheelchair": "no", "gtfs_wheelchair_boarding": "2", "stop_code": "53218/1", "osm_platform_within_30m": "yes", "osm_id": "node/1647492509", "osm_wheelchair": "yes"}}, {"type": "Feature", "geometry": {"type": "Point", "coordinates": [13.33746, 49.712688]}, "properties": {"name": "Nádraží Valcha", "gtfs:stop_id": "497", "wheelchair": "no", "gtfs_wheelchair_boarding": "2", "stop_code": "53218/2", "osm_platform_within_30m": "yes", "osm_id": "node/1647492522", "osm_wheelchair": "yes"}}, {"type": "Feature", "geometry": {"type": "Point", "coordinates": [13.3233, 49.707619]}, "properties": {"name": "Severní", "gtfs:stop_id": "500", "wheelchair": "no", "gtfs_wheelchair_boarding": "2", "stop_code": "53219/1", "osm_platform_within_30m": "yes", "osm_id": "node/1647492504", "osm_wheelchair": "yes"}}, {"type": "Feature", "geometry": {"type": "Point", "coordinates": [13.32413, 49.707729]}, "properties": {"name": "Severní", "gtfs:stop_id": "501", "wheelchair": "no", "gtfs_wheelchair_boarding": "2", "stop_code": "53219/2", "osm_platform_within_30m": "yes", "osm_id": "node/1647492498", "osm_wheelchair": "yes"}}, {"type": "Feature", "geometry": {"type": "Point", "coordinates": [13.3317, 49.708431]}, "properties": {"name": "U Prodejny", "gtfs:stop_id": "498", "wheelchair": "yes", "gtfs_wheelchair_boarding": "1", "stop_code": "53220/1", "osm_platform_within_30m": "yes", "osm_id": "node/1647492549", "osm_wheelchair": "yes"}}, {"type": "Feature", "geometry": {"type": "Point", "coordinates": [13.33137, 49.70834]}, "properties": {"name": "U Prodejny", "gtfs:stop_id": "499", "wheelchair": "yes", "gtfs_wheelchair_boarding": "1", "stop_code": "53220/2", "osm_platform_within_30m": "no"}}, {"type": "Feature", "geometry": {"type": "Point", "coordinates": [13.421592, 49.698813]}, "properties": {"name": "Pampelišková", "gtfs:stop_id": "587", "wheelchair": "yes", "gtfs_wheelchair_boarding": "1", "stop_code": "56686/1", "osm_platform_within_30m": "yes", "osm_id": "node/1585162905", "osm_wheelchair": ""}}, {"type": "Feature", "geometry": {"type": "Point", "coordinates": [13.42084, 49.698959]}, "properties": {"name": "Pampelišková", "gtfs:stop_id": "588", "wheelchair": "yes", "gtfs_wheelchair_boarding": "1", "stop_code": "56686/2", "osm_platform_within_30m": "yes", "osm_id": "node/1585162908", "osm_wheelchair": ""}}, {"type": "Feature", "geometry": {"type": "Point", "coordinates": [13.3344, 49.725021]}, "properties": {"name": "Morseova", "gtfs:stop_id": "621", "wheelchair": "no", "gtfs_wheelchair_boarding": "2", "stop_code": "59519/1", "osm_platform_within_30m": "yes", "osm_id": "node/1950572710", "osm_wheelchair": ""}}, {"type": "Feature", "geometry": {"type": "Point", "coordinates": [13.27646, 49.73]}, "properties": {"name": "Vejprnice, Pod farou", "gtfs:stop_id": "681", "wheelchair": "no", "gtfs_wheelchair_boarding": "2", "stop_code": "38392/1", "osm_platform_within_30m": "yes", "osm_id": "node/1962920832", "osm_wheelchair": ""}}, {"type": "Feature", "geometry": {"type": "Point", "coordinates": [13.35632, 49.70792]}, "properties": {"name": "Višňovka", "gtfs:stop_id": "413", "wheelchair": "no", "gtfs_wheelchair_boarding": "2", "stop_code": "51892/1", "osm_platform_within_30m": "yes", "osm_id": "node/1575982271", "osm_wheelchair": ""}}, {"type": "Feature", "geometry": {"type": "Point", "coordinates": [13.35659, 49.708382]}, "properties": {"name": "Višňovka", "gtfs:stop_id": "414", "wheelchair": "no", "gtfs_wheelchair_boarding": "2", "stop_code": "51892/2", "osm_platform_within_30m": "yes", "osm_id": "node/1575982278", "osm_wheelchair": ""}}, {"type": "Feature", "geometry": {"type": "Point", "coordinates": [13.32695, 49.746811]}, "properties": {"name": "Zadní Skvrňany", "gtfs:stop_id": "475", "wheelchair": "yes", "gtfs_wheelchair_boarding": "1", "stop_code": "59518/1", "osm_platform_within_30m": "yes", "osm_id": "node/1937155628", "osm_wheelchair": ""}}, {"type": "Feature", "geometry": {"type": "Point", "coordinates": [13.326849, 49.747036]}, "properties": {"name": "Zadní Skvrňany", "gtfs:stop_id": "476", "wheelchair": "yes", "gtfs_wheelchair_boarding": "1", "stop_code": "59518/2", "osm_platform_within_30m": "yes", "osm_id": "node/1937155628", "osm_wheelchair": ""}}, {"type": "Feature", "geometry": {"type": "Point", "coordinates": [13.3498, 49.759319]}, "properties": {"name": "Vinice", "gtfs:stop_id": "477", "wheelchair": "yes", "gtfs_wheelchair_boarding": "1", "stop_code": "57186/1", "osm_platform_within_30m": "yes", "osm_id": "node/1582977737", "osm_wheelchair": ""}}, {"type": "Feature", "geometry": {"type": "Point", "coordinates": [13.35029, 49.75869]}, "properties": {"name": "Vinice", "gtfs:stop_id": "478", "wheelchair": "yes", "gtfs_wheelchair_boarding": "1", "stop_code": "57186/2", "osm_platform_within_30m": "yes", "osm_id": "node/1582977731", "osm_wheelchair": ""}}, {"type": "Feature", "geometry": {"type": "Point", "coordinates": [13.3967, 49.727928]}, "properties": {"name": "Vřesová", "gtfs:stop_id": "10", "wheelchair": "yes", "gtfs_wheelchair_boarding": "1", "stop_code": "57187/1", "osm_platform_within_30m": "yes", "osm_id": "node/2617523330", "osm_wheelchair": ""}}, {"type": "Feature", "geometry": {"type": "Point", "coordinates": [13.39682, 49.72765]}, "properties": {"name": "Vřesová", "gtfs:stop_id": "11", "wheelchair": "yes", "gtfs_wheelchair_boarding": "1", "stop_code": "57187/2", "osm_platform_within_30m": "yes", "osm_id": "node/3731210907", "osm_wheelchair": ""}}, {"type": "Feature", "geometry": {"type": "Point", "coordinates": [13.36986, 49.748501]}, "properties": {"name": "Palackého náměstí", "gtfs:stop_id": "85", "wheelchair": "yes", "gtfs_wheelchair_boarding": "1", "stop_code": "57188/1", "osm_platform_within_30m": "yes", "osm_id": "node/7173045210", "osm_wheelchair": ""}}, {"type": "Feature", "geometry": {"type": "Point", "coordinates": [13.3708, 49.74844]}, "properties": {"name": "Palackého náměstí", "gtfs:stop_id": "86", "wheelchair": "yes", "gtfs_wheelchair_boarding": "1", "stop_code": "57188/2", "osm_platform_within_30m": "yes", "osm_id": "node/7173045213", "osm_wheelchair": ""}}, {"type": "Feature", "geometry": {"type": "Point", "coordinates": [13.40303, 49.693039]}, "properties": {"name": "Rozcestí Podhájí", "gtfs:stop_id": "456", "wheelchair": "no", "gtfs_wheelchair_boarding": "2", "stop_code": "53215/1", "osm_platform_within_30m": "no"}}, {"type": "Feature", "geometry": {"type": "Point", "coordinates": [13.40342, 49.69318]}, "properties": {"name": "Rozcestí Podhájí", "gtfs:stop_id": "457", "wheelchair": "no", "gtfs_wheelchair_boarding": "2", "stop_code": "53215/2", "osm_platform_within_30m": "yes", "osm_id": "node/1585162925", "osm_wheelchair": ""}}, {"type": "Feature", "geometry": {"type": "Point", "coordinates": [13.40118, 49.768372]}, "properties": {"name": "Nádraží Bílá Hora", "gtfs:stop_id": "392", "wheelchair": "yes", "gtfs_wheelchair_boarding": "1", "stop_code": "26962/1", "osm_platform_within_30m": "yes", "osm_id": "node/1541242472", "osm_wheelchair": ""}}, {"type": "Feature", "geometry": {"type": "Point", "coordinates": [13.40147, 49.768372]}, "properties": {"name": "Nádraží Bílá Hora", "gtfs:stop_id": "391", "wheelchair": "yes", "gtfs_wheelchair_boarding": "1", "stop_code": "26962/2", "osm_platform_within_30m": "yes", "osm_id": "node/1541242472", "osm_wheelchair": ""}}, {"type": "Feature", "geometry": {"type": "Point", "coordinates": [13.32931, 49.735779]}, "properties": {"name": "Zátiší", "gtfs:stop_id": "288", "wheelchair": "yes", "gtfs_wheelchair_boarding": "1", "stop_code": "53095/1", "osm_platform_within_30m": "yes", "osm_id": "node/1577295563", "osm_wheelchair": ""}}, {"type": "Feature", "geometry": {"type": "Point", "coordinates": [13.33087, 49.736252]}, "properties": {"name": "Zátiší", "gtfs:stop_id": "290", "wheelchair": "yes", "gtfs_wheelchair_boarding": "1", "stop_code": "53095/2", "osm_platform_within_30m": "yes", "osm_id": "node/1577295568", "osm_wheelchair": ""}}, {"type": "Feature", "geometry": {"type": "Point", "coordinates": [13.33163, 49.737068]}, "properties": {"name": "Zátiší", "gtfs:stop_id": "289", "wheelchair": "yes", "gtfs_wheelchair_boarding": "1", "stop_code": "53095/3", "osm_platform_within_30m": "yes", "osm_id": "node/1975554766", "osm_wheelchair": ""}}, {"type": "Feature", "geometry": {"type": "Point", "coordinates": [13.33064, 49.737129]}, "properties": {"name": "Zátiší", "gtfs:stop_id": "777", "wheelchair": "yes", "gtfs_wheelchair_boarding": "1", "stop_code": "53095/4", "osm_platform_within_30m": "yes", "osm_id": "node/10210198307", "osm_wheelchair": ""}}, {"type": "Feature", "geometry": {"type": "Point", "coordinates": [13.325568, 49.734356]}, "properties": {"name": "Hřbitov Zátiší", "gtfs:stop_id": "291", "wheelchair": "no", "gtfs_wheelchair_boarding": "2", "stop_code": "53096/1", "osm_platform_within_30m": "yes", "osm_id": "node/1577295577", "osm_wheelchair": ""}}, {"type": "Feature", "geometry": {"type": "Point", "coordinates": [13.326156, 49.734465]}, "properties": {"name": "Hřbitov Zátiší", "gtfs:stop_id": "292", "wheelchair": "no", "gtfs_wheelchair_boarding": "2", "stop_code": "53096/2", "osm_platform_within_30m": "yes", "osm_id": "node/1577295577", "osm_wheelchair": ""}}, {"type": "Feature", "geometry": {"type": "Point", "coordinates": [13.33635, 49.73843]}, "properties": {"name": "Panelárna", "gtfs:stop_id": "286", "wheelchair": "no", "gtfs_wheelchair_boarding": "2", "stop_code": "26960/1", "osm_platform_within_30m": "yes", "osm_id": "node/1577295598", "osm_wheelchair": ""}}, {"type": "Feature", "geometry": {"type": "Point", "coordinates": [13.33902, 49.73912]}, "properties": {"name": "Panelárna", "gtfs:stop_id": "287", "wheelchair": "no", "gtfs_wheelchair_boarding": "2", "stop_code": "26960/2", "osm_platform_within_30m": "yes", "osm_id": "node/1577295594", "osm_wheelchair": ""}}, {"type": "Feature", "geometry": {"type": "Point", "coordinates": [13.40404, 49.71553]}, "properties": {"name": "Zelenohorská", "gtfs:stop_id": "585", "wheelchair": "no", "gtfs_wheelchair_boarding": "2", "stop_code": "57191/1", "osm_platform_within_30m": "yes", "osm_id": "node/1595508766", "osm_wheelchair": ""}}, {"type": "Feature", "geometry": {"type": "Point", "coordinates": [13.4039, 49.715431]}, "properties": {"name": "Zelenohorská", "gtfs:stop_id": "586", "wheelchair": "no", "gtfs_wheelchair_boarding": "2", "stop_code": "57191/2", "osm_platform_within_30m": "yes", "osm_id": "node/1595508751", "osm_wheelchair": ""}}, {"type": "Feature", "geometry": {"type": "Point", "coordinates": [13.37907, 49.73674]}, "properties": {"name": "Zimní stadion", "gtfs:stop_id": "200", "wheelchair": "yes", "gtfs_wheelchair_boarding": "1", "stop_code": "57192/1", "osm_platform_within_30m": "yes", "osm_id": "node/1579900073", "osm_wheelchair": ""}}, {"type": "Feature", "geometry": {"type": "Point", "coordinates": [13.37929, 49.737]}, "properties": {"name": "Zimní stadion", "gtfs:stop_id": "201", "wheelchair": "yes", "gtfs_wheelchair_boarding": "1", "stop_code": "57192/2", "osm_platform_within_30m": "yes", "osm_id": "node/1579900089", "osm_wheelchair": ""}}, {"type": "Feature", "geometry": {"type": "Point", "coordinates": [13.37936, 49.72184]}, "properties": {"name": "Gigant", "gtfs:stop_id": "337", "wheelchair": "no", "gtfs_wheelchair_boarding": "2", "stop_code": "57078/1", "osm_platform_within_30m": "yes", "osm_id": "node/1579899713", "osm_wheelchair": ""}}, {"type": "Feature", "geometry": {"type": "Point", "coordinates": [13.37942, 49.721611]}, "properties": {"name": "Gigant", "gtfs:stop_id": "338", "wheelchair": "no", "gtfs_wheelchair_boarding": "2", "stop_code": "57078/2", "osm_platform_within_30m": "yes", "osm_id": "node/1579899706", "osm_wheelchair": ""}}, {"type": "Feature", "geometry": {"type": "Point", "coordinates": [13.32148, 49.733688]}, "properties": {"name": "Regensburská rondel", "gtfs:stop_id": "469", "wheelchair": "yes", "gtfs_wheelchair_boarding": "1", "stop_code": "60205/1", "osm_platform_within_30m": "yes", "osm_id": "node/2532474064", "osm_wheelchair": ""}}, {"type": "Feature", "geometry": {"type": "Point", "coordinates": [13.32026, 49.732552]}, "properties": {"name": "Regensburská rondel", "gtfs:stop_id": "470", "wheelchair": "yes", "gtfs_wheelchair_boarding": "1", "stop_code": "60205/2", "osm_platform_within_30m": "yes", "osm_id": "node/2532474065", "osm_wheelchair": ""}}, {"type": "Feature", "geometry": {"type": "Point", "coordinates": [13.36195, 49.74548]}, "properties": {"name": "CAN Tylova", "gtfs:stop_id": "248", "wheelchair": "no", "gtfs_wheelchair_boarding": "2", "stop_code": "53087/1", "osm_platform_within_30m": "yes", "osm_id": "node/1577295467", "osm_wheelchair": ""}}, {"type": "Feature", "geometry": {"type": "Point", "coordinates": [13.3624, 49.745281]}, "properties": {"name": "CAN Tylova", "gtfs:stop_id": "247", "wheelchair": "no", "gtfs_wheelchair_boarding": "2", "stop_code": "53087/2", "osm_platform_within_30m": "yes", "osm_id": "node/1577295458", "osm_wheelchair": ""}}, {"type": "Feature", "geometry": {"type": "Point", "coordinates": [13.36369, 49.746109]}, "properties": {"name": "CAN Husova", "gtfs:stop_id": "249", "wheelchair": "yes", "gtfs_wheelchair_boarding": "1", "stop_code": "50752/1", "osm_platform_within_30m": "yes", "osm_id": "node/1582889357", "osm_wheelchair": ""}}, {"type": "Feature", "geometry": {"type": "Point", "coordinates": [13.361931, 49.74625]}, "properties": {"name": "CAN Husova", "gtfs:stop_id": "250", "wheelchair": "yes", "gtfs_wheelchair_boarding": "1", "stop_code": "50752/2", "osm_platform_within_30m": "yes", "osm_id": "node/1582889358", "osm_wheelchair": ""}}, {"type": "Feature", "geometry": {"type": "Point", "coordinates": [13.36406, 49.745941]}, "properties": {"name": "CAN Husova", "gtfs:stop_id": "251", "wheelchair": "yes", "gtfs_wheelchair_boarding": "1", "stop_code": "50752/3", "osm_platform_within_30m": "yes", "osm_id": "node/1583016916", "osm_wheelchair": ""}}, {"type": "Feature", "geometry": {"type": "Point", "coordinates": [13.38477, 49.74361]}, "properties": {"name": "Pařížská", "gtfs:stop_id": "245", "wheelchair": "yes", "gtfs_wheelchair_boarding": "1", "stop_code": "48984/1", "osm_platform_within_30m": "yes", "osm_id": "node/1576184030", "osm_wheelchair": ""}}, {"type": "Feature", "geometry": {"type": "Point", "coordinates": [13.38434, 49.74332]}, "properties": {"name": "Pařížská", "gtfs:stop_id": "246", "wheelchair": "yes", "gtfs_wheelchair_boarding": "1", "stop_code": "48984/2", "osm_platform_within_30m": "yes", "osm_id": "node/1576184006", "osm_wheelchair": ""}}, {"type": "Feature", "geometry": {"type": "Point", "coordinates": [13.31561, 49.76598]}, "properties": {"name": "Pod Kyjovem", "gtfs:stop_id": "610", "wheelchair": "no", "gtfs_wheelchair_boarding": "2", "stop_code": "60204/1", "osm_platform_within_30m": "yes", "osm_id": "node/2121768609", "osm_wheelchair": ""}}, {"type": "Feature", "geometry": {"type": "Point", "coordinates": [13.32616, 49.742908]}, "properties": {"name": "Macháčkova", "gtfs:stop_id": "109", "wheelchair": "yes", "gtfs_wheelchair_boarding": "1", "stop_code": "57111/1", "osm_platform_within_30m": "yes", "osm_id": "node/1576067053", "osm_wheelchair": ""}}, {"type": "Feature", "geometry": {"type": "Point", "coordinates": [13.32653, 49.742641]}, "properties": {"name": "Macháčkova", "gtfs:stop_id": "110", "wheelchair": "yes", "gtfs_wheelchair_boarding": "1", "stop_code": "57111/2", "osm_platform_within_30m": "yes", "osm_id": "node/1576067030", "osm_wheelchair": ""}}, {"type": "Feature", "geometry": {"type": "Point", "coordinates": [13.32612, 49.742851]}, "properties": {"name": "Macháčkova", "gtfs:stop_id": "107", "wheelchair": "yes", "gtfs_wheelchair_boarding": "1", "stop_code": "57111/3", "osm_platform_within_30m": "yes", "osm_id": "node/1576067053", "osm_wheelchair": ""}}, {"type": "Feature", "geometry": {"type": "Point", "coordinates": [13.32655, 49.742699]}, "properties": {"name": "Macháčkova", "gtfs:stop_id": "108", "wheelchair": "yes", "gtfs_wheelchair_boarding": "1", "stop_code": "57111/4", "osm_platform_within_30m": "yes", "osm_id": "node/957200739", "osm_wheelchair": ""}}, {"type": "Feature", "geometry": {"type": "Point", "coordinates": [13.37071, 49.73785]}, "properties": {"name": "Chodské náměstí", "gtfs:stop_id": "144", "wheelchair": "yes", "gtfs_wheelchair_boarding": "1", "stop_code": "57088/1", "osm_platform_within_30m": "yes", "osm_id": "node/611664635", "osm_wheelchair": ""}}, {"type": "Feature", "geometry": {"type": "Point", "coordinates": [13.3706, 49.737438]}, "properties": {"name": "Chodské náměstí", "gtfs:stop_id": "145", "wheelchair": "yes", "gtfs_wheelchair_boarding": "1", "stop_code": "57088/2", "osm_platform_within_30m": "yes", "osm_id": "node/117565444", "osm_wheelchair": ""}}, {"type": "Feature", "geometry": {"type": "Point", "coordinates": [13.36753, 49.761219]}, "properties": {"name": "Zoologická zahrada", "gtfs:stop_id": "154", "wheelchair": "yes", "gtfs_wheelchair_boarding": "1", "stop_code": "57106/1", "osm_platform_within_30m": "yes", "osm_id": "node/1583878346", "osm_wheelchair": ""}}, {"type": "Feature", "geometry": {"type": "Point", "coordinates": [13.36739, 49.761269]}, "properties": {"name": "Zoologická zahrada", "gtfs:stop_id": "155", "wheelchair": "yes", "gtfs_wheelchair_boarding": "1", "stop_code": "57106/2", "osm_platform_within_30m": "yes", "osm_id": "node/1583878346", "osm_wheelchair": ""}}, {"type": "Feature", "geometry": {"type": "Point", "coordinates": [13.37003, 49.76078]}, "properties": {"name": "Lékařská fakulta", "gtfs:stop_id": "43", "wheelchair": "yes", "gtfs_wheelchair_boarding": "1", "stop_code": "53167/1", "osm_platform_within_30m": "yes", "osm_id": "node/956920246", "osm_wheelchair": ""}}, {"type": "Feature", "geometry": {"type": "Point", "coordinates": [13.37021, 49.76162]}, "properties": {"name": "Lékařská fakulta", "gtfs:stop_id": "44", "wheelchair": "yes", "gtfs_wheelchair_boarding": "1", "stop_code": "53167/2", "osm_platform_within_30m": "yes", "osm_id": "node/956920241", "osm_wheelchair": ""}}, {"type": "Feature", "geometry": {"type": "Point", "coordinates": [13.37067, 49.762211]}, "properties": {"name": "Lékařská fakulta", "gtfs:stop_id": "41", "wheelchair": "yes", "gtfs_wheelchair_boarding": "1", "stop_code": "53167/3", "osm_platform_within_30m": "yes", "osm_id": "node/498872004", "osm_wheelchair": ""}}, {"type": "Feature", "geometry": {"type": "Point", "coordinates": [13.37053, 49.761921]}, "properties": {"name": "Lékařská fakulta", "gtfs:stop_id": "42", "wheelchair": "yes", "gtfs_wheelchair_boarding": "1", "stop_code": "53167/4", "osm_platform_within_30m": "yes", "osm_id": "node/498872115", "osm_wheelchair": ""}}, {"type": "Feature", "geometry": {"type": "Point", "coordinates": [13.40129, 49.72506]}, "properties": {"name": "Slovany", "gtfs:stop_id": "5", "wheelchair": "yes", "gtfs_wheelchair_boarding": "1", "stop_code": "50732/1", "osm_platform_within_30m": "yes", "osm_id": "node/6693422459", "osm_wheelchair": ""}}, {"type": "Feature", "geometry": {"type": "Point", "coordinates": [13.40166, 49.724899]}, "properties": {"name": "Slovany", "gtfs:stop_id": "6", "wheelchair": "yes", "gtfs_wheelchair_boarding": "1", "stop_code": "50732/2", "osm_platform_within_30m": "yes", "osm_id": "node/1120140395", "osm_wheelchair": ""}}, {"type": "Feature", "geometry": {"type": "Point", "coordinates": [13.39986, 49.724991]}, "properties": {"name": "Slovany", "gtfs:stop_id": "7", "wheelchair": "yes", "gtfs_wheelchair_boarding": "1", "stop_code": "50732/4", "osm_platform_within_30m": "yes", "osm_id": "node/3731209218", "osm_wheelchair": ""}}, {"type": "Feature", "geometry": {"type": "Point", "coordinates": [13.39985, 49.724838]}, "properties": {"name": "Slovany", "gtfs:stop_id": "1", "wheelchair": "yes", "gtfs_wheelchair_boarding": "1", "stop_code": "50732/7", "osm_platform_within_30m": "yes", "osm_id": "node/3731209218", "osm_wheelchair": ""}}, {"type": "Feature", "geometry": {"type": "Point", "coordinates": [13.39993, 49.72411]}, "properties": {"name": "Slovany", "gtfs:stop_id": "2", "wheelchair": "yes", "gtfs_wheelchair_boarding": "1", "stop_code": "50732/8", "osm_platform_within_30m": "yes", "osm_id": "node/3731209223", "osm_wheelchair": ""}}, {"type": "Feature", "geometry": {"type": "Point", "coordinates": [13.40031, 49.723701]}, "properties": {"name": "Slovany", "gtfs:stop_id": "3", "wheelchair": "yes", "gtfs_wheelchair_boarding": "1", "stop_code": "50732/9", "osm_platform_within_30m": "yes", "osm_id": "node/8032334541", "osm_wheelchair": ""}}, {"type": "Feature", "geometry": {"type": "Point", "coordinates": [13.39969, 49.724731]}, "properties": {"name": "Slovany", "gtfs:stop_id": "4", "wheelchair": "yes", "gtfs_wheelchair_boarding": "1", "stop_code": "50732/10", "osm_platform_within_30m": "yes", "osm_id": "node/8032334543", "osm_wheelchair": ""}}, {"type": "Feature", "geometry": {"type": "Point", "coordinates": [13.37104, 49.775349]}, "properties": {"name": "Komenského", "gtfs:stop_id": "577", "wheelchair": "yes", "gtfs_wheelchair_boarding": "1", "stop_code": "57159/1", "osm_platform_within_30m": "yes", "osm_id": "node/1541242522", "osm_wheelchair": ""}}, {"type": "Feature", "geometry": {"type": "Point", "coordinates": [13.37424, 49.774971]}, "properties": {"name": "Komenského", "gtfs:stop_id": "578", "wheelchair": "yes", "gtfs_wheelchair_boarding": "1", "stop_code": "57159/2", "osm_platform_within_30m": "yes", "osm_id": "node/1541242519", "osm_wheelchair": ""}}, {"type": "Feature", "geometry": {"type": "Point", "coordinates": [13.37351, 49.766819]}, "properties": {"name": "U Gery", "gtfs:stop_id": "45", "wheelchair": "yes", "gtfs_wheelchair_boarding": "1", "stop_code": "57170/1", "osm_platform_within_30m": "yes", "osm_id": "node/956920240", "osm_wheelchair": ""}}, {"type": "Feature", "geometry": {"type": "Point", "coordinates": [13.37324, 49.766548]}, "properties": {"name": "U Gery", "gtfs:stop_id": "46", "wheelchair": "yes", "gtfs_wheelchair_boarding": "1", "stop_code": "57170/2", "osm_platform_within_30m": "yes", "osm_id": "node/956920240", "osm_wheelchair": ""}}, {"type": "Feature", "geometry": {"type": "Point", "coordinates": [13.37452, 49.76762]}, "properties": {"name": "U Gery", "gtfs:stop_id": "47", "wheelchair": "yes", "gtfs_wheelchair_boarding": "1", "stop_code": "57170/3", "osm_platform_within_30m": "yes", "osm_id": "node/2109125297", "osm_wheelchair": ""}}, {"type": "Feature", "geometry": {"type": "Point", "coordinates": [13.37378, 49.767368]}, "properties": {"name": "U Gery", "gtfs:stop_id": "48", "wheelchair": "yes", "gtfs_wheelchair_boarding": "1", "stop_code": "57170/4", "osm_platform_within_30m": "yes", "osm_id": "node/2109125293", "osm_wheelchair": ""}}, {"type": "Feature", "geometry": {"type": "Point", "coordinates": [13.37303, 49.744148]}, "properties": {"name": "U Práce", "gtfs:stop_id": "153", "wheelchair": "yes", "gtfs_wheelchair_boarding": "1", "stop_code": "53090/1", "osm_platform_within_30m": "yes", "osm_id": "node/1576184191", "osm_wheelchair": "yes"}}, {"type": "Feature", "geometry": {"type": "Point", "coordinates": [13.37344, 49.743778]}, "properties": {"name": "U Práce", "gtfs:stop_id": "152", "wheelchair": "yes", "gtfs_wheelchair_boarding": "1", "stop_code": "53090/2", "osm_platform_within_30m": "yes", "osm_id": "node/621487559", "osm_wheelchair": "yes"}}, {"type": "Feature", "geometry": {"type": "Point", "coordinates": [13.3724, 49.744019]}, "properties": {"name": "U Práce", "gtfs:stop_id": "150", "wheelchair": "yes", "gtfs_wheelchair_boarding": "1", "stop_code": "53090/3", "osm_platform_within_30m": "yes", "osm_id": "node/611664637", "osm_wheelchair": "yes"}}, {"type": "Feature", "geometry": {"type": "Point", "coordinates": [13.37219, 49.743649]}, "properties": {"name": "U Práce", "gtfs:stop_id": "151", "wheelchair": "yes", "gtfs_wheelchair_boarding": "1", "stop_code": "53090/4", "osm_platform_within_30m": "yes", "osm_id": "node/611664638", "osm_wheelchair": ""}}, {"type": "Feature", "geometry": {"type": "Point", "coordinates": [13.412987, 49.74707]}, "properties": {"name": "U Pietasu", "gtfs:stop_id": "350", "wheelchair": "yes", "gtfs_wheelchair_boarding": "1", "stop_code": "57173/1", "osm_platform_within_30m": "yes", "osm_id": "node/1538322365", "osm_wheelchair": ""}}, {"type": "Feature", "geometry": {"type": "Point", "coordinates": [13.41284, 49.7472]}, "properties": {"name": "U Pietasu", "gtfs:stop_id": "351", "wheelchair": "yes", "gtfs_wheelchair_boarding": "1", "stop_code": "57173/2", "osm_platform_within_30m": "yes", "osm_id": "node/1538322366", "osm_wheelchair": ""}}, {"type": "Feature", "geometry": {"type": "Point", "coordinates": [13.412973, 49.747177]}, "properties": {"name": "U Pietasu", "gtfs:stop_id": "352", "wheelchair": "yes", "gtfs_wheelchair_boarding": "1", "stop_code": "57173/3", "osm_platform_within_30m": "yes", "osm_id": "node/1538322366", "osm_wheelchair": ""}}, {"type": "Feature", "geometry": {"type": "Point", "coordinates": [13.35062, 49.743752]}, "properties": {"name": "U Dráhy", "gtfs:stop_id": "281", "wheelchair": "yes", "gtfs_wheelchair_boarding": "1", "stop_code": "47353/1", "osm_platform_within_30m": "yes", "osm_id": "node/1577295624", "osm_wheelchair": ""}}, {"type": "Feature", "geometry": {"type": "Point", "coordinates": [13.35187, 49.74395]}, "properties": {"name": "U Dráhy", "gtfs:stop_id": "282", "wheelchair": "yes", "gtfs_wheelchair_boarding": "1", "stop_code": "47353/2", "osm_platform_within_30m": "yes", "osm_id": "node/1577295629", "osm_wheelchair": ""}}, {"type": "Feature", "geometry": {"type": "Point", "coordinates": [13.40335, 49.748589]}, "properties": {"name": "Divadlo Alfa", "gtfs:stop_id": "240", "wheelchair": "no", "gtfs_wheelchair_boarding": "2", "stop_code": "47076/1", "osm_platform_within_30m": "yes", "osm_id": "node/1581227590", "osm_wheelchair": ""}}, {"type": "Feature", "geometry": {"type": "Point", "coordinates": [13.40369, 49.748268]}, "properties": {"name": "Divadlo Alfa", "gtfs:stop_id": "241", "wheelchair": "no", "gtfs_wheelchair_boarding": "2", "stop_code": "47076/2", "osm_platform_within_30m": "yes", "osm_id": "node/1581072062", "osm_wheelchair": ""}}, {"type": "Feature", "geometry": {"type": "Point", "coordinates": [13.41086, 49.727879]}, "properties": {"name": "U Světovaru", "gtfs:stop_id": "706", "wheelchair": "no", "gtfs_wheelchair_boarding": "2", "stop_code": "57162/2", "osm_platform_within_30m": "yes", "osm_id": "node/2398516952", "osm_wheelchair": "limited"}}, {"type": "Feature", "geometry": {"type": "Point", "coordinates": [13.40228, 49.692429]}, "properties": {"name": "Kruhová", "gtfs:stop_id": "452", "wheelchair": "yes", "gtfs_wheelchair_boarding": "1", "stop_code": "62927/1", "osm_platform_within_30m": "yes", "osm_id": "node/1585162910", "osm_wheelchair": ""}}, {"type": "Feature", "geometry": {"type": "Point", "coordinates": [13.40228, 49.692429]}, "properties": {"name": "Kruhová", "gtfs:stop_id": "453", "wheelchair": "yes", "gtfs_wheelchair_boarding": "1", "stop_code": "62927/2", "osm_platform_within_30m": "yes", "osm_id": "node/1585162910", "osm_wheelchair": ""}}, {"type": "Feature", "geometry": {"type": "Point", "coordinates": [13.32448, 49.74493]}, "properties": {"name": "Lábkova", "gtfs:stop_id": "473", "wheelchair": "yes", "gtfs_wheelchair_boarding": "1", "stop_code": "57105/1", "osm_platform_within_30m": "yes", "osm_id": "node/1576067027", "osm_wheelchair": ""}}, {"type": "Feature", "geometry": {"type": "Point", "coordinates": [13.32441, 49.743858]}, "properties": {"name": "Lábkova", "gtfs:stop_id": "474", "wheelchair": "yes", "gtfs_wheelchair_boarding": "1", "stop_code": "57105/2", "osm_platform_within_30m": "yes", "osm_id": "node/6693419912", "osm_wheelchair": ""}}, {"type": "Feature", "geometry": {"type": "Point", "coordinates": [13.34491, 49.726082]}, "properties": {"name": "U Letiště", "gtfs:stop_id": "463", "wheelchair": "yes", "gtfs_wheelchair_boarding": "1", "stop_code": "57136/1", "osm_platform_within_30m": "yes", "osm_id": "node/1122191023", "osm_wheelchair": ""}}, {"type": "Feature", "geometry": {"type": "Point", "coordinates": [13.34604, 49.72514]}, "properties": {"name": "U Letiště", "gtfs:stop_id": "464", "wheelchair": "yes", "gtfs_wheelchair_boarding": "1", "stop_code": "57136/2", "osm_platform_within_30m": "yes", "osm_id": "node/1122191032", "osm_wheelchair": ""}}, {"type": "Feature", "geometry": {"type": "Point", "coordinates": [13.52755, 49.806149]}, "properties": {"name": "Bušovice, Sedlecko", "gtfs:stop_id": "678", "wheelchair": "no", "gtfs_wheelchair_boarding": "2", "stop_code": "3566/1", "osm_platform_within_30m": "yes", "osm_id": "node/2780895980", "osm_wheelchair": ""}}, {"type": "Feature", "geometry": {"type": "Point", "coordinates": [13.52774, 49.80608]}, "properties": {"name": "Bušovice, Sedlecko", "gtfs:stop_id": "679", "wheelchair": "no", "gtfs_wheelchair_boarding": "2", "stop_code": "3566/2", "osm_platform_within_30m": "yes", "osm_id": "node/2780895980", "osm_wheelchair": ""}}, {"type": "Feature", "geometry": {"type": "Point", "coordinates": [13.3362, 49.73103]}, "properties": {"name": "U Panasoniku", "gtfs:stop_id": "299", "wheelchair": "yes", "gtfs_wheelchair_boarding": "1", "stop_code": "57062/1", "osm_platform_within_30m": "yes", "osm_id": "node/14202270499", "osm_wheelchair": ""}}, {"type": "Feature", "geometry": {"type": "Point", "coordinates": [13.33828, 49.730721]}, "properties": {"name": "U Panasoniku", "gtfs:stop_id": "300", "wheelchair": "yes", "gtfs_wheelchair_boarding": "1", "stop_code": "57062/2", "osm_platform_within_30m": "yes", "osm_id": "node/616371474", "osm_wheelchair": ""}}, {"type": "Feature", "geometry": {"type": "Point", "coordinates": [13.33687, 49.725712]}, "properties": {"name": "Staré letiště", "gtfs:stop_id": "619", "wheelchair": "yes", "gtfs_wheelchair_boarding": "1", "stop_code": "57157/1", "osm_platform_within_30m": "yes", "osm_id": "node/1950572716", "osm_wheelchair": ""}}, {"type": "Feature", "geometry": {"type": "Point", "coordinates": [13.387096, 49.740589]}, "properties": {"name": "Mikulášská", "gtfs:stop_id": "279", "wheelchair": "yes", "gtfs_wheelchair_boarding": "1", "stop_code": "53092/1", "osm_platform_within_30m": "yes", "osm_id": "node/2131490901", "osm_wheelchair": ""}}, {"type": "Feature", "geometry": {"type": "Point", "coordinates": [13.38724, 49.740479]}, "properties": {"name": "Mikulášská", "gtfs:stop_id": "280", "wheelchair": "yes", "gtfs_wheelchair_boarding": "1", "stop_code": "53092/2", "osm_platform_within_30m": "yes", "osm_id": "node/1577295493", "osm_wheelchair": ""}}, {"type": "Feature", "geometry": {"type": "Point", "coordinates": [13.36033, 49.726509]}, "properties": {"name": "Bory", "gtfs:stop_id": "121", "wheelchair": "yes", "gtfs_wheelchair_boarding": "1", "stop_code": "26935/1", "osm_platform_within_30m": "yes", "osm_id": "node/5565285708", "osm_wheelchair": ""}}, {"type": "Feature", "geometry": {"type": "Point", "coordinates": [13.36025, 49.726181]}, "properties": {"name": "Bory", "gtfs:stop_id": "123", "wheelchair": "yes", "gtfs_wheelchair_boarding": "1", "stop_code": "26935/2", "osm_platform_within_30m": "yes", "osm_id": "node/9341039964", "osm_wheelchair": "yes"}}, {"type": "Feature", "geometry": {"type": "Point", "coordinates": [13.35992, 49.726608]}, "properties": {"name": "Bory", "gtfs:stop_id": "122", "wheelchair": "yes", "gtfs_wheelchair_boarding": "1", "stop_code": "26935/3", "osm_platform_within_30m": "yes", "osm_id": "node/7074531103", "osm_wheelchair": "yes"}}, {"type": "Feature", "geometry": {"type": "Point", "coordinates": [13.35972, 49.72588]}, "properties": {"name": "Bory", "gtfs:stop_id": "125", "wheelchair": "yes", "gtfs_wheelchair_boarding": "1", "stop_code": "26935/4", "osm_platform_within_30m": "yes", "osm_id": "node/9341039967", "osm_wheelchair": "yes"}}, {"type": "Feature", "geometry": {"type": "Point", "coordinates": [13.36, 49.726711]}, "properties": {"name": "Bory", "gtfs:stop_id": "128", "wheelchair": "yes", "gtfs_wheelchair_boarding": "1", "stop_code": "26935/5", "osm_platform_within_30m": "yes", "osm_id": "node/7074531103", "osm_wheelchair": "yes"}}, {"type": "Feature", "geometry": {"type": "Point", "coordinates": [13.359591, 49.725936]}, "properties": {"name": "Bory", "gtfs:stop_id": "127", "wheelchair": "yes", "gtfs_wheelchair_boarding": "1", "stop_code": "26935/6", "osm_platform_within_30m": "yes", "osm_id": "node/9341039967", "osm_wheelchair": "yes"}}, {"type": "Feature", "geometry": {"type": "Point", "coordinates": [13.3602, 49.726799]}, "properties": {"name": "Bory", "gtfs:stop_id": "124", "wheelchair": "yes", "gtfs_wheelchair_boarding": "1", "stop_code": "26935/7", "osm_platform_within_30m": "yes", "osm_id": "node/7074531098", "osm_wheelchair": "yes"}}, {"type": "Feature", "geometry": {"type": "Point", "coordinates": [13.3604, 49.72612]}, "properties": {"name": "Bory", "gtfs:stop_id": "126", "wheelchair": "yes", "gtfs_wheelchair_boarding": "1", "stop_code": "26935/8", "osm_platform_within_30m": "yes", "osm_id": "node/7074531099", "osm_wheelchair": "yes"}}, {"type": "Feature", "geometry": {"type": "Point", "coordinates": [13.32405, 49.76368]}, "properties": {"name": "Radčice", "gtfs:stop_id": "607", "wheelchair": "yes", "gtfs_wheelchair_boarding": "1", "stop_code": "26976/1", "osm_platform_within_30m": "yes", "osm_id": "node/1600182105", "osm_wheelchair": ""}}, {"type": "Feature", "geometry": {"type": "Point", "coordinates": [13.32377, 49.763649]}, "properties": {"name": "Radčice", "gtfs:stop_id": "608", "wheelchair": "yes", "gtfs_wheelchair_boarding": "1", "stop_code": "26976/2", "osm_platform_within_30m": "yes", "osm_id": "node/1600182111", "osm_wheelchair": ""}}, {"type": "Feature", "geometry": {"type": "Point", "coordinates": [13.32381, 49.763649]}, "properties": {"name": "Radčice", "gtfs:stop_id": "609", "wheelchair": "yes", "gtfs_wheelchair_boarding": "1", "stop_code": "26976/3", "osm_platform_within_30m": "yes", "osm_id": "node/1600182111", "osm_wheelchair": ""}}, {"type": "Feature", "geometry": {"type": "Point", "coordinates": [13.34403, 49.756569]}, "properties": {"name": "Pod Zámečkem", "gtfs:stop_id": "603", "wheelchair": "no", "gtfs_wheelchair_boarding": "2", "stop_code": "26977/1", "osm_platform_within_30m": "no"}}, {"type": "Feature", "geometry": {"type": "Point", "coordinates": [13.34399, 49.756512]}, "properties": {"name": "Pod Zámečkem", "gtfs:stop_id": "604", "wheelchair": "no", "gtfs_wheelchair_boarding": "2", "stop_code": "26977/2", "osm_platform_within_30m": "no"}}, {"type": "Feature", "geometry": {"type": "Point", "coordinates": [13.37804, 49.75436]}, "properties": {"name": "Malická", "gtfs:stop_id": "379", "wheelchair": "yes", "gtfs_wheelchair_boarding": "1", "stop_code": "57115/1", "osm_platform_within_30m": "yes", "osm_id": "node/1658968472", "osm_wheelchair": ""}}, {"type": "Feature", "geometry": {"type": "Point", "coordinates": [13.37849, 49.754292]}, "properties": {"name": "Malická", "gtfs:stop_id": "380", "wheelchair": "yes", "gtfs_wheelchair_boarding": "1", "stop_code": "57115/2", "osm_platform_within_30m": "yes", "osm_id": "node/1658968464", "osm_wheelchair": ""}}, {"type": "Feature", "geometry": {"type": "Point", "coordinates": [13.38311, 49.758801]}, "properties": {"name": "Zadní Roudná", "gtfs:stop_id": "377", "wheelchair": "no", "gtfs_wheelchair_boarding": "2", "stop_code": "57189/1", "osm_platform_within_30m": "yes", "osm_id": "node/1658968497", "osm_wheelchair": ""}}, {"type": "Feature", "geometry": {"type": "Point", "coordinates": [13.38331, 49.758652]}, "properties": {"name": "Zadní Roudná", "gtfs:stop_id": "378", "wheelchair": "no", "gtfs_wheelchair_boarding": "2", "stop_code": "57189/2", "osm_platform_within_30m": "yes", "osm_id": "node/1658968496", "osm_wheelchair": ""}}, {"type": "Feature", "geometry": {"type": "Point", "coordinates": [13.38843, 49.762932]}, "properties": {"name": "V Ráji", "gtfs:stop_id": "375", "wheelchair": "no", "gtfs_wheelchair_boarding": "2", "stop_code": "57183/1", "osm_platform_within_30m": "yes", "osm_id": "node/2697800391", "osm_wheelchair": ""}}, {"type": "Feature", "geometry": {"type": "Point", "coordinates": [13.38792, 49.762539]}, "properties": {"name": "V Ráji", "gtfs:stop_id": "376", "wheelchair": "no", "gtfs_wheelchair_boarding": "2", "stop_code": "57183/2", "osm_platform_within_30m": "yes", "osm_id": "node/2697800383", "osm_wheelchair": ""}}, {"type": "Feature", "geometry": {"type": "Point", "coordinates": [13.39292, 49.697571]}, "properties": {"name": "Radobyčice", "gtfs:stop_id": "446", "wheelchair": "yes", "gtfs_wheelchair_boarding": "1", "stop_code": "47081/1", "osm_platform_within_30m": "yes", "osm_id": "node/1585162913", "osm_wheelchair": ""}}, {"type": "Feature", "geometry": {"type": "Point", "coordinates": [13.3932, 49.697762]}, "properties": {"name": "Radobyčice", "gtfs:stop_id": "447", "wheelchair": "yes", "gtfs_wheelchair_boarding": "1", "stop_code": "47081/2", "osm_platform_within_30m": "yes", "osm_id": "node/1585162915", "osm_wheelchair": ""}}, {"type": "Feature", "geometry": {"type": "Point", "coordinates": [13.28288, 49.732269]}, "properties": {"name": "Vejprnice, bytovky", "gtfs:stop_id": "680", "wheelchair": "yes", "gtfs_wheelchair_boarding": "1", "stop_code": "52706/1", "osm_platform_within_30m": "yes", "osm_id": "node/1962920835", "osm_wheelchair": ""}}, {"type": "Feature", "geometry": {"type": "Point", "coordinates": [13.27632, 49.728481]}, "properties": {"name": "Vejprnice, Náves", "gtfs:stop_id": "682", "wheelchair": "yes", "gtfs_wheelchair_boarding": "1", "stop_code": "53099/1", "osm_platform_within_30m": "yes", "osm_id": "node/1962920836", "osm_wheelchair": ""}}, {"type": "Feature", "geometry": {"type": "Point", "coordinates": [13.29748, 49.686699]}, "properties": {"name": "Nová Ves, u lesa", "gtfs:stop_id": "509", "wheelchair": "no", "gtfs_wheelchair_boarding": "2", "stop_code": "23659/1", "osm_platform_within_30m": "yes", "osm_id": "node/2707571414", "osm_wheelchair": "yes"}}, {"type": "Feature", "geometry": {"type": "Point", "coordinates": [13.2974, 49.686642]}, "properties": {"name": "Nová Ves, u lesa", "gtfs:stop_id": "510", "wheelchair": "no", "gtfs_wheelchair_boarding": "2", "stop_code": "23659/2", "osm_platform_within_30m": "yes", "osm_id": "node/2707571404", "osm_wheelchair": "yes"}}, {"type": "Feature", "geometry": {"type": "Point", "coordinates": [13.36675, 49.727039]}, "properties": {"name": "Borský park", "gtfs:stop_id": "129", "wheelchair": "yes", "gtfs_wheelchair_boarding": "1", "stop_code": "66652/1", "osm_platform_within_30m": "yes", "osm_id": "node/7626878798", "osm_wheelchair": ""}}, {"type": "Feature", "geometry": {"type": "Point", "coordinates": [13.36642, 49.726841]}, "properties": {"name": "Borský park", "gtfs:stop_id": "130", "wheelchair": "yes", "gtfs_wheelchair_boarding": "1", "stop_code": "66652/2", "osm_platform_within_30m": "yes", "osm_id": "node/7626878798", "osm_wheelchair": ""}}, {"type": "Feature", "geometry": {"type": "Point", "coordinates": [13.3665, 49.725842]}, "properties": {"name": "Borský park", "gtfs:stop_id": "133", "wheelchair": "yes", "gtfs_wheelchair_boarding": "1", "stop_code": "66652/3", "osm_platform_within_30m": "yes", "osm_id": "node/1122191024", "osm_wheelchair": "yes"}}, {"type": "Feature", "geometry": {"type": "Point", "coordinates": [13.36651, 49.72604]}, "properties": {"name": "Borský park", "gtfs:stop_id": "134", "wheelchair": "yes", "gtfs_wheelchair_boarding": "1", "stop_code": "66652/4", "osm_platform_within_30m": "yes", "osm_id": "node/1122191021", "osm_wheelchair": "yes"}}, {"type": "Feature", "geometry": {"type": "Point", "coordinates": [13.36511, 49.72591]}, "properties": {"name": "Borský park", "gtfs:stop_id": "131", "wheelchair": "yes", "gtfs_wheelchair_boarding": "1", "stop_code": "66652/5", "osm_platform_within_30m": "yes", "osm_id": "node/9341095759", "osm_wheelchair": ""}}, {"type": "Feature", "geometry": {"type": "Point", "coordinates": [13.36524, 49.725842]}, "properties": {"name": "Borský park", "gtfs:stop_id": "132", "wheelchair": "yes", "gtfs_wheelchair_boarding": "1", "stop_code": "66652/6", "osm_platform_within_30m": "yes", "osm_id": "node/9341095759", "osm_wheelchair": ""}}, {"type": "Feature", "geometry": {"type": "Point", "coordinates": [13.32624, 49.76247]}, "properties": {"name": "Náves Radčice", "gtfs:stop_id": "605", "wheelchair": "yes", "gtfs_wheelchair_boarding": "1", "stop_code": "57140/1", "osm_platform_within_30m": "yes", "osm_id": "node/1600182131", "osm_wheelchair": ""}}, {"type": "Feature", "geometry": {"type": "Point", "coordinates": [13.32668, 49.762211]}, "properties": {"name": "Náves Radčice", "gtfs:stop_id": "606", "wheelchair": "yes", "gtfs_wheelchair_boarding": "1", "stop_code": "57140/2", "osm_platform_within_30m": "yes", "osm_id": "node/1600182122", "osm_wheelchair": ""}}, {"type": "Feature", "geometry": {"type": "Point", "coordinates": [13.27803, 49.706791]}, "properties": {"name": "Líně, Sulkov", "gtfs:stop_id": "683", "wheelchair": "no", "gtfs_wheelchair_boarding": "2", "stop_code": "18534/1", "osm_platform_within_30m": "yes", "osm_id": "node/1116703073", "osm_wheelchair": ""}}, {"type": "Feature", "geometry": {"type": "Point", "coordinates": [13.277095, 49.706188]}, "properties": {"name": "Líně, Sulkov", "gtfs:stop_id": "684", "wheelchair": "no", "gtfs_wheelchair_boarding": "2", "stop_code": "18534/2", "osm_platform_within_30m": "yes", "osm_id": "node/1116703032", "osm_wheelchair": ""}}, {"type": "Feature", "geometry": {"type": "Point", "coordinates": [13.25754, 49.695271]}, "properties": {"name": "Líně", "gtfs:stop_id": "685", "wheelchair": "no", "gtfs_wheelchair_boarding": "2", "stop_code": "18531/1", "osm_platform_within_30m": "yes", "osm_id": "node/868406813", "osm_wheelchair": ""}}, {"type": "Feature", "geometry": {"type": "Point", "coordinates": [13.258868, 49.695782]}, "properties": {"name": "Líně", "gtfs:stop_id": "686", "wheelchair": "no", "gtfs_wheelchair_boarding": "2", "stop_code": "18531/2", "osm_platform_within_30m": "yes", "osm_id": "node/868406811", "osm_wheelchair": ""}}, {"type": "Feature", "geometry": {"type": "Point", "coordinates": [13.35231, 49.730492]}, "properties": {"name": "Goldscheiderova", "gtfs:stop_id": "555", "wheelchair": "yes", "gtfs_wheelchair_boarding": "1", "stop_code": "63237/1", "osm_platform_within_30m": "yes", "osm_id": "node/10068439827", "osm_wheelchair": ""}}, {"type": "Feature", "geometry": {"type": "Point", "coordinates": [13.35396, 49.730068]}, "properties": {"name": "Goldscheiderova", "gtfs:stop_id": "554", "wheelchair": "yes", "gtfs_wheelchair_boarding": "1", "stop_code": "63237/2", "osm_platform_within_30m": "yes", "osm_id": "node/10068439826", "osm_wheelchair": ""}}, {"type": "Feature", "geometry": {"type": "Point", "coordinates": [13.2351, 49.684181]}, "properties": {"name": "Zbůch", "gtfs:stop_id": "687", "wheelchair": "no", "gtfs_wheelchair_boarding": "2", "stop_code": "41689/1", "osm_platform_within_30m": "yes", "osm_id": "node/5379064523", "osm_wheelchair": ""}}, {"type": "Feature", "geometry": {"type": "Point", "coordinates": [13.23659, 49.684761]}, "properties": {"name": "Zbůch", "gtfs:stop_id": "688", "wheelchair": "no", "gtfs_wheelchair_boarding": "2", "stop_code": "41689/2", "osm_platform_within_30m": "yes", "osm_id": "node/5379064522", "osm_wheelchair": ""}}, {"type": "Feature", "geometry": {"type": "Point", "coordinates": [13.21428, 49.67054]}, "properties": {"name": "Zbůch, Starý důl rozc.", "gtfs:stop_id": "689", "wheelchair": "no", "gtfs_wheelchair_boarding": "2", "stop_code": "11823/1", "osm_platform_within_30m": "no"}}, {"type": "Feature", "geometry": {"type": "Point", "coordinates": [13.21571, 49.671371]}, "properties": {"name": "Zbůch, Starý důl rozc.", "gtfs:stop_id": "690", "wheelchair": "no", "gtfs_wheelchair_boarding": "2", "stop_code": "11823/2", "osm_platform_within_30m": "yes", "osm_id": "node/9056676662", "osm_wheelchair": ""}}, {"type": "Feature", "geometry": {"type": "Point", "coordinates": [13.200069, 49.656723]}, "properties": {"name": "Chotěšov, žel. st.", "gtfs:stop_id": "692", "wheelchair": "no", "gtfs_wheelchair_boarding": "2", "stop_code": "11816/2", "osm_platform_within_30m": "yes", "osm_id": "node/5320983942", "osm_wheelchair": ""}}, {"type": "Feature", "geometry": {"type": "Point", "coordinates": [13.29819, 49.770649]}, "properties": {"name": "Malesice", "gtfs:stop_id": "611", "wheelchair": "yes", "gtfs_wheelchair_boarding": "1", "stop_code": "20225/1", "osm_platform_within_30m": "yes", "osm_id": "node/1600182060", "osm_wheelchair": ""}}, {"type": "Feature", "geometry": {"type": "Point", "coordinates": [13.29776, 49.770409]}, "properties": {"name": "Malesice", "gtfs:stop_id": "612", "wheelchair": "yes", "gtfs_wheelchair_boarding": "1", "stop_code": "20225/2", "osm_platform_within_30m": "yes", "osm_id": "node/1600182080", "osm_wheelchair": ""}}, {"type": "Feature", "geometry": {"type": "Point", "coordinates": [13.37219, 49.72971]}, "properties": {"name": "Poliklinika Bory", "gtfs:stop_id": "558", "wheelchair": "yes", "gtfs_wheelchair_boarding": "1", "stop_code": "62925/1", "osm_platform_within_30m": "yes", "osm_id": "node/1544965580", "osm_wheelchair": ""}}, {"type": "Feature", "geometry": {"type": "Point", "coordinates": [13.37266, 49.729778]}, "properties": {"name": "Poliklinika Bory", "gtfs:stop_id": "559", "wheelchair": "yes", "gtfs_wheelchair_boarding": "1", "stop_code": "62925/2", "osm_platform_within_30m": "yes", "osm_id": "node/1544965580", "osm_wheelchair": ""}}, {"type": "Feature", "geometry": {"type": "Point", "coordinates": [13.36242, 49.729851]}, "properties": {"name": "Čermákova", "gtfs:stop_id": "556", "wheelchair": "yes", "gtfs_wheelchair_boarding": "1", "stop_code": "57059/1", "osm_platform_within_30m": "yes", "osm_id": "node/1544965534", "osm_wheelchair": ""}}, {"type": "Feature", "geometry": {"type": "Point", "coordinates": [13.36055, 49.730122]}, "properties": {"name": "Čermákova", "gtfs:stop_id": "557", "wheelchair": "yes", "gtfs_wheelchair_boarding": "1", "stop_code": "57059/2", "osm_platform_within_30m": "yes", "osm_id": "node/1544965561", "osm_wheelchair": ""}}, {"type": "Feature", "geometry": {"type": "Point", "coordinates": [13.34838, 49.72599]}, "properties": {"name": "Univerzita", "gtfs:stop_id": "115", "wheelchair": "yes", "gtfs_wheelchair_boarding": "1", "stop_code": "66654/1", "osm_platform_within_30m": "yes", "osm_id": "node/7064944396", "osm_wheelchair": ""}}, {"type": "Feature", "geometry": {"type": "Point", "coordinates": [13.34727, 49.726341]}, "properties": {"name": "Univerzita", "gtfs:stop_id": "116", "wheelchair": "yes", "gtfs_wheelchair_boarding": "1", "stop_code": "66654/2", "osm_platform_within_30m": "yes", "osm_id": "node/5565288042", "osm_wheelchair": ""}}, {"type": "Feature", "geometry": {"type": "Point", "coordinates": [13.41258, 49.695499]}, "properties": {"name": "Konvalinková", "gtfs:stop_id": "458", "wheelchair": "no", "gtfs_wheelchair_boarding": "2", "stop_code": "53196/2", "osm_platform_within_30m": "yes", "osm_id": "node/1976482200", "osm_wheelchair": ""}}, {"type": "Feature", "geometry": {"type": "Point", "coordinates": [13.35098, 49.69371]}, "properties": {"name": "Litice", "gtfs:stop_id": "419", "wheelchair": "yes", "gtfs_wheelchair_boarding": "1", "stop_code": "47352/1", "osm_platform_within_30m": "yes", "osm_id": "node/1575982242", "osm_wheelchair": ""}}, {"type": "Feature", "geometry": {"type": "Point", "coordinates": [13.35112, 49.69389]}, "properties": {"name": "Litice", "gtfs:stop_id": "420", "wheelchair": "yes", "gtfs_wheelchair_boarding": "1", "stop_code": "47352/2", "osm_platform_within_30m": "yes", "osm_id": "node/1575982246", "osm_wheelchair": ""}}, {"type": "Feature", "geometry": {"type": "Point", "coordinates": [13.35484, 49.698509]}, "properties": {"name": "Náves Litice", "gtfs:stop_id": "417", "wheelchair": "yes", "gtfs_wheelchair_boarding": "1", "stop_code": "52887/1", "osm_platform_within_30m": "yes", "osm_id": "node/1575982234", "osm_wheelchair": "yes"}}, {"type": "Feature", "geometry": {"type": "Point", "coordinates": [13.35496, 49.698971]}, "properties": {"name": "Náves Litice", "gtfs:stop_id": "418", "wheelchair": "yes", "gtfs_wheelchair_boarding": "1", "stop_code": "52887/2", "osm_platform_within_30m": "yes", "osm_id": "node/1575982235", "osm_wheelchair": "yes"}}, {"type": "Feature", "geometry": {"type": "Point", "coordinates": [13.321847, 49.732958]}, "properties": {"name": "Domažlická rondel", "gtfs:stop_id": "293", "wheelchair": "yes", "gtfs_wheelchair_boarding": "1", "stop_code": "52136/1", "osm_platform_within_30m": "yes", "osm_id": "node/1577295472", "osm_wheelchair": ""}}, {"type": "Feature", "geometry": {"type": "Point", "coordinates": [13.32207, 49.732861]}, "properties": {"name": "Domažlická rondel", "gtfs:stop_id": "294", "wheelchair": "yes", "gtfs_wheelchair_boarding": "1", "stop_code": "52136/2", "osm_platform_within_30m": "yes", "osm_id": "node/1577295474", "osm_wheelchair": ""}}, {"type": "Feature", "geometry": {"type": "Point", "coordinates": [13.47496, 49.689522]}, "properties": {"name": "Starý Plzenec, Vilová čtvrť", "gtfs:stop_id": "646", "wheelchair": "yes", "gtfs_wheelchair_boarding": "1", "stop_code": "33067/1", "osm_platform_within_30m": "yes", "osm_id": "node/1406941565", "osm_wheelchair": ""}}, {"type": "Feature", "geometry": {"type": "Point", "coordinates": [13.47496, 49.689529]}, "properties": {"name": "Starý Plzenec, Vilová čtvrť", "gtfs:stop_id": "647", "wheelchair": "yes", "gtfs_wheelchair_boarding": "1", "stop_code": "33067/2", "osm_platform_within_30m": "yes", "osm_id": "node/1406941565", "osm_wheelchair": ""}}, {"type": "Feature", "geometry": {"type": "Point", "coordinates": [13.4028, 49.723122]}, "properties": {"name": "Chválenická", "gtfs:stop_id": "437", "wheelchair": "yes", "gtfs_wheelchair_boarding": "1", "stop_code": "50739/1", "osm_platform_within_30m": "yes", "osm_id": "node/1595508679", "osm_wheelchair": ""}}, {"type": "Feature", "geometry": {"type": "Point", "coordinates": [13.40279, 49.723141]}, "properties": {"name": "Chválenická", "gtfs:stop_id": "438", "wheelchair": "yes", "gtfs_wheelchair_boarding": "1", "stop_code": "50739/2", "osm_platform_within_30m": "yes", "osm_id": "node/1595508679", "osm_wheelchair": ""}}, {"type": "Feature", "geometry": {"type": "Point", "coordinates": [13.33541, 49.726471]}, "properties": {"name": "Daiho", "gtfs:stop_id": "620", "wheelchair": "yes", "gtfs_wheelchair_boarding": "1", "stop_code": "57137/1", "osm_platform_within_30m": "yes", "osm_id": "node/1950572713", "osm_wheelchair": ""}}, {"type": "Feature", "geometry": {"type": "Point", "coordinates": [13.32818, 49.730541]}, "properties": {"name": "U Nové Hospody", "gtfs:stop_id": "303", "wheelchair": "yes", "gtfs_wheelchair_boarding": "1", "stop_code": "56651/1", "osm_platform_within_30m": "yes", "osm_id": "node/1122191026", "osm_wheelchair": ""}}, {"type": "Feature", "geometry": {"type": "Point", "coordinates": [13.32929, 49.731251]}, "properties": {"name": "U Nové Hospody", "gtfs:stop_id": "302", "wheelchair": "yes", "gtfs_wheelchair_boarding": "1", "stop_code": "56651/2", "osm_platform_within_30m": "yes", "osm_id": "node/1122191039", "osm_wheelchair": ""}}, {"type": "Feature", "geometry": {"type": "Point", "coordinates": [13.32748, 49.731621]}, "properties": {"name": "U Nové Hospody", "gtfs:stop_id": "301", "wheelchair": "yes", "gtfs_wheelchair_boarding": "1", "stop_code": "56651/3", "osm_platform_within_30m": "yes", "osm_id": "node/1546110020", "osm_wheelchair": ""}}, {"type": "Feature", "geometry": {"type": "Point", "coordinates": [13.47318, 49.698372]}, "properties": {"name": "Starý Plzenec, náměstí", "gtfs:stop_id": "652", "wheelchair": "yes", "gtfs_wheelchair_boarding": "1", "stop_code": "50748/2", "osm_platform_within_30m": "yes", "osm_id": "node/2229444757", "osm_wheelchair": ""}}, {"type": "Feature", "geometry": {"type": "Point", "coordinates": [13.379316, 49.774837]}, "properties": {"name": "Bolevecká náves", "gtfs:stop_id": "55", "wheelchair": "yes", "gtfs_wheelchair_boarding": "1", "stop_code": "57061/1", "osm_platform_within_30m": "yes", "osm_id": "node/956920233", "osm_wheelchair": ""}}, {"type": "Feature", "geometry": {"type": "Point", "coordinates": [13.379023, 49.774578]}, "properties": {"name": "Bolevecká náves", "gtfs:stop_id": "56", "wheelchair": "yes", "gtfs_wheelchair_boarding": "1", "stop_code": "57061/2", "osm_platform_within_30m": "yes", "osm_id": "node/956920226", "osm_wheelchair": ""}}, {"type": "Feature", "geometry": {"type": "Point", "coordinates": [13.39184, 49.747028]}, "properties": {"name": "Švihovská", "gtfs:stop_id": "545", "wheelchair": "yes", "gtfs_wheelchair_boarding": "1", "stop_code": "47077/2", "osm_platform_within_30m": "no"}}, {"type": "Feature", "geometry": {"type": "Point", "coordinates": [13.3226, 49.731602]}, "properties": {"name": "Folmavská rondel", "gtfs:stop_id": "304", "wheelchair": "yes", "gtfs_wheelchair_boarding": "1", "stop_code": "53580/1", "osm_platform_within_30m": "yes", "osm_id": "node/1546109964", "osm_wheelchair": ""}}, {"type": "Feature", "geometry": {"type": "Point", "coordinates": [13.32322, 49.73138]}, "properties": {"name": "Folmavská rondel", "gtfs:stop_id": "305", "wheelchair": "yes", "gtfs_wheelchair_boarding": "1", "stop_code": "53580/2", "osm_platform_within_30m": "yes", "osm_id": "node/1546109960", "osm_wheelchair": ""}}, {"type": "Feature", "geometry": {"type": "Point", "coordinates": [13.32769, 49.725891]}, "properties": {"name": "Borská pole", "gtfs:stop_id": "355", "wheelchair": "yes", "gtfs_wheelchair_boarding": "1", "stop_code": "57064/1", "osm_platform_within_30m": "yes", "osm_id": "node/1122191042", "osm_wheelchair": ""}}, {"type": "Feature", "geometry": {"type": "Point", "coordinates": [13.32776, 49.725029]}, "properties": {"name": "Borská pole", "gtfs:stop_id": "356", "wheelchair": "yes", "gtfs_wheelchair_boarding": "1", "stop_code": "57064/2", "osm_platform_within_30m": "yes", "osm_id": "node/1122191013", "osm_wheelchair": ""}}, {"type": "Feature", "geometry": {"type": "Point", "coordinates": [13.39563, 49.816849]}, "properties": {"name": "Třemošná, u pošty", "gtfs:stop_id": "696", "wheelchair": "no", "gtfs_wheelchair_boarding": "2", "stop_code": "36810/1", "osm_platform_within_30m": "yes", "osm_id": "node/2799288910", "osm_wheelchair": ""}}, {"type": "Feature", "geometry": {"type": "Point", "coordinates": [13.3958, 49.81678]}, "properties": {"name": "Třemošná, u pošty", "gtfs:stop_id": "740", "wheelchair": "no", "gtfs_wheelchair_boarding": "2", "stop_code": "36810/2", "osm_platform_within_30m": "yes", "osm_id": "node/2799288908", "osm_wheelchair": ""}}, {"type": "Feature", "geometry": {"type": "Point", "coordinates": [13.32154, 49.694859]}, "properties": {"name": "Pod Dubovkou", "gtfs:stop_id": "505", "wheelchair": "no", "gtfs_wheelchair_boarding": "2", "stop_code": "18057/1", "osm_platform_within_30m": "yes", "osm_id": "node/1647492442", "osm_wheelchair": "limited"}}, {"type": "Feature", "geometry": {"type": "Point", "coordinates": [13.32165, 49.695]}, "properties": {"name": "Pod Dubovkou", "gtfs:stop_id": "506", "wheelchair": "no", "gtfs_wheelchair_boarding": "2", "stop_code": "18057/2", "osm_platform_within_30m": "yes", "osm_id": "node/1647492462", "osm_wheelchair": "yes"}}, {"type": "Feature", "geometry": {"type": "Point", "coordinates": [13.32095, 49.68988]}, "properties": {"name": "Náves Lhota", "gtfs:stop_id": "507", "wheelchair": "yes", "gtfs_wheelchair_boarding": "1", "stop_code": "18058/1", "osm_platform_within_30m": "yes", "osm_id": "node/1647492464", "osm_wheelchair": "yes"}}, {"type": "Feature", "geometry": {"type": "Point", "coordinates": [13.32117, 49.690941]}, "properties": {"name": "Náves Lhota", "gtfs:stop_id": "508", "wheelchair": "yes", "gtfs_wheelchair_boarding": "1", "stop_code": "18058/2", "osm_platform_within_30m": "yes", "osm_id": "node/1647492494", "osm_wheelchair": "yes"}}, {"type": "Feature", "geometry": {"type": "Point", "coordinates": [13.33069, 49.70694]}, "properties": {"name": "Lašitov", "gtfs:stop_id": "504", "wheelchair": "no", "gtfs_wheelchair_boarding": "2", "stop_code": "53221/2", "osm_platform_within_30m": "yes", "osm_id": "node/1658902357", "osm_wheelchair": "yes"}}, {"type": "Feature", "geometry": {"type": "Point", "coordinates": [13.35781, 49.76973]}, "properties": {"name": "Tleskačova", "gtfs:stop_id": "518", "wheelchair": "yes", "gtfs_wheelchair_boarding": "1", "stop_code": "57165/1", "osm_platform_within_30m": "yes", "osm_id": "node/1608683976", "osm_wheelchair": ""}}, {"type": "Feature", "geometry": {"type": "Point", "coordinates": [13.35786, 49.769569]}, "properties": {"name": "Tleskačova", "gtfs:stop_id": "519", "wheelchair": "yes", "gtfs_wheelchair_boarding": "1", "stop_code": "57165/2", "osm_platform_within_30m": "yes", "osm_id": "node/1608683945", "osm_wheelchair": ""}}, {"type": "Feature", "geometry": {"type": "Point", "coordinates": [13.3513, 49.763649]}, "properties": {"name": "Hodonínská", "gtfs:stop_id": "481", "wheelchair": "yes", "gtfs_wheelchair_boarding": "1", "stop_code": "57082/1", "osm_platform_within_30m": "yes", "osm_id": "node/1582977676", "osm_wheelchair": ""}}, {"type": "Feature", "geometry": {"type": "Point", "coordinates": [13.34893, 49.763741]}, "properties": {"name": "Hodonínská", "gtfs:stop_id": "482", "wheelchair": "yes", "gtfs_wheelchair_boarding": "1", "stop_code": "57082/2", "osm_platform_within_30m": "yes", "osm_id": "node/1582977691", "osm_wheelchair": ""}}, {"type": "Feature", "geometry": {"type": "Point", "coordinates": [13.3482, 49.76141]}, "properties": {"name": "Slupská", "gtfs:stop_id": "479", "wheelchair": "yes", "gtfs_wheelchair_boarding": "1", "stop_code": "57151/1", "osm_platform_within_30m": "yes", "osm_id": "node/1582977726", "osm_wheelchair": ""}}, {"type": "Feature", "geometry": {"type": "Point", "coordinates": [13.34797, 49.761379]}, "properties": {"name": "Slupská", "gtfs:stop_id": "480", "wheelchair": "yes", "gtfs_wheelchair_boarding": "1", "stop_code": "57151/2", "osm_platform_within_30m": "yes", "osm_id": "node/1582977727", "osm_wheelchair": ""}}, {"type": "Feature", "geometry": {"type": "Point", "coordinates": [13.36167, 49.765541]}, "properties": {"name": "Nemocnice Privamed", "gtfs:stop_id": "516", "wheelchair": "yes", "gtfs_wheelchair_boarding": "1", "stop_code": "57129/1", "osm_platform_within_30m": "yes", "osm_id": "node/1608683944", "osm_wheelchair": ""}}, {"type": "Feature", "geometry": {"type": "Point", "coordinates": [13.36192, 49.765221]}, "properties": {"name": "Nemocnice Privamed", "gtfs:stop_id": "517", "wheelchair": "yes", "gtfs_wheelchair_boarding": "1", "stop_code": "57129/2", "osm_platform_within_30m": "yes", "osm_id": "node/1608683931", "osm_wheelchair": ""}}, {"type": "Feature", "geometry": {"type": "Point", "coordinates": [13.35415, 49.771542]}, "properties": {"name": "Skautská", "gtfs:stop_id": "520", "wheelchair": "yes", "gtfs_wheelchair_boarding": "1", "stop_code": "57145/1", "osm_platform_within_30m": "yes", "osm_id": "node/1608683955", "osm_wheelchair": ""}}, {"type": "Feature", "geometry": {"type": "Point", "coordinates": [13.35344, 49.771599]}, "properties": {"name": "Skautská", "gtfs:stop_id": "521", "wheelchair": "yes", "gtfs_wheelchair_boarding": "1", "stop_code": "57145/2", "osm_platform_within_30m": "yes", "osm_id": "node/1608683956", "osm_wheelchair": ""}}, {"type": "Feature", "geometry": {"type": "Point", "coordinates": [13.41711, 49.70158]}, "properties": {"name": "Generála Lišky", "gtfs:stop_id": "221", "wheelchair": "yes", "gtfs_wheelchair_boarding": "1", "stop_code": "53200/1", "osm_platform_within_30m": "yes", "osm_id": "node/1579899661", "osm_wheelchair": ""}}, {"type": "Feature", "geometry": {"type": "Point", "coordinates": [13.41682, 49.70253]}, "properties": {"name": "Generála Lišky", "gtfs:stop_id": "222", "wheelchair": "yes", "gtfs_wheelchair_boarding": "1", "stop_code": "53200/2", "osm_platform_within_30m": "yes", "osm_id": "node/1579899702", "osm_wheelchair": ""}}, {"type": "Feature", "geometry": {"type": "Point", "coordinates": [13.3725, 49.748402]}, "properties": {"name": "Jízdecká", "gtfs:stop_id": "745", "wheelchair": "yes", "gtfs_wheelchair_boarding": "1", "stop_code": "62755/1", "osm_platform_within_30m": "no"}}, {"type": "Feature", "geometry": {"type": "Point", "coordinates": [13.5317, 49.796162]}, "properties": {"name": "Bušovice", "gtfs:stop_id": "677", "wheelchair": "yes", "gtfs_wheelchair_boarding": "1", "stop_code": "3565/3", "osm_platform_within_30m": "no"}}, {"type": "Feature", "geometry": {"type": "Point", "coordinates": [13.426932, 49.699575]}, "properties": {"name": "NC Černice", "gtfs:stop_id": "328", "wheelchair": "yes", "gtfs_wheelchair_boarding": "1", "stop_code": "53194/1", "osm_platform_within_30m": "yes", "osm_id": "node/1579900315", "osm_wheelchair": ""}}, {"type": "Feature", "geometry": {"type": "Point", "coordinates": [13.426729, 49.699503]}, "properties": {"name": "NC Černice", "gtfs:stop_id": "329", "wheelchair": "yes", "gtfs_wheelchair_boarding": "1", "stop_code": "53194/2", "osm_platform_within_30m": "yes", "osm_id": "node/1579900315", "osm_wheelchair": ""}}, {"type": "Feature", "geometry": {"type": "Point", "coordinates": [13.4633, 49.696941]}, "properties": {"name": "Starý Plzenec, Bezručova", "gtfs:stop_id": "641", "wheelchair": "yes", "gtfs_wheelchair_boarding": "1", "stop_code": "33064/1", "osm_platform_within_30m": "yes", "osm_id": "node/2571857009", "osm_wheelchair": ""}}, {"type": "Feature", "geometry": {"type": "Point", "coordinates": [13.46216, 49.696999]}, "properties": {"name": "Starý Plzenec, Bezručova", "gtfs:stop_id": "642", "wheelchair": "yes", "gtfs_wheelchair_boarding": "1", "stop_code": "33064/2", "osm_platform_within_30m": "yes", "osm_id": "node/2571857016", "osm_wheelchair": ""}}, {"type": "Feature", "geometry": {"type": "Point", "coordinates": [13.29198, 49.685329]}, "properties": {"name": "Nová Ves", "gtfs:stop_id": "511", "wheelchair": "no", "gtfs_wheelchair_boarding": "2", "stop_code": "53190/1", "osm_platform_within_30m": "yes", "osm_id": "node/1976318301", "osm_wheelchair": "yes"}}, {"type": "Feature", "geometry": {"type": "Point", "coordinates": [13.29199, 49.685329]}, "properties": {"name": "Nová Ves", "gtfs:stop_id": "512", "wheelchair": "no", "gtfs_wheelchair_boarding": "2", "stop_code": "53190/2", "osm_platform_within_30m": "yes", "osm_id": "node/1976318301", "osm_wheelchair": "yes"}}, {"type": "Feature", "geometry": {"type": "Point", "coordinates": [13.38743, 49.744469]}, "properties": {"name": "Hlavní nádraží", "gtfs:stop_id": "23", "wheelchair": "yes", "gtfs_wheelchair_boarding": "1", "stop_code": "53408/1", "osm_platform_within_30m": "yes", "osm_id": "node/2595667741", "osm_wheelchair": ""}}, {"type": "Feature", "geometry": {"type": "Point", "coordinates": [13.38799, 49.74448]}, "properties": {"name": "Hlavní nádraží", "gtfs:stop_id": "24", "wheelchair": "yes", "gtfs_wheelchair_boarding": "1", "stop_code": "53408/2", "osm_platform_within_30m": "yes", "osm_id": "node/1576184283", "osm_wheelchair": ""}}, {"type": "Feature", "geometry": {"type": "Point", "coordinates": [13.38601, 49.745171]}, "properties": {"name": "Hlavní nádraží", "gtfs:stop_id": "21", "wheelchair": "yes", "gtfs_wheelchair_boarding": "1", "stop_code": "53408/3", "osm_platform_within_30m": "yes", "osm_id": "node/3731620107", "osm_wheelchair": ""}}, {"type": "Feature", "geometry": {"type": "Point", "coordinates": [13.3859, 49.744671]}, "properties": {"name": "Hlavní nádraží", "gtfs:stop_id": "22", "wheelchair": "yes", "gtfs_wheelchair_boarding": "1", "stop_code": "53408/4", "osm_platform_within_30m": "yes", "osm_id": "node/613730749", "osm_wheelchair": ""}}, {"type": "Feature", "geometry": {"type": "Point", "coordinates": [13.37732, 49.724869]}, "properties": {"name": "Šimerova", "gtfs:stop_id": "568", "wheelchair": "yes", "gtfs_wheelchair_boarding": "1", "stop_code": "57176/1", "osm_platform_within_30m": "yes", "osm_id": "node/1122191043", "osm_wheelchair": ""}}, {"type": "Feature", "geometry": {"type": "Point", "coordinates": [13.3773, 49.724049]}, "properties": {"name": "Šimerova", "gtfs:stop_id": "569", "wheelchair": "yes", "gtfs_wheelchair_boarding": "1", "stop_code": "57176/2", "osm_platform_within_30m": "yes", "osm_id": "node/1122191040", "osm_wheelchair": ""}}, {"type": "Feature", "geometry": {"type": "Point", "coordinates": [13.42945, 49.732052]}, "properties": {"name": "K Bukové", "gtfs:stop_id": "261", "wheelchair": "no", "gtfs_wheelchair_boarding": "2", "stop_code": "53093/1", "osm_platform_within_30m": "yes", "osm_id": "node/1963250406", "osm_wheelchair": ""}}, {"type": "Feature", "geometry": {"type": "Point", "coordinates": [13.43065, 49.731812]}, "properties": {"name": "K Bukové", "gtfs:stop_id": "262", "wheelchair": "no", "gtfs_wheelchair_boarding": "2", "stop_code": "53093/2", "osm_platform_within_30m": "yes", "osm_id": "node/1963250396", "osm_wheelchair": ""}}, {"type": "Feature", "geometry": {"type": "Point", "coordinates": [13.42307, 49.709721]}, "properties": {"name": "Barvínková", "gtfs:stop_id": "424", "wheelchair": "yes", "gtfs_wheelchair_boarding": "1", "stop_code": "53159/1", "osm_platform_within_30m": "yes", "osm_id": "node/1120140432", "osm_wheelchair": ""}}, {"type": "Feature", "geometry": {"type": "Point", "coordinates": [13.421976, 49.70937]}, "properties": {"name": "Barvínková", "gtfs:stop_id": "425", "wheelchair": "yes", "gtfs_wheelchair_boarding": "1", "stop_code": "53159/2", "osm_platform_within_30m": "yes", "osm_id": "node/3784642623", "osm_wheelchair": ""}}, {"type": "Feature", "geometry": {"type": "Point", "coordinates": [13.4111, 49.792278]}, "properties": {"name": "Zruč - Senec, V koutě", "gtfs:stop_id": "398", "wheelchair": "yes", "gtfs_wheelchair_boarding": "1", "stop_code": "42131/1", "osm_platform_within_30m": "yes", "osm_id": "node/1658968513", "osm_wheelchair": ""}}, {"type": "Feature", "geometry": {"type": "Point", "coordinates": [13.41135, 49.792919]}, "properties": {"name": "Zruč - Senec, V koutě", "gtfs:stop_id": "397", "wheelchair": "yes", "gtfs_wheelchair_boarding": "1", "stop_code": "42131/2", "osm_platform_within_30m": "yes", "osm_id": "node/1658968514", "osm_wheelchair": ""}}, {"type": "Feature", "geometry": {"type": "Point", "coordinates": [13.41541, 49.798119]}, "properties": {"name": "Zruč - Senec, U pomníku", "gtfs:stop_id": "400", "wheelchair": "no", "gtfs_wheelchair_boarding": "2", "stop_code": "42130/1", "osm_platform_within_30m": "yes", "osm_id": "node/9145588818", "osm_wheelchair": ""}}, {"type": "Feature", "geometry": {"type": "Point", "coordinates": [13.41534, 49.798019]}, "properties": {"name": "Zruč - Senec, U pomníku", "gtfs:stop_id": "399", "wheelchair": "no", "gtfs_wheelchair_boarding": "2", "stop_code": "42130/2", "osm_platform_within_30m": "yes", "osm_id": "node/9145588818", "osm_wheelchair": ""}}, {"type": "Feature", "geometry": {"type": "Point", "coordinates": [13.41857, 49.802601]}, "properties": {"name": "Zruč - Senec, u Drudíků", "gtfs:stop_id": "402", "wheelchair": "yes", "gtfs_wheelchair_boarding": "1", "stop_code": "42128/1", "osm_platform_within_30m": "yes", "osm_id": "node/1658968510", "osm_wheelchair": ""}}, {"type": "Feature", "geometry": {"type": "Point", "coordinates": [13.41864, 49.80254]}, "properties": {"name": "Zruč - Senec, u Drudíků", "gtfs:stop_id": "401", "wheelchair": "yes", "gtfs_wheelchair_boarding": "1", "stop_code": "42128/2", "osm_platform_within_30m": "yes", "osm_id": "node/1658968509", "osm_wheelchair": ""}}, {"type": "Feature", "geometry": {"type": "Point", "coordinates": [13.421065, 49.807777]}, "properties": {"name": "Zruč - Senec, rozc.", "gtfs:stop_id": "404", "wheelchair": "no", "gtfs_wheelchair_boarding": "2", "stop_code": "47371/1", "osm_platform_within_30m": "yes", "osm_id": "node/1658968507", "osm_wheelchair": ""}}, {"type": "Feature", "geometry": {"type": "Point", "coordinates": [13.42106, 49.807751]}, "properties": {"name": "Zruč - Senec, rozc.", "gtfs:stop_id": "403", "wheelchair": "no", "gtfs_wheelchair_boarding": "2", "stop_code": "47371/2", "osm_platform_within_30m": "yes", "osm_id": "node/1658968507", "osm_wheelchair": ""}}, {"type": "Feature", "geometry": {"type": "Point", "coordinates": [13.43271, 49.809231]}, "properties": {"name": "Zruč - Senec", "gtfs:stop_id": "406", "wheelchair": "yes", "gtfs_wheelchair_boarding": "1", "stop_code": "50745/1", "osm_platform_within_30m": "yes", "osm_id": "node/1649400492", "osm_wheelchair": ""}}, {"type": "Feature", "geometry": {"type": "Point", "coordinates": [13.4327, 49.809269]}, "properties": {"name": "Zruč - Senec", "gtfs:stop_id": "405", "wheelchair": "yes", "gtfs_wheelchair_boarding": "1", "stop_code": "50745/2", "osm_platform_within_30m": "yes", "osm_id": "node/1649400492", "osm_wheelchair": ""}}, {"type": "Feature", "geometry": {"type": "Point", "coordinates": [13.2763, 49.760288]}, "properties": {"name": "Vochov, rozc.", "gtfs:stop_id": "662", "wheelchair": "no", "gtfs_wheelchair_boarding": "2", "stop_code": "39982/1", "osm_platform_within_30m": "yes", "osm_id": "node/1617884592", "osm_wheelchair": ""}}, {"type": "Feature", "geometry": {"type": "Point", "coordinates": [13.27854, 49.7575]}, "properties": {"name": "Vochov", "gtfs:stop_id": "661", "wheelchair": "yes", "gtfs_wheelchair_boarding": "1", "stop_code": "39981/1", "osm_platform_within_30m": "yes", "osm_id": "node/1617884573", "osm_wheelchair": ""}}, {"type": "Feature", "geometry": {"type": "Point", "coordinates": [13.27854, 49.757488]}, "properties": {"name": "Vochov", "gtfs:stop_id": "660", "wheelchair": "yes", "gtfs_wheelchair_boarding": "1", "stop_code": "39981/2", "osm_platform_within_30m": "yes", "osm_id": "node/1617884573", "osm_wheelchair": ""}}, {"type": "Feature", "geometry": {"type": "Point", "coordinates": [13.25964, 49.762791]}, "properties": {"name": "Kozolupy, u Jána", "gtfs:stop_id": "664", "wheelchair": "no", "gtfs_wheelchair_boarding": "2", "stop_code": "15910/1", "osm_platform_within_30m": "yes", "osm_id": "node/1617884545", "osm_wheelchair": ""}}, {"type": "Feature", "geometry": {"type": "Point", "coordinates": [13.25616, 49.763409]}, "properties": {"name": "Kozolupy, u Jána", "gtfs:stop_id": "663", "wheelchair": "no", "gtfs_wheelchair_boarding": "2", "stop_code": "15910/2", "osm_platform_within_30m": "yes", "osm_id": "node/1617884561", "osm_wheelchair": ""}}, {"type": "Feature", "geometry": {"type": "Point", "coordinates": [13.24908, 49.764969]}, "properties": {"name": "Kozolupy, I", "gtfs:stop_id": "666", "wheelchair": "no", "gtfs_wheelchair_boarding": "2", "stop_code": "15909/1", "osm_platform_within_30m": "yes", "osm_id": "node/1617884521", "osm_wheelchair": ""}}, {"type": "Feature", "geometry": {"type": "Point", "coordinates": [13.24919, 49.76498]}, "properties": {"name": "Kozolupy, I", "gtfs:stop_id": "665", "wheelchair": "no", "gtfs_wheelchair_boarding": "2", "stop_code": "15909/2", "osm_platform_within_30m": "yes", "osm_id": "node/1617884542", "osm_wheelchair": ""}}, {"type": "Feature", "geometry": {"type": "Point", "coordinates": [13.25121, 49.776119]}, "properties": {"name": "Město Touškov", "gtfs:stop_id": "668", "wheelchair": "yes", "gtfs_wheelchair_boarding": "1", "stop_code": "20837/1", "osm_platform_within_30m": "yes", "osm_id": "node/776793954", "osm_wheelchair": ""}}, {"type": "Feature", "geometry": {"type": "Point", "coordinates": [13.2512, 49.776131]}, "properties": {"name": "Město Touškov", "gtfs:stop_id": "667", "wheelchair": "yes", "gtfs_wheelchair_boarding": "1", "stop_code": "20837/2", "osm_platform_within_30m": "yes", "osm_id": "node/776793954", "osm_wheelchair": ""}}, {"type": "Feature", "geometry": {"type": "Point", "coordinates": [13.38739, 49.723412]}, "properties": {"name": "Mlýnské nábřeží", "gtfs:stop_id": "570", "wheelchair": "yes", "gtfs_wheelchair_boarding": "1", "stop_code": "57120/1", "osm_platform_within_30m": "yes", "osm_id": "node/708034948", "osm_wheelchair": ""}}, {"type": "Feature", "geometry": {"type": "Point", "coordinates": [13.38717, 49.724461]}, "properties": {"name": "Mlýnské nábřeží", "gtfs:stop_id": "571", "wheelchair": "yes", "gtfs_wheelchair_boarding": "1", "stop_code": "57120/2", "osm_platform_within_30m": "yes", "osm_id": "node/708035673", "osm_wheelchair": ""}}, {"type": "Feature", "geometry": {"type": "Point", "coordinates": [13.47378, 49.69672]}, "properties": {"name": "Starý Plzenec, u školy", "gtfs:stop_id": "643", "wheelchair": "yes", "gtfs_wheelchair_boarding": "1", "stop_code": "33066/1", "osm_platform_within_30m": "yes", "osm_id": "node/6698841128", "osm_wheelchair": "no"}}, {"type": "Feature", "geometry": {"type": "Point", "coordinates": [13.39723, 49.696709]}, "properties": {"name": "Radobyčická náves", "gtfs:stop_id": "448", "wheelchair": "yes", "gtfs_wheelchair_boarding": "1", "stop_code": "53208/1", "osm_platform_within_30m": "yes", "osm_id": "node/1585162918", "osm_wheelchair": ""}}, {"type": "Feature", "geometry": {"type": "Point", "coordinates": [13.39577, 49.69696]}, "properties": {"name": "Radobyčická náves", "gtfs:stop_id": "449", "wheelchair": "yes", "gtfs_wheelchair_boarding": "1", "stop_code": "53208/2", "osm_platform_within_30m": "yes", "osm_id": "node/7067964244", "osm_wheelchair": ""}}, {"type": "Feature", "geometry": {"type": "Point", "coordinates": [13.42329, 49.690189]}, "properties": {"name": "K Losiné", "gtfs:stop_id": "323", "wheelchair": "yes", "gtfs_wheelchair_boarding": "1", "stop_code": "55690/1", "osm_platform_within_30m": "yes", "osm_id": "node/1579900182", "osm_wheelchair": ""}}, {"type": "Feature", "geometry": {"type": "Point", "coordinates": [13.42339, 49.690369]}, "properties": {"name": "K Losiné", "gtfs:stop_id": "325", "wheelchair": "yes", "gtfs_wheelchair_boarding": "1", "stop_code": "55690/2", "osm_platform_within_30m": "yes", "osm_id": "node/1579900182", "osm_wheelchair": ""}}, {"type": "Feature", "geometry": {"type": "Point", "coordinates": [13.42456, 49.69046]}, "properties": {"name": "K Losiné", "gtfs:stop_id": "324", "wheelchair": "yes", "gtfs_wheelchair_boarding": "1", "stop_code": "55690/3", "osm_platform_within_30m": "yes", "osm_id": "node/1579900212", "osm_wheelchair": ""}}, {"type": "Feature", "geometry": {"type": "Point", "coordinates": [13.42379, 49.696171]}, "properties": {"name": "K Radyni", "gtfs:stop_id": "326", "wheelchair": "yes", "gtfs_wheelchair_boarding": "1", "stop_code": "55689/1", "osm_platform_within_30m": "yes", "osm_id": "node/1579900301", "osm_wheelchair": ""}}, {"type": "Feature", "geometry": {"type": "Point", "coordinates": [13.42374, 49.695518]}, "properties": {"name": "K Radyni", "gtfs:stop_id": "327", "wheelchair": "yes", "gtfs_wheelchair_boarding": "1", "stop_code": "55689/2", "osm_platform_within_30m": "yes", "osm_id": "node/1579900268", "osm_wheelchair": ""}}, {"type": "Feature", "geometry": {"type": "Point", "coordinates": [13.39197, 49.809959]}, "properties": {"name": "Třemošná, Orlík", "gtfs:stop_id": "593", "wheelchair": "yes", "gtfs_wheelchair_boarding": "1", "stop_code": "36814/1", "osm_platform_within_30m": "yes", "osm_id": "node/2109056348", "osm_wheelchair": ""}}, {"type": "Feature", "geometry": {"type": "Point", "coordinates": [13.39178, 49.809921]}, "properties": {"name": "Třemošná, Orlík", "gtfs:stop_id": "594", "wheelchair": "yes", "gtfs_wheelchair_boarding": "1", "stop_code": "36814/2", "osm_platform_within_30m": "yes", "osm_id": "node/8143590754", "osm_wheelchair": ""}}, {"type": "Feature", "geometry": {"type": "Point", "coordinates": [13.39403, 49.814159]}, "properties": {"name": "Třemošná, sídliště", "gtfs:stop_id": "595", "wheelchair": "no", "gtfs_wheelchair_boarding": "2", "stop_code": "36808/1", "osm_platform_within_30m": "yes", "osm_id": "node/2109056341", "osm_wheelchair": ""}}, {"type": "Feature", "geometry": {"type": "Point", "coordinates": [13.393796, 49.81398]}, "properties": {"name": "Třemošná, sídliště", "gtfs:stop_id": "596", "wheelchair": "no", "gtfs_wheelchair_boarding": "2", "stop_code": "36808/2", "osm_platform_within_30m": "yes", "osm_id": "node/2109056336", "osm_wheelchair": ""}}, {"type": "Feature", "geometry": {"type": "Point", "coordinates": [13.32919, 49.740952]}, "properties": {"name": "Waltrova", "gtfs:stop_id": "471", "wheelchair": "yes", "gtfs_wheelchair_boarding": "1", "stop_code": "65748/1", "osm_platform_within_30m": "yes", "osm_id": "node/10068439829", "osm_wheelchair": ""}}, {"type": "Feature", "geometry": {"type": "Point", "coordinates": [13.32817, 49.740742]}, "properties": {"name": "Waltrova", "gtfs:stop_id": "472", "wheelchair": "yes", "gtfs_wheelchair_boarding": "1", "stop_code": "65748/2", "osm_platform_within_30m": "yes", "osm_id": "node/10068439828", "osm_wheelchair": ""}}, {"type": "Feature", "geometry": {"type": "Point", "coordinates": [13.47405, 49.692699]}, "properties": {"name": "Starý Plzenec, Nad tratí", "gtfs:stop_id": "644", "wheelchair": "yes", "gtfs_wheelchair_boarding": "1", "stop_code": "33065/1", "osm_platform_within_30m": "yes", "osm_id": "node/2601200991", "osm_wheelchair": ""}}, {"type": "Feature", "geometry": {"type": "Point", "coordinates": [13.47411, 49.692902]}, "properties": {"name": "Starý Plzenec, Nad tratí", "gtfs:stop_id": "645", "wheelchair": "yes", "gtfs_wheelchair_boarding": "1", "stop_code": "33065/2", "osm_platform_within_30m": "yes", "osm_id": "node/2601201001", "osm_wheelchair": ""}}, {"type": "Feature", "geometry": {"type": "Point", "coordinates": [13.47394, 49.697659]}, "properties": {"name": "Starý Plzenec", "gtfs:stop_id": "653", "wheelchair": "yes", "gtfs_wheelchair_boarding": "1", "stop_code": "33063/1", "osm_platform_within_30m": "yes", "osm_id": "node/2571857002", "osm_wheelchair": "no"}}, {"type": "Feature", "geometry": {"type": "Point", "coordinates": [13.48892, 49.69236]}, "properties": {"name": "Starý Plzenec, Sedlec, Školní", "gtfs:stop_id": "654", "wheelchair": "no", "gtfs_wheelchair_boarding": "2", "stop_code": "66172/1", "osm_platform_within_30m": "yes", "osm_id": "node/2229444756", "osm_wheelchair": ""}}, {"type": "Feature", "geometry": {"type": "Point", "coordinates": [13.48818, 49.69212]}, "properties": {"name": "Starý Plzenec, Sedlec, Školní", "gtfs:stop_id": "655", "wheelchair": "no", "gtfs_wheelchair_boarding": "2", "stop_code": "66172/2", "osm_platform_within_30m": "yes", "osm_id": "node/2229444755", "osm_wheelchair": ""}}, {"type": "Feature", "geometry": {"type": "Point", "coordinates": [13.49406, 49.694778]}, "properties": {"name": "Starý Plzenec, Sedlec", "gtfs:stop_id": "656", "wheelchair": "no", "gtfs_wheelchair_boarding": "2", "stop_code": "33069/1", "osm_platform_within_30m": "yes", "osm_id": "node/2229444751", "osm_wheelchair": ""}}, {"type": "Feature", "geometry": {"type": "Point", "coordinates": [13.49403, 49.694778]}, "properties": {"name": "Starý Plzenec, Sedlec", "gtfs:stop_id": "657", "wheelchair": "no", "gtfs_wheelchair_boarding": "2", "stop_code": "33069/2", "osm_platform_within_30m": "yes", "osm_id": "node/2229444751", "osm_wheelchair": ""}}, {"type": "Feature", "geometry": {"type": "Point", "coordinates": [13.47783, 49.69677]}, "properties": {"name": "Starý Plzenec, zdrav. stř.", "gtfs:stop_id": "658", "wheelchair": "no", "gtfs_wheelchair_boarding": "2", "stop_code": "52888/1", "osm_platform_within_30m": "yes", "osm_id": "node/2571857023", "osm_wheelchair": "no"}}, {"type": "Feature", "geometry": {"type": "Point", "coordinates": [13.34099, 49.746059]}, "properties": {"name": "Sulislavská", "gtfs:stop_id": "638", "wheelchair": "yes", "gtfs_wheelchair_boarding": "1", "stop_code": "53210/1", "osm_platform_within_30m": "yes", "osm_id": "node/1617834914", "osm_wheelchair": ""}}, {"type": "Feature", "geometry": {"type": "Point", "coordinates": [13.34076, 49.746151]}, "properties": {"name": "Sulislavská", "gtfs:stop_id": "637", "wheelchair": "yes", "gtfs_wheelchair_boarding": "1", "stop_code": "53210/2", "osm_platform_within_30m": "yes", "osm_id": "node/1617834926", "osm_wheelchair": ""}}, {"type": "Feature", "geometry": {"type": "Point", "coordinates": [13.35612, 49.77536]}, "properties": {"name": "Krašovská", "gtfs:stop_id": "581", "wheelchair": "yes", "gtfs_wheelchair_boarding": "1", "stop_code": "57101/1", "osm_platform_within_30m": "yes", "osm_id": "node/10068439838", "osm_wheelchair": ""}}, {"type": "Feature", "geometry": {"type": "Point", "coordinates": [13.35668, 49.775169]}, "properties": {"name": "Krašovská", "gtfs:stop_id": "582", "wheelchair": "yes", "gtfs_wheelchair_boarding": "1", "stop_code": "57101/2", "osm_platform_within_30m": "yes", "osm_id": "node/10068439839", "osm_wheelchair": ""}}, {"type": "Feature", "geometry": {"type": "Point", "coordinates": [13.34891, 49.776348]}, "properties": {"name": "NC Úněšovská", "gtfs:stop_id": "522", "wheelchair": "yes", "gtfs_wheelchair_boarding": "1", "stop_code": "57182/1", "osm_platform_within_30m": "yes", "osm_id": "node/1543052229", "osm_wheelchair": "yes"}}, {"type": "Feature", "geometry": {"type": "Point", "coordinates": [13.34996, 49.77636]}, "properties": {"name": "NC Úněšovská", "gtfs:stop_id": "523", "wheelchair": "yes", "gtfs_wheelchair_boarding": "1", "stop_code": "57182/2", "osm_platform_within_30m": "yes", "osm_id": "node/1543052243", "osm_wheelchair": "yes"}}, {"type": "Feature", "geometry": {"type": "Point", "coordinates": [13.40329, 49.727291]}, "properties": {"name": "Pošta Francouzská", "gtfs:stop_id": "560", "wheelchair": "yes", "gtfs_wheelchair_boarding": "1", "stop_code": "57077/1", "osm_platform_within_30m": "yes", "osm_id": "node/1120218652", "osm_wheelchair": ""}}, {"type": "Feature", "geometry": {"type": "Point", "coordinates": [13.4034, 49.727032]}, "properties": {"name": "Pošta Francouzská", "gtfs:stop_id": "561", "wheelchair": "yes", "gtfs_wheelchair_boarding": "1", "stop_code": "57077/2", "osm_platform_within_30m": "yes", "osm_id": "node/1120218640", "osm_wheelchair": ""}}, {"type": "Feature", "geometry": {"type": "Point", "coordinates": [13.32478, 49.72694]}, "properties": {"name": "Obchodní", "gtfs:stop_id": "550", "wheelchair": "yes", "gtfs_wheelchair_boarding": "1", "stop_code": "57130/1", "osm_platform_within_30m": "yes", "osm_id": "node/1546109990", "osm_wheelchair": ""}}, {"type": "Feature", "geometry": {"type": "Point", "coordinates": [13.32425, 49.72683]}, "properties": {"name": "Obchodní", "gtfs:stop_id": "551", "wheelchair": "yes", "gtfs_wheelchair_boarding": "1", "stop_code": "57130/2", "osm_platform_within_30m": "yes", "osm_id": "node/1546109989", "osm_wheelchair": ""}}, {"type": "Feature", "geometry": {"type": "Point", "coordinates": [13.32228, 49.730068]}, "properties": {"name": "Obchodní rondel", "gtfs:stop_id": "552", "wheelchair": "yes", "gtfs_wheelchair_boarding": "1", "stop_code": "57131/1", "osm_platform_within_30m": "yes", "osm_id": "node/1546110015", "osm_wheelchair": ""}}, {"type": "Feature", "geometry": {"type": "Point", "coordinates": [13.32291, 49.729069]}, "properties": {"name": "Obchodní rondel", "gtfs:stop_id": "553", "wheelchair": "yes", "gtfs_wheelchair_boarding": "1", "stop_code": "57131/2", "osm_platform_within_30m": "yes", "osm_id": "node/1546109994", "osm_wheelchair": ""}}, {"type": "Feature", "geometry": {"type": "Point", "coordinates": [13.38247, 49.78014]}, "properties": {"name": "Okounová", "gtfs:stop_id": "57", "wheelchair": "yes", "gtfs_wheelchair_boarding": "1", "stop_code": "57132/1", "osm_platform_within_30m": "yes", "osm_id": "node/956920239", "osm_wheelchair": ""}}, {"type": "Feature", "geometry": {"type": "Point", "coordinates": [13.38162, 49.778858]}, "properties": {"name": "Okounová", "gtfs:stop_id": "58", "wheelchair": "yes", "gtfs_wheelchair_boarding": "1", "stop_code": "57132/2", "osm_platform_within_30m": "yes", "osm_id": "node/1617090250", "osm_wheelchair": ""}}, {"type": "Feature", "geometry": {"type": "Point", "coordinates": [13.38299, 49.779362]}, "properties": {"name": "Okounová", "gtfs:stop_id": "60", "wheelchair": "yes", "gtfs_wheelchair_boarding": "1", "stop_code": "57132/3", "osm_platform_within_30m": "yes", "osm_id": "node/1541242504", "osm_wheelchair": "yes"}}, {"type": "Feature", "geometry": {"type": "Point", "coordinates": [13.38327, 49.780499]}, "properties": {"name": "Okounová", "gtfs:stop_id": "61", "wheelchair": "yes", "gtfs_wheelchair_boarding": "1", "stop_code": "57132/4", "osm_platform_within_30m": "yes", "osm_id": "node/2148223963", "osm_wheelchair": ""}}, {"type": "Feature", "geometry": {"type": "Point", "coordinates": [13.38148, 49.778961]}, "properties": {"name": "Okounová", "gtfs:stop_id": "59", "wheelchair": "yes", "gtfs_wheelchair_boarding": "1", "stop_code": "57132/5", "osm_platform_within_30m": "yes", "osm_id": "node/956920227", "osm_wheelchair": ""}}, {"type": "Feature", "geometry": {"type": "Point", "coordinates": [13.38272, 49.780231]}, "properties": {"name": "Okounová", "gtfs:stop_id": "62", "wheelchair": "yes", "gtfs_wheelchair_boarding": "1", "stop_code": "57132/6", "osm_platform_within_30m": "no"}}, {"type": "Feature", "geometry": {"type": "Point", "coordinates": [13.36692, 49.73885]}, "properties": {"name": "Nám. Českých bratří", "gtfs:stop_id": "370", "wheelchair": "yes", "gtfs_wheelchair_boarding": "1", "stop_code": "62926/2", "osm_platform_within_30m": "yes", "osm_id": "node/1120185718", "osm_wheelchair": ""}}, {"type": "Feature", "geometry": {"type": "Point", "coordinates": [13.39119, 49.745998]}, "properties": {"name": "Železniční poliklinika", "gtfs:stop_id": "244", "wheelchair": "no", "gtfs_wheelchair_boarding": "2", "stop_code": "62950/2", "osm_platform_within_30m": "yes", "osm_id": "node/2595667766", "osm_wheelchair": ""}}, {"type": "Feature", "geometry": {"type": "Point", "coordinates": [13.472093, 49.734482]}, "properties": {"name": "Letkov, V Podlesí", "gtfs:stop_id": "252", "wheelchair": "yes", "gtfs_wheelchair_boarding": "1", "stop_code": "63449/1", "osm_platform_within_30m": "no"}}, {"type": "Feature", "geometry": {"type": "Point", "coordinates": [13.472093, 49.734482]}, "properties": {"name": "Letkov, V Podlesí", "gtfs:stop_id": "253", "wheelchair": "yes", "gtfs_wheelchair_boarding": "1", "stop_code": "63449/2", "osm_platform_within_30m": "no"}}, {"type": "Feature", "geometry": {"type": "Point", "coordinates": [13.37789, 49.74033]}, "properties": {"name": "Radobyčická", "gtfs:stop_id": "191", "wheelchair": "no", "gtfs_wheelchair_boarding": "2", "stop_code": "47819/1", "osm_platform_within_30m": "yes", "osm_id": "node/3951301891", "osm_wheelchair": ""}}, {"type": "Feature", "geometry": {"type": "Point", "coordinates": [13.37858, 49.7402]}, "properties": {"name": "Radobyčická", "gtfs:stop_id": "192", "wheelchair": "no", "gtfs_wheelchair_boarding": "2", "stop_code": "47819/2", "osm_platform_within_30m": "yes", "osm_id": "node/3951301889", "osm_wheelchair": ""}}, {"type": "Feature", "geometry": {"type": "Point", "coordinates": [13.35516, 49.7365]}, "properties": {"name": "Cínová", "gtfs:stop_id": "189", "wheelchair": "no", "gtfs_wheelchair_boarding": "2", "stop_code": "65022/1", "osm_platform_within_30m": "yes", "osm_id": "node/4402620429", "osm_wheelchair": ""}}, {"type": "Feature", "geometry": {"type": "Point", "coordinates": [13.3556, 49.7365]}, "properties": {"name": "Cínová", "gtfs:stop_id": "188", "wheelchair": "no", "gtfs_wheelchair_boarding": "2", "stop_code": "65022/2", "osm_platform_within_30m": "yes", "osm_id": "node/4402620428", "osm_wheelchair": ""}}, {"type": "Feature", "geometry": {"type": "Point", "coordinates": [13.37033, 49.73999]}, "properties": {"name": "Belánka", "gtfs:stop_id": "190", "wheelchair": "no", "gtfs_wheelchair_boarding": "2", "stop_code": "65795/1", "osm_platform_within_30m": "yes", "osm_id": "node/5875910153", "osm_wheelchair": ""}}, {"type": "Feature", "geometry": {"type": "Point", "coordinates": [13.37342, 49.739929]}, "properties": {"name": "Belánka", "gtfs:stop_id": "714", "wheelchair": "no", "gtfs_wheelchair_boarding": "2", "stop_code": "65795/2", "osm_platform_within_30m": "yes", "osm_id": "node/10607865079", "osm_wheelchair": ""}}, {"type": "Feature", "geometry": {"type": "Point", "coordinates": [13.35342, 49.7272]}, "properties": {"name": "Technická", "gtfs:stop_id": "119", "wheelchair": "yes", "gtfs_wheelchair_boarding": "1", "stop_code": "66653/1", "osm_platform_within_30m": "yes", "osm_id": "node/5565285719", "osm_wheelchair": ""}}, {"type": "Feature", "geometry": {"type": "Point", "coordinates": [13.35216, 49.72736]}, "properties": {"name": "Technická", "gtfs:stop_id": "120", "wheelchair": "yes", "gtfs_wheelchair_boarding": "1", "stop_code": "66653/2", "osm_platform_within_30m": "yes", "osm_id": "node/5565288053", "osm_wheelchair": ""}}, {"type": "Feature", "geometry": {"type": "Point", "coordinates": [13.37885, 49.715]}, "properties": {"name": "Kalendářní", "gtfs:stop_id": "632", "wheelchair": "no", "gtfs_wheelchair_boarding": "2", "stop_code": "66979/1", "osm_platform_within_30m": "yes", "osm_id": "node/10068439832", "osm_wheelchair": ""}}, {"type": "Feature", "geometry": {"type": "Point", "coordinates": [13.37284, 49.713322]}, "properties": {"name": "Říjnová", "gtfs:stop_id": "633", "wheelchair": "no", "gtfs_wheelchair_boarding": "2", "stop_code": "66980/1", "osm_platform_within_30m": "yes", "osm_id": "node/10068439835", "osm_wheelchair": ""}}, {"type": "Feature", "geometry": {"type": "Point", "coordinates": [13.36639, 49.710892]}, "properties": {"name": "Na Rozhraní", "gtfs:stop_id": "634", "wheelchair": "no", "gtfs_wheelchair_boarding": "2", "stop_code": "66981/1", "osm_platform_within_30m": "yes", "osm_id": "node/10068439836", "osm_wheelchair": ""}}, {"type": "Feature", "geometry": {"type": "Point", "coordinates": [13.462643, 49.729893]}, "properties": {"name": "Letkov", "gtfs:stop_id": "260", "wheelchair": "yes", "gtfs_wheelchair_boarding": "1", "stop_code": "17886/3", "osm_platform_within_30m": "no"}}, {"type": "Feature", "geometry": {"type": "Point", "coordinates": [13.372828, 49.747173]}, "properties": {"name": "U Synagogy", "gtfs:stop_id": "721", "wheelchair": "no", "gtfs_wheelchair_boarding": "2", "stop_code": "58417/2", "osm_platform_within_30m": "yes", "osm_id": "node/10315344302", "osm_wheelchair": ""}}, {"type": "Feature", "geometry": {"type": "Point", "coordinates": [13.28711, 49.784328]}, "properties": {"name": "Dolní Vlkýš", "gtfs:stop_id": "747", "wheelchair": "no", "gtfs_wheelchair_boarding": "2", "stop_code": "65041/1", "osm_platform_within_30m": "no"}}, {"type": "Feature", "geometry": {"type": "Point", "coordinates": [13.28711, 49.784328]}, "properties": {"name": "Dolní Vlkýš", "gtfs:stop_id": "748", "wheelchair": "no", "gtfs_wheelchair_boarding": "2", "stop_code": "65041/2", "osm_platform_within_30m": "no"}}, {"type": "Feature", "geometry": {"type": "Point", "coordinates": [13.38463, 49.783699]}, "properties": {"name": "Bolevec", "gtfs:stop_id": "737", "wheelchair": "yes", "gtfs_wheelchair_boarding": "1", "stop_code": "57060/5", "osm_platform_within_30m": "yes", "osm_id": "node/1976871819", "osm_wheelchair": ""}}, {"type": "Feature", "geometry": {"type": "Point", "coordinates": [13.38426, 49.78371]}, "properties": {"name": "Bolevec", "gtfs:stop_id": "738", "wheelchair": "yes", "gtfs_wheelchair_boarding": "1", "stop_code": "57060/6", "osm_platform_within_30m": "yes", "osm_id": "node/1976871818", "osm_wheelchair": ""}}, {"type": "Feature", "geometry": {"type": "Point", "coordinates": [13.37965, 49.775871]}, "properties": {"name": "Bolevecká náves", "gtfs:stop_id": "731", "wheelchair": "yes", "gtfs_wheelchair_boarding": "1", "stop_code": "57061/3", "osm_platform_within_30m": "yes", "osm_id": "node/1541242464", "osm_wheelchair": ""}}, {"type": "Feature", "geometry": {"type": "Point", "coordinates": [13.38047, 49.776272]}, "properties": {"name": "Bolevecká náves", "gtfs:stop_id": "730", "wheelchair": "yes", "gtfs_wheelchair_boarding": "1", "stop_code": "57061/4", "osm_platform_within_30m": "yes", "osm_id": "node/1541242466", "osm_wheelchair": ""}}, {"type": "Feature", "geometry": {"type": "Point", "coordinates": [13.40462, 49.725941]}, "properties": {"name": "Vozovna Slovany", "gtfs:stop_id": "746", "wheelchair": "no", "gtfs_wheelchair_boarding": "2", "stop_code": "50733/3", "osm_platform_within_30m": "yes", "osm_id": "node/3731183087", "osm_wheelchair": ""}}, {"type": "Feature", "geometry": {"type": "Point", "coordinates": [13.32504, 49.710739]}, "properties": {"name": "Špačková", "gtfs:stop_id": "752", "wheelchair": "yes", "gtfs_wheelchair_boarding": "1", "stop_code": "68017/1", "osm_platform_within_30m": "yes", "osm_id": "node/10267116053", "osm_wheelchair": ""}}, {"type": "Feature", "geometry": {"type": "Point", "coordinates": [13.31667, 49.68256]}, "properties": {"name": "Lhota", "gtfs:stop_id": "754", "wheelchair": "no", "gtfs_wheelchair_boarding": "2", "stop_code": "68165/1", "osm_platform_within_30m": "yes", "osm_id": "node/12759397965", "osm_wheelchair": "yes"}}, {"type": "Feature", "geometry": {"type": "Point", "coordinates": [13.31655, 49.682449]}, "properties": {"name": "Lhota", "gtfs:stop_id": "755", "wheelchair": "no", "gtfs_wheelchair_boarding": "2", "stop_code": "68165/2", "osm_platform_within_30m": "yes", "osm_id": "node/12759397960", "osm_wheelchair": "yes"}}, {"type": "Feature", "geometry": {"type": "Point", "coordinates": [13.33306, 49.76236]}, "properties": {"name": "Ke Kovářce", "gtfs:stop_id": "756", "wheelchair": "yes", "gtfs_wheelchair_boarding": "1", "stop_code": "68261/1", "osm_platform_within_30m": "yes", "osm_id": "node/10567651252", "osm_wheelchair": ""}}, {"type": "Feature", "geometry": {"type": "Point", "coordinates": [13.33175, 49.761871]}, "properties": {"name": "Ke Kovářce", "gtfs:stop_id": "757", "wheelchair": "yes", "gtfs_wheelchair_boarding": "1", "stop_code": "68261/2", "osm_platform_within_30m": "yes", "osm_id": "node/10567651251", "osm_wheelchair": ""}}, {"type": "Feature", "geometry": {"type": "Point", "coordinates": [13.43729, 49.756729]}, "properties": {"name": "Safírová", "gtfs:stop_id": "765", "wheelchair": "yes", "gtfs_wheelchair_boarding": "1", "stop_code": "68469/1", "osm_platform_within_30m": "yes", "osm_id": "node/12570614663", "osm_wheelchair": "yes"}}, {"type": "Feature", "geometry": {"type": "Point", "coordinates": [13.43688, 49.756771]}, "properties": {"name": "Safírová", "gtfs:stop_id": "766", "wheelchair": "yes", "gtfs_wheelchair_boarding": "1", "stop_code": "68469/2", "osm_platform_within_30m": "yes", "osm_id": "node/12570614662", "osm_wheelchair": "yes"}}, {"type": "Feature", "geometry": {"type": "Point", "coordinates": [13.4062, 49.812939]}, "properties": {"name": "Třemošná, Pod Luhovou", "gtfs:stop_id": "769", "wheelchair": "no", "gtfs_wheelchair_boarding": "2", "stop_code": "68507/1", "osm_platform_within_30m": "yes", "osm_id": "node/11521057054", "osm_wheelchair": ""}}, {"type": "Feature", "geometry": {"type": "Point", "coordinates": [13.40664, 49.812752]}, "properties": {"name": "Třemošná, Pod Luhovou", "gtfs:stop_id": "772", "wheelchair": "no", "gtfs_wheelchair_boarding": "2", "stop_code": "68507/2", "osm_platform_within_30m": "no"}}, {"type": "Feature", "geometry": {"type": "Point", "coordinates": [13.42649, 49.70763]}, "properties": {"name": "U Přivaděče", "gtfs:stop_id": "767", "wheelchair": "no", "gtfs_wheelchair_boarding": "2", "stop_code": "68505/1", "osm_platform_within_30m": "yes", "osm_id": "node/9860269897", "osm_wheelchair": ""}}, {"type": "Feature", "geometry": {"type": "Point", "coordinates": [13.42649, 49.70763]}, "properties": {"name": "U Přivaděče", "gtfs:stop_id": "768", "wheelchair": "no", "gtfs_wheelchair_boarding": "2", "stop_code": "68505/2", "osm_platform_within_30m": "yes", "osm_id": "node/9860269897", "osm_wheelchair": ""}}, {"type": "Feature", "geometry": {"type": "Point", "coordinates": [13.31604, 49.765739]}, "properties": {"name": "Pod Kyjovem", "gtfs:stop_id": "776", "wheelchair": "no", "gtfs_wheelchair_boarding": "2", "stop_code": "60204/2", "osm_platform_within_30m": "no"}}, {"type": "Feature", "geometry": {"type": "Point", "coordinates": [13.31364, 49.731201]}, "properties": {"name": "Nová Hospoda", "gtfs:stop_id": "778", "wheelchair": "yes", "gtfs_wheelchair_boarding": "1", "stop_code": "26955/5", "osm_platform_within_30m": "no"}}, {"type": "Feature", "geometry": {"type": "Point", "coordinates": [13.31421, 49.73037]}, "properties": {"name": "Nová Hospoda", "gtfs:stop_id": "779", "wheelchair": "yes", "gtfs_wheelchair_boarding": "1", "stop_code": "26955/6", "osm_platform_within_30m": "no"}}, {"type": "Feature", "geometry": {"type": "Point", "coordinates": [13.312275, 49.733818]}, "properties": {"name": "Prostřední", "gtfs:stop_id": "780", "wheelchair": "no", "gtfs_wheelchair_boarding": "2", "stop_code": "68850/1", "osm_platform_within_30m": "no"}}, {"type": "Feature", "geometry": {"type": "Point", "coordinates": [13.312256, 49.733755]}, "properties": {"name": "Prostřední", "gtfs:stop_id": "781", "wheelchair": "no", "gtfs_wheelchair_boarding": "2", "stop_code": "68850/2", "osm_platform_within_30m": "no"}}, {"type": "Feature", "geometry": {"type": "Point", "coordinates": [13.35014, 49.694599]}, "properties": {"name": "Šlovická", "gtfs:stop_id": "788", "wheelchair": "no", "gtfs_wheelchair_boarding": "2", "stop_code": "68859/1", "osm_platform_within_30m": "yes", "osm_id": "node/13440273715", "osm_wheelchair": ""}}, {"type": "Feature", "geometry": {"type": "Point", "coordinates": [13.348, 49.69574]}, "properties": {"name": "Větrná", "gtfs:stop_id": "789", "wheelchair": "no", "gtfs_wheelchair_boarding": "2", "stop_code": "68860/1", "osm_platform_within_30m": "no"}}, {"type": "Feature", "geometry": {"type": "Point", "coordinates": [13.34828, 49.698101]}, "properties": {"name": "Sídliště Litice", "gtfs:stop_id": "790", "wheelchair": "no", "gtfs_wheelchair_boarding": "2", "stop_code": "68861/1", "osm_platform_within_30m": "yes", "osm_id": "node/13440273717", "osm_wheelchair": ""}}, {"type": "Feature", "geometry": {"type": "Point", "coordinates": [13.34828, 49.698101]}, "properties": {"name": "Sídliště Litice", "gtfs:stop_id": "791", "wheelchair": "no", "gtfs_wheelchair_boarding": "2", "stop_code": "68861/2", "osm_platform_within_30m": "yes", "osm_id": "node/13440273717", "osm_wheelchair": ""}}, {"type": "Feature", "geometry": {"type": "Point", "coordinates": [13.33788, 49.73217]}, "properties": {"name": "Malvíny", "gtfs:stop_id": "797", "wheelchair": "yes", "gtfs_wheelchair_boarding": "1", "stop_code": "68848/1", "osm_platform_within_30m": "yes", "osm_id": "node/12538829047", "osm_wheelchair": ""}}, {"type": "Feature", "geometry": {"type": "Point", "coordinates": [13.33705, 49.732128]}, "properties": {"name": "Malvíny", "gtfs:stop_id": "798", "wheelchair": "yes", "gtfs_wheelchair_boarding": "1", "stop_code": "68848/2", "osm_platform_within_30m": "no"}}, {"type": "Feature", "geometry": {"type": "Point", "coordinates": [13.318245, 49.731568]}, "properties": {"name": "Nová Hospoda rondel", "gtfs:stop_id": "793", "wheelchair": "no", "gtfs_wheelchair_boarding": "2", "stop_code": "68941/1", "osm_platform_within_30m": "yes", "osm_id": "node/13290320837", "osm_wheelchair": ""}}, {"type": "Feature", "geometry": {"type": "Point", "coordinates": [13.34941, 49.735641]}, "properties": {"name": "Škoda VIII. brána", "gtfs:stop_id": "795", "wheelchair": "no", "gtfs_wheelchair_boarding": "2", "stop_code": "53212/3", "osm_platform_within_30m": "no"}}, {"type": "Feature", "geometry": {"type": "Point", "coordinates": [13.34925, 49.736099]}, "properties": {"name": "Škoda VIII. brána", "gtfs:stop_id": "796", "wheelchair": "no", "gtfs_wheelchair_boarding": "2", "stop_code": "53212/4", "osm_platform_within_30m": "no"}}, {"type": "Feature", "geometry": {"type": "Point", "coordinates": [13.38143, 49.761871]}, "properties": {"name": "Areál FN", "gtfs:stop_id": "813", "wheelchair": "yes", "gtfs_wheelchair_boarding": "1", "stop_code": "69452/1", "osm_platform_within_30m": "yes", "osm_id": "node/10209974436", "osm_wheelchair": ""}}]}