{"type":"FeatureCollection","features":[{"geometry":{"type":"Point","coordinates":[14.4455864,50.0735753]},"type":"Feature","properties":{"natural":"tree","leaf_type":"broadleaved","kod_drevin":"2 Listnatý","kod_sprav":"59 Technická správa komunikací hl. m. Prahy, a.s.","id_strom":"70794","aktualizace":"2026-08-05","globalid":"{2F5BE1AF-55EF-4562-B7D1-660E4CFBEAE4}"}},{"geometry":{"type":"Point","coordinates":[14.4454977,50.0735736]},"type":"Feature","properties":{"natural":"tree","leaf_type":"broadleaved","kod_drevin":"2 Listnatý","kod_sprav":"59 Technická správa komunikací hl. m. Prahy, a.s.","id_strom":"70795","aktualizace":"2026-08-05","globalid":"{8BAF4B43-BDFF-4D21-BCFA-55357E9ADCC7}"}},{"geometry":{"type":"Point","coordinates":[14.4453948,50.073576]},"type":"Feature","properties":{"natural":"tree","leaf_type":"broadleaved","kod_drevin":"2 Listnatý","kod_sprav":"59 Technická správa komunikací hl. m. Prahy, a.s.","id_strom":"70796","aktualizace":"2026-08-05","globalid":"{0E2E7081-F909-4364-9A1E-A06024A19824}"}},{"geometry":{"type":"Point","coordinates":[14.4452939,50.0735747]},"type":"Feature","properties":{"natural":"tree","leaf_type":"broadleaved","kod_drevin":"2 Listnatý","kod_sprav":"59 Technická správa komunikací hl. m. Prahy, a.s.","id_strom":"70797","aktualizace":"2026-08-05","globalid":"{6D9DE245-D798-4444-9B63-8847ED702F48}"}},{"geometry":{"type":"Point","coordinates":[14.4456245,50.0734807]},"type":"Feature","properties":{"natural":"tree","leaf_type":"broadleaved","kod_drevin":"2 Listnatý","kod_sprav":"59 Technická správa komunikací hl. m. Prahy, a.s.","id_strom":"70798","aktualizace":"2026-08-05","globalid":"{C141783D-FB7E-43FA-B6D1-681A1DBC33DA}"}},{"geometry":{"type":"Point","coordinates":[14.4455252,50.0734773]},"type":"Feature","properties":{"natural":"tree","leaf_type":"broadleaved","kod_drevin":"2 Listnatý","kod_sprav":"59 Technická správa komunikací hl. m. Prahy, a.s.","id_strom":"70799","aktualizace":"2026-08-05","globalid":"{B91BFE86-A88E-42E4-BBA8-F0845FD77F26}"}},{"geometry":{"type":"Point","coordinates":[14.4454239,50.0734783]},"type":"Feature","properties":{"natural":"tree","leaf_type":"broadleaved","kod_drevin":"2 Listnatý","kod_sprav":"59 Technická správa komunikací hl. m. Prahy, a.s.","id_strom":"70800","aktualizace":"2026-08-05","globalid":"{8237B295-D33B-4A57-A032-6F4793EFE031}"}},{"geometry":{"type":"Point","coordinates":[14.4452031,50.0734771]},"type":"Feature","properties":{"natural":"tree","leaf_type":"broadleaved","kod_drevin":"2 Listnatý","kod_sprav":"59 Technická správa komunikací hl. m. Prahy, a.s.","id_strom":"70801","aktualizace":"2026-08-05","globalid":"{A39C74F4-9FFE-4D39-BA26-C58647657064}"}},{"geometry":{"type":"Point","coordinates":[14.444989,50.0734766]},"type":"Feature","properties":{"natural":"tree","leaf_type":"broadleaved","kod_drevin":"2 Listnatý","kod_sprav":"59 Technická správa komunikací hl. m. Prahy, a.s.","id_strom":"70802","aktualizace":"2026-08-05","globalid":"{7CA52B30-1FEC-4570-BA2A-829FF924B9AC}"}},{"geometry":{"type":"Point","coordinates":[14.445189,50.0735761]},"type":"Feature","properties":{"natural":"tree","leaf_type":"broadleaved","kod_drevin":"2 Listnatý","kod_sprav":"59 Technická správa komunikací hl. m. Prahy, a.s.","id_strom":"70803","aktualizace":"2026-08-05","globalid":"{B8B8CF59-DF63-46A2-A56C-CC33CF646219}"}},{"geometry":{"type":"Point","coordinates":[14.4451089,50.0735729]},"type":"Feature","properties":{"natural":"tree","leaf_type":"broadleaved","kod_drevin":"2 Listnatý","kod_sprav":"59 Technická správa komunikací hl. m. Prahy, a.s.","id_strom":"70804","aktualizace":"2026-08-05","globalid":"{BDB2EB55-BDC0-4CE7-8FC4-40B279D0F82D}"}},{"geometry":{"type":"Point","coordinates":[14.4450269,50.0735725]},"type":"Feature","properties":{"natural":"tree","leaf_type":"broadleaved","kod_drevin":"2 Listnatý","kod_sprav":"59 Technická správa komunikací hl. m. Prahy, a.s.","id_strom":"70805","aktualizace":"2026-08-05","globalid":"{4FB64A52-E951-41ED-AC23-C18F197DF423}"}},{"geometry":{"type":"Point","coordinates":[14.4449504,50.0735742]},"type":"Feature","properties":{"natural":"tree","leaf_type":"broadleaved","kod_drevin":"2 Listnatý","kod_sprav":"59 Technická správa komunikací hl. m. Prahy, a.s.","id_strom":"70806","aktualizace":"2026-08-05","globalid":"{B8414034-C8DA-4130-8BC4-AFBC93BF53E4}"}},{"geometry":{"type":"Point","coordinates":[14.4448624,50.0735741]},"type":"Feature","properties":{"natural":"tree","leaf_type":"broadleaved","kod_drevin":"2 Listnatý","kod_sprav":"59 Technická správa komunikací hl. m. Prahy, a.s.","id_strom":"70807","aktualizace":"2026-08-05","globalid":"{6BEC2D51-C7C7-43BA-8B7F-89C7F12EC626}"}},{"geometry":{"type":"Point","coordinates":[14.4381336,50.0726442]},"type":"Feature","properties":{"natural":"tree","leaf_type":"broadleaved","kod_drevin":"2 Listnatý","kod_sprav":"59 Technická správa komunikací hl. m. Prahy, a.s.","id_strom":"71642","aktualizace":"2026-08-05","globalid":"{33C2B5C6-2A69-475D-90CA-6AC38575EA2F}"}},{"geometry":{"type":"Point","coordinates":[14.4378529,50.0728266]},"type":"Feature","properties":{"natural":"tree","leaf_type":"broadleaved","kod_drevin":"2 Listnatý","kod_sprav":"59 Technická správa komunikací hl. m. Prahy, a.s.","id_strom":"71644","aktualizace":"2026-08-05","globalid":"{805F3D8E-D9A7-4E20-BB83-28ABA2060AB1}"}},{"geometry":{"type":"Point","coordinates":[14.4375282,50.0732384]},"type":"Feature","properties":{"natural":"tree","leaf_type":"broadleaved","kod_drevin":"2 Listnatý","kod_sprav":"59 Technická správa komunikací hl. m. Prahy, a.s.","id_strom":"71648","aktualizace":"2026-08-05","globalid":"{9DC0371F-0382-4708-8B55-96F5DED153C0}"}},{"geometry":{"type":"Point","coordinates":[14.4374939,50.0732797]},"type":"Feature","properties":{"natural":"tree","leaf_type":"broadleaved","kod_drevin":"2 Listnatý","kod_sprav":"59 Technická správa komunikací hl. m. Prahy, a.s.","id_strom":"71649","aktualizace":"2026-08-05","globalid":"{94A44A19-409D-467D-997D-33F1FFB4255A}"}},{"geometry":{"type":"Point","coordinates":[14.4374633,50.0733213]},"type":"Feature","properties":{"natural":"tree","leaf_type":"broadleaved","kod_drevin":"2 Listnatý","kod_sprav":"59 Technická správa komunikací hl. m. Prahy, a.s.","id_strom":"71650","aktualizace":"2026-08-05","globalid":"{709E7422-2F0E-4D64-AFD9-B28F63A18901}"}},{"geometry":{"type":"Point","coordinates":[14.4370059,50.07349]},"type":"Feature","properties":{"natural":"tree","leaf_type":"broadleaved","kod_drevin":"2 Listnatý","kod_sprav":"59 Technická správa komunikací hl. m. Prahy, a.s.","id_strom":"71653","aktualizace":"2026-08-05","globalid":"{348A73D0-B3E0-4696-BC98-4A7025DD9BFB}"}},{"geometry":{"type":"Point","coordinates":[14.4368396,50.0734386]},"type":"Feature","properties":{"natural":"tree","leaf_type":"broadleaved","kod_drevin":"2 Listnatý","kod_sprav":"59 Technická správa komunikací hl. m. Prahy, a.s.","id_strom":"71654","aktualizace":"2026-08-05","globalid":"{E3AB3AED-D0D8-4E41-8382-9B6B93907BBC}"}},{"geometry":{"type":"Point","coordinates":[14.4453076,50.0726803]},"type":"Feature","properties":{"natural":"tree","leaf_type":"broadleaved","kod_drevin":"2 Listnatý","kod_sprav":"59 Technická správa komunikací hl. m. Prahy, a.s.","id_strom":"70886","aktualizace":"2026-08-05","globalid":"{A880BF91-7C1B-4943-B9C1-80C0F828AC83}"}},{"geometry":{"type":"Point","coordinates":[14.445421,50.0726826]},"type":"Feature","properties":{"natural":"tree","leaf_type":"broadleaved","kod_drevin":"2 Listnatý","kod_sprav":"59 Technická správa komunikací hl. m. Prahy, a.s.","id_strom":"70887","aktualizace":"2026-08-05","globalid":"{8DA2B8F9-E350-4E72-A082-DE7C532BE11C}"}},{"geometry":{"type":"Point","coordinates":[14.4455179,50.0726854]},"type":"Feature","properties":{"natural":"tree","leaf_type":"broadleaved","kod_drevin":"2 Listnatý","kod_sprav":"59 Technická správa komunikací hl. m. Prahy, a.s.","id_strom":"70888","aktualizace":"2026-08-05","globalid":"{9C0EDF3D-7224-4F26-8615-26AFE4840D7C}"}},{"geometry":{"type":"Point","coordinates":[14.4454968,50.0726083]},"type":"Feature","properties":{"natural":"tree","leaf_type":"broadleaved","kod_drevin":"2 Listnatý","kod_sprav":"59 Technická správa komunikací hl. m. Prahy, a.s.","id_strom":"70889","aktualizace":"2026-08-05","globalid":"{449A115F-5866-4327-BBC0-E7152C31C948}"}},{"geometry":{"type":"Point","coordinates":[14.4453282,50.0726049]},"type":"Feature","properties":{"natural":"tree","leaf_type":"broadleaved","kod_drevin":"2 Listnatý","kod_sprav":"59 Technická správa komunikací hl. m. Prahy, a.s.","id_strom":"70890","aktualizace":"2026-08-05","globalid":"{B13B7D84-2E5D-4DE4-8534-4FCAFD897A69}"}},{"geometry":{"type":"Point","coordinates":[14.445241,50.0726059]},"type":"Feature","properties":{"natural":"tree","leaf_type":"broadleaved","kod_drevin":"2 Listnatý","kod_sprav":"59 Technická správa komunikací hl. m. Prahy, a.s.","id_strom":"70891","aktualizace":"2026-08-05","globalid":"{1BFACEC7-7875-4C9D-A26C-3430EAEEBC2B}"}},{"geometry":{"type":"Point","coordinates":[14.4451544,50.0726041]},"type":"Feature","properties":{"natural":"tree","leaf_type":"broadleaved","kod_drevin":"2 Listnatý","kod_sprav":"59 Technická správa komunikací hl. m. Prahy, a.s.","id_strom":"70892","aktualizace":"2026-08-05","globalid":"{118DB13E-3D90-4E3A-8C3D-C7A6AAD0A1F4}"}},{"geometry":{"type":"Point","coordinates":[14.4450837,50.0726046]},"type":"Feature","properties":{"natural":"tree","leaf_type":"broadleaved","kod_drevin":"2 Listnatý","kod_sprav":"59 Technická správa komunikací hl. m. Prahy, a.s.","id_strom":"70893","aktualizace":"2026-08-05","globalid":"{306D71C2-D6F8-4D6C-8A38-149F680C7A46}"}},{"geometry":{"type":"Point","coordinates":[14.4444939,50.0725997]},"type":"Feature","properties":{"natural":"tree","leaf_type":"broadleaved","kod_drevin":"2 Listnatý","kod_sprav":"59 Technická správa komunikací hl. m. Prahy, a.s.","id_strom":"70896","aktualizace":"2026-08-05","globalid":"{BAF11661-95C9-40FA-84A9-0818EEA363FA}"}},{"geometry":{"type":"Point","coordinates":[14.4457083,50.0726858]},"type":"Feature","properties":{"natural":"tree","leaf_type":"broadleaved","kod_drevin":"2 Listnatý","kod_sprav":"59 Technická správa komunikací hl. m. Prahy, a.s.","id_strom":"70897","aktualizace":"2026-08-05","globalid":"{3AB998BC-6702-441F-AA13-C8AF615A1094}"}},{"geometry":{"type":"Point","coordinates":[14.4458354,50.0726102]},"type":"Feature","properties":{"natural":"tree","leaf_type":"broadleaved","kod_drevin":"2 Listnatý","kod_sprav":"59 Technická správa komunikací hl. m. Prahy, a.s.","id_strom":"70898","aktualizace":"2026-08-05","globalid":"{FC7746C7-21DC-4F34-B4F1-91F61753AC96}"}},{"geometry":{"type":"Point","coordinates":[14.4438725,50.0737517]},"type":"Feature","properties":{"natural":"tree","leaf_type":"broadleaved","kod_drevin":"2 Listnatý","kod_sprav":"59 Technická správa komunikací hl. m. Prahy, a.s.","id_strom":"70835","aktualizace":"2026-08-05","globalid":"{E868D7D0-B484-49C0-A2B6-6BC112783161}"}},{"geometry":{"type":"Point","coordinates":[14.4438711,50.0738081]},"type":"Feature","properties":{"natural":"tree","leaf_type":"broadleaved","kod_drevin":"2 Listnatý","kod_sprav":"59 Technická správa komunikací hl. m. Prahy, a.s.","id_strom":"70836","aktualizace":"2026-08-05","globalid":"{6AE7B861-1251-45F6-8764-CBD73CEC92DB}"}},{"geometry":{"type":"Point","coordinates":[14.4425247,50.0723816]},"type":"Feature","properties":{"natural":"tree","leaf_type":"needleleaved","kod_drevin":"1 Jehličnatý","kod_sprav":"59 Technická správa komunikací hl. m. Prahy, a.s.","id_strom":"71780","aktualizace":"2026-08-05","globalid":"{92D28979-F09F-4551-A109-746678BE79A2}"}},{"geometry":{"type":"Point","coordinates":[14.4423611,50.0723082]},"type":"Feature","properties":{"natural":"tree","leaf_type":"needleleaved","kod_drevin":"1 Jehličnatý","kod_sprav":"59 Technická správa komunikací hl. m. Prahy, a.s.","id_strom":"71781","aktualizace":"2026-08-05","globalid":"{36D7BDAB-05B4-4BE2-9752-41E90D321E4F}"}},{"geometry":{"type":"Point","coordinates":[14.4433112,50.0715848]},"type":"Feature","properties":{"natural":"tree","leaf_type":"broadleaved","kod_drevin":"2 Listnatý","kod_sprav":"59 Technická správa komunikací hl. m. Prahy, a.s.","id_strom":"71782","aktualizace":"2026-08-05","globalid":"{2DCFF2C8-5168-41D8-9A51-C34576FAE5B3}"}},{"geometry":{"type":"Point","coordinates":[14.4432573,50.0715276]},"type":"Feature","properties":{"natural":"tree","leaf_type":"broadleaved","kod_drevin":"2 Listnatý","kod_sprav":"59 Technická správa komunikací hl. m. Prahy, a.s.","id_strom":"71783","aktualizace":"2026-08-05","globalid":"{F4FBA03F-371B-4DF9-B9C4-5A0CF202D628}"}},{"geometry":{"type":"Point","coordinates":[14.4431981,50.0714651]},"type":"Feature","properties":{"natural":"tree","leaf_type":"broadleaved","kod_drevin":"2 Listnatý","kod_sprav":"59 Technická správa komunikací hl. m. Prahy, a.s.","id_strom":"71784","aktualizace":"2026-08-05","globalid":"{F83CF61A-4ADB-4B99-BD40-FDEFFA7CC7B3}"}},{"geometry":{"type":"Point","coordinates":[14.4422812,50.071509]},"type":"Feature","properties":{"natural":"tree","leaf_type":"broadleaved","kod_drevin":"2 Listnatý","kod_sprav":"59 Technická správa komunikací hl. m. Prahy, a.s.","id_strom":"71785","aktualizace":"2026-08-05","globalid":"{0610CF40-714D-44D4-A219-3BB6BB71BB5A}"}},{"geometry":{"type":"Point","coordinates":[14.4423712,50.0715019]},"type":"Feature","properties":{"natural":"tree","leaf_type":"broadleaved","kod_drevin":"2 Listnatý","kod_sprav":"59 Technická správa komunikací hl. m. Prahy, a.s.","id_strom":"71786","aktualizace":"2026-08-05","globalid":"{23FD45B1-8570-49F0-8544-4A8CD1BF6C49}"}},{"geometry":{"type":"Point","coordinates":[14.4424309,50.0714956]},"type":"Feature","properties":{"natural":"tree","leaf_type":"broadleaved","kod_drevin":"2 Listnatý","kod_sprav":"59 Technická správa komunikací hl. m. Prahy, a.s.","id_strom":"71787","aktualizace":"2026-08-05","globalid":"{96057E0E-A019-4704-85D8-259457F0B715}"}},{"geometry":{"type":"Point","coordinates":[14.4426282,50.0714795]},"type":"Feature","properties":{"natural":"tree","leaf_type":"broadleaved","kod_drevin":"2 Listnatý","kod_sprav":"59 Technická správa komunikací hl. m. Prahy, a.s.","id_strom":"71788","aktualizace":"2026-08-05","globalid":"{2F91B8F0-D62B-4E67-85A6-8678A9A58DEC}"}},{"geometry":{"type":"Point","coordinates":[14.4425748,50.0713962]},"type":"Feature","properties":{"natural":"tree","leaf_type":"broadleaved","kod_drevin":"2 Listnatý","kod_sprav":"59 Technická správa komunikací hl. m. Prahy, a.s.","id_strom":"71789","aktualizace":"2026-08-05","globalid":"{E2695A1C-1CF0-4D4D-8E03-3E5004D504AD}"}},{"geometry":{"type":"Point","coordinates":[14.4426845,50.0713879]},"type":"Feature","properties":{"natural":"tree","leaf_type":"broadleaved","kod_drevin":"2 Listnatý","kod_sprav":"59 Technická správa komunikací hl. m. Prahy, a.s.","id_strom":"71790","aktualizace":"2026-08-05","globalid":"{17C1B7DF-167F-4218-AC67-C4D531059828}"}},{"geometry":{"type":"Point","coordinates":[14.4427646,50.0713819]},"type":"Feature","properties":{"natural":"tree","leaf_type":"broadleaved","kod_drevin":"2 Listnatý","kod_sprav":"59 Technická správa komunikací hl. m. Prahy, a.s.","id_strom":"71791","aktualizace":"2026-08-05","globalid":"{98F40C3C-5B8B-4BBC-B28A-182190656812}"}},{"geometry":{"type":"Point","coordinates":[14.4429368,50.0713676]},"type":"Feature","properties":{"natural":"tree","leaf_type":"broadleaved","kod_drevin":"2 Listnatý","kod_sprav":"59 Technická správa komunikací hl. m. Prahy, a.s.","id_strom":"71792","aktualizace":"2026-08-05","globalid":"{BC419381-450E-46CD-833D-485C29DD6620}"}},{"geometry":{"type":"Point","coordinates":[14.4408326,50.0707904]},"type":"Feature","properties":{"natural":"tree","leaf_type":"broadleaved","kod_drevin":"2 Listnatý","kod_sprav":"59 Technická správa komunikací hl. m. Prahy, a.s.","id_strom":"71889","aktualizace":"2026-08-05","globalid":"{AF137376-CBCB-4188-BC88-754B55212464}"}},{"geometry":{"type":"Point","coordinates":[14.4410783,50.0709009]},"type":"Feature","properties":{"natural":"tree","leaf_type":"broadleaved","kod_drevin":"2 Listnatý","kod_sprav":"59 Technická správa komunikací hl. m. Prahy, a.s.","id_strom":"71891","aktualizace":"2026-08-05","globalid":"{64AFF390-DAB0-44B5-8541-CB0776B72BDC}"}},{"geometry":{"type":"Point","coordinates":[14.441537,50.07121]},"type":"Feature","properties":{"natural":"tree","leaf_type":"broadleaved","kod_drevin":"2 Listnatý","kod_sprav":"59 Technická správa komunikací hl. m. Prahy, a.s.","id_strom":"71894","aktualizace":"2026-08-05","globalid":"{F7757F47-353A-44D9-9ECE-DE9F692D2DA7}"}},{"geometry":{"type":"Point","coordinates":[14.4419882,50.0714179]},"type":"Feature","properties":{"natural":"tree","leaf_type":"broadleaved","kod_drevin":"2 Listnatý","kod_sprav":"59 Technická správa komunikací hl. m. Prahy, a.s.","id_strom":"71895","aktualizace":"2026-08-05","globalid":"{E0F8EB61-27DE-4055-BD76-C9C806F22F5F}"}},{"geometry":{"type":"Point","coordinates":[14.4416903,50.071282]},"type":"Feature","properties":{"natural":"tree","leaf_type":"broadleaved","kod_drevin":"2 Listnatý","kod_sprav":"59 Technická správa komunikací hl. m. Prahy, a.s.","id_strom":"71896","aktualizace":"2026-08-05","globalid":"{C1D4DE41-6369-41C2-A799-B42528F2DE9D}"}},{"geometry":{"type":"Point","coordinates":[14.4417665,50.0713166]},"type":"Feature","properties":{"natural":"tree","leaf_type":"broadleaved","kod_drevin":"2 Listnatý","kod_sprav":"59 Technická správa komunikací hl. m. Prahy, a.s.","id_strom":"71897","aktualizace":"2026-08-05","globalid":"{301BE06E-A209-4039-8847-A48C36B20CB1}"}},{"geometry":{"type":"Point","coordinates":[14.4416894,50.0711744]},"type":"Feature","properties":{"natural":"tree","leaf_type":"broadleaved","kod_drevin":"2 Listnatý","kod_sprav":"59 Technická správa komunikací hl. m. Prahy, a.s.","id_strom":"71898","aktualizace":"2026-08-05","globalid":"{598FD15C-9A17-4A5D-BE1B-70B6C9FD66BD}"}},{"geometry":{"type":"Point","coordinates":[14.4420066,50.0713244]},"type":"Feature","properties":{"natural":"tree","leaf_type":"broadleaved","kod_drevin":"2 Listnatý","kod_sprav":"59 Technická správa komunikací hl. m. Prahy, a.s.","id_strom":"71900","aktualizace":"2026-08-05","globalid":"{89739B81-D3C4-4DF4-A413-4380F06063CA}"}},{"geometry":{"type":"Point","coordinates":[14.443865,50.0738727]},"type":"Feature","properties":{"natural":"tree","leaf_type":"broadleaved","kod_drevin":"2 Listnatý","kod_sprav":"59 Technická správa komunikací hl. m. Prahy, a.s.","id_strom":"70837","aktualizace":"2026-08-05","globalid":"{AB80F167-5535-4AE7-BCB2-0E048455C483}"}},{"geometry":{"type":"Point","coordinates":[14.4438657,50.0739324]},"type":"Feature","properties":{"natural":"tree","leaf_type":"broadleaved","kod_drevin":"2 Listnatý","kod_sprav":"59 Technická správa komunikací hl. m. Prahy, a.s.","id_strom":"70838","aktualizace":"2026-08-05","globalid":"{973961E6-6086-423F-A1BF-D52D78C0204A}"}},{"geometry":{"type":"Point","coordinates":[14.4457687,50.0743257]},"type":"Feature","properties":{"natural":"tree","leaf_type":"broadleaved","kod_drevin":"2 Listnatý","kod_sprav":"59 Technická správa komunikací hl. m. Prahy, a.s.","id_strom":"70839","aktualizace":"2026-08-05","globalid":"{466CCFD9-47A0-41D8-8989-5933E58DBC15}"}},{"geometry":{"type":"Point","coordinates":[14.4457703,50.0742627]},"type":"Feature","properties":{"natural":"tree","leaf_type":"broadleaved","kod_drevin":"2 Listnatý","kod_sprav":"59 Technická správa komunikací hl. m. Prahy, a.s.","id_strom":"70841","aktualizace":"2026-08-05","globalid":"{7D6B0BFF-F151-4D70-AB78-B3A92D036AFE}"}},{"geometry":{"type":"Point","coordinates":[14.4459316,50.074169]},"type":"Feature","properties":{"natural":"tree","leaf_type":"broadleaved","kod_drevin":"2 Listnatý","kod_sprav":"59 Technická správa komunikací hl. m. Prahy, a.s.","id_strom":"70842","aktualizace":"2026-08-05","globalid":"{D9345E21-A0A3-4FEF-945B-12B033B47D2B}"}},{"geometry":{"type":"Point","coordinates":[14.4459295,50.0742266]},"type":"Feature","properties":{"natural":"tree","leaf_type":"broadleaved","kod_drevin":"2 Listnatý","kod_sprav":"59 Technická správa komunikací hl. m. Prahy, a.s.","id_strom":"70843","aktualizace":"2026-08-05","globalid":"{EEFD466D-85A8-4883-9C41-6EC33C9E8813}"}},{"geometry":{"type":"Point","coordinates":[14.4457673,50.0741983]},"type":"Feature","properties":{"natural":"tree","leaf_type":"broadleaved","kod_drevin":"2 Listnatý","kod_sprav":"59 Technická správa komunikací hl. m. Prahy, a.s.","id_strom":"70844","aktualizace":"2026-08-05","globalid":"{048F8F6C-7D24-4525-8CDF-82C9EA32A4E1}"}},{"geometry":{"type":"Point","coordinates":[14.4457661,50.0741305]},"type":"Feature","properties":{"natural":"tree","leaf_type":"broadleaved","kod_drevin":"2 Listnatý","kod_sprav":"59 Technická správa komunikací hl. m. Prahy, a.s.","id_strom":"70845","aktualizace":"2026-08-05","globalid":"{980DFB2D-9114-437B-9B1E-BE70FC408D7D}"}},{"geometry":{"type":"Point","coordinates":[14.4457794,50.0740701]},"type":"Feature","properties":{"natural":"tree","leaf_type":"broadleaved","kod_drevin":"2 Listnatý","kod_sprav":"59 Technická správa komunikací hl. m. Prahy, a.s.","id_strom":"70846","aktualizace":"2026-08-05","globalid":"{BC18A58F-6DFB-4E1D-A779-3D78EB8072FE}"}},{"geometry":{"type":"Point","coordinates":[14.4457731,50.0739619]},"type":"Feature","properties":{"natural":"tree","leaf_type":"broadleaved","kod_drevin":"2 Listnatý","kod_sprav":"59 Technická správa komunikací hl. m. Prahy, a.s.","id_strom":"70847","aktualizace":"2026-08-05","globalid":"{97F2B082-BF03-4E71-B82E-8B9DF90E34FA}"}},{"geometry":{"type":"Point","coordinates":[14.4457737,50.0738767]},"type":"Feature","properties":{"natural":"tree","leaf_type":"broadleaved","kod_drevin":"2 Listnatý","kod_sprav":"59 Technická správa komunikací hl. m. Prahy, a.s.","id_strom":"70848","aktualizace":"2026-08-05","globalid":"{B30AD61E-2744-4315-B175-658BB107A3BB}"}},{"geometry":{"type":"Point","coordinates":[14.4457748,50.0738138]},"type":"Feature","properties":{"natural":"tree","leaf_type":"broadleaved","kod_drevin":"2 Listnatý","kod_sprav":"59 Technická správa komunikací hl. m. Prahy, a.s.","id_strom":"70849","aktualizace":"2026-08-05","globalid":"{B05DC67B-6DB1-436B-984B-3E03D1936B8E}"}},{"geometry":{"type":"Point","coordinates":[14.4457758,50.0736956]},"type":"Feature","properties":{"natural":"tree","leaf_type":"broadleaved","kod_drevin":"2 Listnatý","kod_sprav":"59 Technická správa komunikací hl. m. Prahy, a.s.","id_strom":"70850","aktualizace":"2026-08-05","globalid":"{4117DEF5-E6FE-430E-B2C1-6E049E067AF4}"}},{"geometry":{"type":"Point","coordinates":[14.4459305,50.0736964]},"type":"Feature","properties":{"natural":"tree","leaf_type":"broadleaved","kod_drevin":"2 Listnatý","kod_sprav":"59 Technická správa komunikací hl. m. Prahy, a.s.","id_strom":"70851","aktualizace":"2026-08-05","globalid":"{FF2A1861-143A-4312-92D1-933AEC346231}"}},{"geometry":{"type":"Point","coordinates":[14.4459325,50.0737795]},"type":"Feature","properties":{"natural":"tree","leaf_type":"broadleaved","kod_drevin":"2 Listnatý","kod_sprav":"59 Technická správa komunikací hl. m. Prahy, a.s.","id_strom":"70852","aktualizace":"2026-08-05","globalid":"{167775D4-7690-4B91-8E16-EDE76A34F470}"}},{"geometry":{"type":"Point","coordinates":[14.4459321,50.0738581]},"type":"Feature","properties":{"natural":"tree","leaf_type":"broadleaved","kod_drevin":"2 Listnatý","kod_sprav":"59 Technická správa komunikací hl. m. Prahy, a.s.","id_strom":"70853","aktualizace":"2026-08-05","globalid":"{476D21E2-EC20-419D-8C7D-AC7A187045D8}"}},{"geometry":{"type":"Point","coordinates":[14.4459342,50.0739559]},"type":"Feature","properties":{"natural":"tree","leaf_type":"broadleaved","kod_drevin":"2 Listnatý","kod_sprav":"59 Technická správa komunikací hl. m. Prahy, a.s.","id_strom":"70854","aktualizace":"2026-08-05","globalid":"{D49CF9EE-9207-4ED3-8D31-E60FB59A4644}"}},{"geometry":{"type":"Point","coordinates":[14.4459349,50.0740228]},"type":"Feature","properties":{"natural":"tree","leaf_type":"broadleaved","kod_drevin":"2 Listnatý","kod_sprav":"59 Technická správa komunikací hl. m. Prahy, a.s.","id_strom":"70855","aktualizace":"2026-08-05","globalid":"{E60B4E84-7AE5-4372-B8A5-AF109889A68B}"}},{"geometry":{"type":"Point","coordinates":[14.445937,50.074083]},"type":"Feature","properties":{"natural":"tree","leaf_type":"broadleaved","kod_drevin":"2 Listnatý","kod_sprav":"59 Technická správa komunikací hl. m. Prahy, a.s.","id_strom":"70856","aktualizace":"2026-08-05","globalid":"{0FAFF89D-E3EC-4AA7-971C-56D8BCE5885D}"}},{"geometry":{"type":"Point","coordinates":[14.4459273,50.0745252]},"type":"Feature","properties":{"natural":"tree","leaf_type":"broadleaved","kod_drevin":"2 Listnatý","kod_sprav":"59 Technická správa komunikací hl. m. Prahy, a.s.","id_strom":"70857","aktualizace":"2026-08-05","globalid":"{BBA0A23A-45FF-4E8F-AA3F-0336A907C814}"}},{"geometry":{"type":"Point","coordinates":[14.4457719,50.0745403]},"type":"Feature","properties":{"natural":"tree","leaf_type":"broadleaved","kod_drevin":"2 Listnatý","kod_sprav":"59 Technická správa komunikací hl. m. Prahy, a.s.","id_strom":"70858","aktualizace":"2026-08-05","globalid":"{748851EC-CCDA-4453-A6F9-2FB666FA96AE}"}},{"geometry":{"type":"Point","coordinates":[14.4457674,50.0745975]},"type":"Feature","properties":{"natural":"tree","leaf_type":"broadleaved","kod_drevin":"2 Listnatý","kod_sprav":"59 Technická správa komunikací hl. m. Prahy, a.s.","id_strom":"70859","aktualizace":"2026-08-05","globalid":"{D876E9BD-D507-45BB-A5D7-C20E2BA74D4E}"}},{"geometry":{"type":"Point","coordinates":[14.4438665,50.0712426]},"type":"Feature","properties":{"natural":"tree","leaf_type":"broadleaved","kod_drevin":"2 Listnatý","kod_sprav":"59 Technická správa komunikací hl. m. Prahy, a.s.","id_strom":"71799","aktualizace":"2026-08-05","globalid":"{BD43DCAB-7256-4714-8F38-559C3B537E45}"}},{"geometry":{"type":"Point","coordinates":[14.4439467,50.0712063]},"type":"Feature","properties":{"natural":"tree","leaf_type":"broadleaved","kod_drevin":"2 Listnatý","kod_sprav":"59 Technická správa komunikací hl. m. Prahy, a.s.","id_strom":"71800","aktualizace":"2026-08-05","globalid":"{C328D00C-BE13-4E6E-9398-C18D39E9465F}"}},{"geometry":{"type":"Point","coordinates":[14.444038,50.0711595]},"type":"Feature","properties":{"natural":"tree","leaf_type":"broadleaved","kod_drevin":"2 Listnatý","kod_sprav":"59 Technická správa komunikací hl. m. Prahy, a.s.","id_strom":"71801","aktualizace":"2026-08-05","globalid":"{1D41FC60-9610-4C95-90A6-48968A2AE832}"}},{"geometry":{"type":"Point","coordinates":[14.442381,50.070023]},"type":"Feature","properties":{"natural":"tree","leaf_type":"broadleaved","kod_drevin":"2 Listnatý","kod_sprav":"59 Technická správa komunikací hl. m. Prahy, a.s.","id_strom":"71802","aktualizace":"2026-08-05","globalid":"{BB8B60DD-5FCF-4A3C-8890-F546DF8BE28D}"}},{"geometry":{"type":"Point","coordinates":[14.4422009,50.0700864]},"type":"Feature","properties":{"natural":"tree","leaf_type":"broadleaved","kod_drevin":"2 Listnatý","kod_sprav":"59 Technická správa komunikací hl. m. Prahy, a.s.","id_strom":"71803","aktualizace":"2026-08-05","globalid":"{FD82993E-F62B-4062-AFD1-BCA78CEC1A17}"}},{"geometry":{"type":"Point","coordinates":[14.4404193,50.070629]},"type":"Feature","properties":{"natural":"tree","leaf_type":"broadleaved","kod_drevin":"2 Listnatý","kod_sprav":"59 Technická správa komunikací hl. m. Prahy, a.s.","id_strom":"71901","aktualizace":"2026-08-05","globalid":"{67C2AB45-0784-4406-8247-11FF58DA7D11}"}},{"geometry":{"type":"Point","coordinates":[14.4402244,50.070703]},"type":"Feature","properties":{"natural":"tree","leaf_type":"broadleaved","kod_drevin":"2 Listnatý","kod_sprav":"59 Technická správa komunikací hl. m. Prahy, a.s.","id_strom":"71902","aktualizace":"2026-08-05","globalid":"{0F388637-A4F1-4A04-AAC4-3645B66B1A85}"}},{"geometry":{"type":"Point","coordinates":[14.4401202,50.070737]},"type":"Feature","properties":{"natural":"tree","leaf_type":"broadleaved","kod_drevin":"2 Listnatý","kod_sprav":"59 Technická správa komunikací hl. m. Prahy, a.s.","id_strom":"71903","aktualizace":"2026-08-05","globalid":"{44B0C8E6-37E6-4173-BDF2-73921CBEE209}"}},{"geometry":{"type":"Point","coordinates":[14.4400236,50.0707698]},"type":"Feature","properties":{"natural":"tree","leaf_type":"broadleaved","kod_drevin":"2 Listnatý","kod_sprav":"59 Technická správa komunikací hl. m. Prahy, a.s.","id_strom":"71904","aktualizace":"2026-08-05","globalid":"{AECA2910-1318-44EC-90F8-FCB20541AA0E}"}},{"geometry":{"type":"Point","coordinates":[14.4399298,50.0708037]},"type":"Feature","properties":{"natural":"tree","leaf_type":"broadleaved","kod_drevin":"2 Listnatý","kod_sprav":"59 Technická správa komunikací hl. m. Prahy, a.s.","id_strom":"71905","aktualizace":"2026-08-05","globalid":"{529D6090-7318-45C3-A1D5-46C52DEF3404}"}},{"geometry":{"type":"Point","coordinates":[14.4398342,50.0708374]},"type":"Feature","properties":{"natural":"tree","leaf_type":"broadleaved","kod_drevin":"2 Listnatý","kod_sprav":"59 Technická správa komunikací hl. m. Prahy, a.s.","id_strom":"71906","aktualizace":"2026-08-05","globalid":"{D5CC77F2-1451-4EE5-9A90-6FABF2E961FA}"}},{"geometry":{"type":"Point","coordinates":[14.4397414,50.07087]},"type":"Feature","properties":{"natural":"tree","leaf_type":"broadleaved","kod_drevin":"2 Listnatý","kod_sprav":"59 Technická správa komunikací hl. m. Prahy, a.s.","id_strom":"71907","aktualizace":"2026-08-05","globalid":"{9E76A879-486D-4E7D-A2AD-3057CDB4A61C}"}},{"geometry":{"type":"Point","coordinates":[14.4398822,50.0710618]},"type":"Feature","properties":{"natural":"tree","leaf_type":"needleleaved","kod_drevin":"1 Jehličnatý","kod_sprav":"59 Technická správa komunikací hl. m. Prahy, a.s.","id_strom":"71909","aktualizace":"2026-08-05","globalid":"{52B45889-B966-4A9C-926B-45EDA2C247F5}"}},{"geometry":{"type":"Point","coordinates":[14.4401117,50.0711685]},"type":"Feature","properties":{"natural":"tree","leaf_type":"broadleaved","kod_drevin":"2 Listnatý","kod_sprav":"59 Technická správa komunikací hl. m. Prahy, a.s.","id_strom":"71911","aktualizace":"2026-08-05","globalid":"{D09B376A-1391-4D0F-8F49-90E6E847A36F}"}},{"geometry":{"type":"Point","coordinates":[14.4402743,50.0712386]},"type":"Feature","properties":{"natural":"tree","leaf_type":"needleleaved","kod_drevin":"1 Jehličnatý","kod_sprav":"59 Technická správa komunikací hl. m. Prahy, a.s.","id_strom":"71912","aktualizace":"2026-08-05","globalid":"{998E4949-C362-4AF7-933E-78EB9E8F46A7}"}},{"geometry":{"type":"Point","coordinates":[14.4401828,50.0711988]},"type":"Feature","properties":{"natural":"tree","leaf_type":"needleleaved","kod_drevin":"1 Jehličnatý","kod_sprav":"59 Technická správa komunikací hl. m. Prahy, a.s.","id_strom":"71913","aktualizace":"2026-08-05","globalid":"{C045EEE1-7847-4427-A7FD-61777991A85E}"}},{"geometry":{"type":"Point","coordinates":[14.4398745,50.0711753]},"type":"Feature","properties":{"natural":"tree","leaf_type":"needleleaved","kod_drevin":"1 Jehličnatý","kod_sprav":"59 Technická správa komunikací hl. m. Prahy, a.s.","id_strom":"71914","aktualizace":"2026-08-05","globalid":"{BB2FBCBC-BE4F-4E31-A71F-A4F35871153A}"}},{"geometry":{"type":"Point","coordinates":[14.4400308,50.0712468]},"type":"Feature","properties":{"natural":"tree","leaf_type":"needleleaved","kod_drevin":"1 Jehličnatý","kod_sprav":"59 Technická správa komunikací hl. m. Prahy, a.s.","id_strom":"71916","aktualizace":"2026-08-05","globalid":"{F16BB1C3-2B30-4AC8-B01F-BD2B9A16CCE8}"}},{"geometry":{"type":"Point","coordinates":[14.4401919,50.0713188]},"type":"Feature","properties":{"natural":"tree","leaf_type":"needleleaved","kod_drevin":"1 Jehličnatý","kod_sprav":"59 Technická správa komunikací hl. m. Prahy, a.s.","id_strom":"71917","aktualizace":"2026-08-05","globalid":"{10CB5331-BE3D-455A-ABEA-67A9201407E3}"}},{"geometry":{"type":"Point","coordinates":[14.4402765,50.0713522]},"type":"Feature","properties":{"natural":"tree","leaf_type":"broadleaved","kod_drevin":"2 Listnatý","kod_sprav":"59 Technická správa komunikací hl. m. Prahy, a.s.","id_strom":"71918","aktualizace":"2026-08-05","globalid":"{FF77B28A-7F64-493F-AAA8-7BAFC8ABDA83}"}},{"geometry":{"type":"Point","coordinates":[14.4403527,50.0713935]},"type":"Feature","properties":{"natural":"tree","leaf_type":"needleleaved","kod_drevin":"1 Jehličnatý","kod_sprav":"59 Technická správa komunikací hl. m. Prahy, a.s.","id_strom":"71919","aktualizace":"2026-08-05","globalid":"{930E3F4C-6821-451F-94D8-1D8B53F01659}"}},{"geometry":{"type":"Point","coordinates":[14.438855,50.0715988]},"type":"Feature","properties":{"natural":"tree","leaf_type":"broadleaved","kod_drevin":"2 Listnatý","kod_sprav":"59 Technická správa komunikací hl. m. Prahy, a.s.","id_strom":"71920","aktualizace":"2026-08-05","globalid":"{7DDEE756-E677-4F9D-BD3D-C6EEB2E4255A}"}},{"geometry":{"type":"Point","coordinates":[14.4389221,50.0715186]},"type":"Feature","properties":{"natural":"tree","leaf_type":"broadleaved","kod_drevin":"2 Listnatý","kod_sprav":"59 Technická správa komunikací hl. m. Prahy, a.s.","id_strom":"71921","aktualizace":"2026-08-05","globalid":"{D4108DC9-E4D6-4BC7-8764-DCD02A0E1CC0}"}},{"geometry":{"type":"Point","coordinates":[14.4390874,50.071318]},"type":"Feature","properties":{"natural":"tree","leaf_type":"broadleaved","kod_drevin":"2 Listnatý","kod_sprav":"59 Technická správa komunikací hl. m. Prahy, a.s.","id_strom":"71922","aktualizace":"2026-08-05","globalid":"{F47B82EF-EFDB-4BE7-BEB1-8FE3D206C514}"}},{"geometry":{"type":"Point","coordinates":[14.4392154,50.0711586]},"type":"Feature","properties":{"natural":"tree","leaf_type":"broadleaved","kod_drevin":"2 Listnatý","kod_sprav":"59 Technická správa komunikací hl. m. Prahy, a.s.","id_strom":"71923","aktualizace":"2026-08-05","globalid":"{59ACCCD7-9B97-43C2-9B18-53FA0B10EA0B}"}},{"geometry":{"type":"Point","coordinates":[14.4420386,50.0701368]},"type":"Feature","properties":{"natural":"tree","leaf_type":"broadleaved","kod_drevin":"2 Listnatý","kod_sprav":"59 Technická správa komunikací hl. m. Prahy, a.s.","id_strom":"71804","aktualizace":"2026-08-05","globalid":"{85D6C940-D894-4C71-B1C4-534FE0234A34}"}},{"geometry":{"type":"Point","coordinates":[14.4418929,50.07019]},"type":"Feature","properties":{"natural":"tree","leaf_type":"broadleaved","kod_drevin":"2 Listnatý","kod_sprav":"59 Technická správa komunikací hl. m. Prahy, a.s.","id_strom":"71805","aktualizace":"2026-08-05","globalid":"{30B43043-FA20-4BA6-AA90-B160497704CA}"}},{"geometry":{"type":"Point","coordinates":[14.4417392,50.0702439]},"type":"Feature","properties":{"natural":"tree","leaf_type":"broadleaved","kod_drevin":"2 Listnatý","kod_sprav":"59 Technická správa komunikací hl. m. Prahy, a.s.","id_strom":"71806","aktualizace":"2026-08-05","globalid":"{2414E99F-158E-454A-9875-BB36574A137C}"}},{"geometry":{"type":"Point","coordinates":[14.4418283,50.0701269]},"type":"Feature","properties":{"natural":"tree","leaf_type":"broadleaved","kod_drevin":"2 Listnatý","kod_sprav":"59 Technická správa komunikací hl. m. Prahy, a.s.","id_strom":"71807","aktualizace":"2026-08-05","globalid":"{31E19A08-E5FC-4D5F-86A3-FB2E083E541D}"}},{"geometry":{"type":"Point","coordinates":[14.4417688,50.0703959]},"type":"Feature","properties":{"natural":"tree","leaf_type":"broadleaved","kod_drevin":"2 Listnatý","kod_sprav":"59 Technická správa komunikací hl. m. Prahy, a.s.","id_strom":"71808","aktualizace":"2026-08-05","globalid":"{C00157C5-4037-4F8D-AF6C-A48021703841}"}},{"geometry":{"type":"Point","coordinates":[14.4418561,50.0704339]},"type":"Feature","properties":{"natural":"tree","leaf_type":"broadleaved","kod_drevin":"2 Listnatý","kod_sprav":"59 Technická správa komunikací hl. m. Prahy, a.s.","id_strom":"71809","aktualizace":"2026-08-05","globalid":"{96D146CC-1DA9-41BE-A4A3-F447654559E8}"}},{"geometry":{"type":"Point","coordinates":[14.4419719,50.0704866]},"type":"Feature","properties":{"natural":"tree","leaf_type":"broadleaved","kod_drevin":"2 Listnatý","kod_sprav":"59 Technická správa komunikací hl. m. Prahy, a.s.","id_strom":"71810","aktualizace":"2026-08-05","globalid":"{549872BE-B951-4DD1-B1D3-09448E5B3B3D}"}},{"geometry":{"type":"Point","coordinates":[14.442172,50.0705796]},"type":"Feature","properties":{"natural":"tree","leaf_type":"broadleaved","kod_drevin":"2 Listnatý","kod_sprav":"59 Technická správa komunikací hl. m. Prahy, a.s.","id_strom":"71812","aktualizace":"2026-08-05","globalid":"{9FECA19F-B320-4A9C-B516-ECF5822E2242}"}},{"geometry":{"type":"Point","coordinates":[14.44225,50.0706192]},"type":"Feature","properties":{"natural":"tree","leaf_type":"broadleaved","kod_drevin":"2 Listnatý","kod_sprav":"59 Technická správa komunikací hl. m. Prahy, a.s.","id_strom":"71813","aktualizace":"2026-08-05","globalid":"{D3A008E5-48C3-497A-91B3-5083ACED8788}"}},{"geometry":{"type":"Point","coordinates":[14.4423568,50.0706663]},"type":"Feature","properties":{"natural":"tree","leaf_type":"broadleaved","kod_drevin":"2 Listnatý","kod_sprav":"59 Technická správa komunikací hl. m. Prahy, a.s.","id_strom":"71814","aktualizace":"2026-08-05","globalid":"{D331C403-341E-483D-9A29-E4DAD40F8872}"}},{"geometry":{"type":"Point","coordinates":[14.4422373,50.0707432]},"type":"Feature","properties":{"natural":"tree","leaf_type":"broadleaved","kod_drevin":"2 Listnatý","kod_sprav":"59 Technická správa komunikací hl. m. Prahy, a.s.","id_strom":"71815","aktualizace":"2026-08-05","globalid":"{43BA5635-A18B-469B-BE4B-762086F17B3F}"}},{"geometry":{"type":"Point","coordinates":[14.4423195,50.0707831]},"type":"Feature","properties":{"natural":"tree","leaf_type":"broadleaved","kod_drevin":"2 Listnatý","kod_sprav":"59 Technická správa komunikací hl. m. Prahy, a.s.","id_strom":"71816","aktualizace":"2026-08-05","globalid":"{330EE803-E79A-4BAE-8415-C19D4CC31D5B}"}},{"geometry":{"type":"Point","coordinates":[14.4420084,50.0706371]},"type":"Feature","properties":{"natural":"tree","leaf_type":"broadleaved","kod_drevin":"2 Listnatý","kod_sprav":"59 Technická správa komunikací hl. m. Prahy, a.s.","id_strom":"71817","aktualizace":"2026-08-05","globalid":"{C567769D-E93B-4B40-AE64-3C07E0381C91}"}},{"geometry":{"type":"Point","coordinates":[14.4417673,50.0706706]},"type":"Feature","properties":{"natural":"tree","leaf_type":"broadleaved","kod_drevin":"2 Listnatý","kod_sprav":"59 Technická správa komunikací hl. m. Prahy, a.s.","id_strom":"71819","aktualizace":"2026-08-05","globalid":"{8895C798-D14E-49F0-995F-951BC25DC841}"}},{"geometry":{"type":"Point","coordinates":[14.4416298,50.070791]},"type":"Feature","properties":{"natural":"tree","leaf_type":"broadleaved","kod_drevin":"2 Listnatý","kod_sprav":"59 Technická správa komunikací hl. m. Prahy, a.s.","id_strom":"71821","aktualizace":"2026-08-05","globalid":"{144B6E57-6C23-4F94-8FD4-87CD239D29D1}"}},{"geometry":{"type":"Point","coordinates":[14.4415773,50.0708403]},"type":"Feature","properties":{"natural":"tree","leaf_type":"broadleaved","kod_drevin":"2 Listnatý","kod_sprav":"59 Technická správa komunikací hl. m. Prahy, a.s.","id_strom":"71822","aktualizace":"2026-08-05","globalid":"{5209DEAA-B6FF-46C3-A572-E62FC7F32ACE}"}},{"geometry":{"type":"Point","coordinates":[14.4414721,50.0709407]},"type":"Feature","properties":{"natural":"tree","leaf_type":"broadleaved","kod_drevin":"2 Listnatý","kod_sprav":"59 Technická správa komunikací hl. m. Prahy, a.s.","id_strom":"71824","aktualizace":"2026-08-05","globalid":"{D8BFBC25-FF9E-4AF1-B17F-2A0283AD6F80}"}},{"geometry":{"type":"Point","coordinates":[14.4457633,50.0746663]},"type":"Feature","properties":{"natural":"tree","leaf_type":"broadleaved","kod_drevin":"2 Listnatý","kod_sprav":"59 Technická správa komunikací hl. m. Prahy, a.s.","id_strom":"70860","aktualizace":"2026-08-05","globalid":"{3BD38679-217C-4F05-9CDA-367DEF358F4C}"}},{"geometry":{"type":"Point","coordinates":[14.4459189,50.0746397]},"type":"Feature","properties":{"natural":"tree","leaf_type":"broadleaved","kod_drevin":"2 Listnatý","kod_sprav":"59 Technická správa komunikací hl. m. Prahy, a.s.","id_strom":"70861","aktualizace":"2026-08-05","globalid":"{02087AE8-19AF-4816-B34E-100EE34614D0}"}},{"geometry":{"type":"Point","coordinates":[14.445918,50.0746949]},"type":"Feature","properties":{"natural":"tree","leaf_type":"broadleaved","kod_drevin":"2 Listnatý","kod_sprav":"59 Technická správa komunikací hl. m. Prahy, a.s.","id_strom":"70862","aktualizace":"2026-08-05","globalid":"{D966047D-4F1C-4EA4-99BB-9CFCB0F197E3}"}},{"geometry":{"type":"Point","coordinates":[14.4459179,50.0747709]},"type":"Feature","properties":{"natural":"tree","leaf_type":"broadleaved","kod_drevin":"2 Listnatý","kod_sprav":"59 Technická správa komunikací hl. m. Prahy, a.s.","id_strom":"70863","aktualizace":"2026-08-05","globalid":"{18A17952-5054-47E2-8AD2-2049D5B0F36E}"}},{"geometry":{"type":"Point","coordinates":[14.4459133,50.0748512]},"type":"Feature","properties":{"natural":"tree","leaf_type":"broadleaved","kod_drevin":"2 Listnatý","kod_sprav":"59 Technická správa komunikací hl. m. Prahy, a.s.","id_strom":"70864","aktualizace":"2026-08-05","globalid":"{A6922ADF-8A46-4FEB-9FF7-1118C0B73C66}"}},{"geometry":{"type":"Point","coordinates":[14.4459105,50.0749543]},"type":"Feature","properties":{"natural":"tree","leaf_type":"broadleaved","kod_drevin":"2 Listnatý","kod_sprav":"59 Technická správa komunikací hl. m. Prahy, a.s.","id_strom":"70865","aktualizace":"2026-08-05","globalid":"{3D83043F-7225-4F6A-A4F5-130951BE3E23}"}},{"geometry":{"type":"Point","coordinates":[14.4459084,50.0750246]},"type":"Feature","properties":{"natural":"tree","leaf_type":"broadleaved","kod_drevin":"2 Listnatý","kod_sprav":"59 Technická správa komunikací hl. m. Prahy, a.s.","id_strom":"70866","aktualizace":"2026-08-05","globalid":"{885994EF-93E1-42AC-AA4E-B6423B34EE2D}"}},{"geometry":{"type":"Point","coordinates":[14.4457588,50.0750402]},"type":"Feature","properties":{"natural":"tree","leaf_type":"broadleaved","kod_drevin":"2 Listnatý","kod_sprav":"59 Technická správa komunikací hl. m. Prahy, a.s.","id_strom":"70867","aktualizace":"2026-08-05","globalid":"{E416932E-2B69-42FC-BBE7-0B9AB2574291}"}},{"geometry":{"type":"Point","coordinates":[14.4457674,50.0749236]},"type":"Feature","properties":{"natural":"tree","leaf_type":"broadleaved","kod_drevin":"2 Listnatý","kod_sprav":"59 Technická správa komunikací hl. m. Prahy, a.s.","id_strom":"70868","aktualizace":"2026-08-05","globalid":"{7A6D4ED6-453B-4854-A8AD-DC9D87784109}"}},{"geometry":{"type":"Point","coordinates":[14.4457689,50.0748498]},"type":"Feature","properties":{"natural":"tree","leaf_type":"broadleaved","kod_drevin":"2 Listnatý","kod_sprav":"59 Technická správa komunikací hl. m. Prahy, a.s.","id_strom":"70869","aktualizace":"2026-08-05","globalid":"{98FB418C-FCFC-4E5B-8E24-7C827DB0CED4}"}},{"geometry":{"type":"Point","coordinates":[14.4457609,50.0747744]},"type":"Feature","properties":{"natural":"tree","leaf_type":"broadleaved","kod_drevin":"2 Listnatý","kod_sprav":"59 Technická správa komunikací hl. m. Prahy, a.s.","id_strom":"70870","aktualizace":"2026-08-05","globalid":"{5EA5B1E9-67C3-4B38-9815-99846626B26C}"}},{"geometry":{"type":"Point","coordinates":[14.4459051,50.075234]},"type":"Feature","properties":{"natural":"tree","leaf_type":"broadleaved","kod_drevin":"2 Listnatý","kod_sprav":"59 Technická správa komunikací hl. m. Prahy, a.s.","id_strom":"70871","aktualizace":"2026-08-05","globalid":"{D98FFC84-0E25-4767-91D1-865803863E1E}"}},{"geometry":{"type":"Point","coordinates":[14.4457584,50.075236]},"type":"Feature","properties":{"natural":"tree","leaf_type":"broadleaved","kod_drevin":"2 Listnatý","kod_sprav":"59 Technická správa komunikací hl. m. Prahy, a.s.","id_strom":"70873","aktualizace":"2026-08-05","globalid":"{86AFC75A-D094-4EB5-9A77-906D4B120C51}"}},{"geometry":{"type":"Point","coordinates":[14.4457624,50.0751049]},"type":"Feature","properties":{"natural":"tree","leaf_type":"broadleaved","kod_drevin":"2 Listnatý","kod_sprav":"59 Technická správa komunikací hl. m. Prahy, a.s.","id_strom":"70874","aktualizace":"2026-08-05","globalid":"{136F549E-8DD6-4429-9EF9-DB18C568ADBC}"}},{"geometry":{"type":"Point","coordinates":[14.4457622,50.0751648]},"type":"Feature","properties":{"natural":"tree","leaf_type":"broadleaved","kod_drevin":"2 Listnatý","kod_sprav":"59 Technická správa komunikací hl. m. Prahy, a.s.","id_strom":"70875","aktualizace":"2026-08-05","globalid":"{A2DA7EDE-731F-4A57-9161-EF91B21E1344}"}},{"geometry":{"type":"Point","coordinates":[14.4444222,50.0726755]},"type":"Feature","properties":{"natural":"tree","leaf_type":"broadleaved","kod_drevin":"2 Listnatý","kod_sprav":"59 Technická správa komunikací hl. m. Prahy, a.s.","id_strom":"70877","aktualizace":"2026-08-05","globalid":"{2CD504E8-5F91-4932-BD4B-D31EC8F7549E}"}},{"geometry":{"type":"Point","coordinates":[14.4445196,50.0726763]},"type":"Feature","properties":{"natural":"tree","leaf_type":"broadleaved","kod_drevin":"2 Listnatý","kod_sprav":"59 Technická správa komunikací hl. m. Prahy, a.s.","id_strom":"70878","aktualizace":"2026-08-05","globalid":"{5A947FEC-FA2E-42A6-9605-7BD6920C2153}"}},{"geometry":{"type":"Point","coordinates":[14.4446273,50.0726772]},"type":"Feature","properties":{"natural":"tree","leaf_type":"broadleaved","kod_drevin":"2 Listnatý","kod_sprav":"59 Technická správa komunikací hl. m. Prahy, a.s.","id_strom":"70879","aktualizace":"2026-08-05","globalid":"{57BF99F9-7D59-4731-AF69-D6985E241B44}"}},{"geometry":{"type":"Point","coordinates":[14.4448219,50.072679]},"type":"Feature","properties":{"natural":"tree","leaf_type":"broadleaved","kod_drevin":"2 Listnatý","kod_sprav":"59 Technická správa komunikací hl. m. Prahy, a.s.","id_strom":"70881","aktualizace":"2026-08-05","globalid":"{FC1717B7-92F9-494F-B337-F3598A2F63BB}"}},{"geometry":{"type":"Point","coordinates":[14.444924,50.0726783]},"type":"Feature","properties":{"natural":"tree","leaf_type":"broadleaved","kod_drevin":"2 Listnatý","kod_sprav":"59 Technická správa komunikací hl. m. Prahy, a.s.","id_strom":"70882","aktualizace":"2026-08-05","globalid":"{DC44A583-AAFD-44FA-B1FD-DEFCBBE3D1A1}"}},{"geometry":{"type":"Point","coordinates":[14.4450136,50.0726804]},"type":"Feature","properties":{"natural":"tree","leaf_type":"broadleaved","kod_drevin":"2 Listnatý","kod_sprav":"59 Technická správa komunikací hl. m. Prahy, a.s.","id_strom":"70883","aktualizace":"2026-08-05","globalid":"{EAF5E323-6DC6-4BB0-B545-3A4CD30AD778}"}},{"geometry":{"type":"Point","coordinates":[14.4451131,50.0726777]},"type":"Feature","properties":{"natural":"tree","leaf_type":"broadleaved","kod_drevin":"2 Listnatý","kod_sprav":"59 Technická správa komunikací hl. m. Prahy, a.s.","id_strom":"70884","aktualizace":"2026-08-05","globalid":"{E20B1802-2F20-4747-9EB3-7DD40FB83918}"}},{"geometry":{"type":"Point","coordinates":[14.4411833,50.0703559]},"type":"Feature","properties":{"natural":"tree","leaf_type":"broadleaved","kod_drevin":"2 Listnatý","kod_sprav":"59 Technická správa komunikací hl. m. Prahy, a.s.","id_strom":"71826","aktualizace":"2026-08-05","globalid":"{5B7E3DD0-9987-4B01-AED5-A214CA935805}"}},{"geometry":{"type":"Point","coordinates":[14.443123,50.0713222]},"type":"Feature","properties":{"natural":"tree","leaf_type":"broadleaved","kod_drevin":"2 Listnatý","kod_sprav":"59 Technická správa komunikací hl. m. Prahy, a.s.","id_strom":"71827","aktualizace":"2026-08-05","globalid":"{3142E9C1-705A-4C31-87B8-24F428C71457}"}},{"geometry":{"type":"Point","coordinates":[14.4431457,50.0712694]},"type":"Feature","properties":{"natural":"tree","leaf_type":"broadleaved","kod_drevin":"2 Listnatý","kod_sprav":"59 Technická správa komunikací hl. m. Prahy, a.s.","id_strom":"71828","aktualizace":"2026-08-05","globalid":"{AAB46883-D329-4F7F-9B51-288520E075B5}"}},{"geometry":{"type":"Point","coordinates":[14.4431765,50.0712083]},"type":"Feature","properties":{"natural":"tree","leaf_type":"broadleaved","kod_drevin":"2 Listnatý","kod_sprav":"59 Technická správa komunikací hl. m. Prahy, a.s.","id_strom":"71829","aktualizace":"2026-08-05","globalid":"{3B4CE7DF-BA42-4A93-816D-7CC320638484}"}},{"geometry":{"type":"Point","coordinates":[14.4436182,50.0712351]},"type":"Feature","properties":{"natural":"tree","leaf_type":"broadleaved","kod_drevin":"2 Listnatý","kod_sprav":"59 Technická správa komunikací hl. m. Prahy, a.s.","id_strom":"71831","aktualizace":"2026-08-05","globalid":"{833C29A7-EF4E-421A-ABEF-4DD57FCAEC5C}"}},{"geometry":{"type":"Point","coordinates":[14.4433818,50.0711275]},"type":"Feature","properties":{"natural":"tree","leaf_type":"broadleaved","kod_drevin":"2 Listnatý","kod_sprav":"59 Technická správa komunikací hl. m. Prahy, a.s.","id_strom":"71832","aktualizace":"2026-08-05","globalid":"{2141AE7A-AADA-4B34-84CD-8B77D370B979}"}},{"geometry":{"type":"Point","coordinates":[14.443285,50.071087]},"type":"Feature","properties":{"natural":"tree","leaf_type":"broadleaved","kod_drevin":"2 Listnatý","kod_sprav":"59 Technická správa komunikací hl. m. Prahy, a.s.","id_strom":"71833","aktualizace":"2026-08-05","globalid":"{AC6FB9A2-2A25-49EA-8920-4E3018501447}"}},{"geometry":{"type":"Point","coordinates":[14.4392893,50.0712361]},"type":"Feature","properties":{"natural":"tree","leaf_type":"broadleaved","kod_drevin":"2 Listnatý","kod_sprav":"59 Technická správa komunikací hl. m. Prahy, a.s.","id_strom":"71924","aktualizace":"2026-08-05","globalid":"{B27426DF-910A-40ED-AB59-03121E3B632B}"}},{"geometry":{"type":"Point","coordinates":[14.4391567,50.0713909]},"type":"Feature","properties":{"natural":"tree","leaf_type":"broadleaved","kod_drevin":"2 Listnatý","kod_sprav":"59 Technická správa komunikací hl. m. Prahy, a.s.","id_strom":"71926","aktualizace":"2026-08-05","globalid":"{AB47E694-17EE-4814-B43B-8E6AB4DF50EB}"}},{"geometry":{"type":"Point","coordinates":[14.4390978,50.0714717]},"type":"Feature","properties":{"natural":"tree","leaf_type":"broadleaved","kod_drevin":"2 Listnatý","kod_sprav":"59 Technická správa komunikací hl. m. Prahy, a.s.","id_strom":"71927","aktualizace":"2026-08-05","globalid":"{E23BF1D0-5501-4B44-B754-68F2B8A2A7B7}"}},{"geometry":{"type":"Point","coordinates":[14.4390653,50.0715124]},"type":"Feature","properties":{"natural":"tree","leaf_type":"broadleaved","kod_drevin":"2 Listnatý","kod_sprav":"59 Technická správa komunikací hl. m. Prahy, a.s.","id_strom":"71928","aktualizace":"2026-08-05","globalid":"{6509DE07-1F7C-47C6-BE38-01BB6D05FEC5}"}},{"geometry":{"type":"Point","coordinates":[14.4390291,50.0715559]},"type":"Feature","properties":{"natural":"tree","leaf_type":"broadleaved","kod_drevin":"2 Listnatý","kod_sprav":"59 Technická správa komunikací hl. m. Prahy, a.s.","id_strom":"71929","aktualizace":"2026-08-05","globalid":"{0433B16C-7A98-4CA1-9C4C-EACFD0EF1288}"}},{"geometry":{"type":"Point","coordinates":[14.4389643,50.0716357]},"type":"Feature","properties":{"natural":"tree","leaf_type":"broadleaved","kod_drevin":"2 Listnatý","kod_sprav":"59 Technická správa komunikací hl. m. Prahy, a.s.","id_strom":"71930","aktualizace":"2026-08-05","globalid":"{1AAD7EB5-2687-4868-B0E3-F5C512B756DD}"}},{"geometry":{"type":"Point","coordinates":[14.4388933,50.0718215]},"type":"Feature","properties":{"natural":"tree","leaf_type":"broadleaved","kod_drevin":"2 Listnatý","kod_sprav":"59 Technická správa komunikací hl. m. Prahy, a.s.","id_strom":"71931","aktualizace":"2026-08-05","globalid":"{770283CD-D6DD-4E1B-A929-1C5A9ACFACFE}"}},{"geometry":{"type":"Point","coordinates":[14.4391346,50.0719283]},"type":"Feature","properties":{"natural":"tree","leaf_type":"broadleaved","kod_drevin":"2 Listnatý","kod_sprav":"59 Technická správa komunikací hl. m. Prahy, a.s.","id_strom":"71932","aktualizace":"2026-08-05","globalid":"{C2E74DA3-7B11-41C3-BD45-1B7DC07455C9}"}},{"geometry":{"type":"Point","coordinates":[14.4393129,50.0720094]},"type":"Feature","properties":{"natural":"tree","leaf_type":"broadleaved","kod_drevin":"2 Listnatý","kod_sprav":"59 Technická správa komunikací hl. m. Prahy, a.s.","id_strom":"71934","aktualizace":"2026-08-05","globalid":"{0194B2D0-B3A9-4A38-ACD4-0F0F8B4AC865}"}},{"geometry":{"type":"Point","coordinates":[14.4394223,50.0720633]},"type":"Feature","properties":{"natural":"tree","leaf_type":"broadleaved","kod_drevin":"2 Listnatý","kod_sprav":"59 Technická správa komunikací hl. m. Prahy, a.s.","id_strom":"71935","aktualizace":"2026-08-05","globalid":"{A60A7592-7E20-43EE-AE8C-1E6351E5EFC4}"}},{"geometry":{"type":"Point","coordinates":[14.4396015,50.0721386]},"type":"Feature","properties":{"natural":"tree","leaf_type":"broadleaved","kod_drevin":"2 Listnatý","kod_sprav":"59 Technická správa komunikací hl. m. Prahy, a.s.","id_strom":"71937","aktualizace":"2026-08-05","globalid":"{48B55A02-AED4-445E-B3A2-FD756A4CD89E}"}},{"geometry":{"type":"Point","coordinates":[14.4397189,50.0721]},"type":"Feature","properties":{"natural":"tree","kod_sprav":"59 Technická správa komunikací hl. m. Prahy, a.s.","id_strom":"71938","aktualizace":"2026-08-05","globalid":"{C0C28FE5-42B4-44E1-96BB-F37E9D5C01DA}"}},{"geometry":{"type":"Point","coordinates":[14.4395681,50.07203]},"type":"Feature","properties":{"natural":"tree","kod_sprav":"59 Technická správa komunikací hl. m. Prahy, a.s.","id_strom":"71940","aktualizace":"2026-08-05","globalid":"{7142F820-9CBD-4F5C-AABF-86BAD47727D6}"}},{"geometry":{"type":"Point","coordinates":[14.4393862,50.0719456]},"type":"Feature","properties":{"natural":"tree","kod_sprav":"59 Technická správa komunikací hl. m. Prahy, a.s.","id_strom":"71941","aktualizace":"2026-08-05","globalid":"{5B6C6171-41CB-4CBC-961C-0E8C8C25C1A7}"}},{"geometry":{"type":"Point","coordinates":[14.4391655,50.0718465]},"type":"Feature","properties":{"natural":"tree","leaf_type":"broadleaved","kod_drevin":"2 Listnatý","kod_sprav":"59 Technická správa komunikací hl. m. Prahy, a.s.","id_strom":"71943","aktualizace":"2026-08-05","globalid":"{E336FEA1-83FC-425B-8B2C-21696334302F}"}},{"geometry":{"type":"Point","coordinates":[14.4390942,50.0718172]},"type":"Feature","properties":{"natural":"tree","leaf_type":"broadleaved","kod_drevin":"2 Listnatý","kod_sprav":"59 Technická správa komunikací hl. m. Prahy, a.s.","id_strom":"71944","aktualizace":"2026-08-05","globalid":"{8CA058E9-B36D-4467-A60A-A3146B1EF12A}"}},{"geometry":{"type":"Point","coordinates":[14.4390237,50.0717841]},"type":"Feature","properties":{"natural":"tree","leaf_type":"broadleaved","kod_drevin":"2 Listnatý","kod_sprav":"59 Technická správa komunikací hl. m. Prahy, a.s.","id_strom":"71945","aktualizace":"2026-08-05","globalid":"{BF5FA67C-89AD-4ADD-AE82-828BC25405D5}"}},{"geometry":{"type":"Point","coordinates":[14.438959,50.0717514]},"type":"Feature","properties":{"natural":"tree","leaf_type":"broadleaved","kod_drevin":"2 Listnatý","kod_sprav":"59 Technická správa komunikací hl. m. Prahy, a.s.","id_strom":"71946","aktualizace":"2026-08-05","globalid":"{501A4880-8BAB-4749-92D7-1A2CF15D2F10}"}},{"geometry":{"type":"Point","coordinates":[14.4403325,50.0723758]},"type":"Feature","properties":{"natural":"tree","kod_sprav":"59 Technická správa komunikací hl. m. Prahy, a.s.","id_strom":"71949","aktualizace":"2026-08-05","globalid":"{0176C0B5-2F40-4A59-8696-6D0BC19313A1}"}},{"geometry":{"type":"Point","coordinates":[14.440488,50.0724502]},"type":"Feature","properties":{"natural":"tree","kod_sprav":"59 Technická správa komunikací hl. m. Prahy, a.s.","id_strom":"71950","aktualizace":"2026-08-05","globalid":"{FB521281-3D89-4E4A-A804-8CD797200F86}"}},{"geometry":{"type":"Point","coordinates":[14.4451987,50.0726842]},"type":"Feature","properties":{"natural":"tree","leaf_type":"broadleaved","kod_drevin":"2 Listnatý","kod_sprav":"59 Technická správa komunikací hl. m. Prahy, a.s.","id_strom":"70885","aktualizace":"2026-08-05","globalid":"{D50CED31-3E82-4010-9931-A26298D108A9}"}},{"geometry":{"type":"Point","coordinates":[14.4458972,50.0759789]},"type":"Feature","properties":{"natural":"tree","leaf_type":"broadleaved","kod_drevin":"2 Listnatý","kod_sprav":"59 Technická správa komunikací hl. m. Prahy, a.s.","id_strom":"70543","aktualizace":"2026-08-05","globalid":"{3BF78A66-E3BA-41C6-8A57-FC5F555219F9}"}},{"geometry":{"type":"Point","coordinates":[14.4458951,50.0759095]},"type":"Feature","properties":{"natural":"tree","leaf_type":"broadleaved","kod_drevin":"2 Listnatý","kod_sprav":"59 Technická správa komunikací hl. m. Prahy, a.s.","id_strom":"70544","aktualizace":"2026-08-05","globalid":"{54EF6EF4-9C1C-4D45-851D-6FDADDD58CCF}"}},{"geometry":{"type":"Point","coordinates":[14.4405859,50.0724928]},"type":"Feature","properties":{"natural":"tree","kod_sprav":"59 Technická správa komunikací hl. m. Prahy, a.s.","id_strom":"71951","aktualizace":"2026-08-05","globalid":"{EB07DC87-958D-44FC-BD3E-A2FD88C01F8A}"}},{"geometry":{"type":"Point","coordinates":[14.4407337,50.0725555]},"type":"Feature","properties":{"natural":"tree","kod_sprav":"59 Technická správa komunikací hl. m. Prahy, a.s.","id_strom":"71952","aktualizace":"2026-08-05","globalid":"{BD6AC579-9E5B-4A3E-950C-3B5F28DAFA85}"}},{"geometry":{"type":"Point","coordinates":[14.4408614,50.0726127]},"type":"Feature","properties":{"natural":"tree","kod_sprav":"59 Technická správa komunikací hl. m. Prahy, a.s.","id_strom":"71953","aktualizace":"2026-08-05","globalid":"{EA78A3A8-E618-442D-8A93-0C1CC4789FA8}"}},{"geometry":{"type":"Point","coordinates":[14.4373003,50.0710949]},"type":"Feature","properties":{"natural":"tree","leaf_type":"broadleaved","kod_drevin":"2 Listnatý","kod_sprav":"59 Technická správa komunikací hl. m. Prahy, a.s.","id_strom":"72059","aktualizace":"2026-08-05","globalid":"{5DE58A2D-AA24-422A-8E5E-A0F01EB853A6}"}},{"geometry":{"type":"Point","coordinates":[14.4373686,50.0711317]},"type":"Feature","properties":{"natural":"tree","leaf_type":"broadleaved","kod_drevin":"2 Listnatý","kod_sprav":"59 Technická správa komunikací hl. m. Prahy, a.s.","id_strom":"72060","aktualizace":"2026-08-05","globalid":"{F4FE6C99-1B5A-45E7-BDF4-12399FDC4C5F}"}},{"geometry":{"type":"Point","coordinates":[14.4374171,50.0710575]},"type":"Feature","properties":{"natural":"tree","leaf_type":"broadleaved","kod_drevin":"2 Listnatý","kod_sprav":"59 Technická správa komunikací hl. m. Prahy, a.s.","id_strom":"72062","aktualizace":"2026-08-05","globalid":"{0C86E592-E4FC-4E1C-A406-741F6DB89E36}"}},{"geometry":{"type":"Point","coordinates":[14.4375586,50.0712159]},"type":"Feature","properties":{"natural":"tree","leaf_type":"broadleaved","kod_drevin":"2 Listnatý","kod_sprav":"59 Technická správa komunikací hl. m. Prahy, a.s.","id_strom":"72063","aktualizace":"2026-08-05","globalid":"{905F7F71-6A78-4456-B193-9B6DEF7E9B8D}"}},{"geometry":{"type":"Point","coordinates":[14.4377541,50.0713061]},"type":"Feature","properties":{"natural":"tree","leaf_type":"broadleaved","kod_drevin":"2 Listnatý","kod_sprav":"59 Technická správa komunikací hl. m. Prahy, a.s.","id_strom":"72064","aktualizace":"2026-08-05","globalid":"{26252677-E776-4285-9451-C5BFE1398478}"}},{"geometry":{"type":"Point","coordinates":[14.4375597,50.0711178]},"type":"Feature","properties":{"natural":"tree","leaf_type":"broadleaved","kod_drevin":"2 Listnatý","kod_sprav":"59 Technická správa komunikací hl. m. Prahy, a.s.","id_strom":"72065","aktualizace":"2026-08-05","globalid":"{E53446F6-87CA-452C-A3DF-BB8046984029}"}},{"geometry":{"type":"Point","coordinates":[14.4376247,50.0711485]},"type":"Feature","properties":{"natural":"tree","leaf_type":"broadleaved","kod_drevin":"2 Listnatý","kod_sprav":"59 Technická správa komunikací hl. m. Prahy, a.s.","id_strom":"72066","aktualizace":"2026-08-05","globalid":"{9A33C295-187C-4D03-AA1A-E9D309974915}"}},{"geometry":{"type":"Point","coordinates":[14.4376946,50.0711777]},"type":"Feature","properties":{"natural":"tree","leaf_type":"broadleaved","kod_drevin":"2 Listnatý","kod_sprav":"59 Technická správa komunikací hl. m. Prahy, a.s.","id_strom":"72067","aktualizace":"2026-08-05","globalid":"{9A4F4D83-4D61-4F09-B2A7-FA411F11D53F}"}},{"geometry":{"type":"Point","coordinates":[14.4386197,50.0716921]},"type":"Feature","properties":{"natural":"tree","leaf_type":"broadleaved","kod_drevin":"2 Listnatý","kod_sprav":"59 Technická správa komunikací hl. m. Prahy, a.s.","id_strom":"72068","aktualizace":"2026-08-05","globalid":"{0B59ABDD-D70B-4B27-A293-FE542B1C686E}"}},{"geometry":{"type":"Point","coordinates":[14.4384237,50.071609]},"type":"Feature","properties":{"natural":"tree","leaf_type":"broadleaved","kod_drevin":"2 Listnatý","kod_sprav":"59 Technická správa komunikací hl. m. Prahy, a.s.","id_strom":"72069","aktualizace":"2026-08-05","globalid":"{484E9F0A-473C-43B5-8B87-B5B89135B189}"}},{"geometry":{"type":"Point","coordinates":[14.438162,50.0714863]},"type":"Feature","properties":{"natural":"tree","leaf_type":"broadleaved","kod_drevin":"2 Listnatý","kod_sprav":"59 Technická správa komunikací hl. m. Prahy, a.s.","id_strom":"72070","aktualizace":"2026-08-05","globalid":"{E32F2FF4-32B0-40E0-BEEA-C311546868E4}"}},{"geometry":{"type":"Point","coordinates":[14.4379952,50.0714173]},"type":"Feature","properties":{"natural":"tree","leaf_type":"broadleaved","kod_drevin":"2 Listnatý","kod_sprav":"59 Technická správa komunikací hl. m. Prahy, a.s.","id_strom":"72071","aktualizace":"2026-08-05","globalid":"{C2A26E59-2485-4F97-90D2-5B0E5A2F4D3B}"}},{"geometry":{"type":"Point","coordinates":[14.4458998,50.0757891]},"type":"Feature","properties":{"natural":"tree","leaf_type":"broadleaved","kod_drevin":"2 Listnatý","kod_sprav":"59 Technická správa komunikací hl. m. Prahy, a.s.","id_strom":"70545","aktualizace":"2026-08-05","globalid":"{56339492-A245-4C74-BD5F-4AAA570EB43F}"}},{"geometry":{"type":"Point","coordinates":[14.445899,50.0757137]},"type":"Feature","properties":{"natural":"tree","leaf_type":"broadleaved","kod_drevin":"2 Listnatý","kod_sprav":"59 Technická správa komunikací hl. m. Prahy, a.s.","id_strom":"70546","aktualizace":"2026-08-05","globalid":"{02207238-FD9B-488F-830B-C994105C29EC}"}},{"geometry":{"type":"Point","coordinates":[14.4459104,50.0756733]},"type":"Feature","properties":{"natural":"tree","leaf_type":"broadleaved","kod_drevin":"2 Listnatý","kod_sprav":"59 Technická správa komunikací hl. m. Prahy, a.s.","id_strom":"70547","aktualizace":"2026-08-05","globalid":"{584C0DEF-9DDA-420C-91D2-574C726A261C}"}},{"geometry":{"type":"Point","coordinates":[14.4459116,50.0755381]},"type":"Feature","properties":{"natural":"tree","leaf_type":"broadleaved","kod_drevin":"2 Listnatý","kod_sprav":"59 Technická správa komunikací hl. m. Prahy, a.s.","id_strom":"70548","aktualizace":"2026-08-05","globalid":"{4910CE0B-E3DE-4422-B18F-0F207CA5E154}"}},{"geometry":{"type":"Point","coordinates":[14.4459101,50.0754763]},"type":"Feature","properties":{"natural":"tree","leaf_type":"broadleaved","kod_drevin":"2 Listnatý","kod_sprav":"59 Technická správa komunikací hl. m. Prahy, a.s.","id_strom":"70549","aktualizace":"2026-08-05","globalid":"{8457E775-8D5E-4FAD-B31F-5CF20F52F0B5}"}},{"geometry":{"type":"Point","coordinates":[14.4457565,50.0757289]},"type":"Feature","properties":{"natural":"tree","leaf_type":"broadleaved","kod_drevin":"2 Listnatý","kod_sprav":"59 Technická správa komunikací hl. m. Prahy, a.s.","id_strom":"70553","aktualizace":"2026-08-05","globalid":"{8CE97920-C3D0-4326-8439-7BBD151B1D18}"}},{"geometry":{"type":"Point","coordinates":[14.4457435,50.0757881]},"type":"Feature","properties":{"natural":"tree","leaf_type":"broadleaved","kod_drevin":"2 Listnatý","kod_sprav":"59 Technická správa komunikací hl. m. Prahy, a.s.","id_strom":"70554","aktualizace":"2026-08-05","globalid":"{35430F56-C915-4FD3-BD9A-2DB9652ED3B1}"}},{"geometry":{"type":"Point","coordinates":[14.4457466,50.075913]},"type":"Feature","properties":{"natural":"tree","leaf_type":"broadleaved","kod_drevin":"2 Listnatý","kod_sprav":"59 Technická správa komunikací hl. m. Prahy, a.s.","id_strom":"70555","aktualizace":"2026-08-05","globalid":"{C8F3615A-9857-46DE-8792-F2503F0685EA}"}},{"geometry":{"type":"Point","coordinates":[14.4457456,50.0759778]},"type":"Feature","properties":{"natural":"tree","leaf_type":"broadleaved","kod_drevin":"2 Listnatý","kod_sprav":"59 Technická správa komunikací hl. m. Prahy, a.s.","id_strom":"70556","aktualizace":"2026-08-05","globalid":"{5670E511-9AC0-49EE-B24E-C0A3048E563B}"}},{"geometry":{"type":"Point","coordinates":[14.4378674,50.0713546]},"type":"Feature","properties":{"natural":"tree","leaf_type":"broadleaved","kod_drevin":"2 Listnatý","kod_sprav":"59 Technická správa komunikací hl. m. Prahy, a.s.","id_strom":"72072","aktualizace":"2026-08-05","globalid":"{911FB07C-EF6C-4459-88F0-06F5168AEF62}"}},{"geometry":{"type":"Point","coordinates":[14.4386831,50.0716332]},"type":"Feature","properties":{"natural":"tree","leaf_type":"broadleaved","kod_drevin":"2 Listnatý","kod_sprav":"59 Technická správa komunikací hl. m. Prahy, a.s.","id_strom":"72073","aktualizace":"2026-08-05","globalid":"{072ABCC9-A4E9-4049-B08D-ECE1768127BF}"}},{"geometry":{"type":"Point","coordinates":[14.4386003,50.0715887]},"type":"Feature","properties":{"natural":"tree","leaf_type":"broadleaved","kod_drevin":"2 Listnatý","kod_sprav":"59 Technická správa komunikací hl. m. Prahy, a.s.","id_strom":"72074","aktualizace":"2026-08-05","globalid":"{CF4CD8ED-4F88-4DA2-8FC0-450CBAC0AE23}"}},{"geometry":{"type":"Point","coordinates":[14.4384014,50.0715046]},"type":"Feature","properties":{"natural":"tree","leaf_type":"broadleaved","kod_drevin":"2 Listnatý","kod_sprav":"59 Technická správa komunikací hl. m. Prahy, a.s.","id_strom":"72076","aktualizace":"2026-08-05","globalid":"{9A1E47CF-A98A-4947-AD25-B0EDC5D65B44}"}},{"geometry":{"type":"Point","coordinates":[14.4382561,50.0714315]},"type":"Feature","properties":{"natural":"tree","leaf_type":"broadleaved","kod_drevin":"2 Listnatý","kod_sprav":"59 Technická správa komunikací hl. m. Prahy, a.s.","id_strom":"72077","aktualizace":"2026-08-05","globalid":"{A4820542-C472-4A99-935D-D04454B58DD3}"}},{"geometry":{"type":"Point","coordinates":[14.4381154,50.0713755]},"type":"Feature","properties":{"natural":"tree","leaf_type":"broadleaved","kod_drevin":"2 Listnatý","kod_sprav":"59 Technická správa komunikací hl. m. Prahy, a.s.","id_strom":"72078","aktualizace":"2026-08-05","globalid":"{06B6F00F-5FCD-4477-ADAF-16A36EB68794}"}},{"geometry":{"type":"Point","coordinates":[14.4380013,50.0713221]},"type":"Feature","properties":{"natural":"tree","leaf_type":"broadleaved","kod_drevin":"2 Listnatý","kod_sprav":"59 Technická správa komunikací hl. m. Prahy, a.s.","id_strom":"72079","aktualizace":"2026-08-05","globalid":"{34AAAA4C-FCB1-4253-B370-BF496DFAD01F}"}},{"geometry":{"type":"Point","coordinates":[14.4361524,50.0705781]},"type":"Feature","properties":{"natural":"tree","leaf_type":"broadleaved","kod_drevin":"2 Listnatý","kod_sprav":"59 Technická správa komunikací hl. m. Prahy, a.s.","id_strom":"72081","aktualizace":"2026-08-05","globalid":"{B5644226-0D2A-46B2-8007-6C2469D278A6}"}},{"geometry":{"type":"Point","coordinates":[14.4365223,50.0707463]},"type":"Feature","properties":{"natural":"tree","leaf_type":"broadleaved","kod_drevin":"2 Listnatý","kod_sprav":"59 Technická správa komunikací hl. m. Prahy, a.s.","id_strom":"72082","aktualizace":"2026-08-05","globalid":"{AABA604A-6CCC-4C83-BED7-FFE792120A87}"}},{"geometry":{"type":"Point","coordinates":[14.4366815,50.0708184]},"type":"Feature","properties":{"natural":"tree","leaf_type":"broadleaved","kod_drevin":"2 Listnatý","kod_sprav":"59 Technická správa komunikací hl. m. Prahy, a.s.","id_strom":"72083","aktualizace":"2026-08-05","globalid":"{5776D556-463D-4DA0-83FB-B33A598DB039}"}},{"geometry":{"type":"Point","coordinates":[14.4366706,50.0707186]},"type":"Feature","properties":{"natural":"tree","leaf_type":"broadleaved","kod_drevin":"2 Listnatý","kod_sprav":"59 Technická správa komunikací hl. m. Prahy, a.s.","id_strom":"72084","aktualizace":"2026-08-05","globalid":"{7F1F92D2-8972-49A7-8D5D-B66202F84F54}"}},{"geometry":{"type":"Point","coordinates":[14.4431399,50.0711478]},"type":"Feature","properties":{"natural":"tree","leaf_type":"broadleaved","kod_drevin":"2 Listnatý","kod_sprav":"59 Technická správa komunikací hl. m. Prahy, a.s.","id_strom":"71834","aktualizace":"2026-08-05","globalid":"{9AFC7CD4-097C-4104-9C0C-0B678750B247}"}},{"geometry":{"type":"Point","coordinates":[14.4429762,50.0710752]},"type":"Feature","properties":{"natural":"tree","leaf_type":"broadleaved","kod_drevin":"2 Listnatý","kod_sprav":"59 Technická správa komunikací hl. m. Prahy, a.s.","id_strom":"71835","aktualizace":"2026-08-05","globalid":"{6463027B-6099-4BA2-A654-04B6C9747E2A}"}},{"geometry":{"type":"Point","coordinates":[14.4430552,50.0711101]},"type":"Feature","properties":{"natural":"tree","leaf_type":"broadleaved","kod_drevin":"2 Listnatý","kod_sprav":"59 Technická správa komunikací hl. m. Prahy, a.s.","id_strom":"71836","aktualizace":"2026-08-05","globalid":"{C070E288-BEC2-4474-B840-16B823B4DA0E}"}},{"geometry":{"type":"Point","coordinates":[14.4431831,50.0710403]},"type":"Feature","properties":{"natural":"tree","leaf_type":"broadleaved","kod_drevin":"2 Listnatý","kod_sprav":"59 Technická správa komunikací hl. m. Prahy, a.s.","id_strom":"71837","aktualizace":"2026-08-05","globalid":"{344A5528-F696-4BA3-BC3D-CF56C09A9B84}"}},{"geometry":{"type":"Point","coordinates":[14.443093,50.0709981]},"type":"Feature","properties":{"natural":"tree","leaf_type":"broadleaved","kod_drevin":"2 Listnatý","kod_sprav":"59 Technická správa komunikací hl. m. Prahy, a.s.","id_strom":"71838","aktualizace":"2026-08-05","globalid":"{369862AC-45A7-4547-B81C-72464E01231B}"}},{"geometry":{"type":"Point","coordinates":[14.4429041,50.0709127]},"type":"Feature","properties":{"natural":"tree","leaf_type":"broadleaved","kod_drevin":"2 Listnatý","kod_sprav":"59 Technická správa komunikací hl. m. Prahy, a.s.","id_strom":"71840","aktualizace":"2026-08-05","globalid":"{5A0C0CBE-BC2A-4777-B907-7BA250F55605}"}},{"geometry":{"type":"Point","coordinates":[14.4428115,50.0708701]},"type":"Feature","properties":{"natural":"tree","leaf_type":"broadleaved","kod_drevin":"2 Listnatý","kod_sprav":"59 Technická správa komunikací hl. m. Prahy, a.s.","id_strom":"71841","aktualizace":"2026-08-05","globalid":"{943829FB-255F-47EA-97E7-EDDCD235036C}"}},{"geometry":{"type":"Point","coordinates":[14.4427279,50.0708333]},"type":"Feature","properties":{"natural":"tree","leaf_type":"broadleaved","kod_drevin":"2 Listnatý","kod_sprav":"59 Technická správa komunikací hl. m. Prahy, a.s.","id_strom":"71842","aktualizace":"2026-08-05","globalid":"{0B0A2ECA-0FFE-4B38-B3B5-4B80EA05AF48}"}},{"geometry":{"type":"Point","coordinates":[14.442653,50.0708029]},"type":"Feature","properties":{"natural":"tree","leaf_type":"broadleaved","kod_drevin":"2 Listnatý","kod_sprav":"59 Technická správa komunikací hl. m. Prahy, a.s.","id_strom":"71843","aktualizace":"2026-08-05","globalid":"{A1156F3F-8B67-4A6D-8A23-85A66F6E5723}"}},{"geometry":{"type":"Point","coordinates":[14.4425748,50.0707641]},"type":"Feature","properties":{"natural":"tree","leaf_type":"broadleaved","kod_drevin":"2 Listnatý","kod_sprav":"59 Technická správa komunikací hl. m. Prahy, a.s.","id_strom":"71844","aktualizace":"2026-08-05","globalid":"{498004D7-C11D-4402-8374-F9972CDFD541}"}},{"geometry":{"type":"Point","coordinates":[14.4427425,50.0709671]},"type":"Feature","properties":{"natural":"tree","leaf_type":"broadleaved","kod_drevin":"2 Listnatý","kod_sprav":"59 Technická správa komunikací hl. m. Prahy, a.s.","id_strom":"71845","aktualizace":"2026-08-05","globalid":"{3A27F1E6-2EBB-4179-B22B-84DA375A12FE}"}},{"geometry":{"type":"Point","coordinates":[14.4428236,50.0710037]},"type":"Feature","properties":{"natural":"tree","leaf_type":"broadleaved","kod_drevin":"2 Listnatý","kod_sprav":"59 Technická správa komunikací hl. m. Prahy, a.s.","id_strom":"71846","aktualizace":"2026-08-05","globalid":"{33456377-1510-46B8-9367-26F862B28908}"}},{"geometry":{"type":"Point","coordinates":[14.442898,50.0710365]},"type":"Feature","properties":{"natural":"tree","leaf_type":"broadleaved","kod_drevin":"2 Listnatý","kod_sprav":"59 Technická správa komunikací hl. m. Prahy, a.s.","id_strom":"71847","aktualizace":"2026-08-05","globalid":"{5508CF24-4F62-4D45-8EE4-5C27CCFA702D}"}},{"geometry":{"type":"Point","coordinates":[14.4424041,50.0708192]},"type":"Feature","properties":{"natural":"tree","leaf_type":"broadleaved","kod_drevin":"2 Listnatý","kod_sprav":"59 Technická správa komunikací hl. m. Prahy, a.s.","id_strom":"71848","aktualizace":"2026-08-05","globalid":"{B8F8BBC6-C6DB-4FDF-A0F5-E7C47DF6ECE9}"}},{"geometry":{"type":"Point","coordinates":[14.44183,50.0718861]},"type":"Feature","properties":{"natural":"tree","leaf_type":"broadleaved","kod_drevin":"2 Listnatý","kod_sprav":"59 Technická správa komunikací hl. m. Prahy, a.s.","id_strom":"71849","aktualizace":"2026-08-05","globalid":"{FEB57EA2-2038-4B6E-B046-245558A3B81C}"}},{"geometry":{"type":"Point","coordinates":[14.441896,50.0718286]},"type":"Feature","properties":{"natural":"tree","leaf_type":"broadleaved","kod_drevin":"2 Listnatý","kod_sprav":"59 Technická správa komunikací hl. m. Prahy, a.s.","id_strom":"71850","aktualizace":"2026-08-05","globalid":"{A6EBC39C-8D16-44A5-86D4-976819A50496}"}},{"geometry":{"type":"Point","coordinates":[14.4419587,50.0717726]},"type":"Feature","properties":{"natural":"tree","leaf_type":"broadleaved","kod_drevin":"2 Listnatý","kod_sprav":"59 Technická správa komunikací hl. m. Prahy, a.s.","id_strom":"71851","aktualizace":"2026-08-05","globalid":"{97955CCF-E325-48E9-9B59-7C1B3CED8277}"}},{"geometry":{"type":"Point","coordinates":[14.4420203,50.0717182]},"type":"Feature","properties":{"natural":"tree","leaf_type":"broadleaved","kod_drevin":"2 Listnatý","kod_sprav":"59 Technická správa komunikací hl. m. Prahy, a.s.","id_strom":"71852","aktualizace":"2026-08-05","globalid":"{F24312BF-347B-4A94-9B74-7D2716410B93}"}},{"geometry":{"type":"Point","coordinates":[14.4420659,50.0716755]},"type":"Feature","properties":{"natural":"tree","leaf_type":"broadleaved","kod_drevin":"2 Listnatý","kod_sprav":"59 Technická správa komunikací hl. m. Prahy, a.s.","id_strom":"71853","aktualizace":"2026-08-05","globalid":"{60FBF612-1B9E-46B9-AAC5-6E81E1564E33}"}},{"geometry":{"type":"Point","coordinates":[14.4421167,50.0716303]},"type":"Feature","properties":{"natural":"tree","leaf_type":"broadleaved","kod_drevin":"2 Listnatý","kod_sprav":"59 Technická správa komunikací hl. m. Prahy, a.s.","id_strom":"71854","aktualizace":"2026-08-05","globalid":"{7324C3EF-5E2E-40B8-8446-2A609AC87E97}"}},{"geometry":{"type":"Point","coordinates":[14.4420759,50.0715111]},"type":"Feature","properties":{"natural":"tree","leaf_type":"broadleaved","kod_drevin":"2 Listnatý","kod_sprav":"59 Technická správa komunikací hl. m. Prahy, a.s.","id_strom":"71855","aktualizace":"2026-08-05","globalid":"{0F3209FA-C810-4E49-A83B-BA8FD1481F33}"}},{"geometry":{"type":"Point","coordinates":[14.4420124,50.0715703]},"type":"Feature","properties":{"natural":"tree","leaf_type":"broadleaved","kod_drevin":"2 Listnatý","kod_sprav":"59 Technická správa komunikací hl. m. Prahy, a.s.","id_strom":"71856","aktualizace":"2026-08-05","globalid":"{B6FA2955-97B9-45F6-BF7A-C71BF8D9F7C9}"}},{"geometry":{"type":"Point","coordinates":[14.4419099,50.0716617]},"type":"Feature","properties":{"natural":"tree","leaf_type":"broadleaved","kod_drevin":"2 Listnatý","kod_sprav":"59 Technická správa komunikací hl. m. Prahy, a.s.","id_strom":"71857","aktualizace":"2026-08-05","globalid":"{9F2C2FAD-8C92-46FA-8D2D-820E727FAC29}"}},{"geometry":{"type":"Point","coordinates":[14.4418432,50.0717261]},"type":"Feature","properties":{"natural":"tree","leaf_type":"broadleaved","kod_drevin":"2 Listnatý","kod_sprav":"59 Technická správa komunikací hl. m. Prahy, a.s.","id_strom":"71858","aktualizace":"2026-08-05","globalid":"{80C4E592-6FF7-4D75-AEDC-69338A228FC4}"}},{"geometry":{"type":"Point","coordinates":[14.4366858,50.0733844]},"type":"Feature","properties":{"natural":"tree","leaf_type":"broadleaved","kod_drevin":"2 Listnatý","kod_sprav":"59 Technická správa komunikací hl. m. Prahy, a.s.","id_strom":"71655","aktualizace":"2026-08-05","globalid":"{6161AD3C-4E2F-4E82-9895-73744B7D8DD1}"}},{"geometry":{"type":"Point","coordinates":[14.436369,50.0732816]},"type":"Feature","properties":{"natural":"tree","leaf_type":"broadleaved","kod_drevin":"2 Listnatý","kod_sprav":"59 Technická správa komunikací hl. m. Prahy, a.s.","id_strom":"71657","aktualizace":"2026-08-05","globalid":"{2810E330-1E82-4950-81C4-80DB67F76146}"}},{"geometry":{"type":"Point","coordinates":[14.4362895,50.0732568]},"type":"Feature","properties":{"natural":"tree","leaf_type":"broadleaved","kod_drevin":"2 Listnatý","kod_sprav":"59 Technická správa komunikací hl. m. Prahy, a.s.","id_strom":"71658","aktualizace":"2026-08-05","globalid":"{0F8352A9-79F8-4980-A9A0-162E5D682C3F}"}},{"geometry":{"type":"Point","coordinates":[14.4362696,50.0731612]},"type":"Feature","properties":{"natural":"tree","leaf_type":"broadleaved","kod_drevin":"2 Listnatý","kod_sprav":"59 Technická správa komunikací hl. m. Prahy, a.s.","id_strom":"71659","aktualizace":"2026-08-05","globalid":"{A23B03B9-1917-4C1E-B21D-44929664D717}"}},{"geometry":{"type":"Point","coordinates":[14.4364261,50.073217]},"type":"Feature","properties":{"natural":"tree","leaf_type":"broadleaved","kod_drevin":"2 Listnatý","kod_sprav":"59 Technická správa komunikací hl. m. Prahy, a.s.","id_strom":"71660","aktualizace":"2026-08-05","globalid":"{7B169C6E-B70A-4518-9B6F-B806E580F7A2}"}},{"geometry":{"type":"Point","coordinates":[14.4365817,50.0732643]},"type":"Feature","properties":{"natural":"tree","leaf_type":"broadleaved","kod_drevin":"2 Listnatý","kod_sprav":"59 Technická správa komunikací hl. m. Prahy, a.s.","id_strom":"71661","aktualizace":"2026-08-05","globalid":"{6831869B-E603-4D36-A6EF-824BF1C63EB9}"}},{"geometry":{"type":"Point","coordinates":[14.4367271,50.073313]},"type":"Feature","properties":{"natural":"tree","leaf_type":"broadleaved","kod_drevin":"2 Listnatý","kod_sprav":"59 Technická správa komunikací hl. m. Prahy, a.s.","id_strom":"71662","aktualizace":"2026-08-05","globalid":"{944C5B4B-448E-4039-A6AE-B02FCCD22FBC}"}},{"geometry":{"type":"Point","coordinates":[14.4368235,50.0733484]},"type":"Feature","properties":{"natural":"tree","leaf_type":"broadleaved","kod_drevin":"2 Listnatý","kod_sprav":"59 Technická správa komunikací hl. m. Prahy, a.s.","id_strom":"71663","aktualizace":"2026-08-05","globalid":"{0D72CC22-1F2B-455F-AC7D-7D11646811AA}"}},{"geometry":{"type":"Point","coordinates":[14.4369006,50.0733743]},"type":"Feature","properties":{"natural":"tree","leaf_type":"broadleaved","kod_drevin":"2 Listnatý","kod_sprav":"59 Technická správa komunikací hl. m. Prahy, a.s.","id_strom":"71664","aktualizace":"2026-08-05","globalid":"{1BF03AC8-4AD6-4F5A-8469-2B397A3B04F0}"}},{"geometry":{"type":"Point","coordinates":[14.4369909,50.0734038]},"type":"Feature","properties":{"natural":"tree","leaf_type":"broadleaved","kod_drevin":"2 Listnatý","kod_sprav":"59 Technická správa komunikací hl. m. Prahy, a.s.","id_strom":"71665","aktualizace":"2026-08-05","globalid":"{CB6ABE1C-34E2-4BDA-8CEC-405C1E32A74E}"}},{"geometry":{"type":"Point","coordinates":[14.4362082,50.0726912]},"type":"Feature","properties":{"natural":"tree","leaf_type":"broadleaved","kod_drevin":"2 Listnatý","kod_sprav":"59 Technická správa komunikací hl. m. Prahy, a.s.","id_strom":"71668","aktualizace":"2026-08-05","globalid":"{6037A09E-AD24-4AA2-945B-D4BD43D60831}"}},{"geometry":{"type":"Point","coordinates":[14.4362312,50.0726357]},"type":"Feature","properties":{"natural":"tree","leaf_type":"broadleaved","kod_drevin":"2 Listnatý","kod_sprav":"59 Technická správa komunikací hl. m. Prahy, a.s.","id_strom":"71669","aktualizace":"2026-08-05","globalid":"{A0447618-A057-47AC-B804-9973DA1972A7}"}},{"geometry":{"type":"Point","coordinates":[14.4362547,50.0725719]},"type":"Feature","properties":{"natural":"tree","leaf_type":"broadleaved","kod_drevin":"2 Listnatý","kod_sprav":"59 Technická správa komunikací hl. m. Prahy, a.s.","id_strom":"71670","aktualizace":"2026-08-05","globalid":"{8523C0C1-20F6-4029-9A2E-E1AE811D3EFC}"}},{"geometry":{"type":"Point","coordinates":[14.4362773,50.0725009]},"type":"Feature","properties":{"natural":"tree","leaf_type":"broadleaved","kod_drevin":"2 Listnatý","kod_sprav":"59 Technická správa komunikací hl. m. Prahy, a.s.","id_strom":"71671","aktualizace":"2026-08-05","globalid":"{F05073F8-9F96-4949-B5ED-7A91FE045291}"}},{"geometry":{"type":"Point","coordinates":[14.4362994,50.0724364]},"type":"Feature","properties":{"natural":"tree","leaf_type":"broadleaved","kod_drevin":"2 Listnatý","kod_sprav":"59 Technická správa komunikací hl. m. Prahy, a.s.","id_strom":"71672","aktualizace":"2026-08-05","globalid":"{88AFB2FF-12DA-443A-B3BD-5A1E89D07527}"}},{"geometry":{"type":"Point","coordinates":[14.4363648,50.0722524]},"type":"Feature","properties":{"natural":"tree","leaf_type":"broadleaved","kod_drevin":"2 Listnatý","kod_sprav":"59 Technická správa komunikací hl. m. Prahy, a.s.","id_strom":"71673","aktualizace":"2026-08-05","globalid":"{5AEE180D-362E-4EF6-A33A-9A104F209A12}"}},{"geometry":{"type":"Point","coordinates":[14.4363975,50.072158]},"type":"Feature","properties":{"natural":"tree","leaf_type":"broadleaved","kod_drevin":"2 Listnatý","kod_sprav":"59 Technická správa komunikací hl. m. Prahy, a.s.","id_strom":"71674","aktualizace":"2026-08-05","globalid":"{AB3438AB-985E-43BE-B4BE-0D1EC6E67A9D}"}},{"geometry":{"type":"Point","coordinates":[14.4372821,50.0736995]},"type":"Feature","properties":{"natural":"tree","leaf_type":"broadleaved","kod_drevin":"2 Listnatý","kod_sprav":"59 Technická správa komunikací hl. m. Prahy, a.s.","id_strom":"71619","aktualizace":"2026-08-05","globalid":"{AA2B6D42-B483-4090-98B1-87D011D72639}"}},{"geometry":{"type":"Point","coordinates":[14.4371614,50.0736838]},"type":"Feature","properties":{"natural":"tree","leaf_type":"broadleaved","kod_drevin":"2 Listnatý","kod_sprav":"59 Technická správa komunikací hl. m. Prahy, a.s.","id_strom":"71620","aktualizace":"2026-08-05","globalid":"{76FBA3A5-F6BB-428B-AA38-547A58824497}"}},{"geometry":{"type":"Point","coordinates":[14.4372207,50.073618]},"type":"Feature","properties":{"natural":"tree","leaf_type":"broadleaved","kod_drevin":"2 Listnatý","kod_sprav":"59 Technická správa komunikací hl. m. Prahy, a.s.","id_strom":"71621","aktualizace":"2026-08-05","globalid":"{416DB549-0F03-48B0-931F-ED1C0B6F4BC4}"}},{"geometry":{"type":"Point","coordinates":[14.437588,50.0736798]},"type":"Feature","properties":{"natural":"tree","leaf_type":"broadleaved","kod_drevin":"2 Listnatý","kod_sprav":"59 Technická správa komunikací hl. m. Prahy, a.s.","id_strom":"71622","aktualizace":"2026-08-05","globalid":"{2754DFCE-EFFD-4BB9-9301-53148877B50B}"}},{"geometry":{"type":"Point","coordinates":[14.4377875,50.0736605]},"type":"Feature","properties":{"natural":"tree","leaf_type":"broadleaved","kod_drevin":"2 Listnatý","kod_sprav":"59 Technická správa komunikací hl. m. Prahy, a.s.","id_strom":"71626","aktualizace":"2026-08-05","globalid":"{2FA8778B-2C23-442E-A4D7-0611B2DCDA73}"}},{"geometry":{"type":"Point","coordinates":[14.4375233,50.0734002]},"type":"Feature","properties":{"natural":"tree","leaf_type":"broadleaved","kod_drevin":"2 Listnatý","kod_sprav":"59 Technická správa komunikací hl. m. Prahy, a.s.","id_strom":"71633","aktualizace":"2026-08-05","globalid":"{517F19E7-51F5-4E0D-B587-B556C9366986}"}},{"geometry":{"type":"Point","coordinates":[14.4376175,50.0732817]},"type":"Feature","properties":{"natural":"tree","leaf_type":"broadleaved","kod_drevin":"2 Listnatý","kod_sprav":"59 Technická správa komunikací hl. m. Prahy, a.s.","id_strom":"71636","aktualizace":"2026-08-05","globalid":"{DD57488B-7393-4312-AEA0-27E3BD32C5B8}"}},{"geometry":{"type":"Point","coordinates":[14.4376516,50.0732416]},"type":"Feature","properties":{"natural":"tree","leaf_type":"broadleaved","kod_drevin":"2 Listnatý","kod_sprav":"59 Technická správa komunikací hl. m. Prahy, a.s.","id_strom":"71637","aktualizace":"2026-08-05","globalid":"{C32B9F5D-3577-4270-8115-D7EF80737F5C}"}},{"geometry":{"type":"Point","coordinates":[14.4377507,50.0731237]},"type":"Feature","properties":{"natural":"tree","leaf_type":"broadleaved","kod_drevin":"2 Listnatý","kod_sprav":"59 Technická správa komunikací hl. m. Prahy, a.s.","id_strom":"71638","aktualizace":"2026-08-05","globalid":"{0BFAD18E-A123-413E-AFFE-46BAFDFB5956}"}},{"geometry":{"type":"Point","coordinates":[14.4380405,50.0727665]},"type":"Feature","properties":{"natural":"tree","leaf_type":"broadleaved","kod_drevin":"2 Listnatý","kod_sprav":"59 Technická správa komunikací hl. m. Prahy, a.s.","id_strom":"71641","aktualizace":"2026-08-05","globalid":"{CBE8576F-4365-46BC-91ED-211D08698A7F}"}},{"geometry":{"type":"Point","coordinates":[14.4447735,50.0735724]},"type":"Feature","properties":{"natural":"tree","leaf_type":"broadleaved","kod_drevin":"2 Listnatý","kod_sprav":"59 Technická správa komunikací hl. m. Prahy, a.s.","id_strom":"70808","aktualizace":"2026-08-05","globalid":"{9A5EC6CB-B61B-4BA2-9AF0-E3E6B2316B9B}"}},{"geometry":{"type":"Point","coordinates":[14.4446767,50.0735745]},"type":"Feature","properties":{"natural":"tree","leaf_type":"broadleaved","kod_drevin":"2 Listnatý","kod_sprav":"59 Technická správa komunikací hl. m. Prahy, a.s.","id_strom":"70809","aktualizace":"2026-08-05","globalid":"{28C14682-DCF4-4140-BCCD-DAD08BB73EF1}"}},{"geometry":{"type":"Point","coordinates":[14.4445787,50.0735712]},"type":"Feature","properties":{"natural":"tree","leaf_type":"broadleaved","kod_drevin":"2 Listnatý","kod_sprav":"59 Technická správa komunikací hl. m. Prahy, a.s.","id_strom":"70810","aktualizace":"2026-08-05","globalid":"{594A7AA6-ABAA-4645-AA8B-E44001AAE82C}"}},{"geometry":{"type":"Point","coordinates":[14.4444763,50.0735722]},"type":"Feature","properties":{"natural":"tree","leaf_type":"broadleaved","kod_drevin":"2 Listnatý","kod_sprav":"59 Technická správa komunikací hl. m. Prahy, a.s.","id_strom":"70811","aktualizace":"2026-08-05","globalid":"{F225EE33-1981-41A2-AF28-20B10CEB3E90}"}},{"geometry":{"type":"Point","coordinates":[14.4446567,50.0734733]},"type":"Feature","properties":{"natural":"tree","leaf_type":"broadleaved","kod_drevin":"2 Listnatý","kod_sprav":"59 Technická správa komunikací hl. m. Prahy, a.s.","id_strom":"70812","aktualizace":"2026-08-05","globalid":"{D74CD33A-CEA5-4671-957B-E4EAE572E0A9}"}},{"geometry":{"type":"Point","coordinates":[14.4445513,50.073477]},"type":"Feature","properties":{"natural":"tree","leaf_type":"broadleaved","kod_drevin":"2 Listnatý","kod_sprav":"59 Technická správa komunikací hl. m. Prahy, a.s.","id_strom":"70813","aktualizace":"2026-08-05","globalid":"{282F0DFA-B084-4A16-BEF2-26F292F3615F}"}},{"geometry":{"type":"Point","coordinates":[14.4417926,50.071775]},"type":"Feature","properties":{"natural":"tree","leaf_type":"broadleaved","kod_drevin":"2 Listnatý","kod_sprav":"59 Technická správa komunikací hl. m. Prahy, a.s.","id_strom":"71859","aktualizace":"2026-08-05","globalid":"{68B0AAC7-E058-41BE-99C9-269839C135FC}"}},{"geometry":{"type":"Point","coordinates":[14.4423392,50.0721759]},"type":"Feature","properties":{"natural":"tree","leaf_type":"needleleaved","kod_drevin":"1 Jehličnatý","kod_sprav":"59 Technická správa komunikací hl. m. Prahy, a.s.","id_strom":"71860","aktualizace":"2026-08-05","globalid":"{7A90C60D-EF99-488B-A78A-D3DD5F4AE5E8}"}},{"geometry":{"type":"Point","coordinates":[14.4424349,50.0722196]},"type":"Feature","properties":{"natural":"tree","leaf_type":"needleleaved","kod_drevin":"1 Jehličnatý","kod_sprav":"59 Technická správa komunikací hl. m. Prahy, a.s.","id_strom":"71861","aktualizace":"2026-08-05","globalid":"{11453FDE-9565-4006-BB50-04764215E0C0}"}},{"geometry":{"type":"Point","coordinates":[14.4421817,50.0721122]},"type":"Feature","properties":{"natural":"tree","leaf_type":"needleleaved","kod_drevin":"1 Jehličnatý","kod_sprav":"59 Technická správa komunikací hl. m. Prahy, a.s.","id_strom":"71862","aktualizace":"2026-08-05","globalid":"{62980277-26AB-4DEE-BA06-09D089B441D9}"}},{"geometry":{"type":"Point","coordinates":[14.4420232,50.0720367]},"type":"Feature","properties":{"natural":"tree","leaf_type":"needleleaved","kod_drevin":"1 Jehličnatý","kod_sprav":"59 Technická správa komunikací hl. m. Prahy, a.s.","id_strom":"71863","aktualizace":"2026-08-05","globalid":"{FAE6A922-CC19-4D01-B1C8-813A35EC7A5F}"}},{"geometry":{"type":"Point","coordinates":[14.4411153,50.071739]},"type":"Feature","properties":{"natural":"tree","leaf_type":"needleleaved","kod_drevin":"1 Jehličnatý","kod_sprav":"59 Technická správa komunikací hl. m. Prahy, a.s.","id_strom":"71864","aktualizace":"2026-08-05","globalid":"{C13F0302-F8D9-4382-A24F-F619D05701D8}"}},{"geometry":{"type":"Point","coordinates":[14.4407749,50.0715838]},"type":"Feature","properties":{"natural":"tree","leaf_type":"needleleaved","kod_drevin":"1 Jehličnatý","kod_sprav":"59 Technická správa komunikací hl. m. Prahy, a.s.","id_strom":"71866","aktualizace":"2026-08-05","globalid":"{EDD69BCD-FBDB-4529-9ACE-AF76A44F6CC2}"}},{"geometry":{"type":"Point","coordinates":[14.4406856,50.071542]},"type":"Feature","properties":{"natural":"tree","leaf_type":"needleleaved","kod_drevin":"1 Jehličnatý","kod_sprav":"59 Technická správa komunikací hl. m. Prahy, a.s.","id_strom":"71868","aktualizace":"2026-08-05","globalid":"{EA6592D1-C9E9-4992-BBD6-F8B922DE327F}"}},{"geometry":{"type":"Point","coordinates":[14.4405072,50.0714619]},"type":"Feature","properties":{"natural":"tree","leaf_type":"broadleaved","kod_drevin":"2 Listnatý","kod_sprav":"59 Technická správa komunikací hl. m. Prahy, a.s.","id_strom":"71869","aktualizace":"2026-08-05","globalid":"{268F680E-2842-4A87-BA97-8E935C42B0C3}"}},{"geometry":{"type":"Point","coordinates":[14.4407252,50.0713284]},"type":"Feature","properties":{"natural":"tree","leaf_type":"broadleaved","kod_drevin":"2 Listnatý","kod_sprav":"59 Technická správa komunikací hl. m. Prahy, a.s.","id_strom":"71870","aktualizace":"2026-08-05","globalid":"{54170724-B8EB-416C-AADB-3E8CD167875A}"}},{"geometry":{"type":"Point","coordinates":[14.4407869,50.0712772]},"type":"Feature","properties":{"natural":"tree","leaf_type":"broadleaved","kod_drevin":"2 Listnatý","kod_sprav":"59 Technická správa komunikací hl. m. Prahy, a.s.","id_strom":"71871","aktualizace":"2026-08-05","globalid":"{ADD368DF-632A-4608-B868-9F6843891ABF}"}},{"geometry":{"type":"Point","coordinates":[14.4408402,50.0712232]},"type":"Feature","properties":{"natural":"tree","leaf_type":"broadleaved","kod_drevin":"2 Listnatý","kod_sprav":"59 Technická správa komunikací hl. m. Prahy, a.s.","id_strom":"71872","aktualizace":"2026-08-05","globalid":"{F93003DC-5B46-4551-8C67-9FD59EF5FE5C}"}},{"geometry":{"type":"Point","coordinates":[14.4443838,50.0735708]},"type":"Feature","properties":{"natural":"tree","leaf_type":"broadleaved","kod_drevin":"2 Listnatý","kod_sprav":"59 Technická správa komunikací hl. m. Prahy, a.s.","id_strom":"70814","aktualizace":"2026-08-05","globalid":"{A155C454-431D-4FB4-9B1B-9057B320A73C}"}},{"geometry":{"type":"Point","coordinates":[14.4442902,50.0735694]},"type":"Feature","properties":{"natural":"tree","leaf_type":"broadleaved","kod_drevin":"2 Listnatý","kod_sprav":"59 Technická správa komunikací hl. m. Prahy, a.s.","id_strom":"70815","aktualizace":"2026-08-05","globalid":"{F8AE3B97-EF79-4AF3-AA70-2A5F32E805B2}"}},{"geometry":{"type":"Point","coordinates":[14.4441995,50.0735707]},"type":"Feature","properties":{"natural":"tree","leaf_type":"broadleaved","kod_drevin":"2 Listnatý","kod_sprav":"59 Technická správa komunikací hl. m. Prahy, a.s.","id_strom":"70816","aktualizace":"2026-08-05","globalid":"{A2A5D2C5-17B0-4527-848D-9F46E5DA0C71}"}},{"geometry":{"type":"Point","coordinates":[14.4440925,50.0735704]},"type":"Feature","properties":{"natural":"tree","leaf_type":"broadleaved","kod_drevin":"2 Listnatý","kod_sprav":"59 Technická správa komunikací hl. m. Prahy, a.s.","id_strom":"70817","aktualizace":"2026-08-05","globalid":"{B224A484-68A6-4F35-BE53-24DCBD380319}"}},{"geometry":{"type":"Point","coordinates":[14.4440942,50.0734733]},"type":"Feature","properties":{"natural":"tree","leaf_type":"broadleaved","kod_drevin":"2 Listnatý","kod_sprav":"59 Technická správa komunikací hl. m. Prahy, a.s.","id_strom":"70818","aktualizace":"2026-08-05","globalid":"{CA69CDAC-F472-4D8C-8ED7-BEDBCB726492}"}},{"geometry":{"type":"Point","coordinates":[14.444218,50.0734727]},"type":"Feature","properties":{"natural":"tree","leaf_type":"broadleaved","kod_drevin":"2 Listnatý","kod_sprav":"59 Technická správa komunikací hl. m. Prahy, a.s.","id_strom":"70819","aktualizace":"2026-08-05","globalid":"{0EB78B90-54C1-4962-B6BC-CE328120272D}"}},{"geometry":{"type":"Point","coordinates":[14.4437907,50.0735689]},"type":"Feature","properties":{"natural":"tree","leaf_type":"broadleaved","kod_drevin":"2 Listnatý","kod_sprav":"59 Technická správa komunikací hl. m. Prahy, a.s.","id_strom":"70820","aktualizace":"2026-08-05","globalid":"{3DC8DF35-2A07-4965-A3AE-F7714259EABE}"}},{"geometry":{"type":"Point","coordinates":[14.4428314,50.0735633]},"type":"Feature","properties":{"natural":"tree","leaf_type":"broadleaved","kod_drevin":"2 Listnatý","kod_sprav":"59 Technická správa komunikací hl. m. Prahy, a.s.","id_strom":"70821","aktualizace":"2026-08-05","globalid":"{E3E7D74B-2366-452E-885D-FE62B8CFBA95}"}},{"geometry":{"type":"Point","coordinates":[14.4429123,50.0735617]},"type":"Feature","properties":{"natural":"tree","leaf_type":"broadleaved","kod_drevin":"2 Listnatý","kod_sprav":"59 Technická správa komunikací hl. m. Prahy, a.s.","id_strom":"70822","aktualizace":"2026-08-05","globalid":"{BC85790B-70EB-40E8-8DDF-F7B1EC6F99BF}"}},{"geometry":{"type":"Point","coordinates":[14.4440061,50.0742336]},"type":"Feature","properties":{"natural":"tree","leaf_type":"broadleaved","kod_drevin":"2 Listnatý","kod_sprav":"59 Technická správa komunikací hl. m. Prahy, a.s.","id_strom":"70824","aktualizace":"2026-08-05","globalid":"{79EA3AC1-A397-4E8A-BCF4-8C1003E9A589}"}},{"geometry":{"type":"Point","coordinates":[14.44386,50.0741917]},"type":"Feature","properties":{"natural":"tree","leaf_type":"broadleaved","kod_drevin":"2 Listnatý","kod_sprav":"59 Technická správa komunikací hl. m. Prahy, a.s.","id_strom":"70825","aktualizace":"2026-08-05","globalid":"{4EA96543-9ECF-4597-B367-D422DA245A79}"}},{"geometry":{"type":"Point","coordinates":[14.4438646,50.074128]},"type":"Feature","properties":{"natural":"tree","leaf_type":"broadleaved","kod_drevin":"2 Listnatý","kod_sprav":"59 Technická správa komunikací hl. m. Prahy, a.s.","id_strom":"70826","aktualizace":"2026-08-05","globalid":"{F663807D-3E34-40BA-82C5-CB44B0CE5A7B}"}},{"geometry":{"type":"Point","coordinates":[14.4438599,50.0740672]},"type":"Feature","properties":{"natural":"tree","leaf_type":"broadleaved","kod_drevin":"2 Listnatý","kod_sprav":"59 Technická správa komunikací hl. m. Prahy, a.s.","id_strom":"70827","aktualizace":"2026-08-05","globalid":"{368ED068-9C62-4666-BEF6-2CE5209F1402}"}},{"geometry":{"type":"Point","coordinates":[14.4440129,50.0740343]},"type":"Feature","properties":{"natural":"tree","leaf_type":"broadleaved","kod_drevin":"2 Listnatý","kod_sprav":"59 Technická správa komunikací hl. m. Prahy, a.s.","id_strom":"70828","aktualizace":"2026-08-05","globalid":"{232E3CAF-05DC-42EF-87BE-2508CDA3E252}"}},{"geometry":{"type":"Point","coordinates":[14.4440117,50.0739764]},"type":"Feature","properties":{"natural":"tree","leaf_type":"broadleaved","kod_drevin":"2 Listnatý","kod_sprav":"59 Technická správa komunikací hl. m. Prahy, a.s.","id_strom":"70830","aktualizace":"2026-08-05","globalid":"{1F1D0D24-9138-4762-9D81-0A5C46D20FE9}"}},{"geometry":{"type":"Point","coordinates":[14.4440172,50.0739327]},"type":"Feature","properties":{"natural":"tree","leaf_type":"broadleaved","kod_drevin":"2 Listnatý","kod_sprav":"59 Technická správa komunikací hl. m. Prahy, a.s.","id_strom":"70831","aktualizace":"2026-08-05","globalid":"{4DAAE15B-BD25-414E-872C-3B10A28CBD60}"}},{"geometry":{"type":"Point","coordinates":[14.444019,50.0736845]},"type":"Feature","properties":{"natural":"tree","leaf_type":"broadleaved","kod_drevin":"2 Listnatý","kod_sprav":"59 Technická správa komunikací hl. m. Prahy, a.s.","id_strom":"70833","aktualizace":"2026-08-05","globalid":"{599F2F65-3263-4FE9-A4AA-F32769BC1B57}"}},{"geometry":{"type":"Point","coordinates":[14.4438713,50.0736796]},"type":"Feature","properties":{"natural":"tree","leaf_type":"broadleaved","kod_drevin":"2 Listnatý","kod_sprav":"59 Technická správa komunikací hl. m. Prahy, a.s.","id_strom":"70834","aktualizace":"2026-08-05","globalid":"{7B6AB008-3763-4857-A038-27B9974C02E4}"}},{"geometry":{"type":"Point","coordinates":[14.4364255,50.0720716]},"type":"Feature","properties":{"natural":"tree","leaf_type":"broadleaved","kod_drevin":"2 Listnatý","kod_sprav":"59 Technická správa komunikací hl. m. Prahy, a.s.","id_strom":"71675","aktualizace":"2026-08-05","globalid":"{C7F104EC-E3B4-4508-8338-97D988373442}"}},{"geometry":{"type":"Point","coordinates":[14.4360891,50.0726374]},"type":"Feature","properties":{"natural":"tree","leaf_type":"broadleaved","kod_drevin":"2 Listnatý","kod_sprav":"59 Technická správa komunikací hl. m. Prahy, a.s.","id_strom":"71676","aktualizace":"2026-08-05","globalid":"{53DF21A4-F0AE-4350-869C-4BBC3056D440}"}},{"geometry":{"type":"Point","coordinates":[14.4361135,50.0725695]},"type":"Feature","properties":{"natural":"tree","leaf_type":"broadleaved","kod_drevin":"2 Listnatý","kod_sprav":"59 Technická správa komunikací hl. m. Prahy, a.s.","id_strom":"71677","aktualizace":"2026-08-05","globalid":"{CD7C469D-179F-49CA-8C59-562A30F61996}"}},{"geometry":{"type":"Point","coordinates":[14.4361817,50.0723714]},"type":"Feature","properties":{"natural":"tree","leaf_type":"broadleaved","kod_drevin":"2 Listnatý","kod_sprav":"59 Technická správa komunikací hl. m. Prahy, a.s.","id_strom":"71679","aktualizace":"2026-08-05","globalid":"{788731A6-3140-439A-B265-1075EFE91781}"}},{"geometry":{"type":"Point","coordinates":[14.4362414,50.0722057]},"type":"Feature","properties":{"natural":"tree","leaf_type":"broadleaved","kod_drevin":"2 Listnatý","kod_sprav":"59 Technická správa komunikací hl. m. Prahy, a.s.","id_strom":"71680","aktualizace":"2026-08-05","globalid":"{3C6A44C8-9BB8-4EA3-90F6-BC9C5CE46E42}"}},{"geometry":{"type":"Point","coordinates":[14.4408985,50.0711737]},"type":"Feature","properties":{"natural":"tree","leaf_type":"broadleaved","kod_drevin":"2 Listnatý","kod_sprav":"59 Technická správa komunikací hl. m. Prahy, a.s.","id_strom":"71873","aktualizace":"2026-08-05","globalid":"{DC34DE81-3591-466E-A760-4FC89D27A423}"}},{"geometry":{"type":"Point","coordinates":[14.4409389,50.0711311]},"type":"Feature","properties":{"natural":"tree","leaf_type":"broadleaved","kod_drevin":"2 Listnatý","kod_sprav":"59 Technická správa komunikací hl. m. Prahy, a.s.","id_strom":"71874","aktualizace":"2026-08-05","globalid":"{1FB940BA-90E4-4DF3-A7B5-B6065D75C664}"}},{"geometry":{"type":"Point","coordinates":[14.4410005,50.0710704]},"type":"Feature","properties":{"natural":"tree","leaf_type":"broadleaved","kod_drevin":"2 Listnatý","kod_sprav":"59 Technická správa komunikací hl. m. Prahy, a.s.","id_strom":"71875","aktualizace":"2026-08-05","globalid":"{C9D1C571-FE60-4C6A-AD95-85EFAF9DD126}"}},{"geometry":{"type":"Point","coordinates":[14.4412339,50.0711476]},"type":"Feature","properties":{"natural":"tree","leaf_type":"broadleaved","kod_drevin":"2 Listnatý","kod_sprav":"59 Technická správa komunikací hl. m. Prahy, a.s.","id_strom":"71876","aktualizace":"2026-08-05","globalid":"{284CDC93-1DBB-4A84-9FDD-58C9DEABBA53}"}},{"geometry":{"type":"Point","coordinates":[14.440991,50.0712721]},"type":"Feature","properties":{"natural":"tree","leaf_type":"broadleaved","kod_drevin":"2 Listnatý","kod_sprav":"59 Technická správa komunikací hl. m. Prahy, a.s.","id_strom":"71878","aktualizace":"2026-08-05","globalid":"{C7EB6974-EE40-4D1E-8BC2-660F35897573}"}},{"geometry":{"type":"Point","coordinates":[14.4410396,50.0712265]},"type":"Feature","properties":{"natural":"tree","leaf_type":"broadleaved","kod_drevin":"2 Listnatý","kod_sprav":"59 Technická správa komunikací hl. m. Prahy, a.s.","id_strom":"71879","aktualizace":"2026-08-05","globalid":"{B8415775-12FC-4C83-BA8A-3960D23431FF}"}},{"geometry":{"type":"Point","coordinates":[14.4410291,50.0711564]},"type":"Feature","properties":{"natural":"tree","leaf_type":"broadleaved","kod_drevin":"2 Listnatý","kod_sprav":"59 Technická správa komunikací hl. m. Prahy, a.s.","id_strom":"71880","aktualizace":"2026-08-05","globalid":"{F7106D75-6195-4BBC-AE45-8E8BE5F11BEA}"}},{"geometry":{"type":"Point","coordinates":[14.4408354,50.0713295]},"type":"Feature","properties":{"natural":"tree","leaf_type":"broadleaved","kod_drevin":"2 Listnatý","kod_sprav":"59 Technická správa komunikací hl. m. Prahy, a.s.","id_strom":"71881","aktualizace":"2026-08-05","globalid":"{26A6EEBF-7668-49EC-89E7-C6F2CC284108}"}},{"geometry":{"type":"Point","coordinates":[14.4410806,50.071111]},"type":"Feature","properties":{"natural":"tree","leaf_type":"broadleaved","kod_drevin":"2 Listnatý","kod_sprav":"59 Technická správa komunikací hl. m. Prahy, a.s.","id_strom":"71884","aktualizace":"2026-08-05","globalid":"{FB308F24-1549-4BE4-B10A-3BF6467E66D3}"}},{"geometry":{"type":"Point","coordinates":[14.4409646,50.070948]},"type":"Feature","properties":{"natural":"tree","leaf_type":"broadleaved","kod_drevin":"2 Listnatý","kod_sprav":"59 Technická správa komunikací hl. m. Prahy, a.s.","id_strom":"71885","aktualizace":"2026-08-05","globalid":"{F5BF0EDA-37C8-49CC-8C35-143BF813BD4D}"}},{"geometry":{"type":"Point","coordinates":[14.4406143,50.0707922]},"type":"Feature","properties":{"natural":"tree","leaf_type":"broadleaved","kod_drevin":"2 Listnatý","kod_sprav":"59 Technická správa komunikací hl. m. Prahy, a.s.","id_strom":"71887","aktualizace":"2026-08-05","globalid":"{478E4506-6EA0-422E-9530-67708BE27998}"}},{"geometry":{"type":"Point","coordinates":[14.4407501,50.0707504]},"type":"Feature","properties":{"natural":"tree","leaf_type":"broadleaved","kod_drevin":"2 Listnatý","kod_sprav":"59 Technická správa komunikací hl. m. Prahy, a.s.","id_strom":"71888","aktualizace":"2026-08-05","globalid":"{97045F42-317F-4F18-964C-C73DA9032B1C}"}},{"geometry":{"type":"Point","coordinates":[14.4364387,50.0720311]},"type":"Feature","properties":{"natural":"tree","leaf_type":"broadleaved","kod_drevin":"2 Listnatý","kod_sprav":"59 Technická správa komunikací hl. m. Prahy, a.s.","id_strom":"71684","aktualizace":"2026-08-05","globalid":"{D247C29E-7133-4AF4-A6F6-5A24C6EE8741}"}},{"geometry":{"type":"Point","coordinates":[14.4363584,50.071888]},"type":"Feature","properties":{"natural":"tree","leaf_type":"broadleaved","kod_drevin":"2 Listnatý","kod_sprav":"59 Technická správa komunikací hl. m. Prahy, a.s.","id_strom":"71687","aktualizace":"2026-08-05","globalid":"{B49D520C-5DEC-4D74-AABA-BE12FE23E69D}"}},{"geometry":{"type":"Point","coordinates":[14.4412943,50.0753888]},"type":"Feature","properties":{"natural":"tree","leaf_type":"broadleaved","kod_drevin":"2 Listnatý","kod_sprav":"59 Technická správa komunikací hl. m. Prahy, a.s.","id_strom":"69795","aktualizace":"2026-08-05","globalid":"{0955DA62-ECDC-41BA-97D5-077ACA1191A4}"}},{"geometry":{"type":"Point","coordinates":[14.4413764,50.0753937]},"type":"Feature","properties":{"natural":"tree","leaf_type":"broadleaved","kod_drevin":"2 Listnatý","kod_sprav":"59 Technická správa komunikací hl. m. Prahy, a.s.","id_strom":"69796","aktualizace":"2026-08-05","globalid":"{265A7666-52A9-438E-B8DB-D61EC57448BC}"}},{"geometry":{"type":"Point","coordinates":[14.4414208,50.0752577]},"type":"Feature","properties":{"natural":"tree","leaf_type":"broadleaved","kod_drevin":"2 Listnatý","kod_sprav":"59 Technická správa komunikací hl. m. Prahy, a.s.","id_strom":"69799","aktualizace":"2026-08-05","globalid":"{CC1EA418-3B88-457E-A38F-3CC3EA4E1BCC}"}},{"geometry":{"type":"Point","coordinates":[14.441326,50.0752581]},"type":"Feature","properties":{"natural":"tree","leaf_type":"broadleaved","kod_drevin":"2 Listnatý","kod_sprav":"59 Technická správa komunikací hl. m. Prahy, a.s.","id_strom":"69800","aktualizace":"2026-08-05","globalid":"{9ED78C03-1407-4729-BDA4-2DCA66630FD4}"}},{"geometry":{"type":"Point","coordinates":[14.4412227,50.0752556]},"type":"Feature","properties":{"natural":"tree","leaf_type":"broadleaved","kod_drevin":"2 Listnatý","kod_sprav":"59 Technická správa komunikací hl. m. Prahy, a.s.","id_strom":"69801","aktualizace":"2026-08-05","globalid":"{FF87CC0B-76EB-454F-B24D-2CD4BC12F8BA}"}},{"geometry":{"type":"Point","coordinates":[14.4420794,50.0752052]},"type":"Feature","properties":{"natural":"tree","leaf_type":"broadleaved","kod_drevin":"2 Listnatý","kod_sprav":"59 Technická správa komunikací hl. m. Prahy, a.s.","id_strom":"69802","aktualizace":"2026-08-05","globalid":"{9EBCA266-BA07-4CA4-939F-A92C1629F04B}"}},{"geometry":{"type":"Point","coordinates":[14.441933,50.0752102]},"type":"Feature","properties":{"natural":"tree","leaf_type":"broadleaved","kod_drevin":"2 Listnatý","kod_sprav":"59 Technická správa komunikací hl. m. Prahy, a.s.","id_strom":"69804","aktualizace":"2026-08-05","globalid":"{87591DEA-50E8-42BD-980B-C7F8610CFC58}"}},{"geometry":{"type":"Point","coordinates":[14.442081,50.0751422]},"type":"Feature","properties":{"natural":"tree","leaf_type":"broadleaved","kod_drevin":"2 Listnatý","kod_sprav":"59 Technická správa komunikací hl. m. Prahy, a.s.","id_strom":"69805","aktualizace":"2026-08-05","globalid":"{27948B83-D83C-4BE0-8DBA-E3DB2FE3BF94}"}},{"geometry":{"type":"Point","coordinates":[14.4419293,50.0751298]},"type":"Feature","properties":{"natural":"tree","leaf_type":"broadleaved","kod_drevin":"2 Listnatý","kod_sprav":"59 Technická správa komunikací hl. m. Prahy, a.s.","id_strom":"69806","aktualizace":"2026-08-05","globalid":"{026E01E6-3647-4885-B0C4-20760E793210}"}},{"geometry":{"type":"Point","coordinates":[14.4420818,50.0750839]},"type":"Feature","properties":{"natural":"tree","leaf_type":"broadleaved","kod_drevin":"2 Listnatý","kod_sprav":"59 Technická správa komunikací hl. m. Prahy, a.s.","id_strom":"69807","aktualizace":"2026-08-05","globalid":"{96C95F38-E9D8-4EEF-A701-AE0BC709C42D}"}},{"geometry":{"type":"Point","coordinates":[14.4419318,50.0750666]},"type":"Feature","properties":{"natural":"tree","leaf_type":"broadleaved","kod_drevin":"2 Listnatý","kod_sprav":"59 Technická správa komunikací hl. m. Prahy, a.s.","id_strom":"69808","aktualizace":"2026-08-05","globalid":"{D370815C-1D9F-4E78-A752-03A2E6453BFD}"}},{"geometry":{"type":"Point","coordinates":[14.4420828,50.0750196]},"type":"Feature","properties":{"natural":"tree","leaf_type":"broadleaved","kod_drevin":"2 Listnatý","kod_sprav":"59 Technická správa komunikací hl. m. Prahy, a.s.","id_strom":"69809","aktualizace":"2026-08-05","globalid":"{1AEC9796-38A6-4DF5-B153-873EDF7CC8A0}"}},{"geometry":{"type":"Point","coordinates":[14.4419341,50.0750073]},"type":"Feature","properties":{"natural":"tree","leaf_type":"broadleaved","kod_drevin":"2 Listnatý","kod_sprav":"59 Technická správa komunikací hl. m. Prahy, a.s.","id_strom":"69810","aktualizace":"2026-08-05","globalid":"{07905723-64A7-4984-AB9E-CDB6FB2F6BD3}"}},{"geometry":{"type":"Point","coordinates":[14.4419354,50.0749425]},"type":"Feature","properties":{"natural":"tree","leaf_type":"broadleaved","kod_drevin":"2 Listnatý","kod_sprav":"59 Technická správa komunikací hl. m. Prahy, a.s.","id_strom":"69811","aktualizace":"2026-08-05","globalid":"{082E2CB7-E04E-434C-87B4-472AFF835D37}"}},{"geometry":{"type":"Point","coordinates":[14.4420854,50.0748963]},"type":"Feature","properties":{"natural":"tree","leaf_type":"broadleaved","kod_drevin":"2 Listnatý","kod_sprav":"59 Technická správa komunikací hl. m. Prahy, a.s.","id_strom":"69812","aktualizace":"2026-08-05","globalid":"{1D8F4E73-B90F-46EA-AD17-1324E1AD3CB5}"}},{"geometry":{"type":"Point","coordinates":[14.4419373,50.0748776]},"type":"Feature","properties":{"natural":"tree","leaf_type":"broadleaved","kod_drevin":"2 Listnatý","kod_sprav":"59 Technická správa komunikací hl. m. Prahy, a.s.","id_strom":"69813","aktualizace":"2026-08-05","globalid":"{94636742-80E6-496E-9EBC-9DC18B3135EC}"}},{"geometry":{"type":"Point","coordinates":[14.4420855,50.0748337]},"type":"Feature","properties":{"natural":"tree","leaf_type":"broadleaved","kod_drevin":"2 Listnatý","kod_sprav":"59 Technická správa komunikací hl. m. Prahy, a.s.","id_strom":"69814","aktualizace":"2026-08-05","globalid":"{24AB27E5-852A-435D-9855-ECA1945CB7BF}"}},{"geometry":{"type":"Point","coordinates":[14.4419375,50.0747529]},"type":"Feature","properties":{"natural":"tree","leaf_type":"broadleaved","kod_drevin":"2 Listnatý","kod_sprav":"59 Technická správa komunikací hl. m. Prahy, a.s.","id_strom":"69815","aktualizace":"2026-08-05","globalid":"{60B0010E-07CC-42FA-A5F3-CDD285ED09E2}"}},{"geometry":{"type":"Point","coordinates":[14.4419368,50.0746901]},"type":"Feature","properties":{"natural":"tree","leaf_type":"broadleaved","kod_drevin":"2 Listnatý","kod_sprav":"59 Technická správa komunikací hl. m. Prahy, a.s.","id_strom":"69816","aktualizace":"2026-08-05","globalid":"{59FC87A6-5A5F-457D-BC32-FF30F0FB2BE1}"}},{"geometry":{"type":"Point","coordinates":[14.4420852,50.0747102]},"type":"Feature","properties":{"natural":"tree","leaf_type":"broadleaved","kod_drevin":"2 Listnatý","kod_sprav":"59 Technická správa komunikací hl. m. Prahy, a.s.","id_strom":"69817","aktualizace":"2026-08-05","globalid":"{D52BE50D-27B3-4F1D-851B-460A5063CA5F}"}},{"geometry":{"type":"Point","coordinates":[14.4419383,50.0746274]},"type":"Feature","properties":{"natural":"tree","leaf_type":"broadleaved","kod_drevin":"2 Listnatý","kod_sprav":"59 Technická správa komunikací hl. m. Prahy, a.s.","id_strom":"69818","aktualizace":"2026-08-05","globalid":"{1053AE80-0CEE-428F-8275-947153DC7E26}"}},{"geometry":{"type":"Point","coordinates":[14.4420901,50.0746433]},"type":"Feature","properties":{"natural":"tree","leaf_type":"broadleaved","kod_drevin":"2 Listnatý","kod_sprav":"59 Technická správa komunikací hl. m. Prahy, a.s.","id_strom":"69819","aktualizace":"2026-08-05","globalid":"{283C4FCE-DCAB-4CF3-989B-664A72C96492}"}},{"geometry":{"type":"Point","coordinates":[14.4419421,50.0745629]},"type":"Feature","properties":{"natural":"tree","leaf_type":"broadleaved","kod_drevin":"2 Listnatý","kod_sprav":"59 Technická správa komunikací hl. m. Prahy, a.s.","id_strom":"69820","aktualizace":"2026-08-05","globalid":"{A8711131-C0FF-4567-A771-FC43D44E6AA0}"}},{"geometry":{"type":"Point","coordinates":[14.4419422,50.0745066]},"type":"Feature","properties":{"natural":"tree","leaf_type":"broadleaved","kod_drevin":"2 Listnatý","kod_sprav":"59 Technická správa komunikací hl. m. Prahy, a.s.","id_strom":"69821","aktualizace":"2026-08-05","globalid":"{19CBC1B0-7C86-45BA-8DEE-4C235E99CFB1}"}},{"geometry":{"type":"Point","coordinates":[14.4420938,50.0745802]},"type":"Feature","properties":{"natural":"tree","leaf_type":"broadleaved","kod_drevin":"2 Listnatý","kod_sprav":"59 Technická správa komunikací hl. m. Prahy, a.s.","id_strom":"69822","aktualizace":"2026-08-05","globalid":"{E6B6D53F-F78E-4607-879E-D0FFA150F287}"}},{"geometry":{"type":"Point","coordinates":[14.4420938,50.0745215]},"type":"Feature","properties":{"natural":"tree","leaf_type":"broadleaved","kod_drevin":"2 Listnatý","kod_sprav":"59 Technická správa komunikací hl. m. Prahy, a.s.","id_strom":"69823","aktualizace":"2026-08-05","globalid":"{5F1C135F-95E4-47C1-A498-501A0EE4C9FD}"}},{"geometry":{"type":"Point","coordinates":[14.4422496,50.0753943]},"type":"Feature","properties":{"natural":"tree","leaf_type":"broadleaved","kod_drevin":"2 Listnatý","kod_sprav":"59 Technická správa komunikací hl. m. Prahy, a.s.","id_strom":"69824","aktualizace":"2026-08-05","globalid":"{1A532475-AB68-49AB-85B7-72F45B9F1C4B}"}},{"geometry":{"type":"Point","coordinates":[14.4423468,50.0753952]},"type":"Feature","properties":{"natural":"tree","leaf_type":"broadleaved","kod_drevin":"2 Listnatý","kod_sprav":"59 Technická správa komunikací hl. m. Prahy, a.s.","id_strom":"69825","aktualizace":"2026-08-05","globalid":"{5AA071B2-CDE0-4FFF-86CD-ECC3B69BD673}"}},{"geometry":{"type":"Point","coordinates":[14.4424414,50.075395]},"type":"Feature","properties":{"natural":"tree","leaf_type":"broadleaved","kod_drevin":"2 Listnatý","kod_sprav":"59 Technická správa komunikací hl. m. Prahy, a.s.","id_strom":"69826","aktualizace":"2026-08-05","globalid":"{2B0DFD4E-E9D3-4710-B5ED-2A739056CA85}"}},{"geometry":{"type":"Point","coordinates":[14.4423544,50.0752656]},"type":"Feature","properties":{"natural":"tree","leaf_type":"broadleaved","kod_drevin":"2 Listnatý","kod_sprav":"59 Technická správa komunikací hl. m. Prahy, a.s.","id_strom":"69827","aktualizace":"2026-08-05","globalid":"{D29E43FE-899E-43B7-9A8D-9C646E141A1C}"}},{"geometry":{"type":"Point","coordinates":[14.4424422,50.0752664]},"type":"Feature","properties":{"natural":"tree","leaf_type":"broadleaved","kod_drevin":"2 Listnatý","kod_sprav":"59 Technická správa komunikací hl. m. Prahy, a.s.","id_strom":"69828","aktualizace":"2026-08-05","globalid":"{A21C3043-11BD-4469-8BF9-6119E284CE56}"}},{"geometry":{"type":"Point","coordinates":[14.4426243,50.0753991]},"type":"Feature","properties":{"natural":"tree","leaf_type":"broadleaved","kod_drevin":"2 Listnatý","kod_sprav":"59 Technická správa komunikací hl. m. Prahy, a.s.","id_strom":"69829","aktualizace":"2026-08-05","globalid":"{89FD4941-58C8-4A3F-A774-71FB75359875}"}},{"geometry":{"type":"Point","coordinates":[14.4428209,50.0753959]},"type":"Feature","properties":{"natural":"tree","leaf_type":"broadleaved","kod_drevin":"2 Listnatý","kod_sprav":"59 Technická správa komunikací hl. m. Prahy, a.s.","id_strom":"69830","aktualizace":"2026-08-05","globalid":"{18DA8BEE-6B72-4955-9CC2-ED11D88E68CF}"}},{"geometry":{"type":"Point","coordinates":[14.4427447,50.0752693]},"type":"Feature","properties":{"natural":"tree","leaf_type":"broadleaved","kod_drevin":"2 Listnatý","kod_sprav":"59 Technická správa komunikací hl. m. Prahy, a.s.","id_strom":"69831","aktualizace":"2026-08-05","globalid":"{7F6BBB79-8138-49C1-A19E-31C1BB835657}"}},{"geometry":{"type":"Point","coordinates":[14.4434999,50.0752733]},"type":"Feature","properties":{"natural":"tree","leaf_type":"broadleaved","kod_drevin":"2 Listnatý","kod_sprav":"59 Technická správa komunikací hl. m. Prahy, a.s.","id_strom":"69834","aktualizace":"2026-08-05","globalid":"{10BD3064-0EEA-4FE8-BF68-2663EC7DBFEA}"}},{"geometry":{"type":"Point","coordinates":[14.4431963,50.0752722]},"type":"Feature","properties":{"natural":"tree","leaf_type":"broadleaved","kod_drevin":"2 Listnatý","kod_sprav":"59 Technická správa komunikací hl. m. Prahy, a.s.","id_strom":"69835","aktualizace":"2026-08-05","globalid":"{97C47143-221E-4CF1-8787-66EB56560313}"}},{"geometry":{"type":"Point","coordinates":[14.4437022,50.0754052]},"type":"Feature","properties":{"natural":"tree","leaf_type":"broadleaved","kod_drevin":"2 Listnatý","kod_sprav":"59 Technická správa komunikací hl. m. Prahy, a.s.","id_strom":"69836","aktualizace":"2026-08-05","globalid":"{7D13CB87-4846-47AA-B106-DEA53EBB1543}"}},{"geometry":{"type":"Point","coordinates":[14.4436128,50.0754059]},"type":"Feature","properties":{"natural":"tree","leaf_type":"broadleaved","kod_drevin":"2 Listnatý","kod_sprav":"59 Technická správa komunikací hl. m. Prahy, a.s.","id_strom":"69837","aktualizace":"2026-08-05","globalid":"{E2632F57-C931-4876-8591-1292889B6ADA}"}},{"geometry":{"type":"Point","coordinates":[14.4433119,50.0754044]},"type":"Feature","properties":{"natural":"tree","leaf_type":"broadleaved","kod_drevin":"2 Listnatý","kod_sprav":"59 Technická správa komunikací hl. m. Prahy, a.s.","id_strom":"69838","aktualizace":"2026-08-05","globalid":"{91C39BD8-2FE8-487B-8DEC-8FBF06F60E79}"}},{"geometry":{"type":"Point","coordinates":[14.4432299,50.0754021]},"type":"Feature","properties":{"natural":"tree","leaf_type":"broadleaved","kod_drevin":"2 Listnatý","kod_sprav":"59 Technická správa komunikací hl. m. Prahy, a.s.","id_strom":"69839","aktualizace":"2026-08-05","globalid":"{7B490858-45B8-4878-AD52-8F7DB30BB6CE}"}},{"geometry":{"type":"Point","coordinates":[14.4430356,50.0754012]},"type":"Feature","properties":{"natural":"tree","leaf_type":"broadleaved","kod_drevin":"2 Listnatý","kod_sprav":"59 Technická správa komunikací hl. m. Prahy, a.s.","id_strom":"69841","aktualizace":"2026-08-05","globalid":"{F648CBFC-E5D6-44E5-BB79-40A3B6E0B380}"}},{"geometry":{"type":"Point","coordinates":[14.4453137,50.0754145]},"type":"Feature","properties":{"natural":"tree","leaf_type":"broadleaved","kod_drevin":"2 Listnatý","kod_sprav":"59 Technická správa komunikací hl. m. Prahy, a.s.","id_strom":"69843","aktualizace":"2026-08-05","globalid":"{524210F2-5420-4BEB-9FD6-35D3A27C5F55}"}},{"geometry":{"type":"Point","coordinates":[14.4455433,50.0754163]},"type":"Feature","properties":{"natural":"tree","leaf_type":"broadleaved","kod_drevin":"2 Listnatý","kod_sprav":"59 Technická správa komunikací hl. m. Prahy, a.s.","id_strom":"69844","aktualizace":"2026-08-05","globalid":"{4BF77A1B-54C0-43D6-9B76-FD5702E18978}"}},{"geometry":{"type":"Point","coordinates":[14.4451143,50.0754125]},"type":"Feature","properties":{"natural":"tree","leaf_type":"broadleaved","kod_drevin":"2 Listnatý","kod_sprav":"59 Technická správa komunikací hl. m. Prahy, a.s.","id_strom":"69845","aktualizace":"2026-08-05","globalid":"{FEEF2CB1-95C0-44A2-AC05-2B36B8DF7151}"}},{"geometry":{"type":"Point","coordinates":[14.4452136,50.0754153]},"type":"Feature","properties":{"natural":"tree","leaf_type":"broadleaved","kod_drevin":"2 Listnatý","kod_sprav":"59 Technická správa komunikací hl. m. Prahy, a.s.","id_strom":"69846","aktualizace":"2026-08-05","globalid":"{6F1C7072-3ADD-42A4-A008-D1963A76F273}"}},{"geometry":{"type":"Point","coordinates":[14.4450108,50.0754103]},"type":"Feature","properties":{"natural":"tree","leaf_type":"broadleaved","kod_drevin":"2 Listnatý","kod_sprav":"59 Technická správa komunikací hl. m. Prahy, a.s.","id_strom":"69847","aktualizace":"2026-08-05","globalid":"{817CC63F-970C-4574-B799-D1D45A744C9E}"}},{"geometry":{"type":"Point","coordinates":[14.4449089,50.0754132]},"type":"Feature","properties":{"natural":"tree","leaf_type":"broadleaved","kod_drevin":"2 Listnatý","kod_sprav":"59 Technická správa komunikací hl. m. Prahy, a.s.","id_strom":"69848","aktualizace":"2026-08-05","globalid":"{E4E224A7-C91A-4EB3-A80D-809044D75DE2}"}},{"geometry":{"type":"Point","coordinates":[14.4447069,50.0754108]},"type":"Feature","properties":{"natural":"tree","leaf_type":"broadleaved","kod_drevin":"2 Listnatý","kod_sprav":"59 Technická správa komunikací hl. m. Prahy, a.s.","id_strom":"69849","aktualizace":"2026-08-05","globalid":"{626B97C3-56C5-4C9D-866D-0EA2AC735DBA}"}},{"geometry":{"type":"Point","coordinates":[14.4446085,50.07541]},"type":"Feature","properties":{"natural":"tree","leaf_type":"broadleaved","kod_drevin":"2 Listnatý","kod_sprav":"59 Technická správa komunikací hl. m. Prahy, a.s.","id_strom":"69850","aktualizace":"2026-08-05","globalid":"{BA952C8D-B0CB-44AF-B68C-A6616E0D9791}"}},{"geometry":{"type":"Point","coordinates":[14.4445037,50.0754083]},"type":"Feature","properties":{"natural":"tree","leaf_type":"broadleaved","kod_drevin":"2 Listnatý","kod_sprav":"59 Technická správa komunikací hl. m. Prahy, a.s.","id_strom":"69851","aktualizace":"2026-08-05","globalid":"{CCC35F9A-982A-4B24-821A-1A6A2293B838}"}},{"geometry":{"type":"Point","coordinates":[14.4444022,50.0754088]},"type":"Feature","properties":{"natural":"tree","leaf_type":"broadleaved","kod_drevin":"2 Listnatý","kod_sprav":"59 Technická správa komunikací hl. m. Prahy, a.s.","id_strom":"69852","aktualizace":"2026-08-05","globalid":"{D6D9B8DE-233C-4090-8E14-FE3E8EB904A4}"}},{"geometry":{"type":"Point","coordinates":[14.4456448,50.075284]},"type":"Feature","properties":{"natural":"tree","leaf_type":"broadleaved","kod_drevin":"2 Listnatý","kod_sprav":"59 Technická správa komunikací hl. m. Prahy, a.s.","id_strom":"69853","aktualizace":"2026-08-05","globalid":"{800CD8E8-5080-4992-82BB-66AEAEC1D6BC}"}},{"geometry":{"type":"Point","coordinates":[14.4455642,50.0752834]},"type":"Feature","properties":{"natural":"tree","leaf_type":"broadleaved","kod_drevin":"2 Listnatý","kod_sprav":"59 Technická správa komunikací hl. m. Prahy, a.s.","id_strom":"69854","aktualizace":"2026-08-05","globalid":"{5FFDB6FD-5604-4434-ADA7-DAE6F42BB013}"}},{"geometry":{"type":"Point","coordinates":[14.4452627,50.0752811]},"type":"Feature","properties":{"natural":"tree","leaf_type":"broadleaved","kod_drevin":"2 Listnatý","kod_sprav":"59 Technická správa komunikací hl. m. Prahy, a.s.","id_strom":"69856","aktualizace":"2026-08-05","globalid":"{C9C474C9-0190-4D97-8680-02E7A40A4E72}"}},{"geometry":{"type":"Point","coordinates":[14.4451714,50.0752821]},"type":"Feature","properties":{"natural":"tree","leaf_type":"broadleaved","kod_drevin":"2 Listnatý","kod_sprav":"59 Technická správa komunikací hl. m. Prahy, a.s.","id_strom":"69857","aktualizace":"2026-08-05","globalid":"{6EEA2D96-864D-43C0-B956-03877EDD1C82}"}},{"geometry":{"type":"Point","coordinates":[14.444677,50.0752779]},"type":"Feature","properties":{"natural":"tree","leaf_type":"broadleaved","kod_drevin":"2 Listnatý","kod_sprav":"59 Technická správa komunikací hl. m. Prahy, a.s.","id_strom":"69861","aktualizace":"2026-08-05","globalid":"{9D87EBB2-31A8-41CA-9C68-31BF7EB234E9}"}},{"geometry":{"type":"Point","coordinates":[14.4401356,50.0753805]},"type":"Feature","properties":{"natural":"tree","leaf_type":"broadleaved","kod_drevin":"2 Listnatý","kod_sprav":"59 Technická správa komunikací hl. m. Prahy, a.s.","id_strom":"69764","aktualizace":"2026-08-05","globalid":"{EFBAEDEB-6C2D-4557-A4AB-85B6406752F2}"}},{"geometry":{"type":"Point","coordinates":[14.4401908,50.0752527]},"type":"Feature","properties":{"natural":"tree","leaf_type":"broadleaved","kod_drevin":"2 Listnatý","kod_sprav":"59 Technická správa komunikací hl. m. Prahy, a.s.","id_strom":"69765","aktualizace":"2026-08-05","globalid":"{FDCAB96F-DD75-44BB-A317-7A05CFB52EE8}"}},{"geometry":{"type":"Point","coordinates":[14.4402248,50.0753827]},"type":"Feature","properties":{"natural":"tree","leaf_type":"broadleaved","kod_drevin":"2 Listnatý","kod_sprav":"59 Technická správa komunikací hl. m. Prahy, a.s.","id_strom":"69766","aktualizace":"2026-08-05","globalid":"{B454D3A0-8DE0-4D5F-B455-4EC809EFF860}"}},{"geometry":{"type":"Point","coordinates":[14.4403201,50.0753833]},"type":"Feature","properties":{"natural":"tree","leaf_type":"broadleaved","kod_drevin":"2 Listnatý","kod_sprav":"59 Technická správa komunikací hl. m. Prahy, a.s.","id_strom":"69767","aktualizace":"2026-08-05","globalid":"{D27F35C8-AF5A-428A-A5F7-5B96194EC205}"}},{"geometry":{"type":"Point","coordinates":[14.4400443,50.0752525]},"type":"Feature","properties":{"natural":"tree","leaf_type":"broadleaved","kod_drevin":"2 Listnatý","kod_sprav":"59 Technická správa komunikací hl. m. Prahy, a.s.","id_strom":"69768","aktualizace":"2026-08-05","globalid":"{60B77F47-4BC3-4C06-BA19-24AF5C46B0AD}"}},{"geometry":{"type":"Point","coordinates":[14.4402668,50.0752525]},"type":"Feature","properties":{"natural":"tree","leaf_type":"broadleaved","kod_drevin":"2 Listnatý","kod_sprav":"59 Technická správa komunikací hl. m. Prahy, a.s.","id_strom":"69769","aktualizace":"2026-08-05","globalid":"{517B9E5D-32AA-476B-B6CC-8B055F275422}"}},{"geometry":{"type":"Point","coordinates":[14.4404029,50.0752544]},"type":"Feature","properties":{"natural":"tree","leaf_type":"broadleaved","kod_drevin":"2 Listnatý","kod_sprav":"59 Technická správa komunikací hl. m. Prahy, a.s.","id_strom":"69770","aktualizace":"2026-08-05","globalid":"{AEA0587D-B28F-4087-A317-803E1744A36A}"}},{"geometry":{"type":"Point","coordinates":[14.4404717,50.0755347]},"type":"Feature","properties":{"natural":"tree","leaf_type":"broadleaved","kod_drevin":"2 Listnatý","kod_sprav":"59 Technická správa komunikací hl. m. Prahy, a.s.","id_strom":"69772","aktualizace":"2026-08-05","globalid":"{51694119-D8BD-4049-A308-E9C5C6A044F3}"}},{"geometry":{"type":"Point","coordinates":[14.4406022,50.0756285]},"type":"Feature","properties":{"natural":"tree","leaf_type":"broadleaved","kod_drevin":"2 Listnatý","kod_sprav":"59 Technická správa komunikací hl. m. Prahy, a.s.","id_strom":"69774","aktualizace":"2026-08-05","globalid":"{BD2C1E6D-B019-482E-8D1E-9A85FF771875}"}},{"geometry":{"type":"Point","coordinates":[14.4406116,50.0752085]},"type":"Feature","properties":{"natural":"tree","leaf_type":"broadleaved","kod_drevin":"2 Listnatý","kod_sprav":"59 Technická správa komunikací hl. m. Prahy, a.s.","id_strom":"69775","aktualizace":"2026-08-05","globalid":"{B2F8E8BC-3866-45E5-84FD-094719671777}"}},{"geometry":{"type":"Point","coordinates":[14.4406161,50.0751016]},"type":"Feature","properties":{"natural":"tree","leaf_type":"broadleaved","kod_drevin":"2 Listnatý","kod_sprav":"59 Technická správa komunikací hl. m. Prahy, a.s.","id_strom":"69776","aktualizace":"2026-08-05","globalid":"{43D9386E-6CD4-4C5B-9E18-7F5472310458}"}},{"geometry":{"type":"Point","coordinates":[14.4406236,50.0748107]},"type":"Feature","properties":{"natural":"tree","leaf_type":"broadleaved","kod_drevin":"2 Listnatý","kod_sprav":"59 Technická správa komunikací hl. m. Prahy, a.s.","id_strom":"69779","aktualizace":"2026-08-05","globalid":"{CBFE215E-805E-486F-A3F4-09C498A48599}"}},{"geometry":{"type":"Point","coordinates":[14.4404821,50.074824]},"type":"Feature","properties":{"natural":"tree","leaf_type":"broadleaved","kod_drevin":"2 Listnatý","kod_sprav":"59 Technická správa komunikací hl. m. Prahy, a.s.","id_strom":"69780","aktualizace":"2026-08-05","globalid":"{9EDA6C09-8845-4D6B-A016-16A2EE127D5E}"}},{"geometry":{"type":"Point","coordinates":[14.4406206,50.0747616]},"type":"Feature","properties":{"natural":"tree","leaf_type":"broadleaved","kod_drevin":"2 Listnatý","kod_sprav":"59 Technická správa komunikací hl. m. Prahy, a.s.","id_strom":"69781","aktualizace":"2026-08-05","globalid":"{67BEB713-9FE4-4D0C-B8C2-34428222F60B}"}},{"geometry":{"type":"Point","coordinates":[14.440624,50.0747147]},"type":"Feature","properties":{"natural":"tree","leaf_type":"broadleaved","kod_drevin":"2 Listnatý","kod_sprav":"59 Technická správa komunikací hl. m. Prahy, a.s.","id_strom":"69782","aktualizace":"2026-08-05","globalid":"{718BD8DE-16EE-4137-AC90-427939515884}"}},{"geometry":{"type":"Point","coordinates":[14.4406232,50.0746624]},"type":"Feature","properties":{"natural":"tree","leaf_type":"broadleaved","kod_drevin":"2 Listnatý","kod_sprav":"59 Technická správa komunikací hl. m. Prahy, a.s.","id_strom":"69783","aktualizace":"2026-08-05","globalid":"{DFB8492F-E382-42C4-8E7E-AF2E5ECF575C}"}},{"geometry":{"type":"Point","coordinates":[14.4406264,50.0746095]},"type":"Feature","properties":{"natural":"tree","leaf_type":"broadleaved","kod_drevin":"2 Listnatý","kod_sprav":"59 Technická správa komunikací hl. m. Prahy, a.s.","id_strom":"69784","aktualizace":"2026-08-05","globalid":"{B8DFBB3C-CE6D-4FE6-9F1F-45FB7477AD92}"}},{"geometry":{"type":"Point","coordinates":[14.4406253,50.0745091]},"type":"Feature","properties":{"natural":"tree","leaf_type":"broadleaved","kod_drevin":"2 Listnatý","kod_sprav":"59 Technická správa komunikací hl. m. Prahy, a.s.","id_strom":"69785","aktualizace":"2026-08-05","globalid":"{4CAF65CF-7AC4-4A25-9FD4-C9DFCDEE1B0A}"}},{"geometry":{"type":"Point","coordinates":[14.4407633,50.0753863]},"type":"Feature","properties":{"natural":"tree","leaf_type":"broadleaved","kod_drevin":"2 Listnatý","kod_sprav":"59 Technická správa komunikací hl. m. Prahy, a.s.","id_strom":"69787","aktualizace":"2026-08-05","globalid":"{21378694-FC8A-4894-A202-D0028CC72B64}"}},{"geometry":{"type":"Point","coordinates":[14.4408242,50.0752557]},"type":"Feature","properties":{"natural":"tree","leaf_type":"broadleaved","kod_drevin":"2 Listnatý","kod_sprav":"59 Technická správa komunikací hl. m. Prahy, a.s.","id_strom":"69788","aktualizace":"2026-08-05","globalid":"{B53DC087-AE28-4E7F-9175-0F5633F9D44A}"}},{"geometry":{"type":"Point","coordinates":[14.4409171,50.0752577]},"type":"Feature","properties":{"natural":"tree","leaf_type":"broadleaved","kod_drevin":"2 Listnatý","kod_sprav":"59 Technická správa komunikací hl. m. Prahy, a.s.","id_strom":"69789","aktualizace":"2026-08-05","globalid":"{892C135E-96E2-4F1A-A00F-577A2AF67622}"}},{"geometry":{"type":"Point","coordinates":[14.4411251,50.0753883]},"type":"Feature","properties":{"natural":"tree","leaf_type":"broadleaved","kod_drevin":"2 Listnatý","kod_sprav":"59 Technická správa komunikací hl. m. Prahy, a.s.","id_strom":"69792","aktualizace":"2026-08-05","globalid":"{EBE4A188-7D7E-4363-A275-B7FC6BE36928}"}},{"geometry":{"type":"Point","coordinates":[14.4411952,50.0753903]},"type":"Feature","properties":{"natural":"tree","leaf_type":"broadleaved","kod_drevin":"2 Listnatý","kod_sprav":"59 Technická správa komunikací hl. m. Prahy, a.s.","id_strom":"69793","aktualizace":"2026-08-05","globalid":"{8333D0A5-269C-4010-B865-09C084B62D69}"}},{"geometry":{"type":"Point","coordinates":[14.4408561,50.0753864]},"type":"Feature","properties":{"natural":"tree","leaf_type":"broadleaved","kod_drevin":"2 Listnatý","kod_sprav":"59 Technická správa komunikací hl. m. Prahy, a.s.","id_strom":"69794","aktualizace":"2026-08-05","globalid":"{A1CE06A1-FA7E-487E-8A68-A55936C1B95C}"}},{"geometry":{"type":"Point","coordinates":[14.4406039,50.0758829]},"type":"Feature","properties":{"natural":"tree","leaf_type":"broadleaved","kod_drevin":"2 Listnatý","kod_sprav":"59 Technická správa komunikací hl. m. Prahy, a.s.","id_strom":"69965","aktualizace":"2026-08-05","globalid":"{B22B51D2-5599-40F1-8EE6-A8683F64231B}"}},{"geometry":{"type":"Point","coordinates":[14.4404667,50.0757338]},"type":"Feature","properties":{"natural":"tree","leaf_type":"broadleaved","kod_drevin":"2 Listnatý","kod_sprav":"59 Technická správa komunikací hl. m. Prahy, a.s.","id_strom":"69966","aktualizace":"2026-08-05","globalid":"{79D92D62-375A-44E4-A46A-260D9D6B9A65}"}},{"geometry":{"type":"Point","coordinates":[14.4406314,50.0741983]},"type":"Feature","properties":{"natural":"tree","leaf_type":"broadleaved","kod_drevin":"2 Listnatý","kod_sprav":"59 Technická správa komunikací hl. m. Prahy, a.s.","id_strom":"69969","aktualizace":"2026-08-05","globalid":"{0EB04765-FD28-41ED-A1D0-E35E4E6F1A2B}"}},{"geometry":{"type":"Point","coordinates":[14.4406334,50.0741472]},"type":"Feature","properties":{"natural":"tree","leaf_type":"broadleaved","kod_drevin":"2 Listnatý","kod_sprav":"59 Technická správa komunikací hl. m. Prahy, a.s.","id_strom":"69970","aktualizace":"2026-08-05","globalid":"{147EF99F-E1F2-41DC-AC7C-1D421174F9E4}"}},{"geometry":{"type":"Point","coordinates":[14.4406386,50.0740879]},"type":"Feature","properties":{"natural":"tree","leaf_type":"broadleaved","kod_drevin":"2 Listnatý","kod_sprav":"59 Technická správa komunikací hl. m. Prahy, a.s.","id_strom":"69971","aktualizace":"2026-08-05","globalid":"{887D6D4D-C667-4651-8FF9-D21F41A01C10}"}},{"geometry":{"type":"Point","coordinates":[14.4406324,50.0740384]},"type":"Feature","properties":{"natural":"tree","leaf_type":"broadleaved","kod_drevin":"2 Listnatý","kod_sprav":"59 Technická správa komunikací hl. m. Prahy, a.s.","id_strom":"69972","aktualizace":"2026-08-05","globalid":"{FDFE87B9-43AB-468B-9FD6-0285E3712698}"}},{"geometry":{"type":"Point","coordinates":[14.4406347,50.0739848]},"type":"Feature","properties":{"natural":"tree","leaf_type":"broadleaved","kod_drevin":"2 Listnatý","kod_sprav":"59 Technická správa komunikací hl. m. Prahy, a.s.","id_strom":"69973","aktualizace":"2026-08-05","globalid":"{9B391CD3-991A-4738-86C6-4F30BBCBC78F}"}},{"geometry":{"type":"Point","coordinates":[14.4406287,50.0738713]},"type":"Feature","properties":{"natural":"tree","leaf_type":"broadleaved","kod_drevin":"2 Listnatý","kod_sprav":"59 Technická správa komunikací hl. m. Prahy, a.s.","id_strom":"69974","aktualizace":"2026-08-05","globalid":"{3FFCAED4-7C2F-4143-A463-280CB1AD1C8E}"}},{"geometry":{"type":"Point","coordinates":[14.4406282,50.0738152]},"type":"Feature","properties":{"natural":"tree","leaf_type":"broadleaved","kod_drevin":"2 Listnatý","kod_sprav":"59 Technická správa komunikací hl. m. Prahy, a.s.","id_strom":"69975","aktualizace":"2026-08-05","globalid":"{8F390A1C-3737-43C5-9A95-6888BDE6D5C2}"}},{"geometry":{"type":"Point","coordinates":[14.4404985,50.073917]},"type":"Feature","properties":{"natural":"tree","leaf_type":"broadleaved","kod_drevin":"2 Listnatý","kod_sprav":"59 Technická správa komunikací hl. m. Prahy, a.s.","id_strom":"69976","aktualizace":"2026-08-05","globalid":"{9EBF2F83-E062-46FA-A422-3C91615367FD}"}},{"geometry":{"type":"Point","coordinates":[14.4404464,50.073797]},"type":"Feature","properties":{"natural":"tree","leaf_type":"broadleaved","kod_drevin":"2 Listnatý","kod_sprav":"59 Technická správa komunikací hl. m. Prahy, a.s.","id_strom":"69977","aktualizace":"2026-08-05","globalid":"{20BBB5F7-E549-4E4D-9809-A37F1D8376D7}"}},{"geometry":{"type":"Point","coordinates":[14.4406279,50.0737582]},"type":"Feature","properties":{"natural":"tree","leaf_type":"broadleaved","kod_drevin":"2 Listnatý","kod_sprav":"59 Technická správa komunikací hl. m. Prahy, a.s.","id_strom":"69978","aktualizace":"2026-08-05","globalid":"{02A3582F-0D71-4EE4-8253-14B3F8EDB976}"}},{"geometry":{"type":"Point","coordinates":[14.4406292,50.0737004]},"type":"Feature","properties":{"natural":"tree","leaf_type":"broadleaved","kod_drevin":"2 Listnatý","kod_sprav":"59 Technická správa komunikací hl. m. Prahy, a.s.","id_strom":"69979","aktualizace":"2026-08-05","globalid":"{368B7628-1629-4E09-AB87-AEEF01063D6B}"}},{"geometry":{"type":"Point","coordinates":[14.4408278,50.0744503]},"type":"Feature","properties":{"natural":"tree","leaf_type":"broadleaved","kod_drevin":"2 Listnatý","kod_sprav":"59 Technická správa komunikací hl. m. Prahy, a.s.","id_strom":"69981","aktualizace":"2026-08-05","globalid":"{1D2FC00B-BA40-4825-834F-B333240A9759}"}},{"geometry":{"type":"Point","coordinates":[14.4409288,50.0744574]},"type":"Feature","properties":{"natural":"tree","leaf_type":"broadleaved","kod_drevin":"2 Listnatý","kod_sprav":"59 Technická správa komunikací hl. m. Prahy, a.s.","id_strom":"69982","aktualizace":"2026-08-05","globalid":"{BD31351F-E4F8-45E7-8013-AC28FDC7284C}"}},{"geometry":{"type":"Point","coordinates":[14.4410333,50.0744561]},"type":"Feature","properties":{"natural":"tree","leaf_type":"broadleaved","kod_drevin":"2 Listnatý","kod_sprav":"59 Technická správa komunikací hl. m. Prahy, a.s.","id_strom":"69983","aktualizace":"2026-08-05","globalid":"{F16C98A7-F58F-422E-A92D-BE8CF70D4538}"}},{"geometry":{"type":"Point","coordinates":[14.441332,50.0744549]},"type":"Feature","properties":{"natural":"tree","leaf_type":"broadleaved","kod_drevin":"2 Listnatý","kod_sprav":"59 Technická správa komunikací hl. m. Prahy, a.s.","id_strom":"69985","aktualizace":"2026-08-05","globalid":"{5FC404E3-FADE-44EA-82DF-0AD217D4CC94}"}},{"geometry":{"type":"Point","coordinates":[14.4415178,50.0744629]},"type":"Feature","properties":{"natural":"tree","leaf_type":"broadleaved","kod_drevin":"2 Listnatý","kod_sprav":"59 Technická správa komunikací hl. m. Prahy, a.s.","id_strom":"69986","aktualizace":"2026-08-05","globalid":"{9E3EA443-E174-44CA-8FA6-10AFF19F3E60}"}},{"geometry":{"type":"Point","coordinates":[14.443531,50.0744667]},"type":"Feature","properties":{"natural":"tree","leaf_type":"broadleaved","kod_drevin":"2 Listnatý","kod_sprav":"59 Technická správa komunikací hl. m. Prahy, a.s.","id_strom":"70033","aktualizace":"2026-08-05","globalid":"{01A2CD1A-9EBB-4E62-8D88-BC824E69B0EC}"}},{"geometry":{"type":"Point","coordinates":[14.4432182,50.0744611]},"type":"Feature","properties":{"natural":"tree","leaf_type":"broadleaved","kod_drevin":"2 Listnatý","kod_sprav":"59 Technická správa komunikací hl. m. Prahy, a.s.","id_strom":"70034","aktualizace":"2026-08-05","globalid":"{970D9701-6DF4-41F6-A735-6A63F232E89F}"}},{"geometry":{"type":"Point","coordinates":[14.4433305,50.0743675]},"type":"Feature","properties":{"natural":"tree","leaf_type":"broadleaved","kod_drevin":"2 Listnatý","kod_sprav":"59 Technická správa komunikací hl. m. Prahy, a.s.","id_strom":"70035","aktualizace":"2026-08-05","globalid":"{8C2CA6B5-CE4C-4B96-81A1-48B43D7E3FF1}"}},{"geometry":{"type":"Point","coordinates":[14.4434696,50.0743664]},"type":"Feature","properties":{"natural":"tree","leaf_type":"broadleaved","kod_drevin":"2 Listnatý","kod_sprav":"59 Technická správa komunikací hl. m. Prahy, a.s.","id_strom":"70036","aktualizace":"2026-08-05","globalid":"{5B3C9771-1C15-400F-9109-F892F502283D}"}},{"geometry":{"type":"Point","coordinates":[14.443992,50.075151]},"type":"Feature","properties":{"natural":"tree","leaf_type":"broadleaved","kod_drevin":"2 Listnatý","kod_sprav":"59 Technická správa komunikací hl. m. Prahy, a.s.","id_strom":"70037","aktualizace":"2026-08-05","globalid":"{7F1FB498-4CFA-4E09-A088-ABC09D80C560}"}},{"geometry":{"type":"Point","coordinates":[14.4417972,50.0744629]},"type":"Feature","properties":{"natural":"tree","leaf_type":"broadleaved","kod_drevin":"2 Listnatý","kod_sprav":"59 Technická správa komunikací hl. m. Prahy, a.s.","id_strom":"69987","aktualizace":"2026-08-05","globalid":"{9DB58B8B-6021-4138-97B5-54B26C398E69}"}},{"geometry":{"type":"Point","coordinates":[14.4388534,50.0725881]},"type":"Feature","properties":{"natural":"tree","leaf_type":"broadleaved","kod_drevin":"2 Listnatý","kod_sprav":"59 Technická správa komunikací hl. m. Prahy, a.s.","id_strom":"72006","aktualizace":"2026-08-05","globalid":"{A8714DFE-C043-4A8E-9182-B9E538B02DC4}"}},{"geometry":{"type":"Point","coordinates":[14.4379257,50.0722561]},"type":"Feature","properties":{"natural":"tree","leaf_type":"broadleaved","kod_drevin":"2 Listnatý","kod_sprav":"59 Technická správa komunikací hl. m. Prahy, a.s.","id_strom":"72007","aktualizace":"2026-08-05","globalid":"{B3E1242F-745F-4086-80C4-35A0BD8CF975}"}},{"geometry":{"type":"Point","coordinates":[14.438055,50.0722668]},"type":"Feature","properties":{"natural":"tree","leaf_type":"broadleaved","kod_drevin":"2 Listnatý","kod_sprav":"59 Technická správa komunikací hl. m. Prahy, a.s.","id_strom":"72008","aktualizace":"2026-08-05","globalid":"{C2696D62-548C-4765-9AC2-90DEB2B7B7DF}"}},{"geometry":{"type":"Point","coordinates":[14.4382777,50.0722277]},"type":"Feature","properties":{"natural":"tree","leaf_type":"broadleaved","kod_drevin":"2 Listnatý","kod_sprav":"59 Technická správa komunikací hl. m. Prahy, a.s.","id_strom":"72009","aktualizace":"2026-08-05","globalid":"{3428F2EB-7822-4A9D-A8F2-A550141B71AE}"}},{"geometry":{"type":"Point","coordinates":[14.4384981,50.0723419]},"type":"Feature","properties":{"natural":"tree","leaf_type":"broadleaved","kod_drevin":"2 Listnatý","kod_sprav":"59 Technická správa komunikací hl. m. Prahy, a.s.","id_strom":"72010","aktualizace":"2026-08-05","globalid":"{8468FBE2-34A5-4A70-A153-4F6FC39C47FA}"}},{"geometry":{"type":"Point","coordinates":[14.4385306,50.0724005]},"type":"Feature","properties":{"natural":"tree","leaf_type":"broadleaved","kod_drevin":"2 Listnatý","kod_sprav":"59 Technická správa komunikací hl. m. Prahy, a.s.","id_strom":"72011","aktualizace":"2026-08-05","globalid":"{C1206BC9-4CEF-4616-A467-A92672E7D951}"}},{"geometry":{"type":"Point","coordinates":[14.4384795,50.0722989]},"type":"Feature","properties":{"natural":"tree","leaf_type":"broadleaved","kod_drevin":"2 Listnatý","kod_sprav":"59 Technická správa komunikací hl. m. Prahy, a.s.","id_strom":"72012","aktualizace":"2026-08-05","globalid":"{FFB78114-5B92-4B84-B854-B7080E81AA78}"}},{"geometry":{"type":"Point","coordinates":[14.4383964,50.0721678]},"type":"Feature","properties":{"natural":"tree","leaf_type":"broadleaved","kod_drevin":"2 Listnatý","kod_sprav":"59 Technická správa komunikací hl. m. Prahy, a.s.","id_strom":"72013","aktualizace":"2026-08-05","globalid":"{C94B21D0-440B-4D70-8DE3-D0EA4865CD29}"}},{"geometry":{"type":"Point","coordinates":[14.4384587,50.0720836]},"type":"Feature","properties":{"natural":"tree","leaf_type":"broadleaved","kod_drevin":"2 Listnatý","kod_sprav":"59 Technická správa komunikací hl. m. Prahy, a.s.","id_strom":"72015","aktualizace":"2026-08-05","globalid":"{4B0F21A5-5610-401B-A073-D5AD4EF4953E}"}},{"geometry":{"type":"Point","coordinates":[14.4385191,50.0720091]},"type":"Feature","properties":{"natural":"tree","leaf_type":"broadleaved","kod_drevin":"2 Listnatý","kod_sprav":"59 Technická správa komunikací hl. m. Prahy, a.s.","id_strom":"72016","aktualizace":"2026-08-05","globalid":"{C81B30B7-B425-4386-99FE-0DF2C9C38845}"}},{"geometry":{"type":"Point","coordinates":[14.4385555,50.0719679]},"type":"Feature","properties":{"natural":"tree","leaf_type":"broadleaved","kod_drevin":"2 Listnatý","kod_sprav":"59 Technická správa komunikací hl. m. Prahy, a.s.","id_strom":"72017","aktualizace":"2026-08-05","globalid":"{D231F3F7-AE84-429F-A272-DE85B28510CD}"}},{"geometry":{"type":"Point","coordinates":[14.4384846,50.0720528]},"type":"Feature","properties":{"natural":"tree","leaf_type":"broadleaved","kod_drevin":"2 Listnatý","kod_sprav":"59 Technická správa komunikací hl. m. Prahy, a.s.","id_strom":"72018","aktualizace":"2026-08-05","globalid":"{A5AA927F-0E1C-4EE6-B906-83A39CD2F43F}"}},{"geometry":{"type":"Point","coordinates":[14.4386266,50.0718815]},"type":"Feature","properties":{"natural":"tree","leaf_type":"broadleaved","kod_drevin":"2 Listnatý","kod_sprav":"59 Technická správa komunikací hl. m. Prahy, a.s.","id_strom":"72019","aktualizace":"2026-08-05","globalid":"{94AC31E9-3E19-4DE6-B9D6-B84EC51A4EFF}"}},{"geometry":{"type":"Point","coordinates":[14.438688,50.0717992]},"type":"Feature","properties":{"natural":"tree","leaf_type":"broadleaved","kod_drevin":"2 Listnatý","kod_sprav":"59 Technická správa komunikací hl. m. Prahy, a.s.","id_strom":"72020","aktualizace":"2026-08-05","globalid":"{1435C676-25CD-4496-A75F-851A578E398A}"}},{"geometry":{"type":"Point","coordinates":[14.4386567,50.0718378]},"type":"Feature","properties":{"natural":"tree","leaf_type":"broadleaved","kod_drevin":"2 Listnatý","kod_sprav":"59 Technická správa komunikací hl. m. Prahy, a.s.","id_strom":"72021","aktualizace":"2026-08-05","globalid":"{CA4CE689-FE47-47E0-8E01-5B53DE5610DC}"}},{"geometry":{"type":"Point","coordinates":[14.4387599,50.0718855]},"type":"Feature","properties":{"natural":"tree","leaf_type":"broadleaved","kod_drevin":"2 Listnatý","kod_sprav":"59 Technická správa komunikací hl. m. Prahy, a.s.","id_strom":"72022","aktualizace":"2026-08-05","globalid":"{C97019ED-64D5-4DDD-8B79-41BEDFFF4426}"}},{"geometry":{"type":"Point","coordinates":[14.4386918,50.0719682]},"type":"Feature","properties":{"natural":"tree","leaf_type":"broadleaved","kod_drevin":"2 Listnatý","kod_sprav":"59 Technická správa komunikací hl. m. Prahy, a.s.","id_strom":"72023","aktualizace":"2026-08-05","globalid":"{5DF41DFD-5AE8-49D1-B110-7581213D1DF9}"}},{"geometry":{"type":"Point","coordinates":[14.4386637,50.0720061]},"type":"Feature","properties":{"natural":"tree","leaf_type":"broadleaved","kod_drevin":"2 Listnatý","kod_sprav":"59 Technická správa komunikací hl. m. Prahy, a.s.","id_strom":"72024","aktualizace":"2026-08-05","globalid":"{AC7ED69B-C32E-429C-9A02-0B9169A46C1C}"}},{"geometry":{"type":"Point","coordinates":[14.4385904,50.0720913]},"type":"Feature","properties":{"natural":"tree","leaf_type":"broadleaved","kod_drevin":"2 Listnatý","kod_sprav":"59 Technická správa komunikací hl. m. Prahy, a.s.","id_strom":"72025","aktualizace":"2026-08-05","globalid":"{6DC5B7EB-4AA3-4815-AB4D-88BB5D2B6676}"}},{"geometry":{"type":"Point","coordinates":[14.4371553,50.0720648]},"type":"Feature","properties":{"natural":"tree","leaf_type":"broadleaved","kod_drevin":"2 Listnatý","kod_sprav":"59 Technická správa komunikací hl. m. Prahy, a.s.","id_strom":"72026","aktualizace":"2026-08-05","globalid":"{D4EAEAA6-D4B7-4EA6-9D61-5D238A461DDC}"}},{"geometry":{"type":"Point","coordinates":[14.4373057,50.072118]},"type":"Feature","properties":{"natural":"tree","leaf_type":"broadleaved","kod_drevin":"2 Listnatý","kod_sprav":"59 Technická správa komunikací hl. m. Prahy, a.s.","id_strom":"72027","aktualizace":"2026-08-05","globalid":"{07D82895-4701-4F1D-867A-114AD04B2385}"}},{"geometry":{"type":"Point","coordinates":[14.4375048,50.0721906]},"type":"Feature","properties":{"natural":"tree","leaf_type":"broadleaved","kod_drevin":"2 Listnatý","kod_sprav":"59 Technická správa komunikací hl. m. Prahy, a.s.","id_strom":"72028","aktualizace":"2026-08-05","globalid":"{7CF22433-C7CC-4188-A2FC-1910F7E01AFD}"}},{"geometry":{"type":"Point","coordinates":[14.4376463,50.0722413]},"type":"Feature","properties":{"natural":"tree","leaf_type":"broadleaved","kod_drevin":"2 Listnatý","kod_sprav":"59 Technická správa komunikací hl. m. Prahy, a.s.","id_strom":"72029","aktualizace":"2026-08-05","globalid":"{F3D5E5D9-54E7-44DB-A199-85205535BA29}"}},{"geometry":{"type":"Point","coordinates":[14.4377677,50.072285]},"type":"Feature","properties":{"natural":"tree","leaf_type":"broadleaved","kod_drevin":"2 Listnatý","kod_sprav":"59 Technická správa komunikací hl. m. Prahy, a.s.","id_strom":"72030","aktualizace":"2026-08-05","globalid":"{C9EBCA33-7C0B-4C45-830C-98A0594F8ED9}"}},{"geometry":{"type":"Point","coordinates":[14.4438291,50.0751723]},"type":"Feature","properties":{"natural":"tree","leaf_type":"broadleaved","kod_drevin":"2 Listnatý","kod_sprav":"59 Technická správa komunikací hl. m. Prahy, a.s.","id_strom":"70038","aktualizace":"2026-08-05","globalid":"{9735BAE6-EA05-47C0-8F1A-418DE6412703}"}},{"geometry":{"type":"Point","coordinates":[14.4438399,50.0751182]},"type":"Feature","properties":{"natural":"tree","leaf_type":"broadleaved","kod_drevin":"2 Listnatý","kod_sprav":"59 Technická správa komunikací hl. m. Prahy, a.s.","id_strom":"70039","aktualizace":"2026-08-05","globalid":"{91512F53-7078-4451-A423-7E744426E38A}"}},{"geometry":{"type":"Point","coordinates":[14.4440042,50.0747717]},"type":"Feature","properties":{"natural":"tree","leaf_type":"broadleaved","kod_drevin":"2 Listnatý","kod_sprav":"59 Technická správa komunikací hl. m. Prahy, a.s.","id_strom":"70041","aktualizace":"2026-08-05","globalid":"{0B2E8B72-6F80-4AEA-80C8-C1849888CEB3}"}},{"geometry":{"type":"Point","coordinates":[14.4438538,50.0746854]},"type":"Feature","properties":{"natural":"tree","leaf_type":"broadleaved","kod_drevin":"2 Listnatý","kod_sprav":"59 Technická správa komunikací hl. m. Prahy, a.s.","id_strom":"70042","aktualizace":"2026-08-05","globalid":"{1CA96EE0-F546-4AF8-91A9-B6BC9D23E48C}"}},{"geometry":{"type":"Point","coordinates":[14.4438521,50.0746071]},"type":"Feature","properties":{"natural":"tree","leaf_type":"broadleaved","kod_drevin":"2 Listnatý","kod_sprav":"59 Technická správa komunikací hl. m. Prahy, a.s.","id_strom":"70043","aktualizace":"2026-08-05","globalid":"{570AAB83-6DF0-44E0-8E56-0AFD71E7B555}"}},{"geometry":{"type":"Point","coordinates":[14.4440768,50.07447]},"type":"Feature","properties":{"natural":"tree","leaf_type":"broadleaved","kod_drevin":"2 Listnatý","kod_sprav":"59 Technická správa komunikací hl. m. Prahy, a.s.","id_strom":"70046","aktualizace":"2026-08-05","globalid":"{16D19DC7-03BF-4013-9314-1CD7B3DEB0A4}"}},{"geometry":{"type":"Point","coordinates":[14.4440974,50.0743734]},"type":"Feature","properties":{"natural":"tree","leaf_type":"broadleaved","kod_drevin":"2 Listnatý","kod_sprav":"59 Technická správa komunikací hl. m. Prahy, a.s.","id_strom":"70047","aktualizace":"2026-08-05","globalid":"{99835327-A4EE-4792-AA0D-89706ABCAAC5}"}},{"geometry":{"type":"Point","coordinates":[14.4442813,50.0744697]},"type":"Feature","properties":{"natural":"tree","leaf_type":"broadleaved","kod_drevin":"2 Listnatý","kod_sprav":"59 Technická správa komunikací hl. m. Prahy, a.s.","id_strom":"70048","aktualizace":"2026-08-05","globalid":"{EC2F3860-7277-40C5-933B-7F1BDA4A0E61}"}},{"geometry":{"type":"Point","coordinates":[14.4442071,50.0743695]},"type":"Feature","properties":{"natural":"tree","leaf_type":"broadleaved","kod_drevin":"2 Listnatý","kod_sprav":"59 Technická správa komunikací hl. m. Prahy, a.s.","id_strom":"70049","aktualizace":"2026-08-05","globalid":"{916ED6DF-2F31-4341-BF08-52FB9659BCF7}"}},{"geometry":{"type":"Point","coordinates":[14.4443014,50.0743707]},"type":"Feature","properties":{"natural":"tree","leaf_type":"broadleaved","kod_drevin":"2 Listnatý","kod_sprav":"59 Technická správa komunikací hl. m. Prahy, a.s.","id_strom":"70050","aktualizace":"2026-08-05","globalid":"{297C286E-B438-4F86-9207-3117AA72E1F5}"}},{"geometry":{"type":"Point","coordinates":[14.4446718,50.0744781]},"type":"Feature","properties":{"natural":"tree","leaf_type":"broadleaved","kod_drevin":"2 Listnatý","kod_sprav":"59 Technická správa komunikací hl. m. Prahy, a.s.","id_strom":"70051","aktualizace":"2026-08-05","globalid":"{57EF99E1-2C7E-4D39-98E5-2DC582FDB332}"}},{"geometry":{"type":"Point","coordinates":[14.4446946,50.074375]},"type":"Feature","properties":{"natural":"tree","leaf_type":"broadleaved","kod_drevin":"2 Listnatý","kod_sprav":"59 Technická správa komunikací hl. m. Prahy, a.s.","id_strom":"70052","aktualizace":"2026-08-05","globalid":"{5769C4B6-6F02-449C-9701-C49594E5054B}"}},{"geometry":{"type":"Point","coordinates":[14.4448583,50.074475]},"type":"Feature","properties":{"natural":"tree","leaf_type":"broadleaved","kod_drevin":"2 Listnatý","kod_sprav":"59 Technická správa komunikací hl. m. Prahy, a.s.","id_strom":"70053","aktualizace":"2026-08-05","globalid":"{838E10B2-77B4-48B7-9714-987B046FC7D4}"}},{"geometry":{"type":"Point","coordinates":[14.4449403,50.0744742]},"type":"Feature","properties":{"natural":"tree","leaf_type":"broadleaved","kod_drevin":"2 Listnatý","kod_sprav":"59 Technická správa komunikací hl. m. Prahy, a.s.","id_strom":"70054","aktualizace":"2026-08-05","globalid":"{1823EAFB-F3E3-47F9-81A3-8301A9A9379A}"}},{"geometry":{"type":"Point","coordinates":[14.4450377,50.0744759]},"type":"Feature","properties":{"natural":"tree","leaf_type":"broadleaved","kod_drevin":"2 Listnatý","kod_sprav":"59 Technická správa komunikací hl. m. Prahy, a.s.","id_strom":"70055","aktualizace":"2026-08-05","globalid":"{0497E442-73D4-4E36-9F87-4D4301FF25B6}"}},{"geometry":{"type":"Point","coordinates":[14.4420904,50.0743014]},"type":"Feature","properties":{"natural":"tree","leaf_type":"broadleaved","kod_drevin":"2 Listnatý","kod_sprav":"59 Technická správa komunikací hl. m. Prahy, a.s.","id_strom":"69988","aktualizace":"2026-08-05","globalid":"{8117883F-A3C8-4269-A114-1325933CC993}"}},{"geometry":{"type":"Point","coordinates":[14.4419444,50.07426]},"type":"Feature","properties":{"natural":"tree","leaf_type":"broadleaved","kod_drevin":"2 Listnatý","kod_sprav":"59 Technická správa komunikací hl. m. Prahy, a.s.","id_strom":"69989","aktualizace":"2026-08-05","globalid":"{E5BC42DF-2E9E-4DE7-AC6C-8B7FE94882B3}"}},{"geometry":{"type":"Point","coordinates":[14.4420923,50.0742462]},"type":"Feature","properties":{"natural":"tree","leaf_type":"broadleaved","kod_drevin":"2 Listnatý","kod_sprav":"59 Technická správa komunikací hl. m. Prahy, a.s.","id_strom":"69990","aktualizace":"2026-08-05","globalid":"{D5FAB750-A0D0-4D6E-B913-C5BB0FBAEE32}"}},{"geometry":{"type":"Point","coordinates":[14.4419443,50.0742076]},"type":"Feature","properties":{"natural":"tree","leaf_type":"broadleaved","kod_drevin":"2 Listnatý","kod_sprav":"59 Technická správa komunikací hl. m. Prahy, a.s.","id_strom":"69991","aktualizace":"2026-08-05","globalid":"{4A8FCA72-096B-487F-878A-5689AF74AE63}"}},{"geometry":{"type":"Point","coordinates":[14.442096,50.0741832]},"type":"Feature","properties":{"natural":"tree","leaf_type":"broadleaved","kod_drevin":"2 Listnatý","kod_sprav":"59 Technická správa komunikací hl. m. Prahy, a.s.","id_strom":"69992","aktualizace":"2026-08-05","globalid":"{ED70A4B2-6512-41B0-8EB1-19028020619E}"}},{"geometry":{"type":"Point","coordinates":[14.4420989,50.0741234]},"type":"Feature","properties":{"natural":"tree","leaf_type":"broadleaved","kod_drevin":"2 Listnatý","kod_sprav":"59 Technická správa komunikací hl. m. Prahy, a.s.","id_strom":"69993","aktualizace":"2026-08-05","globalid":"{64541380-5A23-44BA-9980-CA19DABC5C78}"}},{"geometry":{"type":"Point","coordinates":[14.4420969,50.0740521]},"type":"Feature","properties":{"natural":"tree","leaf_type":"broadleaved","kod_drevin":"2 Listnatý","kod_sprav":"59 Technická správa komunikací hl. m. Prahy, a.s.","id_strom":"69994","aktualizace":"2026-08-05","globalid":"{7AC91AED-28E2-4979-BB5C-03DEA73A3190}"}},{"geometry":{"type":"Point","coordinates":[14.4421043,50.0739942]},"type":"Feature","properties":{"natural":"tree","leaf_type":"broadleaved","kod_drevin":"2 Listnatý","kod_sprav":"59 Technická správa komunikací hl. m. Prahy, a.s.","id_strom":"69995","aktualizace":"2026-08-05","globalid":"{B454601C-DB5F-4697-899E-BA0D23BFCEA8}"}},{"geometry":{"type":"Point","coordinates":[14.4421038,50.0739277]},"type":"Feature","properties":{"natural":"tree","leaf_type":"broadleaved","kod_drevin":"2 Listnatý","kod_sprav":"59 Technická správa komunikací hl. m. Prahy, a.s.","id_strom":"69996","aktualizace":"2026-08-05","globalid":"{7264E681-0FB6-450E-8408-E42C3F82CB4E}"}},{"geometry":{"type":"Point","coordinates":[14.4421025,50.0738628]},"type":"Feature","properties":{"natural":"tree","leaf_type":"broadleaved","kod_drevin":"2 Listnatý","kod_sprav":"59 Technická správa komunikací hl. m. Prahy, a.s.","id_strom":"69997","aktualizace":"2026-08-05","globalid":"{835261B9-552D-4050-857A-76F2997D5E29}"}},{"geometry":{"type":"Point","coordinates":[14.442105,50.0737381]},"type":"Feature","properties":{"natural":"tree","leaf_type":"broadleaved","kod_drevin":"2 Listnatý","kod_sprav":"59 Technická správa komunikací hl. m. Prahy, a.s.","id_strom":"69998","aktualizace":"2026-08-05","globalid":"{C38E4BFA-0652-4431-B70D-B670C163AEFE}"}},{"geometry":{"type":"Point","coordinates":[14.442104,50.0736731]},"type":"Feature","properties":{"natural":"tree","leaf_type":"broadleaved","kod_drevin":"2 Listnatý","kod_sprav":"59 Technická správa komunikací hl. m. Prahy, a.s.","id_strom":"69999","aktualizace":"2026-08-05","globalid":"{6B87D029-A028-4412-9450-193112521072}"}},{"geometry":{"type":"Point","coordinates":[14.4419452,50.0741525]},"type":"Feature","properties":{"natural":"tree","leaf_type":"broadleaved","kod_drevin":"2 Listnatý","kod_sprav":"59 Technická správa komunikací hl. m. Prahy, a.s.","id_strom":"70001","aktualizace":"2026-08-05","globalid":"{77993DD3-C0AD-4F1C-A53F-C2DD581D7817}"}},{"geometry":{"type":"Point","coordinates":[14.4419454,50.074083]},"type":"Feature","properties":{"natural":"tree","leaf_type":"broadleaved","kod_drevin":"2 Listnatý","kod_sprav":"59 Technická správa komunikací hl. m. Prahy, a.s.","id_strom":"70002","aktualizace":"2026-08-05","globalid":"{62206165-17FF-48FF-A743-603960874BCC}"}},{"geometry":{"type":"Point","coordinates":[14.4419511,50.0740328]},"type":"Feature","properties":{"natural":"tree","leaf_type":"broadleaved","kod_drevin":"2 Listnatý","kod_sprav":"59 Technická správa komunikací hl. m. Prahy, a.s.","id_strom":"70003","aktualizace":"2026-08-05","globalid":"{89E3B437-52C3-4E78-97C9-1C0E5EBECC2B}"}},{"geometry":{"type":"Point","coordinates":[14.4419503,50.073979]},"type":"Feature","properties":{"natural":"tree","leaf_type":"broadleaved","kod_drevin":"2 Listnatý","kod_sprav":"59 Technická správa komunikací hl. m. Prahy, a.s.","id_strom":"70004","aktualizace":"2026-08-05","globalid":"{1138D062-A816-47C6-8014-F858B9516A55}"}},{"geometry":{"type":"Point","coordinates":[14.4419512,50.0739174]},"type":"Feature","properties":{"natural":"tree","leaf_type":"broadleaved","kod_drevin":"2 Listnatý","kod_sprav":"59 Technická správa komunikací hl. m. Prahy, a.s.","id_strom":"70005","aktualizace":"2026-08-05","globalid":"{88D38146-753A-44AA-B694-F93AF5ABDC2B}"}},{"geometry":{"type":"Point","coordinates":[14.4419496,50.0738508]},"type":"Feature","properties":{"natural":"tree","leaf_type":"broadleaved","kod_drevin":"2 Listnatý","kod_sprav":"59 Technická správa komunikací hl. m. Prahy, a.s.","id_strom":"70006","aktualizace":"2026-08-05","globalid":"{97C3F6D9-1595-4BBB-B342-F4B1787C9515}"}},{"geometry":{"type":"Point","coordinates":[14.4419516,50.0737872]},"type":"Feature","properties":{"natural":"tree","leaf_type":"broadleaved","kod_drevin":"2 Listnatý","kod_sprav":"59 Technická správa komunikací hl. m. Prahy, a.s.","id_strom":"70007","aktualizace":"2026-08-05","globalid":"{A03ECC87-8FF6-4CC4-ACB1-D6FDD784283B}"}},{"geometry":{"type":"Point","coordinates":[14.4448172,50.0743779]},"type":"Feature","properties":{"natural":"tree","leaf_type":"broadleaved","kod_drevin":"2 Listnatý","kod_sprav":"59 Technická správa komunikací hl. m. Prahy, a.s.","id_strom":"70056","aktualizace":"2026-08-05","globalid":"{92ADE814-2A28-4ACA-8DBD-BBB1A60F7742}"}},{"geometry":{"type":"Point","coordinates":[14.4450222,50.0743819]},"type":"Feature","properties":{"natural":"tree","leaf_type":"broadleaved","kod_drevin":"2 Listnatý","kod_sprav":"59 Technická správa komunikací hl. m. Prahy, a.s.","id_strom":"70057","aktualizace":"2026-08-05","globalid":"{8021E50A-D38D-4E80-A325-F846D72A2845}"}},{"geometry":{"type":"Point","coordinates":[14.4451346,50.0743803]},"type":"Feature","properties":{"natural":"tree","leaf_type":"broadleaved","kod_drevin":"2 Listnatý","kod_sprav":"59 Technická správa komunikací hl. m. Prahy, a.s.","id_strom":"70058","aktualizace":"2026-08-05","globalid":"{100C1C33-BABD-453E-8E85-94C3FE9BEDD7}"}},{"geometry":{"type":"Point","coordinates":[14.4452169,50.0744781]},"type":"Feature","properties":{"natural":"tree","leaf_type":"broadleaved","kod_drevin":"2 Listnatý","kod_sprav":"59 Technická správa komunikací hl. m. Prahy, a.s.","id_strom":"70059","aktualizace":"2026-08-05","globalid":"{577983FB-27E6-466E-9D2D-8E9C9FC88149}"}},{"geometry":{"type":"Point","coordinates":[14.4452914,50.0744789]},"type":"Feature","properties":{"natural":"tree","leaf_type":"broadleaved","kod_drevin":"2 Listnatý","kod_sprav":"59 Technická správa komunikací hl. m. Prahy, a.s.","id_strom":"70060","aktualizace":"2026-08-05","globalid":"{2EB69F90-AEDC-4ABD-B15D-E11674B16B7C}"}},{"geometry":{"type":"Point","coordinates":[14.4455753,50.0744822]},"type":"Feature","properties":{"natural":"tree","leaf_type":"broadleaved","kod_drevin":"2 Listnatý","kod_sprav":"59 Technická správa komunikací hl. m. Prahy, a.s.","id_strom":"70061","aktualizace":"2026-08-05","globalid":"{F8DFB991-37D4-41DE-A796-B16C1F9F68E9}"}},{"geometry":{"type":"Point","coordinates":[14.4399486,50.0736994]},"type":"Feature","properties":{"natural":"tree","leaf_type":"broadleaved","kod_drevin":"2 Listnatý","kod_sprav":"59 Technická správa komunikací hl. m. Prahy, a.s.","id_strom":"69750","aktualizace":"2026-08-05","globalid":"{A88DA48B-DEEE-4739-BAC9-9B6027D686CA}"}},{"geometry":{"type":"Point","coordinates":[14.4399175,50.0738678]},"type":"Feature","properties":{"natural":"tree","leaf_type":"broadleaved","kod_drevin":"2 Listnatý","kod_sprav":"59 Technická správa komunikací hl. m. Prahy, a.s.","id_strom":"69751","aktualizace":"2026-08-05","globalid":"{D36CD440-55C4-4F85-A4FC-69ED28FBBD19}"}},{"geometry":{"type":"Point","coordinates":[14.4396609,50.0738212]},"type":"Feature","properties":{"natural":"tree","leaf_type":"broadleaved","kod_drevin":"2 Listnatý","kod_sprav":"59 Technická správa komunikací hl. m. Prahy, a.s.","id_strom":"69752","aktualizace":"2026-08-05","globalid":"{EFD86F2F-E5C2-4BA4-A935-3DB54983D8EE}"}},{"geometry":{"type":"Point","coordinates":[14.4391829,50.0740258]},"type":"Feature","properties":{"natural":"tree","leaf_type":"broadleaved","kod_drevin":"2 Listnatý","kod_sprav":"59 Technická správa komunikací hl. m. Prahy, a.s.","id_strom":"69753","aktualizace":"2026-08-05","globalid":"{FB142118-0E34-4FED-9649-793E4E79F7B4}"}},{"geometry":{"type":"Point","coordinates":[14.439079,50.0740698]},"type":"Feature","properties":{"natural":"tree","leaf_type":"broadleaved","kod_drevin":"2 Listnatý","kod_sprav":"59 Technická správa komunikací hl. m. Prahy, a.s.","id_strom":"69754","aktualizace":"2026-08-05","globalid":"{A081010D-DADF-4ACC-AC93-992CCD161033}"}},{"geometry":{"type":"Point","coordinates":[14.4389162,50.0741394]},"type":"Feature","properties":{"natural":"tree","leaf_type":"broadleaved","kod_drevin":"2 Listnatý","kod_sprav":"59 Technická správa komunikací hl. m. Prahy, a.s.","id_strom":"69755","aktualizace":"2026-08-05","globalid":"{DAE1CFC4-1F5A-4DC9-95CC-419AD81C274B}"}},{"geometry":{"type":"Point","coordinates":[14.4383796,50.0743689]},"type":"Feature","properties":{"natural":"tree","leaf_type":"broadleaved","kod_drevin":"2 Listnatý","kod_sprav":"59 Technická správa komunikací hl. m. Prahy, a.s.","id_strom":"69756","aktualizace":"2026-08-05","globalid":"{774EF6F8-0477-4F57-8A47-CFFD612CB4A3}"}},{"geometry":{"type":"Point","coordinates":[14.438273,50.0744126]},"type":"Feature","properties":{"natural":"tree","leaf_type":"broadleaved","kod_drevin":"2 Listnatý","kod_sprav":"59 Technická správa komunikací hl. m. Prahy, a.s.","id_strom":"69757","aktualizace":"2026-08-05","globalid":"{DBE91FD1-AB6D-4C23-8853-228B330C3C1F}"}},{"geometry":{"type":"Point","coordinates":[14.4381209,50.0744763]},"type":"Feature","properties":{"natural":"tree","leaf_type":"broadleaved","kod_drevin":"2 Listnatý","kod_sprav":"59 Technická správa komunikací hl. m. Prahy, a.s.","id_strom":"69758","aktualizace":"2026-08-05","globalid":"{8581065E-DF53-41C8-B3B8-387C54BF615B}"}},{"geometry":{"type":"Point","coordinates":[14.4379752,50.0745407]},"type":"Feature","properties":{"natural":"tree","leaf_type":"broadleaved","kod_drevin":"2 Listnatý","kod_sprav":"59 Technická správa komunikací hl. m. Prahy, a.s.","id_strom":"69759","aktualizace":"2026-08-05","globalid":"{770206B5-0192-4D39-943D-69F9DA378221}"}},{"geometry":{"type":"Point","coordinates":[14.4377669,50.0746302]},"type":"Feature","properties":{"natural":"tree","leaf_type":"broadleaved","kod_drevin":"2 Listnatý","kod_sprav":"59 Technická správa komunikací hl. m. Prahy, a.s.","id_strom":"69760","aktualizace":"2026-08-05","globalid":"{6B900ED2-909F-4A45-BC6B-166B3A44F6E9}"}},{"geometry":{"type":"Point","coordinates":[14.4375976,50.0747053]},"type":"Feature","properties":{"natural":"tree","leaf_type":"broadleaved","kod_drevin":"2 Listnatý","kod_sprav":"59 Technická správa komunikací hl. m. Prahy, a.s.","id_strom":"69761","aktualizace":"2026-08-05","globalid":"{8E4149F2-0394-4A79-B430-FF8D5DA83025}"}},{"geometry":{"type":"Point","coordinates":[14.4392871,50.0752422]},"type":"Feature","properties":{"natural":"tree","leaf_type":"broadleaved","kod_drevin":"2 Listnatý","kod_sprav":"59 Technická správa komunikací hl. m. Prahy, a.s.","id_strom":"69762","aktualizace":"2026-08-05","globalid":"{A36ED5E0-FC44-420F-8AEB-A236C3B55749}"}},{"geometry":{"type":"Point","coordinates":[14.4393694,50.0752442]},"type":"Feature","properties":{"natural":"tree","leaf_type":"broadleaved","kod_drevin":"2 Listnatý","kod_sprav":"59 Technická správa komunikací hl. m. Prahy, a.s.","id_strom":"69763","aktualizace":"2026-08-05","globalid":"{620A38C1-B501-40F1-B5AD-44DE61AB1999}"}},{"geometry":{"type":"Point","coordinates":[14.441957,50.0736742]},"type":"Feature","properties":{"natural":"tree","leaf_type":"broadleaved","kod_drevin":"2 Listnatý","kod_sprav":"59 Technická správa komunikací hl. m. Prahy, a.s.","id_strom":"70009","aktualizace":"2026-08-05","globalid":"{6013E893-3BB1-429F-9D2E-60B7B909FB0F}"}},{"geometry":{"type":"Point","coordinates":[14.4419592,50.0735559]},"type":"Feature","properties":{"natural":"tree","leaf_type":"broadleaved","kod_drevin":"2 Listnatý","kod_sprav":"59 Technická správa komunikací hl. m. Prahy, a.s.","id_strom":"70010","aktualizace":"2026-08-05","globalid":"{9B2DA5D6-C4C8-4B3A-88B4-9EDDD32FB447}"}},{"geometry":{"type":"Point","coordinates":[14.4419598,50.0734999]},"type":"Feature","properties":{"natural":"tree","leaf_type":"broadleaved","kod_drevin":"2 Listnatý","kod_sprav":"59 Technická správa komunikací hl. m. Prahy, a.s.","id_strom":"70011","aktualizace":"2026-08-05","globalid":"{FFD7FB7E-70C8-4DE2-9BAC-7FB842C857B5}"}},{"geometry":{"type":"Point","coordinates":[14.4419571,50.0734378]},"type":"Feature","properties":{"natural":"tree","leaf_type":"broadleaved","kod_drevin":"2 Listnatý","kod_sprav":"59 Technická správa komunikací hl. m. Prahy, a.s.","id_strom":"70012","aktualizace":"2026-08-05","globalid":"{796F9743-4A9F-46F8-8481-636E0B987EB6}"}},{"geometry":{"type":"Point","coordinates":[14.4372891,50.0720265]},"type":"Feature","properties":{"natural":"tree","leaf_type":"broadleaved","kod_drevin":"2 Listnatý","kod_sprav":"59 Technická správa komunikací hl. m. Prahy, a.s.","id_strom":"72032","aktualizace":"2026-08-05","globalid":"{4897148C-5EE0-4248-BAAD-F422B492B255}"}},{"geometry":{"type":"Point","coordinates":[14.4369082,50.0718895]},"type":"Feature","properties":{"natural":"tree","leaf_type":"broadleaved","kod_drevin":"2 Listnatý","kod_sprav":"59 Technická správa komunikací hl. m. Prahy, a.s.","id_strom":"72033","aktualizace":"2026-08-05","globalid":"{D6E58A0B-A9DF-4C16-85A0-02D5881B0B38}"}},{"geometry":{"type":"Point","coordinates":[14.4368073,50.0718538]},"type":"Feature","properties":{"natural":"tree","leaf_type":"broadleaved","kod_drevin":"2 Listnatý","kod_sprav":"59 Technická správa komunikací hl. m. Prahy, a.s.","id_strom":"72034","aktualizace":"2026-08-05","globalid":"{515C1FD1-C57C-4EB7-A864-54655A5FC889}"}},{"geometry":{"type":"Point","coordinates":[14.4367275,50.0718242]},"type":"Feature","properties":{"natural":"tree","leaf_type":"broadleaved","kod_drevin":"2 Listnatý","kod_sprav":"59 Technická správa komunikací hl. m. Prahy, a.s.","id_strom":"72035","aktualizace":"2026-08-05","globalid":"{51873EB3-64F6-407D-A346-4CD919AF5543}"}},{"geometry":{"type":"Point","coordinates":[14.4365548,50.0717139]},"type":"Feature","properties":{"natural":"tree","leaf_type":"broadleaved","kod_drevin":"2 Listnatý","kod_sprav":"59 Technická správa komunikací hl. m. Prahy, a.s.","id_strom":"72036","aktualizace":"2026-08-05","globalid":"{27EB729A-EF3D-4EF5-9E25-AFB5F34B0589}"}},{"geometry":{"type":"Point","coordinates":[14.4365691,50.0716719]},"type":"Feature","properties":{"natural":"tree","leaf_type":"broadleaved","kod_drevin":"2 Listnatý","kod_sprav":"59 Technická správa komunikací hl. m. Prahy, a.s.","id_strom":"72037","aktualizace":"2026-08-05","globalid":"{13041A84-B058-4669-BDC0-69F1C35B475F}"}},{"geometry":{"type":"Point","coordinates":[14.4365868,50.0716286]},"type":"Feature","properties":{"natural":"tree","leaf_type":"broadleaved","kod_drevin":"2 Listnatý","kod_sprav":"59 Technická správa komunikací hl. m. Prahy, a.s.","id_strom":"72038","aktualizace":"2026-08-05","globalid":"{E034C7AE-910C-43E9-8B74-3FE8DF1A3F3E}"}},{"geometry":{"type":"Point","coordinates":[14.4366035,50.071577]},"type":"Feature","properties":{"natural":"tree","leaf_type":"broadleaved","kod_drevin":"2 Listnatý","kod_sprav":"59 Technická správa komunikací hl. m. Prahy, a.s.","id_strom":"72039","aktualizace":"2026-08-05","globalid":"{A81A98A4-79CF-4E03-B2F6-A260DCC47C04}"}},{"geometry":{"type":"Point","coordinates":[14.4366181,50.0715375]},"type":"Feature","properties":{"natural":"tree","leaf_type":"broadleaved","kod_drevin":"2 Listnatý","kod_sprav":"59 Technická správa komunikací hl. m. Prahy, a.s.","id_strom":"72040","aktualizace":"2026-08-05","globalid":"{B2FE8361-6A74-4531-B396-FE7E7B5A5C6A}"}},{"geometry":{"type":"Point","coordinates":[14.4366669,50.0713896]},"type":"Feature","properties":{"natural":"tree","leaf_type":"broadleaved","kod_drevin":"2 Listnatý","kod_sprav":"59 Technická správa komunikací hl. m. Prahy, a.s.","id_strom":"72041","aktualizace":"2026-08-05","globalid":"{FD746BB7-D50F-41A9-8FB3-AE35DE842B0F}"}},{"geometry":{"type":"Point","coordinates":[14.4366992,50.0713079]},"type":"Feature","properties":{"natural":"tree","leaf_type":"broadleaved","kod_drevin":"2 Listnatý","kod_sprav":"59 Technická správa komunikací hl. m. Prahy, a.s.","id_strom":"72043","aktualizace":"2026-08-05","globalid":"{16A7109A-B1CF-46F3-BABF-2364BDC6CC6D}"}},{"geometry":{"type":"Point","coordinates":[14.4367178,50.0712575]},"type":"Feature","properties":{"natural":"tree","leaf_type":"broadleaved","kod_drevin":"2 Listnatý","kod_sprav":"59 Technická správa komunikací hl. m. Prahy, a.s.","id_strom":"72044","aktualizace":"2026-08-05","globalid":"{B2F5951B-1E7D-4073-8745-BA111411C473}"}},{"geometry":{"type":"Point","coordinates":[14.4367321,50.071214]},"type":"Feature","properties":{"natural":"tree","leaf_type":"broadleaved","kod_drevin":"2 Listnatý","kod_sprav":"59 Technická správa komunikací hl. m. Prahy, a.s.","id_strom":"72045","aktualizace":"2026-08-05","globalid":"{81EA82A9-268F-4394-A00D-3604D5C86CCF}"}},{"geometry":{"type":"Point","coordinates":[14.4367661,50.0711207]},"type":"Feature","properties":{"natural":"tree","leaf_type":"broadleaved","kod_drevin":"2 Listnatý","kod_sprav":"59 Technická správa komunikací hl. m. Prahy, a.s.","id_strom":"72047","aktualizace":"2026-08-05","globalid":"{BA50B826-FE5F-4520-81F5-C64FCEBF031D}"}},{"geometry":{"type":"Point","coordinates":[14.4367786,50.0710763]},"type":"Feature","properties":{"natural":"tree","leaf_type":"broadleaved","kod_drevin":"2 Listnatý","kod_sprav":"59 Technická správa komunikací hl. m. Prahy, a.s.","id_strom":"72048","aktualizace":"2026-08-05","globalid":"{F663C4AF-062D-48DF-8502-3324CA2A80EE}"}},{"geometry":{"type":"Point","coordinates":[14.436647,50.0710631]},"type":"Feature","properties":{"natural":"tree","leaf_type":"broadleaved","kod_drevin":"2 Listnatý","kod_sprav":"59 Technická správa komunikací hl. m. Prahy, a.s.","id_strom":"72050","aktualizace":"2026-08-05","globalid":"{518B8B7C-BF4F-45FD-8610-8A8FF16DB53A}"}},{"geometry":{"type":"Point","coordinates":[14.43662,50.0711456]},"type":"Feature","properties":{"natural":"tree","leaf_type":"broadleaved","kod_drevin":"2 Listnatý","kod_sprav":"59 Technická správa komunikací hl. m. Prahy, a.s.","id_strom":"72051","aktualizace":"2026-08-05","globalid":"{0A7360EF-36D3-4D34-8853-1188EC23D4E6}"}},{"geometry":{"type":"Point","coordinates":[14.4365716,50.0712824]},"type":"Feature","properties":{"natural":"tree","leaf_type":"broadleaved","kod_drevin":"2 Listnatý","kod_sprav":"59 Technická správa komunikací hl. m. Prahy, a.s.","id_strom":"72052","aktualizace":"2026-08-05","globalid":"{59807313-18E4-417B-80AA-3917394A554D}"}},{"geometry":{"type":"Point","coordinates":[14.4364635,50.0715919]},"type":"Feature","properties":{"natural":"tree","leaf_type":"broadleaved","kod_drevin":"2 Listnatý","kod_sprav":"59 Technická správa komunikací hl. m. Prahy, a.s.","id_strom":"72053","aktualizace":"2026-08-05","globalid":"{F14F3581-BDCF-4C57-A08F-B6AC26C6B4E0}"}},{"geometry":{"type":"Point","coordinates":[14.4364868,50.0715176]},"type":"Feature","properties":{"natural":"tree","leaf_type":"broadleaved","kod_drevin":"2 Listnatý","kod_sprav":"59 Technická správa komunikací hl. m. Prahy, a.s.","id_strom":"72054","aktualizace":"2026-08-05","globalid":"{8EC39A6D-DD5F-44D7-99E7-56B71EAA4935}"}},{"geometry":{"type":"Point","coordinates":[14.4365133,50.0714443]},"type":"Feature","properties":{"natural":"tree","leaf_type":"broadleaved","kod_drevin":"2 Listnatý","kod_sprav":"59 Technická správa komunikací hl. m. Prahy, a.s.","id_strom":"72055","aktualizace":"2026-08-05","globalid":"{9D30A9DF-2CC7-45EC-AF68-F2D262841569}"}},{"geometry":{"type":"Point","coordinates":[14.4367586,50.0707578]},"type":"Feature","properties":{"natural":"tree","leaf_type":"broadleaved","kod_drevin":"2 Listnatý","kod_sprav":"59 Technická správa komunikací hl. m. Prahy, a.s.","id_strom":"72056","aktualizace":"2026-08-05","globalid":"{F5F9FA56-1CDD-417F-B3F8-3FA9E31CF98E}"}},{"geometry":{"type":"Point","coordinates":[14.4369876,50.0709586]},"type":"Feature","properties":{"natural":"tree","leaf_type":"broadleaved","kod_drevin":"2 Listnatý","kod_sprav":"59 Technická správa komunikací hl. m. Prahy, a.s.","id_strom":"72057","aktualizace":"2026-08-05","globalid":"{2C207C4C-63FE-4A02-942B-E39D6DB786B5}"}},{"geometry":{"type":"Point","coordinates":[14.4370836,50.0709065]},"type":"Feature","properties":{"natural":"tree","leaf_type":"broadleaved","kod_drevin":"2 Listnatý","kod_sprav":"59 Technická správa komunikací hl. m. Prahy, a.s.","id_strom":"72058","aktualizace":"2026-08-05","globalid":"{FF56D0EB-34A0-4ECF-8FFC-C618FCD091A6}"}},{"geometry":{"type":"Point","coordinates":[14.4419599,50.0733677]},"type":"Feature","properties":{"natural":"tree","leaf_type":"broadleaved","kod_drevin":"2 Listnatý","kod_sprav":"59 Technická správa komunikací hl. m. Prahy, a.s.","id_strom":"70013","aktualizace":"2026-08-05","globalid":"{0D21A745-3A0E-4DAB-9582-4775B291F9AC}"}},{"geometry":{"type":"Point","coordinates":[14.4421036,50.073403]},"type":"Feature","properties":{"natural":"tree","leaf_type":"broadleaved","kod_drevin":"2 Listnatý","kod_sprav":"59 Technická správa komunikací hl. m. Prahy, a.s.","id_strom":"70014","aktualizace":"2026-08-05","globalid":"{D74F2BDB-3493-4994-95F8-5AD072C49124}"}},{"geometry":{"type":"Point","coordinates":[14.4421104,50.073272]},"type":"Feature","properties":{"natural":"tree","leaf_type":"broadleaved","kod_drevin":"2 Listnatý","kod_sprav":"59 Technická správa komunikací hl. m. Prahy, a.s.","id_strom":"70015","aktualizace":"2026-08-05","globalid":"{2A5AB6DF-32AE-41F8-8F24-4ED6F4D41113}"}},{"geometry":{"type":"Point","coordinates":[14.4421103,50.0731943]},"type":"Feature","properties":{"natural":"tree","leaf_type":"broadleaved","kod_drevin":"2 Listnatý","kod_sprav":"59 Technická správa komunikací hl. m. Prahy, a.s.","id_strom":"70016","aktualizace":"2026-08-05","globalid":"{EC5E1FA7-7F7D-44FF-855F-A4CF5FCCD82E}"}},{"geometry":{"type":"Point","coordinates":[14.4420734,50.0755298]},"type":"Feature","properties":{"natural":"tree","leaf_type":"broadleaved","kod_drevin":"2 Listnatý","kod_sprav":"59 Technická správa komunikací hl. m. Prahy, a.s.","id_strom":"70017","aktualizace":"2026-08-05","globalid":"{3B7DE13B-479C-4467-B128-AA60F8390112}"}},{"geometry":{"type":"Point","coordinates":[14.4420731,50.0757472]},"type":"Feature","properties":{"natural":"tree","leaf_type":"broadleaved","kod_drevin":"2 Listnatý","kod_sprav":"59 Technická správa komunikací hl. m. Prahy, a.s.","id_strom":"70018","aktualizace":"2026-08-05","globalid":"{9E94226C-FB52-4141-AB6C-1F7D0C7DB172}"}},{"geometry":{"type":"Point","coordinates":[14.4419219,50.0758986]},"type":"Feature","properties":{"natural":"tree","leaf_type":"broadleaved","kod_drevin":"2 Listnatý","kod_sprav":"59 Technická správa komunikací hl. m. Prahy, a.s.","id_strom":"70019","aktualizace":"2026-08-05","globalid":"{C834BD68-A6D6-4EC0-A505-7748CCE4454B}"}},{"geometry":{"type":"Point","coordinates":[14.4419218,50.075772]},"type":"Feature","properties":{"natural":"tree","leaf_type":"broadleaved","kod_drevin":"2 Listnatý","kod_sprav":"59 Technická správa komunikací hl. m. Prahy, a.s.","id_strom":"70020","aktualizace":"2026-08-05","globalid":"{A10D7701-C54E-4B50-8899-41194FB58CF8}"}},{"geometry":{"type":"Point","coordinates":[14.4422925,50.0744637]},"type":"Feature","properties":{"natural":"tree","leaf_type":"broadleaved","kod_drevin":"2 Listnatý","kod_sprav":"59 Technická správa komunikací hl. m. Prahy, a.s.","id_strom":"70021","aktualizace":"2026-08-05","globalid":"{793F6E0F-129C-4266-A1CF-A28820D9D6FC}"}},{"geometry":{"type":"Point","coordinates":[14.4425902,50.074459]},"type":"Feature","properties":{"natural":"tree","leaf_type":"broadleaved","kod_drevin":"2 Listnatý","kod_sprav":"59 Technická správa komunikací hl. m. Prahy, a.s.","id_strom":"70022","aktualizace":"2026-08-05","globalid":"{13DDB9CB-2AEC-414D-82B9-3AE47CD60D7E}"}},{"geometry":{"type":"Point","coordinates":[14.4427995,50.0744591]},"type":"Feature","properties":{"natural":"tree","leaf_type":"broadleaved","kod_drevin":"2 Listnatý","kod_sprav":"59 Technická správa komunikací hl. m. Prahy, a.s.","id_strom":"70023","aktualizace":"2026-08-05","globalid":"{BDA2A687-EB7C-4D82-B1E1-A6653B2BCE94}"}},{"geometry":{"type":"Point","coordinates":[14.4429869,50.0744664]},"type":"Feature","properties":{"natural":"tree","leaf_type":"broadleaved","kod_drevin":"2 Listnatý","kod_sprav":"59 Technická správa komunikací hl. m. Prahy, a.s.","id_strom":"70025","aktualizace":"2026-08-05","globalid":"{DB16FACC-CA6C-410F-8063-7AB4ACA49BE6}"}},{"geometry":{"type":"Point","coordinates":[14.4430605,50.0743653]},"type":"Feature","properties":{"natural":"tree","leaf_type":"broadleaved","kod_drevin":"2 Listnatý","kod_sprav":"59 Technická správa komunikací hl. m. Prahy, a.s.","id_strom":"70026","aktualizace":"2026-08-05","globalid":"{A6C6C743-0CBF-4392-BEC6-E5B9BA25AF39}"}},{"geometry":{"type":"Point","coordinates":[14.4427301,50.0743622]},"type":"Feature","properties":{"natural":"tree","leaf_type":"broadleaved","kod_drevin":"2 Listnatý","kod_sprav":"59 Technická správa komunikací hl. m. Prahy, a.s.","id_strom":"70027","aktualizace":"2026-08-05","globalid":"{1EF02E75-30EC-42C0-ACFF-B139132680C9}"}},{"geometry":{"type":"Point","coordinates":[14.4424071,50.0743598]},"type":"Feature","properties":{"natural":"tree","leaf_type":"broadleaved","kod_drevin":"2 Listnatý","kod_sprav":"59 Technická správa komunikací hl. m. Prahy, a.s.","id_strom":"70029","aktualizace":"2026-08-05","globalid":"{6E67ED12-24F4-450D-915B-4D1084C095A2}"}},{"geometry":{"type":"Point","coordinates":[14.442299,50.0743592]},"type":"Feature","properties":{"natural":"tree","leaf_type":"broadleaved","kod_drevin":"2 Listnatý","kod_sprav":"59 Technická správa komunikací hl. m. Prahy, a.s.","id_strom":"70030","aktualizace":"2026-08-05","globalid":"{EE7A78F6-3DFF-484A-AC69-AD5A6B11CB06}"}},{"geometry":{"type":"Point","coordinates":[14.4425252,50.07436]},"type":"Feature","properties":{"natural":"tree","leaf_type":"broadleaved","kod_drevin":"2 Listnatý","kod_sprav":"59 Technická správa komunikací hl. m. Prahy, a.s.","id_strom":"70031","aktualizace":"2026-08-05","globalid":"{48E738E7-FF30-4B35-8C1E-CAF26031FB64}"}},{"geometry":{"type":"Point","coordinates":[14.4437531,50.0744682]},"type":"Feature","properties":{"natural":"tree","leaf_type":"broadleaved","kod_drevin":"2 Listnatý","kod_sprav":"59 Technická správa komunikací hl. m. Prahy, a.s.","id_strom":"70032","aktualizace":"2026-08-05","globalid":"{1E6FB7B7-4B72-4C45-BDE5-FF200C897084}"}},{"geometry":{"type":"Point","coordinates":[14.4409766,50.0726679]},"type":"Feature","properties":{"natural":"tree","kod_sprav":"59 Technická správa komunikací hl. m. Prahy, a.s.","id_strom":"71954","aktualizace":"2026-08-05","globalid":"{2B3012FA-81B5-4DAA-A2F3-49066931FCA8}"}},{"geometry":{"type":"Point","coordinates":[14.4409207,50.0727364]},"type":"Feature","properties":{"natural":"tree","leaf_type":"broadleaved","kod_drevin":"2 Listnatý","kod_sprav":"59 Technická správa komunikací hl. m. Prahy, a.s.","id_strom":"71955","aktualizace":"2026-08-05","globalid":"{5DA5247D-503F-4175-A4D1-210FC40B5101}"}},{"geometry":{"type":"Point","coordinates":[14.4410133,50.0727777]},"type":"Feature","properties":{"natural":"tree","kod_sprav":"59 Technická správa komunikací hl. m. Prahy, a.s.","id_strom":"71956","aktualizace":"2026-08-05","globalid":"{13724E2B-6461-4079-852B-9C8AE786D961}"}},{"geometry":{"type":"Point","coordinates":[14.4411014,50.0728195]},"type":"Feature","properties":{"natural":"tree","kod_sprav":"59 Technická správa komunikací hl. m. Prahy, a.s.","id_strom":"71957","aktualizace":"2026-08-05","globalid":"{8DB9F5D1-DAD1-4678-BC26-B212E96EC5B4}"}},{"geometry":{"type":"Point","coordinates":[14.4408076,50.0726842]},"type":"Feature","properties":{"natural":"tree","kod_sprav":"59 Technická správa komunikací hl. m. Prahy, a.s.","id_strom":"71959","aktualizace":"2026-08-05","globalid":"{BB68E5A4-9B13-4A56-9A3E-55D24B4DDD24}"}},{"geometry":{"type":"Point","coordinates":[14.4407426,50.0726545]},"type":"Feature","properties":{"natural":"tree","kod_sprav":"59 Technická správa komunikací hl. m. Prahy, a.s.","id_strom":"71960","aktualizace":"2026-08-05","globalid":"{CF5944E0-D131-46F9-BA76-ED40D40FD036}"}},{"geometry":{"type":"Point","coordinates":[14.4405145,50.0725526]},"type":"Feature","properties":{"natural":"tree","kod_sprav":"59 Technická správa komunikací hl. m. Prahy, a.s.","id_strom":"71961","aktualizace":"2026-08-05","globalid":"{28A52E24-CA55-4FF9-AF9B-ECF9A103E1F5}"}},{"geometry":{"type":"Point","coordinates":[14.4405791,50.0725841]},"type":"Feature","properties":{"natural":"tree","kod_sprav":"59 Technická správa komunikací hl. m. Prahy, a.s.","id_strom":"71962","aktualizace":"2026-08-05","globalid":"{C3C7C8E9-F9CC-4467-B14B-DDFCD0268AD2}"}},{"geometry":{"type":"Point","coordinates":[14.4403217,50.0724667]},"type":"Feature","properties":{"natural":"tree","kod_sprav":"59 Technická správa komunikací hl. m. Prahy, a.s.","id_strom":"71963","aktualizace":"2026-08-05","globalid":"{C8726908-9593-4393-BB19-6D613A052A44}"}},{"geometry":{"type":"Point","coordinates":[14.4399775,50.0723131]},"type":"Feature","properties":{"natural":"tree","kod_sprav":"59 Technická správa komunikací hl. m. Prahy, a.s.","id_strom":"71964","aktualizace":"2026-08-05","globalid":"{3EA0606E-D6ED-4CE4-8DC8-5BBE1D3892E6}"}},{"geometry":{"type":"Point","coordinates":[14.4400841,50.0723556]},"type":"Feature","properties":{"natural":"tree","kod_sprav":"59 Technická správa komunikací hl. m. Prahy, a.s.","id_strom":"71965","aktualizace":"2026-08-05","globalid":"{1DD8B6A6-B52B-43B0-8E74-A3AE01FBAF0E}"}},{"geometry":{"type":"Point","coordinates":[14.4401999,50.0724082]},"type":"Feature","properties":{"natural":"tree","kod_sprav":"59 Technická správa komunikací hl. m. Prahy, a.s.","id_strom":"71966","aktualizace":"2026-08-05","globalid":"{9E0D8860-FCF3-41C8-B5CF-5AF4CF044330}"}},{"geometry":{"type":"Point","coordinates":[14.4413788,50.0729441]},"type":"Feature","properties":{"natural":"tree","kod_sprav":"59 Technická správa komunikací hl. m. Prahy, a.s.","id_strom":"71967","aktualizace":"2026-08-05","globalid":"{510C9725-C00C-4DD2-B657-F3B0ADD138C3}"}},{"geometry":{"type":"Point","coordinates":[14.4412316,50.0728808]},"type":"Feature","properties":{"natural":"tree","kod_sprav":"59 Technická správa komunikací hl. m. Prahy, a.s.","id_strom":"71968","aktualizace":"2026-08-05","globalid":"{35E87E75-E7F1-4B3E-9BAD-37C780904F99}"}},{"geometry":{"type":"Point","coordinates":[14.4411591,50.0728429]},"type":"Feature","properties":{"natural":"tree","kod_sprav":"59 Technická správa komunikací hl. m. Prahy, a.s.","id_strom":"71969","aktualizace":"2026-08-05","globalid":"{D7C41752-3D8D-430F-9C77-A88116E3F8DE}"}},{"geometry":{"type":"Point","coordinates":[14.4413637,50.0728409]},"type":"Feature","properties":{"natural":"tree","kod_sprav":"59 Technická správa komunikací hl. m. Prahy, a.s.","id_strom":"71970","aktualizace":"2026-08-05","globalid":"{EE976843-CA84-4842-913B-DC0106B40751}"}},{"geometry":{"type":"Point","coordinates":[14.4415177,50.0729086]},"type":"Feature","properties":{"natural":"tree","kod_sprav":"59 Technická správa komunikací hl. m. Prahy, a.s.","id_strom":"71972","aktualizace":"2026-08-05","globalid":"{E4C477FE-679C-46F7-B7D3-D4D48741630E}"}},{"geometry":{"type":"Point","coordinates":[14.4401536,50.0734981]},"type":"Feature","properties":{"natural":"tree","leaf_type":"broadleaved","kod_drevin":"2 Listnatý","kod_sprav":"59 Technická správa komunikací hl. m. Prahy, a.s.","id_strom":"71973","aktualizace":"2026-08-05","globalid":"{FA749C26-28E2-4FF3-9063-14925E3EC27E}"}},{"geometry":{"type":"Point","coordinates":[14.4399321,50.0733277]},"type":"Feature","properties":{"natural":"tree","leaf_type":"broadleaved","kod_drevin":"2 Listnatý","kod_sprav":"59 Technická správa komunikací hl. m. Prahy, a.s.","id_strom":"71974","aktualizace":"2026-08-05","globalid":"{DC1F5160-CC71-43C0-8007-3BA69F48FDC5}"}},{"geometry":{"type":"Point","coordinates":[14.4398213,50.0732462]},"type":"Feature","properties":{"natural":"tree","leaf_type":"broadleaved","kod_drevin":"2 Listnatý","kod_sprav":"59 Technická správa komunikací hl. m. Prahy, a.s.","id_strom":"71975","aktualizace":"2026-08-05","globalid":"{5460B455-27B5-4306-A702-6AD119FF0A53}"}},{"geometry":{"type":"Point","coordinates":[14.4396909,50.0731509]},"type":"Feature","properties":{"natural":"tree","leaf_type":"broadleaved","kod_drevin":"2 Listnatý","kod_sprav":"59 Technická správa komunikací hl. m. Prahy, a.s.","id_strom":"71976","aktualizace":"2026-08-05","globalid":"{D30EDBFE-628B-4370-9834-6EFE4F5C7EA5}"}},{"geometry":{"type":"Point","coordinates":[14.4459467,50.072731]},"type":"Feature","properties":{"natural":"tree","leaf_type":"broadleaved","kod_drevin":"2 Listnatý","kod_sprav":"59 Technická správa komunikací hl. m. Prahy, a.s.","id_strom":"71515","aktualizace":"2026-08-05","globalid":"{5A069540-3303-4A27-8C2A-F9486EB93352}"}},{"geometry":{"type":"Point","coordinates":[14.4438758,50.0733171]},"type":"Feature","properties":{"natural":"tree","leaf_type":"broadleaved","kod_drevin":"2 Listnatý","kod_sprav":"59 Technická správa komunikací hl. m. Prahy, a.s.","id_strom":"71517","aktualizace":"2026-08-05","globalid":"{4FCFD754-3C3B-4ECE-982A-508053EEBF70}"}},{"geometry":{"type":"Point","coordinates":[14.4438737,50.0732]},"type":"Feature","properties":{"natural":"tree","leaf_type":"broadleaved","kod_drevin":"2 Listnatý","kod_sprav":"59 Technická správa komunikací hl. m. Prahy, a.s.","id_strom":"71518","aktualizace":"2026-08-05","globalid":"{119E5EEF-EE7B-4423-A4F8-2A38343A5680}"}},{"geometry":{"type":"Point","coordinates":[14.4438847,50.0729827]},"type":"Feature","properties":{"natural":"tree","leaf_type":"broadleaved","kod_drevin":"2 Listnatý","kod_sprav":"59 Technická správa komunikací hl. m. Prahy, a.s.","id_strom":"71519","aktualizace":"2026-08-05","globalid":"{0B84CB40-7AC4-4462-B550-3FB2A3D165AD}"}},{"geometry":{"type":"Point","coordinates":[14.44388,50.0730444]},"type":"Feature","properties":{"natural":"tree","leaf_type":"broadleaved","kod_drevin":"2 Listnatý","kod_sprav":"59 Technická správa komunikací hl. m. Prahy, a.s.","id_strom":"71520","aktualizace":"2026-08-05","globalid":"{98CD7CE0-82E8-4BFD-AF69-7F1A3F5DBC11}"}},{"geometry":{"type":"Point","coordinates":[14.4438864,50.0727883]},"type":"Feature","properties":{"natural":"tree","leaf_type":"broadleaved","kod_drevin":"2 Listnatý","kod_sprav":"59 Technická správa komunikací hl. m. Prahy, a.s.","id_strom":"71521","aktualizace":"2026-08-05","globalid":"{54B6E448-AB8B-45A5-BA0B-8DD30F9420B3}"}},{"geometry":{"type":"Point","coordinates":[14.4440321,50.0727911]},"type":"Feature","properties":{"natural":"tree","leaf_type":"broadleaved","kod_drevin":"2 Listnatý","kod_sprav":"59 Technická správa komunikací hl. m. Prahy, a.s.","id_strom":"71522","aktualizace":"2026-08-05","globalid":"{6E3D81E1-3B0D-421F-95D9-ED59CAAD1C67}"}},{"geometry":{"type":"Point","coordinates":[14.4440304,50.0729846]},"type":"Feature","properties":{"natural":"tree","leaf_type":"broadleaved","kod_drevin":"2 Listnatý","kod_sprav":"59 Technická správa komunikací hl. m. Prahy, a.s.","id_strom":"71523","aktualizace":"2026-08-05","globalid":"{5FA86FCF-8ECA-4EF9-8B22-555EBB72CD08}"}},{"geometry":{"type":"Point","coordinates":[14.4440244,50.0731192]},"type":"Feature","properties":{"natural":"tree","leaf_type":"broadleaved","kod_drevin":"2 Listnatý","kod_sprav":"59 Technická správa komunikací hl. m. Prahy, a.s.","id_strom":"71524","aktualizace":"2026-08-05","globalid":"{4659B560-1EFC-41F5-A219-7E0B768B3956}"}},{"geometry":{"type":"Point","coordinates":[14.4440231,50.0730525]},"type":"Feature","properties":{"natural":"tree","leaf_type":"broadleaved","kod_drevin":"2 Listnatý","kod_sprav":"59 Technická správa komunikací hl. m. Prahy, a.s.","id_strom":"71525","aktualizace":"2026-08-05","globalid":"{F594B71F-C4A1-4DA8-B8AB-976A7D6F3516}"}},{"geometry":{"type":"Point","coordinates":[14.4440224,50.0731885]},"type":"Feature","properties":{"natural":"tree","leaf_type":"broadleaved","kod_drevin":"2 Listnatý","kod_sprav":"59 Technická správa komunikací hl. m. Prahy, a.s.","id_strom":"71526","aktualizace":"2026-08-05","globalid":"{DB8A1659-584E-4B14-96F8-9DE771CE5247}"}},{"geometry":{"type":"Point","coordinates":[14.4440205,50.0732577]},"type":"Feature","properties":{"natural":"tree","leaf_type":"broadleaved","kod_drevin":"2 Listnatý","kod_sprav":"59 Technická správa komunikací hl. m. Prahy, a.s.","id_strom":"71527","aktualizace":"2026-08-05","globalid":"{E26386CF-C699-4080-8368-29AC9A2C58FD}"}},{"geometry":{"type":"Point","coordinates":[14.4440184,50.0733334]},"type":"Feature","properties":{"natural":"tree","leaf_type":"broadleaved","kod_drevin":"2 Listnatý","kod_sprav":"59 Technická správa komunikací hl. m. Prahy, a.s.","id_strom":"71528","aktualizace":"2026-08-05","globalid":"{0317F9E8-E867-4309-BC1A-ED39CB1963DA}"}},{"geometry":{"type":"Point","coordinates":[14.4395216,50.0730204]},"type":"Feature","properties":{"natural":"tree","leaf_type":"broadleaved","kod_drevin":"2 Listnatý","kod_sprav":"59 Technická správa komunikací hl. m. Prahy, a.s.","id_strom":"71977","aktualizace":"2026-08-05","globalid":"{C1C919D6-6E0A-442F-ABC2-3985ECA59A24}"}},{"geometry":{"type":"Point","coordinates":[14.4393685,50.0729034]},"type":"Feature","properties":{"natural":"tree","leaf_type":"broadleaved","kod_drevin":"2 Listnatý","kod_sprav":"59 Technická správa komunikací hl. m. Prahy, a.s.","id_strom":"71979","aktualizace":"2026-08-05","globalid":"{933D2144-C29C-4A4B-AB0E-862A0610DB77}"}},{"geometry":{"type":"Point","coordinates":[14.439436,50.0728451]},"type":"Feature","properties":{"natural":"tree","leaf_type":"broadleaved","kod_drevin":"2 Listnatý","kod_sprav":"59 Technická správa komunikací hl. m. Prahy, a.s.","id_strom":"71980","aktualizace":"2026-08-05","globalid":"{1B4373DB-01A9-475A-B0E4-2AA35C4E8D3A}"}},{"geometry":{"type":"Point","coordinates":[14.4394867,50.0728837]},"type":"Feature","properties":{"natural":"tree","leaf_type":"broadleaved","kod_drevin":"2 Listnatý","kod_sprav":"59 Technická správa komunikací hl. m. Prahy, a.s.","id_strom":"71981","aktualizace":"2026-08-05","globalid":"{4350C646-D3CF-4FCA-BC3E-8D4337C004CE}"}},{"geometry":{"type":"Point","coordinates":[14.4395885,50.0729633]},"type":"Feature","properties":{"natural":"tree","leaf_type":"broadleaved","kod_drevin":"2 Listnatý","kod_sprav":"59 Technická správa komunikací hl. m. Prahy, a.s.","id_strom":"71982","aktualizace":"2026-08-05","globalid":"{FAC0D716-C753-49E9-8FB1-79796F51F5D7}"}},{"geometry":{"type":"Point","coordinates":[14.4396551,50.0730119]},"type":"Feature","properties":{"natural":"tree","leaf_type":"broadleaved","kod_drevin":"2 Listnatý","kod_sprav":"59 Technická správa komunikací hl. m. Prahy, a.s.","id_strom":"71983","aktualizace":"2026-08-05","globalid":"{35B2F34C-BD4E-4711-BF93-6646CBF697D2}"}},{"geometry":{"type":"Point","coordinates":[14.4397995,50.0731212]},"type":"Feature","properties":{"natural":"tree","leaf_type":"broadleaved","kod_drevin":"2 Listnatý","kod_sprav":"59 Technická správa komunikací hl. m. Prahy, a.s.","id_strom":"71984","aktualizace":"2026-08-05","globalid":"{22BC7EB1-238D-4F77-8546-BB205DE57C82}"}},{"geometry":{"type":"Point","coordinates":[14.4398864,50.0731843]},"type":"Feature","properties":{"natural":"tree","leaf_type":"broadleaved","kod_drevin":"2 Listnatý","kod_sprav":"59 Technická správa komunikací hl. m. Prahy, a.s.","id_strom":"71985","aktualizace":"2026-08-05","globalid":"{BF3F4B62-6B9F-49ED-9E92-61D978F5244D}"}},{"geometry":{"type":"Point","coordinates":[14.4399722,50.0732491]},"type":"Feature","properties":{"natural":"tree","leaf_type":"broadleaved","kod_drevin":"2 Listnatý","kod_sprav":"59 Technická správa komunikací hl. m. Prahy, a.s.","id_strom":"71986","aktualizace":"2026-08-05","globalid":"{7076EFAD-9AFE-4AC8-AE31-E44DB88DBC65}"}},{"geometry":{"type":"Point","coordinates":[14.4401751,50.0734038]},"type":"Feature","properties":{"natural":"tree","leaf_type":"broadleaved","kod_drevin":"2 Listnatý","kod_sprav":"59 Technická správa komunikací hl. m. Prahy, a.s.","id_strom":"71987","aktualizace":"2026-08-05","globalid":"{DCBDF0BD-3841-4FE6-A552-0E9587120EE1}"}},{"geometry":{"type":"Point","coordinates":[14.4401049,50.0733483]},"type":"Feature","properties":{"natural":"tree","leaf_type":"broadleaved","kod_drevin":"2 Listnatý","kod_sprav":"59 Technická správa komunikací hl. m. Prahy, a.s.","id_strom":"71988","aktualizace":"2026-08-05","globalid":"{EE54AF6C-72E0-4F4E-BCFB-798FEEEEA127}"}},{"geometry":{"type":"Point","coordinates":[14.4400187,50.0732849]},"type":"Feature","properties":{"natural":"tree","leaf_type":"broadleaved","kod_drevin":"2 Listnatý","kod_sprav":"59 Technická správa komunikací hl. m. Prahy, a.s.","id_strom":"71989","aktualizace":"2026-08-05","globalid":"{0BECD513-D80F-4B24-9A73-D84DEBD72B72}"}},{"geometry":{"type":"Point","coordinates":[14.4379647,50.0723897]},"type":"Feature","properties":{"natural":"tree","leaf_type":"broadleaved","kod_drevin":"2 Listnatý","kod_sprav":"59 Technická správa komunikací hl. m. Prahy, a.s.","id_strom":"71990","aktualizace":"2026-08-05","globalid":"{AE701E85-A2B3-40CF-BA40-D8CBA9F3A417}"}},{"geometry":{"type":"Point","coordinates":[14.4380274,50.0725293]},"type":"Feature","properties":{"natural":"tree","leaf_type":"broadleaved","kod_drevin":"2 Listnatý","kod_sprav":"59 Technická správa komunikací hl. m. Prahy, a.s.","id_strom":"71991","aktualizace":"2026-08-05","globalid":"{1782229C-3667-429C-A505-B01608F66DB5}"}},{"geometry":{"type":"Point","coordinates":[14.438221,50.0726088]},"type":"Feature","properties":{"natural":"tree","leaf_type":"broadleaved","kod_drevin":"2 Listnatý","kod_sprav":"59 Technická správa komunikací hl. m. Prahy, a.s.","id_strom":"71992","aktualizace":"2026-08-05","globalid":"{C8CCA319-03CF-4988-95DA-7B454E8BFA23}"}},{"geometry":{"type":"Point","coordinates":[14.4382965,50.0725939]},"type":"Feature","properties":{"natural":"tree","leaf_type":"broadleaved","kod_drevin":"2 Listnatý","kod_sprav":"59 Technická správa komunikací hl. m. Prahy, a.s.","id_strom":"71993","aktualizace":"2026-08-05","globalid":"{3D79D4BC-EE65-4F38-AB58-3261DBE2FFD4}"}},{"geometry":{"type":"Point","coordinates":[14.4385612,50.0725715]},"type":"Feature","properties":{"natural":"tree","leaf_type":"broadleaved","kod_drevin":"2 Listnatý","kod_sprav":"59 Technická správa komunikací hl. m. Prahy, a.s.","id_strom":"71994","aktualizace":"2026-08-05","globalid":"{4F9949E6-E729-4074-A4F6-0786097AE031}"}},{"geometry":{"type":"Point","coordinates":[14.4386895,50.0726178]},"type":"Feature","properties":{"natural":"tree","leaf_type":"broadleaved","kod_drevin":"2 Listnatý","kod_sprav":"59 Technická správa komunikací hl. m. Prahy, a.s.","id_strom":"71996","aktualizace":"2026-08-05","globalid":"{FB91AC41-D6C1-45EF-A565-39963E55E360}"}},{"geometry":{"type":"Point","coordinates":[14.4388424,50.0726705]},"type":"Feature","properties":{"natural":"tree","leaf_type":"broadleaved","kod_drevin":"2 Listnatý","kod_sprav":"59 Technická správa komunikací hl. m. Prahy, a.s.","id_strom":"71998","aktualizace":"2026-08-05","globalid":"{C90E0DD8-D2C4-442C-B40A-B0DC1F166C31}"}},{"geometry":{"type":"Point","coordinates":[14.4389406,50.0727045]},"type":"Feature","properties":{"natural":"tree","leaf_type":"broadleaved","kod_drevin":"2 Listnatý","kod_sprav":"59 Technická správa komunikací hl. m. Prahy, a.s.","id_strom":"71999","aktualizace":"2026-08-05","globalid":"{653E737B-5704-47EF-BA36-97C134AC3677}"}},{"geometry":{"type":"Point","coordinates":[14.439047,50.0726582]},"type":"Feature","properties":{"natural":"tree","leaf_type":"broadleaved","kod_drevin":"2 Listnatý","kod_sprav":"59 Technická správa komunikací hl. m. Prahy, a.s.","id_strom":"72000","aktualizace":"2026-08-05","globalid":"{657D4F35-90C0-41F1-9548-1FB98F897239}"}},{"geometry":{"type":"Point","coordinates":[14.4389486,50.0726221]},"type":"Feature","properties":{"natural":"tree","leaf_type":"broadleaved","kod_drevin":"2 Listnatý","kod_sprav":"59 Technická správa komunikací hl. m. Prahy, a.s.","id_strom":"72001","aktualizace":"2026-08-05","globalid":"{1F36F8FF-F73A-4DED-BAA6-0310D1741309}"}},{"geometry":{"type":"Point","coordinates":[14.438621,50.0725042]},"type":"Feature","properties":{"natural":"tree","leaf_type":"broadleaved","kod_drevin":"2 Listnatý","kod_sprav":"59 Technická správa komunikací hl. m. Prahy, a.s.","id_strom":"72003","aktualizace":"2026-08-05","globalid":"{7B69C737-476D-4928-B6B8-537BAD6172F8}"}},{"geometry":{"type":"Point","coordinates":[14.4387524,50.0725523]},"type":"Feature","properties":{"natural":"tree","leaf_type":"broadleaved","kod_drevin":"2 Listnatý","kod_sprav":"59 Technická správa komunikací hl. m. Prahy, a.s.","id_strom":"72004","aktualizace":"2026-08-05","globalid":"{8F630E17-53A6-4EF2-91A3-140FB2DAFE64}"}},{"geometry":{"type":"Point","coordinates":[14.4411492,50.0743579]},"type":"Feature","properties":{"natural":"tree","leaf_type":"broadleaved","kod_drevin":"2 Listnatý","kod_sprav":"59 Technická správa komunikací hl. m. Prahy, a.s.","id_strom":"73888","aktualizace":"2026-08-05","globalid":"{4F97E53C-78E6-439D-9C67-E7659D0501CD}"}},{"geometry":{"type":"Point","coordinates":[14.4410622,50.0743584]},"type":"Feature","properties":{"natural":"tree","leaf_type":"broadleaved","kod_drevin":"2 Listnatý","kod_sprav":"59 Technická správa komunikací hl. m. Prahy, a.s.","id_strom":"73889","aktualizace":"2026-08-05","globalid":"{7D6E45D7-3F8A-4F2D-8766-6EDC54613FEC}"}},{"geometry":{"type":"Point","coordinates":[14.4409707,50.0743575]},"type":"Feature","properties":{"natural":"tree","leaf_type":"broadleaved","kod_drevin":"2 Listnatý","kod_sprav":"59 Technická správa komunikací hl. m. Prahy, a.s.","id_strom":"73890","aktualizace":"2026-08-05","globalid":"{FD253E97-035B-4EDC-ACCE-F296193119CC}"}},{"geometry":{"type":"Point","coordinates":[14.4408873,50.0743515]},"type":"Feature","properties":{"natural":"tree","leaf_type":"broadleaved","kod_drevin":"2 Listnatý","kod_sprav":"59 Technická správa komunikací hl. m. Prahy, a.s.","id_strom":"73891","aktualizace":"2026-08-05","globalid":"{191C55BB-8412-467B-9C4F-097193C3A03A}"}},{"geometry":{"type":"Point","coordinates":[14.4408087,50.074355]},"type":"Feature","properties":{"natural":"tree","leaf_type":"broadleaved","kod_drevin":"2 Listnatý","kod_sprav":"59 Technická správa komunikací hl. m. Prahy, a.s.","id_strom":"73892","aktualizace":"2026-08-05","globalid":"{A05C46D1-E16A-4149-8F7E-4458B7106EA3}"}},{"geometry":{"type":"Point","coordinates":[14.4400526,50.0738088]},"type":"Feature","properties":{"natural":"tree","leaf_type":"broadleaved","kod_drevin":"2 Listnatý","kod_sprav":"59 Technická správa komunikací hl. m. Prahy, a.s.","id_strom":"73894","aktualizace":"2026-08-05","globalid":"{10C6A410-BCE0-45DA-9F24-8DF125E580BB}"}},{"geometry":{"type":"Point","coordinates":[14.4400558,50.0736532]},"type":"Feature","properties":{"natural":"tree","leaf_type":"broadleaved","kod_drevin":"2 Listnatý","kod_sprav":"59 Technická správa komunikací hl. m. Prahy, a.s.","id_strom":"73895","aktualizace":"2026-08-05","globalid":"{EE8379F0-BE77-4254-B48A-3E5AE079CCA1}"}},{"geometry":{"type":"Point","coordinates":[14.4402409,50.0734524]},"type":"Feature","properties":{"natural":"tree","leaf_type":"broadleaved","kod_drevin":"2 Listnatý","kod_sprav":"59 Technická správa komunikací hl. m. Prahy, a.s.","id_strom":"73896","aktualizace":"2026-08-05","globalid":"{0B0B222F-FDBE-4ED3-B123-232AE19D78B0}"}},{"geometry":{"type":"Point","coordinates":[14.4400012,50.0733822]},"type":"Feature","properties":{"natural":"tree","leaf_type":"broadleaved","kod_drevin":"2 Listnatý","kod_sprav":"59 Technická správa komunikací hl. m. Prahy, a.s.","id_strom":"73897","aktualizace":"2026-08-05","globalid":"{181D4539-35FD-41E5-9214-B6F7AE1B5DB6}"}},{"geometry":{"type":"Point","coordinates":[14.4396062,50.0730837]},"type":"Feature","properties":{"natural":"tree","leaf_type":"broadleaved","kod_drevin":"2 Listnatý","kod_sprav":"59 Technická správa komunikací hl. m. Prahy, a.s.","id_strom":"73898","aktualizace":"2026-08-05","globalid":"{D8AA88D8-3E60-4F20-90EA-41245492C09A}"}},{"geometry":{"type":"Point","coordinates":[14.4438308,50.0756848]},"type":"Feature","properties":{"natural":"tree","leaf_type":"broadleaved","kod_drevin":"2 Listnatý","kod_sprav":"59 Technická správa komunikací hl. m. Prahy, a.s.","id_strom":"72541","aktualizace":"2026-08-05","globalid":"{52D9F582-037A-413E-BCB8-3D539B89C7B2}"}},{"geometry":{"type":"Point","coordinates":[14.4440015,50.0746888]},"type":"Feature","properties":{"natural":"tree","leaf_type":"broadleaved","kod_drevin":"2 Listnatý","kod_sprav":"59 Technická správa komunikací hl. m. Prahy, a.s.","id_strom":"73320","aktualizace":"2026-08-05","globalid":"{904C2033-5690-4DEF-925C-7BCC19673D99}"}},{"geometry":{"type":"Point","coordinates":[14.4437544,50.0743699]},"type":"Feature","properties":{"natural":"tree","leaf_type":"broadleaved","kod_drevin":"2 Listnatý","kod_sprav":"59 Technická správa komunikací hl. m. Prahy, a.s.","id_strom":"73321","aktualizace":"2026-08-05","globalid":"{95AD2A4C-7CFD-47C7-8C2E-80093FD162B9}"}},{"geometry":{"type":"Point","coordinates":[14.4454697,50.0752834]},"type":"Feature","properties":{"natural":"tree","leaf_type":"broadleaved","kod_drevin":"2 Listnatý","kod_sprav":"59 Technická správa komunikací hl. m. Prahy, a.s.","id_strom":"73323","aktualizace":"2026-08-05","globalid":"{8637499D-0431-4EB5-9180-18B5C543369E}"}},{"geometry":{"type":"Point","coordinates":[14.4453843,50.0744783]},"type":"Feature","properties":{"natural":"tree","leaf_type":"broadleaved","kod_drevin":"2 Listnatý","kod_sprav":"59 Technická správa komunikací hl. m. Prahy, a.s.","id_strom":"73324","aktualizace":"2026-08-05","globalid":"{AA307B17-4185-4A47-AB4B-FAD1A3ECB6F0}"}},{"geometry":{"type":"Point","coordinates":[14.4445398,50.0744787]},"type":"Feature","properties":{"natural":"tree","leaf_type":"broadleaved","kod_drevin":"2 Listnatý","kod_sprav":"59 Technická správa komunikací hl. m. Prahy, a.s.","id_strom":"73325","aktualizace":"2026-08-05","globalid":"{4A90F47F-30A8-4F40-8882-EDE1D091725E}"}},{"geometry":{"type":"Point","coordinates":[14.4444003,50.0744749]},"type":"Feature","properties":{"natural":"tree","leaf_type":"broadleaved","kod_drevin":"2 Listnatý","kod_sprav":"59 Technická správa komunikací hl. m. Prahy, a.s.","id_strom":"73326","aktualizace":"2026-08-05","globalid":"{8C175F27-EAB2-4BCB-8D5A-5525BA2A27C9}"}},{"geometry":{"type":"Point","coordinates":[14.4444325,50.0743705]},"type":"Feature","properties":{"natural":"tree","leaf_type":"broadleaved","kod_drevin":"2 Listnatý","kod_sprav":"59 Technická správa komunikací hl. m. Prahy, a.s.","id_strom":"73327","aktualizace":"2026-08-05","globalid":"{B9F27580-722A-4390-893A-349FC729D656}"}},{"geometry":{"type":"Point","coordinates":[14.4445455,50.0743701]},"type":"Feature","properties":{"natural":"tree","leaf_type":"broadleaved","kod_drevin":"2 Listnatý","kod_sprav":"59 Technická správa komunikací hl. m. Prahy, a.s.","id_strom":"73328","aktualizace":"2026-08-05","globalid":"{58BFCE87-7031-4D3B-B6AD-07E32111ACBA}"}},{"geometry":{"type":"Point","coordinates":[14.4452296,50.0743796]},"type":"Feature","properties":{"natural":"tree","leaf_type":"broadleaved","kod_drevin":"2 Listnatý","kod_sprav":"59 Technická správa komunikací hl. m. Prahy, a.s.","id_strom":"73329","aktualizace":"2026-08-05","globalid":"{03296D26-2E2E-4F99-9B7D-5080AEBE9820}"}},{"geometry":{"type":"Point","coordinates":[14.4453308,50.0743782]},"type":"Feature","properties":{"natural":"tree","leaf_type":"broadleaved","kod_drevin":"2 Listnatý","kod_sprav":"59 Technická správa komunikací hl. m. Prahy, a.s.","id_strom":"73330","aktualizace":"2026-08-05","globalid":"{73693CC1-6DB6-4442-BCF9-874C6320D926}"}},{"geometry":{"type":"Point","coordinates":[14.4454229,50.0743783]},"type":"Feature","properties":{"natural":"tree","leaf_type":"broadleaved","kod_drevin":"2 Listnatý","kod_sprav":"59 Technická správa komunikací hl. m. Prahy, a.s.","id_strom":"73331","aktualizace":"2026-08-05","globalid":"{F3E80573-DB8A-4AB7-8411-AF16B3D431A7}"}},{"geometry":{"type":"Point","coordinates":[14.4455222,50.0743794]},"type":"Feature","properties":{"natural":"tree","leaf_type":"broadleaved","kod_drevin":"2 Listnatý","kod_sprav":"59 Technická správa komunikací hl. m. Prahy, a.s.","id_strom":"73332","aktualizace":"2026-08-05","globalid":"{B8A286D4-B5B6-4D2A-97FA-DDF05B4480C6}"}},{"geometry":{"type":"Point","coordinates":[14.4456406,50.0743804]},"type":"Feature","properties":{"natural":"tree","leaf_type":"broadleaved","kod_drevin":"2 Listnatý","kod_sprav":"59 Technická správa komunikací hl. m. Prahy, a.s.","id_strom":"73333","aktualizace":"2026-08-05","globalid":"{93118290-F9CE-44F6-8D82-7AD19098E342}"}},{"geometry":{"type":"Point","coordinates":[14.4457813,50.0737477]},"type":"Feature","properties":{"natural":"tree","leaf_type":"broadleaved","kod_drevin":"2 Listnatý","kod_sprav":"59 Technická správa komunikací hl. m. Prahy, a.s.","id_strom":"73334","aktualizace":"2026-08-05","globalid":"{8B2A95C8-3EEF-4513-B504-CB3D3E909FD5}"}},{"geometry":{"type":"Point","coordinates":[14.445774,50.0736485]},"type":"Feature","properties":{"natural":"tree","leaf_type":"broadleaved","kod_drevin":"2 Listnatý","kod_sprav":"59 Technická správa komunikací hl. m. Prahy, a.s.","id_strom":"73335","aktualizace":"2026-08-05","globalid":"{FA5BFC96-965B-48AE-AA39-3ACC654CCB09}"}},{"geometry":{"type":"Point","coordinates":[14.4459409,50.0736328]},"type":"Feature","properties":{"natural":"tree","leaf_type":"broadleaved","kod_drevin":"2 Listnatý","kod_sprav":"59 Technická správa komunikací hl. m. Prahy, a.s.","id_strom":"73336","aktualizace":"2026-08-05","globalid":"{D71D7A6C-6971-4A7E-9ABE-676E90718D58}"}},{"geometry":{"type":"Point","coordinates":[14.4447674,50.0734749]},"type":"Feature","properties":{"natural":"tree","leaf_type":"broadleaved","kod_drevin":"2 Listnatý","kod_sprav":"59 Technická správa komunikací hl. m. Prahy, a.s.","id_strom":"73337","aktualizace":"2026-08-05","globalid":"{507159E4-3F86-4F86-A17E-F3EA9879913E}"}},{"geometry":{"type":"Point","coordinates":[14.4440159,50.0738722]},"type":"Feature","properties":{"natural":"tree","leaf_type":"broadleaved","kod_drevin":"2 Listnatý","kod_sprav":"59 Technická správa komunikací hl. m. Prahy, a.s.","id_strom":"73338","aktualizace":"2026-08-05","globalid":"{84FEF526-CA04-4BCA-ACB4-F68A0BB91B6A}"}},{"geometry":{"type":"Point","coordinates":[14.4456214,50.072684]},"type":"Feature","properties":{"natural":"tree","leaf_type":"broadleaved","kod_drevin":"2 Listnatý","kod_sprav":"59 Technická správa komunikací hl. m. Prahy, a.s.","id_strom":"73951","aktualizace":"2026-08-05","globalid":"{716116E9-E12E-4680-A3C7-DE7D5F8FB23D}"}},{"geometry":{"type":"Point","coordinates":[14.4443182,50.0726721]},"type":"Feature","properties":{"natural":"tree","leaf_type":"broadleaved","kod_drevin":"2 Listnatý","kod_sprav":"59 Technická správa komunikací hl. m. Prahy, a.s.","id_strom":"73952","aktualizace":"2026-08-05","globalid":"{7E36BB5C-9D16-4BFE-B8C7-E39FD8E4A93C}"}},{"geometry":{"type":"Point","coordinates":[14.444311,50.0725985]},"type":"Feature","properties":{"natural":"tree","leaf_type":"broadleaved","kod_drevin":"2 Listnatý","kod_sprav":"59 Technická správa komunikací hl. m. Prahy, a.s.","id_strom":"73953","aktualizace":"2026-08-05","globalid":"{1953CBBD-60C1-456F-B79F-0EE3444FDB99}"}},{"geometry":{"type":"Point","coordinates":[14.4444024,50.0725946]},"type":"Feature","properties":{"natural":"tree","leaf_type":"broadleaved","kod_drevin":"2 Listnatý","kod_sprav":"59 Technická správa komunikací hl. m. Prahy, a.s.","id_strom":"73954","aktualizace":"2026-08-05","globalid":"{C87FDBA1-E001-491E-AFA0-5A84497E4D9A}"}},{"geometry":{"type":"Point","coordinates":[14.4446615,50.0725997]},"type":"Feature","properties":{"natural":"tree","leaf_type":"broadleaved","kod_drevin":"2 Listnatý","kod_sprav":"59 Technická správa komunikací hl. m. Prahy, a.s.","id_strom":"73955","aktualizace":"2026-08-05","globalid":"{C99E8DD5-C69A-419F-B5E5-4370079B0A73}"}},{"geometry":{"type":"Point","coordinates":[14.4448248,50.0726021]},"type":"Feature","properties":{"natural":"tree","leaf_type":"broadleaved","kod_drevin":"2 Listnatý","kod_sprav":"59 Technická správa komunikací hl. m. Prahy, a.s.","id_strom":"73956","aktualizace":"2026-08-05","globalid":"{EE4F8990-19B6-4C01-8B34-32D03CC85E17}"}},{"geometry":{"type":"Point","coordinates":[14.4449019,50.0725998]},"type":"Feature","properties":{"natural":"tree","leaf_type":"broadleaved","kod_drevin":"2 Listnatý","kod_sprav":"59 Technická správa komunikací hl. m. Prahy, a.s.","id_strom":"73957","aktualizace":"2026-08-05","globalid":"{07BF426B-78BB-4B44-8EFD-9C57C24EF1CF}"}},{"geometry":{"type":"Point","coordinates":[14.4454084,50.0726056]},"type":"Feature","properties":{"natural":"tree","leaf_type":"broadleaved","kod_drevin":"2 Listnatý","kod_sprav":"59 Technická správa komunikací hl. m. Prahy, a.s.","id_strom":"73958","aktualizace":"2026-08-05","globalid":"{676DABA9-65F5-4E82-8EC3-BA0E09DC7E1B}"}},{"geometry":{"type":"Point","coordinates":[14.4455813,50.0726048]},"type":"Feature","properties":{"natural":"tree","leaf_type":"broadleaved","kod_drevin":"2 Listnatý","kod_sprav":"59 Technická správa komunikací hl. m. Prahy, a.s.","id_strom":"73959","aktualizace":"2026-08-05","globalid":"{9D700D17-DF49-4679-AEDF-AFDEF13A346C}"}},{"geometry":{"type":"Point","coordinates":[14.4369535,50.0708335]},"type":"Feature","properties":{"natural":"tree","leaf_type":"broadleaved","kod_drevin":"2 Listnatý","kod_sprav":"59 Technická správa komunikací hl. m. Prahy, a.s.","id_strom":"73960","aktualizace":"2026-08-05","globalid":"{89734E4C-C643-4C93-AA7B-56AC8E6C2187}"}},{"geometry":{"type":"Point","coordinates":[14.4370064,50.0719248]},"type":"Feature","properties":{"natural":"tree","leaf_type":"broadleaved","kod_drevin":"2 Listnatý","kod_sprav":"59 Technická správa komunikací hl. m. Prahy, a.s.","id_strom":"73962","aktualizace":"2026-08-05","globalid":"{B5608B24-156E-4C87-9632-D6D1BC08F749}"}},{"geometry":{"type":"Point","coordinates":[14.4371048,50.0719594]},"type":"Feature","properties":{"natural":"tree","leaf_type":"broadleaved","kod_drevin":"2 Listnatý","kod_sprav":"59 Technická správa komunikací hl. m. Prahy, a.s.","id_strom":"73963","aktualizace":"2026-08-05","globalid":"{143F03AC-2DF3-4E12-B212-F00CCBD62A2C}"}},{"geometry":{"type":"Point","coordinates":[14.437198,50.0719957]},"type":"Feature","properties":{"natural":"tree","leaf_type":"broadleaved","kod_drevin":"2 Listnatý","kod_sprav":"59 Technická správa komunikací hl. m. Prahy, a.s.","id_strom":"73964","aktualizace":"2026-08-05","globalid":"{5A59D8AD-A5E5-49A1-A3E6-084AF579D631}"}},{"geometry":{"type":"Point","coordinates":[14.4373621,50.0720534]},"type":"Feature","properties":{"natural":"tree","leaf_type":"broadleaved","kod_drevin":"2 Listnatý","kod_sprav":"59 Technická správa komunikací hl. m. Prahy, a.s.","id_strom":"73965","aktualizace":"2026-08-05","globalid":"{3D0EB385-3136-41FF-A5E6-3AF8E55FFB5E}"}},{"geometry":{"type":"Point","coordinates":[14.4375388,50.0721144]},"type":"Feature","properties":{"natural":"tree","leaf_type":"broadleaved","kod_drevin":"2 Listnatý","kod_sprav":"59 Technická správa komunikací hl. m. Prahy, a.s.","id_strom":"73966","aktualizace":"2026-08-05","globalid":"{86D333F2-C5C2-4D06-9854-863ACEEA1078}"}},{"geometry":{"type":"Point","coordinates":[14.4370599,50.0720329]},"type":"Feature","properties":{"natural":"tree","leaf_type":"broadleaved","kod_drevin":"2 Listnatý","kod_sprav":"59 Technická správa komunikací hl. m. Prahy, a.s.","id_strom":"73967","aktualizace":"2026-08-05","globalid":"{01053704-1534-4B36-996F-6A5D917FD7AC}"}},{"geometry":{"type":"Point","coordinates":[14.4369642,50.071997]},"type":"Feature","properties":{"natural":"tree","leaf_type":"broadleaved","kod_drevin":"2 Listnatý","kod_sprav":"59 Technická správa komunikací hl. m. Prahy, a.s.","id_strom":"73968","aktualizace":"2026-08-05","globalid":"{49DDDEC1-801E-4B89-B278-4E0FEECF2BD8}"}},{"geometry":{"type":"Point","coordinates":[14.4368691,50.0719643]},"type":"Feature","properties":{"natural":"tree","leaf_type":"broadleaved","kod_drevin":"2 Listnatý","kod_sprav":"59 Technická správa komunikací hl. m. Prahy, a.s.","id_strom":"73969","aktualizace":"2026-08-05","globalid":"{7F9242EB-1B11-4D6D-91FA-54DD035B8D8B}"}},{"geometry":{"type":"Point","coordinates":[14.4367721,50.0719283]},"type":"Feature","properties":{"natural":"tree","leaf_type":"broadleaved","kod_drevin":"2 Listnatý","kod_sprav":"59 Technická správa komunikací hl. m. Prahy, a.s.","id_strom":"73970","aktualizace":"2026-08-05","globalid":"{C5B9410E-CDB9-4DE1-92C9-DAB61A7405EB}"}},{"geometry":{"type":"Point","coordinates":[14.4366765,50.0718972]},"type":"Feature","properties":{"natural":"tree","leaf_type":"broadleaved","kod_drevin":"2 Listnatý","kod_sprav":"59 Technická správa komunikací hl. m. Prahy, a.s.","id_strom":"73971","aktualizace":"2026-08-05","globalid":"{5AE361A6-331B-47C5-AC56-75A2E8D19A50}"}},{"geometry":{"type":"Point","coordinates":[14.436283,50.0717583]},"type":"Feature","properties":{"natural":"tree","leaf_type":"broadleaved","kod_drevin":"2 Listnatý","kod_sprav":"59 Technická správa komunikací hl. m. Prahy, a.s.","id_strom":"73972","aktualizace":"2026-08-05","globalid":"{705DAB5F-3104-401E-A33A-ACC20153F95B}"}},{"geometry":{"type":"Point","coordinates":[14.436184,50.0717268]},"type":"Feature","properties":{"natural":"tree","leaf_type":"broadleaved","kod_drevin":"2 Listnatý","kod_sprav":"59 Technická správa komunikací hl. m. Prahy, a.s.","id_strom":"73973","aktualizace":"2026-08-05","globalid":"{A8B7A9DD-E068-4903-B934-6D4F3A737220}"}},{"geometry":{"type":"Point","coordinates":[14.4361109,50.0716075]},"type":"Feature","properties":{"natural":"tree","leaf_type":"broadleaved","kod_drevin":"2 Listnatý","kod_sprav":"59 Technická správa komunikací hl. m. Prahy, a.s.","id_strom":"73981","aktualizace":"2026-08-05","globalid":"{B80B46FE-4D8B-4CC4-A3EB-D91F11FE1E1D}"}},{"geometry":{"type":"Point","coordinates":[14.4363245,50.0723671]},"type":"Feature","properties":{"natural":"tree","leaf_type":"broadleaved","kod_drevin":"2 Listnatý","kod_sprav":"59 Technická správa komunikací hl. m. Prahy, a.s.","id_strom":"73986","aktualizace":"2026-08-05","globalid":"{45D55847-B26B-4DC8-9E25-8568AB18E2B4}"}},{"geometry":{"type":"Point","coordinates":[14.4362042,50.0723119]},"type":"Feature","properties":{"natural":"tree","leaf_type":"broadleaved","kod_drevin":"2 Listnatý","kod_sprav":"59 Technická správa komunikací hl. m. Prahy, a.s.","id_strom":"73987","aktualizace":"2026-08-05","globalid":"{34DB723D-D130-4ED6-9326-F467BB4E3505}"}},{"geometry":{"type":"Point","coordinates":[14.4459462,50.0727903]},"type":"Feature","properties":{"natural":"tree","leaf_type":"broadleaved","kod_drevin":"2 Listnatý","kod_sprav":"59 Technická správa komunikací hl. m. Prahy, a.s.","id_strom":"73988","aktualizace":"2026-08-05","globalid":"{F2B8DA60-CC62-4E9C-AD1B-908CFD2D03BC}"}},{"geometry":{"type":"Point","coordinates":[14.445943,50.0728447]},"type":"Feature","properties":{"natural":"tree","leaf_type":"broadleaved","kod_drevin":"2 Listnatý","kod_sprav":"59 Technická správa komunikací hl. m. Prahy, a.s.","id_strom":"73989","aktualizace":"2026-08-05","globalid":"{668FE942-33FA-4797-B28B-EFE856ECD634}"}},{"geometry":{"type":"Point","coordinates":[14.4459512,50.0729055]},"type":"Feature","properties":{"natural":"tree","leaf_type":"broadleaved","kod_drevin":"2 Listnatý","kod_sprav":"59 Technická správa komunikací hl. m. Prahy, a.s.","id_strom":"73990","aktualizace":"2026-08-05","globalid":"{51DF5DFA-FC91-47ED-A67D-CEE4492AFDAC}"}},{"geometry":{"type":"Point","coordinates":[14.4459535,50.0729548]},"type":"Feature","properties":{"natural":"tree","leaf_type":"broadleaved","kod_drevin":"2 Listnatý","kod_sprav":"59 Technická správa komunikací hl. m. Prahy, a.s.","id_strom":"73991","aktualizace":"2026-08-05","globalid":"{5D1FB506-5ED4-43A2-9C9E-8D896EA80A88}"}},{"geometry":{"type":"Point","coordinates":[14.4459413,50.073052]},"type":"Feature","properties":{"natural":"tree","leaf_type":"broadleaved","kod_drevin":"2 Listnatý","kod_sprav":"59 Technická správa komunikací hl. m. Prahy, a.s.","id_strom":"73992","aktualizace":"2026-08-05","globalid":"{B112E790-7F5D-4459-92C7-E5788C399673}"}},{"geometry":{"type":"Point","coordinates":[14.4365496,50.0706614]},"type":"Feature","properties":{"natural":"tree","leaf_type":"broadleaved","kod_drevin":"2 Listnatý","kod_sprav":"59 Technická správa komunikací hl. m. Prahy, a.s.","id_strom":"72085","aktualizace":"2026-08-05","globalid":"{9E1FAE4D-D873-4ECE-85E1-7489171034A2}"}},{"geometry":{"type":"Point","coordinates":[14.4363858,50.0705936]},"type":"Feature","properties":{"natural":"tree","leaf_type":"broadleaved","kod_drevin":"2 Listnatý","kod_sprav":"59 Technická správa komunikací hl. m. Prahy, a.s.","id_strom":"72086","aktualizace":"2026-08-05","globalid":"{BBE69BDA-F2A9-4CDE-9C77-74058E28FDCB}"}},{"geometry":{"type":"Point","coordinates":[14.436211,50.0705123]},"type":"Feature","properties":{"natural":"tree","leaf_type":"broadleaved","kod_drevin":"2 Listnatý","kod_sprav":"59 Technická správa komunikací hl. m. Prahy, a.s.","id_strom":"72087","aktualizace":"2026-08-05","globalid":"{1D35668E-0410-406F-9193-B270C70AC0F6}"}},{"geometry":{"type":"Point","coordinates":[14.4360345,50.0704337]},"type":"Feature","properties":{"natural":"tree","leaf_type":"broadleaved","kod_drevin":"2 Listnatý","kod_sprav":"59 Technická správa komunikací hl. m. Prahy, a.s.","id_strom":"72088","aktualizace":"2026-08-05","globalid":"{E0C4FC89-A732-4EAE-B240-D62BBAA31993}"}},{"geometry":{"type":"Point","coordinates":[14.4433306,50.07347]},"type":"Feature","properties":{"natural":"tree","leaf_type":"broadleaved","kod_drevin":"2 Listnatý","kod_sprav":"59 Technická správa komunikací hl. m. Prahy, a.s.","id_strom":"73862","aktualizace":"2026-08-05","globalid":"{07B6DF1F-5289-4824-9EF3-EF3269C0F9C8}"}},{"geometry":{"type":"Point","coordinates":[14.4434191,50.0734698]},"type":"Feature","properties":{"natural":"tree","leaf_type":"broadleaved","kod_drevin":"2 Listnatý","kod_sprav":"59 Technická správa komunikací hl. m. Prahy, a.s.","id_strom":"73863","aktualizace":"2026-08-05","globalid":"{6A766538-6FBF-440D-B396-EAFC7D41BF46}"}},{"geometry":{"type":"Point","coordinates":[14.4437038,50.0734709]},"type":"Feature","properties":{"natural":"tree","leaf_type":"broadleaved","kod_drevin":"2 Listnatý","kod_sprav":"59 Technická správa komunikací hl. m. Prahy, a.s.","id_strom":"73864","aktualizace":"2026-08-05","globalid":"{E428848B-458F-420B-B4F6-5AED5147D31D}"}},{"geometry":{"type":"Point","coordinates":[14.4421061,50.0733358]},"type":"Feature","properties":{"natural":"tree","leaf_type":"broadleaved","kod_drevin":"2 Listnatý","kod_sprav":"59 Technická správa komunikací hl. m. Prahy, a.s.","id_strom":"73865","aktualizace":"2026-08-05","globalid":"{A90C9AD7-A024-4DC3-BAB3-ADACBE9AE579}"}},{"geometry":{"type":"Point","coordinates":[14.4419598,50.0736177]},"type":"Feature","properties":{"natural":"tree","leaf_type":"broadleaved","kod_drevin":"2 Listnatý","kod_sprav":"59 Technická správa komunikací hl. m. Prahy, a.s.","id_strom":"73866","aktualizace":"2026-08-05","globalid":"{C28A4C14-1C47-4B09-A189-3EEA4638177B}"}},{"geometry":{"type":"Point","coordinates":[14.4428511,50.0743621]},"type":"Feature","properties":{"natural":"tree","leaf_type":"broadleaved","kod_drevin":"2 Listnatý","kod_sprav":"59 Technická správa komunikací hl. m. Prahy, a.s.","id_strom":"73868","aktualizace":"2026-08-05","globalid":"{05D7F193-DAAD-468F-BB5F-9A472F591F6A}"}},{"geometry":{"type":"Point","coordinates":[14.4429596,50.0743635]},"type":"Feature","properties":{"natural":"tree","leaf_type":"broadleaved","kod_drevin":"2 Listnatý","kod_sprav":"59 Technická správa komunikací hl. m. Prahy, a.s.","id_strom":"73869","aktualizace":"2026-08-05","globalid":"{877F073C-65EC-42D4-8621-D34C804ABECA}"}},{"geometry":{"type":"Point","coordinates":[14.4432414,50.0743642]},"type":"Feature","properties":{"natural":"tree","leaf_type":"broadleaved","kod_drevin":"2 Listnatý","kod_sprav":"59 Technická správa komunikací hl. m. Prahy, a.s.","id_strom":"73870","aktualizace":"2026-08-05","globalid":"{C6867878-6716-439D-B4AA-469B5F4F6769}"}},{"geometry":{"type":"Point","coordinates":[14.4435657,50.0743669]},"type":"Feature","properties":{"natural":"tree","leaf_type":"broadleaved","kod_drevin":"2 Listnatý","kod_sprav":"59 Technická správa komunikací hl. m. Prahy, a.s.","id_strom":"73871","aktualizace":"2026-08-05","globalid":"{C77789FA-C701-421C-9CE1-BD53A7AB298C}"}},{"geometry":{"type":"Point","coordinates":[14.4436594,50.0743691]},"type":"Feature","properties":{"natural":"tree","leaf_type":"broadleaved","kod_drevin":"2 Listnatý","kod_sprav":"59 Technická správa komunikací hl. m. Prahy, a.s.","id_strom":"73872","aktualizace":"2026-08-05","globalid":"{5B0D7366-3778-47C0-82D1-E64E7E11E3B8}"}},{"geometry":{"type":"Point","coordinates":[14.4436503,50.0744673]},"type":"Feature","properties":{"natural":"tree","leaf_type":"broadleaved","kod_drevin":"2 Listnatý","kod_sprav":"59 Technická správa komunikací hl. m. Prahy, a.s.","id_strom":"73873","aktualizace":"2026-08-05","globalid":"{CDE583E9-1396-4513-905E-E13F541A06B4}"}},{"geometry":{"type":"Point","coordinates":[14.443421,50.0744661]},"type":"Feature","properties":{"natural":"tree","leaf_type":"broadleaved","kod_drevin":"2 Listnatý","kod_sprav":"59 Technická správa komunikací hl. m. Prahy, a.s.","id_strom":"73875","aktualizace":"2026-08-05","globalid":"{A1A64936-9194-468F-9FD5-568BE5395CC7}"}},{"geometry":{"type":"Point","coordinates":[14.4433232,50.0744638]},"type":"Feature","properties":{"natural":"tree","leaf_type":"broadleaved","kod_drevin":"2 Listnatý","kod_sprav":"59 Technická správa komunikací hl. m. Prahy, a.s.","id_strom":"73876","aktualizace":"2026-08-05","globalid":"{97B6FEA9-3140-4CC6-A50B-096FACA27A1D}"}},{"geometry":{"type":"Point","coordinates":[14.4379637,50.0737165]},"type":"Feature","properties":{"natural":"tree","leaf_type":"broadleaved","kod_drevin":"2 Listnatý","kod_sprav":"59 Technická správa komunikací hl. m. Prahy, a.s.","id_strom":"73377","aktualizace":"2026-08-05","globalid":"{4F7557DA-94D2-4692-8245-87C31D37E246}"}},{"geometry":{"type":"Point","coordinates":[14.4431066,50.0744647]},"type":"Feature","properties":{"natural":"tree","leaf_type":"broadleaved","kod_drevin":"2 Listnatý","kod_sprav":"59 Technická správa komunikací hl. m. Prahy, a.s.","id_strom":"73877","aktualizace":"2026-08-05","globalid":"{B94EC01D-5753-42D0-B255-9C777651C003}"}},{"geometry":{"type":"Point","coordinates":[14.4426914,50.0744581]},"type":"Feature","properties":{"natural":"tree","leaf_type":"broadleaved","kod_drevin":"2 Listnatý","kod_sprav":"59 Technická správa komunikací hl. m. Prahy, a.s.","id_strom":"73878","aktualizace":"2026-08-05","globalid":"{F42CD27A-BF62-4334-A67E-7C05E7E8F04F}"}},{"geometry":{"type":"Point","coordinates":[14.4424207,50.0744631]},"type":"Feature","properties":{"natural":"tree","leaf_type":"broadleaved","kod_drevin":"2 Listnatý","kod_sprav":"59 Technická správa komunikací hl. m. Prahy, a.s.","id_strom":"73879","aktualizace":"2026-08-05","globalid":"{D6A74A02-49EB-4445-9DC2-ED4E23EA86EA}"}},{"geometry":{"type":"Point","coordinates":[14.4420874,50.0747703]},"type":"Feature","properties":{"natural":"tree","leaf_type":"broadleaved","kod_drevin":"2 Listnatý","kod_sprav":"59 Technická správa komunikací hl. m. Prahy, a.s.","id_strom":"73880","aktualizace":"2026-08-05","globalid":"{5C4A4FB9-10BE-49B0-A1D3-841B5EE81E81}"}},{"geometry":{"type":"Point","coordinates":[14.4417673,50.0743608]},"type":"Feature","properties":{"natural":"tree","leaf_type":"broadleaved","kod_drevin":"2 Listnatý","kod_sprav":"59 Technická správa komunikací hl. m. Prahy, a.s.","id_strom":"73882","aktualizace":"2026-08-05","globalid":"{6DEFD58B-3059-4779-8BF7-EC6C2F9C714F}"}},{"geometry":{"type":"Point","coordinates":[14.4416921,50.0743596]},"type":"Feature","properties":{"natural":"tree","leaf_type":"broadleaved","kod_drevin":"2 Listnatý","kod_sprav":"59 Technická správa komunikací hl. m. Prahy, a.s.","id_strom":"73883","aktualizace":"2026-08-05","globalid":"{4A947B26-8026-490F-8969-C4A0FDFA4488}"}},{"geometry":{"type":"Point","coordinates":[14.4415952,50.0743601]},"type":"Feature","properties":{"natural":"tree","leaf_type":"broadleaved","kod_drevin":"2 Listnatý","kod_sprav":"59 Technická správa komunikací hl. m. Prahy, a.s.","id_strom":"73884","aktualizace":"2026-08-05","globalid":"{E3BFB587-784E-423B-BECE-234FDA24E52B}"}},{"geometry":{"type":"Point","coordinates":[14.4414643,50.0743595]},"type":"Feature","properties":{"natural":"tree","leaf_type":"broadleaved","kod_drevin":"2 Listnatý","kod_sprav":"59 Technická správa komunikací hl. m. Prahy, a.s.","id_strom":"73885","aktualizace":"2026-08-05","globalid":"{6C60E1AD-6DFF-4B99-8D90-8D8D352ABE6F}"}},{"geometry":{"type":"Point","coordinates":[14.4413337,50.0743595]},"type":"Feature","properties":{"natural":"tree","leaf_type":"broadleaved","kod_drevin":"2 Listnatý","kod_sprav":"59 Technická správa komunikací hl. m. Prahy, a.s.","id_strom":"73886","aktualizace":"2026-08-05","globalid":"{5D4564F1-70A1-4A3F-B85F-26944DAD7692}"}},{"geometry":{"type":"Point","coordinates":[14.4412439,50.0743574]},"type":"Feature","properties":{"natural":"tree","leaf_type":"broadleaved","kod_drevin":"2 Listnatý","kod_sprav":"59 Technická správa komunikací hl. m. Prahy, a.s.","id_strom":"73887","aktualizace":"2026-08-05","globalid":"{A9BC6B24-A04F-4F28-B83B-A9D570CAFA10}"}},{"geometry":{"type":"Point","coordinates":[14.445943,50.0731232]},"type":"Feature","properties":{"natural":"tree","leaf_type":"broadleaved","kod_drevin":"2 Listnatý","kod_sprav":"59 Technická správa komunikací hl. m. Prahy, a.s.","id_strom":"73993","aktualizace":"2026-08-05","globalid":"{3001F4AE-CE47-4ECC-A535-0AA5CEBA9167}"}},{"geometry":{"type":"Point","coordinates":[14.4459447,50.0731907]},"type":"Feature","properties":{"natural":"tree","leaf_type":"broadleaved","kod_drevin":"2 Listnatý","kod_sprav":"59 Technická správa komunikací hl. m. Prahy, a.s.","id_strom":"73994","aktualizace":"2026-08-05","globalid":"{405C3BCE-4187-4F48-A408-88EC8ADCEB51}"}},{"geometry":{"type":"Point","coordinates":[14.4459366,50.0732632]},"type":"Feature","properties":{"natural":"tree","leaf_type":"broadleaved","kod_drevin":"2 Listnatý","kod_sprav":"59 Technická správa komunikací hl. m. Prahy, a.s.","id_strom":"73995","aktualizace":"2026-08-05","globalid":"{81464678-8C60-48CC-A03F-5644F59FA73A}"}},{"geometry":{"type":"Point","coordinates":[14.4459382,50.0733248]},"type":"Feature","properties":{"natural":"tree","leaf_type":"broadleaved","kod_drevin":"2 Listnatý","kod_sprav":"59 Technická správa komunikací hl. m. Prahy, a.s.","id_strom":"73996","aktualizace":"2026-08-05","globalid":"{3CB81264-A5E4-450D-BC8F-E2BD87B26538}"}},{"geometry":{"type":"Point","coordinates":[14.4459442,50.0733759]},"type":"Feature","properties":{"natural":"tree","leaf_type":"broadleaved","kod_drevin":"2 Listnatý","kod_sprav":"59 Technická správa komunikací hl. m. Prahy, a.s.","id_strom":"73997","aktualizace":"2026-08-05","globalid":"{78399AEF-6780-49F9-8130-512D66719E74}"}},{"geometry":{"type":"Point","coordinates":[14.4459311,50.0734375]},"type":"Feature","properties":{"natural":"tree","leaf_type":"broadleaved","kod_drevin":"2 Listnatý","kod_sprav":"59 Technická správa komunikací hl. m. Prahy, a.s.","id_strom":"73998","aktualizace":"2026-08-05","globalid":"{D47B5306-96BD-412E-9D03-CC89023A75BF}"}},{"geometry":{"type":"Point","coordinates":[14.4457861,50.0733568]},"type":"Feature","properties":{"natural":"tree","leaf_type":"broadleaved","kod_drevin":"2 Listnatý","kod_sprav":"59 Technická správa komunikací hl. m. Prahy, a.s.","id_strom":"73999","aktualizace":"2026-08-05","globalid":"{1952C307-CE95-4CCB-9D4C-384E509B0457}"}},{"geometry":{"type":"Point","coordinates":[14.4457824,50.0732843]},"type":"Feature","properties":{"natural":"tree","leaf_type":"broadleaved","kod_drevin":"2 Listnatý","kod_sprav":"59 Technická správa komunikací hl. m. Prahy, a.s.","id_strom":"74000","aktualizace":"2026-08-05","globalid":"{8824D11B-12E6-45C1-8844-997F4768B454}"}},{"geometry":{"type":"Point","coordinates":[14.445781,50.0732151]},"type":"Feature","properties":{"natural":"tree","leaf_type":"broadleaved","kod_drevin":"2 Listnatý","kod_sprav":"59 Technická správa komunikací hl. m. Prahy, a.s.","id_strom":"74001","aktualizace":"2026-08-05","globalid":"{414DDE69-924D-41C4-805D-F9D2AE3E10A9}"}},{"geometry":{"type":"Point","coordinates":[14.4457873,50.0731466]},"type":"Feature","properties":{"natural":"tree","leaf_type":"broadleaved","kod_drevin":"2 Listnatý","kod_sprav":"59 Technická správa komunikací hl. m. Prahy, a.s.","id_strom":"74002","aktualizace":"2026-08-05","globalid":"{AF96EECF-9070-4C0A-A8A4-96601EF6D525}"}},{"geometry":{"type":"Point","coordinates":[14.4457969,50.073102]},"type":"Feature","properties":{"natural":"tree","leaf_type":"broadleaved","kod_drevin":"2 Listnatý","kod_sprav":"59 Technická správa komunikací hl. m. Prahy, a.s.","id_strom":"74003","aktualizace":"2026-08-05","globalid":"{3638FFA4-9E22-41D7-B669-2C4B5D35370E}"}},{"geometry":{"type":"Point","coordinates":[14.4457938,50.0730472]},"type":"Feature","properties":{"natural":"tree","leaf_type":"broadleaved","kod_drevin":"2 Listnatý","kod_sprav":"59 Technická správa komunikací hl. m. Prahy, a.s.","id_strom":"74004","aktualizace":"2026-08-05","globalid":"{73D72C2A-19DC-4086-BD3B-5B176113C8A7}"}},{"geometry":{"type":"Point","coordinates":[14.445787,50.0730089]},"type":"Feature","properties":{"natural":"tree","leaf_type":"broadleaved","kod_drevin":"2 Listnatý","kod_sprav":"59 Technická správa komunikací hl. m. Prahy, a.s.","id_strom":"74005","aktualizace":"2026-08-05","globalid":"{DDBE1ECC-CF67-4A6A-BB3D-3B98968B5849}"}},{"geometry":{"type":"Point","coordinates":[14.4457892,50.0729248]},"type":"Feature","properties":{"natural":"tree","leaf_type":"broadleaved","kod_drevin":"2 Listnatý","kod_sprav":"59 Technická správa komunikací hl. m. Prahy, a.s.","id_strom":"74006","aktualizace":"2026-08-05","globalid":"{12D9DD66-A40F-47F1-B5BD-7B870755C315}"}},{"geometry":{"type":"Point","coordinates":[14.4457886,50.072864]},"type":"Feature","properties":{"natural":"tree","leaf_type":"broadleaved","kod_drevin":"2 Listnatý","kod_sprav":"59 Technická správa komunikací hl. m. Prahy, a.s.","id_strom":"74007","aktualizace":"2026-08-05","globalid":"{0E8D70D5-35C4-494F-B144-3102C6060EE4}"}},{"geometry":{"type":"Point","coordinates":[14.4457958,50.0727893]},"type":"Feature","properties":{"natural":"tree","leaf_type":"broadleaved","kod_drevin":"2 Listnatý","kod_sprav":"59 Technická správa komunikací hl. m. Prahy, a.s.","id_strom":"74008","aktualizace":"2026-08-05","globalid":"{79AA22CA-06BE-43E8-B5DC-222E03377CE9}"}},{"geometry":{"type":"Point","coordinates":[14.4457882,50.0727389]},"type":"Feature","properties":{"natural":"tree","leaf_type":"broadleaved","kod_drevin":"2 Listnatý","kod_sprav":"59 Technická správa komunikací hl. m. Prahy, a.s.","id_strom":"74009","aktualizace":"2026-08-05","globalid":"{E616D106-A2F6-4E6F-9A85-4FFA4267BED8}"}},{"geometry":{"type":"Point","coordinates":[14.445913,50.0726056]},"type":"Feature","properties":{"natural":"tree","leaf_type":"broadleaved","kod_drevin":"2 Listnatý","kod_sprav":"59 Technická správa komunikací hl. m. Prahy, a.s.","id_strom":"74010","aktualizace":"2026-08-05","globalid":"{71F344BE-1D11-440D-9109-EAFE76B1D80D}"}},{"geometry":{"type":"Point","coordinates":[14.4417648,50.0720371]},"type":"Feature","properties":{"natural":"tree","leaf_type":"needleleaved","kod_drevin":"1 Jehličnatý","kod_sprav":"59 Technická správa komunikací hl. m. Prahy, a.s.","id_strom":"73810","aktualizace":"2026-08-05","globalid":"{5AC554D2-3D42-4F0A-A58F-73998F0A80DE}"}},{"geometry":{"type":"Point","coordinates":[14.4416871,50.0719977]},"type":"Feature","properties":{"natural":"tree","leaf_type":"needleleaved","kod_drevin":"1 Jehličnatý","kod_sprav":"59 Technická správa komunikací hl. m. Prahy, a.s.","id_strom":"73811","aktualizace":"2026-08-05","globalid":"{5B6320C9-7A18-4E31-927C-5F4C58FD5901}"}},{"geometry":{"type":"Point","coordinates":[14.4459122,50.0758493]},"type":"Feature","properties":{"natural":"tree","leaf_type":"broadleaved","kod_drevin":"2 Listnatý","kod_sprav":"59 Technická správa komunikací hl. m. Prahy, a.s.","id_strom":"73156","aktualizace":"2026-08-05","globalid":"{B7183767-22FE-4987-8B6F-7E482F47BF1E}"}},{"geometry":{"type":"Point","coordinates":[14.4457446,50.0758556]},"type":"Feature","properties":{"natural":"tree","leaf_type":"broadleaved","kod_drevin":"2 Listnatý","kod_sprav":"59 Technická správa komunikací hl. m. Prahy, a.s.","id_strom":"73157","aktualizace":"2026-08-05","globalid":"{3DA963F4-3E35-4DA9-B438-2A35B3359F90}"}},{"geometry":{"type":"Point","coordinates":[14.4434514,50.0711562]},"type":"Feature","properties":{"natural":"tree","leaf_type":"broadleaved","kod_drevin":"2 Listnatý","kod_sprav":"59 Technická správa komunikací hl. m. Prahy, a.s.","id_strom":"72752","aktualizace":"2026-08-05","globalid":"{619BD88E-A5BD-4F90-9695-16C75D6A4F29}"}},{"geometry":{"type":"Point","coordinates":[14.4368103,50.0746233]},"type":"Feature","properties":{"natural":"tree","leaf_type":"broadleaved","kod_drevin":"2 Listnatý","kod_sprav":"59 Technická správa komunikací hl. m. Prahy, a.s.","id_strom":"72753","aktualizace":"2026-08-05","globalid":"{6DA18135-9DA0-45D7-A2CD-8D947E8641EF}"}},{"geometry":{"type":"Point","coordinates":[14.4416126,50.0719688]},"type":"Feature","properties":{"natural":"tree","leaf_type":"needleleaved","kod_drevin":"1 Jehličnatý","kod_sprav":"59 Technická správa komunikací hl. m. Prahy, a.s.","id_strom":"73812","aktualizace":"2026-08-05","globalid":"{B3F454D7-2701-40DF-98DF-F6C080B71108}"}},{"geometry":{"type":"Point","coordinates":[14.4415282,50.071929]},"type":"Feature","properties":{"natural":"tree","leaf_type":"needleleaved","kod_drevin":"1 Jehličnatý","kod_sprav":"59 Technická správa komunikací hl. m. Prahy, a.s.","id_strom":"73813","aktualizace":"2026-08-05","globalid":"{4072134D-558C-4CD6-B09B-F7C49474E0C8}"}},{"geometry":{"type":"Point","coordinates":[14.4418493,50.0719566]},"type":"Feature","properties":{"natural":"tree","leaf_type":"needleleaved","kod_drevin":"1 Jehličnatý","kod_sprav":"59 Technická správa komunikací hl. m. Prahy, a.s.","id_strom":"73814","aktualizace":"2026-08-05","globalid":"{9E04067B-4C26-417C-9C7E-669CB911733D}"}},{"geometry":{"type":"Point","coordinates":[14.4419285,50.0719946]},"type":"Feature","properties":{"natural":"tree","leaf_type":"needleleaved","kod_drevin":"1 Jehličnatý","kod_sprav":"59 Technická správa komunikací hl. m. Prahy, a.s.","id_strom":"73815","aktualizace":"2026-08-05","globalid":"{0B24FC86-D957-461F-A524-D1BD53096574}"}},{"geometry":{"type":"Point","coordinates":[14.4418505,50.0720763]},"type":"Feature","properties":{"natural":"tree","leaf_type":"needleleaved","kod_drevin":"1 Jehličnatý","kod_sprav":"59 Technická správa komunikací hl. m. Prahy, a.s.","id_strom":"73816","aktualizace":"2026-08-05","globalid":"{4D268A58-791B-445A-8F56-8BA3292CDE4F}"}},{"geometry":{"type":"Point","coordinates":[14.441931,50.0721137]},"type":"Feature","properties":{"natural":"tree","leaf_type":"needleleaved","kod_drevin":"1 Jehličnatý","kod_sprav":"59 Technická správa komunikací hl. m. Prahy, a.s.","id_strom":"73817","aktualizace":"2026-08-05","globalid":"{819DAC76-F8AD-4C8C-9BA6-C6F4B829A2AB}"}},{"geometry":{"type":"Point","coordinates":[14.4413586,50.0711237]},"type":"Feature","properties":{"natural":"tree","leaf_type":"broadleaved","kod_drevin":"2 Listnatý","kod_sprav":"59 Technická správa komunikací hl. m. Prahy, a.s.","id_strom":"73818","aktualizace":"2026-08-05","globalid":"{DF1DDC1D-2893-4C17-9ECA-DD08E43182A1}"}},{"geometry":{"type":"Point","coordinates":[14.4410221,50.0716984]},"type":"Feature","properties":{"natural":"tree","leaf_type":"broadleaved","kod_drevin":"2 Listnatý","kod_sprav":"59 Technická správa komunikací hl. m. Prahy, a.s.","id_strom":"73819","aktualizace":"2026-08-05","globalid":"{1FEAAE60-FF53-4938-8C3A-7FDB2A43C854}"}},{"geometry":{"type":"Point","coordinates":[14.4403322,50.0706612]},"type":"Feature","properties":{"natural":"tree","leaf_type":"broadleaved","kod_drevin":"2 Listnatý","kod_sprav":"59 Technická správa komunikací hl. m. Prahy, a.s.","id_strom":"73820","aktualizace":"2026-08-05","globalid":"{C4DAAA5E-5BEE-4809-8F09-7E5E0316AC79}"}},{"geometry":{"type":"Point","coordinates":[14.4408999,50.0704564]},"type":"Feature","properties":{"natural":"tree","leaf_type":"broadleaved","kod_drevin":"2 Listnatý","kod_sprav":"59 Technická správa komunikací hl. m. Prahy, a.s.","id_strom":"73822","aktualizace":"2026-08-05","globalid":"{52A1154B-8509-4486-8B2B-D3313068E81B}"}},{"geometry":{"type":"Point","coordinates":[14.4410819,50.0703919]},"type":"Feature","properties":{"natural":"tree","leaf_type":"broadleaved","kod_drevin":"2 Listnatý","kod_sprav":"59 Technická správa komunikací hl. m. Prahy, a.s.","id_strom":"73823","aktualizace":"2026-08-05","globalid":"{29199B7C-2851-4089-857D-947E42D81F5B}"}},{"geometry":{"type":"Point","coordinates":[14.4413028,50.0703148]},"type":"Feature","properties":{"natural":"tree","leaf_type":"broadleaved","kod_drevin":"2 Listnatý","kod_sprav":"59 Technická správa komunikací hl. m. Prahy, a.s.","id_strom":"73824","aktualizace":"2026-08-05","globalid":"{6B75FDE0-6322-4A20-877C-0D8FBEBC85D3}"}},{"geometry":{"type":"Point","coordinates":[14.4407625,50.0705925]},"type":"Feature","properties":{"natural":"tree","leaf_type":"broadleaved","kod_drevin":"2 Listnatý","kod_sprav":"59 Technická správa komunikací hl. m. Prahy, a.s.","id_strom":"73825","aktualizace":"2026-08-05","globalid":"{C852203B-AFAB-4A64-A781-F7DA6FCA7960}"}},{"geometry":{"type":"Point","coordinates":[14.4408338,50.0705665]},"type":"Feature","properties":{"natural":"tree","leaf_type":"broadleaved","kod_drevin":"2 Listnatý","kod_sprav":"59 Technická správa komunikací hl. m. Prahy, a.s.","id_strom":"73826","aktualizace":"2026-08-05","globalid":"{19EBF588-78FE-45AD-BD37-21F54888A337}"}},{"geometry":{"type":"Point","coordinates":[14.44093,50.0705327]},"type":"Feature","properties":{"natural":"tree","leaf_type":"broadleaved","kod_drevin":"2 Listnatý","kod_sprav":"59 Technická správa komunikací hl. m. Prahy, a.s.","id_strom":"73827","aktualizace":"2026-08-05","globalid":"{3B8E1B8F-20DB-41B1-8465-F07CA9A21426}"}},{"geometry":{"type":"Point","coordinates":[14.4411132,50.0704686]},"type":"Feature","properties":{"natural":"tree","leaf_type":"broadleaved","kod_drevin":"2 Listnatý","kod_sprav":"59 Technická správa komunikací hl. m. Prahy, a.s.","id_strom":"73829","aktualizace":"2026-08-05","globalid":"{3048FE6C-744F-4265-9A3B-9A1628C0A35F}"}},{"geometry":{"type":"Point","coordinates":[14.4411939,50.0704412]},"type":"Feature","properties":{"natural":"tree","leaf_type":"broadleaved","kod_drevin":"2 Listnatý","kod_sprav":"59 Technická správa komunikací hl. m. Prahy, a.s.","id_strom":"73830","aktualizace":"2026-08-05","globalid":"{E381DAC8-CE1B-41C4-80D8-D2EDEE662B1C}"}},{"geometry":{"type":"Point","coordinates":[14.4412826,50.0704072]},"type":"Feature","properties":{"natural":"tree","leaf_type":"broadleaved","kod_drevin":"2 Listnatý","kod_sprav":"59 Technická správa komunikací hl. m. Prahy, a.s.","id_strom":"73831","aktualizace":"2026-08-05","globalid":"{C6439DC3-2145-40B7-9AC7-8943335C530E}"}},{"geometry":{"type":"Point","coordinates":[14.4413584,50.0703781]},"type":"Feature","properties":{"natural":"tree","leaf_type":"broadleaved","kod_drevin":"2 Listnatý","kod_sprav":"59 Technická správa komunikací hl. m. Prahy, a.s.","id_strom":"73832","aktualizace":"2026-08-05","globalid":"{758678E7-1D8F-45CD-9A7D-D08ABCF60A3F}"}},{"geometry":{"type":"Point","coordinates":[14.4366752,50.0746038]},"type":"Feature","properties":{"natural":"tree","leaf_type":"broadleaved","kod_drevin":"2 Listnatý","kod_sprav":"59 Technická správa komunikací hl. m. Prahy, a.s.","id_strom":"72300","aktualizace":"2026-08-05","globalid":"{ABCC03C2-9A51-4153-A24C-DA19B6668C4B}"}},{"geometry":{"type":"Point","coordinates":[14.436542,50.0744382]},"type":"Feature","properties":{"natural":"tree","leaf_type":"broadleaved","kod_drevin":"2 Listnatý","kod_sprav":"59 Technická správa komunikací hl. m. Prahy, a.s.","id_strom":"72303","aktualizace":"2026-08-05","globalid":"{E050FF6B-1A4B-4101-8CB4-1E7E28ADC7F6}"}},{"geometry":{"type":"Point","coordinates":[14.4365783,50.0743978]},"type":"Feature","properties":{"natural":"tree","leaf_type":"broadleaved","kod_drevin":"2 Listnatý","kod_sprav":"59 Technická správa komunikací hl. m. Prahy, a.s.","id_strom":"72304","aktualizace":"2026-08-05","globalid":"{C09BB471-C9CE-447E-B523-92C6476E94EE}"}},{"geometry":{"type":"Point","coordinates":[14.4367123,50.0742271]},"type":"Feature","properties":{"natural":"tree","leaf_type":"broadleaved","kod_drevin":"2 Listnatý","kod_sprav":"59 Technická správa komunikací hl. m. Prahy, a.s.","id_strom":"72305","aktualizace":"2026-08-05","globalid":"{B966B206-74E2-4C51-81C5-0D26E52595E6}"}},{"geometry":{"type":"Point","coordinates":[14.4368457,50.0740668]},"type":"Feature","properties":{"natural":"tree","leaf_type":"broadleaved","kod_drevin":"2 Listnatý","kod_sprav":"59 Technická správa komunikací hl. m. Prahy, a.s.","id_strom":"72306","aktualizace":"2026-08-05","globalid":"{BF7D086B-0998-4830-8541-E0EF17FCB247}"}},{"geometry":{"type":"Point","coordinates":[14.4369226,50.0739759]},"type":"Feature","properties":{"natural":"tree","leaf_type":"broadleaved","kod_drevin":"2 Listnatý","kod_sprav":"59 Technická správa komunikací hl. m. Prahy, a.s.","id_strom":"72307","aktualizace":"2026-08-05","globalid":"{23D7D75A-F63F-450B-82A7-1BCC62E62A6B}"}},{"geometry":{"type":"Point","coordinates":[14.436962,50.0739331]},"type":"Feature","properties":{"natural":"tree","leaf_type":"broadleaved","kod_drevin":"2 Listnatý","kod_sprav":"59 Technická správa komunikací hl. m. Prahy, a.s.","id_strom":"72308","aktualizace":"2026-08-05","globalid":"{45D83AE6-21ED-4E03-B521-7ACCD40FFD09}"}},{"geometry":{"type":"Point","coordinates":[14.437025,50.0738555]},"type":"Feature","properties":{"natural":"tree","leaf_type":"broadleaved","kod_drevin":"2 Listnatý","kod_sprav":"59 Technická správa komunikací hl. m. Prahy, a.s.","id_strom":"72309","aktualizace":"2026-08-05","globalid":"{285C407B-81DB-43BD-AAF5-4462BF8F1D82}"}},{"geometry":{"type":"Point","coordinates":[14.4370692,50.0737977]},"type":"Feature","properties":{"natural":"tree","leaf_type":"broadleaved","kod_drevin":"2 Listnatý","kod_sprav":"59 Technická správa komunikací hl. m. Prahy, a.s.","id_strom":"72310","aktualizace":"2026-08-05","globalid":"{51F9DD8B-3D5A-4191-8992-43603539C1DE}"}},{"geometry":{"type":"Point","coordinates":[14.4366085,50.074527]},"type":"Feature","properties":{"natural":"tree","leaf_type":"broadleaved","kod_drevin":"2 Listnatý","kod_sprav":"59 Technická správa komunikací hl. m. Prahy, a.s.","id_strom":"72311","aktualizace":"2026-08-05","globalid":"{38B61F11-F7AC-4BCA-8F30-C5399D468BBC}"}},{"geometry":{"type":"Point","coordinates":[14.4366978,50.0744212]},"type":"Feature","properties":{"natural":"tree","leaf_type":"broadleaved","kod_drevin":"2 Listnatý","kod_sprav":"59 Technická správa komunikací hl. m. Prahy, a.s.","id_strom":"72312","aktualizace":"2026-08-05","globalid":"{2A44BB1E-6803-4DBB-8A36-2D21D38EDF4C}"}},{"geometry":{"type":"Point","coordinates":[14.4360902,50.074516]},"type":"Feature","properties":{"natural":"tree","leaf_type":"broadleaved","kod_drevin":"2 Listnatý","kod_sprav":"59 Technická správa komunikací hl. m. Prahy, a.s.","id_strom":"72313","aktualizace":"2026-08-05","globalid":"{F19871D7-5EEA-4130-9043-33EABE96CE87}"}},{"geometry":{"type":"Point","coordinates":[14.4421769,50.0735595]},"type":"Feature","properties":{"natural":"tree","leaf_type":"broadleaved","kod_drevin":"2 Listnatý","kod_sprav":"59 Technická správa komunikací hl. m. Prahy, a.s.","id_strom":"73854","aktualizace":"2026-08-05","globalid":"{EFD4F842-9236-4511-A131-9E3D9C6490D2}"}},{"geometry":{"type":"Point","coordinates":[14.4426646,50.0734654]},"type":"Feature","properties":{"natural":"tree","leaf_type":"broadleaved","kod_drevin":"2 Listnatý","kod_sprav":"59 Technická správa komunikací hl. m. Prahy, a.s.","id_strom":"73856","aktualizace":"2026-08-05","globalid":"{1B1374C8-E780-488A-9B1B-7FFCCF2C1C46}"}},{"geometry":{"type":"Point","coordinates":[14.4427821,50.073466]},"type":"Feature","properties":{"natural":"tree","leaf_type":"broadleaved","kod_drevin":"2 Listnatý","kod_sprav":"59 Technická správa komunikací hl. m. Prahy, a.s.","id_strom":"73857","aktualizace":"2026-08-05","globalid":"{C30FFCE6-0BCF-46DD-AFA6-6146C9549F98}"}},{"geometry":{"type":"Point","coordinates":[14.4429892,50.0734683]},"type":"Feature","properties":{"natural":"tree","leaf_type":"broadleaved","kod_drevin":"2 Listnatý","kod_sprav":"59 Technická správa komunikací hl. m. Prahy, a.s.","id_strom":"73858","aktualizace":"2026-08-05","globalid":"{BB02376D-B788-4FFC-B4F3-863BB45549E6}"}},{"geometry":{"type":"Point","coordinates":[14.4430857,50.0734697]},"type":"Feature","properties":{"natural":"tree","leaf_type":"broadleaved","kod_drevin":"2 Listnatý","kod_sprav":"59 Technická správa komunikací hl. m. Prahy, a.s.","id_strom":"73859","aktualizace":"2026-08-05","globalid":"{2BF97274-D962-4DBD-A697-55E103728371}"}},{"geometry":{"type":"Point","coordinates":[14.4431731,50.0734685]},"type":"Feature","properties":{"natural":"tree","leaf_type":"broadleaved","kod_drevin":"2 Listnatý","kod_sprav":"59 Technická správa komunikací hl. m. Prahy, a.s.","id_strom":"73860","aktualizace":"2026-08-05","globalid":"{E1549CF9-F8C6-4511-A1CC-1AA9ED8C0669}"}},{"geometry":{"type":"Point","coordinates":[14.4432516,50.0734701]},"type":"Feature","properties":{"natural":"tree","leaf_type":"broadleaved","kod_drevin":"2 Listnatý","kod_sprav":"59 Technická správa komunikací hl. m. Prahy, a.s.","id_strom":"73861","aktualizace":"2026-08-05","globalid":"{A4DD1943-80F0-4C44-94AA-E15CCF68071C}"}},{"geometry":{"type":"Point","coordinates":[14.4420798,50.0706659]},"type":"Feature","properties":{"natural":"tree","leaf_type":"broadleaved","kod_drevin":"2 Listnatý","kod_sprav":"59 Technická správa komunikací hl. m. Prahy, a.s.","id_strom":"73834","aktualizace":"2026-08-05","globalid":"{9FC6AB4C-7D16-43BC-9E86-D270EBB017BB}"}},{"geometry":{"type":"Point","coordinates":[14.4421641,50.0707065]},"type":"Feature","properties":{"natural":"tree","leaf_type":"broadleaved","kod_drevin":"2 Listnatý","kod_sprav":"59 Technická správa komunikací hl. m. Prahy, a.s.","id_strom":"73835","aktualizace":"2026-08-05","globalid":"{F153C254-11F0-400F-BED6-38A6BDCBFAB1}"}},{"geometry":{"type":"Point","coordinates":[14.4424693,50.0707133]},"type":"Feature","properties":{"natural":"tree","leaf_type":"broadleaved","kod_drevin":"2 Listnatý","kod_sprav":"59 Technická správa komunikací hl. m. Prahy, a.s.","id_strom":"73836","aktualizace":"2026-08-05","globalid":"{A331346D-1188-4CF9-92E0-FEAA5664EA51}"}},{"geometry":{"type":"Point","coordinates":[14.4426755,50.0709325]},"type":"Feature","properties":{"natural":"tree","leaf_type":"broadleaved","kod_drevin":"2 Listnatý","kod_sprav":"59 Technická správa komunikací hl. m. Prahy, a.s.","id_strom":"73837","aktualizace":"2026-08-05","globalid":"{9E15705B-AB99-4C7A-AE02-A0D8C6E6FCA5}"}},{"geometry":{"type":"Point","coordinates":[14.4425894,50.0708953]},"type":"Feature","properties":{"natural":"tree","leaf_type":"broadleaved","kod_drevin":"2 Listnatý","kod_sprav":"59 Technická správa komunikací hl. m. Prahy, a.s.","id_strom":"73838","aktualizace":"2026-08-05","globalid":"{AD285339-234F-4879-9A7E-559F1D5C21DE}"}},{"geometry":{"type":"Point","coordinates":[14.4425062,50.0708656]},"type":"Feature","properties":{"natural":"tree","leaf_type":"broadleaved","kod_drevin":"2 Listnatý","kod_sprav":"59 Technická správa komunikací hl. m. Prahy, a.s.","id_strom":"73839","aktualizace":"2026-08-05","globalid":"{1B9BDAA3-0B8B-4C5D-95B6-175DAA29380D}"}},{"geometry":{"type":"Point","coordinates":[14.4441279,50.0711141]},"type":"Feature","properties":{"natural":"tree","leaf_type":"broadleaved","kod_drevin":"2 Listnatý","kod_sprav":"59 Technická správa komunikací hl. m. Prahy, a.s.","id_strom":"73840","aktualizace":"2026-08-05","globalid":"{C268948E-4364-4649-A7F1-3C1BE86394B4}"}},{"geometry":{"type":"Point","coordinates":[14.4442009,50.0710759]},"type":"Feature","properties":{"natural":"tree","leaf_type":"broadleaved","kod_drevin":"2 Listnatý","kod_sprav":"59 Technická správa komunikací hl. m. Prahy, a.s.","id_strom":"73841","aktualizace":"2026-08-05","globalid":"{2755887D-BD5F-485B-8963-1539B88F29FE}"}},{"geometry":{"type":"Point","coordinates":[14.4437051,50.073569]},"type":"Feature","properties":{"natural":"tree","leaf_type":"broadleaved","kod_drevin":"2 Listnatý","kod_sprav":"59 Technická správa komunikací hl. m. Prahy, a.s.","id_strom":"73842","aktualizace":"2026-08-05","globalid":"{DAFABE4B-326C-48AD-84A5-7D314FA4DB9D}"}},{"geometry":{"type":"Point","coordinates":[14.4436074,50.0735665]},"type":"Feature","properties":{"natural":"tree","leaf_type":"broadleaved","kod_drevin":"2 Listnatý","kod_sprav":"59 Technická správa komunikací hl. m. Prahy, a.s.","id_strom":"73843","aktualizace":"2026-08-05","globalid":"{8C60C259-5766-443E-A6BE-0D609829E2A4}"}},{"geometry":{"type":"Point","coordinates":[14.4435009,50.073566]},"type":"Feature","properties":{"natural":"tree","leaf_type":"broadleaved","kod_drevin":"2 Listnatý","kod_sprav":"59 Technická správa komunikací hl. m. Prahy, a.s.","id_strom":"73844","aktualizace":"2026-08-05","globalid":"{066F8BC7-2488-42AA-8815-7909F9993395}"}},{"geometry":{"type":"Point","coordinates":[14.4434123,50.0735663]},"type":"Feature","properties":{"natural":"tree","leaf_type":"broadleaved","kod_drevin":"2 Listnatý","kod_sprav":"59 Technická správa komunikací hl. m. Prahy, a.s.","id_strom":"73845","aktualizace":"2026-08-05","globalid":"{B8CB9BA7-B511-45FB-BB0B-327D43C4E177}"}},{"geometry":{"type":"Point","coordinates":[14.4433295,50.0735651]},"type":"Feature","properties":{"natural":"tree","leaf_type":"broadleaved","kod_drevin":"2 Listnatý","kod_sprav":"59 Technická správa komunikací hl. m. Prahy, a.s.","id_strom":"73846","aktualizace":"2026-08-05","globalid":"{FAFB86D3-CD2E-40BF-A920-3280B8F49428}"}},{"geometry":{"type":"Point","coordinates":[14.4429882,50.0735635]},"type":"Feature","properties":{"natural":"tree","leaf_type":"broadleaved","kod_drevin":"2 Listnatý","kod_sprav":"59 Technická správa komunikací hl. m. Prahy, a.s.","id_strom":"73847","aktualizace":"2026-08-05","globalid":"{7AAF0F99-D160-4E1F-ABE1-4A26ED70B9E9}"}},{"geometry":{"type":"Point","coordinates":[14.4430655,50.0735641]},"type":"Feature","properties":{"natural":"tree","leaf_type":"broadleaved","kod_drevin":"2 Listnatý","kod_sprav":"59 Technická správa komunikací hl. m. Prahy, a.s.","id_strom":"73848","aktualizace":"2026-08-05","globalid":"{2F423108-A34F-4ACC-8831-D66916654FB7}"}},{"geometry":{"type":"Point","coordinates":[14.4431609,50.0735645]},"type":"Feature","properties":{"natural":"tree","leaf_type":"broadleaved","kod_drevin":"2 Listnatý","kod_sprav":"59 Technická správa komunikací hl. m. Prahy, a.s.","id_strom":"73849","aktualizace":"2026-08-05","globalid":"{02C15E72-9E6F-4E39-8624-4A88CA1365DB}"}},{"geometry":{"type":"Point","coordinates":[14.44272,50.0735629]},"type":"Feature","properties":{"natural":"tree","leaf_type":"broadleaved","kod_drevin":"2 Listnatý","kod_sprav":"59 Technická správa komunikací hl. m. Prahy, a.s.","id_strom":"73850","aktualizace":"2026-08-05","globalid":"{F47A30EE-A15A-40BE-9AA6-58F790D5253A}"}},{"geometry":{"type":"Point","coordinates":[14.4426162,50.0735627]},"type":"Feature","properties":{"natural":"tree","leaf_type":"broadleaved","kod_drevin":"2 Listnatý","kod_sprav":"59 Technická správa komunikací hl. m. Prahy, a.s.","id_strom":"73851","aktualizace":"2026-08-05","globalid":"{46A051B3-4B79-4F40-8C88-DA71A69A8059}"}},{"geometry":{"type":"Point","coordinates":[14.4424687,50.0735603]},"type":"Feature","properties":{"natural":"tree","leaf_type":"broadleaved","kod_drevin":"2 Listnatý","kod_sprav":"59 Technická správa komunikací hl. m. Prahy, a.s.","id_strom":"73852","aktualizace":"2026-08-05","globalid":"{3471A169-C7EF-4A8A-B02F-033147F68703}"}},{"geometry":{"type":"Point","coordinates":[14.4422833,50.07356]},"type":"Feature","properties":{"natural":"tree","leaf_type":"broadleaved","kod_drevin":"2 Listnatý","kod_sprav":"59 Technická správa komunikací hl. m. Prahy, a.s.","id_strom":"73853","aktualizace":"2026-08-05","globalid":"{B066A853-A39F-4D8C-8FE8-5E5A2FE1A461}"}},{"geometry":{"type":"Point","coordinates":[14.4377291,50.0759085]},"type":"Feature","properties":{"natural":"tree","leaf_type":"broadleaved","kod_drevin":"2 Listnatý","kod_sprav":"59 Technická správa komunikací hl. m. Prahy, a.s.","id_strom":"72413","aktualizace":"2026-08-05","globalid":"{EE24C262-2EBA-4FFA-A77B-0C6A86930E78}"}},{"geometry":{"type":"Point","coordinates":[14.4375756,50.0759328]},"type":"Feature","properties":{"natural":"tree","leaf_type":"broadleaved","kod_drevin":"2 Listnatý","kod_sprav":"59 Technická správa komunikací hl. m. Prahy, a.s.","id_strom":"72414","aktualizace":"2026-08-05","globalid":"{24269F5F-E157-4DA4-9751-3686446A1F7E}"}},{"geometry":{"type":"Point","coordinates":[14.4394589,50.0752445]},"type":"Feature","properties":{"natural":"tree","leaf_type":"broadleaved","kod_drevin":"2 Listnatý","kod_sprav":"59 Technická správa komunikací hl. m. Prahy, a.s.","id_strom":"73003","aktualizace":"2026-08-05","globalid":"{19ED72A3-FAFE-4AE4-9725-CDDE94343846}"}},{"geometry":{"type":"Point","coordinates":[14.4399097,50.0752507]},"type":"Feature","properties":{"natural":"tree","leaf_type":"broadleaved","kod_drevin":"2 Listnatý","kod_sprav":"59 Technická správa komunikací hl. m. Prahy, a.s.","id_strom":"73004","aktualizace":"2026-08-05","globalid":"{AB08CC25-91B2-4D10-BBF7-B6738BEBD47A}"}},{"geometry":{"type":"Point","coordinates":[14.4417602,50.0752613]},"type":"Feature","properties":{"natural":"tree","leaf_type":"broadleaved","kod_drevin":"2 Listnatý","kod_sprav":"59 Technická správa komunikací hl. m. Prahy, a.s.","id_strom":"73006","aktualizace":"2026-08-05","globalid":"{FD9C9FA2-4B67-44A0-9DF5-C8A52FFAC4DE}"}},{"geometry":{"type":"Point","coordinates":[14.4422151,50.0752629]},"type":"Feature","properties":{"natural":"tree","leaf_type":"broadleaved","kod_drevin":"2 Listnatý","kod_sprav":"59 Technická správa komunikací hl. m. Prahy, a.s.","id_strom":"73007","aktualizace":"2026-08-05","globalid":"{CAF46761-79CA-4613-AC96-93A12FC0B212}"}},{"geometry":{"type":"Point","coordinates":[14.4432999,50.0752729]},"type":"Feature","properties":{"natural":"tree","leaf_type":"broadleaved","kod_drevin":"2 Listnatý","kod_sprav":"59 Technická správa komunikací hl. m. Prahy, a.s.","id_strom":"73010","aktualizace":"2026-08-05","globalid":"{15C3D1A1-E220-4A62-8A76-BDC2E0293856}"}},{"geometry":{"type":"Point","coordinates":[14.4434001,50.0752735]},"type":"Feature","properties":{"natural":"tree","leaf_type":"broadleaved","kod_drevin":"2 Listnatý","kod_sprav":"59 Technická správa komunikací hl. m. Prahy, a.s.","id_strom":"73011","aktualizace":"2026-08-05","globalid":"{3781D3FE-902E-4E4B-B6E8-16481E437F42}"}},{"geometry":{"type":"Point","coordinates":[14.4434694,50.0754032]},"type":"Feature","properties":{"natural":"tree","leaf_type":"broadleaved","kod_drevin":"2 Listnatý","kod_sprav":"59 Technická správa komunikací hl. m. Prahy, a.s.","id_strom":"73012","aktualizace":"2026-08-05","globalid":"{7EB54C84-6AF0-4A2B-BB91-3B8A11F681D5}"}},{"geometry":{"type":"Point","coordinates":[14.4415082,50.0753908]},"type":"Feature","properties":{"natural":"tree","leaf_type":"broadleaved","kod_drevin":"2 Listnatý","kod_sprav":"59 Technická správa komunikací hl. m. Prahy, a.s.","id_strom":"73013","aktualizace":"2026-08-05","globalid":"{460B1036-6C75-439D-BE97-3F9B41EBC8ED}"}},{"geometry":{"type":"Point","coordinates":[14.4404679,50.0758302]},"type":"Feature","properties":{"natural":"tree","leaf_type":"broadleaved","kod_drevin":"2 Listnatý","kod_sprav":"59 Technická správa komunikací hl. m. Prahy, a.s.","id_strom":"73014","aktualizace":"2026-08-05","globalid":"{9BCD0877-4A0B-4FB8-92BD-A78933ED2620}"}},{"geometry":{"type":"Point","coordinates":[14.4419192,50.0759635]},"type":"Feature","properties":{"natural":"tree","leaf_type":"broadleaved","kod_drevin":"2 Listnatý","kod_sprav":"59 Technická správa komunikací hl. m. Prahy, a.s.","id_strom":"73016","aktualizace":"2026-08-05","globalid":"{515BD54C-DAC5-4497-92BE-83E4A61BA3CB}"}},{"geometry":{"type":"Point","coordinates":[14.4419242,50.0756666]},"type":"Feature","properties":{"natural":"tree","leaf_type":"broadleaved","kod_drevin":"2 Listnatý","kod_sprav":"59 Technická správa komunikací hl. m. Prahy, a.s.","id_strom":"73017","aktualizace":"2026-08-05","globalid":"{27B7553C-26A8-45C7-80A2-9DDB06CABDB0}"}},{"geometry":{"type":"Point","coordinates":[14.4419283,50.075568]},"type":"Feature","properties":{"natural":"tree","leaf_type":"broadleaved","kod_drevin":"2 Listnatý","kod_sprav":"59 Technická správa komunikací hl. m. Prahy, a.s.","id_strom":"73018","aktualizace":"2026-08-05","globalid":"{3CABE5D7-45A0-49C2-B91F-F9EF809E44DE}"}},{"geometry":{"type":"Point","coordinates":[14.4420742,50.0756296]},"type":"Feature","properties":{"natural":"tree","leaf_type":"broadleaved","kod_drevin":"2 Listnatý","kod_sprav":"59 Technická správa komunikací hl. m. Prahy, a.s.","id_strom":"73019","aktualizace":"2026-08-05","globalid":"{6225292B-7C28-4A7B-B590-984BC3CD8D99}"}},{"geometry":{"type":"Point","coordinates":[14.4439072,50.0725954]},"type":"Feature","properties":{"natural":"tree","leaf_type":"broadleaved","kod_drevin":"2 Listnatý","kod_sprav":"59 Technická správa komunikací hl. m. Prahy, a.s.","id_strom":"73719","aktualizace":"2026-08-05","globalid":"{19EA07ED-C48C-40C2-B16C-F849C2E4ABC8}"}},{"geometry":{"type":"Point","coordinates":[14.4374855,50.0734371]},"type":"Feature","properties":{"natural":"tree","leaf_type":"broadleaved","kod_drevin":"2 Listnatý","kod_sprav":"59 Technická správa komunikací hl. m. Prahy, a.s.","id_strom":"73772","aktualizace":"2026-08-05","globalid":"{2785B50E-5AC9-4CF2-BDD4-51D4B1DAB048}"}},{"geometry":{"type":"Point","coordinates":[14.4377896,50.0730654]},"type":"Feature","properties":{"natural":"tree","leaf_type":"broadleaved","kod_drevin":"2 Listnatý","kod_sprav":"59 Technická správa komunikací hl. m. Prahy, a.s.","id_strom":"73773","aktualizace":"2026-08-05","globalid":"{9E1132F3-BB93-45B1-9EE1-45F49AEC24A7}"}},{"geometry":{"type":"Point","coordinates":[14.4380094,50.0728068]},"type":"Feature","properties":{"natural":"tree","leaf_type":"broadleaved","kod_drevin":"2 Listnatý","kod_sprav":"59 Technická správa komunikací hl. m. Prahy, a.s.","id_strom":"73774","aktualizace":"2026-08-05","globalid":"{CE7309DD-EA2E-4FE9-835D-907221B8B194}"}},{"geometry":{"type":"Point","coordinates":[14.4376892,50.073036]},"type":"Feature","properties":{"natural":"tree","leaf_type":"broadleaved","kod_drevin":"2 Listnatý","kod_sprav":"59 Technická správa komunikací hl. m. Prahy, a.s.","id_strom":"73775","aktualizace":"2026-08-05","globalid":"{D9040C91-0723-4D28-900A-A6E393CCE14D}"}},{"geometry":{"type":"Point","coordinates":[14.4373868,50.0734072]},"type":"Feature","properties":{"natural":"tree","leaf_type":"broadleaved","kod_drevin":"2 Listnatý","kod_sprav":"59 Technická správa komunikací hl. m. Prahy, a.s.","id_strom":"73776","aktualizace":"2026-08-05","globalid":"{44CBFFAD-0C58-43FA-89D9-DDE9ECB0644C}"}},{"geometry":{"type":"Point","coordinates":[14.4371637,50.073456]},"type":"Feature","properties":{"natural":"tree","leaf_type":"broadleaved","kod_drevin":"2 Listnatý","kod_sprav":"59 Technická správa komunikací hl. m. Prahy, a.s.","id_strom":"73777","aktualizace":"2026-08-05","globalid":"{E08F65D7-C807-4996-B671-9D65A76815F5}"}},{"geometry":{"type":"Point","coordinates":[14.4363416,50.0731862]},"type":"Feature","properties":{"natural":"tree","leaf_type":"broadleaved","kod_drevin":"2 Listnatý","kod_sprav":"59 Technická správa komunikací hl. m. Prahy, a.s.","id_strom":"73779","aktualizace":"2026-08-05","globalid":"{AE98829D-5BAF-4B42-9229-05EACA5D7A7B}"}},{"geometry":{"type":"Point","coordinates":[14.4367414,50.0743647]},"type":"Feature","properties":{"natural":"tree","leaf_type":"broadleaved","kod_drevin":"2 Listnatý","kod_sprav":"59 Technická správa komunikací hl. m. Prahy, a.s.","id_strom":"73780","aktualizace":"2026-08-05","globalid":"{6ADFB507-E11B-4545-935A-237DEE5B54DF}"}},{"geometry":{"type":"Point","coordinates":[14.4374862,50.0759517]},"type":"Feature","properties":{"natural":"tree","leaf_type":"broadleaved","kod_drevin":"2 Listnatý","kod_sprav":"59 Technická správa komunikací hl. m. Prahy, a.s.","id_strom":"73471","aktualizace":"2026-08-05","globalid":"{59FB6D06-8C9E-49D5-B277-3D26C43C45B7}"}},{"geometry":{"type":"Point","coordinates":[14.4378315,50.0722213]},"type":"Feature","properties":{"natural":"tree","leaf_type":"broadleaved","kod_drevin":"2 Listnatý","kod_sprav":"59 Technická správa komunikací hl. m. Prahy, a.s.","id_strom":"73071","aktualizace":"2026-08-05","globalid":"{D9760BE2-CA64-441B-8F3D-AD1A3F125245}"}},{"geometry":{"type":"Point","coordinates":[14.4376892,50.0721686]},"type":"Feature","properties":{"natural":"tree","leaf_type":"broadleaved","kod_drevin":"2 Listnatý","kod_sprav":"59 Technická správa komunikací hl. m. Prahy, a.s.","id_strom":"73072","aktualizace":"2026-08-05","globalid":"{93730898-710C-440E-871F-625654E12A05}"}},{"geometry":{"type":"Point","coordinates":[14.4384607,50.0725618]},"type":"Feature","properties":{"natural":"tree","leaf_type":"broadleaved","kod_drevin":"2 Listnatý","kod_sprav":"59 Technická správa komunikací hl. m. Prahy, a.s.","id_strom":"73073","aktualizace":"2026-08-05","globalid":"{1C4ECF56-F709-43DC-B24F-A07894A09BA9}"}},{"geometry":{"type":"Point","coordinates":[14.4386282,50.072047]},"type":"Feature","properties":{"natural":"tree","leaf_type":"broadleaved","kod_drevin":"2 Listnatý","kod_sprav":"59 Technická správa komunikací hl. m. Prahy, a.s.","id_strom":"73075","aktualizace":"2026-08-05","globalid":"{D8D3E610-87F9-4D1A-B68B-B87F2B555AC1}"}},{"geometry":{"type":"Point","coordinates":[14.439254,50.0719776]},"type":"Feature","properties":{"natural":"tree","leaf_type":"broadleaved","kod_drevin":"2 Listnatý","kod_sprav":"59 Technická správa komunikací hl. m. Prahy, a.s.","id_strom":"73076","aktualizace":"2026-08-05","globalid":"{1E55B1CC-4972-4C93-8B85-5784B803A105}"}},{"geometry":{"type":"Point","coordinates":[14.4396386,50.0710675]},"type":"Feature","properties":{"natural":"tree","leaf_type":"needleleaved","kod_drevin":"1 Jehličnatý","kod_sprav":"59 Technická správa komunikací hl. m. Prahy, a.s.","id_strom":"73078","aktualizace":"2026-08-05","globalid":"{66FA7BDA-C158-47CA-8A67-79FAA4E6CEC3}"}},{"geometry":{"type":"Point","coordinates":[14.4369332,50.0748582]},"type":"Feature","properties":{"natural":"tree","leaf_type":"broadleaved","kod_drevin":"2 Listnatý","kod_sprav":"59 Technická správa komunikací hl. m. Prahy, a.s.","id_strom":"73494","aktualizace":"2026-08-05","globalid":"{A056BE59-CB8D-4428-8E26-C066D0409871}"}},{"geometry":{"type":"Point","coordinates":[14.4429146,50.0714576]},"type":"Feature","properties":{"natural":"tree","leaf_type":"broadleaved","kod_drevin":"2 Listnatý","kod_sprav":"59 Technická správa komunikací hl. m. Prahy, a.s.","id_strom":"73802","aktualizace":"2026-08-05","globalid":"{6A65E16F-AA65-4E62-8315-A1ED215C8BDB}"}},{"geometry":{"type":"Point","coordinates":[14.4428197,50.0714661]},"type":"Feature","properties":{"natural":"tree","leaf_type":"broadleaved","kod_drevin":"2 Listnatý","kod_sprav":"59 Technická správa komunikací hl. m. Prahy, a.s.","id_strom":"73803","aktualizace":"2026-08-05","globalid":"{5A111961-0B1A-4BDB-8D1F-0E4CDAEBE555}"}},{"geometry":{"type":"Point","coordinates":[14.4401221,50.0712888]},"type":"Feature","properties":{"natural":"tree","leaf_type":"broadleaved","kod_drevin":"2 Listnatý","kod_sprav":"59 Technická správa komunikací hl. m. Prahy, a.s.","id_strom":"73804","aktualizace":"2026-08-05","globalid":"{293A7C12-11F2-466B-AEDA-898D553A93F7}"}},{"geometry":{"type":"Point","coordinates":[14.440039,50.0711324]},"type":"Feature","properties":{"natural":"tree","leaf_type":"needleleaved","kod_drevin":"1 Jehličnatý","kod_sprav":"59 Technická správa komunikací hl. m. Prahy, a.s.","id_strom":"73805","aktualizace":"2026-08-05","globalid":"{14821209-903D-46D4-BC89-909E60FAF24E}"}},{"geometry":{"type":"Point","coordinates":[14.4411843,50.0717725]},"type":"Feature","properties":{"natural":"tree","leaf_type":"needleleaved","kod_drevin":"1 Jehličnatý","kod_sprav":"59 Technická správa komunikací hl. m. Prahy, a.s.","id_strom":"73806","aktualizace":"2026-08-05","globalid":"{3B220AF0-95D1-41E8-8287-1B344A0A4F19}"}},{"geometry":{"type":"Point","coordinates":[14.4412618,50.0718082]},"type":"Feature","properties":{"natural":"tree","leaf_type":"needleleaved","kod_drevin":"1 Jehličnatý","kod_sprav":"59 Technická správa komunikací hl. m. Prahy, a.s.","id_strom":"73807","aktualizace":"2026-08-05","globalid":"{C8936219-556A-4F47-A5D9-0E209BE85E58}"}},{"geometry":{"type":"Point","coordinates":[14.4413687,50.071853]},"type":"Feature","properties":{"natural":"tree","leaf_type":"needleleaved","kod_drevin":"1 Jehličnatý","kod_sprav":"59 Technická správa komunikací hl. m. Prahy, a.s.","id_strom":"73808","aktualizace":"2026-08-05","globalid":"{C7606544-6E6E-4EF1-A218-E1A09FE92355}"}},{"geometry":{"type":"Point","coordinates":[14.4414495,50.071894]},"type":"Feature","properties":{"natural":"tree","leaf_type":"needleleaved","kod_drevin":"1 Jehličnatý","kod_sprav":"59 Technická správa komunikací hl. m. Prahy, a.s.","id_strom":"73809","aktualizace":"2026-08-05","globalid":"{AE2991F0-FDA9-49F5-B33F-608449A873B7}"}},{"geometry":{"type":"Point","coordinates":[14.4438648,50.0740068]},"type":"Feature","properties":{"natural":"tree","leaf_type":"broadleaved","kod_drevin":"2 Listnatý","kod_sprav":"59 Technická správa komunikací hl. m. Prahy, a.s.","id_strom":"105220","aktualizace":"2026-08-05","globalid":"{295FAA16-E183-43CE-9C22-76ED72E45747}"}},{"geometry":{"type":"Point","coordinates":[14.4440383,50.0728782]},"type":"Feature","properties":{"natural":"tree","leaf_type":"broadleaved","kod_drevin":"2 Listnatý","kod_sprav":"59 Technická správa komunikací hl. m. Prahy, a.s.","id_strom":"105223","aktualizace":"2026-08-05","globalid":"{7071D624-AF38-460E-B7CF-5B2B47065B47}"}},{"geometry":{"type":"Point","coordinates":[14.4438857,50.0728492]},"type":"Feature","properties":{"natural":"tree","leaf_type":"broadleaved","kod_drevin":"2 Listnatý","kod_sprav":"59 Technická správa komunikací hl. m. Prahy, a.s.","id_strom":"105224","aktualizace":"2026-08-05","globalid":"{DB57DFE1-3704-43E7-B3C3-8498A4E7AF03}"}},{"geometry":{"type":"Point","coordinates":[14.4361207,50.0731114]},"type":"Feature","properties":{"natural":"tree","leaf_type":"broadleaved","kod_drevin":"2 Listnatý","kod_sprav":"59 Technická správa komunikací hl. m. Prahy, a.s.","id_strom":"105226","aktualizace":"2026-08-05","globalid":"{225E4D11-7717-4114-A84D-13293BD5F522}"}},{"geometry":{"type":"Point","coordinates":[14.4365254,50.0733357]},"type":"Feature","properties":{"natural":"tree","leaf_type":"broadleaved","kod_drevin":"2 Listnatý","kod_sprav":"59 Technická správa komunikací hl. m. Prahy, a.s.","id_strom":"105227","aktualizace":"2026-08-05","globalid":"{1183321E-7F04-471E-B09A-B255036BB909}"}},{"geometry":{"type":"Point","coordinates":[14.4375402,50.0735818]},"type":"Feature","properties":{"natural":"tree","leaf_type":"broadleaved","kod_drevin":"2 Listnatý","kod_sprav":"59 Technická správa komunikací hl. m. Prahy, a.s.","id_strom":"105231","aktualizace":"2026-08-05","globalid":"{BC95E67B-7498-4B5C-B28B-D04A93EB019A}"}},{"geometry":{"type":"Point","coordinates":[14.4376166,50.0736032]},"type":"Feature","properties":{"natural":"tree","leaf_type":"broadleaved","kod_drevin":"2 Listnatý","kod_sprav":"59 Technická správa komunikací hl. m. Prahy, a.s.","id_strom":"105232","aktualizace":"2026-08-05","globalid":"{78E9EEBF-0CDA-44C7-996E-8774FE305EB0}"}},{"geometry":{"type":"Point","coordinates":[14.437996,50.0738155]},"type":"Feature","properties":{"natural":"tree","leaf_type":"broadleaved","kod_drevin":"2 Listnatý","kod_sprav":"59 Technická správa komunikací hl. m. Prahy, a.s.","id_strom":"105234","aktualizace":"2026-08-05","globalid":"{3384BEF3-D93C-4986-874E-2192D5B397D6}"}},{"geometry":{"type":"Point","coordinates":[14.4382753,50.0739512]},"type":"Feature","properties":{"natural":"tree","leaf_type":"broadleaved","kod_drevin":"2 Listnatý","kod_sprav":"59 Technická správa komunikací hl. m. Prahy, a.s.","id_strom":"105235","aktualizace":"2026-08-05","globalid":"{B5D101A2-9785-40A3-A520-3BA8350E1A79}"}},{"geometry":{"type":"Point","coordinates":[14.4424746,50.0714049]},"type":"Feature","properties":{"natural":"tree","leaf_type":"broadleaved","kod_drevin":"2 Listnatý","kod_sprav":"59 Technická správa komunikací hl. m. Prahy, a.s.","id_strom":"105194","aktualizace":"2026-08-05","globalid":"{67776F94-6F30-4D05-B671-C790678543A0}"}},{"geometry":{"type":"Point","coordinates":[14.4423896,50.0714107]},"type":"Feature","properties":{"natural":"tree","leaf_type":"broadleaved","kod_drevin":"2 Listnatý","kod_sprav":"59 Technická správa komunikací hl. m. Prahy, a.s.","id_strom":"105195","aktualizace":"2026-08-05","globalid":"{8560F205-ECB2-4776-863A-AB127EE01822}"}},{"geometry":{"type":"Point","coordinates":[14.4421599,50.0715906]},"type":"Feature","properties":{"natural":"tree","leaf_type":"broadleaved","kod_drevin":"2 Listnatý","kod_sprav":"59 Technická správa komunikací hl. m. Prahy, a.s.","id_strom":"105196","aktualizace":"2026-08-05","globalid":"{059EAAE8-BC7A-47E9-A16E-34CD5ACD4687}"}},{"geometry":{"type":"Point","coordinates":[14.4439824,50.0756896]},"type":"Feature","properties":{"natural":"tree","leaf_type":"broadleaved","kod_drevin":"2 Listnatý","kod_sprav":"59 Technická správa komunikací hl. m. Prahy, a.s.","id_strom":"105213","aktualizace":"2026-08-05","globalid":"{6F2C6B9A-E01D-41F9-90E0-A3FB283EDBBE}"}},{"geometry":{"type":"Point","coordinates":[14.443985,50.0755439]},"type":"Feature","properties":{"natural":"tree","leaf_type":"broadleaved","kod_drevin":"2 Listnatý","kod_sprav":"59 Technická správa komunikací hl. m. Prahy, a.s.","id_strom":"105214","aktualizace":"2026-08-05","globalid":"{47E3F06E-B51A-48FF-8F43-FF8442D19902}"}},{"geometry":{"type":"Point","coordinates":[14.4439983,50.0750534]},"type":"Feature","properties":{"natural":"tree","leaf_type":"broadleaved","kod_drevin":"2 Listnatý","kod_sprav":"59 Technická správa komunikací hl. m. Prahy, a.s.","id_strom":"105215","aktualizace":"2026-08-05","globalid":"{409383CC-DD62-482C-8109-1E5AAC06B1BE}"}},{"geometry":{"type":"Point","coordinates":[14.4438455,50.0749245]},"type":"Feature","properties":{"natural":"tree","leaf_type":"broadleaved","kod_drevin":"2 Listnatý","kod_sprav":"59 Technická správa komunikací hl. m. Prahy, a.s.","id_strom":"105216","aktualizace":"2026-08-05","globalid":"{2B277262-C059-4E79-A886-0F03EDB596F8}"}},{"geometry":{"type":"Point","coordinates":[14.443844,50.0748477]},"type":"Feature","properties":{"natural":"tree","leaf_type":"broadleaved","kod_drevin":"2 Listnatý","kod_sprav":"59 Technická správa komunikací hl. m. Prahy, a.s.","id_strom":"105217","aktualizace":"2026-08-05","globalid":"{E3AD7B68-6775-4699-9169-80AAE4019346}"}},{"geometry":{"type":"Point","coordinates":[14.443847,50.0747736]},"type":"Feature","properties":{"natural":"tree","leaf_type":"broadleaved","kod_drevin":"2 Listnatý","kod_sprav":"59 Technická správa komunikací hl. m. Prahy, a.s.","id_strom":"105218","aktualizace":"2026-08-05","globalid":"{9AFD75B4-F551-46FC-98A7-7EAAFB359543}"}},{"geometry":{"type":"Point","coordinates":[14.4438605,50.0742521]},"type":"Feature","properties":{"natural":"tree","leaf_type":"broadleaved","kod_drevin":"2 Listnatý","kod_sprav":"59 Technická správa komunikací hl. m. Prahy, a.s.","id_strom":"105219","aktualizace":"2026-08-05","globalid":"{0907B461-9D93-4CE2-A235-8780CD6AB698}"}},{"geometry":{"type":"Point","coordinates":[14.4415232,50.0708905]},"type":"Feature","properties":{"natural":"tree","kod_sprav":"59 Technická správa komunikací hl. m. Prahy, a.s.","id_strom":"515163","aktualizace":"2026-08-05","globalid":"{63408D39-66B9-46B5-AC90-59A84CC34F94}"}},{"geometry":{"type":"Point","coordinates":[14.4447367,50.0726782]},"type":"Feature","properties":{"natural":"tree","kod_sprav":"59 Technická správa komunikací hl. m. Prahy, a.s.","id_strom":"515263","aktualizace":"2026-08-05","globalid":"{A06651EA-CB7A-49E9-944F-B1891D3865A3}"}},{"geometry":{"type":"Point","coordinates":[14.4399643,50.0710933]},"type":"Feature","properties":{"natural":"tree","leaf_type":"needleleaved","kod_drevin":"1 Jehličnatý","kod_sprav":"59 Technická správa komunikací hl. m. Prahy, a.s.","id_strom":"515587","aktualizace":"2026-08-05","globalid":"{22A148DC-17C1-4F7F-9DBA-5B57E6ABB0F3}"}},{"geometry":{"type":"Point","coordinates":[14.4408527,50.0716185]},"type":"Feature","properties":{"natural":"tree","leaf_type":"needleleaved","kod_drevin":"1 Jehličnatý","kod_sprav":"59 Technická správa komunikací hl. m. Prahy, a.s.","id_strom":"515588","aktualizace":"2026-08-05","globalid":"{85A0D4AC-7253-4FA6-9C24-D26AB04AF03A}"}},{"geometry":{"type":"Point","coordinates":[14.4409421,50.0716601]},"type":"Feature","properties":{"natural":"tree","leaf_type":"needleleaved","kod_drevin":"1 Jehličnatý","kod_sprav":"59 Technická správa komunikací hl. m. Prahy, a.s.","id_strom":"515589","aktualizace":"2026-08-05","globalid":"{728D9832-45ED-4DF8-A1D1-D9A44580D251}"}},{"geometry":{"type":"Point","coordinates":[14.4392289,50.0712983]},"type":"Feature","properties":{"natural":"tree","leaf_type":"broadleaved","kod_drevin":"2 Listnatý","kod_sprav":"59 Technická správa komunikací hl. m. Prahy, a.s.","id_strom":"515596","aktualizace":"2026-08-05","globalid":"{CA6457A9-1190-4C99-8475-5CDBC93780FC}"}},{"geometry":{"type":"Point","coordinates":[14.4399853,50.0722164]},"type":"Feature","properties":{"natural":"tree","leaf_type":"broadleaved","kod_drevin":"2 Listnatý","kod_sprav":"59 Technická správa komunikací hl. m. Prahy, a.s.","id_strom":"506047","aktualizace":"2026-08-05","globalid":"{D444268B-E870-4AB9-845C-A59928A4D56B}"}},{"geometry":{"type":"Point","coordinates":[14.4372497,50.0734832]},"type":"Feature","properties":{"natural":"tree","leaf_type":"broadleaved","kod_drevin":"2 Listnatý","kod_sprav":"59 Technická správa komunikací hl. m. Prahy, a.s.","id_strom":"514367","aktualizace":"2026-08-05","globalid":"{1C6B0829-267D-449C-ADF1-2DA934720185}"}},{"geometry":{"type":"Point","coordinates":[14.4371888,50.0735529]},"type":"Feature","properties":{"natural":"tree","leaf_type":"broadleaved","kod_drevin":"2 Listnatý","kod_sprav":"59 Technická správa komunikací hl. m. Prahy, a.s.","id_strom":"514369","aktualizace":"2026-08-05","globalid":"{5CF113A7-E35D-40BC-8945-8EC5503CEC4C}"}},{"geometry":{"type":"Point","coordinates":[14.4364987,50.074493]},"type":"Feature","properties":{"natural":"tree","leaf_type":"broadleaved","kod_drevin":"2 Listnatý","kod_sprav":"59 Technická správa komunikací hl. m. Prahy, a.s.","id_strom":"507062","aktualizace":"2026-08-05","globalid":"{5B7C3E0C-C8BF-41DF-A42F-B010A937AAAC}"}},{"geometry":{"type":"Point","coordinates":[14.4375952,50.0731578]},"type":"Feature","properties":{"natural":"tree","leaf_type":"broadleaved","kod_drevin":"2 Listnatý","kod_sprav":"59 Technická správa komunikací hl. m. Prahy, a.s.","id_strom":"507063","aktualizace":"2026-08-05","globalid":"{9D94707D-5E9D-420B-90F9-0ECAAC1FD7D1}"}},{"geometry":{"type":"Point","coordinates":[14.4373422,50.0734591]},"type":"Feature","properties":{"natural":"tree","leaf_type":"broadleaved","kod_drevin":"2 Listnatý","kod_sprav":"59 Technická správa komunikací hl. m. Prahy, a.s.","id_strom":"507064","aktualizace":"2026-08-05","globalid":"{38A239B3-2629-412F-981D-C1C25DA480C7}"}},{"geometry":{"type":"Point","coordinates":[14.4425559,50.0734654]},"type":"Feature","properties":{"natural":"tree","leaf_type":"broadleaved","kod_drevin":"2 Listnatý","kod_sprav":"59 Technická správa komunikací hl. m. Prahy, a.s.","id_strom":"519354","aktualizace":"2026-08-05","globalid":"{36C07B35-FC2E-438F-9E8F-E238F40D971D}"}},{"geometry":{"type":"Point","coordinates":[14.4415141,50.0752585]},"type":"Feature","properties":{"natural":"tree","leaf_type":"broadleaved","kod_drevin":"2 Listnatý","kod_sprav":"59 Technická správa komunikací hl. m. Prahy, a.s.","id_strom":"125866","aktualizace":"2026-08-05","globalid":"{D08D0C12-09FA-470F-9AB5-447D3BE20ECF}"}},{"geometry":{"type":"Point","coordinates":[14.4457456,50.0755429]},"type":"Feature","properties":{"natural":"tree","leaf_type":"broadleaved","kod_drevin":"2 Listnatý","kod_sprav":"59 Technická správa komunikací hl. m. Prahy, a.s.","id_strom":"519959","aktualizace":"2026-08-05","globalid":"{8D9E8075-DAEE-4A69-AAA3-EE8B31F3EE4C}"}},{"geometry":{"type":"Point","coordinates":[14.4410682,50.0734005]},"type":"Feature","properties":{"natural":"tree","leaf_type":"broadleaved","kod_drevin":"2 Listnatý","kod_sprav":"59 Technická správa komunikací hl. m. Prahy, a.s.","id_strom":"125889","aktualizace":"2026-08-05","globalid":"{861AB36A-0889-4467-9264-0DFEE11CF546}"}},{"geometry":{"type":"Point","coordinates":[14.4397861,50.0739264]},"type":"Feature","properties":{"natural":"tree","leaf_type":"broadleaved","kod_drevin":"2 Listnatý","kod_sprav":"59 Technická správa komunikací hl. m. Prahy, a.s.","id_strom":"125887","aktualizace":"2026-08-05","globalid":"{BA712212-31AF-492F-BE96-0BB10FFA0F71}"}},{"geometry":{"type":"Point","coordinates":[14.441956,50.0737217]},"type":"Feature","properties":{"natural":"tree","leaf_type":"broadleaved","kod_drevin":"2 Listnatý","kod_sprav":"59 Technická správa komunikací hl. m. Prahy, a.s.","id_strom":"519965","aktualizace":"2026-08-05","globalid":"{1DB75B71-2343-44EB-9155-D4D3B9F88AF9}"}},{"geometry":{"type":"Point","coordinates":[14.4417707,50.0753997]},"type":"Feature","properties":{"natural":"tree","leaf_type":"broadleaved","kod_drevin":"2 Listnatý","kod_sprav":"59 Technická správa komunikací hl. m. Prahy, a.s.","id_strom":"519194","aktualizace":"2026-08-05","globalid":"{89D4CA6A-7C54-40A7-B7CF-CE7DFF474507}"}},{"geometry":{"type":"Point","coordinates":[14.4369246,50.0734644]},"type":"Feature","properties":{"natural":"tree","leaf_type":"broadleaved","kod_drevin":"2 Listnatý","kod_sprav":"59 Technická správa komunikací hl. m. Prahy, a.s.","id_strom":"500050","aktualizace":"2026-08-05","globalid":"{770F8F1C-97F1-423F-AC54-6AC27539BEA7}"}},{"geometry":{"type":"Point","coordinates":[14.4377338,50.0729915]},"type":"Feature","properties":{"natural":"tree","leaf_type":"broadleaved","kod_drevin":"2 Listnatý","kod_sprav":"59 Technická správa komunikací hl. m. Prahy, a.s.","id_strom":"500054","aktualizace":"2026-08-05","globalid":"{ACA0AB02-9143-4CE8-9CCD-2D9AF2F4B8AA}"}},{"geometry":{"type":"Point","coordinates":[14.443764,50.0743721]},"type":"Feature","properties":{"natural":"tree","kod_sprav":"2 MČ Praha 2","aktualizace":"2025-02-01","globalid":"{70982EBC-64B8-463A-B7AE-B9CC928D93FE}"}},{"geometry":{"type":"Point","coordinates":[14.445902,50.0752359]},"type":"Feature","properties":{"natural":"tree","kod_sprav":"2 MČ Praha 2","aktualizace":"2025-02-01","globalid":"{7B7A94C5-425A-4695-9D80-614D5A6B8D4C}"}},{"geometry":{"type":"Point","coordinates":[14.445763,50.0751678]},"type":"Feature","properties":{"natural":"tree","kod_sprav":"2 MČ Praha 2","aktualizace":"2025-02-01","globalid":"{949ADCB9-0695-4937-8253-54A70463F78E}"}},{"geometry":{"type":"Point","coordinates":[14.4457645,50.0751062]},"type":"Feature","properties":{"natural":"tree","kod_sprav":"2 MČ Praha 2","aktualizace":"2025-02-01","globalid":"{C379396C-D422-49A2-BA96-CCBEDC3079E4}"}},{"geometry":{"type":"Point","coordinates":[14.4459062,50.0750978]},"type":"Feature","properties":{"natural":"tree","kod_sprav":"2 MČ Praha 2","aktualizace":"2025-02-01","globalid":"{22F18C61-602E-48B4-B8CD-9D77B96C47B9}"}},{"geometry":{"type":"Point","coordinates":[14.4459087,50.0750272]},"type":"Feature","properties":{"natural":"tree","kod_sprav":"2 MČ Praha 2","aktualizace":"2025-02-01","globalid":"{AC01361C-4D3D-444C-AA78-A8577E01503E}"}},{"geometry":{"type":"Point","coordinates":[14.4457674,50.0750407]},"type":"Feature","properties":{"natural":"tree","kod_sprav":"2 MČ Praha 2","aktualizace":"2025-02-01","globalid":"{10999DFF-3EFA-4D5C-8229-6A9666A21CBD}"}},{"geometry":{"type":"Point","coordinates":[14.4459084,50.0749539]},"type":"Feature","properties":{"natural":"tree","kod_sprav":"2 MČ Praha 2","aktualizace":"2025-02-01","globalid":"{D0A4875C-2EC6-4BC4-9520-9430B49416E8}"}},{"geometry":{"type":"Point","coordinates":[14.4457649,50.0749271]},"type":"Feature","properties":{"natural":"tree","kod_sprav":"2 MČ Praha 2","aktualizace":"2025-02-01","globalid":"{D4B7EECF-B250-4912-A015-1C034727BDF0}"}},{"geometry":{"type":"Point","coordinates":[14.4459151,50.0748504]},"type":"Feature","properties":{"natural":"tree","kod_sprav":"2 MČ Praha 2","aktualizace":"2025-02-01","globalid":"{A89B950E-04F9-4A33-830C-A98F3D8676C2}"}},{"geometry":{"type":"Point","coordinates":[14.4457687,50.0748514]},"type":"Feature","properties":{"natural":"tree","kod_sprav":"2 MČ Praha 2","aktualizace":"2025-02-01","globalid":"{8A579F9B-BAD8-4166-BFD4-0FAA77D75532}"}},{"geometry":{"type":"Point","coordinates":[14.4459183,50.07477]},"type":"Feature","properties":{"natural":"tree","kod_sprav":"2 MČ Praha 2","aktualizace":"2025-02-01","globalid":"{250C3069-7F9E-4F4A-B02F-3345BE59CFDD}"}},{"geometry":{"type":"Point","coordinates":[14.4426549,50.0708021]},"type":"Feature","properties":{"natural":"tree","kod_sprav":"2 MČ Praha 2","aktualizace":"2025-02-01","globalid":"{F4736318-1326-4679-9087-3AFDBEBB8B8F}"}},{"geometry":{"type":"Point","coordinates":[14.4367806,50.0710747]},"type":"Feature","properties":{"natural":"tree","kod_sprav":"2 MČ Praha 2","aktualizace":"2025-02-01","globalid":"{B6849409-9D41-4BAD-9D60-91D0264D5D90}"}},{"geometry":{"type":"Point","coordinates":[14.4427258,50.0708328]},"type":"Feature","properties":{"natural":"tree","kod_sprav":"2 MČ Praha 2","aktualizace":"2025-02-01","globalid":"{50F93662-259B-4A6A-BAD3-F172D5249EEB}"}},{"geometry":{"type":"Point","coordinates":[14.4367492,50.0711683]},"type":"Feature","properties":{"natural":"tree","kod_sprav":"2 MČ Praha 2","aktualizace":"2025-02-01","globalid":"{8C4A4901-C144-4EF0-9F70-F1A93FF53BF6}"}},{"geometry":{"type":"Point","coordinates":[14.4429535,50.0743689]},"type":"Feature","properties":{"natural":"tree","kod_sprav":"2 MČ Praha 2","aktualizace":"2025-02-01","globalid":"{852943BD-ABFB-4955-8981-82F91EAB3F59}"}},{"geometry":{"type":"Point","coordinates":[14.4428105,50.0708705]},"type":"Feature","properties":{"natural":"tree","kod_sprav":"2 MČ Praha 2","aktualizace":"2025-02-01","globalid":"{8A2A6F8D-8FB8-4F39-BB66-AFA9F327421E}"}},{"geometry":{"type":"Point","coordinates":[14.4367327,50.071216]},"type":"Feature","properties":{"natural":"tree","kod_sprav":"2 MČ Praha 2","aktualizace":"2025-02-01","globalid":"{7793C0F2-9937-482D-90F2-3DB2502E418B}"}},{"geometry":{"type":"Point","coordinates":[14.4428425,50.0743696]},"type":"Feature","properties":{"natural":"tree","kod_sprav":"2 MČ Praha 2","aktualizace":"2025-02-01","globalid":"{8609C6B1-5648-470F-837F-3F2A2054777B}"}},{"geometry":{"type":"Point","coordinates":[14.4429066,50.0709127]},"type":"Feature","properties":{"natural":"tree","kod_sprav":"2 MČ Praha 2","aktualizace":"2025-02-01","globalid":"{7855AFD0-CAEF-4FB5-BBE4-69039C66590A}"}},{"geometry":{"type":"Point","coordinates":[14.4366522,50.0710575]},"type":"Feature","properties":{"natural":"tree","kod_sprav":"2 MČ Praha 2","aktualizace":"2025-02-01","globalid":"{BA472A25-ED37-4DEC-A905-625051319984}"}},{"geometry":{"type":"Point","coordinates":[14.4433346,50.0743693]},"type":"Feature","properties":{"natural":"tree","kod_sprav":"2 MČ Praha 2","aktualizace":"2025-02-01","globalid":"{4C40100F-FD1C-45FF-8B64-9F10ACB5A7B2}"}},{"geometry":{"type":"Point","coordinates":[14.4366181,50.071146]},"type":"Feature","properties":{"natural":"tree","kod_sprav":"2 MČ Praha 2","aktualizace":"2025-02-01","globalid":"{19F1618F-044A-48BF-A21D-9967B757E3EA}"}},{"geometry":{"type":"Point","coordinates":[14.4432477,50.074368]},"type":"Feature","properties":{"natural":"tree","kod_sprav":"2 MČ Praha 2","aktualizace":"2025-02-01","globalid":"{B08CB9E9-400D-454A-855D-FA97100D1EE6}"}},{"geometry":{"type":"Point","coordinates":[14.4430944,50.070998]},"type":"Feature","properties":{"natural":"tree","kod_sprav":"2 MČ Praha 2","aktualizace":"2025-02-01","globalid":"{302A6430-9806-4B1A-BBDD-0E3208014374}"}},{"geometry":{"type":"Point","coordinates":[14.4434841,50.0743705]},"type":"Feature","properties":{"natural":"tree","kod_sprav":"2 MČ Praha 2","aktualizace":"2025-02-01","globalid":"{D437154A-4074-4DAC-A0C9-EFD09EE10734}"}},{"geometry":{"type":"Point","coordinates":[14.4431863,50.0710405]},"type":"Feature","properties":{"natural":"tree","kod_sprav":"2 MČ Praha 2","aktualizace":"2025-02-01","globalid":"{7E4E4397-0955-4A0D-9806-92C3261A2186}"}},{"geometry":{"type":"Point","coordinates":[14.4440798,50.0706846]},"type":"Feature","properties":{"natural":"tree","kod_sprav":"2 MČ Praha 2","aktualizace":"2025-02-01","globalid":"{C8ADBCFE-78AD-4168-8765-496CE8CAF4EF}"}},{"geometry":{"type":"Point","coordinates":[14.4445336,50.0707799]},"type":"Feature","properties":{"natural":"tree","kod_sprav":"2 MČ Praha 2","aktualizace":"2025-02-01","globalid":"{A11F5C20-401B-4CE5-ABE1-832F7C1DEF3E}"}},{"geometry":{"type":"Point","coordinates":[14.4440116,50.0707203]},"type":"Feature","properties":{"natural":"tree","kod_sprav":"2 MČ Praha 2","aktualizace":"2025-02-01","globalid":"{9CC16155-3276-428C-9050-FDA8CC9C560F}"}},{"geometry":{"type":"Point","coordinates":[14.4447434,50.0700424]},"type":"Feature","properties":{"natural":"tree","kod_sprav":"2 MČ Praha 2","aktualizace":"2025-02-01","globalid":"{4CCDE880-C574-45EF-ABA9-BE604A985044}"}},{"geometry":{"type":"Point","coordinates":[14.4449221,50.0703178]},"type":"Feature","properties":{"natural":"tree","kod_sprav":"2 MČ Praha 2","aktualizace":"2025-02-01","globalid":"{B9EC5462-3BB3-40C2-AD26-A4BB0A388CD0}"}},{"geometry":{"type":"Point","coordinates":[14.4450464,50.0703725]},"type":"Feature","properties":{"natural":"tree","kod_sprav":"2 MČ Praha 2","aktualizace":"2025-02-01","globalid":"{CFA5E9B2-A560-468A-A159-982738D22666}"}},{"geometry":{"type":"Point","coordinates":[14.4451363,50.0703456]},"type":"Feature","properties":{"natural":"tree","kod_sprav":"2 MČ Praha 2","aktualizace":"2025-02-01","globalid":"{452A7AD1-660C-44D7-9AE7-ACB6453C329A}"}},{"geometry":{"type":"Point","coordinates":[14.4371539,50.0752269]},"type":"Feature","properties":{"natural":"tree","kod_sprav":"2 MČ Praha 2","aktualizace":"2025-02-01","globalid":"{BADC898E-1225-46CB-AAA6-3C5199408005}"}},{"geometry":{"type":"Point","coordinates":[14.4370622,50.0752343]},"type":"Feature","properties":{"natural":"tree","kod_sprav":"2 MČ Praha 2","aktualizace":"2025-02-01","globalid":"{A5F1C35C-2940-4346-8312-CF2368386A77}"}},{"geometry":{"type":"Point","coordinates":[14.4369792,50.0751466]},"type":"Feature","properties":{"natural":"tree","kod_sprav":"2 MČ Praha 2","aktualizace":"2025-02-01","globalid":"{FC2D8AE5-35EF-48A0-9360-A26B57A1DA22}"}},{"geometry":{"type":"Point","coordinates":[14.4366659,50.0751486]},"type":"Feature","properties":{"natural":"tree","kod_sprav":"2 MČ Praha 2","aktualizace":"2025-02-01","globalid":"{8D6F9D36-632B-4993-B434-F052AF9E8EAE}"}},{"geometry":{"type":"Point","coordinates":[14.436535,50.0751738]},"type":"Feature","properties":{"natural":"tree","kod_sprav":"2 MČ Praha 2","aktualizace":"2025-02-01","globalid":"{B2111FFB-BA03-43BB-BFC3-95F4F4283FF6}"}},{"geometry":{"type":"Point","coordinates":[14.4364708,50.0755361]},"type":"Feature","properties":{"natural":"tree","kod_sprav":"2 MČ Praha 2","aktualizace":"2025-02-01","globalid":"{CE303A78-4106-40C0-B17E-CAF8E78F451F}"}},{"geometry":{"type":"Point","coordinates":[14.436403,50.0755622]},"type":"Feature","properties":{"natural":"tree","kod_sprav":"2 MČ Praha 2","aktualizace":"2025-02-01","globalid":"{6994F175-5680-44C3-A6AD-097F11259A7F}"}},{"geometry":{"type":"Point","coordinates":[14.4363896,50.0756264]},"type":"Feature","properties":{"natural":"tree","kod_sprav":"2 MČ Praha 2","aktualizace":"2025-02-01","globalid":"{3F2EF43E-5AD3-4248-AA9C-8AB99DBEE3CD}"}},{"geometry":{"type":"Point","coordinates":[14.4364973,50.0756166]},"type":"Feature","properties":{"natural":"tree","kod_sprav":"2 MČ Praha 2","aktualizace":"2025-02-01","globalid":"{DB0C5554-76A8-4E70-A043-3842997D7959}"}},{"geometry":{"type":"Point","coordinates":[14.4368843,50.0756308]},"type":"Feature","properties":{"natural":"tree","kod_sprav":"2 MČ Praha 2","aktualizace":"2025-02-01","globalid":"{704BDF74-EE48-40FF-870B-BB111018B585}"}},{"geometry":{"type":"Point","coordinates":[14.4367758,50.0757116]},"type":"Feature","properties":{"natural":"tree","kod_sprav":"2 MČ Praha 2","aktualizace":"2025-02-01","globalid":"{2152D8FF-7420-4BFC-B799-F0FFD94B925E}"}},{"geometry":{"type":"Point","coordinates":[14.4367506,50.0757836]},"type":"Feature","properties":{"natural":"tree","kod_sprav":"2 MČ Praha 2","aktualizace":"2025-02-01","globalid":"{AFCF37A0-97CB-4C24-9B28-8D6F955979EE}"}},{"geometry":{"type":"Point","coordinates":[14.4368749,50.0757985]},"type":"Feature","properties":{"natural":"tree","kod_sprav":"2 MČ Praha 2","aktualizace":"2025-02-01","globalid":"{2E34D126-BFA6-44CF-8986-C88320C2B771}"}},{"geometry":{"type":"Point","coordinates":[14.4369338,50.0757397]},"type":"Feature","properties":{"natural":"tree","kod_sprav":"2 MČ Praha 2","aktualizace":"2025-02-01","globalid":"{2B1ECE82-A066-4834-BF61-AA4D8B49C463}"}},{"geometry":{"type":"Point","coordinates":[14.4369609,50.0757947]},"type":"Feature","properties":{"natural":"tree","kod_sprav":"2 MČ Praha 2","aktualizace":"2025-02-01","globalid":"{1C87B592-BA91-462D-807D-E97252F98F7C}"}},{"geometry":{"type":"Point","coordinates":[14.4369814,50.0758361]},"type":"Feature","properties":{"natural":"tree","kod_sprav":"2 MČ Praha 2","aktualizace":"2025-02-01","globalid":"{39CA7A4F-99B2-4A38-9BF6-9F3A2D4AD634}"}},{"geometry":{"type":"Point","coordinates":[14.4371072,50.0758128]},"type":"Feature","properties":{"natural":"tree","kod_sprav":"2 MČ Praha 2","aktualizace":"2025-02-01","globalid":"{930B9E60-7741-40E3-B92D-9275E71D6936}"}},{"geometry":{"type":"Point","coordinates":[14.4370305,50.0757548]},"type":"Feature","properties":{"natural":"tree","kod_sprav":"2 MČ Praha 2","aktualizace":"2025-02-01","globalid":"{77482679-42BD-49ED-A985-25C37C532BDA}"}},{"geometry":{"type":"Point","coordinates":[14.4371447,50.0757695]},"type":"Feature","properties":{"natural":"tree","kod_sprav":"2 MČ Praha 2","aktualizace":"2025-02-01","globalid":"{4F443DA1-796B-4734-88CE-33F575A87052}"}},{"geometry":{"type":"Point","coordinates":[14.43712,50.0757165]},"type":"Feature","properties":{"natural":"tree","kod_sprav":"2 MČ Praha 2","aktualizace":"2025-02-01","globalid":"{5A3A4207-6661-4078-9527-F94661F62427}"}},{"geometry":{"type":"Point","coordinates":[14.4439772,50.0700003]},"type":"Feature","properties":{"natural":"tree","kod_sprav":"2 MČ Praha 2","aktualizace":"2025-02-01","globalid":"{668D7249-4162-4FBD-9655-6A06545E3537}"}},{"geometry":{"type":"Point","coordinates":[14.4372169,50.0757225]},"type":"Feature","properties":{"natural":"tree","kod_sprav":"2 MČ Praha 2","aktualizace":"2025-02-01","globalid":"{8FF7B1FC-959F-40CF-B60C-0B1CDE70A74F}"}},{"geometry":{"type":"Point","coordinates":[14.4373534,50.0757887]},"type":"Feature","properties":{"natural":"tree","kod_sprav":"2 MČ Praha 2","aktualizace":"2025-02-01","globalid":"{50F8786F-AF77-423E-BD98-602F83FAA3B7}"}},{"geometry":{"type":"Point","coordinates":[14.4373988,50.0757529]},"type":"Feature","properties":{"natural":"tree","kod_sprav":"2 MČ Praha 2","aktualizace":"2025-02-01","globalid":"{0F2011B8-AA2F-4A01-B6F2-DC108EB6BFAF}"}},{"geometry":{"type":"Point","coordinates":[14.4363493,50.0759128]},"type":"Feature","properties":{"natural":"tree","kod_sprav":"2 MČ Praha 2","aktualizace":"2025-02-01","globalid":"{A568B287-3E5A-4D86-8916-68F8419A2DE6}"}},{"geometry":{"type":"Point","coordinates":[14.4361775,50.075886]},"type":"Feature","properties":{"natural":"tree","kod_sprav":"2 MČ Praha 2","aktualizace":"2025-02-01","globalid":"{9EEF3A9C-F6E6-40B2-9B27-2B2C4F778277}"}},{"geometry":{"type":"Point","coordinates":[14.4360019,50.0758607]},"type":"Feature","properties":{"natural":"tree","kod_sprav":"2 MČ Praha 2","aktualizace":"2025-02-01","globalid":"{FA535B52-ABF8-4601-A36A-1ACA09B1E73D}"}},{"geometry":{"type":"Point","coordinates":[14.4372047,50.0750831]},"type":"Feature","properties":{"natural":"tree","kod_sprav":"2 MČ Praha 2","aktualizace":"2025-02-01","globalid":"{2860D28B-D2A9-4360-9FF6-78155EE76350}"}},{"geometry":{"type":"Point","coordinates":[14.4372327,50.0751609]},"type":"Feature","properties":{"natural":"tree","kod_sprav":"2 MČ Praha 2","aktualizace":"2025-02-01","globalid":"{494C60A6-6220-412B-A768-BAA71EC815F8}"}},{"geometry":{"type":"Point","coordinates":[14.4459982,50.0702453]},"type":"Feature","properties":{"natural":"tree","kod_sprav":"2 MČ Praha 2","aktualizace":"2025-02-01","globalid":"{631E1A42-76F4-4BAF-A13D-121C764448E9}"}},{"geometry":{"type":"Point","coordinates":[14.445811,50.0700918]},"type":"Feature","properties":{"natural":"tree","kod_sprav":"2 MČ Praha 2","aktualizace":"2025-02-01","globalid":"{C9A909B3-AC2A-4F43-AC83-2EBABF2C0D4E}"}},{"geometry":{"type":"Point","coordinates":[14.4443608,50.0707957]},"type":"Feature","properties":{"natural":"tree","kod_sprav":"2 MČ Praha 2","aktualizace":"2025-02-01","globalid":"{06EEF3FD-8E48-4B60-8E51-1ADADA8977D5}"}},{"geometry":{"type":"Point","coordinates":[14.4445267,50.0700155]},"type":"Feature","properties":{"natural":"tree","kod_sprav":"2 MČ Praha 2","aktualizace":"2025-02-01","globalid":"{CE78EEA6-278A-4BFF-808F-C2C313F13BCC}"}},{"geometry":{"type":"Point","coordinates":[14.4445082,50.070086]},"type":"Feature","properties":{"natural":"tree","kod_sprav":"2 MČ Praha 2","aktualizace":"2025-02-01","globalid":"{7ECF1117-F27A-4A64-8EA0-BB33E4FFFAC9}"}},{"geometry":{"type":"Point","coordinates":[14.4445233,50.0701668]},"type":"Feature","properties":{"natural":"tree","kod_sprav":"2 MČ Praha 2","aktualizace":"2025-02-01","globalid":"{34ACA321-3EF3-45AC-87C9-98A8173336C0}"}},{"geometry":{"type":"Point","coordinates":[14.444468,50.0702082]},"type":"Feature","properties":{"natural":"tree","kod_sprav":"2 MČ Praha 2","aktualizace":"2025-02-01","globalid":"{82EA154E-CECA-454C-A0EA-C0C2E77D1887}"}},{"geometry":{"type":"Point","coordinates":[14.4443894,50.070306]},"type":"Feature","properties":{"natural":"tree","kod_sprav":"2 MČ Praha 2","aktualizace":"2025-02-01","globalid":"{E753D488-5AC0-464C-89E8-5E3EE87FA1C3}"}},{"geometry":{"type":"Point","coordinates":[14.4442581,50.070313]},"type":"Feature","properties":{"natural":"tree","kod_sprav":"2 MČ Praha 2","aktualizace":"2025-02-01","globalid":"{EE893E4A-3EB7-4141-A162-2DA43283BC50}"}},{"geometry":{"type":"Point","coordinates":[14.4441952,50.0703482]},"type":"Feature","properties":{"natural":"tree","kod_sprav":"2 MČ Praha 2","aktualizace":"2025-02-01","globalid":"{4450BE69-227A-40A7-9AB6-31C5726B781B}"}},{"geometry":{"type":"Point","coordinates":[14.4441186,50.0703466]},"type":"Feature","properties":{"natural":"tree","kod_sprav":"2 MČ Praha 2","aktualizace":"2025-02-01","globalid":"{6FD14D67-B816-4FCB-B031-2C38886E669B}"}},{"geometry":{"type":"Point","coordinates":[14.444091,50.0703193]},"type":"Feature","properties":{"natural":"tree","kod_sprav":"2 MČ Praha 2","aktualizace":"2025-02-01","globalid":"{9504BA6C-062F-49B2-A9DA-BE42B2802992}"}},{"geometry":{"type":"Point","coordinates":[14.4446472,50.0702918]},"type":"Feature","properties":{"natural":"tree","kod_sprav":"2 MČ Praha 2","aktualizace":"2025-02-01","globalid":"{BC53F3A9-FFF1-46FA-B4D0-CD278AE2BEE8}"}},{"geometry":{"type":"Point","coordinates":[14.4438945,50.0703409]},"type":"Feature","properties":{"natural":"tree","kod_sprav":"2 MČ Praha 2","aktualizace":"2025-02-01","globalid":"{F61C457F-CAB5-4E30-85F0-1A2418C08B1F}"}},{"geometry":{"type":"Point","coordinates":[14.4435949,50.0702423]},"type":"Feature","properties":{"natural":"tree","kod_sprav":"2 MČ Praha 2","aktualizace":"2025-02-01","globalid":"{62F658C1-5E53-4E5E-8113-83519B8F0F86}"}},{"geometry":{"type":"Point","coordinates":[14.4434631,50.0702606]},"type":"Feature","properties":{"natural":"tree","kod_sprav":"2 MČ Praha 2","aktualizace":"2025-02-01","globalid":"{94C688DC-C231-4ACE-BB5D-FC41A57A3E14}"}},{"geometry":{"type":"Point","coordinates":[14.4430315,50.0700019]},"type":"Feature","properties":{"natural":"tree","kod_sprav":"2 MČ Praha 2","aktualizace":"2025-02-01","globalid":"{8415DA80-0171-4898-9ED7-D0191B11AE8C}"}},{"geometry":{"type":"Point","coordinates":[14.4361555,50.074712]},"type":"Feature","properties":{"natural":"tree","kod_sprav":"2 MČ Praha 2","aktualizace":"2025-02-01","globalid":"{82A3BE16-E7AD-4F56-9E73-7DFEDC8913CB}"}},{"geometry":{"type":"Point","coordinates":[14.4363293,50.0747365]},"type":"Feature","properties":{"natural":"tree","kod_sprav":"2 MČ Praha 2","aktualizace":"2025-02-01","globalid":"{A215C9C8-F77C-44A0-9F4B-DA73D837306A}"}},{"geometry":{"type":"Point","coordinates":[14.4450877,50.0701566]},"type":"Feature","properties":{"natural":"tree","kod_sprav":"2 MČ Praha 2","aktualizace":"2025-02-01","globalid":"{E41B3A30-27BB-4B7B-847D-62DC9AC799A0}"}},{"geometry":{"type":"Point","coordinates":[14.4452014,50.0700734]},"type":"Feature","properties":{"natural":"tree","kod_sprav":"2 MČ Praha 2","aktualizace":"2025-02-01","globalid":"{2C3827E9-629A-4FC2-9797-5221B7593FCF}"}},{"geometry":{"type":"Point","coordinates":[14.4453381,50.070372]},"type":"Feature","properties":{"natural":"tree","kod_sprav":"2 MČ Praha 2","aktualizace":"2025-02-01","globalid":"{42881637-1B04-48A7-BD62-7880FB3B69EE}"}},{"geometry":{"type":"Point","coordinates":[14.4454091,50.0703406]},"type":"Feature","properties":{"natural":"tree","kod_sprav":"2 MČ Praha 2","aktualizace":"2025-02-01","globalid":"{4D1B716F-37F3-45CE-80C8-4340B939E423}"}},{"geometry":{"type":"Point","coordinates":[14.4455086,50.0702912]},"type":"Feature","properties":{"natural":"tree","kod_sprav":"2 MČ Praha 2","aktualizace":"2025-02-01","globalid":"{DF74DA4C-8110-4F2B-9F45-9591FE8DBE1A}"}},{"geometry":{"type":"Point","coordinates":[14.4452242,50.0705992]},"type":"Feature","properties":{"natural":"tree","kod_sprav":"2 MČ Praha 2","aktualizace":"2025-02-01","globalid":"{7EAE2514-DBD8-4BDB-B072-8683271B1FE4}"}},{"geometry":{"type":"Point","coordinates":[14.4365059,50.074763]},"type":"Feature","properties":{"natural":"tree","kod_sprav":"2 MČ Praha 2","aktualizace":"2025-02-01","globalid":"{444677B0-028E-4382-9026-4413B54899F1}"}},{"geometry":{"type":"Point","coordinates":[14.4442586,50.0708511]},"type":"Feature","properties":{"natural":"tree","kod_sprav":"2 MČ Praha 2","aktualizace":"2025-02-01","globalid":"{D59941B0-1FD3-4759-9DA9-C93B55E004B6}"}},{"geometry":{"type":"Point","coordinates":[14.444201,50.0708107]},"type":"Feature","properties":{"natural":"tree","kod_sprav":"2 MČ Praha 2","aktualizace":"2025-02-01","globalid":"{56D1C5B9-056F-4040-A857-7B577D06C419}"}},{"geometry":{"type":"Point","coordinates":[14.44412,50.0707306]},"type":"Feature","properties":{"natural":"tree","kod_sprav":"2 MČ Praha 2","aktualizace":"2025-02-01","globalid":"{AF1A45AA-A027-45C4-AB70-68F7F408FA8F}"}},{"geometry":{"type":"Point","coordinates":[14.4441627,50.0707497]},"type":"Feature","properties":{"natural":"tree","kod_sprav":"2 MČ Praha 2","aktualizace":"2025-02-01","globalid":"{073B8AB0-A18D-459E-A4F0-83D8578F0E56}"}},{"geometry":{"type":"Point","coordinates":[14.4438157,50.0703085]},"type":"Feature","properties":{"natural":"tree","kod_sprav":"2 MČ Praha 2","aktualizace":"2025-02-01","globalid":"{69D30EC8-8E5E-45F3-A1C5-B1BCEA261867}"}},{"geometry":{"type":"Point","coordinates":[14.4438451,50.070261]},"type":"Feature","properties":{"natural":"tree","kod_sprav":"2 MČ Praha 2","aktualizace":"2025-02-01","globalid":"{C3575FE0-E2BE-44D4-9961-DB21B01C5E11}"}},{"geometry":{"type":"Point","coordinates":[14.4437589,50.0703191]},"type":"Feature","properties":{"natural":"tree","kod_sprav":"2 MČ Praha 2","aktualizace":"2025-02-01","globalid":"{90190535-836B-4BFC-A49D-28B2D9F7E019}"}},{"geometry":{"type":"Point","coordinates":[14.4437374,50.0703124]},"type":"Feature","properties":{"natural":"tree","kod_sprav":"2 MČ Praha 2","aktualizace":"2025-02-01","globalid":"{F6672433-05FD-4BA5-8116-725B811DAF23}"}},{"geometry":{"type":"Point","coordinates":[14.4436933,50.0703223]},"type":"Feature","properties":{"natural":"tree","kod_sprav":"2 MČ Praha 2","aktualizace":"2025-02-01","globalid":"{441C73A5-D548-4CAC-83DA-52B8C0983B20}"}},{"geometry":{"type":"Point","coordinates":[14.4437453,50.0702786]},"type":"Feature","properties":{"natural":"tree","kod_sprav":"2 MČ Praha 2","aktualizace":"2025-02-01","globalid":"{7C8862F7-D2D6-4CE8-B95C-80DC7C594732}"}},{"geometry":{"type":"Point","coordinates":[14.4437357,50.0702536]},"type":"Feature","properties":{"natural":"tree","kod_sprav":"2 MČ Praha 2","aktualizace":"2025-02-01","globalid":"{11399C6D-CD2F-4563-9C82-421CF70EA55C}"}},{"geometry":{"type":"Point","coordinates":[14.4453035,50.0706087]},"type":"Feature","properties":{"natural":"tree","kod_sprav":"2 MČ Praha 2","aktualizace":"2025-02-01","globalid":"{21C3C5A5-85A3-46E3-9CE3-3B23E5028006}"}},{"geometry":{"type":"Point","coordinates":[14.4454585,50.0705358]},"type":"Feature","properties":{"natural":"tree","kod_sprav":"2 MČ Praha 2","aktualizace":"2025-02-01","globalid":"{F3EEA3BB-9235-48D6-968F-9126EECE25D0}"}},{"geometry":{"type":"Point","coordinates":[14.44558,50.0704975]},"type":"Feature","properties":{"natural":"tree","kod_sprav":"2 MČ Praha 2","aktualizace":"2025-02-01","globalid":"{6675203A-0321-427F-BBEC-5EAF7AFE0D09}"}},{"geometry":{"type":"Point","coordinates":[14.445752,50.0702765]},"type":"Feature","properties":{"natural":"tree","kod_sprav":"2 MČ Praha 2","aktualizace":"2025-02-01","globalid":"{5F4245B7-76F0-4333-B33A-43345EEA9D40}"}},{"geometry":{"type":"Point","coordinates":[14.4457234,50.0703792]},"type":"Feature","properties":{"natural":"tree","kod_sprav":"2 MČ Praha 2","aktualizace":"2025-02-01","globalid":"{BBC70F52-A044-4A2A-9618-8B5693015877}"}},{"geometry":{"type":"Point","coordinates":[14.445986,50.0703735]},"type":"Feature","properties":{"natural":"tree","kod_sprav":"2 MČ Praha 2","aktualizace":"2025-02-01","globalid":"{D7D36B99-8A8C-4B48-8D4E-C391D1664D61}"}},{"geometry":{"type":"Point","coordinates":[14.4458556,50.0704219]},"type":"Feature","properties":{"natural":"tree","kod_sprav":"2 MČ Praha 2","aktualizace":"2025-02-01","globalid":"{239F869F-E2F4-4DFB-844B-67F6FF6DB3BE}"}},{"geometry":{"type":"Point","coordinates":[14.4452711,50.070472]},"type":"Feature","properties":{"natural":"tree","kod_sprav":"2 MČ Praha 2","aktualizace":"2025-02-01","globalid":"{7963E3CB-5140-4D7D-BADF-2BF054A24F14}"}},{"geometry":{"type":"Point","coordinates":[14.4366799,50.0747882]},"type":"Feature","properties":{"natural":"tree","kod_sprav":"2 MČ Praha 2","aktualizace":"2025-02-01","globalid":"{03B66EF8-4F99-4AFA-8105-FC24342E9036}"}},{"geometry":{"type":"Point","coordinates":[14.4434818,50.0701872]},"type":"Feature","properties":{"natural":"tree","kod_sprav":"2 MČ Praha 2","aktualizace":"2025-02-01","globalid":"{3DC221B7-802A-4E08-85DB-B26260A0453E}"}},{"geometry":{"type":"Point","coordinates":[14.4434962,50.0701526]},"type":"Feature","properties":{"natural":"tree","kod_sprav":"2 MČ Praha 2","aktualizace":"2025-02-01","globalid":"{3623DDA7-F671-4A8D-982E-24AC3E064187}"}},{"geometry":{"type":"Point","coordinates":[14.4435665,50.070174]},"type":"Feature","properties":{"natural":"tree","kod_sprav":"2 MČ Praha 2","aktualizace":"2025-02-01","globalid":"{EC139DBF-74AA-47D4-A6BF-067EDCD62C20}"}},{"geometry":{"type":"Point","coordinates":[14.4436683,50.070181]},"type":"Feature","properties":{"natural":"tree","kod_sprav":"2 MČ Praha 2","aktualizace":"2025-02-01","globalid":"{DBFBBC13-7605-4601-9B38-DC8C3B9EEE4D}"}},{"geometry":{"type":"Point","coordinates":[14.4436699,50.070123]},"type":"Feature","properties":{"natural":"tree","kod_sprav":"2 MČ Praha 2","aktualizace":"2025-02-01","globalid":"{BC9611C7-B0F0-4683-9887-235F75B64304}"}},{"geometry":{"type":"Point","coordinates":[14.4419472,50.0741504]},"type":"Feature","properties":{"natural":"tree","kod_sprav":"2 MČ Praha 2","aktualizace":"2025-02-01","globalid":"{A9174A04-7297-4B72-A912-1BDEEB544A05}"}},{"geometry":{"type":"Point","coordinates":[14.4363645,50.0722539]},"type":"Feature","properties":{"natural":"tree","kod_sprav":"2 MČ Praha 2","aktualizace":"2025-02-01","globalid":"{DD71D7F8-2184-4D6F-9F4C-8159618C52A0}"}},{"geometry":{"type":"Point","coordinates":[14.4417681,50.0703938]},"type":"Feature","properties":{"natural":"tree","kod_sprav":"2 MČ Praha 2","aktualizace":"2025-02-01","globalid":"{904009F6-3CF0-40DA-8642-F72401A949DA}"}},{"geometry":{"type":"Point","coordinates":[14.4362178,50.0722856]},"type":"Feature","properties":{"natural":"tree","kod_sprav":"2 MČ Praha 2","aktualizace":"2025-02-01","globalid":"{CF6CF4F0-FB15-4E81-AA77-5044AF02B3D7}"}},{"geometry":{"type":"Point","coordinates":[14.4418581,50.0704346]},"type":"Feature","properties":{"natural":"tree","kod_sprav":"2 MČ Praha 2","aktualizace":"2025-02-01","globalid":"{D3092832-EE32-4866-BD9F-BF5B888DB140}"}},{"geometry":{"type":"Point","coordinates":[14.4363974,50.0721592]},"type":"Feature","properties":{"natural":"tree","kod_sprav":"2 MČ Praha 2","aktualizace":"2025-02-01","globalid":"{BCD63E6B-3DF0-4093-BD69-78CEC165F88C}"}},{"geometry":{"type":"Point","coordinates":[14.4408321,50.0744513]},"type":"Feature","properties":{"natural":"tree","kod_sprav":"2 MČ Praha 2","aktualizace":"2025-02-01","globalid":"{4D5C3047-A003-4E92-936C-76D7ED52B7FD}"}},{"geometry":{"type":"Point","coordinates":[14.441972,50.0704861]},"type":"Feature","properties":{"natural":"tree","kod_sprav":"2 MČ Praha 2","aktualizace":"2025-02-01","globalid":"{2386802C-4F1B-4B3B-9113-C3B2534A66C2}"}},{"geometry":{"type":"Point","coordinates":[14.436244,50.0721972]},"type":"Feature","properties":{"natural":"tree","kod_sprav":"2 MČ Praha 2","aktualizace":"2025-02-01","globalid":"{523712BA-3008-460B-9FEA-EA02EF9B7012}"}},{"geometry":{"type":"Point","coordinates":[14.4409308,50.0744525]},"type":"Feature","properties":{"natural":"tree","kod_sprav":"2 MČ Praha 2","aktualizace":"2025-02-01","globalid":"{EE7CA95C-4261-4B8E-958B-604347E26D82}"}},{"geometry":{"type":"Point","coordinates":[14.4410345,50.0744518]},"type":"Feature","properties":{"natural":"tree","kod_sprav":"2 MČ Praha 2","aktualizace":"2025-02-01","globalid":"{3FAD70B9-5A19-4383-B8B3-8CE6E9CC63D0}"}},{"geometry":{"type":"Point","coordinates":[14.4421702,50.0705804]},"type":"Feature","properties":{"natural":"tree","kod_sprav":"2 MČ Praha 2","aktualizace":"2025-02-01","globalid":"{957FC50D-7BC1-47A1-96CE-FB79A356D397}"}},{"geometry":{"type":"Point","coordinates":[14.4364167,50.0721084]},"type":"Feature","properties":{"natural":"tree","kod_sprav":"2 MČ Praha 2","aktualizace":"2025-02-01","globalid":"{CFA91156-0E0D-4CC1-8F66-ECF20B1829DE}"}},{"geometry":{"type":"Point","coordinates":[14.441138,50.0744517]},"type":"Feature","properties":{"natural":"tree","kod_sprav":"2 MČ Praha 2","aktualizace":"2025-02-01","globalid":"{4744B28C-718F-4AAD-8666-0C94C8CE8421}"}},{"geometry":{"type":"Point","coordinates":[14.4422514,50.0706178]},"type":"Feature","properties":{"natural":"tree","kod_sprav":"2 MČ Praha 2","aktualizace":"2025-02-01","globalid":"{9BB78804-084A-4232-A623-E3C776AF79B9}"}},{"geometry":{"type":"Point","coordinates":[14.4364276,50.0720722]},"type":"Feature","properties":{"natural":"tree","kod_sprav":"2 MČ Praha 2","aktualizace":"2025-02-01","globalid":"{04031FBF-9BDE-4D68-809F-32C33BE8512D}"}},{"geometry":{"type":"Point","coordinates":[14.4413337,50.0744534]},"type":"Feature","properties":{"natural":"tree","kod_sprav":"2 MČ Praha 2","aktualizace":"2025-02-01","globalid":"{5446DFFD-57F2-40F1-BB39-541896C04CDF}"}},{"geometry":{"type":"Point","coordinates":[14.4425885,50.0708958]},"type":"Feature","properties":{"natural":"tree","kod_sprav":"2 MČ Praha 2","aktualizace":"2025-02-01","globalid":"{F134C251-745A-48B2-8423-830BA894F6BC}"}},{"geometry":{"type":"Point","coordinates":[14.4364443,50.072025]},"type":"Feature","properties":{"natural":"tree","kod_sprav":"2 MČ Praha 2","aktualizace":"2025-02-01","globalid":"{DAA3CCF9-D9EC-4363-88C0-EC09E1251010}"}},{"geometry":{"type":"Point","coordinates":[14.4366191,50.0715331]},"type":"Feature","properties":{"natural":"tree","kod_sprav":"2 MČ Praha 2","aktualizace":"2025-02-01","globalid":"{5DE899DF-186E-48B6-98F0-F898F43EBCA6}"}},{"geometry":{"type":"Point","coordinates":[14.4415206,50.074453]},"type":"Feature","properties":{"natural":"tree","kod_sprav":"2 MČ Praha 2","aktualizace":"2025-02-01","globalid":"{C11EFB7A-63FA-4490-8A35-A3E5A2423054}"}},{"geometry":{"type":"Point","coordinates":[14.442273,50.0707532]},"type":"Feature","properties":{"natural":"tree","kod_sprav":"2 MČ Praha 2","aktualizace":"2025-02-01","globalid":"{6DBF1CA0-81E9-4542-B88E-BF776388EF19}"}},{"geometry":{"type":"Point","coordinates":[14.4423812,50.0708013]},"type":"Feature","properties":{"natural":"tree","kod_sprav":"2 MČ Praha 2","aktualizace":"2025-02-01","globalid":"{7D22CD3D-4580-4744-83AD-E05C208FF3DB}"}},{"geometry":{"type":"Point","coordinates":[14.4364757,50.0719429]},"type":"Feature","properties":{"natural":"tree","kod_sprav":"2 MČ Praha 2","aktualizace":"2025-02-01","globalid":"{48766F1B-026A-4820-A261-C61BA5B0DD17}"}},{"geometry":{"type":"Point","coordinates":[14.4447051,50.0754101]},"type":"Feature","properties":{"natural":"tree","kod_sprav":"2 MČ Praha 2","aktualizace":"2025-02-01","globalid":"{ADA2EEA5-722E-417F-8B95-8A7080889FA6}"}},{"geometry":{"type":"Point","coordinates":[14.4448105,50.0754106]},"type":"Feature","properties":{"natural":"tree","kod_sprav":"2 MČ Praha 2","aktualizace":"2025-02-01","globalid":"{F4999465-038E-49FE-9B61-3DC728C81D3F}"}},{"geometry":{"type":"Point","coordinates":[14.4449117,50.0754116]},"type":"Feature","properties":{"natural":"tree","kod_sprav":"2 MČ Praha 2","aktualizace":"2025-02-01","globalid":"{E1276CFD-09D4-4F45-82FF-ABDBCEC3FA19}"}},{"geometry":{"type":"Point","coordinates":[14.4450113,50.0754111]},"type":"Feature","properties":{"natural":"tree","kod_sprav":"2 MČ Praha 2","aktualizace":"2025-02-01","globalid":"{4FDF91D8-3273-4EEA-A25A-5AC13D231AA7}"}},{"geometry":{"type":"Point","coordinates":[14.4451128,50.0754129]},"type":"Feature","properties":{"natural":"tree","kod_sprav":"2 MČ Praha 2","aktualizace":"2025-02-01","globalid":"{99287B11-1EE9-4022-9163-A4D917844C93}"}},{"geometry":{"type":"Point","coordinates":[14.4452144,50.0754136]},"type":"Feature","properties":{"natural":"tree","kod_sprav":"2 MČ Praha 2","aktualizace":"2025-02-01","globalid":"{559064E3-1E88-4C87-848C-283DA048F17B}"}},{"geometry":{"type":"Point","coordinates":[14.4375706,50.0736759]},"type":"Feature","properties":{"natural":"tree","kod_sprav":"2 MČ Praha 2","aktualizace":"2025-02-01","globalid":"{9B735634-EC84-4677-8099-B4CC8C2F837E}"}},{"geometry":{"type":"Point","coordinates":[14.436902,50.0733702]},"type":"Feature","properties":{"natural":"tree","kod_sprav":"2 MČ Praha 2","aktualizace":"2025-02-01","globalid":"{C333DE8D-1A4C-45C3-AF1C-1D6D6551831D}"}},{"geometry":{"type":"Point","coordinates":[14.4362697,50.0731633]},"type":"Feature","properties":{"natural":"tree","kod_sprav":"2 MČ Praha 2","aktualizace":"2025-02-01","globalid":"{7AECFC21-B686-45BB-9332-C0E6BDC7E9F3}"}},{"geometry":{"type":"Point","coordinates":[14.4411225,50.0753901]},"type":"Feature","properties":{"natural":"tree","kod_sprav":"2 MČ Praha 2","aktualizace":"2025-02-01","globalid":"{6A5D9A11-9636-461E-B325-B7D6E4D2A022}"}},{"geometry":{"type":"Point","coordinates":[14.4457733,50.0745328]},"type":"Feature","properties":{"natural":"tree","kod_sprav":"2 MČ Praha 2","aktualizace":"2025-02-01","globalid":"{E726277D-71E3-488D-A049-C923F0BAA0EA}"}},{"geometry":{"type":"Point","coordinates":[14.4457701,50.0743377]},"type":"Feature","properties":{"natural":"tree","kod_sprav":"2 MČ Praha 2","aktualizace":"2025-02-01","globalid":"{7B71FEC8-D097-4F1B-8DED-7C2CA71515A0}"}},{"geometry":{"type":"Point","coordinates":[14.4457688,50.0742607]},"type":"Feature","properties":{"natural":"tree","kod_sprav":"2 MČ Praha 2","aktualizace":"2025-02-01","globalid":"{05BE2B42-F29E-4BFD-892E-28E1310CEC9C}"}},{"geometry":{"type":"Point","coordinates":[14.4459171,50.0742937]},"type":"Feature","properties":{"natural":"tree","kod_sprav":"2 MČ Praha 2","aktualizace":"2025-02-01","globalid":"{BD6E213A-054C-41DB-B3EC-56B20DD588CC}"}},{"geometry":{"type":"Point","coordinates":[14.4459204,50.0742266]},"type":"Feature","properties":{"natural":"tree","kod_sprav":"2 MČ Praha 2","aktualizace":"2025-02-01","globalid":"{02B7C545-CBFD-4D07-8B9A-E817B35BBE35}"}},{"geometry":{"type":"Point","coordinates":[14.4415995,50.074361]},"type":"Feature","properties":{"natural":"tree","kod_sprav":"2 MČ Praha 2","aktualizace":"2025-02-01","globalid":"{C6C15E98-BDE5-4BFA-9441-02A2176BA4C4}"}},{"geometry":{"type":"Point","coordinates":[14.4425255,50.0708668]},"type":"Feature","properties":{"natural":"tree","kod_sprav":"2 MČ Praha 2","aktualizace":"2025-02-01","globalid":"{D85CF1ED-FFF9-4F24-8DF9-DBD9F0452BCB}"}},{"geometry":{"type":"Point","coordinates":[14.4453141,50.0754156]},"type":"Feature","properties":{"natural":"tree","kod_sprav":"2 MČ Praha 2","aktualizace":"2025-02-01","globalid":"{3951D816-FAF9-4539-9288-2D045281743A}"}},{"geometry":{"type":"Point","coordinates":[14.4455422,50.0754153]},"type":"Feature","properties":{"natural":"tree","kod_sprav":"2 MČ Praha 2","aktualizace":"2025-02-01","globalid":"{DC0C3B62-15A1-4865-820E-DBF664F2E5FE}"}},{"geometry":{"type":"Point","coordinates":[14.4454162,50.075415]},"type":"Feature","properties":{"natural":"tree","kod_sprav":"2 MČ Praha 2","aktualizace":"2025-02-01","globalid":"{A5980604-8536-4939-BEF1-49E13F53E22D}"}},{"geometry":{"type":"Point","coordinates":[14.4411965,50.0753917]},"type":"Feature","properties":{"natural":"tree","kod_sprav":"2 MČ Praha 2","aktualizace":"2025-02-01","globalid":"{6AE21FF3-7EF6-490D-B93E-37442CEE3CB4}"}},{"geometry":{"type":"Point","coordinates":[14.4412908,50.0753886]},"type":"Feature","properties":{"natural":"tree","kod_sprav":"2 MČ Praha 2","aktualizace":"2025-02-01","globalid":"{FBEC4E5B-83ED-4EA9-B868-B73CB0184DB4}"}},{"geometry":{"type":"Point","coordinates":[14.4413779,50.075393]},"type":"Feature","properties":{"natural":"tree","kod_sprav":"2 MČ Praha 2","aktualizace":"2025-02-01","globalid":"{3B8094B0-8FFE-4CB7-BF31-11F178A2E619}"}},{"geometry":{"type":"Point","coordinates":[14.4414706,50.0753907]},"type":"Feature","properties":{"natural":"tree","kod_sprav":"2 MČ Praha 2","aktualizace":"2025-02-01","globalid":"{0F3690F0-E3E4-429A-B19D-BAE555FBC0A2}"}},{"geometry":{"type":"Point","coordinates":[14.4416303,50.0753934]},"type":"Feature","properties":{"natural":"tree","kod_sprav":"2 MČ Praha 2","aktualizace":"2025-02-01","globalid":"{A9B50DB6-8DEC-4535-82A0-63860F39D964}"}},{"geometry":{"type":"Point","coordinates":[14.441785,50.0753926]},"type":"Feature","properties":{"natural":"tree","kod_sprav":"2 MČ Praha 2","aktualizace":"2025-02-01","globalid":"{A69E245F-83F2-4CB9-A1D4-3C73C79CC6B6}"}},{"geometry":{"type":"Point","coordinates":[14.4417595,50.0752632]},"type":"Feature","properties":{"natural":"tree","kod_sprav":"2 MČ Praha 2","aktualizace":"2025-02-01","globalid":"{E4051669-7598-4C1A-A072-1EA794EA7EC7}"}},{"geometry":{"type":"Point","coordinates":[14.441668,50.0752631]},"type":"Feature","properties":{"natural":"tree","kod_sprav":"2 MČ Praha 2","aktualizace":"2025-02-01","globalid":"{03F630F7-D998-4C9F-B303-59DE1701146D}"}},{"geometry":{"type":"Point","coordinates":[14.4415115,50.0752603]},"type":"Feature","properties":{"natural":"tree","kod_sprav":"2 MČ Praha 2","aktualizace":"2025-02-01","globalid":"{96333313-64AF-4135-AE32-6A07400AF46D}"}},{"geometry":{"type":"Point","coordinates":[14.441421,50.0752558]},"type":"Feature","properties":{"natural":"tree","kod_sprav":"2 MČ Praha 2","aktualizace":"2025-02-01","globalid":"{4AC2D4D4-AD15-4F06-8DC4-1C49456BB24E}"}},{"geometry":{"type":"Point","coordinates":[14.4413266,50.0752589]},"type":"Feature","properties":{"natural":"tree","kod_sprav":"2 MČ Praha 2","aktualizace":"2025-02-01","globalid":"{D3D32AA9-EDF0-4743-A881-12ABBC68BAA0}"}},{"geometry":{"type":"Point","coordinates":[14.4412199,50.075256]},"type":"Feature","properties":{"natural":"tree","kod_sprav":"2 MČ Praha 2","aktualizace":"2025-02-01","globalid":"{07E504C9-49EC-4790-B840-5894AC0E7A92}"}},{"geometry":{"type":"Point","coordinates":[14.4459202,50.0741689]},"type":"Feature","properties":{"natural":"tree","kod_sprav":"2 MČ Praha 2","aktualizace":"2025-02-01","globalid":"{3FA44378-BC92-4414-9FA4-EABD58A8CC64}"}},{"geometry":{"type":"Point","coordinates":[14.4457684,50.0741906]},"type":"Feature","properties":{"natural":"tree","kod_sprav":"2 MČ Praha 2","aktualizace":"2025-02-01","globalid":"{774C6FBF-8AE6-4E2C-9FE8-50EAFA01C8A3}"}},{"geometry":{"type":"Point","coordinates":[14.4459288,50.0740869]},"type":"Feature","properties":{"natural":"tree","kod_sprav":"2 MČ Praha 2","aktualizace":"2025-02-01","globalid":"{11BC1DD3-BE67-499C-9DA3-BAD640534C09}"}},{"geometry":{"type":"Point","coordinates":[14.4457726,50.0741147]},"type":"Feature","properties":{"natural":"tree","kod_sprav":"2 MČ Praha 2","aktualizace":"2025-02-01","globalid":"{4EB82709-5658-4DD6-BA34-350E28A570AC}"}},{"geometry":{"type":"Point","coordinates":[14.4459226,50.07402]},"type":"Feature","properties":{"natural":"tree","kod_sprav":"2 MČ Praha 2","aktualizace":"2025-02-01","globalid":"{C95B5351-F147-42C3-9344-54B87293090C}"}},{"geometry":{"type":"Point","coordinates":[14.4457792,50.074032]},"type":"Feature","properties":{"natural":"tree","kod_sprav":"2 MČ Praha 2","aktualizace":"2025-02-01","globalid":"{B08D9CCE-1162-46B7-94A2-F1A61FECAEFF}"}},{"geometry":{"type":"Point","coordinates":[14.44593,50.0739526]},"type":"Feature","properties":{"natural":"tree","kod_sprav":"2 MČ Praha 2","aktualizace":"2025-02-01","globalid":"{1F87B6F3-D780-4F57-8831-713579BD61B9}"}},{"geometry":{"type":"Point","coordinates":[14.4457819,50.0739579]},"type":"Feature","properties":{"natural":"tree","kod_sprav":"2 MČ Praha 2","aktualizace":"2025-02-01","globalid":"{EBD55990-C707-42B3-A81C-0B71D27070FD}"}},{"geometry":{"type":"Point","coordinates":[14.4459321,50.073858]},"type":"Feature","properties":{"natural":"tree","kod_sprav":"2 MČ Praha 2","aktualizace":"2025-02-01","globalid":"{AF5D6BD6-ADF9-46BA-A28E-309421D54DE3}"}},{"geometry":{"type":"Point","coordinates":[14.4459311,50.0737799]},"type":"Feature","properties":{"natural":"tree","kod_sprav":"2 MČ Praha 2","aktualizace":"2025-02-01","globalid":"{B24F4186-8321-435D-A879-0F1A75193784}"}},{"geometry":{"type":"Point","coordinates":[14.442074,50.0755314]},"type":"Feature","properties":{"natural":"tree","kod_sprav":"2 MČ Praha 2","aktualizace":"2025-02-01","globalid":"{086390E2-169F-4A2C-9E8D-6421CBB324C0}"}},{"geometry":{"type":"Point","coordinates":[14.4419247,50.0756467]},"type":"Feature","properties":{"natural":"tree","kod_sprav":"2 MČ Praha 2","aktualizace":"2025-02-01","globalid":"{726E112A-4B3B-4C8F-B0B8-258B03BE425E}"}},{"geometry":{"type":"Point","coordinates":[14.4438356,50.0758157]},"type":"Feature","properties":{"natural":"tree","kod_sprav":"2 MČ Praha 2","aktualizace":"2025-02-01","globalid":"{F009F69B-F9C0-41A3-BA3B-0D33163EA28C}"}},{"geometry":{"type":"Point","coordinates":[14.4438379,50.0756835]},"type":"Feature","properties":{"natural":"tree","kod_sprav":"2 MČ Praha 2","aktualizace":"2025-02-01","globalid":"{13E52AA6-7C2E-4428-907E-AC739EE86F89}"}},{"geometry":{"type":"Point","coordinates":[14.4438351,50.075546]},"type":"Feature","properties":{"natural":"tree","kod_sprav":"2 MČ Praha 2","aktualizace":"2025-02-01","globalid":"{AEEFB89F-43A2-4242-B61E-094D123C197A}"}},{"geometry":{"type":"Point","coordinates":[14.4439904,50.0751493]},"type":"Feature","properties":{"natural":"tree","kod_sprav":"2 MČ Praha 2","aktualizace":"2025-02-01","globalid":"{B0A8697D-8E4D-44EA-8A6B-5640BD8098FE}"}},{"geometry":{"type":"Point","coordinates":[14.4438479,50.0750127]},"type":"Feature","properties":{"natural":"tree","kod_sprav":"2 MČ Praha 2","aktualizace":"2025-02-01","globalid":"{57E4D716-1340-4A59-98DB-77D2C82EE382}"}},{"geometry":{"type":"Point","coordinates":[14.4438483,50.0750639]},"type":"Feature","properties":{"natural":"tree","kod_sprav":"2 MČ Praha 2","aktualizace":"2025-02-01","globalid":"{CB304F10-9C52-4E7A-BAC9-21EF6AF519FA}"}},{"geometry":{"type":"Point","coordinates":[14.4438469,50.0751323]},"type":"Feature","properties":{"natural":"tree","kod_sprav":"2 MČ Praha 2","aktualizace":"2025-02-01","globalid":"{F1D30993-954B-43D9-9D37-C1461A432C75}"}},{"geometry":{"type":"Point","coordinates":[14.4440034,50.0747731]},"type":"Feature","properties":{"natural":"tree","kod_sprav":"2 MČ Praha 2","aktualizace":"2025-02-01","globalid":"{356E688A-7D49-48BE-AF2F-65E433E736A7}"}},{"geometry":{"type":"Point","coordinates":[14.4440062,50.0745778]},"type":"Feature","properties":{"natural":"tree","kod_sprav":"2 MČ Praha 2","aktualizace":"2025-02-01","globalid":"{0E6D2F51-5532-4262-99E8-9F45D545183E}"}},{"geometry":{"type":"Point","coordinates":[14.444003,50.0746636]},"type":"Feature","properties":{"natural":"tree","kod_sprav":"2 MČ Praha 2","aktualizace":"2025-02-01","globalid":"{3A04384D-30B3-45A1-870C-A931EBAB8491}"}},{"geometry":{"type":"Point","coordinates":[14.4438509,50.0746864]},"type":"Feature","properties":{"natural":"tree","kod_sprav":"2 MČ Praha 2","aktualizace":"2025-02-01","globalid":"{424BAAD7-2BB3-43FE-AE5C-D10964C5EDE3}"}},{"geometry":{"type":"Point","coordinates":[14.4438515,50.0746068]},"type":"Feature","properties":{"natural":"tree","kod_sprav":"2 MČ Praha 2","aktualizace":"2025-02-01","globalid":"{AD2C2099-CE8D-43F1-B027-4E3DE29D1269}"}},{"geometry":{"type":"Point","coordinates":[14.4419272,50.0755545]},"type":"Feature","properties":{"natural":"tree","kod_sprav":"2 MČ Praha 2","aktualizace":"2025-02-01","globalid":"{5CE4C0BA-35F7-4954-BCDB-F926908774E0}"}},{"geometry":{"type":"Point","coordinates":[14.4420796,50.0752013]},"type":"Feature","properties":{"natural":"tree","kod_sprav":"2 MČ Praha 2","aktualizace":"2025-02-01","globalid":"{08173CD4-61DB-4726-810D-31675E38F47E}"}},{"geometry":{"type":"Point","coordinates":[14.4419296,50.0751843]},"type":"Feature","properties":{"natural":"tree","kod_sprav":"2 MČ Praha 2","aktualizace":"2025-02-01","globalid":"{DEAB01BE-CD35-471E-A5C8-DCAC69A26622}"}},{"geometry":{"type":"Point","coordinates":[14.4419364,50.075126]},"type":"Feature","properties":{"natural":"tree","kod_sprav":"2 MČ Praha 2","aktualizace":"2025-02-01","globalid":"{CFF98618-5E2E-4498-97FA-FD5178FAD7C2}"}},{"geometry":{"type":"Point","coordinates":[14.443864,50.0742544]},"type":"Feature","properties":{"natural":"tree","kod_sprav":"2 MČ Praha 2","aktualizace":"2025-02-01","globalid":"{2913A811-BE7B-407C-A3F9-FD6C83AB700E}"}},{"geometry":{"type":"Point","coordinates":[14.4440079,50.0742333]},"type":"Feature","properties":{"natural":"tree","kod_sprav":"2 MČ Praha 2","aktualizace":"2025-02-01","globalid":"{39F764FF-91DB-4ECD-B135-3A1A61AE7A2D}"}},{"geometry":{"type":"Point","coordinates":[14.4419454,50.0740829]},"type":"Feature","properties":{"natural":"tree","kod_sprav":"2 MČ Praha 2","aktualizace":"2025-02-01","globalid":"{E3C545F0-50BF-458B-86A2-02DBEDA4B36B}"}},{"geometry":{"type":"Point","coordinates":[14.4421007,50.0740533]},"type":"Feature","properties":{"natural":"tree","kod_sprav":"2 MČ Praha 2","aktualizace":"2025-02-01","globalid":"{07DEE0E6-FA94-486D-A2C0-BE13D855ED4F}"}},{"geometry":{"type":"Point","coordinates":[14.4419497,50.0740315]},"type":"Feature","properties":{"natural":"tree","kod_sprav":"2 MČ Praha 2","aktualizace":"2025-02-01","globalid":"{AF40028B-50EC-45B4-8552-4771909EEDB3}"}},{"geometry":{"type":"Point","coordinates":[14.4421022,50.0739936]},"type":"Feature","properties":{"natural":"tree","kod_sprav":"2 MČ Praha 2","aktualizace":"2025-02-01","globalid":"{F5F54A2D-FF15-449F-A9D0-48E0E7936FC8}"}},{"geometry":{"type":"Point","coordinates":[14.4419503,50.0739785]},"type":"Feature","properties":{"natural":"tree","kod_sprav":"2 MČ Praha 2","aktualizace":"2025-02-01","globalid":"{787354BD-A409-4784-9A45-04C96976F75F}"}},{"geometry":{"type":"Point","coordinates":[14.4421041,50.0739264]},"type":"Feature","properties":{"natural":"tree","kod_sprav":"2 MČ Praha 2","aktualizace":"2025-02-01","globalid":"{0B5D3887-47C1-4697-9E26-59A9596B6918}"}},{"geometry":{"type":"Point","coordinates":[14.4419531,50.0739178]},"type":"Feature","properties":{"natural":"tree","kod_sprav":"2 MČ Praha 2","aktualizace":"2025-02-01","globalid":"{449D81D5-63F4-4689-A2CF-64463E443614}"}},{"geometry":{"type":"Point","coordinates":[14.4419525,50.0738521]},"type":"Feature","properties":{"natural":"tree","kod_sprav":"2 MČ Praha 2","aktualizace":"2025-02-01","globalid":"{FA3B0B5E-F6AE-4CAB-A089-3B1C4EC73069}"}},{"geometry":{"type":"Point","coordinates":[14.4421054,50.0738618]},"type":"Feature","properties":{"natural":"tree","kod_sprav":"2 MČ Praha 2","aktualizace":"2025-02-01","globalid":"{A4556127-58E6-44C0-AD5B-C32A1B267E57}"}},{"geometry":{"type":"Point","coordinates":[14.4363388,50.0731872]},"type":"Feature","properties":{"natural":"tree","kod_sprav":"2 MČ Praha 2","aktualizace":"2025-02-01","globalid":"{F33523C0-1F04-48F3-899E-BDD5CE2A34B0}"}},{"geometry":{"type":"Point","coordinates":[14.4364238,50.0732143]},"type":"Feature","properties":{"natural":"tree","kod_sprav":"2 MČ Praha 2","aktualizace":"2025-02-01","globalid":"{9CE3F1F8-8D4F-441A-BCF3-2A27F2F7E4B2}"}},{"geometry":{"type":"Point","coordinates":[14.4418325,50.0718869]},"type":"Feature","properties":{"natural":"tree","kod_sprav":"2 MČ Praha 2","aktualizace":"2025-02-01","globalid":"{85C17E6D-999F-48DC-9B78-E35BB99F6517}"}},{"geometry":{"type":"Point","coordinates":[14.4418966,50.0718276]},"type":"Feature","properties":{"natural":"tree","kod_sprav":"2 MČ Praha 2","aktualizace":"2025-02-01","globalid":"{AA85AE47-199B-4EF9-8C05-F6407802742C}"}},{"geometry":{"type":"Point","coordinates":[14.4419578,50.0717734]},"type":"Feature","properties":{"natural":"tree","kod_sprav":"2 MČ Praha 2","aktualizace":"2025-02-01","globalid":"{A7891AD1-D33F-48CB-9342-D3F884A44033}"}},{"geometry":{"type":"Point","coordinates":[14.4420189,50.0717162]},"type":"Feature","properties":{"natural":"tree","kod_sprav":"2 MČ Praha 2","aktualizace":"2025-02-01","globalid":"{40CA89FC-9365-4F5B-9791-75459FF8A088}"}},{"geometry":{"type":"Point","coordinates":[14.4420621,50.0716761]},"type":"Feature","properties":{"natural":"tree","kod_sprav":"2 MČ Praha 2","aktualizace":"2025-02-01","globalid":"{49F4818D-78AF-45C5-B674-F569653EDCC4}"}},{"geometry":{"type":"Point","coordinates":[14.4438661,50.0741931]},"type":"Feature","properties":{"natural":"tree","kod_sprav":"2 MČ Praha 2","aktualizace":"2025-02-01","globalid":"{40ACA3A0-4C3E-462B-A368-B1086C8827A1}"}},{"geometry":{"type":"Point","coordinates":[14.4438638,50.0741292]},"type":"Feature","properties":{"natural":"tree","kod_sprav":"2 MČ Praha 2","aktualizace":"2025-02-01","globalid":"{B0B2DFA8-2E04-4657-AA9A-1A18F39FF4BB}"}},{"geometry":{"type":"Point","coordinates":[14.4438671,50.0740059]},"type":"Feature","properties":{"natural":"tree","kod_sprav":"2 MČ Praha 2","aktualizace":"2025-02-01","globalid":"{2EBE85F5-BD4A-41F8-BFA9-D053BBD6ACE3}"}},{"geometry":{"type":"Point","coordinates":[14.4438662,50.0740623]},"type":"Feature","properties":{"natural":"tree","kod_sprav":"2 MČ Praha 2","aktualizace":"2025-02-01","globalid":"{938EA465-E58E-4336-8210-2E8C3992482A}"}},{"geometry":{"type":"Point","coordinates":[14.4440124,50.074034]},"type":"Feature","properties":{"natural":"tree","kod_sprav":"2 MČ Praha 2","aktualizace":"2025-02-01","globalid":"{0AEDD9BB-934B-45E0-8539-1069051DF444}"}},{"geometry":{"type":"Point","coordinates":[14.4440117,50.0739785]},"type":"Feature","properties":{"natural":"tree","kod_sprav":"2 MČ Praha 2","aktualizace":"2025-02-01","globalid":"{BA7C85D7-3074-4EF3-84F0-725EB234B743}"}},{"geometry":{"type":"Point","coordinates":[14.444017,50.0739316]},"type":"Feature","properties":{"natural":"tree","kod_sprav":"2 MČ Praha 2","aktualizace":"2025-02-01","globalid":"{DA7B605C-56D8-4093-BB71-0D3E5699AB90}"}},{"geometry":{"type":"Point","coordinates":[14.4440146,50.0738711]},"type":"Feature","properties":{"natural":"tree","kod_sprav":"2 MČ Praha 2","aktualizace":"2025-02-01","globalid":"{FD90B94D-E8F8-4D66-91B8-18DDC66EA3D6}"}},{"geometry":{"type":"Point","coordinates":[14.4438672,50.0739331]},"type":"Feature","properties":{"natural":"tree","kod_sprav":"2 MČ Praha 2","aktualizace":"2025-02-01","globalid":"{A84392CC-FC3B-4EB1-9AC1-27C5A1C613F6}"}},{"geometry":{"type":"Point","coordinates":[14.4438673,50.0738668]},"type":"Feature","properties":{"natural":"tree","kod_sprav":"2 MČ Praha 2","aktualizace":"2025-02-01","globalid":"{149AC866-5CE2-4F12-9917-998A038CF865}"}},{"geometry":{"type":"Point","coordinates":[14.4456615,50.0752852]},"type":"Feature","properties":{"natural":"tree","kod_sprav":"2 MČ Praha 2","aktualizace":"2025-02-01","globalid":"{EA32EAAB-19FB-4734-BD8D-D6C8913A8472}"}},{"geometry":{"type":"Point","coordinates":[14.4455651,50.075285]},"type":"Feature","properties":{"natural":"tree","kod_sprav":"2 MČ Praha 2","aktualizace":"2025-02-01","globalid":"{A1515309-CB4E-40F4-A1D2-7C5A1747069D}"}},{"geometry":{"type":"Point","coordinates":[14.4454667,50.0752839]},"type":"Feature","properties":{"natural":"tree","kod_sprav":"2 MČ Praha 2","aktualizace":"2025-02-01","globalid":"{D7361ADA-6F0B-4241-B82D-9F9F8398D5C0}"}},{"geometry":{"type":"Point","coordinates":[14.4453872,50.0752851]},"type":"Feature","properties":{"natural":"tree","kod_sprav":"2 MČ Praha 2","aktualizace":"2025-02-01","globalid":"{E8708510-F2CF-43D2-9D41-B65F2B6FAE9E}"}},{"geometry":{"type":"Point","coordinates":[14.4452704,50.0752834]},"type":"Feature","properties":{"natural":"tree","kod_sprav":"2 MČ Praha 2","aktualizace":"2025-02-01","globalid":"{B1ABFD61-A8EB-4DFE-B12C-AA66B3944B08}"}},{"geometry":{"type":"Point","coordinates":[14.4362916,50.0732568]},"type":"Feature","properties":{"natural":"tree","kod_sprav":"2 MČ Praha 2","aktualizace":"2025-02-01","globalid":"{D8EA86FF-DBE7-4237-B610-9687295C7B82}"}},{"geometry":{"type":"Point","coordinates":[14.436369,50.0732829]},"type":"Feature","properties":{"natural":"tree","kod_sprav":"2 MČ Praha 2","aktualizace":"2025-02-01","globalid":"{197A55C8-678B-49D1-A0E5-18EB05EE8BF8}"}},{"geometry":{"type":"Point","coordinates":[14.4365264,50.0733343]},"type":"Feature","properties":{"natural":"tree","kod_sprav":"2 MČ Praha 2","aktualizace":"2025-02-01","globalid":"{AC8A7388-CAEF-4423-A7AA-9E3A97A106A2}"}},{"geometry":{"type":"Point","coordinates":[14.4365823,50.0732673]},"type":"Feature","properties":{"natural":"tree","kod_sprav":"2 MČ Praha 2","aktualizace":"2025-02-01","globalid":"{474F7965-617D-4D42-8C5B-73EA6EDF8B68}"}},{"geometry":{"type":"Point","coordinates":[14.4366857,50.0733865]},"type":"Feature","properties":{"natural":"tree","kod_sprav":"2 MČ Praha 2","aktualizace":"2025-02-01","globalid":"{C0D5BA01-19EF-461D-B614-17CAF53A4806}"}},{"geometry":{"type":"Point","coordinates":[14.4367236,50.0733126]},"type":"Feature","properties":{"natural":"tree","kod_sprav":"2 MČ Praha 2","aktualizace":"2025-02-01","globalid":"{90CF83B3-4297-4B4D-9D19-397D7CA5EDDE}"}},{"geometry":{"type":"Point","coordinates":[14.4368219,50.0733458]},"type":"Feature","properties":{"natural":"tree","kod_sprav":"2 MČ Praha 2","aktualizace":"2025-02-01","globalid":"{57680EB3-9AEC-40E4-991D-88B98DC10721}"}},{"geometry":{"type":"Point","coordinates":[14.4410266,50.0752587]},"type":"Feature","properties":{"natural":"tree","kod_sprav":"2 MČ Praha 2","aktualizace":"2025-02-01","globalid":"{B9B14661-AD22-4107-AC0C-541B85A25B5C}"}},{"geometry":{"type":"Point","coordinates":[14.440915,50.075257]},"type":"Feature","properties":{"natural":"tree","kod_sprav":"2 MČ Praha 2","aktualizace":"2025-02-01","globalid":"{84CA477D-CDE6-4F85-9467-72A575651C1B}"}},{"geometry":{"type":"Point","coordinates":[14.4407821,50.0752557]},"type":"Feature","properties":{"natural":"tree","kod_sprav":"2 MČ Praha 2","aktualizace":"2025-02-01","globalid":"{38D284E1-08A8-4BF4-A4BB-198DD76C712C}"}},{"geometry":{"type":"Point","coordinates":[14.4435498,50.0713705]},"type":"Feature","properties":{"natural":"tree","kod_sprav":"2 MČ Praha 2","aktualizace":"2025-02-01","globalid":"{2A45A247-B267-4FB1-9429-042E04C0EABA}"}},{"geometry":{"type":"Point","coordinates":[14.4457821,50.0738075]},"type":"Feature","properties":{"natural":"tree","kod_sprav":"2 MČ Praha 2","aktualizace":"2025-02-01","globalid":"{4E37AFBD-2FE9-46D9-93EC-313647A217B3}"}},{"geometry":{"type":"Point","coordinates":[14.4457791,50.0738885]},"type":"Feature","properties":{"natural":"tree","kod_sprav":"2 MČ Praha 2","aktualizace":"2025-02-01","globalid":"{601EB154-6F38-417F-AC83-D8511BB8D259}"}},{"geometry":{"type":"Point","coordinates":[14.4451704,50.0752821]},"type":"Feature","properties":{"natural":"tree","kod_sprav":"2 MČ Praha 2","aktualizace":"2025-02-01","globalid":"{D10190EF-A464-4B0C-9F37-ED3A2608D8D2}"}},{"geometry":{"type":"Point","coordinates":[14.4450353,50.0752809]},"type":"Feature","properties":{"natural":"tree","kod_sprav":"2 MČ Praha 2","aktualizace":"2025-02-01","globalid":"{C3A0AC0B-FB83-4D73-B6B3-DF4487BBEF43}"}},{"geometry":{"type":"Point","coordinates":[14.4449535,50.075281]},"type":"Feature","properties":{"natural":"tree","kod_sprav":"2 MČ Praha 2","aktualizace":"2025-02-01","globalid":"{04AFA9EE-776E-4862-AD85-7086CDF20D9C}"}},{"geometry":{"type":"Point","coordinates":[14.4448725,50.0752814]},"type":"Feature","properties":{"natural":"tree","kod_sprav":"2 MČ Praha 2","aktualizace":"2025-02-01","globalid":"{9E4EC909-F7C4-4F3B-83D5-4C2F7ABBCD67}"}},{"geometry":{"type":"Point","coordinates":[14.4447757,50.0752809]},"type":"Feature","properties":{"natural":"tree","kod_sprav":"2 MČ Praha 2","aktualizace":"2025-02-01","globalid":"{A056BD76-713A-4CE9-A569-1D167727F088}"}},{"geometry":{"type":"Point","coordinates":[14.4422505,50.0753962]},"type":"Feature","properties":{"natural":"tree","kod_sprav":"2 MČ Praha 2","aktualizace":"2025-02-01","globalid":"{40BDCAB9-2C15-40A2-BDE1-EA357C2B0851}"}},{"geometry":{"type":"Point","coordinates":[14.4423471,50.0753964]},"type":"Feature","properties":{"natural":"tree","kod_sprav":"2 MČ Praha 2","aktualizace":"2025-02-01","globalid":"{EC5BC917-A117-48D9-9419-D7750D880AD0}"}},{"geometry":{"type":"Point","coordinates":[14.4424398,50.075396]},"type":"Feature","properties":{"natural":"tree","kod_sprav":"2 MČ Praha 2","aktualizace":"2025-02-01","globalid":"{8C609357-4E91-421B-B67E-F2F91065AC4C}"}},{"geometry":{"type":"Point","coordinates":[14.4425473,50.0753967]},"type":"Feature","properties":{"natural":"tree","kod_sprav":"2 MČ Praha 2","aktualizace":"2025-02-01","globalid":"{728F2B3D-B381-48D0-80CD-403E0AC2757C}"}},{"geometry":{"type":"Point","coordinates":[14.4426247,50.0753974]},"type":"Feature","properties":{"natural":"tree","kod_sprav":"2 MČ Praha 2","aktualizace":"2025-02-01","globalid":"{C332224E-3D21-4138-ADED-389021EE39DE}"}},{"geometry":{"type":"Point","coordinates":[14.4457838,50.0737639]},"type":"Feature","properties":{"natural":"tree","kod_sprav":"2 MČ Praha 2","aktualizace":"2025-02-01","globalid":"{F1493B9F-D1A5-4855-8011-6D288A412792}"}},{"geometry":{"type":"Point","coordinates":[14.4459328,50.0736972]},"type":"Feature","properties":{"natural":"tree","kod_sprav":"2 MČ Praha 2","aktualizace":"2025-02-01","globalid":"{142A66BC-0D51-4F6E-B765-DEA12242BAFC}"}},{"geometry":{"type":"Point","coordinates":[14.4457839,50.0737017]},"type":"Feature","properties":{"natural":"tree","kod_sprav":"2 MČ Praha 2","aktualizace":"2025-02-01","globalid":"{69646B18-21CE-4E62-8C45-8AD42F2801C1}"}},{"geometry":{"type":"Point","coordinates":[14.4459331,50.07364]},"type":"Feature","properties":{"natural":"tree","kod_sprav":"2 MČ Praha 2","aktualizace":"2025-02-01","globalid":"{4FE1E3E3-651D-4962-9A86-7156EA0D15D2}"}},{"geometry":{"type":"Point","coordinates":[14.4457852,50.0736284]},"type":"Feature","properties":{"natural":"tree","kod_sprav":"2 MČ Praha 2","aktualizace":"2025-02-01","globalid":"{B16175DA-E227-46E8-9CAE-849543107047}"}},{"geometry":{"type":"Point","coordinates":[14.4459325,50.0734357]},"type":"Feature","properties":{"natural":"tree","kod_sprav":"2 MČ Praha 2","aktualizace":"2025-02-01","globalid":"{1F8ABBBF-473F-431B-800A-5BD596308CDB}"}},{"geometry":{"type":"Point","coordinates":[14.445938,50.0732631]},"type":"Feature","properties":{"natural":"tree","kod_sprav":"2 MČ Praha 2","aktualizace":"2025-02-01","globalid":"{838F18EB-2628-4B5F-9568-41BA5C0D91D8}"}},{"geometry":{"type":"Point","coordinates":[14.4459342,50.073375]},"type":"Feature","properties":{"natural":"tree","kod_sprav":"2 MČ Praha 2","aktualizace":"2025-02-01","globalid":"{B9377B5E-5BE7-4B51-9677-47BDADD8CE35}"}},{"geometry":{"type":"Point","coordinates":[14.4459345,50.0733171]},"type":"Feature","properties":{"natural":"tree","kod_sprav":"2 MČ Praha 2","aktualizace":"2025-02-01","globalid":"{429A4CC3-CDB2-43F2-A97F-BD28AB8A9E20}"}},{"geometry":{"type":"Point","coordinates":[14.4457927,50.0733441]},"type":"Feature","properties":{"natural":"tree","kod_sprav":"2 MČ Praha 2","aktualizace":"2025-02-01","globalid":"{7AC54B85-4422-4B20-B63A-CD4D08AA601A}"}},{"geometry":{"type":"Point","coordinates":[14.4457929,50.0732764]},"type":"Feature","properties":{"natural":"tree","kod_sprav":"2 MČ Praha 2","aktualizace":"2025-02-01","globalid":"{C5C663C4-C068-4215-B2C7-EAA1D2A3672E}"}},{"geometry":{"type":"Point","coordinates":[14.4457935,50.0732065]},"type":"Feature","properties":{"natural":"tree","kod_sprav":"2 MČ Praha 2","aktualizace":"2025-02-01","globalid":"{1B575B4D-4FCC-4A0F-BDBF-6CEF04E8FDF5}"}},{"geometry":{"type":"Point","coordinates":[14.4459404,50.0731969]},"type":"Feature","properties":{"natural":"tree","kod_sprav":"2 MČ Praha 2","aktualizace":"2025-02-01","globalid":"{D135019A-B060-438A-B39E-44F43650F943}"}},{"geometry":{"type":"Point","coordinates":[14.4420805,50.0751407]},"type":"Feature","properties":{"natural":"tree","kod_sprav":"2 MČ Praha 2","aktualizace":"2025-02-01","globalid":"{86D5C671-0B0E-4C64-94A3-390E37FCAE07}"}},{"geometry":{"type":"Point","coordinates":[14.4363618,50.0718684]},"type":"Feature","properties":{"natural":"tree","kod_sprav":"2 MČ Praha 2","aktualizace":"2025-02-01","globalid":"{208EC776-1F94-474B-9BF4-CC801E25095B}"}},{"geometry":{"type":"Point","coordinates":[14.4411493,50.0743581]},"type":"Feature","properties":{"natural":"tree","kod_sprav":"2 MČ Praha 2","aktualizace":"2025-02-01","globalid":"{02E45FAF-E7D3-4BDF-B5BC-EBFEF60ADBD9}"}},{"geometry":{"type":"Point","coordinates":[14.4424548,50.0708349]},"type":"Feature","properties":{"natural":"tree","kod_sprav":"2 MČ Praha 2","aktualizace":"2025-02-01","globalid":"{BE607DFF-D730-4337-86AA-2D3453D9CCE5}"}},{"geometry":{"type":"Point","coordinates":[14.4364669,50.0715916]},"type":"Feature","properties":{"natural":"tree","kod_sprav":"2 MČ Praha 2","aktualizace":"2025-02-01","globalid":"{34B512DA-F1E7-4A09-B8EB-FEBE94C11472}"}},{"geometry":{"type":"Point","coordinates":[14.4417761,50.0743599]},"type":"Feature","properties":{"natural":"tree","kod_sprav":"2 MČ Praha 2","aktualizace":"2025-02-01","globalid":"{6FBEE926-2F0B-4E0E-B163-71C2FA40A5D5}"}},{"geometry":{"type":"Point","coordinates":[14.4426737,50.0709332]},"type":"Feature","properties":{"natural":"tree","kod_sprav":"2 MČ Praha 2","aktualizace":"2025-02-01","globalid":"{4CE38A6B-557E-4130-A778-D6CC1D733B2C}"}},{"geometry":{"type":"Point","coordinates":[14.4364982,50.0715028]},"type":"Feature","properties":{"natural":"tree","kod_sprav":"2 MČ Praha 2","aktualizace":"2025-02-01","globalid":"{50A5D59E-AA79-459E-9BA2-E6C93E23322D}"}},{"geometry":{"type":"Point","coordinates":[14.4416938,50.0743597]},"type":"Feature","properties":{"natural":"tree","kod_sprav":"2 MČ Praha 2","aktualizace":"2025-02-01","globalid":"{193DE873-A515-4038-BB72-596CB2C7D991}"}},{"geometry":{"type":"Point","coordinates":[14.4427438,50.0709663]},"type":"Feature","properties":{"natural":"tree","kod_sprav":"2 MČ Praha 2","aktualizace":"2025-02-01","globalid":"{5F2271D7-9E86-472F-AFA6-8AD36A2541DC}"}},{"geometry":{"type":"Point","coordinates":[14.4365171,50.0714367]},"type":"Feature","properties":{"natural":"tree","kod_sprav":"2 MČ Praha 2","aktualizace":"2025-02-01","globalid":"{989E8A44-EEA8-4886-BFCA-78049C0B15E1}"}},{"geometry":{"type":"Point","coordinates":[14.4413398,50.074358]},"type":"Feature","properties":{"natural":"tree","kod_sprav":"2 MČ Praha 2","aktualizace":"2025-02-01","globalid":"{CFE18C54-3541-47B1-8244-C13ABC509016}"}},{"geometry":{"type":"Point","coordinates":[14.4428233,50.0710036]},"type":"Feature","properties":{"natural":"tree","kod_sprav":"2 MČ Praha 2","aktualizace":"2025-02-01","globalid":"{8F463DA5-5E6E-46BF-80CD-D479F724A6E9}"}},{"geometry":{"type":"Point","coordinates":[14.4365599,50.0717081]},"type":"Feature","properties":{"natural":"tree","kod_sprav":"2 MČ Praha 2","aktualizace":"2025-02-01","globalid":"{FD188612-93E8-46CE-B3AB-BED19E728450}"}},{"geometry":{"type":"Point","coordinates":[14.4412565,50.0743577]},"type":"Feature","properties":{"natural":"tree","kod_sprav":"2 MČ Praha 2","aktualizace":"2025-02-01","globalid":"{03A1B7DB-0E80-4C5C-ABAD-25B27B380AF2}"}},{"geometry":{"type":"Point","coordinates":[14.4428979,50.0710382]},"type":"Feature","properties":{"natural":"tree","kod_sprav":"2 MČ Praha 2","aktualizace":"2025-02-01","globalid":"{F1A36EF1-5488-465F-B13B-E38EEE137B7E}"}},{"geometry":{"type":"Point","coordinates":[14.4366085,50.071567]},"type":"Feature","properties":{"natural":"tree","kod_sprav":"2 MČ Praha 2","aktualizace":"2025-02-01","globalid":"{B7E42838-258E-476B-A34D-D07473F04935}"}},{"geometry":{"type":"Point","coordinates":[14.4414888,50.0743592]},"type":"Feature","properties":{"natural":"tree","kod_sprav":"2 MČ Praha 2","aktualizace":"2025-02-01","globalid":"{5EB1BE98-1EDF-4D94-899C-F1E9E6A2382A}"}},{"geometry":{"type":"Point","coordinates":[14.4420826,50.0750854]},"type":"Feature","properties":{"natural":"tree","kod_sprav":"2 MČ Praha 2","aktualizace":"2025-02-01","globalid":"{93069456-A298-4DCE-8ACB-E112DD5584DF}"}},{"geometry":{"type":"Point","coordinates":[14.4419328,50.0750642]},"type":"Feature","properties":{"natural":"tree","kod_sprav":"2 MČ Praha 2","aktualizace":"2025-02-01","globalid":"{BB7B2A23-F912-45FE-8FFD-B1E9E7E4244D}"}},{"geometry":{"type":"Point","coordinates":[14.4420825,50.0750198]},"type":"Feature","properties":{"natural":"tree","kod_sprav":"2 MČ Praha 2","aktualizace":"2025-02-01","globalid":"{A5D501E5-4779-4AF7-8CD3-0F0884CCB9E0}"}},{"geometry":{"type":"Point","coordinates":[14.4419368,50.0750045]},"type":"Feature","properties":{"natural":"tree","kod_sprav":"2 MČ Praha 2","aktualizace":"2025-02-01","globalid":"{D620A65D-C908-4851-B0B5-132DC7B4BB0B}"}},{"geometry":{"type":"Point","coordinates":[14.4419376,50.0749427]},"type":"Feature","properties":{"natural":"tree","kod_sprav":"2 MČ Praha 2","aktualizace":"2025-02-01","globalid":"{86660B3D-8498-422E-AFFC-52431383680B}"}},{"geometry":{"type":"Point","coordinates":[14.4420851,50.0748959]},"type":"Feature","properties":{"natural":"tree","kod_sprav":"2 MČ Praha 2","aktualizace":"2025-02-01","globalid":"{A35A6204-EC7A-43D3-971B-0EA76733EC94}"}},{"geometry":{"type":"Point","coordinates":[14.4421132,50.0716292]},"type":"Feature","properties":{"natural":"tree","kod_sprav":"2 MČ Praha 2","aktualizace":"2025-02-01","globalid":"{43E4BB89-99FF-4CE4-B649-4450BC69C3EE}"}},{"geometry":{"type":"Point","coordinates":[14.4438683,50.0738086]},"type":"Feature","properties":{"natural":"tree","kod_sprav":"2 MČ Praha 2","aktualizace":"2025-02-01","globalid":"{D97F6698-019E-49C9-8E35-883B7F3B3612}"}},{"geometry":{"type":"Point","coordinates":[14.4438699,50.0737562]},"type":"Feature","properties":{"natural":"tree","kod_sprav":"2 MČ Praha 2","aktualizace":"2025-02-01","globalid":"{9558C8D9-8102-445F-828D-92B9A08F4657}"}},{"geometry":{"type":"Point","coordinates":[14.4440171,50.0736853]},"type":"Feature","properties":{"natural":"tree","kod_sprav":"2 MČ Praha 2","aktualizace":"2025-02-01","globalid":"{C581E99F-8F45-4FDF-A806-2DEE6C1B93FA}"}},{"geometry":{"type":"Point","coordinates":[14.4438689,50.0736638]},"type":"Feature","properties":{"natural":"tree","kod_sprav":"2 MČ Praha 2","aktualizace":"2025-02-01","globalid":"{A180417E-1BE9-4FC7-B7D1-97543EBFCF49}"}},{"geometry":{"type":"Point","coordinates":[14.4421065,50.0738034]},"type":"Feature","properties":{"natural":"tree","kod_sprav":"2 MČ Praha 2","aktualizace":"2025-02-01","globalid":"{D896D030-C8AE-4982-A2DE-C6FE09788B4C}"}},{"geometry":{"type":"Point","coordinates":[14.4419552,50.0737896]},"type":"Feature","properties":{"natural":"tree","kod_sprav":"2 MČ Praha 2","aktualizace":"2025-02-01","globalid":"{DDA48C3F-BC6B-47EF-AF17-47DDE86067FE}"}},{"geometry":{"type":"Point","coordinates":[14.4421056,50.0737405]},"type":"Feature","properties":{"natural":"tree","kod_sprav":"2 MČ Praha 2","aktualizace":"2025-02-01","globalid":"{5864D1B3-D201-4D84-B285-69665D30CBC4}"}},{"geometry":{"type":"Point","coordinates":[14.4419547,50.0737213]},"type":"Feature","properties":{"natural":"tree","kod_sprav":"2 MČ Praha 2","aktualizace":"2025-02-01","globalid":"{FE567192-2557-4CA8-AC15-685AAE6D7024}"}},{"geometry":{"type":"Point","coordinates":[14.4419563,50.073674]},"type":"Feature","properties":{"natural":"tree","kod_sprav":"2 MČ Praha 2","aktualizace":"2025-02-01","globalid":"{F24D7EF2-E456-4567-9B68-A866F18B0C0C}"}},{"geometry":{"type":"Point","coordinates":[14.4421063,50.073671]},"type":"Feature","properties":{"natural":"tree","kod_sprav":"2 MČ Praha 2","aktualizace":"2025-02-01","globalid":"{CECDCEFC-3FF6-4B44-B6EB-81F0A055B9CD}"}},{"geometry":{"type":"Point","coordinates":[14.4419572,50.073617]},"type":"Feature","properties":{"natural":"tree","kod_sprav":"2 MČ Praha 2","aktualizace":"2025-02-01","globalid":"{46EDA34F-3E4F-4663-BC92-9AE0FFD740E9}"}},{"geometry":{"type":"Point","coordinates":[14.4457687,50.0746738]},"type":"Feature","properties":{"natural":"tree","kod_sprav":"2 MČ Praha 2","aktualizace":"2025-02-01","globalid":"{01663823-8C49-4205-89D4-6C739F198940}"}},{"geometry":{"type":"Point","coordinates":[14.4457704,50.0746015]},"type":"Feature","properties":{"natural":"tree","kod_sprav":"2 MČ Praha 2","aktualizace":"2025-02-01","globalid":"{AB4E8D12-9C63-43DC-A6D4-D6579FE21F8E}"}},{"geometry":{"type":"Point","coordinates":[14.4459268,50.0745267]},"type":"Feature","properties":{"natural":"tree","kod_sprav":"2 MČ Praha 2","aktualizace":"2025-02-01","globalid":"{65BB1360-12EF-45E2-A973-74C8FEADE42E}"}},{"geometry":{"type":"Point","coordinates":[14.4459233,50.0745806]},"type":"Feature","properties":{"natural":"tree","kod_sprav":"2 MČ Praha 2","aktualizace":"2025-02-01","globalid":"{65A40FBF-1DA7-46A0-B70C-49930119440F}"}},{"geometry":{"type":"Point","coordinates":[14.4368387,50.0734375]},"type":"Feature","properties":{"natural":"tree","kod_sprav":"2 MČ Praha 2","aktualizace":"2025-02-01","globalid":"{E4A49935-071F-4908-B23F-B7EABAF06BA0}"}},{"geometry":{"type":"Point","coordinates":[14.4420821,50.0715122]},"type":"Feature","properties":{"natural":"tree","kod_sprav":"2 MČ Praha 2","aktualizace":"2025-02-01","globalid":"{3487A628-5015-418C-B5F0-5AEA87655B56}"}},{"geometry":{"type":"Point","coordinates":[14.4420164,50.0715694]},"type":"Feature","properties":{"natural":"tree","kod_sprav":"2 MČ Praha 2","aktualizace":"2025-02-01","globalid":"{A60B157B-25B8-4994-BDF2-F7A6133A48FC}"}},{"geometry":{"type":"Point","coordinates":[14.4419021,50.0716687]},"type":"Feature","properties":{"natural":"tree","kod_sprav":"2 MČ Praha 2","aktualizace":"2025-02-01","globalid":"{3565D660-940A-4613-8A87-2D3FDC7BDFB0}"}},{"geometry":{"type":"Point","coordinates":[14.4418156,50.0717523]},"type":"Feature","properties":{"natural":"tree","kod_sprav":"2 MČ Praha 2","aktualizace":"2025-02-01","globalid":"{BE14C3E8-B4C7-4CCA-8240-F1649E7B1DEF}"}},{"geometry":{"type":"Point","coordinates":[14.441736,50.0718243]},"type":"Feature","properties":{"natural":"tree","kod_sprav":"2 MČ Praha 2","aktualizace":"2025-02-01","globalid":"{70975DC1-5BE5-40DF-BB3A-5CFF6D0C58F6}"}},{"geometry":{"type":"Point","coordinates":[14.4422816,50.071505]},"type":"Feature","properties":{"natural":"tree","kod_sprav":"2 MČ Praha 2","aktualizace":"2025-02-01","globalid":"{455A92ED-B0AD-4740-A256-7773E820D483}"}},{"geometry":{"type":"Point","coordinates":[14.4423674,50.0714989]},"type":"Feature","properties":{"natural":"tree","kod_sprav":"2 MČ Praha 2","aktualizace":"2025-02-01","globalid":"{0584113D-1D12-418C-A2A6-EF4E5FB5DF7C}"}},{"geometry":{"type":"Point","coordinates":[14.4424341,50.07149]},"type":"Feature","properties":{"natural":"tree","kod_sprav":"2 MČ Praha 2","aktualizace":"2025-02-01","globalid":"{7FFDC7FB-DE42-4034-B5C2-684F85BD1642}"}},{"geometry":{"type":"Point","coordinates":[14.4426265,50.0714785]},"type":"Feature","properties":{"natural":"tree","kod_sprav":"2 MČ Praha 2","aktualizace":"2025-02-01","globalid":"{74C1BCCC-869A-4075-88DC-672A8F596211}"}},{"geometry":{"type":"Point","coordinates":[14.443474,50.0714335]},"type":"Feature","properties":{"natural":"tree","kod_sprav":"2 MČ Praha 2","aktualizace":"2025-02-01","globalid":"{B9378D2D-EE72-4EBE-89FB-448D43E2ECAD}"}},{"geometry":{"type":"Point","coordinates":[14.4440209,50.0733338]},"type":"Feature","properties":{"natural":"tree","kod_sprav":"2 MČ Praha 2","aktualizace":"2025-02-01","globalid":"{849CEB43-DA9D-4A77-8585-86D23F75D889}"}},{"geometry":{"type":"Point","coordinates":[14.443873,50.0733166]},"type":"Feature","properties":{"natural":"tree","kod_sprav":"2 MČ Praha 2","aktualizace":"2025-02-01","globalid":"{F6C9F8E4-BDA7-42B2-B06D-0228A98AA068}"}},{"geometry":{"type":"Point","coordinates":[14.4440233,50.0732571]},"type":"Feature","properties":{"natural":"tree","kod_sprav":"2 MČ Praha 2","aktualizace":"2025-02-01","globalid":"{ADBAA8E6-EB33-43FC-8174-90C53FA5EA78}"}},{"geometry":{"type":"Point","coordinates":[14.4440244,50.073188]},"type":"Feature","properties":{"natural":"tree","kod_sprav":"2 MČ Praha 2","aktualizace":"2025-02-01","globalid":"{59E31F1E-9647-4FEE-AE46-DBACCFE2E1CD}"}},{"geometry":{"type":"Point","coordinates":[14.4438753,50.0732014]},"type":"Feature","properties":{"natural":"tree","kod_sprav":"2 MČ Praha 2","aktualizace":"2025-02-01","globalid":"{2B11F698-C642-43D9-8E57-57064A202AA1}"}},{"geometry":{"type":"Point","coordinates":[14.4440259,50.0731193]},"type":"Feature","properties":{"natural":"tree","kod_sprav":"2 MČ Praha 2","aktualizace":"2025-02-01","globalid":"{31DE6772-15E1-4155-85A4-151F0F574CE6}"}},{"geometry":{"type":"Point","coordinates":[14.4440257,50.0730522]},"type":"Feature","properties":{"natural":"tree","kod_sprav":"2 MČ Praha 2","aktualizace":"2025-02-01","globalid":"{5B8FA133-3676-4359-9B1D-C01CF0697C10}"}},{"geometry":{"type":"Point","coordinates":[14.443881,50.0730439]},"type":"Feature","properties":{"natural":"tree","kod_sprav":"2 MČ Praha 2","aktualizace":"2025-02-01","globalid":"{DF1E8F49-82CB-4FE1-BC7D-89B480FC6A4C}"}},{"geometry":{"type":"Point","coordinates":[14.4419195,50.0758973]},"type":"Feature","properties":{"natural":"tree","kod_sprav":"2 MČ Praha 2","aktualizace":"2025-02-01","globalid":"{38E1FDBD-C2F7-4506-819F-EB65D8BD12B0}"}},{"geometry":{"type":"Point","coordinates":[14.4419178,50.0759532]},"type":"Feature","properties":{"natural":"tree","kod_sprav":"2 MČ Praha 2","aktualizace":"2025-02-01","globalid":"{F9152633-5404-45A4-B7B8-B1AB76A299C9}"}},{"geometry":{"type":"Point","coordinates":[14.4419251,50.0757745]},"type":"Feature","properties":{"natural":"tree","kod_sprav":"2 MČ Praha 2","aktualizace":"2025-02-01","globalid":"{A26FDD36-F1E5-48FA-A38C-8B33C6CB23D4}"}},{"geometry":{"type":"Point","coordinates":[14.442073,50.0757457]},"type":"Feature","properties":{"natural":"tree","kod_sprav":"2 MČ Praha 2","aktualizace":"2025-02-01","globalid":"{037DCB04-E02D-468D-84CD-CFC8A2D6C768}"}},{"geometry":{"type":"Point","coordinates":[14.4420729,50.0756297]},"type":"Feature","properties":{"natural":"tree","kod_sprav":"2 MČ Praha 2","aktualizace":"2025-02-01","globalid":"{389D376B-0F3C-4B2F-947D-2147C9757012}"}},{"geometry":{"type":"Point","coordinates":[14.4446766,50.0752805]},"type":"Feature","properties":{"natural":"tree","kod_sprav":"2 MČ Praha 2","aktualizace":"2025-02-01","globalid":"{A7A39896-98ED-43A0-AB53-F59C39A42C59}"}},{"geometry":{"type":"Point","coordinates":[14.4445964,50.0752793]},"type":"Feature","properties":{"natural":"tree","kod_sprav":"2 MČ Praha 2","aktualizace":"2025-02-01","globalid":"{953AB382-F734-4545-8F86-6A65D82E361F}"}},{"geometry":{"type":"Point","coordinates":[14.4445237,50.0752782]},"type":"Feature","properties":{"natural":"tree","kod_sprav":"2 MČ Praha 2","aktualizace":"2025-02-01","globalid":"{C9771F79-3B87-4E6C-840B-82AB73016EDD}"}},{"geometry":{"type":"Point","coordinates":[14.4369898,50.0734001]},"type":"Feature","properties":{"natural":"tree","kod_sprav":"2 MČ Praha 2","aktualizace":"2025-02-01","globalid":"{D6AADBAA-A15A-4AD0-B0DB-6D3B4C1BC6E0}"}},{"geometry":{"type":"Point","coordinates":[14.4370803,50.0734283]},"type":"Feature","properties":{"natural":"tree","kod_sprav":"2 MČ Praha 2","aktualizace":"2025-02-01","globalid":"{95F6CC4F-B3DC-4366-8240-925809EE96A2}"}},{"geometry":{"type":"Point","coordinates":[14.4372487,50.0734879]},"type":"Feature","properties":{"natural":"tree","kod_sprav":"2 MČ Praha 2","aktualizace":"2025-02-01","globalid":"{237612DC-E55D-4E6A-91E2-AA7D92A07CCD}"}},{"geometry":{"type":"Point","coordinates":[14.4371626,50.0734565]},"type":"Feature","properties":{"natural":"tree","kod_sprav":"2 MČ Praha 2","aktualizace":"2025-02-01","globalid":"{F4C4DAFA-BC96-4A06-B06B-F951C7A096F6}"}},{"geometry":{"type":"Point","coordinates":[14.4371803,50.0735491]},"type":"Feature","properties":{"natural":"tree","kod_sprav":"2 MČ Praha 2","aktualizace":"2025-02-01","globalid":"{1B078DB5-2D86-4A4B-AA55-156C2C0C3B6E}"}},{"geometry":{"type":"Point","coordinates":[14.4370892,50.0735207]},"type":"Feature","properties":{"natural":"tree","kod_sprav":"2 MČ Praha 2","aktualizace":"2025-02-01","globalid":"{92C3BC4A-BABD-4839-B981-655D94790480}"}},{"geometry":{"type":"Point","coordinates":[14.4370049,50.0734918]},"type":"Feature","properties":{"natural":"tree","kod_sprav":"2 MČ Praha 2","aktualizace":"2025-02-01","globalid":"{1A1028C2-7BC6-4042-9CE5-93A78242DDC9}"}},{"geometry":{"type":"Point","coordinates":[14.4375407,50.07358]},"type":"Feature","properties":{"natural":"tree","kod_sprav":"2 MČ Praha 2","aktualizace":"2025-02-01","globalid":"{B247D9E5-5DA1-4FC2-98B0-54EF48D7E244}"}},{"geometry":{"type":"Point","coordinates":[14.4374619,50.0735527]},"type":"Feature","properties":{"natural":"tree","kod_sprav":"2 MČ Praha 2","aktualizace":"2025-02-01","globalid":"{04CA9F93-522F-4F24-8FF4-664ECBD4DA61}"}},{"geometry":{"type":"Point","coordinates":[14.4433977,50.071326]},"type":"Feature","properties":{"natural":"tree","kod_sprav":"2 MČ Praha 2","aktualizace":"2025-02-01","globalid":"{2BECAAA0-41FA-47D5-9A7F-1890FC449226}"}},{"geometry":{"type":"Point","coordinates":[14.443316,50.071368]},"type":"Feature","properties":{"natural":"tree","kod_sprav":"2 MČ Praha 2","aktualizace":"2025-02-01","globalid":"{8ABB3A49-5769-4016-93C8-0F0E16648459}"}},{"geometry":{"type":"Point","coordinates":[14.4457938,50.0731641]},"type":"Feature","properties":{"natural":"tree","kod_sprav":"2 MČ Praha 2","aktualizace":"2025-02-01","globalid":"{1AE2F4E5-B14F-4252-A4EF-F11647D1E56A}"}},{"geometry":{"type":"Point","coordinates":[14.4429769,50.0710743]},"type":"Feature","properties":{"natural":"tree","kod_sprav":"2 MČ Praha 2","aktualizace":"2025-02-01","globalid":"{E940A385-7C4C-4AA3-8FB7-6D680BEB1CA5}"}},{"geometry":{"type":"Point","coordinates":[14.4365737,50.0716613]},"type":"Feature","properties":{"natural":"tree","kod_sprav":"2 MČ Praha 2","aktualizace":"2025-02-01","globalid":"{55FAC9CC-1C41-4213-8D27-1EF5946B8240}"}},{"geometry":{"type":"Point","coordinates":[14.4408038,50.0743559]},"type":"Feature","properties":{"natural":"tree","kod_sprav":"2 MČ Praha 2","aktualizace":"2025-02-01","globalid":"{3F3737C1-AD37-4C96-9D26-7446E5AEC361}"}},{"geometry":{"type":"Point","coordinates":[14.4430557,50.0711099]},"type":"Feature","properties":{"natural":"tree","kod_sprav":"2 MČ Praha 2","aktualizace":"2025-02-01","globalid":"{5A9724FA-6D62-432D-BE69-429AF61B47A9}"}},{"geometry":{"type":"Point","coordinates":[14.4365917,50.07161]},"type":"Feature","properties":{"natural":"tree","kod_sprav":"2 MČ Praha 2","aktualizace":"2025-02-01","globalid":"{B963181F-961F-4187-925F-C6F027ED1B86}"}},{"geometry":{"type":"Point","coordinates":[14.4427146,50.0754001]},"type":"Feature","properties":{"natural":"tree","kod_sprav":"2 MČ Praha 2","aktualizace":"2025-02-01","globalid":"{804B8A1A-2604-4D9A-BA50-83D46A45E4DA}"}},{"geometry":{"type":"Point","coordinates":[14.4428216,50.0753985]},"type":"Feature","properties":{"natural":"tree","kod_sprav":"2 MČ Praha 2","aktualizace":"2025-02-01","globalid":"{1F3A752E-44D5-4C69-825B-66A5F5C35B8D}"}},{"geometry":{"type":"Point","coordinates":[14.4430354,50.075401]},"type":"Feature","properties":{"natural":"tree","kod_sprav":"2 MČ Praha 2","aktualizace":"2025-02-01","globalid":"{7FF63C68-6FDC-42CC-B2ED-98DCFC93243C}"}},{"geometry":{"type":"Point","coordinates":[14.4431349,50.0754018]},"type":"Feature","properties":{"natural":"tree","kod_sprav":"2 MČ Praha 2","aktualizace":"2025-02-01","globalid":"{A53E7FB7-20E3-448D-B383-813B9A3AD1C9}"}},{"geometry":{"type":"Point","coordinates":[14.4432302,50.0754025]},"type":"Feature","properties":{"natural":"tree","kod_sprav":"2 MČ Praha 2","aktualizace":"2025-02-01","globalid":"{3FF44F63-33F1-479D-9894-EFB326732CAD}"}},{"geometry":{"type":"Point","coordinates":[14.4433334,50.075404]},"type":"Feature","properties":{"natural":"tree","kod_sprav":"2 MČ Praha 2","aktualizace":"2025-02-01","globalid":"{17C7DFC7-4CB0-48FD-864A-EE3DD232F629}"}},{"geometry":{"type":"Point","coordinates":[14.4421931,50.0752636]},"type":"Feature","properties":{"natural":"tree","kod_sprav":"2 MČ Praha 2","aktualizace":"2025-02-01","globalid":"{56A74C09-BB39-499A-A834-463246EF0EAA}"}},{"geometry":{"type":"Point","coordinates":[14.4423568,50.075267]},"type":"Feature","properties":{"natural":"tree","kod_sprav":"2 MČ Praha 2","aktualizace":"2025-02-01","globalid":"{034F31F6-33BF-4C4B-8C17-D77CCA48C009}"}},{"geometry":{"type":"Point","coordinates":[14.4424445,50.0752655]},"type":"Feature","properties":{"natural":"tree","kod_sprav":"2 MČ Praha 2","aktualizace":"2025-02-01","globalid":"{E3FA4AF0-A13C-49A8-BF06-D3A63A8612FC}"}},{"geometry":{"type":"Point","coordinates":[14.4459406,50.0731225]},"type":"Feature","properties":{"natural":"tree","kod_sprav":"2 MČ Praha 2","aktualizace":"2025-02-01","globalid":"{184B8E54-B0BA-49F6-AB18-2E08970AF618}"}},{"geometry":{"type":"Point","coordinates":[14.4459413,50.0730532]},"type":"Feature","properties":{"natural":"tree","kod_sprav":"2 MČ Praha 2","aktualizace":"2025-02-01","globalid":"{9A73198F-7393-4D33-85E9-37415BC9E5A0}"}},{"geometry":{"type":"Point","coordinates":[14.4457948,50.0731016]},"type":"Feature","properties":{"natural":"tree","kod_sprav":"2 MČ Praha 2","aktualizace":"2025-02-01","globalid":"{6CA8FA0C-C40D-4285-B8DA-B2B6AAD0C563}"}},{"geometry":{"type":"Point","coordinates":[14.4457958,50.0730466]},"type":"Feature","properties":{"natural":"tree","kod_sprav":"2 MČ Praha 2","aktualizace":"2025-02-01","globalid":"{5DB44FDC-0FAA-4997-943B-987F7D087F70}"}},{"geometry":{"type":"Point","coordinates":[14.4457965,50.072997]},"type":"Feature","properties":{"natural":"tree","kod_sprav":"2 MČ Praha 2","aktualizace":"2025-02-01","globalid":"{A8F9D821-56D7-4C46-BBBB-8B59B6C15CDC}"}},{"geometry":{"type":"Point","coordinates":[14.4459422,50.0729774]},"type":"Feature","properties":{"natural":"tree","kod_sprav":"2 MČ Praha 2","aktualizace":"2025-02-01","globalid":"{DBCA0EDA-371E-420C-A2BC-C99A825ED38E}"}},{"geometry":{"type":"Point","coordinates":[14.4457976,50.0729242]},"type":"Feature","properties":{"natural":"tree","kod_sprav":"2 MČ Praha 2","aktualizace":"2025-02-01","globalid":"{BFDA8D73-EDEF-4183-BE6F-4B03A6F7A4B6}"}},{"geometry":{"type":"Point","coordinates":[14.4459456,50.0729099]},"type":"Feature","properties":{"natural":"tree","kod_sprav":"2 MČ Praha 2","aktualizace":"2025-02-01","globalid":"{8AF96D77-B3C1-4D23-9884-BA109F6077BC}"}},{"geometry":{"type":"Point","coordinates":[14.4459462,50.0728444]},"type":"Feature","properties":{"natural":"tree","kod_sprav":"2 MČ Praha 2","aktualizace":"2025-02-01","globalid":"{1ADB838B-3A0C-413C-8F08-DD5D7F9A5671}"}},{"geometry":{"type":"Point","coordinates":[14.4457992,50.0728581]},"type":"Feature","properties":{"natural":"tree","kod_sprav":"2 MČ Praha 2","aktualizace":"2025-02-01","globalid":"{5D8CD42F-5049-4641-ADFA-092EABCC1054}"}},{"geometry":{"type":"Point","coordinates":[14.4459456,50.0727909]},"type":"Feature","properties":{"natural":"tree","kod_sprav":"2 MČ Praha 2","aktualizace":"2025-02-01","globalid":"{6202A9A7-22B8-4037-9DE0-C2DD36781213}"}},{"geometry":{"type":"Point","coordinates":[14.4459461,50.0727299]},"type":"Feature","properties":{"natural":"tree","kod_sprav":"2 MČ Praha 2","aktualizace":"2025-02-01","globalid":"{E2ECF9EB-4442-496A-8A3F-1A3A10892D7D}"}},{"geometry":{"type":"Point","coordinates":[14.4457998,50.072745]},"type":"Feature","properties":{"natural":"tree","kod_sprav":"2 MČ Praha 2","aktualizace":"2025-02-01","globalid":"{A8B4CBBD-6C15-4D3D-8AA8-62E9B4DE1662}"}},{"geometry":{"type":"Point","coordinates":[14.4457999,50.0728008]},"type":"Feature","properties":{"natural":"tree","kod_sprav":"2 MČ Praha 2","aktualizace":"2025-02-01","globalid":"{4224C6B9-A285-4047-A342-7ABAA98E96FA}"}},{"geometry":{"type":"Point","coordinates":[14.4421064,50.0736161]},"type":"Feature","properties":{"natural":"tree","kod_sprav":"2 MČ Praha 2","aktualizace":"2025-02-01","globalid":"{715AFF57-54B7-44CD-8D5B-03504573F843}"}},{"geometry":{"type":"Point","coordinates":[14.4419569,50.0735575]},"type":"Feature","properties":{"natural":"tree","kod_sprav":"2 MČ Praha 2","aktualizace":"2025-02-01","globalid":"{EB30FCA1-CD31-4DEA-8C64-64DF07C0696C}"}},{"geometry":{"type":"Point","coordinates":[14.4419579,50.0735]},"type":"Feature","properties":{"natural":"tree","kod_sprav":"2 MČ Praha 2","aktualizace":"2025-02-01","globalid":"{EFBDB0E3-85D5-4391-A991-35D2EF042D14}"}},{"geometry":{"type":"Point","coordinates":[14.4377261,50.0759071]},"type":"Feature","properties":{"natural":"tree","kod_sprav":"2 MČ Praha 2","aktualizace":"2025-02-01","globalid":"{3BA60257-FD78-4FCE-A830-445073D66FED}"}},{"geometry":{"type":"Point","coordinates":[14.4419574,50.0734376]},"type":"Feature","properties":{"natural":"tree","kod_sprav":"2 MČ Praha 2","aktualizace":"2025-02-01","globalid":"{3C036AEC-231D-4A8E-B606-67EBAEB7A75F}"}},{"geometry":{"type":"Point","coordinates":[14.4375797,50.0759328]},"type":"Feature","properties":{"natural":"tree","kod_sprav":"2 MČ Praha 2","aktualizace":"2025-02-01","globalid":"{2C870FF3-9E8D-44CE-8138-417CB0F00B83}"}},{"geometry":{"type":"Point","coordinates":[14.4421081,50.0734226]},"type":"Feature","properties":{"natural":"tree","kod_sprav":"2 MČ Praha 2","aktualizace":"2025-02-01","globalid":"{FAB563E7-890E-4E2F-B7B0-3547B09C13CD}"}},{"geometry":{"type":"Point","coordinates":[14.4419378,50.0748785]},"type":"Feature","properties":{"natural":"tree","kod_sprav":"2 MČ Praha 2","aktualizace":"2025-02-01","globalid":"{DAE2AFEE-931A-414A-B58F-7FC45B4C8B73}"}},{"geometry":{"type":"Point","coordinates":[14.4420866,50.0748338]},"type":"Feature","properties":{"natural":"tree","kod_sprav":"2 MČ Praha 2","aktualizace":"2025-02-01","globalid":"{C05302FE-C50D-4EFC-A182-393A4A074692}"}},{"geometry":{"type":"Point","coordinates":[14.4419333,50.0748143]},"type":"Feature","properties":{"natural":"tree","kod_sprav":"2 MČ Praha 2","aktualizace":"2025-02-01","globalid":"{52CDBF25-B28A-491F-B226-0B41DB1D5BB4}"}},{"geometry":{"type":"Point","coordinates":[14.4420872,50.0747699]},"type":"Feature","properties":{"natural":"tree","kod_sprav":"2 MČ Praha 2","aktualizace":"2025-02-01","globalid":"{10166366-BBF1-4C26-A66D-1955158D055F}"}},{"geometry":{"type":"Point","coordinates":[14.4419408,50.0747539]},"type":"Feature","properties":{"natural":"tree","kod_sprav":"2 MČ Praha 2","aktualizace":"2025-02-01","globalid":"{8C03B1F7-B346-49D7-B342-499A1E925BA0}"}},{"geometry":{"type":"Point","coordinates":[14.4420876,50.0747092]},"type":"Feature","properties":{"natural":"tree","kod_sprav":"2 MČ Praha 2","aktualizace":"2025-02-01","globalid":"{D59CCCD3-9C62-4F06-9A1C-5038ABDF92DB}"}},{"geometry":{"type":"Point","coordinates":[14.4419409,50.0746928]},"type":"Feature","properties":{"natural":"tree","kod_sprav":"2 MČ Praha 2","aktualizace":"2025-02-01","globalid":"{BDE374A3-EB44-4DCF-919A-B1BE46F391D2}"}},{"geometry":{"type":"Point","coordinates":[14.4419427,50.0746276]},"type":"Feature","properties":{"natural":"tree","kod_sprav":"2 MČ Praha 2","aktualizace":"2025-02-01","globalid":"{D621D9CD-C1EB-4A2A-8127-14E88D6F189B}"}},{"geometry":{"type":"Point","coordinates":[14.4420896,50.0746449]},"type":"Feature","properties":{"natural":"tree","kod_sprav":"2 MČ Praha 2","aktualizace":"2025-02-01","globalid":"{1744F218-AC4A-4E95-8B4A-D0FA028064A9}"}},{"geometry":{"type":"Point","coordinates":[14.4420893,50.0745819]},"type":"Feature","properties":{"natural":"tree","kod_sprav":"2 MČ Praha 2","aktualizace":"2025-02-01","globalid":"{7295F398-736B-4ED1-A517-F367877EA093}"}},{"geometry":{"type":"Point","coordinates":[14.4419425,50.0745655]},"type":"Feature","properties":{"natural":"tree","kod_sprav":"2 MČ Praha 2","aktualizace":"2025-02-01","globalid":"{B8B09B4B-A668-46D4-A9F1-1331B7BFFBC3}"}},{"geometry":{"type":"Point","coordinates":[14.4419454,50.0745044]},"type":"Feature","properties":{"natural":"tree","kod_sprav":"2 MČ Praha 2","aktualizace":"2025-02-01","globalid":"{C007D1C5-6BF3-4280-B462-B6A58051AC75}"}},{"geometry":{"type":"Point","coordinates":[14.4408762,50.0743559]},"type":"Feature","properties":{"natural":"tree","kod_sprav":"2 MČ Praha 2","aktualizace":"2025-02-01","globalid":"{DF655317-D2CB-42C0-A93F-D27D79DA9BEC}"}},{"geometry":{"type":"Point","coordinates":[14.4431383,50.0711476]},"type":"Feature","properties":{"natural":"tree","kod_sprav":"2 MČ Praha 2","aktualizace":"2025-02-01","globalid":"{FA4E6644-AE06-4CE1-AA7A-25D3FBADFCC8}"}},{"geometry":{"type":"Point","coordinates":[14.4366423,50.0714613]},"type":"Feature","properties":{"natural":"tree","kod_sprav":"2 MČ Praha 2","aktualizace":"2025-02-01","globalid":"{08783B45-1BF8-4DC2-94C8-6F3754892DBF}"}},{"geometry":{"type":"Point","coordinates":[14.4409857,50.0743571]},"type":"Feature","properties":{"natural":"tree","kod_sprav":"2 MČ Praha 2","aktualizace":"2025-02-01","globalid":"{47E9F476-4E2F-4A1B-BD96-8C4CF0F7BDAD}"}},{"geometry":{"type":"Point","coordinates":[14.4431759,50.0712092]},"type":"Feature","properties":{"natural":"tree","kod_sprav":"2 MČ Praha 2","aktualizace":"2025-02-01","globalid":"{D16AE9BC-D588-4461-B140-2EAF0AFBF5F2}"}},{"geometry":{"type":"Point","coordinates":[14.4366813,50.0713612]},"type":"Feature","properties":{"natural":"tree","kod_sprav":"2 MČ Praha 2","aktualizace":"2025-02-01","globalid":"{5755383D-5371-4C66-8ADA-78D497D79C2F}"}},{"geometry":{"type":"Point","coordinates":[14.4410765,50.0743581]},"type":"Feature","properties":{"natural":"tree","kod_sprav":"2 MČ Praha 2","aktualizace":"2025-02-01","globalid":"{AC43FD63-9177-4D1D-8A5B-FEAC8074923A}"}},{"geometry":{"type":"Point","coordinates":[14.4431465,50.0712684]},"type":"Feature","properties":{"natural":"tree","kod_sprav":"2 MČ Praha 2","aktualizace":"2025-02-01","globalid":"{BD9BA798-0911-4B55-8FD5-F432CCFB19FD}"}},{"geometry":{"type":"Point","coordinates":[14.4428191,50.0714603]},"type":"Feature","properties":{"natural":"tree","kod_sprav":"2 MČ Praha 2","aktualizace":"2025-02-01","globalid":"{4CCB2CFE-8EFC-4D38-B643-580F41DD1772}"}},{"geometry":{"type":"Point","coordinates":[14.4429153,50.0714548]},"type":"Feature","properties":{"natural":"tree","kod_sprav":"2 MČ Praha 2","aktualizace":"2025-02-01","globalid":"{31AEA450-F3F5-40B9-A14C-695B8F323984}"}},{"geometry":{"type":"Point","coordinates":[14.4425772,50.0713956]},"type":"Feature","properties":{"natural":"tree","kod_sprav":"2 MČ Praha 2","aktualizace":"2025-02-01","globalid":"{45D2D1DC-AE28-4B11-BCBC-20FFEA0FDFFF}"}},{"geometry":{"type":"Point","coordinates":[14.4426847,50.0713883]},"type":"Feature","properties":{"natural":"tree","kod_sprav":"2 MČ Praha 2","aktualizace":"2025-02-01","globalid":"{8601B4DC-9E10-441F-8E09-B077632963B3}"}},{"geometry":{"type":"Point","coordinates":[14.4362088,50.0726911]},"type":"Feature","properties":{"natural":"tree","kod_sprav":"2 MČ Praha 2","aktualizace":"2025-02-01","globalid":"{930308D9-77B6-4447-A56A-E0B17CCC6ADF}"}},{"geometry":{"type":"Point","coordinates":[14.442763,50.0713808]},"type":"Feature","properties":{"natural":"tree","kod_sprav":"2 MČ Praha 2","aktualizace":"2025-02-01","globalid":"{2EF1F89E-C3D0-44E3-96FA-B42AF0995F42}"}},{"geometry":{"type":"Point","coordinates":[14.4360915,50.0726376]},"type":"Feature","properties":{"natural":"tree","kod_sprav":"2 MČ Praha 2","aktualizace":"2025-02-01","globalid":"{03FD06BB-07D1-4853-838B-BC5F99B5F269}"}},{"geometry":{"type":"Point","coordinates":[14.4429337,50.0713696]},"type":"Feature","properties":{"natural":"tree","kod_sprav":"2 MČ Praha 2","aktualizace":"2025-02-01","globalid":"{1A48DD92-E935-4D7D-9B34-63C19EFB7055}"}},{"geometry":{"type":"Point","coordinates":[14.4362278,50.0726356]},"type":"Feature","properties":{"natural":"tree","kod_sprav":"2 MČ Praha 2","aktualizace":"2025-02-01","globalid":"{9FF6B909-6801-420B-80EB-41C5F2EC5678}"}},{"geometry":{"type":"Point","coordinates":[14.4433139,50.0715843]},"type":"Feature","properties":{"natural":"tree","kod_sprav":"2 MČ Praha 2","aktualizace":"2025-02-01","globalid":"{26D858FE-5AC5-4630-8B5B-0BBAEF06D106}"}},{"geometry":{"type":"Point","coordinates":[14.4361152,50.0725695]},"type":"Feature","properties":{"natural":"tree","kod_sprav":"2 MČ Praha 2","aktualizace":"2025-02-01","globalid":"{1E3ED206-404C-493D-9B6D-835E3C850E04}"}},{"geometry":{"type":"Point","coordinates":[14.4432576,50.0715268]},"type":"Feature","properties":{"natural":"tree","kod_sprav":"2 MČ Praha 2","aktualizace":"2025-02-01","globalid":"{7317B1DE-EA75-47D4-864E-721669613032}"}},{"geometry":{"type":"Point","coordinates":[14.436138,50.0725035]},"type":"Feature","properties":{"natural":"tree","kod_sprav":"2 MČ Praha 2","aktualizace":"2025-02-01","globalid":"{974C0A53-7238-4C11-863E-54372D826396}"}},{"geometry":{"type":"Point","coordinates":[14.4431998,50.0714636]},"type":"Feature","properties":{"natural":"tree","kod_sprav":"2 MČ Praha 2","aktualizace":"2025-02-01","globalid":"{1B0B7174-CB7F-4E5C-89ED-C503DB088218}"}},{"geometry":{"type":"Point","coordinates":[14.4363241,50.0723669]},"type":"Feature","properties":{"natural":"tree","kod_sprav":"2 MČ Praha 2","aktualizace":"2025-02-01","globalid":"{BF91F4FB-C4BD-4EEA-8C3E-68B383E69EC2}"}},{"geometry":{"type":"Point","coordinates":[14.4363003,50.0724373]},"type":"Feature","properties":{"natural":"tree","kod_sprav":"2 MČ Praha 2","aktualizace":"2025-02-01","globalid":"{34A906B1-888C-4B93-ACB0-DB4A125CA835}"}},{"geometry":{"type":"Point","coordinates":[14.4420135,50.0706362]},"type":"Feature","properties":{"natural":"tree","kod_sprav":"2 MČ Praha 2","aktualizace":"2025-02-01","globalid":"{D045C303-2C5D-43E0-89E4-BB57D5ED3262}"}},{"geometry":{"type":"Point","coordinates":[14.4362772,50.0724992]},"type":"Feature","properties":{"natural":"tree","kod_sprav":"2 MČ Praha 2","aktualizace":"2025-02-01","globalid":"{1D419567-E360-4D36-9A47-1593F52C4823}"}},{"geometry":{"type":"Point","coordinates":[14.4420811,50.0706642]},"type":"Feature","properties":{"natural":"tree","kod_sprav":"2 MČ Praha 2","aktualizace":"2025-02-01","globalid":"{478476B7-5EAC-4EAA-9330-FA891711135A}"}},{"geometry":{"type":"Point","coordinates":[14.4362523,50.0725716]},"type":"Feature","properties":{"natural":"tree","kod_sprav":"2 MČ Praha 2","aktualizace":"2025-02-01","globalid":"{557D763D-08D7-403D-AFDA-D9A8AFEA5074}"}},{"geometry":{"type":"Point","coordinates":[14.4421691,50.0707071]},"type":"Feature","properties":{"natural":"tree","kod_sprav":"2 MČ Praha 2","aktualizace":"2025-02-01","globalid":"{05C329A0-9998-4AD5-A27E-0860A8FF34EB}"}},{"geometry":{"type":"Point","coordinates":[14.441931,50.0705937]},"type":"Feature","properties":{"natural":"tree","kod_sprav":"2 MČ Praha 2","aktualizace":"2025-02-01","globalid":"{221D3226-FA21-4054-9330-2F4BCCE10C96}"}},{"geometry":{"type":"Point","coordinates":[14.4436125,50.0754041]},"type":"Feature","properties":{"natural":"tree","kod_sprav":"2 MČ Praha 2","aktualizace":"2025-02-01","globalid":"{F36610A5-A70E-46E8-8773-25C7995BB16B}"}},{"geometry":{"type":"Point","coordinates":[14.4435192,50.0754025]},"type":"Feature","properties":{"natural":"tree","kod_sprav":"2 MČ Praha 2","aktualizace":"2025-02-01","globalid":"{0E0A7BE0-D7E2-4348-A97F-EA0795036003}"}},{"geometry":{"type":"Point","coordinates":[14.4433975,50.0754026]},"type":"Feature","properties":{"natural":"tree","kod_sprav":"2 MČ Praha 2","aktualizace":"2025-02-01","globalid":"{1827EA52-763B-4E8B-9721-A9C284E0E666}"}},{"geometry":{"type":"Point","coordinates":[14.4441832,50.0754078]},"type":"Feature","properties":{"natural":"tree","kod_sprav":"2 MČ Praha 2","aktualizace":"2025-02-01","globalid":"{AD379588-74C3-4772-BC71-30509E290229}"}},{"geometry":{"type":"Point","coordinates":[14.4442868,50.0752768]},"type":"Feature","properties":{"natural":"tree","kod_sprav":"2 MČ Praha 2","aktualizace":"2025-02-01","globalid":"{2E41B608-C454-4FB1-8FE2-BA0D0BDB4A36}"}},{"geometry":{"type":"Point","coordinates":[14.4444016,50.0752787]},"type":"Feature","properties":{"natural":"tree","kod_sprav":"2 MČ Praha 2","aktualizace":"2025-02-01","globalid":"{EDD38612-8345-4499-98B1-662FD863B42E}"}},{"geometry":{"type":"Point","coordinates":[14.4441747,50.0752778]},"type":"Feature","properties":{"natural":"tree","kod_sprav":"2 MČ Praha 2","aktualizace":"2025-02-01","globalid":"{378536CA-4373-4624-BF62-6E8B9AD1A5E6}"}},{"geometry":{"type":"Point","coordinates":[14.436666,50.0714019]},"type":"Feature","properties":{"natural":"tree","kod_sprav":"2 MČ Praha 2","aktualizace":"2025-02-01","globalid":"{2B650FB4-C3D7-4D53-8741-2B32B037F4C1}"}},{"geometry":{"type":"Point","coordinates":[14.4422987,50.0743642]},"type":"Feature","properties":{"natural":"tree","kod_sprav":"2 MČ Praha 2","aktualizace":"2025-02-01","globalid":"{3BA8CA48-25E5-488B-8A7C-61FCB93DDCA2}"}},{"geometry":{"type":"Point","coordinates":[14.4431226,50.0713224]},"type":"Feature","properties":{"natural":"tree","kod_sprav":"2 MČ Praha 2","aktualizace":"2025-02-01","globalid":"{B921F653-4376-411D-8EDA-F3FF7198AE02}"}},{"geometry":{"type":"Point","coordinates":[14.4367021,50.0713042]},"type":"Feature","properties":{"natural":"tree","kod_sprav":"2 MČ Praha 2","aktualizace":"2025-02-01","globalid":"{A685998E-E3CD-49CC-9C7A-4628AEB068BC}"}},{"geometry":{"type":"Point","coordinates":[14.4424065,50.0743684]},"type":"Feature","properties":{"natural":"tree","kod_sprav":"2 MČ Praha 2","aktualizace":"2025-02-01","globalid":"{1399EBD6-0C56-45D1-8A5A-A96DE0F03B8D}"}},{"geometry":{"type":"Point","coordinates":[14.4425746,50.0707648]},"type":"Feature","properties":{"natural":"tree","kod_sprav":"2 MČ Praha 2","aktualizace":"2025-02-01","globalid":"{44EAFFC7-820B-427C-B55F-62F34EA7BE42}"}},{"geometry":{"type":"Point","coordinates":[14.436715,50.0712668]},"type":"Feature","properties":{"natural":"tree","kod_sprav":"2 MČ Praha 2","aktualizace":"2025-02-01","globalid":"{580FD8E8-D626-4D5A-A5F1-05D7163B8CF5}"}},{"geometry":{"type":"Point","coordinates":[14.4365707,50.0712825]},"type":"Feature","properties":{"natural":"tree","kod_sprav":"2 MČ Praha 2","aktualizace":"2025-02-01","globalid":"{138F4286-EF4F-41F3-BCDC-D58C3A653C69}"}},{"geometry":{"type":"Point","coordinates":[14.4426222,50.0743687]},"type":"Feature","properties":{"natural":"tree","kod_sprav":"2 MČ Praha 2","aktualizace":"2025-02-01","globalid":"{7F669C8F-3F02-4DA2-B63A-50CF3791E280}"}},{"geometry":{"type":"Point","coordinates":[14.4423603,50.0706654]},"type":"Feature","properties":{"natural":"tree","kod_sprav":"2 MČ Praha 2","aktualizace":"2025-02-01","globalid":"{455FAA53-CABE-4F3E-815E-2F50F0B5FFC0}"}},{"geometry":{"type":"Point","coordinates":[14.4367664,50.0711202]},"type":"Feature","properties":{"natural":"tree","kod_sprav":"2 MČ Praha 2","aktualizace":"2025-02-01","globalid":"{C8070EB0-F5CB-4EA0-8E96-E4307A381231}"}},{"geometry":{"type":"Point","coordinates":[14.4427266,50.0743703]},"type":"Feature","properties":{"natural":"tree","kod_sprav":"2 MČ Praha 2","aktualizace":"2025-02-01","globalid":"{68ABFBA6-9A13-40BB-BD8A-697A03AECB4E}"}},{"geometry":{"type":"Point","coordinates":[14.4377861,50.0736626]},"type":"Feature","properties":{"natural":"tree","kod_sprav":"2 MČ Praha 2","aktualizace":"2025-02-01","globalid":"{9BFBE218-547F-4A64-80B2-7CAA0A13DDED}"}},{"geometry":{"type":"Point","coordinates":[14.4377408,50.0737339]},"type":"Feature","properties":{"natural":"tree","kod_sprav":"2 MČ Praha 2","aktualizace":"2025-02-01","globalid":"{6EDEDA90-1A10-4E0B-9BF8-FA5202819E7E}"}},{"geometry":{"type":"Point","coordinates":[14.4378785,50.0736919]},"type":"Feature","properties":{"natural":"tree","kod_sprav":"2 MČ Praha 2","aktualizace":"2025-02-01","globalid":"{C22CABD8-716E-4350-A68D-1C5C84F720B6}"}},{"geometry":{"type":"Point","coordinates":[14.4369135,50.0708269]},"type":"Feature","properties":{"natural":"tree","kod_sprav":"2 MČ Praha 2","aktualizace":"2025-02-01","globalid":"{55FD2CE9-7FAD-4276-A3A4-8A21B44C819A}"}},{"geometry":{"type":"Point","coordinates":[14.4379973,50.0738161]},"type":"Feature","properties":{"natural":"tree","kod_sprav":"2 MČ Praha 2","aktualizace":"2025-02-01","globalid":"{26754094-B1BE-4FAE-92CC-A6FB55769655}"}},{"geometry":{"type":"Point","coordinates":[14.4382756,50.0739504]},"type":"Feature","properties":{"natural":"tree","kod_sprav":"2 MČ Praha 2","aktualizace":"2025-02-01","globalid":"{F431D113-0744-42E3-9E93-EE1EE2FC11EE}"}},{"geometry":{"type":"Point","coordinates":[14.4383947,50.0740672]},"type":"Feature","properties":{"natural":"tree","kod_sprav":"2 MČ Praha 2","aktualizace":"2025-02-01","globalid":"{CB556E8F-5BB3-41EF-8CFE-4A250E7E29B7}"}},{"geometry":{"type":"Point","coordinates":[14.4444046,50.0754082]},"type":"Feature","properties":{"natural":"tree","kod_sprav":"2 MČ Praha 2","aktualizace":"2025-02-01","globalid":"{03CF65FB-4E72-40CC-95C9-90E20F1344FE}"}},{"geometry":{"type":"Point","coordinates":[14.4445058,50.0754082]},"type":"Feature","properties":{"natural":"tree","kod_sprav":"2 MČ Praha 2","aktualizace":"2025-02-01","globalid":"{39FF67D5-C353-4422-83B1-708D84B65EE2}"}},{"geometry":{"type":"Point","coordinates":[14.4445991,50.0754093]},"type":"Feature","properties":{"natural":"tree","kod_sprav":"2 MČ Praha 2","aktualizace":"2025-02-01","globalid":"{4B36CAE4-36F1-4173-A152-0AE45E5E7EEE}"}},{"geometry":{"type":"Point","coordinates":[14.4427629,50.0752684]},"type":"Feature","properties":{"natural":"tree","kod_sprav":"2 MČ Praha 2","aktualizace":"2025-02-01","globalid":"{B4A093A2-1BA6-4125-8DAF-1BCBB3A0183E}"}},{"geometry":{"type":"Point","coordinates":[14.4428835,50.0752683]},"type":"Feature","properties":{"natural":"tree","kod_sprav":"2 MČ Praha 2","aktualizace":"2025-02-01","globalid":"{80119798-C7B3-4433-B66F-63AA17913497}"}},{"geometry":{"type":"Point","coordinates":[14.442987,50.0752696]},"type":"Feature","properties":{"natural":"tree","kod_sprav":"2 MČ Praha 2","aktualizace":"2025-02-01","globalid":"{6DC843A1-9447-41AA-A88A-A831FC52F80E}"}},{"geometry":{"type":"Point","coordinates":[14.4431973,50.0752713]},"type":"Feature","properties":{"natural":"tree","kod_sprav":"2 MČ Praha 2","aktualizace":"2025-02-01","globalid":"{4E18DF36-9885-4295-8268-E47BF01A3240}"}},{"geometry":{"type":"Point","coordinates":[14.4432992,50.0752716]},"type":"Feature","properties":{"natural":"tree","kod_sprav":"2 MČ Praha 2","aktualizace":"2025-02-01","globalid":"{FDC2E486-35D5-432F-B391-58DC3E78841E}"}},{"geometry":{"type":"Point","coordinates":[14.4434022,50.0752726]},"type":"Feature","properties":{"natural":"tree","kod_sprav":"2 MČ Praha 2","aktualizace":"2025-02-01","globalid":"{83BF09C6-499E-40BF-9CF5-556905C0E889}"}},{"geometry":{"type":"Point","coordinates":[14.4435018,50.0752726]},"type":"Feature","properties":{"natural":"tree","kod_sprav":"2 MČ Praha 2","aktualizace":"2025-02-01","globalid":"{6C2FD977-4DD2-41AE-A7D5-CF0E4F39F988}"}},{"geometry":{"type":"Point","coordinates":[14.4439794,50.0759616]},"type":"Feature","properties":{"natural":"tree","kod_sprav":"2 MČ Praha 2","aktualizace":"2025-02-01","globalid":"{E3DDE23C-A4DC-415F-9150-59B22266CF80}"}},{"geometry":{"type":"Point","coordinates":[14.4436392,50.0752748]},"type":"Feature","properties":{"natural":"tree","kod_sprav":"2 MČ Praha 2","aktualizace":"2025-02-01","globalid":"{0C22B7B0-7E06-4EDC-A7D1-B5A49C59FFD3}"}},{"geometry":{"type":"Point","coordinates":[14.4437004,50.0754058]},"type":"Feature","properties":{"natural":"tree","kod_sprav":"2 MČ Praha 2","aktualizace":"2025-02-01","globalid":"{7BF6FC1F-BE42-4A1D-B997-72F1F3BC5A47}"}},{"geometry":{"type":"Point","coordinates":[14.4439773,50.0758316]},"type":"Feature","properties":{"natural":"tree","kod_sprav":"2 MČ Praha 2","aktualizace":"2025-02-01","globalid":"{23DEF20E-87E3-429A-A131-5EC43EC18B1E}"}},{"geometry":{"type":"Point","coordinates":[14.4420906,50.0745232]},"type":"Feature","properties":{"natural":"tree","kod_sprav":"2 MČ Praha 2","aktualizace":"2025-02-01","globalid":"{8317D9C5-3188-4390-ABF1-20CBFBEEBECD}"}},{"geometry":{"type":"Point","coordinates":[14.4420907,50.0743038]},"type":"Feature","properties":{"natural":"tree","kod_sprav":"2 MČ Praha 2","aktualizace":"2025-02-01","globalid":"{7E1AE45D-5B7C-4F5F-8596-0709AE3E14ED}"}},{"geometry":{"type":"Point","coordinates":[14.4420972,50.0742455]},"type":"Feature","properties":{"natural":"tree","kod_sprav":"2 MČ Praha 2","aktualizace":"2025-02-01","globalid":"{7F6D37B9-569D-48CF-9944-BE2A3F728D1B}"}},{"geometry":{"type":"Point","coordinates":[14.441943,50.0742578]},"type":"Feature","properties":{"natural":"tree","kod_sprav":"2 MČ Praha 2","aktualizace":"2025-02-01","globalid":"{D9658045-EBF2-4F91-8E14-3BF05CA739B2}"}},{"geometry":{"type":"Point","coordinates":[14.4419469,50.0742106]},"type":"Feature","properties":{"natural":"tree","kod_sprav":"2 MČ Praha 2","aktualizace":"2025-02-01","globalid":"{F233D623-95EA-4E02-8487-6D694BD2AEF4}"}},{"geometry":{"type":"Point","coordinates":[14.4420995,50.0741838]},"type":"Feature","properties":{"natural":"tree","kod_sprav":"2 MČ Praha 2","aktualizace":"2025-02-01","globalid":"{922C5B57-BFD8-4C6E-B950-70E0E1DEBA20}"}},{"geometry":{"type":"Point","coordinates":[14.4420993,50.0741207]},"type":"Feature","properties":{"natural":"tree","kod_sprav":"2 MČ Praha 2","aktualizace":"2025-02-01","globalid":"{685EB195-7A33-413A-AB54-0114C570B434}"}},{"geometry":{"type":"Point","coordinates":[14.4404697,50.0757348]},"type":"Feature","properties":{"natural":"tree","kod_sprav":"2 MČ Praha 2","aktualizace":"2025-02-01","globalid":"{936E932E-1448-42D6-A210-056E65651010}"}},{"geometry":{"type":"Point","coordinates":[14.4407851,50.0712772]},"type":"Feature","properties":{"natural":"tree","kod_sprav":"2 MČ Praha 2","aktualizace":"2025-02-01","globalid":"{9631A5A7-2E46-4F03-B6E8-CA0C305EE7D3}"}},{"geometry":{"type":"Point","coordinates":[14.4408418,50.0712242]},"type":"Feature","properties":{"natural":"tree","kod_sprav":"2 MČ Praha 2","aktualizace":"2025-02-01","globalid":"{B4ABF88B-A2C5-48EC-880A-A381FE115536}"}},{"geometry":{"type":"Point","coordinates":[14.440897,50.0711755]},"type":"Feature","properties":{"natural":"tree","kod_sprav":"2 MČ Praha 2","aktualizace":"2025-02-01","globalid":"{9716F2E4-9FFB-4B7B-9477-EA6BECED17D2}"}},{"geometry":{"type":"Point","coordinates":[14.4410374,50.0710482]},"type":"Feature","properties":{"natural":"tree","kod_sprav":"2 MČ Praha 2","aktualizace":"2025-02-01","globalid":"{4A125524-0879-4D27-8EAD-FB663C234A17}"}},{"geometry":{"type":"Point","coordinates":[14.4409727,50.0711064]},"type":"Feature","properties":{"natural":"tree","kod_sprav":"2 MČ Praha 2","aktualizace":"2025-02-01","globalid":"{B58EE524-E4DC-407B-8180-38DC66591BAD}"}},{"geometry":{"type":"Point","coordinates":[14.44104,50.0712259]},"type":"Feature","properties":{"natural":"tree","kod_sprav":"2 MČ Praha 2","aktualizace":"2025-02-01","globalid":"{F1B01A4E-D9F1-4116-A882-071AF270815C}"}},{"geometry":{"type":"Point","coordinates":[14.4409908,50.0712713]},"type":"Feature","properties":{"natural":"tree","kod_sprav":"2 MČ Praha 2","aktualizace":"2025-02-01","globalid":"{677B43F7-BBE2-4A88-A0ED-B283035B8AA0}"}},{"geometry":{"type":"Point","coordinates":[14.4409335,50.0712436]},"type":"Feature","properties":{"natural":"tree","kod_sprav":"2 MČ Praha 2","aktualizace":"2025-02-01","globalid":"{57C12B4A-832E-49CD-8CAC-1C493EB00F11}"}},{"geometry":{"type":"Point","coordinates":[14.4410297,50.0711549]},"type":"Feature","properties":{"natural":"tree","kod_sprav":"2 MČ Praha 2","aktualizace":"2025-02-01","globalid":"{825B8F94-D402-4714-BFC3-058DFD1C4690}"}},{"geometry":{"type":"Point","coordinates":[14.4410794,50.0711107]},"type":"Feature","properties":{"natural":"tree","kod_sprav":"2 MČ Praha 2","aktualizace":"2025-02-01","globalid":"{EE4F7FE6-BB83-4A16-9C0E-3EB7D381A520}"}},{"geometry":{"type":"Point","coordinates":[14.4414715,50.0709398]},"type":"Feature","properties":{"natural":"tree","kod_sprav":"2 MČ Praha 2","aktualizace":"2025-02-01","globalid":"{0D42B6B0-DFCA-439E-8D4E-DE0A49484A4D}"}},{"geometry":{"type":"Point","coordinates":[14.4415268,50.0708873]},"type":"Feature","properties":{"natural":"tree","kod_sprav":"2 MČ Praha 2","aktualizace":"2025-02-01","globalid":"{E3331F84-AD70-49CB-A69E-2696ABB42505}"}},{"geometry":{"type":"Point","coordinates":[14.4415783,50.0708416]},"type":"Feature","properties":{"natural":"tree","kod_sprav":"2 MČ Praha 2","aktualizace":"2025-02-01","globalid":"{A55BFDBF-C950-4259-B2EE-0FFBF22CD0A9}"}},{"geometry":{"type":"Point","coordinates":[14.4407657,50.07158]},"type":"Feature","properties":{"natural":"tree","kod_sprav":"2 MČ Praha 2","aktualizace":"2025-02-01","globalid":"{83651D1A-67E7-4A6B-A4E2-6A66283CB0F9}"}},{"geometry":{"type":"Point","coordinates":[14.4406841,50.0715425]},"type":"Feature","properties":{"natural":"tree","kod_sprav":"2 MČ Praha 2","aktualizace":"2025-02-01","globalid":"{53E1C697-D3DA-48DE-BB50-E66177ACBFFD}"}},{"geometry":{"type":"Point","coordinates":[14.4405078,50.0714648]},"type":"Feature","properties":{"natural":"tree","kod_sprav":"2 MČ Praha 2","aktualizace":"2025-02-01","globalid":"{3B25B0DA-DB11-4AE3-B0BF-8D21CB802347}"}},{"geometry":{"type":"Point","coordinates":[14.437397,50.073399]},"type":"Feature","properties":{"natural":"tree","kod_sprav":"2 MČ Praha 2","aktualizace":"2025-02-01","globalid":"{0B34CF3D-2B9B-4371-B2CC-EBA0F3E9433A}"}},{"geometry":{"type":"Point","coordinates":[14.4403535,50.0713929]},"type":"Feature","properties":{"natural":"tree","kod_sprav":"2 MČ Praha 2","aktualizace":"2025-02-01","globalid":"{98CC1B5F-21D5-4F03-9B84-3DA09A77DA91}"}},{"geometry":{"type":"Point","coordinates":[14.4374311,50.0733595]},"type":"Feature","properties":{"natural":"tree","kod_sprav":"2 MČ Praha 2","aktualizace":"2025-02-01","globalid":"{1AD39585-FE98-44FD-A74C-9923D14F9269}"}},{"geometry":{"type":"Point","coordinates":[14.4402756,50.0713551]},"type":"Feature","properties":{"natural":"tree","kod_sprav":"2 MČ Praha 2","aktualizace":"2025-02-01","globalid":"{7A9F7D5F-BA6A-4F38-B587-A46F6BC64CB7}"}},{"geometry":{"type":"Point","coordinates":[14.4374629,50.0733217]},"type":"Feature","properties":{"natural":"tree","kod_sprav":"2 MČ Praha 2","aktualizace":"2025-02-01","globalid":"{B83D4759-FF40-4D52-83E2-AB703F5C2CCF}"}},{"geometry":{"type":"Point","coordinates":[14.4401917,50.0713186]},"type":"Feature","properties":{"natural":"tree","kod_sprav":"2 MČ Praha 2","aktualizace":"2025-02-01","globalid":"{9B876602-BBE3-444D-A6E2-98028A7E87C0}"}},{"geometry":{"type":"Point","coordinates":[14.440123,50.0712909]},"type":"Feature","properties":{"natural":"tree","kod_sprav":"2 MČ Praha 2","aktualizace":"2025-02-01","globalid":"{3276290B-D04F-4CBF-9186-8E0A518DA785}"}},{"geometry":{"type":"Point","coordinates":[14.4400835,50.0723559]},"type":"Feature","properties":{"natural":"tree","kod_sprav":"2 MČ Praha 2","aktualizace":"2025-02-01","globalid":"{CF66D589-CF3E-4ECA-BA8F-CAE5F1CD3C0B}"}},{"geometry":{"type":"Point","coordinates":[14.4402005,50.072409]},"type":"Feature","properties":{"natural":"tree","kod_sprav":"2 MČ Praha 2","aktualizace":"2025-02-01","globalid":"{68D3DD3B-B6FE-49B3-A983-927711930982}"}},{"geometry":{"type":"Point","coordinates":[14.4372009,50.0719959]},"type":"Feature","properties":{"natural":"tree","kod_sprav":"2 MČ Praha 2","aktualizace":"2025-02-01","globalid":"{0ADAC30B-3639-4832-92EB-B8ECBDD664E5}"}},{"geometry":{"type":"Point","coordinates":[14.4372868,50.0720268]},"type":"Feature","properties":{"natural":"tree","kod_sprav":"2 MČ Praha 2","aktualizace":"2025-02-01","globalid":"{4F13C960-98CF-4BF2-9712-20C08136D94D}"}},{"geometry":{"type":"Point","coordinates":[14.4373608,50.0720533]},"type":"Feature","properties":{"natural":"tree","kod_sprav":"2 MČ Praha 2","aktualizace":"2025-02-01","globalid":"{208033DB-5DA5-4DCE-B9E4-BAC82A931FDF}"}},{"geometry":{"type":"Point","coordinates":[14.4374835,50.0734477]},"type":"Feature","properties":{"natural":"tree","kod_sprav":"2 MČ Praha 2","aktualizace":"2025-02-01","globalid":"{91755858-D9C2-4ADA-9524-5C36F44AB031}"}},{"geometry":{"type":"Point","coordinates":[14.4400321,50.0712456]},"type":"Feature","properties":{"natural":"tree","kod_sprav":"2 MČ Praha 2","aktualizace":"2025-02-01","globalid":"{C5B90916-8A96-45EA-9104-AFE08E4CDD09}"}},{"geometry":{"type":"Point","coordinates":[14.4399618,50.0712146]},"type":"Feature","properties":{"natural":"tree","kod_sprav":"2 MČ Praha 2","aktualizace":"2025-02-01","globalid":"{440A7C09-62ED-49DA-A1F1-A834336F8422}"}},{"geometry":{"type":"Point","coordinates":[14.4399354,50.0708034]},"type":"Feature","properties":{"natural":"tree","kod_sprav":"2 MČ Praha 2","aktualizace":"2025-02-01","globalid":"{740412D2-D0FD-4679-8FCC-903BF8086875}"}},{"geometry":{"type":"Point","coordinates":[14.4412333,50.0711484]},"type":"Feature","properties":{"natural":"tree","kod_sprav":"2 MČ Praha 2","aktualizace":"2025-02-01","globalid":"{77A030FB-9E9E-4436-8661-A933879BFF62}"}},{"geometry":{"type":"Point","coordinates":[14.4398472,50.0708354]},"type":"Feature","properties":{"natural":"tree","kod_sprav":"2 MČ Praha 2","aktualizace":"2025-02-01","globalid":"{3C7037B5-0373-477B-BE79-8A64B3CF22CE}"}},{"geometry":{"type":"Point","coordinates":[14.4397522,50.0708687]},"type":"Feature","properties":{"natural":"tree","kod_sprav":"2 MČ Praha 2","aktualizace":"2025-02-01","globalid":"{FDEC5793-AC1F-45DA-A3EA-34886E12E3A6}"}},{"geometry":{"type":"Point","coordinates":[14.4411827,50.0703555]},"type":"Feature","properties":{"natural":"tree","kod_sprav":"2 MČ Praha 2","aktualizace":"2025-02-01","globalid":"{AAEB1E79-1E6A-44F6-AFAF-7F34F70E7963}"}},{"geometry":{"type":"Point","coordinates":[14.441303,50.070315]},"type":"Feature","properties":{"natural":"tree","kod_sprav":"2 MČ Praha 2","aktualizace":"2025-02-01","globalid":"{F6F7A440-5A68-468F-ACF9-ABEFA63E1295}"}},{"geometry":{"type":"Point","coordinates":[14.4413943,50.0702784]},"type":"Feature","properties":{"natural":"tree","kod_sprav":"2 MČ Praha 2","aktualizace":"2025-02-01","globalid":"{73E4DD61-1396-44CF-A2F6-FCB91576E726}"}},{"geometry":{"type":"Point","coordinates":[14.4407564,50.0705922]},"type":"Feature","properties":{"natural":"tree","kod_sprav":"2 MČ Praha 2","aktualizace":"2025-02-01","globalid":"{48504361-CF4F-45CB-BEBA-1C4C2DFA14F1}"}},{"geometry":{"type":"Point","coordinates":[14.4408348,50.0705651]},"type":"Feature","properties":{"natural":"tree","kod_sprav":"2 MČ Praha 2","aktualizace":"2025-02-01","globalid":"{26D43302-4290-4AC3-B7D1-316FCF50D898}"}},{"geometry":{"type":"Point","coordinates":[14.4409301,50.0705339]},"type":"Feature","properties":{"natural":"tree","kod_sprav":"2 MČ Praha 2","aktualizace":"2025-02-01","globalid":"{A7D128DD-7E37-4321-B2C3-CA82759B1B73}"}},{"geometry":{"type":"Point","coordinates":[14.4410142,50.0705046]},"type":"Feature","properties":{"natural":"tree","kod_sprav":"2 MČ Praha 2","aktualizace":"2025-02-01","globalid":"{621CC850-67AA-4C5C-96D1-3732D07BCAEC}"}},{"geometry":{"type":"Point","coordinates":[14.4412375,50.0704247]},"type":"Feature","properties":{"natural":"tree","kod_sprav":"2 MČ Praha 2","aktualizace":"2025-02-01","globalid":"{AD1DA154-673B-4EF5-9E39-EAB2EE4DF97E}"}},{"geometry":{"type":"Point","coordinates":[14.4411353,50.0704616]},"type":"Feature","properties":{"natural":"tree","kod_sprav":"2 MČ Praha 2","aktualizace":"2025-02-01","globalid":"{B0C2B919-2202-49FE-A5CB-8A293A0D032E}"}},{"geometry":{"type":"Point","coordinates":[14.4413579,50.0703788]},"type":"Feature","properties":{"natural":"tree","kod_sprav":"2 MČ Praha 2","aktualizace":"2025-02-01","globalid":"{EE433A65-554A-45F9-AA66-1762BA47AE53}"}},{"geometry":{"type":"Point","coordinates":[14.4422929,50.0744574]},"type":"Feature","properties":{"natural":"tree","kod_sprav":"2 MČ Praha 2","aktualizace":"2025-02-01","globalid":"{F4037DB2-120A-49BA-8E9D-ACBE0229BD55}"}},{"geometry":{"type":"Point","coordinates":[14.4370855,50.070907]},"type":"Feature","properties":{"natural":"tree","kod_sprav":"2 MČ Praha 2","aktualizace":"2025-02-01","globalid":"{2821F0C9-2A52-4CA1-89F0-C670AB409BCF}"}},{"geometry":{"type":"Point","coordinates":[14.4424145,50.0744575]},"type":"Feature","properties":{"natural":"tree","kod_sprav":"2 MČ Praha 2","aktualizace":"2025-02-01","globalid":"{B78BCDE4-D3A5-47B8-8CE3-D264275F9D3F}"}},{"geometry":{"type":"Point","coordinates":[14.4370816,50.0709942]},"type":"Feature","properties":{"natural":"tree","kod_sprav":"2 MČ Praha 2","aktualizace":"2025-02-01","globalid":"{A162C82C-264C-4D83-8863-2E1861111358}"}},{"geometry":{"type":"Point","coordinates":[14.4440764,50.0744699]},"type":"Feature","properties":{"natural":"tree","kod_sprav":"2 MČ Praha 2","aktualizace":"2025-02-01","globalid":"{D20CEBAF-70FD-4822-874A-1F6DFAB362F0}"}},{"geometry":{"type":"Point","coordinates":[14.4372545,50.0709825]},"type":"Feature","properties":{"natural":"tree","kod_sprav":"2 MČ Praha 2","aktualizace":"2025-02-01","globalid":"{91C3F26C-624E-4FAC-A353-689FA2AF367A}"}},{"geometry":{"type":"Point","coordinates":[14.4422825,50.0735596]},"type":"Feature","properties":{"natural":"tree","kod_sprav":"2 MČ Praha 2","aktualizace":"2025-02-01","globalid":"{6D6FF2B8-279D-44D5-A0F8-2A112CBF1322}"}},{"geometry":{"type":"Point","coordinates":[14.4424687,50.0735616]},"type":"Feature","properties":{"natural":"tree","kod_sprav":"2 MČ Praha 2","aktualizace":"2025-02-01","globalid":"{C1356A5F-A9B2-4A65-8CA1-28723980FC69}"}},{"geometry":{"type":"Point","coordinates":[14.4425613,50.0734665]},"type":"Feature","properties":{"natural":"tree","kod_sprav":"2 MČ Praha 2","aktualizace":"2025-02-01","globalid":"{425548ED-3E26-4D3C-AC17-712133E02A52}"}},{"geometry":{"type":"Point","coordinates":[14.442663,50.0734656]},"type":"Feature","properties":{"natural":"tree","kod_sprav":"2 MČ Praha 2","aktualizace":"2025-02-01","globalid":"{EFC2C461-B0BF-48EA-B292-131CAC7D2734}"}},{"geometry":{"type":"Point","coordinates":[14.4427814,50.0734666]},"type":"Feature","properties":{"natural":"tree","kod_sprav":"2 MČ Praha 2","aktualizace":"2025-02-01","globalid":"{1DD763A1-41A2-4124-A928-24917FDF2EC9}"}},{"geometry":{"type":"Point","coordinates":[14.4426162,50.0735622]},"type":"Feature","properties":{"natural":"tree","kod_sprav":"2 MČ Praha 2","aktualizace":"2025-02-01","globalid":"{C32B5C88-A467-4EB9-A069-9B489B7EBD11}"}},{"geometry":{"type":"Point","coordinates":[14.4427186,50.0735625]},"type":"Feature","properties":{"natural":"tree","kod_sprav":"2 MČ Praha 2","aktualizace":"2025-02-01","globalid":"{EDDD6261-1B55-4196-9050-01EADF7CDD8C}"}},{"geometry":{"type":"Point","coordinates":[14.4428307,50.0735628]},"type":"Feature","properties":{"natural":"tree","kod_sprav":"2 MČ Praha 2","aktualizace":"2025-02-01","globalid":"{942252A7-4C8A-4C87-B257-218324A59050}"}},{"geometry":{"type":"Point","coordinates":[14.4429126,50.0735632]},"type":"Feature","properties":{"natural":"tree","kod_sprav":"2 MČ Praha 2","aktualizace":"2025-02-01","globalid":"{20FDC1FA-B4B3-4280-A57E-421F29A549EB}"}},{"geometry":{"type":"Point","coordinates":[14.4429892,50.0734674]},"type":"Feature","properties":{"natural":"tree","kod_sprav":"2 MČ Praha 2","aktualizace":"2025-02-01","globalid":"{07D69E74-A687-4FD7-A86D-23098B246409}"}},{"geometry":{"type":"Point","coordinates":[14.4458972,50.0759789]},"type":"Feature","properties":{"natural":"tree","kod_sprav":"2 MČ Praha 2","aktualizace":"2025-02-01","globalid":"{058DB142-BCE9-4DC8-AADE-4E29703E2712}"}},{"geometry":{"type":"Point","coordinates":[14.4412958,50.070403]},"type":"Feature","properties":{"natural":"tree","kod_sprav":"2 MČ Praha 2","aktualizace":"2025-02-01","globalid":"{BEA37330-C4EE-4BBB-AD24-31A723F74525}"}},{"geometry":{"type":"Point","coordinates":[14.4418332,50.0701272]},"type":"Feature","properties":{"natural":"tree","kod_sprav":"2 MČ Praha 2","aktualizace":"2025-02-01","globalid":"{A0DDDC10-B72A-42F6-A2E3-B160BBE4C3B0}"}},{"geometry":{"type":"Point","coordinates":[14.4418936,50.0701918]},"type":"Feature","properties":{"natural":"tree","kod_sprav":"2 MČ Praha 2","aktualizace":"2025-02-01","globalid":"{04C633E4-F465-4928-9F06-03D5B0BCA831}"}},{"geometry":{"type":"Point","coordinates":[14.4417527,50.070241]},"type":"Feature","properties":{"natural":"tree","kod_sprav":"2 MČ Praha 2","aktualizace":"2025-02-01","globalid":"{FFB5ACB3-B9E9-4E2B-B663-582E7CF0FFAA}"}},{"geometry":{"type":"Point","coordinates":[14.4420528,50.0701369]},"type":"Feature","properties":{"natural":"tree","kod_sprav":"2 MČ Praha 2","aktualizace":"2025-02-01","globalid":"{1698C887-BA74-4E73-8E46-617D3A340832}"}},{"geometry":{"type":"Point","coordinates":[14.4421986,50.0700854]},"type":"Feature","properties":{"natural":"tree","kod_sprav":"2 MČ Praha 2","aktualizace":"2025-02-01","globalid":"{1B294E5A-7E06-48BB-8CC9-823D5080B10C}"}},{"geometry":{"type":"Point","coordinates":[14.4445789,50.073572]},"type":"Feature","properties":{"natural":"tree","kod_sprav":"2 MČ Praha 2","aktualizace":"2025-02-01","globalid":"{CEB3C9DB-1BC1-48F1-8FF5-0A21447730AC}"}},{"geometry":{"type":"Point","coordinates":[14.4444767,50.0735711]},"type":"Feature","properties":{"natural":"tree","kod_sprav":"2 MČ Praha 2","aktualizace":"2025-02-01","globalid":"{38E31183-481D-4816-9C31-F1282449BA2D}"}},{"geometry":{"type":"Point","coordinates":[14.4443834,50.0735705]},"type":"Feature","properties":{"natural":"tree","kod_sprav":"2 MČ Praha 2","aktualizace":"2025-02-01","globalid":"{C820DFFC-05FC-434F-9129-BDF436B7BF81}"}},{"geometry":{"type":"Point","coordinates":[14.4442922,50.0735699]},"type":"Feature","properties":{"natural":"tree","kod_sprav":"2 MČ Praha 2","aktualizace":"2025-02-01","globalid":"{2C5CB1ED-0EC7-479D-B198-D4581194015E}"}},{"geometry":{"type":"Point","coordinates":[14.4441985,50.0735701]},"type":"Feature","properties":{"natural":"tree","kod_sprav":"2 MČ Praha 2","aktualizace":"2025-02-01","globalid":"{EE0CCA0F-A4A7-4222-8C40-4F0834835BDC}"}},{"geometry":{"type":"Point","coordinates":[14.4442822,50.0744712]},"type":"Feature","properties":{"natural":"tree","kod_sprav":"2 MČ Praha 2","aktualizace":"2025-02-01","globalid":"{F8ACC839-A6CB-471E-AFF3-A1F172BF9886}"}},{"geometry":{"type":"Point","coordinates":[14.4374405,50.071071]},"type":"Feature","properties":{"natural":"tree","kod_sprav":"2 MČ Praha 2","aktualizace":"2025-02-01","globalid":"{05D028BA-3744-43EA-BB7D-40F69783E3BA}"}},{"geometry":{"type":"Point","coordinates":[14.4443009,50.0743758]},"type":"Feature","properties":{"natural":"tree","kod_sprav":"2 MČ Praha 2","aktualizace":"2025-02-01","globalid":"{44C71CB0-2FA2-4222-9D0C-BAB2938B90AA}"}},{"geometry":{"type":"Point","coordinates":[14.4373008,50.0710945]},"type":"Feature","properties":{"natural":"tree","kod_sprav":"2 MČ Praha 2","aktualizace":"2025-02-01","globalid":"{E726BD67-7778-41E9-A6FB-1032D69354A0}"}},{"geometry":{"type":"Point","coordinates":[14.4442042,50.0743755]},"type":"Feature","properties":{"natural":"tree","kod_sprav":"2 MČ Praha 2","aktualizace":"2025-02-01","globalid":"{18F977EE-5F21-46B6-A71C-E6BA75BAF96D}"}},{"geometry":{"type":"Point","coordinates":[14.4374168,50.0711459]},"type":"Feature","properties":{"natural":"tree","kod_sprav":"2 MČ Praha 2","aktualizace":"2025-02-01","globalid":"{7E7A4FB1-1A17-4F5B-8BB5-A9A5DD38A372}"}},{"geometry":{"type":"Point","coordinates":[14.4440969,50.0743749]},"type":"Feature","properties":{"natural":"tree","kod_sprav":"2 MČ Praha 2","aktualizace":"2025-02-01","globalid":"{29FCD777-1420-434A-9BDE-108447DF256A}"}},{"geometry":{"type":"Point","coordinates":[14.4375608,50.0711191]},"type":"Feature","properties":{"natural":"tree","kod_sprav":"2 MČ Praha 2","aktualizace":"2025-02-01","globalid":"{BA594091-C1C9-4984-AB60-40F2F6161FA5}"}},{"geometry":{"type":"Point","coordinates":[14.4382404,50.072391]},"type":"Feature","properties":{"natural":"tree","kod_sprav":"2 MČ Praha 2","aktualizace":"2025-02-01","globalid":"{3247941F-9031-43E0-A3A7-47CA427CEC48}"}},{"geometry":{"type":"Point","coordinates":[14.440445,50.073797]},"type":"Feature","properties":{"natural":"tree","kod_sprav":"2 MČ Praha 2","aktualizace":"2025-02-01","globalid":"{0A993B74-ED13-4530-A9D0-AB8AD198D219}"}},{"geometry":{"type":"Point","coordinates":[14.4385261,50.072401]},"type":"Feature","properties":{"natural":"tree","kod_sprav":"2 MČ Praha 2","aktualizace":"2025-02-01","globalid":"{42FC9D1C-752A-42FB-BD93-C5A7D6BB6CC1}"}},{"geometry":{"type":"Point","coordinates":[14.4404973,50.0739152]},"type":"Feature","properties":{"natural":"tree","kod_sprav":"2 MČ Praha 2","aktualizace":"2025-02-01","globalid":"{8A4B48BA-C4D5-47CA-A8C7-F5F76FC65810}"}},{"geometry":{"type":"Point","coordinates":[14.4384981,50.0723428]},"type":"Feature","properties":{"natural":"tree","kod_sprav":"2 MČ Praha 2","aktualizace":"2025-02-01","globalid":"{5B509347-2A87-4FBE-B8EF-CD2AB497E2F4}"}},{"geometry":{"type":"Point","coordinates":[14.4406386,50.0736485]},"type":"Feature","properties":{"natural":"tree","kod_sprav":"2 MČ Praha 2","aktualizace":"2025-02-01","globalid":"{6A3D9BC0-8117-4947-AD87-C7DF5FAA686B}"}},{"geometry":{"type":"Point","coordinates":[14.4439447,50.0712044]},"type":"Feature","properties":{"natural":"tree","kod_sprav":"2 MČ Praha 2","aktualizace":"2025-02-01","globalid":"{570521D2-4D46-46A3-AB1B-04CDE199F45D}"}},{"geometry":{"type":"Point","coordinates":[14.4423626,50.0723074]},"type":"Feature","properties":{"natural":"tree","kod_sprav":"2 MČ Praha 2","aktualizace":"2025-02-01","globalid":"{F8724BB8-55CB-422A-A1DB-6D39E1F10CE1}"}},{"geometry":{"type":"Point","coordinates":[14.4411569,50.0728433]},"type":"Feature","properties":{"natural":"tree","kod_sprav":"2 MČ Praha 2","aktualizace":"2025-02-01","globalid":"{436B1D5F-91E5-4A8E-A8A3-EDB9801FC6A5}"}},{"geometry":{"type":"Point","coordinates":[14.4438669,50.0712426]},"type":"Feature","properties":{"natural":"tree","kod_sprav":"2 MČ Praha 2","aktualizace":"2025-02-01","globalid":"{37F707A8-3B54-49C2-9109-2D441D716E44}"}},{"geometry":{"type":"Point","coordinates":[14.4418482,50.0719555]},"type":"Feature","properties":{"natural":"tree","kod_sprav":"2 MČ Praha 2","aktualizace":"2025-02-01","globalid":"{D3C1372E-83D2-4426-B195-79E17FBEB189}"}},{"geometry":{"type":"Point","coordinates":[14.4458967,50.0759105]},"type":"Feature","properties":{"natural":"tree","kod_sprav":"2 MČ Praha 2","aktualizace":"2025-02-01","globalid":"{4F480E01-5EA7-4DA3-A379-0A5CADEE9AE7}"}},{"geometry":{"type":"Point","coordinates":[14.4457535,50.0757279]},"type":"Feature","properties":{"natural":"tree","kod_sprav":"2 MČ Praha 2","aktualizace":"2025-02-01","globalid":"{8C09A7D1-5BC8-44E5-A1EF-B5BD6C603B0C}"}},{"geometry":{"type":"Point","coordinates":[14.445755,50.0756041]},"type":"Feature","properties":{"natural":"tree","kod_sprav":"2 MČ Praha 2","aktualizace":"2025-02-01","globalid":"{D0CD8FF2-32EA-4754-B1D3-40A665443874}"}},{"geometry":{"type":"Point","coordinates":[14.4403236,50.0724666]},"type":"Feature","properties":{"natural":"tree","kod_sprav":"2 MČ Praha 2","aktualizace":"2025-02-01","globalid":"{671463F8-C958-41B3-810D-EA2CFF483489}"}},{"geometry":{"type":"Point","coordinates":[14.4403769,50.0723964]},"type":"Feature","properties":{"natural":"tree","kod_sprav":"2 MČ Praha 2","aktualizace":"2025-02-01","globalid":"{A6CBC469-D5E7-4E8A-8F76-C60385F42C7C}"}},{"geometry":{"type":"Point","coordinates":[14.4404704,50.0724404]},"type":"Feature","properties":{"natural":"tree","kod_sprav":"2 MČ Praha 2","aktualizace":"2025-02-01","globalid":"{36C3DB23-933D-4EDD-8F8E-30E6F6A6633A}"}},{"geometry":{"type":"Point","coordinates":[14.4406024,50.0724982]},"type":"Feature","properties":{"natural":"tree","kod_sprav":"2 MČ Praha 2","aktualizace":"2025-02-01","globalid":"{0A48D2AF-9B40-4004-AE1E-53E6E40B9227}"}},{"geometry":{"type":"Point","coordinates":[14.4384775,50.072299]},"type":"Feature","properties":{"natural":"tree","kod_sprav":"2 MČ Praha 2","aktualizace":"2025-02-01","globalid":"{E6F4247A-5D84-437F-AC3F-14AD8EF20E01}"}},{"geometry":{"type":"Point","coordinates":[14.4406359,50.0737495]},"type":"Feature","properties":{"natural":"tree","kod_sprav":"2 MČ Praha 2","aktualizace":"2025-02-01","globalid":"{CE3D16E4-6233-41AB-B7FA-D17888705017}"}},{"geometry":{"type":"Point","coordinates":[14.4382773,50.072228]},"type":"Feature","properties":{"natural":"tree","kod_sprav":"2 MČ Praha 2","aktualizace":"2025-02-01","globalid":"{C18CF073-81A2-47FE-9DDD-5FFFCB5B2F61}"}},{"geometry":{"type":"Point","coordinates":[14.4406369,50.0736952]},"type":"Feature","properties":{"natural":"tree","kod_sprav":"2 MČ Praha 2","aktualizace":"2025-02-01","globalid":"{55C4E508-4B81-4A8E-974B-EBE177F5D38D}"}},{"geometry":{"type":"Point","coordinates":[14.4380557,50.0722699]},"type":"Feature","properties":{"natural":"tree","kod_sprav":"2 MČ Praha 2","aktualizace":"2025-02-01","globalid":"{C04E3997-3CBE-4E37-BD13-6B5C440D1C0F}"}},{"geometry":{"type":"Point","coordinates":[14.4406334,50.0738702]},"type":"Feature","properties":{"natural":"tree","kod_sprav":"2 MČ Praha 2","aktualizace":"2025-02-01","globalid":"{24DD5984-2AF1-48D1-AAC5-CB35593C16F6}"}},{"geometry":{"type":"Point","coordinates":[14.4383955,50.0721664]},"type":"Feature","properties":{"natural":"tree","kod_sprav":"2 MČ Praha 2","aktualizace":"2025-02-01","globalid":"{52C4DE71-21D9-4F97-9FD4-714E83F365F6}"}},{"geometry":{"type":"Point","coordinates":[14.440635,50.073925]},"type":"Feature","properties":{"natural":"tree","kod_sprav":"2 MČ Praha 2","aktualizace":"2025-02-01","globalid":"{6898E27E-BB19-402E-B854-5A9BE9749F04}"}},{"geometry":{"type":"Point","coordinates":[14.4384273,50.072124]},"type":"Feature","properties":{"natural":"tree","kod_sprav":"2 MČ Praha 2","aktualizace":"2025-02-01","globalid":"{8120AA60-BC3C-40D4-8D07-6E1370B46978}"}},{"geometry":{"type":"Point","coordinates":[14.4375375,50.0721154]},"type":"Feature","properties":{"natural":"tree","kod_sprav":"2 MČ Praha 2","aktualizace":"2025-02-01","globalid":"{6D421C0A-1F90-4C3F-800D-32EB8BC52A64}"}},{"geometry":{"type":"Point","coordinates":[14.441225,50.0728737]},"type":"Feature","properties":{"natural":"tree","kod_sprav":"2 MČ Praha 2","aktualizace":"2025-02-01","globalid":"{6C760EAE-D7AE-4173-A054-387E96E86A98}"}},{"geometry":{"type":"Point","coordinates":[14.4419285,50.0719936]},"type":"Feature","properties":{"natural":"tree","kod_sprav":"2 MČ Praha 2","aktualizace":"2025-02-01","globalid":"{5287E794-9BC8-410D-A528-03CCDF8C5F4A}"}},{"geometry":{"type":"Point","coordinates":[14.4413799,50.0729428]},"type":"Feature","properties":{"natural":"tree","kod_sprav":"2 MČ Praha 2","aktualizace":"2025-02-01","globalid":"{4D5CB30B-DFE3-41B8-B607-7BDD4DFAD3CD}"}},{"geometry":{"type":"Point","coordinates":[14.4420222,50.0720392]},"type":"Feature","properties":{"natural":"tree","kod_sprav":"2 MČ Praha 2","aktualizace":"2025-02-01","globalid":"{E8B693FF-AE1E-44F6-A06C-71DCEC92250B}"}},{"geometry":{"type":"Point","coordinates":[14.4413637,50.0728423]},"type":"Feature","properties":{"natural":"tree","kod_sprav":"2 MČ Praha 2","aktualizace":"2025-02-01","globalid":"{C61DCBA9-D09A-43E3-ACB2-3A0417C71009}"}},{"geometry":{"type":"Point","coordinates":[14.4421828,50.0721106]},"type":"Feature","properties":{"natural":"tree","kod_sprav":"2 MČ Praha 2","aktualizace":"2025-02-01","globalid":"{649EAF96-70D7-4959-AFE8-477ECC8920C9}"}},{"geometry":{"type":"Point","coordinates":[14.4414335,50.0728714]},"type":"Feature","properties":{"natural":"tree","kod_sprav":"2 MČ Praha 2","aktualizace":"2025-02-01","globalid":"{C422AC79-86DF-421D-8FF2-BC4A84C40190}"}},{"geometry":{"type":"Point","coordinates":[14.4424304,50.072221]},"type":"Feature","properties":{"natural":"tree","kod_sprav":"2 MČ Praha 2","aktualizace":"2025-02-01","globalid":"{424D1CCA-5BE1-4CD9-B241-BC675BC4F3D8}"}},{"geometry":{"type":"Point","coordinates":[14.4415127,50.0729076]},"type":"Feature","properties":{"natural":"tree","kod_sprav":"2 MČ Praha 2","aktualizace":"2025-02-01","globalid":"{92519B24-AA08-4844-91F2-FB3DDBEE3433}"}},{"geometry":{"type":"Point","coordinates":[14.4423121,50.0721688]},"type":"Feature","properties":{"natural":"tree","kod_sprav":"2 MČ Praha 2","aktualizace":"2025-02-01","globalid":"{EC5D5111-4D66-4DE5-983D-35EB3F5C15C8}"}},{"geometry":{"type":"Point","coordinates":[14.4457565,50.0755441]},"type":"Feature","properties":{"natural":"tree","kod_sprav":"2 MČ Praha 2","aktualizace":"2025-02-01","globalid":"{0DB47198-F8EF-40CF-B58D-B59DEA434CEB}"}},{"geometry":{"type":"Point","coordinates":[14.4459023,50.0755396]},"type":"Feature","properties":{"natural":"tree","kod_sprav":"2 MČ Praha 2","aktualizace":"2025-02-01","globalid":"{B62E05BA-2881-4B49-911E-6989613B89B1}"}},{"geometry":{"type":"Point","coordinates":[14.4458991,50.0757882]},"type":"Feature","properties":{"natural":"tree","kod_sprav":"2 MČ Praha 2","aktualizace":"2025-02-01","globalid":"{8BBC450B-E10E-4BA8-AB4A-1B3E5737037B}"}},{"geometry":{"type":"Point","coordinates":[14.4457473,50.0759869]},"type":"Feature","properties":{"natural":"tree","kod_sprav":"2 MČ Praha 2","aktualizace":"2025-02-01","globalid":"{C4E5FF57-679A-44E5-8B69-35E5664B863C}"}},{"geometry":{"type":"Point","coordinates":[14.4457471,50.0759212]},"type":"Feature","properties":{"natural":"tree","kod_sprav":"2 MČ Praha 2","aktualizace":"2025-02-01","globalid":"{F4F616CD-8420-40A4-9707-39CEB40EE175}"}},{"geometry":{"type":"Point","coordinates":[14.4459,50.0758422]},"type":"Feature","properties":{"natural":"tree","kod_sprav":"2 MČ Praha 2","aktualizace":"2025-02-01","globalid":"{19695367-2DEA-4CE7-BA1D-53553181DC6D}"}},{"geometry":{"type":"Point","coordinates":[14.4407326,50.0725551]},"type":"Feature","properties":{"natural":"tree","kod_sprav":"2 MČ Praha 2","aktualizace":"2025-02-01","globalid":"{3D2473C7-3C6C-4688-A2D5-6021C63B75FB}"}},{"geometry":{"type":"Point","coordinates":[14.4408617,50.0726137]},"type":"Feature","properties":{"natural":"tree","kod_sprav":"2 MČ Praha 2","aktualizace":"2025-02-01","globalid":"{ED556A0A-2E53-4455-A1B2-5823B694C1DB}"}},{"geometry":{"type":"Point","coordinates":[14.4405145,50.0725522]},"type":"Feature","properties":{"natural":"tree","kod_sprav":"2 MČ Praha 2","aktualizace":"2025-02-01","globalid":"{0D5997D6-D651-4948-9FC3-0F0E77FD6EF9}"}},{"geometry":{"type":"Point","coordinates":[14.4376933,50.0721716]},"type":"Feature","properties":{"natural":"tree","kod_sprav":"2 MČ Praha 2","aktualizace":"2025-02-01","globalid":"{505CCB93-68F3-4ECE-80B9-18DFADE48B40}"}},{"geometry":{"type":"Point","coordinates":[14.437829,50.0722195]},"type":"Feature","properties":{"natural":"tree","kod_sprav":"2 MČ Praha 2","aktualizace":"2025-02-01","globalid":"{C79D33AF-DE15-489B-B132-63B4DC8D4A7F}"}},{"geometry":{"type":"Point","coordinates":[14.4379267,50.0722539]},"type":"Feature","properties":{"natural":"tree","kod_sprav":"2 MČ Praha 2","aktualizace":"2025-02-01","globalid":"{BD688D87-36F1-4FE7-88BC-30C6E1DC3010}"}},{"geometry":{"type":"Point","coordinates":[14.4377678,50.0722845]},"type":"Feature","properties":{"natural":"tree","kod_sprav":"2 MČ Praha 2","aktualizace":"2025-02-01","globalid":"{23712339-69DF-48D1-85BE-9F85327A6F0E}"}},{"geometry":{"type":"Point","coordinates":[14.4376468,50.0722422]},"type":"Feature","properties":{"natural":"tree","kod_sprav":"2 MČ Praha 2","aktualizace":"2025-02-01","globalid":"{F62BB61D-B1ED-40EF-9F59-DE6D0D3829CF}"}},{"geometry":{"type":"Point","coordinates":[14.4375054,50.0721905]},"type":"Feature","properties":{"natural":"tree","kod_sprav":"2 MČ Praha 2","aktualizace":"2025-02-01","globalid":"{70BF706E-F3E8-4F9F-AFC0-FE8BC3CA8267}"}},{"geometry":{"type":"Point","coordinates":[14.4373053,50.0721202]},"type":"Feature","properties":{"natural":"tree","kod_sprav":"2 MČ Praha 2","aktualizace":"2025-02-01","globalid":"{159DAB37-550E-48D4-B07E-09CD458C8774}"}},{"geometry":{"type":"Point","coordinates":[14.4371565,50.0720666]},"type":"Feature","properties":{"natural":"tree","kod_sprav":"2 MČ Praha 2","aktualizace":"2025-02-01","globalid":"{A8B83922-605E-46C4-AAFF-3E336B325A66}"}},{"geometry":{"type":"Point","coordinates":[14.4370588,50.072032]},"type":"Feature","properties":{"natural":"tree","kod_sprav":"2 MČ Praha 2","aktualizace":"2025-02-01","globalid":"{C9FB4544-69DA-4655-9259-F743321B47AB}"}},{"geometry":{"type":"Point","coordinates":[14.4430868,50.0734685]},"type":"Feature","properties":{"natural":"tree","kod_sprav":"2 MČ Praha 2","aktualizace":"2025-02-01","globalid":"{D89AE051-1692-4775-958A-E8EC4E319B6E}"}},{"geometry":{"type":"Point","coordinates":[14.4429869,50.0735647]},"type":"Feature","properties":{"natural":"tree","kod_sprav":"2 MČ Praha 2","aktualizace":"2025-02-01","globalid":"{5D6FEBF6-A2BA-4791-885A-E32A69F339F9}"}},{"geometry":{"type":"Point","coordinates":[14.4430637,50.0735637]},"type":"Feature","properties":{"natural":"tree","kod_sprav":"2 MČ Praha 2","aktualizace":"2025-02-01","globalid":"{06030438-AD5D-488A-A60D-306B2E5F7C11}"}},{"geometry":{"type":"Point","coordinates":[14.4407652,50.0753865]},"type":"Feature","properties":{"natural":"tree","kod_sprav":"2 MČ Praha 2","aktualizace":"2025-02-01","globalid":"{746B5811-65D8-4C2F-BF7D-F94188E2F2A2}"}},{"geometry":{"type":"Point","coordinates":[14.4408589,50.0753865]},"type":"Feature","properties":{"natural":"tree","kod_sprav":"2 MČ Praha 2","aktualizace":"2025-02-01","globalid":"{E8F11EDC-27B0-44A2-B378-B5C69439BE6C}"}},{"geometry":{"type":"Point","coordinates":[14.4410235,50.0753896]},"type":"Feature","properties":{"natural":"tree","kod_sprav":"2 MČ Praha 2","aktualizace":"2025-02-01","globalid":"{BBEE1DA4-E9BC-4DDD-B291-BA1974A45AA3}"}},{"geometry":{"type":"Point","coordinates":[14.4440933,50.07357]},"type":"Feature","properties":{"natural":"tree","kod_sprav":"2 MČ Praha 2","aktualizace":"2025-02-01","globalid":"{929495DE-D864-49AB-B17A-48CD6A29E07C}"}},{"geometry":{"type":"Point","coordinates":[14.4442201,50.0734731]},"type":"Feature","properties":{"natural":"tree","kod_sprav":"2 MČ Praha 2","aktualizace":"2025-02-01","globalid":"{5C7D211D-4D98-4CFC-B348-A81933E88C27}"}},{"geometry":{"type":"Point","coordinates":[14.444096,50.0734729]},"type":"Feature","properties":{"natural":"tree","kod_sprav":"2 MČ Praha 2","aktualizace":"2025-02-01","globalid":"{690F60B2-7885-4C72-80BB-15C2444F983F}"}},{"geometry":{"type":"Point","coordinates":[14.443172,50.0734685]},"type":"Feature","properties":{"natural":"tree","kod_sprav":"2 MČ Praha 2","aktualizace":"2025-02-01","globalid":"{93CE52C4-EE51-4BA6-9C86-B720754CB752}"}},{"geometry":{"type":"Point","coordinates":[14.4431631,50.0735651]},"type":"Feature","properties":{"natural":"tree","kod_sprav":"2 MČ Praha 2","aktualizace":"2025-02-01","globalid":"{23B09C86-E20B-4D7E-A9E7-8F897FA5F339}"}},{"geometry":{"type":"Point","coordinates":[14.4432511,50.0734693]},"type":"Feature","properties":{"natural":"tree","kod_sprav":"2 MČ Praha 2","aktualizace":"2025-02-01","globalid":"{1705E7E4-FF6C-44A5-A00F-CEC148E62A3B}"}},{"geometry":{"type":"Point","coordinates":[14.4433312,50.0734699]},"type":"Feature","properties":{"natural":"tree","kod_sprav":"2 MČ Praha 2","aktualizace":"2025-02-01","globalid":"{9B6844A4-90DA-4391-A18A-8D69A987DBAE}"}},{"geometry":{"type":"Point","coordinates":[14.4434188,50.0734696]},"type":"Feature","properties":{"natural":"tree","kod_sprav":"2 MČ Praha 2","aktualizace":"2025-02-01","globalid":"{F5C5052D-EAC5-4808-841B-B71AA6B41635}"}},{"geometry":{"type":"Point","coordinates":[14.4433281,50.0735659]},"type":"Feature","properties":{"natural":"tree","kod_sprav":"2 MČ Praha 2","aktualizace":"2025-02-01","globalid":"{0D0BCEF9-BA14-4253-84D1-D7C53ADD6B8C}"}},{"geometry":{"type":"Point","coordinates":[14.4434121,50.0735664]},"type":"Feature","properties":{"natural":"tree","kod_sprav":"2 MČ Praha 2","aktualizace":"2025-02-01","globalid":"{4ED8523E-F7C2-434E-A01E-42D6D889910A}"}},{"geometry":{"type":"Point","coordinates":[14.4435022,50.0735676]},"type":"Feature","properties":{"natural":"tree","kod_sprav":"2 MČ Praha 2","aktualizace":"2025-02-01","globalid":"{BA56FF88-7A6D-4729-B254-B98FC91049EF}"}},{"geometry":{"type":"Point","coordinates":[14.4437032,50.0734714]},"type":"Feature","properties":{"natural":"tree","kod_sprav":"2 MČ Praha 2","aktualizace":"2025-02-01","globalid":"{E044D126-BE13-4135-B96B-5F71CE726DF1}"}},{"geometry":{"type":"Point","coordinates":[14.4436081,50.0735675]},"type":"Feature","properties":{"natural":"tree","kod_sprav":"2 MČ Praha 2","aktualizace":"2025-02-01","globalid":"{09F40128-6BF2-436C-98DD-357E01C84866}"}},{"geometry":{"type":"Point","coordinates":[14.4446971,50.0743799]},"type":"Feature","properties":{"natural":"tree","kod_sprav":"2 MČ Praha 2","aktualizace":"2025-02-01","globalid":"{58B0792F-21E7-4FA6-BB28-B86092F367A3}"}},{"geometry":{"type":"Point","coordinates":[14.4376256,50.0711499]},"type":"Feature","properties":{"natural":"tree","kod_sprav":"2 MČ Praha 2","aktualizace":"2025-02-01","globalid":"{EDB268CE-28F7-4202-9C0D-F5C1BA586E92}"}},{"geometry":{"type":"Point","coordinates":[14.4448123,50.0743808]},"type":"Feature","properties":{"natural":"tree","kod_sprav":"2 MČ Praha 2","aktualizace":"2025-02-01","globalid":"{AEC9C325-6562-4EC2-B62C-429D7212B57D}"}},{"geometry":{"type":"Point","coordinates":[14.437695,50.0711795]},"type":"Feature","properties":{"natural":"tree","kod_sprav":"2 MČ Praha 2","aktualizace":"2025-02-01","globalid":"{9A329990-6F5D-43C3-BDC3-23C1E81A35AF}"}},{"geometry":{"type":"Point","coordinates":[14.4375513,50.0733647]},"type":"Feature","properties":{"natural":"tree","kod_sprav":"2 MČ Praha 2","aktualizace":"2025-02-01","globalid":"{B6440BF2-06E7-4C99-9D66-4877542B19FA}"}},{"geometry":{"type":"Point","coordinates":[14.4398773,50.0711769]},"type":"Feature","properties":{"natural":"tree","kod_sprav":"2 MČ Praha 2","aktualizace":"2025-02-01","globalid":"{164D11A5-F8C6-4D8B-8962-DACCECC90871}"}},{"geometry":{"type":"Point","coordinates":[14.4375888,50.0733199]},"type":"Feature","properties":{"natural":"tree","kod_sprav":"2 MČ Praha 2","aktualizace":"2025-02-01","globalid":"{DCD17557-4212-42F4-9476-9B39E3BFCD9E}"}},{"geometry":{"type":"Point","coordinates":[14.4396033,50.0710512]},"type":"Feature","properties":{"natural":"tree","kod_sprav":"2 MČ Praha 2","aktualizace":"2025-02-01","globalid":"{66EF0912-98FF-4060-AB5C-789E6DE7B6ED}"}},{"geometry":{"type":"Point","coordinates":[14.4398841,50.0710625]},"type":"Feature","properties":{"natural":"tree","kod_sprav":"2 MČ Praha 2","aktualizace":"2025-02-01","globalid":"{C8858980-E175-45FD-8971-23A4D257AA69}"}},{"geometry":{"type":"Point","coordinates":[14.4374936,50.0732821]},"type":"Feature","properties":{"natural":"tree","kod_sprav":"2 MČ Praha 2","aktualizace":"2025-02-01","globalid":"{B0C0B3E9-4080-4B18-8D2C-9AB3EE9E71FA}"}},{"geometry":{"type":"Point","coordinates":[14.4376535,50.0732408]},"type":"Feature","properties":{"natural":"tree","kod_sprav":"2 MČ Praha 2","aktualizace":"2025-02-01","globalid":"{9EE88381-8EA8-4D81-9C42-4FA3A8C06ED4}"}},{"geometry":{"type":"Point","coordinates":[14.4399565,50.0710967]},"type":"Feature","properties":{"natural":"tree","kod_sprav":"2 MČ Praha 2","aktualizace":"2025-02-01","globalid":"{CA5605A7-FD37-494C-96A3-900BE9FD893D}"}},{"geometry":{"type":"Point","coordinates":[14.4375277,50.073238]},"type":"Feature","properties":{"natural":"tree","kod_sprav":"2 MČ Praha 2","aktualizace":"2025-02-01","globalid":"{62F83FB3-6CEF-44A1-8934-76BBE56F9B56}"}},{"geometry":{"type":"Point","coordinates":[14.4437091,50.0735681]},"type":"Feature","properties":{"natural":"tree","kod_sprav":"2 MČ Praha 2","aktualizace":"2025-02-01","globalid":"{33F1A987-F327-4643-9D4F-7440DF1E3C3F}"}},{"geometry":{"type":"Point","coordinates":[14.4437895,50.0735679]},"type":"Feature","properties":{"natural":"tree","kod_sprav":"2 MČ Praha 2","aktualizace":"2025-02-01","globalid":"{C0E2399C-A148-40EF-9953-E2CC5422C63E}"}},{"geometry":{"type":"Point","coordinates":[14.4423798,50.0700232]},"type":"Feature","properties":{"natural":"tree","kod_sprav":"2 MČ Praha 2","aktualizace":"2025-02-01","globalid":"{EEE16F7C-57A2-4184-BB4B-D28113C85ABB}"}},{"geometry":{"type":"Point","coordinates":[14.4448594,50.0744742]},"type":"Feature","properties":{"natural":"tree","kod_sprav":"2 MČ Praha 2","aktualizace":"2025-02-01","globalid":"{90A2AE2D-15B2-4B52-BAB3-A5A21C3C59A2}"}},{"geometry":{"type":"Point","coordinates":[14.4376008,50.0712305]},"type":"Feature","properties":{"natural":"tree","kod_sprav":"2 MČ Praha 2","aktualizace":"2025-02-01","globalid":"{653510F1-AA40-4EB7-BE1B-AA17329B5927}"}},{"geometry":{"type":"Point","coordinates":[14.4446799,50.0744735]},"type":"Feature","properties":{"natural":"tree","kod_sprav":"2 MČ Praha 2","aktualizace":"2025-02-01","globalid":"{5FA91093-926E-4605-BAFC-FEF84CFD1081}"}},{"geometry":{"type":"Point","coordinates":[14.4377847,50.0713123]},"type":"Feature","properties":{"natural":"tree","kod_sprav":"2 MČ Praha 2","aktualizace":"2025-02-01","globalid":"{717E258A-6CAD-49F9-8254-2083AB713574}"}},{"geometry":{"type":"Point","coordinates":[14.4445423,50.0744721]},"type":"Feature","properties":{"natural":"tree","kod_sprav":"2 MČ Praha 2","aktualizace":"2025-02-01","globalid":"{AB0DCBBB-35FE-426B-B655-F22B624A0D77}"}},{"geometry":{"type":"Point","coordinates":[14.4378838,50.0713582]},"type":"Feature","properties":{"natural":"tree","kod_sprav":"2 MČ Praha 2","aktualizace":"2025-02-01","globalid":"{7CA752D2-AB99-4AB9-90F9-41D015502014}"}},{"geometry":{"type":"Point","coordinates":[14.4443768,50.0744716]},"type":"Feature","properties":{"natural":"tree","kod_sprav":"2 MČ Praha 2","aktualizace":"2025-02-01","globalid":"{F0B6A4FE-275B-4420-B08D-08A5A9EE3418}"}},{"geometry":{"type":"Point","coordinates":[14.438003,50.0713212]},"type":"Feature","properties":{"natural":"tree","kod_sprav":"2 MČ Praha 2","aktualizace":"2025-02-01","globalid":"{AE0A8C22-E731-4648-A10B-ABBD15CCE7F3}"}},{"geometry":{"type":"Point","coordinates":[14.4444453,50.0743767]},"type":"Feature","properties":{"natural":"tree","kod_sprav":"2 MČ Praha 2","aktualizace":"2025-02-01","globalid":"{CE8B091B-2B66-45C4-8C43-38D188560EEE}"}},{"geometry":{"type":"Point","coordinates":[14.4381173,50.0713744]},"type":"Feature","properties":{"natural":"tree","kod_sprav":"2 MČ Praha 2","aktualizace":"2025-02-01","globalid":"{FE1079EF-9FCC-4869-92BC-EB6B295A08AB}"}},{"geometry":{"type":"Point","coordinates":[14.4406342,50.0739832]},"type":"Feature","properties":{"natural":"tree","kod_sprav":"2 MČ Praha 2","aktualizace":"2025-02-01","globalid":"{0299E2A1-7BD2-411D-9E9A-2CD974F019A6}"}},{"geometry":{"type":"Point","coordinates":[14.4384596,50.0720834]},"type":"Feature","properties":{"natural":"tree","kod_sprav":"2 MČ Praha 2","aktualizace":"2025-02-01","globalid":"{1E7847DA-9ED7-4314-8489-D912AC93B5D1}"}},{"geometry":{"type":"Point","coordinates":[14.440633,50.0740364]},"type":"Feature","properties":{"natural":"tree","kod_sprav":"2 MČ Praha 2","aktualizace":"2025-02-01","globalid":"{84D12164-27AB-4B82-B345-23BABE5427E4}"}},{"geometry":{"type":"Point","coordinates":[14.4384881,50.0720525]},"type":"Feature","properties":{"natural":"tree","kod_sprav":"2 MČ Praha 2","aktualizace":"2025-02-01","globalid":"{EE5BFAAB-600F-457B-B0C6-21E74F284B97}"}},{"geometry":{"type":"Point","coordinates":[14.4419304,50.0721133]},"type":"Feature","properties":{"natural":"tree","kod_sprav":"2 MČ Praha 2","aktualizace":"2025-02-01","globalid":"{D1819872-19A6-42DC-B12B-2251F3C036CF}"}},{"geometry":{"type":"Point","coordinates":[14.4457501,50.0758502]},"type":"Feature","properties":{"natural":"tree","kod_sprav":"2 MČ Praha 2","aktualizace":"2025-02-01","globalid":"{43A5CEC8-485E-4660-8663-17FFD8476FA9}"}},{"geometry":{"type":"Point","coordinates":[14.4457494,50.0757971]},"type":"Feature","properties":{"natural":"tree","kod_sprav":"2 MČ Praha 2","aktualizace":"2025-02-01","globalid":"{BF2CF54C-71DF-476C-AE51-596FC26FFE0B}"}},{"geometry":{"type":"Point","coordinates":[14.4458978,50.075729]},"type":"Feature","properties":{"natural":"tree","kod_sprav":"2 MČ Praha 2","aktualizace":"2025-02-01","globalid":"{B6C37F7D-120D-4C0E-90A4-B3DB42C06E97}"}},{"geometry":{"type":"Point","coordinates":[14.4457512,50.0756652]},"type":"Feature","properties":{"natural":"tree","kod_sprav":"2 MČ Praha 2","aktualizace":"2025-02-01","globalid":"{19748458-CB6D-4C42-B8EE-1266E62FFE04}"}},{"geometry":{"type":"Point","coordinates":[14.4458972,50.0756753]},"type":"Feature","properties":{"natural":"tree","kod_sprav":"2 MČ Praha 2","aktualizace":"2025-02-01","globalid":"{0F4BAFE5-DE66-4A28-A8FF-38D69F142210}"}},{"geometry":{"type":"Point","coordinates":[14.4458988,50.0756212]},"type":"Feature","properties":{"natural":"tree","kod_sprav":"2 MČ Praha 2","aktualizace":"2025-02-01","globalid":"{EBE514B1-B22D-4811-BE1D-C71906177893}"}},{"geometry":{"type":"Point","coordinates":[14.4459027,50.0754746]},"type":"Feature","properties":{"natural":"tree","kod_sprav":"2 MČ Praha 2","aktualizace":"2025-02-01","globalid":"{9EF56C38-2615-4C82-A11D-4DC607648784}"}},{"geometry":{"type":"Point","coordinates":[14.4457629,50.0752349]},"type":"Feature","properties":{"natural":"tree","kod_sprav":"2 MČ Praha 2","aktualizace":"2025-02-01","globalid":"{141F090B-7CEB-4AF0-A4F8-21D6C9F07AA8}"}},{"geometry":{"type":"Point","coordinates":[14.4401378,50.0753821]},"type":"Feature","properties":{"natural":"tree","kod_sprav":"2 MČ Praha 2","aktualizace":"2025-02-01","globalid":"{DDBDF4B7-0E6E-417E-8112-5E1D5A78608F}"}},{"geometry":{"type":"Point","coordinates":[14.4402243,50.0753825]},"type":"Feature","properties":{"natural":"tree","kod_sprav":"2 MČ Praha 2","aktualizace":"2025-02-01","globalid":"{E6B787D0-2160-4CDD-A2DE-5D66DFC8432B}"}},{"geometry":{"type":"Point","coordinates":[14.4403229,50.0753821]},"type":"Feature","properties":{"natural":"tree","kod_sprav":"2 MČ Praha 2","aktualizace":"2025-02-01","globalid":"{D1F9DCAB-A810-4E5E-86C6-75E7F546596F}"}},{"geometry":{"type":"Point","coordinates":[14.4404028,50.0752538]},"type":"Feature","properties":{"natural":"tree","kod_sprav":"2 MČ Praha 2","aktualizace":"2025-02-01","globalid":"{FCEAD2DE-98ED-43CE-94D6-F5DCE6E7A664}"}},{"geometry":{"type":"Point","coordinates":[14.4402654,50.0752531]},"type":"Feature","properties":{"natural":"tree","kod_sprav":"2 MČ Praha 2","aktualizace":"2025-02-01","globalid":"{526FE9F5-AB3F-4917-9598-868062A9D36B}"}},{"geometry":{"type":"Point","coordinates":[14.4401849,50.075252]},"type":"Feature","properties":{"natural":"tree","kod_sprav":"2 MČ Praha 2","aktualizace":"2025-02-01","globalid":"{A0E39DBD-D4C8-45A3-9D12-D7F0910CD332}"}},{"geometry":{"type":"Point","coordinates":[14.4400413,50.0752521]},"type":"Feature","properties":{"natural":"tree","kod_sprav":"2 MČ Praha 2","aktualizace":"2025-02-01","globalid":"{88021EBD-74A5-4DF7-A718-2257AA02491F}"}},{"geometry":{"type":"Point","coordinates":[14.440581,50.0725846]},"type":"Feature","properties":{"natural":"tree","kod_sprav":"2 MČ Praha 2","aktualizace":"2025-02-01","globalid":"{AE7493FF-A98E-45BA-9B3C-9022ED0DE5E3}"}},{"geometry":{"type":"Point","coordinates":[14.4407438,50.0726561]},"type":"Feature","properties":{"natural":"tree","kod_sprav":"2 MČ Praha 2","aktualizace":"2025-02-01","globalid":"{B73B5C2D-2D50-46A4-98F2-F48B6CDBEDA2}"}},{"geometry":{"type":"Point","coordinates":[14.4408075,50.0726838]},"type":"Feature","properties":{"natural":"tree","kod_sprav":"2 MČ Praha 2","aktualizace":"2025-02-01","globalid":"{43875D56-83BA-4D8E-B55B-69C4C31C5ECC}"}},{"geometry":{"type":"Point","coordinates":[14.4406343,50.0740874]},"type":"Feature","properties":{"natural":"tree","kod_sprav":"2 MČ Praha 2","aktualizace":"2025-02-01","globalid":"{4538FB62-2C9E-4C25-B131-025DB5486C40}"}},{"geometry":{"type":"Point","coordinates":[14.4385197,50.0720087]},"type":"Feature","properties":{"natural":"tree","kod_sprav":"2 MČ Praha 2","aktualizace":"2025-02-01","globalid":"{72A8055D-C62D-4F28-ABED-1BBBB5EA63A1}"}},{"geometry":{"type":"Point","coordinates":[14.4406326,50.0741416]},"type":"Feature","properties":{"natural":"tree","kod_sprav":"2 MČ Praha 2","aktualizace":"2025-02-01","globalid":"{DC2C87EB-C86C-4BC3-A38B-344950B6F408}"}},{"geometry":{"type":"Point","coordinates":[14.4385901,50.0720932]},"type":"Feature","properties":{"natural":"tree","kod_sprav":"2 MČ Praha 2","aktualizace":"2025-02-01","globalid":"{252B8FCD-049A-41DD-B2F8-08CA2C8D7E7A}"}},{"geometry":{"type":"Point","coordinates":[14.4406288,50.0741944]},"type":"Feature","properties":{"natural":"tree","kod_sprav":"2 MČ Praha 2","aktualizace":"2025-02-01","globalid":"{AD35E45E-F79B-4B28-B95B-67BDC148E8A7}"}},{"geometry":{"type":"Point","coordinates":[14.4386254,50.0720479]},"type":"Feature","properties":{"natural":"tree","kod_sprav":"2 MČ Praha 2","aktualizace":"2025-02-01","globalid":"{7B18C928-538A-4457-A666-797F8DEDF664}"}},{"geometry":{"type":"Point","coordinates":[14.4406284,50.0742413]},"type":"Feature","properties":{"natural":"tree","kod_sprav":"2 MČ Praha 2","aktualizace":"2025-02-01","globalid":"{2E38F43D-1565-430E-96B6-BE7F80B3AAB4}"}},{"geometry":{"type":"Point","coordinates":[14.4386623,50.0720058]},"type":"Feature","properties":{"natural":"tree","kod_sprav":"2 MČ Praha 2","aktualizace":"2025-02-01","globalid":"{C8810A4E-D72C-40B6-AE10-EEB677217AC3}"}},{"geometry":{"type":"Point","coordinates":[14.440624,50.0742968]},"type":"Feature","properties":{"natural":"tree","kod_sprav":"2 MČ Praha 2","aktualizace":"2025-02-01","globalid":"{635CEF4F-D335-4318-BD03-05B4C70C1490}"}},{"geometry":{"type":"Point","coordinates":[14.4385557,50.0719679]},"type":"Feature","properties":{"natural":"tree","kod_sprav":"2 MČ Praha 2","aktualizace":"2025-02-01","globalid":"{F7750F37-857A-4744-B84C-1FC0F2C8500A}"}},{"geometry":{"type":"Point","coordinates":[14.4369623,50.0719977]},"type":"Feature","properties":{"natural":"tree","kod_sprav":"2 MČ Praha 2","aktualizace":"2025-02-01","globalid":"{D253971C-D948-483C-AFE1-476955811604}"}},{"geometry":{"type":"Point","coordinates":[14.436867,50.0719635]},"type":"Feature","properties":{"natural":"tree","kod_sprav":"2 MČ Praha 2","aktualizace":"2025-02-01","globalid":"{10F46761-16B0-4022-9494-A1BADCBD063E}"}},{"geometry":{"type":"Point","coordinates":[14.4367672,50.0719295]},"type":"Feature","properties":{"natural":"tree","kod_sprav":"2 MČ Praha 2","aktualizace":"2025-02-01","globalid":"{EB4287DB-FABF-4D7E-B2F2-6D0B3A81DB97}"}},{"geometry":{"type":"Point","coordinates":[14.4366977,50.0744212]},"type":"Feature","properties":{"natural":"tree","kod_sprav":"2 MČ Praha 2","aktualizace":"2025-02-01","globalid":"{8B07B865-89D8-44B9-8123-0DB8FA9FB5CB}"}},{"geometry":{"type":"Point","coordinates":[14.4418519,50.072075]},"type":"Feature","properties":{"natural":"tree","kod_sprav":"2 MČ Praha 2","aktualizace":"2025-02-01","globalid":"{23065DF8-92F8-4FBF-9FEE-371936D9B123}"}},{"geometry":{"type":"Point","coordinates":[14.4365811,50.0743921]},"type":"Feature","properties":{"natural":"tree","kod_sprav":"2 MČ Praha 2","aktualizace":"2025-02-01","globalid":"{B2DC6945-BDA3-40EC-94FA-F86F1E2DE8C6}"}},{"geometry":{"type":"Point","coordinates":[14.4417653,50.0720368]},"type":"Feature","properties":{"natural":"tree","kod_sprav":"2 MČ Praha 2","aktualizace":"2025-02-01","globalid":"{523D3A51-863D-4015-BD54-40E277AFD377}"}},{"geometry":{"type":"Point","coordinates":[14.4365441,50.0744379]},"type":"Feature","properties":{"natural":"tree","kod_sprav":"2 MČ Praha 2","aktualizace":"2025-02-01","globalid":"{ED8E8E12-0E43-4AF8-85A1-38ECF1922394}"}},{"geometry":{"type":"Point","coordinates":[14.4416842,50.0719976]},"type":"Feature","properties":{"natural":"tree","kod_sprav":"2 MČ Praha 2","aktualizace":"2025-02-01","globalid":"{684F25EB-F0FE-4F37-94B5-84885D7A5DEB}"}},{"geometry":{"type":"Point","coordinates":[14.4364882,50.0745083]},"type":"Feature","properties":{"natural":"tree","kod_sprav":"2 MČ Praha 2","aktualizace":"2025-02-01","globalid":"{0EE0E66C-5793-4A78-822A-6EE52637C588}"}},{"geometry":{"type":"Point","coordinates":[14.4416144,50.0719684]},"type":"Feature","properties":{"natural":"tree","kod_sprav":"2 MČ Praha 2","aktualizace":"2025-02-01","globalid":"{4C59DBFF-FA44-4458-A015-D28A4A48E62D}"}},{"geometry":{"type":"Point","coordinates":[14.4367417,50.0743689]},"type":"Feature","properties":{"natural":"tree","kod_sprav":"2 MČ Praha 2","aktualizace":"2025-02-01","globalid":"{EE87F746-5F83-4A57-8DF3-1B1FF14C396A}"}},{"geometry":{"type":"Point","coordinates":[14.4415276,50.0719298]},"type":"Feature","properties":{"natural":"tree","kod_sprav":"2 MČ Praha 2","aktualizace":"2025-02-01","globalid":"{54ECC50B-EE08-40B4-B3EB-392DA807E731}"}},{"geometry":{"type":"Point","coordinates":[14.4366523,50.0743059]},"type":"Feature","properties":{"natural":"tree","kod_sprav":"2 MČ Praha 2","aktualizace":"2025-02-01","globalid":"{76563128-05CE-4785-8869-89C16F9D9403}"}},{"geometry":{"type":"Point","coordinates":[14.4414514,50.0718952]},"type":"Feature","properties":{"natural":"tree","kod_sprav":"2 MČ Praha 2","aktualizace":"2025-02-01","globalid":"{AA013CDA-F36F-4403-B62F-CF35CD2B9546}"}},{"geometry":{"type":"Point","coordinates":[14.4367148,50.0742298]},"type":"Feature","properties":{"natural":"tree","kod_sprav":"2 MČ Praha 2","aktualizace":"2025-02-01","globalid":"{9D15F4BF-59F7-4A9E-9A3E-9772F77B1F5F}"}},{"geometry":{"type":"Point","coordinates":[14.4409212,50.0727365]},"type":"Feature","properties":{"natural":"tree","kod_sprav":"2 MČ Praha 2","aktualizace":"2025-02-01","globalid":"{FC16F956-029E-4FF8-9B30-A16044355CD6}"}},{"geometry":{"type":"Point","coordinates":[14.4409741,50.0726671]},"type":"Feature","properties":{"natural":"tree","kod_sprav":"2 MČ Praha 2","aktualizace":"2025-02-01","globalid":"{0C366219-3DDF-4412-B2BA-11F6351AB399}"}},{"geometry":{"type":"Point","coordinates":[14.444202,50.0710768]},"type":"Feature","properties":{"natural":"tree","kod_sprav":"2 MČ Praha 2","aktualizace":"2025-02-01","globalid":"{61354550-7541-4BD3-85F8-2F73DB4125DA}"}},{"geometry":{"type":"Point","coordinates":[14.4409897,50.0727653]},"type":"Feature","properties":{"natural":"tree","kod_sprav":"2 MČ Praha 2","aktualizace":"2025-02-01","globalid":"{F192E082-4F7A-4970-B956-51BC2C8F0161}"}},{"geometry":{"type":"Point","coordinates":[14.4441311,50.0711131]},"type":"Feature","properties":{"natural":"tree","kod_sprav":"2 MČ Praha 2","aktualizace":"2025-02-01","globalid":"{3E830AAC-5EF8-4A17-B2CB-9475E662671C}"}},{"geometry":{"type":"Point","coordinates":[14.4411009,50.0728175]},"type":"Feature","properties":{"natural":"tree","kod_sprav":"2 MČ Praha 2","aktualizace":"2025-02-01","globalid":"{4AD436AA-DFBB-49C6-B475-1CA44059BED5}"}},{"geometry":{"type":"Point","coordinates":[14.444037,50.0711577]},"type":"Feature","properties":{"natural":"tree","kod_sprav":"2 MČ Praha 2","aktualizace":"2025-02-01","globalid":"{7346BA06-100F-487B-8263-EDC89781B16D}"}},{"geometry":{"type":"Point","coordinates":[14.4425212,50.0723825]},"type":"Feature","properties":{"natural":"tree","kod_sprav":"2 MČ Praha 2","aktualizace":"2025-02-01","globalid":"{81BACD15-4C82-464C-841D-B6CAAB86CA97}"}},{"geometry":{"type":"Point","coordinates":[14.4412083,50.0727698]},"type":"Feature","properties":{"natural":"tree","kod_sprav":"2 MČ Praha 2","aktualizace":"2025-02-01","globalid":"{C41ABC6C-7406-43BE-B09A-F98273FA37ED}"}},{"geometry":{"type":"Point","coordinates":[14.4366763,50.0718964]},"type":"Feature","properties":{"natural":"tree","kod_sprav":"2 MČ Praha 2","aktualizace":"2025-02-01","globalid":"{4C3BDE27-1F28-4430-A3AA-82CD0D44F29A}"}},{"geometry":{"type":"Point","coordinates":[14.4386224,50.0725016]},"type":"Feature","properties":{"natural":"tree","kod_sprav":"2 MČ Praha 2","aktualizace":"2025-02-01","globalid":"{DD911317-B2C3-4B65-841F-4D4BDB6B8D96}"}},{"geometry":{"type":"Point","coordinates":[14.4387547,50.0725495]},"type":"Feature","properties":{"natural":"tree","kod_sprav":"2 MČ Praha 2","aktualizace":"2025-02-01","globalid":"{51086BC5-3ED6-40C7-93E7-925C4455DD0E}"}},{"geometry":{"type":"Point","coordinates":[14.4388582,50.0725863]},"type":"Feature","properties":{"natural":"tree","kod_sprav":"2 MČ Praha 2","aktualizace":"2025-02-01","globalid":"{131A50B9-D125-46B3-8D8C-3CFA33D6A3C0}"}},{"geometry":{"type":"Point","coordinates":[14.4389495,50.0726188]},"type":"Feature","properties":{"natural":"tree","kod_sprav":"2 MČ Praha 2","aktualizace":"2025-02-01","globalid":"{286AD189-E532-4BD5-BEBC-501DB243126C}"}},{"geometry":{"type":"Point","coordinates":[14.439051,50.0726557]},"type":"Feature","properties":{"natural":"tree","kod_sprav":"2 MČ Praha 2","aktualizace":"2025-02-01","globalid":"{478DC16A-A3F7-4559-998B-0D89814B1DD7}"}},{"geometry":{"type":"Point","coordinates":[14.4389413,50.0727033]},"type":"Feature","properties":{"natural":"tree","kod_sprav":"2 MČ Praha 2","aktualizace":"2025-02-01","globalid":"{DE1F2FBE-C176-45D7-AA8E-A9DC85D75DD0}"}},{"geometry":{"type":"Point","coordinates":[14.4388453,50.072669]},"type":"Feature","properties":{"natural":"tree","kod_sprav":"2 MČ Praha 2","aktualizace":"2025-02-01","globalid":"{70A55BAB-0BA7-4557-B2A5-BE51B105994A}"}},{"geometry":{"type":"Point","coordinates":[14.4386923,50.0726154]},"type":"Feature","properties":{"natural":"tree","kod_sprav":"2 MČ Praha 2","aktualizace":"2025-02-01","globalid":"{6C67EE24-8BDB-42E2-A2D3-EEBC2B9DF272}"}},{"geometry":{"type":"Point","coordinates":[14.4385648,50.0725692]},"type":"Feature","properties":{"natural":"tree","kod_sprav":"2 MČ Praha 2","aktualizace":"2025-02-01","globalid":"{273B5C2A-43CF-4C79-AE48-7AFD1373C64A}"}},{"geometry":{"type":"Point","coordinates":[14.4393687,50.0729082]},"type":"Feature","properties":{"natural":"tree","kod_sprav":"2 MČ Praha 2","aktualizace":"2025-02-01","globalid":"{AFFE5787-910A-4675-B902-D91451F5716D}"}},{"geometry":{"type":"Point","coordinates":[14.4394338,50.0728435]},"type":"Feature","properties":{"natural":"tree","kod_sprav":"2 MČ Praha 2","aktualizace":"2025-02-01","globalid":"{7CDBA9EF-6F61-4486-8C68-21ACD747EB89}"}},{"geometry":{"type":"Point","coordinates":[14.4400405,50.0711329]},"type":"Feature","properties":{"natural":"tree","kod_sprav":"2 MČ Praha 2","aktualizace":"2025-02-01","globalid":"{3189EBFA-71CF-4EB0-9F78-2C426054DDCC}"}},{"geometry":{"type":"Point","coordinates":[14.4375913,50.0731582]},"type":"Feature","properties":{"natural":"tree","kod_sprav":"2 MČ Praha 2","aktualizace":"2025-02-01","globalid":"{FBE41A2C-9A56-4CAB-A427-D2A1BCEA5832}"}},{"geometry":{"type":"Point","coordinates":[14.4401128,50.0711668]},"type":"Feature","properties":{"natural":"tree","kod_sprav":"2 MČ Praha 2","aktualizace":"2025-02-01","globalid":"{019D7FC6-0E8C-425D-9022-7F3736A7ED57}"}},{"geometry":{"type":"Point","coordinates":[14.4376336,50.0731061]},"type":"Feature","properties":{"natural":"tree","kod_sprav":"2 MČ Praha 2","aktualizace":"2025-02-01","globalid":"{CC307558-311B-48E3-B3B4-736223573548}"}},{"geometry":{"type":"Point","coordinates":[14.4401854,50.0711987]},"type":"Feature","properties":{"natural":"tree","kod_sprav":"2 MČ Praha 2","aktualizace":"2025-02-01","globalid":"{E19E0F93-A070-4CA9-A435-6579378F47BF}"}},{"geometry":{"type":"Point","coordinates":[14.44577,50.0747542]},"type":"Feature","properties":{"natural":"tree","kod_sprav":"2 MČ Praha 2","aktualizace":"2025-02-01","globalid":"{155FC216-8B93-4CEF-9E60-12608BDA0866}"}},{"geometry":{"type":"Point","coordinates":[14.4459229,50.0746396]},"type":"Feature","properties":{"natural":"tree","kod_sprav":"2 MČ Praha 2","aktualizace":"2025-02-01","globalid":"{C9874683-1105-409C-B2F9-DEBB9C3F61B0}"}},{"geometry":{"type":"Point","coordinates":[14.4459135,50.0747139]},"type":"Feature","properties":{"natural":"tree","kod_sprav":"2 MČ Praha 2","aktualizace":"2025-02-01","globalid":"{64DEEBE7-83EB-481B-B502-DC4A7ACBA530}"}},{"geometry":{"type":"Point","coordinates":[14.4436622,50.0743727]},"type":"Feature","properties":{"natural":"tree","kod_sprav":"2 MČ Praha 2","aktualizace":"2025-02-01","globalid":"{76DD44E5-8911-49E0-98A8-A638EEFE18B9}"}},{"geometry":{"type":"Point","coordinates":[14.4433815,50.0711292]},"type":"Feature","properties":{"natural":"tree","kod_sprav":"2 MČ Praha 2","aktualizace":"2025-02-01","globalid":"{7070A630-C0E1-4DC2-80C6-ACE75BA659CF}"}},{"geometry":{"type":"Point","coordinates":[14.4430006,50.0709549]},"type":"Feature","properties":{"natural":"tree","kod_sprav":"2 MČ Praha 2","aktualizace":"2025-02-01","globalid":"{7AED52BB-96FB-4803-9AF1-9D5F42160E50}"}},{"geometry":{"type":"Point","coordinates":[14.4432845,50.071085]},"type":"Feature","properties":{"natural":"tree","kod_sprav":"2 MČ Praha 2","aktualizace":"2025-02-01","globalid":"{5C7DCE3D-79DE-4298-9C07-0638273D92D9}"}},{"geometry":{"type":"Point","coordinates":[14.4435638,50.0743712]},"type":"Feature","properties":{"natural":"tree","kod_sprav":"2 MČ Praha 2","aktualizace":"2025-02-01","globalid":"{B9F897C2-EF87-4257-B3F6-E36B2B0A7444}"}},{"geometry":{"type":"Point","coordinates":[14.4436186,50.0712361]},"type":"Feature","properties":{"natural":"tree","kod_sprav":"2 MČ Praha 2","aktualizace":"2025-02-01","globalid":"{CEE98868-F183-43BE-9ED1-BB667BEF8379}"}},{"geometry":{"type":"Point","coordinates":[14.4437575,50.0744655]},"type":"Feature","properties":{"natural":"tree","kod_sprav":"2 MČ Praha 2","aktualizace":"2025-02-01","globalid":"{89BEAA94-7B97-425E-8CFF-A0E4B85DF7F6}"}},{"geometry":{"type":"Point","coordinates":[14.4434595,50.0711664]},"type":"Feature","properties":{"natural":"tree","kod_sprav":"2 MČ Praha 2","aktualizace":"2025-02-01","globalid":"{A8388F7C-79FE-44DC-91FB-D169501D9F74}"}},{"geometry":{"type":"Point","coordinates":[14.4435306,50.0744655]},"type":"Feature","properties":{"natural":"tree","kod_sprav":"2 MČ Praha 2","aktualizace":"2025-02-01","globalid":"{597809A5-ED88-44A9-8042-A1F0B68CD61D}"}},{"geometry":{"type":"Point","coordinates":[14.4436437,50.0744645]},"type":"Feature","properties":{"natural":"tree","kod_sprav":"2 MČ Praha 2","aktualizace":"2025-02-01","globalid":"{41BBC893-97A6-4F7B-A93E-E3E24EDF4B7F}"}},{"geometry":{"type":"Point","coordinates":[14.4445578,50.0743788]},"type":"Feature","properties":{"natural":"tree","kod_sprav":"2 MČ Praha 2","aktualizace":"2025-02-01","globalid":"{8562D4E9-8139-4B93-8C8B-86D5E95B44C5}"}},{"geometry":{"type":"Point","coordinates":[14.4380451,50.0714309]},"type":"Feature","properties":{"natural":"tree","kod_sprav":"2 MČ Praha 2","aktualizace":"2025-02-01","globalid":"{B9214D37-02CF-424C-9679-92FBEB9BBC8B}"}},{"geometry":{"type":"Point","coordinates":[14.4416339,50.0707922]},"type":"Feature","properties":{"natural":"tree","kod_sprav":"2 MČ Praha 2","aktualizace":"2025-02-01","globalid":"{5F13D55D-07FA-4A97-BF62-988D0AB22319}"}},{"geometry":{"type":"Point","coordinates":[14.4417224,50.0707113]},"type":"Feature","properties":{"natural":"tree","kod_sprav":"2 MČ Praha 2","aktualizace":"2025-02-01","globalid":"{E11D18A1-0D03-4429-9101-818EF64EF18E}"}},{"geometry":{"type":"Point","coordinates":[14.4417686,50.0706707]},"type":"Feature","properties":{"natural":"tree","kod_sprav":"2 MČ Praha 2","aktualizace":"2025-02-01","globalid":"{11C1AAC3-C6B0-43FF-88EF-D66F569B0F68}"}},{"geometry":{"type":"Point","coordinates":[14.4360024,50.0704169]},"type":"Feature","properties":{"natural":"tree","kod_sprav":"2 MČ Praha 2","aktualizace":"2025-02-01","globalid":"{6C4BC2D2-882C-404C-B193-407467761C18}"}},{"geometry":{"type":"Point","coordinates":[14.4433987,50.0744661]},"type":"Feature","properties":{"natural":"tree","kod_sprav":"2 MČ Praha 2","aktualizace":"2025-02-01","globalid":"{7B3D65E4-45F4-4F08-BDBD-448EE3490405}"}},{"geometry":{"type":"Point","coordinates":[14.4433386,50.074465]},"type":"Feature","properties":{"natural":"tree","kod_sprav":"2 MČ Praha 2","aktualizace":"2025-02-01","globalid":"{CD21E717-F458-405D-9166-796F9CAA4DAD}"}},{"geometry":{"type":"Point","coordinates":[14.440273,50.0712394]},"type":"Feature","properties":{"natural":"tree","kod_sprav":"2 MČ Praha 2","aktualizace":"2025-02-01","globalid":"{26FEA91C-D9AF-459E-953F-C6C5FC1831BF}"}},{"geometry":{"type":"Point","coordinates":[14.4376894,50.0730354]},"type":"Feature","properties":{"natural":"tree","kod_sprav":"2 MČ Praha 2","aktualizace":"2025-02-01","globalid":"{3952418F-F531-4C73-9F03-AEA5F0CC1CB8}"}},{"geometry":{"type":"Point","coordinates":[14.4400491,50.073656]},"type":"Feature","properties":{"natural":"tree","kod_sprav":"2 MČ Praha 2","aktualizace":"2025-02-01","globalid":"{587069B0-ACF8-4301-880D-63A9AB096F98}"}},{"geometry":{"type":"Point","coordinates":[14.4377193,50.0730005]},"type":"Feature","properties":{"natural":"tree","kod_sprav":"2 MČ Praha 2","aktualizace":"2025-02-01","globalid":"{4E7B406D-AFB0-491C-8615-58DAE90ECE8E}"}},{"geometry":{"type":"Point","coordinates":[14.4399346,50.0737049]},"type":"Feature","properties":{"natural":"tree","kod_sprav":"2 MČ Praha 2","aktualizace":"2025-02-01","globalid":"{2C251F6F-F7CE-45DA-B92F-93FF34082E59}"}},{"geometry":{"type":"Point","coordinates":[14.4378159,50.0730321]},"type":"Feature","properties":{"natural":"tree","kod_sprav":"2 MČ Praha 2","aktualizace":"2025-02-01","globalid":"{6DCF3CBE-25A8-4068-B0CF-8E124A3A979F}"}},{"geometry":{"type":"Point","coordinates":[14.4396595,50.0738219]},"type":"Feature","properties":{"natural":"tree","kod_sprav":"2 MČ Praha 2","aktualizace":"2025-02-01","globalid":"{AACEB861-3F12-43A2-A37D-E4ADB324282A}"}},{"geometry":{"type":"Point","coordinates":[14.4378609,50.0728303]},"type":"Feature","properties":{"natural":"tree","kod_sprav":"2 MČ Praha 2","aktualizace":"2025-02-01","globalid":"{0AD7D49A-479E-4D96-B033-F8265810A73B}"}},{"geometry":{"type":"Point","coordinates":[14.4400803,50.0738025]},"type":"Feature","properties":{"natural":"tree","kod_sprav":"2 MČ Praha 2","aktualizace":"2025-02-01","globalid":"{F43A5595-F8B0-413B-8BC9-21935F0BD59E}"}},{"geometry":{"type":"Point","coordinates":[14.4380089,50.0728077]},"type":"Feature","properties":{"natural":"tree","kod_sprav":"2 MČ Praha 2","aktualizace":"2025-02-01","globalid":"{3B9FD8F2-682B-4D4B-9A6E-963F8913054B}"}},{"geometry":{"type":"Point","coordinates":[14.444945,50.0744752]},"type":"Feature","properties":{"natural":"tree","kod_sprav":"2 MČ Praha 2","aktualizace":"2025-02-01","globalid":"{ADE77553-20F1-4EFB-95EF-C1A9CE871533}"}},{"geometry":{"type":"Point","coordinates":[14.4381576,50.0714841]},"type":"Feature","properties":{"natural":"tree","kod_sprav":"2 MČ Praha 2","aktualizace":"2025-02-01","globalid":"{AB47DFB4-18F7-458A-9F01-3256F30452B2}"}},{"geometry":{"type":"Point","coordinates":[14.4450351,50.0744761]},"type":"Feature","properties":{"natural":"tree","kod_sprav":"2 MČ Praha 2","aktualizace":"2025-02-01","globalid":"{CBE0A456-88D7-4132-9FC5-8A5D3897654B}"}},{"geometry":{"type":"Point","coordinates":[14.438224,50.0714215]},"type":"Feature","properties":{"natural":"tree","kod_sprav":"2 MČ Praha 2","aktualizace":"2025-02-01","globalid":"{D0E7EF05-23E5-45BB-B50D-3D7279D89519}"}},{"geometry":{"type":"Point","coordinates":[14.4450239,50.0743818]},"type":"Feature","properties":{"natural":"tree","kod_sprav":"2 MČ Praha 2","aktualizace":"2025-02-01","globalid":"{B0E076AF-2DC3-4716-A048-172AFE43E8B5}"}},{"geometry":{"type":"Point","coordinates":[14.438405,50.0715045]},"type":"Feature","properties":{"natural":"tree","kod_sprav":"2 MČ Praha 2","aktualizace":"2025-02-01","globalid":"{B46AB043-6118-4269-838D-5E04A32E93A3}"}},{"geometry":{"type":"Point","coordinates":[14.4451341,50.0743806]},"type":"Feature","properties":{"natural":"tree","kod_sprav":"2 MČ Praha 2","aktualizace":"2025-02-01","globalid":"{7E4AE383-9363-4A64-BF6A-A69C1EDB8F1F}"}},{"geometry":{"type":"Point","coordinates":[14.4384358,50.0716071]},"type":"Feature","properties":{"natural":"tree","kod_sprav":"2 MČ Praha 2","aktualizace":"2025-02-01","globalid":"{3354311D-B7AB-48F9-88DE-BDBF14C74659}"}},{"geometry":{"type":"Point","coordinates":[14.4452162,50.0744778]},"type":"Feature","properties":{"natural":"tree","kod_sprav":"2 MČ Praha 2","aktualizace":"2025-02-01","globalid":"{FBDDB149-F774-4963-ADC8-473525B4F6F8}"}},{"geometry":{"type":"Point","coordinates":[14.4457109,50.0726866]},"type":"Feature","properties":{"natural":"tree","kod_sprav":"2 MČ Praha 2","aktualizace":"2025-02-01","globalid":"{4D3F2A6B-66DC-4AAA-BDC8-7DEFF857913D}"}},{"geometry":{"type":"Point","coordinates":[14.4386098,50.0715952]},"type":"Feature","properties":{"natural":"tree","kod_sprav":"2 MČ Praha 2","aktualizace":"2025-02-01","globalid":"{F5C3F799-B175-436E-8B73-453E55B610F3}"}},{"geometry":{"type":"Point","coordinates":[14.44529,50.0744783]},"type":"Feature","properties":{"natural":"tree","kod_sprav":"2 MČ Praha 2","aktualizace":"2025-02-01","globalid":"{8A45CC9D-744E-448E-90A0-18FA016A42B8}"}},{"geometry":{"type":"Point","coordinates":[14.4456221,50.0726842]},"type":"Feature","properties":{"natural":"tree","kod_sprav":"2 MČ Praha 2","aktualizace":"2025-02-01","globalid":"{3F1C543F-037B-4112-8299-50AEDC63BA04}"}},{"geometry":{"type":"Point","coordinates":[14.4386232,50.0716946]},"type":"Feature","properties":{"natural":"tree","kod_sprav":"2 MČ Praha 2","aktualizace":"2025-02-01","globalid":"{F3CCF4CE-15BA-457E-8D8D-9A53FDB4D57E}"}},{"geometry":{"type":"Point","coordinates":[14.4406248,50.0745093]},"type":"Feature","properties":{"natural":"tree","kod_sprav":"2 MČ Praha 2","aktualizace":"2025-02-01","globalid":"{6961B1C4-9E46-46C1-B77F-DE8E9093EC06}"}},{"geometry":{"type":"Point","coordinates":[14.4386942,50.0719675]},"type":"Feature","properties":{"natural":"tree","kod_sprav":"2 MČ Praha 2","aktualizace":"2025-02-01","globalid":"{692E396B-A124-4E86-8065-E06EC3C59C9A}"}},{"geometry":{"type":"Point","coordinates":[14.4406155,50.0707904]},"type":"Feature","properties":{"natural":"tree","kod_sprav":"2 MČ Praha 2","aktualizace":"2025-02-01","globalid":"{A55E048F-D7A1-4150-85FD-864942DD180A}"}},{"geometry":{"type":"Point","coordinates":[14.4408798,50.0709122]},"type":"Feature","properties":{"natural":"tree","kod_sprav":"2 MČ Praha 2","aktualizace":"2025-02-01","globalid":"{46DD25E6-2A58-4550-A7CE-C272A789AE61}"}},{"geometry":{"type":"Point","coordinates":[14.4409666,50.0709488]},"type":"Feature","properties":{"natural":"tree","kod_sprav":"2 MČ Praha 2","aktualizace":"2025-02-01","globalid":"{06A84F81-1FAC-44B3-A8C5-44D4E590FF7C}"}},{"geometry":{"type":"Point","coordinates":[14.4409944,50.0708638]},"type":"Feature","properties":{"natural":"tree","kod_sprav":"2 MČ Praha 2","aktualizace":"2025-02-01","globalid":"{2690E8BA-FEB3-4B10-B218-CE776C9472E6}"}},{"geometry":{"type":"Point","coordinates":[14.4410763,50.0709004]},"type":"Feature","properties":{"natural":"tree","kod_sprav":"2 MČ Praha 2","aktualizace":"2025-02-01","globalid":"{F0F1E8E0-07A3-4109-AF64-3AD726FF9640}"}},{"geometry":{"type":"Point","coordinates":[14.4411503,50.070932]},"type":"Feature","properties":{"natural":"tree","kod_sprav":"2 MČ Praha 2","aktualizace":"2025-02-01","globalid":"{A2340853-1F63-4384-8B22-6F01085C19F6}"}},{"geometry":{"type":"Point","coordinates":[14.4407509,50.070751]},"type":"Feature","properties":{"natural":"tree","kod_sprav":"2 MČ Praha 2","aktualizace":"2025-02-01","globalid":"{10F23FF1-D3BA-425A-93F8-FF375625D9EE}"}},{"geometry":{"type":"Point","coordinates":[14.4415126,50.0710941]},"type":"Feature","properties":{"natural":"tree","kod_sprav":"2 MČ Praha 2","aktualizace":"2025-02-01","globalid":"{501F649A-9F0B-4905-81DC-6DF9218D5949}"}},{"geometry":{"type":"Point","coordinates":[14.4416856,50.0711748]},"type":"Feature","properties":{"natural":"tree","kod_sprav":"2 MČ Praha 2","aktualizace":"2025-02-01","globalid":"{8137159A-EFDA-48F9-9A44-5BA2E68D24BD}"}},{"geometry":{"type":"Point","coordinates":[14.4417793,50.0712167]},"type":"Feature","properties":{"natural":"tree","kod_sprav":"2 MČ Praha 2","aktualizace":"2025-02-01","globalid":"{8243E964-714D-43C3-8556-D88B82E68579}"}},{"geometry":{"type":"Point","coordinates":[14.4420057,50.0713224]},"type":"Feature","properties":{"natural":"tree","kod_sprav":"2 MČ Praha 2","aktualizace":"2025-02-01","globalid":"{A4767773-5E40-4A6A-9A8B-0E56DBFCEBC8}"}},{"geometry":{"type":"Point","coordinates":[14.4455745,50.0744806]},"type":"Feature","properties":{"natural":"tree","kod_sprav":"2 MČ Praha 2","aktualizace":"2025-02-01","globalid":"{49AD16FB-2358-4ACE-9061-FC7A310ECC20}"}},{"geometry":{"type":"Point","coordinates":[14.4448221,50.0726788]},"type":"Feature","properties":{"natural":"tree","kod_sprav":"2 MČ Praha 2","aktualizace":"2025-02-01","globalid":"{5860BB7D-C86F-4766-8AD8-AD53B8FED5FD}"}},{"geometry":{"type":"Point","coordinates":[14.4393847,50.0719458]},"type":"Feature","properties":{"natural":"tree","kod_sprav":"2 MČ Praha 2","aktualizace":"2025-02-01","globalid":"{B7200685-054B-4DD6-B1AC-483672B38F63}"}},{"geometry":{"type":"Point","coordinates":[14.4447381,50.0726785]},"type":"Feature","properties":{"natural":"tree","kod_sprav":"2 MČ Praha 2","aktualizace":"2025-02-01","globalid":"{CB5D1D58-B8D1-4DF0-8F63-9B3681462AB7}"}},{"geometry":{"type":"Point","coordinates":[14.4391006,50.0719111]},"type":"Feature","properties":{"natural":"tree","kod_sprav":"2 MČ Praha 2","aktualizace":"2025-02-01","globalid":"{492D9A27-4D4C-4162-AE24-BC8DF04A2E1B}"}},{"geometry":{"type":"Point","coordinates":[14.4446288,50.0726784]},"type":"Feature","properties":{"natural":"tree","kod_sprav":"2 MČ Praha 2","aktualizace":"2025-02-01","globalid":"{E06E0EAE-8B09-48B8-8585-E42702E34183}"}},{"geometry":{"type":"Point","coordinates":[14.4392207,50.0719659]},"type":"Feature","properties":{"natural":"tree","kod_sprav":"2 MČ Praha 2","aktualizace":"2025-02-01","globalid":"{E3F989E2-DA6A-4EC5-A41A-AF38D746557B}"}},{"geometry":{"type":"Point","coordinates":[14.444518,50.0726778]},"type":"Feature","properties":{"natural":"tree","kod_sprav":"2 MČ Praha 2","aktualizace":"2025-02-01","globalid":"{6FD06DD4-52D0-4C2C-83D0-0D8ACAD6F52E}"}},{"geometry":{"type":"Point","coordinates":[14.4393142,50.0720098]},"type":"Feature","properties":{"natural":"tree","kod_sprav":"2 MČ Praha 2","aktualizace":"2025-02-01","globalid":"{33682AA0-0253-470E-A453-2CDBC66DFB2E}"}},{"geometry":{"type":"Point","coordinates":[14.4444203,50.0726755]},"type":"Feature","properties":{"natural":"tree","kod_sprav":"2 MČ Praha 2","aktualizace":"2025-02-01","globalid":"{7160369A-76D0-4540-8C7B-A69CF575626B}"}},{"geometry":{"type":"Point","coordinates":[14.4394255,50.0720617]},"type":"Feature","properties":{"natural":"tree","kod_sprav":"2 MČ Praha 2","aktualizace":"2025-02-01","globalid":"{384E7935-A7DA-4A6E-8562-ED572A92F84D}"}},{"geometry":{"type":"Point","coordinates":[14.4443144,50.0726775]},"type":"Feature","properties":{"natural":"tree","kod_sprav":"2 MČ Praha 2","aktualizace":"2025-02-01","globalid":"{A128F833-B91F-42F3-896A-F9F8824C4DB9}"}},{"geometry":{"type":"Point","coordinates":[14.4395707,50.0720298]},"type":"Feature","properties":{"natural":"tree","kod_sprav":"2 MČ Praha 2","aktualizace":"2025-02-01","globalid":"{96C1D4A9-A353-4404-B7B6-18D4210ED88E}"}},{"geometry":{"type":"Point","coordinates":[14.4399171,50.0738679]},"type":"Feature","properties":{"natural":"tree","kod_sprav":"2 MČ Praha 2","aktualizace":"2025-02-01","globalid":"{DEBB7838-866D-410E-8723-DC801E2E7290}"}},{"geometry":{"type":"Point","coordinates":[14.4389165,50.0741384]},"type":"Feature","properties":{"natural":"tree","kod_sprav":"2 MČ Praha 2","aktualizace":"2025-02-01","globalid":"{DB50059A-D993-45D0-9E30-80AB343414C5}"}},{"geometry":{"type":"Point","coordinates":[14.4381374,50.0726458]},"type":"Feature","properties":{"natural":"tree","kod_sprav":"2 MČ Praha 2","aktualizace":"2025-02-01","globalid":"{B708EA18-2103-47A6-9721-FD81CE01E11F}"}},{"geometry":{"type":"Point","coordinates":[14.4390817,50.074068]},"type":"Feature","properties":{"natural":"tree","kod_sprav":"2 MČ Praha 2","aktualizace":"2025-02-01","globalid":"{FD46C767-63F3-4F35-833F-F1FC4B7B6E51}"}},{"geometry":{"type":"Point","coordinates":[14.4406257,50.0746113]},"type":"Feature","properties":{"natural":"tree","kod_sprav":"2 MČ Praha 2","aktualizace":"2025-02-01","globalid":"{82C3377A-12AD-4151-8811-AD838810AD86}"}},{"geometry":{"type":"Point","coordinates":[14.4386238,50.0718805]},"type":"Feature","properties":{"natural":"tree","kod_sprav":"2 MČ Praha 2","aktualizace":"2025-02-01","globalid":"{2F429790-31E3-4262-AE43-E5538596A623}"}},{"geometry":{"type":"Point","coordinates":[14.4406238,50.0746644]},"type":"Feature","properties":{"natural":"tree","kod_sprav":"2 MČ Praha 2","aktualizace":"2025-02-01","globalid":"{9D57543E-C67E-4EA6-BA81-E169130B32B2}"}},{"geometry":{"type":"Point","coordinates":[14.43866,50.0718366]},"type":"Feature","properties":{"natural":"tree","kod_sprav":"2 MČ Praha 2","aktualizace":"2025-02-01","globalid":"{0513FA62-B9A4-44FF-8BCC-BD308D91C9AD}"}},{"geometry":{"type":"Point","coordinates":[14.4406242,50.0747153]},"type":"Feature","properties":{"natural":"tree","kod_sprav":"2 MČ Praha 2","aktualizace":"2025-02-01","globalid":"{1F4108B7-298B-4728-8266-4478208AACF8}"}},{"geometry":{"type":"Point","coordinates":[14.4387589,50.0718859]},"type":"Feature","properties":{"natural":"tree","kod_sprav":"2 MČ Praha 2","aktualizace":"2025-02-01","globalid":"{3CA710BE-FF16-4EDE-89BA-44FF38A2422D}"}},{"geometry":{"type":"Point","coordinates":[14.4406226,50.0747614]},"type":"Feature","properties":{"natural":"tree","kod_sprav":"2 MČ Praha 2","aktualizace":"2025-02-01","globalid":"{174A9F58-CEE4-4DEB-86A4-61718AFE6FDA}"}},{"geometry":{"type":"Point","coordinates":[14.4386899,50.0717974]},"type":"Feature","properties":{"natural":"tree","kod_sprav":"2 MČ Praha 2","aktualizace":"2025-02-01","globalid":"{DA4167C6-5EB4-4F28-B40A-1F5A6EC40AF5}"}},{"geometry":{"type":"Point","coordinates":[14.4406229,50.0748086]},"type":"Feature","properties":{"natural":"tree","kod_sprav":"2 MČ Praha 2","aktualizace":"2025-02-01","globalid":"{62EC5D46-FA0C-41B8-A2E4-6930835C8550}"}},{"geometry":{"type":"Point","coordinates":[14.4388587,50.0715991]},"type":"Feature","properties":{"natural":"tree","kod_sprav":"2 MČ Praha 2","aktualizace":"2025-02-01","globalid":"{02FB35DE-D372-4ABC-B88F-EB27D7B30528}"}},{"geometry":{"type":"Point","coordinates":[14.4406208,50.0749139]},"type":"Feature","properties":{"natural":"tree","kod_sprav":"2 MČ Praha 2","aktualizace":"2025-02-01","globalid":"{A35A81A1-DE42-482C-A713-153D2A9E0805}"}},{"geometry":{"type":"Point","coordinates":[14.4389666,50.0716355]},"type":"Feature","properties":{"natural":"tree","kod_sprav":"2 MČ Praha 2","aktualizace":"2025-02-01","globalid":"{4C400964-43D7-49B8-ACBE-0C12529B4B41}"}},{"geometry":{"type":"Point","coordinates":[14.4404854,50.0748248]},"type":"Feature","properties":{"natural":"tree","kod_sprav":"2 MČ Praha 2","aktualizace":"2025-02-01","globalid":"{0AD4FF9E-3605-4111-B57D-F01A6DA50C49}"}},{"geometry":{"type":"Point","coordinates":[14.4394887,50.0728876]},"type":"Feature","properties":{"natural":"tree","kod_sprav":"2 MČ Praha 2","aktualizace":"2025-02-01","globalid":"{C8F74481-4E46-462B-95F9-364A61C04F7D}"}},{"geometry":{"type":"Point","coordinates":[14.4395908,50.0729638]},"type":"Feature","properties":{"natural":"tree","kod_sprav":"2 MČ Praha 2","aktualizace":"2025-02-01","globalid":"{32AC1F7D-4B86-4CB3-9E55-AB982CB0026E}"}},{"geometry":{"type":"Point","coordinates":[14.4413708,50.0718564]},"type":"Feature","properties":{"natural":"tree","kod_sprav":"2 MČ Praha 2","aktualizace":"2025-02-01","globalid":"{CCA03911-CC25-4DE1-AE16-4756CE597548}"}},{"geometry":{"type":"Point","coordinates":[14.4368511,50.0740683]},"type":"Feature","properties":{"natural":"tree","kod_sprav":"2 MČ Praha 2","aktualizace":"2025-02-01","globalid":"{65F3519C-E468-41F2-9ABD-6158FCD849CB}"}},{"geometry":{"type":"Point","coordinates":[14.4411942,50.0717771]},"type":"Feature","properties":{"natural":"tree","kod_sprav":"2 MČ Praha 2","aktualizace":"2025-02-01","globalid":"{15EBC8BB-29C2-4F1A-8F5F-22DD751071CA}"}},{"geometry":{"type":"Point","coordinates":[14.4369317,50.0739661]},"type":"Feature","properties":{"natural":"tree","kod_sprav":"2 MČ Praha 2","aktualizace":"2025-02-01","globalid":"{020E57D4-541B-4C8E-9D45-4009D7151193}"}},{"geometry":{"type":"Point","coordinates":[14.4412825,50.0718179]},"type":"Feature","properties":{"natural":"tree","kod_sprav":"2 MČ Praha 2","aktualizace":"2025-02-01","globalid":"{05DB1FDB-26C5-4F82-A118-C34A8D65B4CE}"}},{"geometry":{"type":"Point","coordinates":[14.4369764,50.0739123]},"type":"Feature","properties":{"natural":"tree","kod_sprav":"2 MČ Praha 2","aktualizace":"2025-02-01","globalid":"{85410214-87A2-445B-9706-DBFEAB9184B7}"}},{"geometry":{"type":"Point","coordinates":[14.4411147,50.0717396]},"type":"Feature","properties":{"natural":"tree","kod_sprav":"2 MČ Praha 2","aktualizace":"2025-02-01","globalid":"{6D923A30-142E-4065-B5E4-F85032C9CC01}"}},{"geometry":{"type":"Point","coordinates":[14.4370246,50.0738553]},"type":"Feature","properties":{"natural":"tree","kod_sprav":"2 MČ Praha 2","aktualizace":"2025-02-01","globalid":"{2E8EAADE-6530-484B-B719-08B0572513FC}"}},{"geometry":{"type":"Point","coordinates":[14.4410247,50.0716988]},"type":"Feature","properties":{"natural":"tree","kod_sprav":"2 MČ Praha 2","aktualizace":"2025-02-01","globalid":"{A51C0668-CB91-4124-99F4-F741EF09BFA8}"}},{"geometry":{"type":"Point","coordinates":[14.4370689,50.0737981]},"type":"Feature","properties":{"natural":"tree","kod_sprav":"2 MČ Praha 2","aktualizace":"2025-02-01","globalid":"{4E14156B-3AF5-4764-9E65-7AA3E1EBF162}"}},{"geometry":{"type":"Point","coordinates":[14.4409416,50.071661]},"type":"Feature","properties":{"natural":"tree","kod_sprav":"2 MČ Praha 2","aktualizace":"2025-02-01","globalid":"{DF523258-3CC2-4122-BF2C-B453A89ED48A}"}},{"geometry":{"type":"Point","coordinates":[14.4372791,50.0736996]},"type":"Feature","properties":{"natural":"tree","kod_sprav":"2 MČ Praha 2","aktualizace":"2025-02-01","globalid":"{C41CF6D9-7B80-4D11-AAD3-542C5756E390}"}},{"geometry":{"type":"Point","coordinates":[14.4408542,50.0716202]},"type":"Feature","properties":{"natural":"tree","kod_sprav":"2 MČ Praha 2","aktualizace":"2025-02-01","globalid":"{3CD2D5A5-9B18-4B3A-8A38-CD13750EA1FA}"}},{"geometry":{"type":"Point","coordinates":[14.4395405,50.0721112]},"type":"Feature","properties":{"natural":"tree","kod_sprav":"2 MČ Praha 2","aktualizace":"2025-02-01","globalid":"{B984FA61-A10E-48B7-AE4B-F0142FE99FAC}"}},{"geometry":{"type":"Point","coordinates":[14.4392927,50.0712394]},"type":"Feature","properties":{"natural":"tree","kod_sprav":"2 MČ Praha 2","aktualizace":"2025-02-01","globalid":"{342D50DD-71A1-4782-A79A-31906DD086FF}"}},{"geometry":{"type":"Point","coordinates":[14.4404673,50.0758288]},"type":"Feature","properties":{"natural":"tree","kod_sprav":"2 MČ Praha 2","aktualizace":"2025-02-01","globalid":"{4D6A8D4E-CA94-4A50-8ED0-CBF709F3A597}"}},{"geometry":{"type":"Point","coordinates":[14.439221,50.0711581]},"type":"Feature","properties":{"natural":"tree","kod_sprav":"2 MČ Praha 2","aktualizace":"2025-02-01","globalid":"{CDE14FA6-835B-47DD-BCCE-E1296A377ED2}"}},{"geometry":{"type":"Point","coordinates":[14.4406036,50.0758813]},"type":"Feature","properties":{"natural":"tree","kod_sprav":"2 MČ Praha 2","aktualizace":"2025-02-01","globalid":"{0C2876E4-B7D1-42A4-A159-7E80832736FF}"}},{"geometry":{"type":"Point","coordinates":[14.4406032,50.075628]},"type":"Feature","properties":{"natural":"tree","kod_sprav":"2 MČ Praha 2","aktualizace":"2025-02-01","globalid":"{684671A2-B3CA-42E0-A6D3-6A043F6625C5}"}},{"geometry":{"type":"Point","coordinates":[14.4406044,50.0754804]},"type":"Feature","properties":{"natural":"tree","kod_sprav":"2 MČ Praha 2","aktualizace":"2025-02-01","globalid":"{09185013-F7A5-40E7-93EE-9C54D173CF80}"}},{"geometry":{"type":"Point","coordinates":[14.4361082,50.0716075]},"type":"Feature","properties":{"natural":"tree","kod_sprav":"2 MČ Praha 2","aktualizace":"2025-02-01","globalid":"{2462158A-19A0-4121-817E-6E465F5F8008}"}},{"geometry":{"type":"Point","coordinates":[14.4362303,50.0716493]},"type":"Feature","properties":{"natural":"tree","kod_sprav":"2 MČ Praha 2","aktualizace":"2025-02-01","globalid":"{4B946E1A-8FF5-48FF-96F8-A04C4142ED8A}"}},{"geometry":{"type":"Point","coordinates":[14.4362834,50.0717593]},"type":"Feature","properties":{"natural":"tree","kod_sprav":"2 MČ Praha 2","aktualizace":"2025-02-01","globalid":"{8BB38717-C5C3-448A-AF79-940D47973B4F}"}},{"geometry":{"type":"Point","coordinates":[14.439653,50.0730124]},"type":"Feature","properties":{"natural":"tree","kod_sprav":"2 MČ Praha 2","aktualizace":"2025-02-01","globalid":"{D1C578CB-E11D-48A4-8E22-D4DD9CF08D30}"}},{"geometry":{"type":"Point","coordinates":[14.4395204,50.0730207]},"type":"Feature","properties":{"natural":"tree","kod_sprav":"2 MČ Praha 2","aktualizace":"2025-02-01","globalid":"{49017724-2FA6-477C-8B48-F449ABD91966}"}},{"geometry":{"type":"Point","coordinates":[14.439605,50.0730834]},"type":"Feature","properties":{"natural":"tree","kod_sprav":"2 MČ Praha 2","aktualizace":"2025-02-01","globalid":"{39623EEB-AF72-4FDB-A78F-5B62AC57E03D}"}},{"geometry":{"type":"Point","coordinates":[14.4396941,50.0731504]},"type":"Feature","properties":{"natural":"tree","kod_sprav":"2 MČ Praha 2","aktualizace":"2025-02-01","globalid":"{6EAC8BE8-E885-4CC0-8F49-41BFECF05760}"}},{"geometry":{"type":"Point","coordinates":[14.4397985,50.0731203]},"type":"Feature","properties":{"natural":"tree","kod_sprav":"2 MČ Praha 2","aktualizace":"2025-02-01","globalid":"{5256F13B-2F0A-491F-9AF9-C6A74BD9E585}"}},{"geometry":{"type":"Point","coordinates":[14.439887,50.0731861]},"type":"Feature","properties":{"natural":"tree","kod_sprav":"2 MČ Praha 2","aktualizace":"2025-02-01","globalid":"{C6973D3A-CF1D-4134-9DF0-E4193D2866CC}"}},{"geometry":{"type":"Point","coordinates":[14.4398213,50.0732461]},"type":"Feature","properties":{"natural":"tree","kod_sprav":"2 MČ Praha 2","aktualizace":"2025-02-01","globalid":"{E636C851-1363-4E8C-AFC0-E52C30098875}"}},{"geometry":{"type":"Point","coordinates":[14.4399715,50.0732487]},"type":"Feature","properties":{"natural":"tree","kod_sprav":"2 MČ Praha 2","aktualizace":"2025-02-01","globalid":"{5493C6DE-C508-4530-994C-B429C75FA53E}"}},{"geometry":{"type":"Point","coordinates":[14.4400175,50.0732841]},"type":"Feature","properties":{"natural":"tree","kod_sprav":"2 MČ Praha 2","aktualizace":"2025-02-01","globalid":"{79C230DA-5F09-48B2-9DBF-CBE301B7CF12}"}},{"geometry":{"type":"Point","coordinates":[14.4399318,50.0733283]},"type":"Feature","properties":{"natural":"tree","kod_sprav":"2 MČ Praha 2","aktualizace":"2025-02-01","globalid":"{8AD3B924-C240-47BC-AE60-D22231CBAC61}"}},{"geometry":{"type":"Point","coordinates":[14.4401057,50.07335]},"type":"Feature","properties":{"natural":"tree","kod_sprav":"2 MČ Praha 2","aktualizace":"2025-02-01","globalid":"{A82430C9-565A-4247-9DE6-CA53F8388665}"}},{"geometry":{"type":"Point","coordinates":[14.4400031,50.073382]},"type":"Feature","properties":{"natural":"tree","kod_sprav":"2 MČ Praha 2","aktualizace":"2025-02-01","globalid":"{7B495196-14CD-4533-A7D8-FFDE90F26D48}"}},{"geometry":{"type":"Point","coordinates":[14.4401784,50.0734045]},"type":"Feature","properties":{"natural":"tree","kod_sprav":"2 MČ Praha 2","aktualizace":"2025-02-01","globalid":"{D37AD763-8267-4333-BC3E-A55CA20F0F7D}"}},{"geometry":{"type":"Point","coordinates":[14.4402395,50.073451]},"type":"Feature","properties":{"natural":"tree","kod_sprav":"2 MČ Praha 2","aktualizace":"2025-02-01","globalid":"{5BEEFFCE-8B1D-4BD2-975B-5786B58D472B}"}},{"geometry":{"type":"Point","coordinates":[14.4401562,50.073497]},"type":"Feature","properties":{"natural":"tree","kod_sprav":"2 MČ Praha 2","aktualizace":"2025-02-01","globalid":"{F94B6C75-7593-4EA4-B67E-7BBC4362A823}"}},{"geometry":{"type":"Point","coordinates":[14.4408356,50.0713305]},"type":"Feature","properties":{"natural":"tree","kod_sprav":"2 MČ Praha 2","aktualizace":"2025-02-01","globalid":"{B3F38F5A-796B-46F7-938B-633B83865747}"}},{"geometry":{"type":"Point","coordinates":[14.4408933,50.0713588]},"type":"Feature","properties":{"natural":"tree","kod_sprav":"2 MČ Praha 2","aktualizace":"2025-02-01","globalid":"{E5302454-BB49-43AA-94DC-FF581B6A31AF}"}},{"geometry":{"type":"Point","coordinates":[14.4407247,50.0713289]},"type":"Feature","properties":{"natural":"tree","kod_sprav":"2 MČ Praha 2","aktualizace":"2025-02-01","globalid":"{6C7A178D-0AF7-4592-8D53-0FF608EDF213}"}},{"geometry":{"type":"Point","coordinates":[14.4371629,50.0736844]},"type":"Feature","properties":{"natural":"tree","kod_sprav":"2 MČ Praha 2","aktualizace":"2025-02-01","globalid":"{AF6A70A5-C811-4560-9033-561555039B9A}"}},{"geometry":{"type":"Point","coordinates":[14.4418308,50.0706137]},"type":"Feature","properties":{"natural":"tree","kod_sprav":"2 MČ Praha 2","aktualizace":"2025-02-01","globalid":"{BA0AE82F-AE3D-4A5D-8F85-B4048D84E595}"}},{"geometry":{"type":"Point","coordinates":[14.4404173,50.0706289]},"type":"Feature","properties":{"natural":"tree","kod_sprav":"2 MČ Praha 2","aktualizace":"2025-02-01","globalid":"{A9E85B0A-C507-4459-8DBC-25835AAB96E9}"}},{"geometry":{"type":"Point","coordinates":[14.4402229,50.070701]},"type":"Feature","properties":{"natural":"tree","kod_sprav":"2 MČ Praha 2","aktualizace":"2025-02-01","globalid":"{375C91DE-BB36-43CC-B69E-8C512C683923}"}},{"geometry":{"type":"Point","coordinates":[14.4403326,50.0706606]},"type":"Feature","properties":{"natural":"tree","kod_sprav":"2 MČ Praha 2","aktualizace":"2025-02-01","globalid":"{4F18F080-31F5-4F59-8BB5-4ADE3DC9493C}"}},{"geometry":{"type":"Point","coordinates":[14.4401207,50.0707357]},"type":"Feature","properties":{"natural":"tree","kod_sprav":"2 MČ Praha 2","aktualizace":"2025-02-01","globalid":"{B0CEE3C4-7B7D-4CC9-9981-2693C3C92249}"}},{"geometry":{"type":"Point","coordinates":[14.4456211,50.0734794]},"type":"Feature","properties":{"natural":"tree","kod_sprav":"2 MČ Praha 2","aktualizace":"2025-02-01","globalid":"{7A0AC612-028B-40C6-B3B1-DB79200E4AF3}"}},{"geometry":{"type":"Point","coordinates":[14.445522,50.0734786]},"type":"Feature","properties":{"natural":"tree","kod_sprav":"2 MČ Praha 2","aktualizace":"2025-02-01","globalid":"{4B7F6EB9-B07D-445F-9EAA-214EDFED734D}"}},{"geometry":{"type":"Point","coordinates":[14.4454234,50.0734781]},"type":"Feature","properties":{"natural":"tree","kod_sprav":"2 MČ Praha 2","aktualizace":"2025-02-01","globalid":"{492553F8-3B9C-407E-B5D6-E0AB021E68F5}"}},{"geometry":{"type":"Point","coordinates":[14.4455891,50.073576]},"type":"Feature","properties":{"natural":"tree","kod_sprav":"2 MČ Praha 2","aktualizace":"2025-02-01","globalid":"{87E11229-CDBB-41D4-A43F-8713EF81ADE2}"}},{"geometry":{"type":"Point","coordinates":[14.445495,50.073576]},"type":"Feature","properties":{"natural":"tree","kod_sprav":"2 MČ Praha 2","aktualizace":"2025-02-01","globalid":"{5B1805F0-373F-4768-8EDF-6EDA9C6E8764}"}},{"geometry":{"type":"Point","coordinates":[14.4453925,50.0735759]},"type":"Feature","properties":{"natural":"tree","kod_sprav":"2 MČ Praha 2","aktualizace":"2025-02-01","globalid":"{15ACA633-F4D1-4118-884E-FF66898A801D}"}},{"geometry":{"type":"Point","coordinates":[14.445294,50.0735752]},"type":"Feature","properties":{"natural":"tree","kod_sprav":"2 MČ Praha 2","aktualizace":"2025-02-01","globalid":"{FD65F15F-4F12-4509-ACC6-E476B677D3DB}"}},{"geometry":{"type":"Point","coordinates":[14.4451914,50.0735746]},"type":"Feature","properties":{"natural":"tree","kod_sprav":"2 MČ Praha 2","aktualizace":"2025-02-01","globalid":"{B27A4E0D-0F23-43D6-B0C0-7AEDF2A9CFD4}"}},{"geometry":{"type":"Point","coordinates":[14.4452052,50.0734768]},"type":"Feature","properties":{"natural":"tree","kod_sprav":"2 MČ Praha 2","aktualizace":"2025-02-01","globalid":"{A3E8DD6D-3718-4223-8D76-910D7D3F369B}"}},{"geometry":{"type":"Point","coordinates":[14.4449921,50.073476]},"type":"Feature","properties":{"natural":"tree","kod_sprav":"2 MČ Praha 2","aktualizace":"2025-02-01","globalid":"{F685182E-C927-4D06-AE1B-A07AA393E633}"}},{"geometry":{"type":"Point","coordinates":[14.4451109,50.0735741]},"type":"Feature","properties":{"natural":"tree","kod_sprav":"2 MČ Praha 2","aktualizace":"2025-02-01","globalid":"{B90C3790-3872-4052-AA07-9ADBFD38EA55}"}},{"geometry":{"type":"Point","coordinates":[14.4361535,50.0705771]},"type":"Feature","properties":{"natural":"tree","kod_sprav":"2 MČ Praha 2","aktualizace":"2025-02-01","globalid":"{9A5272B1-2EA1-4DFA-BB96-02F722D62BA7}"}},{"geometry":{"type":"Point","coordinates":[14.4432158,50.0744634]},"type":"Feature","properties":{"natural":"tree","kod_sprav":"2 MČ Praha 2","aktualizace":"2025-02-01","globalid":"{082F200B-C97F-477E-B282-661F190A82A9}"}},{"geometry":{"type":"Point","coordinates":[14.4361961,50.070505]},"type":"Feature","properties":{"natural":"tree","kod_sprav":"2 MČ Praha 2","aktualizace":"2025-02-01","globalid":"{C1CAB245-5C91-4D6D-963D-695F85552BAB}"}},{"geometry":{"type":"Point","coordinates":[14.4431198,50.0744662]},"type":"Feature","properties":{"natural":"tree","kod_sprav":"2 MČ Praha 2","aktualizace":"2025-02-01","globalid":"{5D03CC6D-CC8E-491F-A41F-8792A16CC13A}"}},{"geometry":{"type":"Point","coordinates":[14.4363872,50.0705927]},"type":"Feature","properties":{"natural":"tree","kod_sprav":"2 MČ Praha 2","aktualizace":"2025-02-01","globalid":"{6B2499FA-8365-4CD0-B253-A6116AC25968}"}},{"geometry":{"type":"Point","coordinates":[14.4429816,50.0744635]},"type":"Feature","properties":{"natural":"tree","kod_sprav":"2 MČ Praha 2","aktualizace":"2025-02-01","globalid":"{0B01EB30-C312-4AD2-A470-1576901A36B9}"}},{"geometry":{"type":"Point","coordinates":[14.4364939,50.070734]},"type":"Feature","properties":{"natural":"tree","kod_sprav":"2 MČ Praha 2","aktualizace":"2025-02-01","globalid":"{B28697F3-7FA1-4E7B-BAAC-700BDDCD9118}"}},{"geometry":{"type":"Point","coordinates":[14.4428809,50.0744594]},"type":"Feature","properties":{"natural":"tree","kod_sprav":"2 MČ Praha 2","aktualizace":"2025-02-01","globalid":"{E1777559-19B2-4F60-A8C2-5D2B6832CC74}"}},{"geometry":{"type":"Point","coordinates":[14.4450289,50.0735742]},"type":"Feature","properties":{"natural":"tree","kod_sprav":"2 MČ Praha 2","aktualizace":"2025-02-01","globalid":"{0F1898C8-8184-471C-8BEB-F839CE76F4D7}"}},{"geometry":{"type":"Point","coordinates":[14.4448614,50.0735731]},"type":"Feature","properties":{"natural":"tree","kod_sprav":"2 MČ Praha 2","aktualizace":"2025-02-01","globalid":"{5B87DA5E-D8BE-42E2-9132-C7CE6CD3CADE}"}},{"geometry":{"type":"Point","coordinates":[14.4447756,50.0735726]},"type":"Feature","properties":{"natural":"tree","kod_sprav":"2 MČ Praha 2","aktualizace":"2025-02-01","globalid":"{8176045E-88BA-4D9B-B725-3166A6FD6EA6}"}},{"geometry":{"type":"Point","coordinates":[14.4447669,50.0734759]},"type":"Feature","properties":{"natural":"tree","kod_sprav":"2 MČ Praha 2","aktualizace":"2025-02-01","globalid":"{F61EF9A9-E28D-4B11-BB1B-DB733AEAAD35}"}},{"geometry":{"type":"Point","coordinates":[14.4446566,50.073475]},"type":"Feature","properties":{"natural":"tree","kod_sprav":"2 MČ Praha 2","aktualizace":"2025-02-01","globalid":"{F835CE41-973E-428A-99E9-09B79B13EA06}"}},{"geometry":{"type":"Point","coordinates":[14.4446795,50.073573]},"type":"Feature","properties":{"natural":"tree","kod_sprav":"2 MČ Praha 2","aktualizace":"2025-02-01","globalid":"{8007361C-5E95-4F30-AA48-8C5BE4780B6A}"}},{"geometry":{"type":"Point","coordinates":[14.4400238,50.0707702]},"type":"Feature","properties":{"natural":"tree","kod_sprav":"2 MČ Praha 2","aktualizace":"2025-02-01","globalid":"{1A848D0E-21CC-4952-9EA2-B6E3CA960961}"}},{"geometry":{"type":"Point","coordinates":[14.4365589,50.0706665]},"type":"Feature","properties":{"natural":"tree","kod_sprav":"2 MČ Praha 2","aktualizace":"2025-02-01","globalid":"{0BB56C1E-14B5-46CC-8771-BA964C123DEB}"}},{"geometry":{"type":"Point","coordinates":[14.4428031,50.0744595]},"type":"Feature","properties":{"natural":"tree","kod_sprav":"2 MČ Praha 2","aktualizace":"2025-02-01","globalid":"{8C2D6158-5C96-424E-B10F-F4373E22955F}"}},{"geometry":{"type":"Point","coordinates":[14.4367693,50.0707618]},"type":"Feature","properties":{"natural":"tree","kod_sprav":"2 MČ Praha 2","aktualizace":"2025-02-01","globalid":"{5E781EC8-AB1F-4D0C-B24F-66DF587FBB41}"}},{"geometry":{"type":"Point","coordinates":[14.4426899,50.0744584]},"type":"Feature","properties":{"natural":"tree","kod_sprav":"2 MČ Praha 2","aktualizace":"2025-02-01","globalid":"{12B383CF-B42A-4187-963E-87AC4C44321B}"}},{"geometry":{"type":"Point","coordinates":[14.4366815,50.0708225]},"type":"Feature","properties":{"natural":"tree","kod_sprav":"2 MČ Praha 2","aktualizace":"2025-02-01","globalid":"{D2EA3C48-FDF1-4B75-9257-EBD538671635}"}},{"geometry":{"type":"Point","coordinates":[14.4425965,50.0744582]},"type":"Feature","properties":{"natural":"tree","kod_sprav":"2 MČ Praha 2","aktualizace":"2025-02-01","globalid":"{8E31EAD7-C580-4268-9A92-F6A25FA1DB84}"}},{"geometry":{"type":"Point","coordinates":[14.4382171,50.0726106]},"type":"Feature","properties":{"natural":"tree","kod_sprav":"2 MČ Praha 2","aktualizace":"2025-02-01","globalid":"{12A26D56-4776-4832-B28D-750BE50638D2}"}},{"geometry":{"type":"Point","coordinates":[14.4391812,50.0740261]},"type":"Feature","properties":{"natural":"tree","kod_sprav":"2 MČ Praha 2","aktualizace":"2025-02-01","globalid":"{BA6A3F55-F09E-485B-8625-2427DE3E252C}"}},{"geometry":{"type":"Point","coordinates":[14.4382965,50.0725939]},"type":"Feature","properties":{"natural":"tree","kod_sprav":"2 MČ Praha 2","aktualizace":"2025-02-01","globalid":"{EA08261D-A310-49AF-BABB-B7D9137A35C1}"}},{"geometry":{"type":"Point","coordinates":[14.4383774,50.0743715]},"type":"Feature","properties":{"natural":"tree","kod_sprav":"2 MČ Praha 2","aktualizace":"2025-02-01","globalid":"{3AB59BAB-799C-4B5F-8ECF-07D229F0D515}"}},{"geometry":{"type":"Point","coordinates":[14.4380265,50.0725293]},"type":"Feature","properties":{"natural":"tree","kod_sprav":"2 MČ Praha 2","aktualizace":"2025-02-01","globalid":"{1BA55B0B-DC7B-4307-8EF8-7B6C6208E0E6}"}},{"geometry":{"type":"Point","coordinates":[14.4382783,50.0744124]},"type":"Feature","properties":{"natural":"tree","kod_sprav":"2 MČ Praha 2","aktualizace":"2025-02-01","globalid":"{EB6D8C53-7965-4643-A050-A4A387DCD7D4}"}},{"geometry":{"type":"Point","coordinates":[14.4384634,50.072562]},"type":"Feature","properties":{"natural":"tree","kod_sprav":"2 MČ Praha 2","aktualizace":"2025-02-01","globalid":"{ADE213D5-CC7D-49FC-827C-B7D780C264C8}"}},{"geometry":{"type":"Point","coordinates":[14.4381235,50.0744775]},"type":"Feature","properties":{"natural":"tree","kod_sprav":"2 MČ Praha 2","aktualizace":"2025-02-01","globalid":"{3C9586AA-4D38-4D69-B709-07B1B87CA132}"}},{"geometry":{"type":"Point","coordinates":[14.4453845,50.0744784]},"type":"Feature","properties":{"natural":"tree","kod_sprav":"2 MČ Praha 2","aktualizace":"2025-02-01","globalid":"{32529A23-BA89-4574-BFDD-E1BC5B46BE43}"}},{"geometry":{"type":"Point","coordinates":[14.4455191,50.0726835]},"type":"Feature","properties":{"natural":"tree","kod_sprav":"2 MČ Praha 2","aktualizace":"2025-02-01","globalid":"{DD07E281-6006-4C15-89C1-6FBC3C676A88}"}},{"geometry":{"type":"Point","coordinates":[14.4386843,50.0716325]},"type":"Feature","properties":{"natural":"tree","kod_sprav":"2 MČ Praha 2","aktualizace":"2025-02-01","globalid":"{CB6546B6-EB3A-402D-963C-B763E2F8E70C}"}},{"geometry":{"type":"Point","coordinates":[14.4452311,50.0743804]},"type":"Feature","properties":{"natural":"tree","kod_sprav":"2 MČ Praha 2","aktualizace":"2025-02-01","globalid":"{0E1D9D5B-93DE-41D7-906E-E9C9A6CDAC6C}"}},{"geometry":{"type":"Point","coordinates":[14.4454205,50.0726826]},"type":"Feature","properties":{"natural":"tree","kod_sprav":"2 MČ Praha 2","aktualizace":"2025-02-01","globalid":"{1A9B0281-23A3-4024-8CB2-A0041DC877F5}"}},{"geometry":{"type":"Point","coordinates":[14.4388965,50.071821]},"type":"Feature","properties":{"natural":"tree","kod_sprav":"2 MČ Praha 2","aktualizace":"2025-02-01","globalid":"{3969A614-C0E1-4ABA-93A1-CED4BA48541E}"}},{"geometry":{"type":"Point","coordinates":[14.4453089,50.0726819]},"type":"Feature","properties":{"natural":"tree","kod_sprav":"2 MČ Praha 2","aktualizace":"2025-02-01","globalid":"{D3BFDB81-F752-47CE-BF10-387E8B7867B7}"}},{"geometry":{"type":"Point","coordinates":[14.4389577,50.0717519]},"type":"Feature","properties":{"natural":"tree","kod_sprav":"2 MČ Praha 2","aktualizace":"2025-02-01","globalid":"{8AC0432F-56E6-4CF1-886A-5E46CF8051F9}"}},{"geometry":{"type":"Point","coordinates":[14.4453265,50.0743804]},"type":"Feature","properties":{"natural":"tree","kod_sprav":"2 MČ Praha 2","aktualizace":"2025-02-01","globalid":"{E7700EA1-E594-443C-A168-767EE2526308}"}},{"geometry":{"type":"Point","coordinates":[14.4452021,50.0726829]},"type":"Feature","properties":{"natural":"tree","kod_sprav":"2 MČ Praha 2","aktualizace":"2025-02-01","globalid":"{C4C3BC6C-18F2-4ECF-9FF0-03705205C114}"}},{"geometry":{"type":"Point","coordinates":[14.4390261,50.0717846]},"type":"Feature","properties":{"natural":"tree","kod_sprav":"2 MČ Praha 2","aktualizace":"2025-02-01","globalid":"{1A238F8E-673F-4A04-A7C9-E6703CA47083}"}},{"geometry":{"type":"Point","coordinates":[14.4454371,50.0743817]},"type":"Feature","properties":{"natural":"tree","kod_sprav":"2 MČ Praha 2","aktualizace":"2025-02-01","globalid":"{0AFC2126-8B93-44D1-8AC2-B43FB6C3642C}"}},{"geometry":{"type":"Point","coordinates":[14.445114,50.0726791]},"type":"Feature","properties":{"natural":"tree","kod_sprav":"2 MČ Praha 2","aktualizace":"2025-02-01","globalid":"{A22F7F06-6591-43A2-ACF2-EFD975BB545B}"}},{"geometry":{"type":"Point","coordinates":[14.4390956,50.0718179]},"type":"Feature","properties":{"natural":"tree","kod_sprav":"2 MČ Praha 2","aktualizace":"2025-02-01","globalid":"{9B922854-76E6-4DCF-A8C0-EDDA9299FD6F}"}},{"geometry":{"type":"Point","coordinates":[14.4455344,50.0743832]},"type":"Feature","properties":{"natural":"tree","kod_sprav":"2 MČ Praha 2","aktualizace":"2025-02-01","globalid":"{B22F805A-8D2F-45BC-B501-32A67E63249F}"}},{"geometry":{"type":"Point","coordinates":[14.4450114,50.0726815]},"type":"Feature","properties":{"natural":"tree","kod_sprav":"2 MČ Praha 2","aktualizace":"2025-02-01","globalid":"{FB8BE33B-72E1-46FD-8EED-DA7F8E0256A0}"}},{"geometry":{"type":"Point","coordinates":[14.4391679,50.0718478]},"type":"Feature","properties":{"natural":"tree","kod_sprav":"2 MČ Praha 2","aktualizace":"2025-02-01","globalid":"{2EB3B959-177D-4032-97C3-FAD911DA84ED}"}},{"geometry":{"type":"Point","coordinates":[14.4456595,50.0743851]},"type":"Feature","properties":{"natural":"tree","kod_sprav":"2 MČ Praha 2","aktualizace":"2025-02-01","globalid":"{369FFE3C-2380-49B2-BEE5-C1FF58801FAF}"}},{"geometry":{"type":"Point","coordinates":[14.4449251,50.0726788]},"type":"Feature","properties":{"natural":"tree","kod_sprav":"2 MČ Praha 2","aktualizace":"2025-02-01","globalid":"{FE2ACFC1-C8A9-42A8-957B-B1F4E65B3F03}"}},{"geometry":{"type":"Point","coordinates":[14.439267,50.071894]},"type":"Feature","properties":{"natural":"tree","kod_sprav":"2 MČ Praha 2","aktualizace":"2025-02-01","globalid":"{8706E434-E545-4149-BD2A-E08A53A50723}"}},{"geometry":{"type":"Point","coordinates":[14.4414513,50.0711698]},"type":"Feature","properties":{"natural":"tree","kod_sprav":"2 MČ Praha 2","aktualizace":"2025-02-01","globalid":"{0E83F3AF-06D7-4594-9D0D-65C67FF0F212}"}},{"geometry":{"type":"Point","coordinates":[14.4415365,50.0712096]},"type":"Feature","properties":{"natural":"tree","kod_sprav":"2 MČ Praha 2","aktualizace":"2025-02-01","globalid":"{13CF4E07-7387-43A7-B874-2A885145AE18}"}},{"geometry":{"type":"Point","coordinates":[14.4416883,50.0712817]},"type":"Feature","properties":{"natural":"tree","kod_sprav":"2 MČ Praha 2","aktualizace":"2025-02-01","globalid":"{5F84ECF5-71EE-4BEB-857F-BCAE9712B08D}"}},{"geometry":{"type":"Point","coordinates":[14.4417682,50.0713162]},"type":"Feature","properties":{"natural":"tree","kod_sprav":"2 MČ Praha 2","aktualizace":"2025-02-01","globalid":"{192DE0E4-6F21-403F-AEEA-0DC99DDE3A24}"}},{"geometry":{"type":"Point","coordinates":[14.4395976,50.0721378]},"type":"Feature","properties":{"natural":"tree","kod_sprav":"2 MČ Praha 2","aktualizace":"2025-02-01","globalid":"{92F1D548-9C4F-46A4-BCDC-7FA0B80736C3}"}},{"geometry":{"type":"Point","coordinates":[14.4397186,50.0720988]},"type":"Feature","properties":{"natural":"tree","kod_sprav":"2 MČ Praha 2","aktualizace":"2025-02-01","globalid":"{EBD29E4F-665E-4E8D-9F89-E7DBAFD27730}"}},{"geometry":{"type":"Point","coordinates":[14.439987,50.0722192]},"type":"Feature","properties":{"natural":"tree","kod_sprav":"2 MČ Praha 2","aktualizace":"2025-02-01","globalid":"{22622596-86EE-48E7-9CB3-BE7DC72031CD}"}},{"geometry":{"type":"Point","coordinates":[14.4401019,50.0722711]},"type":"Feature","properties":{"natural":"tree","kod_sprav":"2 MČ Praha 2","aktualizace":"2025-02-01","globalid":"{D23B5882-3AA5-44EC-AA20-803396FE8FE9}"}},{"geometry":{"type":"Point","coordinates":[14.4399765,50.0723139]},"type":"Feature","properties":{"natural":"tree","kod_sprav":"2 MČ Praha 2","aktualizace":"2025-02-01","globalid":"{FFD0106C-F537-476A-8DBE-A5303FEBA2E9}"}},{"geometry":{"type":"Point","coordinates":[14.4379645,50.0723914]},"type":"Feature","properties":{"natural":"tree","kod_sprav":"2 MČ Praha 2","aktualizace":"2025-02-01","globalid":"{3EC8E2C4-07C8-47D1-92DE-60E4C55F079A}"}},{"geometry":{"type":"Point","coordinates":[14.4379746,50.0745411]},"type":"Feature","properties":{"natural":"tree","kod_sprav":"2 MČ Praha 2","aktualizace":"2025-02-01","globalid":"{C24B9BE7-1A0F-4E38-A267-4D3E0EC68D3C}"}},{"geometry":{"type":"Point","coordinates":[14.4382638,50.072467]},"type":"Feature","properties":{"natural":"tree","kod_sprav":"2 MČ Praha 2","aktualizace":"2025-02-01","globalid":"{4249237C-61EA-414A-AC50-929DA8D8705F}"}},{"geometry":{"type":"Point","coordinates":[14.4377655,50.0746306]},"type":"Feature","properties":{"natural":"tree","kod_sprav":"2 MČ Praha 2","aktualizace":"2025-02-01","globalid":"{3B4C434A-1EDE-4BE2-BB7E-8DE10BC39DF5}"}},{"geometry":{"type":"Point","coordinates":[14.4382247,50.0724311]},"type":"Feature","properties":{"natural":"tree","kod_sprav":"2 MČ Praha 2","aktualizace":"2025-02-01","globalid":"{2F3C616F-69AC-4A46-A16E-9DEC95388396}"}},{"geometry":{"type":"Point","coordinates":[14.4375973,50.0747038]},"type":"Feature","properties":{"natural":"tree","kod_sprav":"2 MČ Praha 2","aktualizace":"2025-02-01","globalid":"{69167B73-E164-44F3-9410-BBB8C864CE27}"}},{"geometry":{"type":"Point","coordinates":[14.4361864,50.0717252]},"type":"Feature","properties":{"natural":"tree","kod_sprav":"2 MČ Praha 2","aktualizace":"2025-02-01","globalid":"{B75325B3-4C84-43FC-AA50-4F9EAC11F05E}"}},{"geometry":{"type":"Point","coordinates":[14.4360895,50.0716911]},"type":"Feature","properties":{"natural":"tree","kod_sprav":"2 MČ Praha 2","aktualizace":"2025-02-01","globalid":"{C5D5B6B6-0AEE-4C08-8444-C0BC9209BF11}"}},{"geometry":{"type":"Point","coordinates":[14.436727,50.0718268]},"type":"Feature","properties":{"natural":"tree","kod_sprav":"2 MČ Praha 2","aktualizace":"2025-02-01","globalid":"{547BC0FC-9BB3-48A3-BB7F-97BBF946E1F9}"}},{"geometry":{"type":"Point","coordinates":[14.4368073,50.071854]},"type":"Feature","properties":{"natural":"tree","kod_sprav":"2 MČ Praha 2","aktualizace":"2025-02-01","globalid":"{43F94FEF-8D52-4564-A25B-9BD193B46E18}"}},{"geometry":{"type":"Point","coordinates":[14.4369064,50.0718909]},"type":"Feature","properties":{"natural":"tree","kod_sprav":"2 MČ Praha 2","aktualizace":"2025-02-01","globalid":"{DCC057B8-7B46-44CD-AB86-60C10ECF4DBF}"}},{"geometry":{"type":"Point","coordinates":[14.4370035,50.071925]},"type":"Feature","properties":{"natural":"tree","kod_sprav":"2 MČ Praha 2","aktualizace":"2025-02-01","globalid":"{893060E7-452A-4562-AB33-8D9E12F4A4EC}"}},{"geometry":{"type":"Point","coordinates":[14.4371051,50.0719618]},"type":"Feature","properties":{"natural":"tree","kod_sprav":"2 MČ Praha 2","aktualizace":"2025-02-01","globalid":"{3F4FC1DC-A538-4059-998D-DA7D30EF7187}"}},{"geometry":{"type":"Point","coordinates":[14.4390317,50.0715563]},"type":"Feature","properties":{"natural":"tree","kod_sprav":"2 MČ Praha 2","aktualizace":"2025-02-01","globalid":"{89B90F80-3607-4C61-A1B7-FA41F6D6F717}"}},{"geometry":{"type":"Point","coordinates":[14.4404818,50.0749778]},"type":"Feature","properties":{"natural":"tree","kod_sprav":"2 MČ Praha 2","aktualizace":"2025-02-01","globalid":"{059115FD-3BB9-4FB7-ADFD-8256C41860EC}"}},{"geometry":{"type":"Point","coordinates":[14.4389254,50.0715185]},"type":"Feature","properties":{"natural":"tree","kod_sprav":"2 MČ Praha 2","aktualizace":"2025-02-01","globalid":"{D385A054-7901-470B-941D-F252143F16CC}"}},{"geometry":{"type":"Point","coordinates":[14.44062,50.0750464]},"type":"Feature","properties":{"natural":"tree","kod_sprav":"2 MČ Praha 2","aktualizace":"2025-02-01","globalid":"{AA4FB716-52E2-4975-9703-A399A819AA4F}"}},{"geometry":{"type":"Point","coordinates":[14.4390643,50.0715165]},"type":"Feature","properties":{"natural":"tree","kod_sprav":"2 MČ Praha 2","aktualizace":"2025-02-01","globalid":"{AC628B0C-9F3B-4443-9A2E-3EF801E6FB3D}"}},{"geometry":{"type":"Point","coordinates":[14.4406178,50.0751008]},"type":"Feature","properties":{"natural":"tree","kod_sprav":"2 MČ Praha 2","aktualizace":"2025-02-01","globalid":"{BB6473BD-41C0-4CE9-A82D-463D1505E8C1}"}},{"geometry":{"type":"Point","coordinates":[14.4390991,50.0714729]},"type":"Feature","properties":{"natural":"tree","kod_sprav":"2 MČ Praha 2","aktualizace":"2025-02-01","globalid":"{26B5DEAC-D57F-4714-8C11-0873A4075E37}"}},{"geometry":{"type":"Point","coordinates":[14.4406095,50.0752013]},"type":"Feature","properties":{"natural":"tree","kod_sprav":"2 MČ Praha 2","aktualizace":"2025-02-01","globalid":"{5831099C-E95A-4EF3-B9BB-1DE4370718E7}"}},{"geometry":{"type":"Point","coordinates":[14.439165,50.0713942]},"type":"Feature","properties":{"natural":"tree","kod_sprav":"2 MČ Praha 2","aktualizace":"2025-02-01","globalid":"{54538D81-21E1-43BA-B191-8FF89C4086CF}"}},{"geometry":{"type":"Point","coordinates":[14.4404722,50.0755346]},"type":"Feature","properties":{"natural":"tree","kod_sprav":"2 MČ Praha 2","aktualizace":"2025-02-01","globalid":"{3EBCACD5-C8F5-4A79-9E91-A13EDAEEE194}"}},{"geometry":{"type":"Point","coordinates":[14.4390894,50.0713196]},"type":"Feature","properties":{"natural":"tree","kod_sprav":"2 MČ Praha 2","aktualizace":"2025-02-01","globalid":"{CE05E123-4D84-4173-B5E7-B10E891AAD07}"}},{"geometry":{"type":"Point","coordinates":[14.4404676,50.0756351]},"type":"Feature","properties":{"natural":"tree","kod_sprav":"2 MČ Praha 2","aktualizace":"2025-02-01","globalid":"{176BD023-7783-46A8-9C28-71CE785AFBBC}"}},{"geometry":{"type":"Point","coordinates":[14.4392424,50.0712999]},"type":"Feature","properties":{"natural":"tree","kod_sprav":"2 MČ Praha 2","aktualizace":"2025-02-01","globalid":"{6B8B02FE-0D90-476C-B8FE-1C8CAC3A246D}"}},{"geometry":{"type":"Point","coordinates":[14.4450093,50.0701898]},"type":"Feature","properties":{"natural":"tree","kod_sprav":"2 MČ Praha 2","aktualizace":"2025-02-01","globalid":"{4707F088-A1D6-4A32-A6EC-0BE06ACE0168}"}},{"geometry":{"type":"Point","coordinates":[14.4453639,50.0705149]},"type":"Feature","properties":{"natural":"tree","kod_sprav":"2 MČ Praha 2","aktualizace":"2025-02-01","globalid":"{A3749C96-870E-4BD5-B5AE-7BA9E20FCF59}"}},{"geometry":{"type":"Point","coordinates":[14.44543,50.0704151]},"type":"Feature","properties":{"natural":"tree","kod_sprav":"2 MČ Praha 2","aktualizace":"2025-02-01","globalid":"{98073EA0-B054-407D-BBA2-261CCDCFE1C4}"}},{"geometry":{"type":"Point","coordinates":[14.4443807,50.0706048]},"type":"Feature","properties":{"natural":"tree","kod_sprav":"2 MČ Praha 2","aktualizace":"2025-02-01","globalid":"{5F56EF9E-D87A-4410-BC22-8AA1FCC19CE7}"}},{"geometry":{"type":"Point","coordinates":[14.4445988,50.0704358]},"type":"Feature","properties":{"natural":"tree","kod_sprav":"2 MČ Praha 2","aktualizace":"2025-02-01","globalid":"{34F0B391-DD02-465B-A59F-33C58388F60D}"}},{"geometry":{"type":"Point","coordinates":[14.4445166,50.0708492]},"type":"Feature","properties":{"natural":"tree","kod_sprav":"2 MČ Praha 2","aktualizace":"2025-02-01","globalid":"{D2F1D52B-69BA-4009-B4AE-B60C864220FF}"}},{"geometry":{"type":"Point","coordinates":[14.4444708,50.0708682]},"type":"Feature","properties":{"natural":"tree","kod_sprav":"2 MČ Praha 2","aktualizace":"2025-02-01","globalid":"{D72E93C5-3272-4422-90FC-67253A189ACA}"}},{"geometry":{"type":"Point","coordinates":[14.4444283,50.0708856]},"type":"Feature","properties":{"natural":"tree","kod_sprav":"2 MČ Praha 2","aktualizace":"2025-02-01","globalid":"{52C26B63-4441-4878-B9A6-E516925EF010}"}},{"geometry":{"type":"Point","coordinates":[14.4458588,50.0703192]},"type":"Feature","properties":{"natural":"tree","kod_sprav":"2 MČ Praha 2","aktualizace":"2025-02-01","globalid":"{6E81853E-B6AA-4ADE-B8A7-81D00818CF80}"}},{"geometry":{"type":"Point","coordinates":[14.4459026,50.070408]},"type":"Feature","properties":{"natural":"tree","kod_sprav":"2 MČ Praha 2","aktualizace":"2025-02-01","globalid":"{964CE32F-93A0-4FB9-8133-2EED87F97242}"}},{"geometry":{"type":"Point","coordinates":[14.4443736,50.0709038]},"type":"Feature","properties":{"natural":"tree","kod_sprav":"2 MČ Praha 2","aktualizace":"2025-02-01","globalid":"{C4D574A4-CA1B-4E52-BC4F-B0AD7E8FF6BE}"}},{"geometry":{"type":"Point","coordinates":[14.4443778,50.0708562]},"type":"Feature","properties":{"natural":"tree","kod_sprav":"2 MČ Praha 2","aktualizace":"2025-02-01","globalid":"{491DE184-6ED9-40F9-B65A-CC3916360B7A}"}},{"geometry":{"type":"Point","coordinates":[14.4439663,50.0706585]},"type":"Feature","properties":{"natural":"tree","kod_sprav":"2 MČ Praha 2","aktualizace":"2025-02-01","globalid":"{D4F780EC-45E3-4AA4-8D65-8DE3BECADE9E}"}},{"geometry":{"type":"Point","coordinates":[14.4440699,50.0700049]},"type":"Feature","properties":{"natural":"tree","kod_sprav":"2 MČ Praha 2","aktualizace":"2025-02-01","globalid":"{1ABDB76C-FC3A-4ADD-A262-C3DCF2EE0AB5}"}},{"geometry":{"type":"Point","coordinates":[14.4437895,50.0702702]},"type":"Feature","properties":{"natural":"tree","kod_sprav":"2 MČ Praha 2","aktualizace":"2025-02-01","globalid":"{EB549759-80D4-45D8-8D2D-5BA3A4B519FB}"}},{"geometry":{"type":"Point","coordinates":[14.4436843,50.0702878]},"type":"Feature","properties":{"natural":"tree","kod_sprav":"2 MČ Praha 2","aktualizace":"2025-02-01","globalid":"{DCED0EC0-FC13-4B10-A0DB-88D8E4938CAF}"}},{"geometry":{"type":"Point","coordinates":[14.4439882,50.0754982]},"type":"Feature","properties":{"natural":"tree","kod_sprav":"2 MČ Praha 2","aktualizace":"2025-02-01","globalid":"{2A47E65E-72DD-48FE-B756-40A502248E3B}"}},{"geometry":{"type":"Point","coordinates":[14.4439938,50.0756664]},"type":"Feature","properties":{"natural":"tree","kod_sprav":"2 MČ Praha 2","aktualizace":"2025-02-01","globalid":"{2EF9DBEB-9FB7-4E55-8F80-900F5C738938}"}},{"geometry":{"type":"Point","coordinates":[14.440612,50.0751498]},"type":"Feature","properties":{"natural":"tree","kod_sprav":"2 MČ Praha 2","aktualizace":"2025-02-01","globalid":"{60B49BF7-777F-4348-8547-04B9D1CEC5C9}"}},{"geometry":{"type":"Point","coordinates":[14.4394384,50.0739197]},"type":"Feature","properties":{"natural":"tree","kod_sprav":"2 MČ Praha 2","aktualizace":"2025-02-01","globalid":"{B5200516-36F2-45C6-8468-145E3912447E}"}},{"geometry":{"type":"Point","coordinates":[14.4393118,50.0739738]},"type":"Feature","properties":{"natural":"tree","kod_sprav":"2 MČ Praha 2","aktualizace":"2025-02-01","globalid":"{E69720C7-01A2-48D2-B253-FE9CEC3399FF}"}},{"geometry":{"type":"Point","coordinates":[14.4398427,50.0737445]},"type":"Feature","properties":{"natural":"tree","kod_sprav":"2 MČ Praha 2","aktualizace":"2025-02-01","globalid":"{7F669FD3-828B-4DE4-A6EC-47734847B051}"}},{"geometry":{"type":"Point","coordinates":[14.4397841,50.0739277]},"type":"Feature","properties":{"natural":"tree","kod_sprav":"2 MČ Praha 2","aktualizace":"2025-02-01","globalid":"{79C80857-2439-4D69-97A2-D1427E12D257}"}},{"geometry":{"type":"Point","coordinates":[14.4406343,50.0738133]},"type":"Feature","properties":{"natural":"tree","kod_sprav":"2 MČ Praha 2","aktualizace":"2025-02-01","globalid":"{A440AE74-6FD9-42E1-A7CB-18F70D195111}"}},{"geometry":{"type":"Point","coordinates":[14.4420851,50.074958]},"type":"Feature","properties":{"natural":"tree","kod_sprav":"2 MČ Praha 2","aktualizace":"2025-02-01","globalid":"{69EC470F-2AFA-4275-B2A0-53885C5ACE66}"}},{"geometry":{"type":"Point","coordinates":[14.4438503,50.0749284]},"type":"Feature","properties":{"natural":"tree","kod_sprav":"2 MČ Praha 2","aktualizace":"2025-02-01","globalid":"{93F5CBFB-76D0-47DF-BF36-DCF999B44897}"}},{"geometry":{"type":"Point","coordinates":[14.4459811,50.07004]},"type":"Feature","properties":{"natural":"tree","kod_sprav":"2 MČ Praha 2","aktualizace":"2025-02-01","globalid":"{0F977A5D-D279-4233-B4CA-E57EE8034838}"}},{"geometry":{"type":"Point","coordinates":[14.4443598,50.0704003]},"type":"Feature","properties":{"natural":"tree","kod_sprav":"2 MČ Praha 2","aktualizace":"2025-02-01","globalid":"{0BCB4FB3-69FF-4B88-A804-7058A6FCD7C6}"}},{"geometry":{"type":"Point","coordinates":[14.4443839,50.0700923]},"type":"Feature","properties":{"natural":"tree","kod_sprav":"2 MČ Praha 2","aktualizace":"2025-02-01","globalid":"{A1F3B755-46F6-4727-A0B9-5B6A0D9AF9FC}"}},{"geometry":{"type":"Point","coordinates":[14.4440883,50.0701208]},"type":"Feature","properties":{"natural":"tree","kod_sprav":"2 MČ Praha 2","aktualizace":"2025-02-01","globalid":"{5458926F-CC60-42F3-BAB4-9D1FFF7F8193}"}},{"geometry":{"type":"Point","coordinates":[14.4440097,50.0700041]},"type":"Feature","properties":{"natural":"tree","kod_sprav":"2 MČ Praha 2","aktualizace":"2025-02-01","globalid":"{7D19E21B-EC0B-4255-B8FD-44CEA785AD38}"}},{"geometry":{"type":"Point","coordinates":[14.445141,50.0703825]},"type":"Feature","properties":{"natural":"tree","kod_sprav":"2 MČ Praha 2","aktualizace":"2025-02-01","globalid":"{A7102F86-A567-4C5D-A0DC-3CF08CA67075}"}},{"geometry":{"type":"Point","coordinates":[14.4445831,50.0703066]},"type":"Feature","properties":{"natural":"tree","kod_sprav":"2 MČ Praha 2","aktualizace":"2025-02-01","globalid":"{D7A0DDEC-94C5-46A4-86AB-2BF8A511D7E5}"}},{"geometry":{"type":"Point","coordinates":[14.4446495,50.0706415]},"type":"Feature","properties":{"natural":"tree","kod_sprav":"2 MČ Praha 2","aktualizace":"2025-02-01","globalid":"{D9DEF9AC-1223-40B7-96D4-7A3B1C384E85}"}},{"geometry":{"type":"Point","coordinates":[14.4439216,50.0706379]},"type":"Feature","properties":{"natural":"tree","kod_sprav":"2 MČ Praha 2","aktualizace":"2025-02-01","globalid":"{93A39663-B18D-4EFF-9C9E-15072D26E736}"}},{"geometry":{"type":"Point","coordinates":[14.4449507,50.0735735]},"type":"Feature","properties":{"natural":"tree","kod_sprav":"2 MČ Praha 2","aktualizace":"2025-02-01","globalid":"{31EE9A40-9287-4ADF-80E2-7965E0DDA709}"}},{"geometry":{"type":"Point","coordinates":[14.4445517,50.0734745]},"type":"Feature","properties":{"natural":"tree","kod_sprav":"2 MČ Praha 2","aktualizace":"2025-02-01","globalid":"{5CF9822A-FEB9-4D0B-A3DE-140830888FB7}"}},{"geometry":{"type":"Point","coordinates":[14.4421789,50.0735595]},"type":"Feature","properties":{"natural":"tree","kod_sprav":"2 MČ Praha 2","aktualizace":"2025-02-01","globalid":"{990DE79C-7AD1-4737-8292-26DD72827E9B}"}},{"geometry":{"type":"Point","coordinates":[14.4438473,50.0748467]},"type":"Feature","properties":{"natural":"tree","kod_sprav":"2 MČ Praha 2","aktualizace":"2025-02-01","globalid":"{04E2DF1F-6BF0-460E-9A2C-475EA105FBF5}"}},{"geometry":{"type":"Point","coordinates":[14.4438494,50.0747724]},"type":"Feature","properties":{"natural":"tree","kod_sprav":"2 MČ Praha 2","aktualizace":"2025-02-01","globalid":"{09FB555F-1D89-4363-96DB-5725A69A5535}"}},{"geometry":{"type":"Point","coordinates":[14.4439975,50.0750887]},"type":"Feature","properties":{"natural":"tree","kod_sprav":"2 MČ Praha 2","aktualizace":"2025-02-01","globalid":"{834C0D53-575B-4925-A7B6-EF6FA10BC2AF}"}},{"geometry":{"type":"Point","coordinates":[14.4440265,50.0728634]},"type":"Feature","properties":{"natural":"tree","kod_sprav":"2 MČ Praha 2","aktualizace":"2025-02-01","globalid":"{C6AB0A48-6EE4-4D98-B2DF-153E8FE104C6}"}},{"geometry":{"type":"Point","coordinates":[14.4438853,50.0728488]},"type":"Feature","properties":{"natural":"tree","kod_sprav":"2 MČ Praha 2","aktualizace":"2025-02-01","globalid":"{18A9656B-AADB-4E54-8D35-D96DA365B4C1}"}},{"geometry":{"type":"Point","coordinates":[14.4438722,50.0733718]},"type":"Feature","properties":{"natural":"tree","kod_sprav":"2 MČ Praha 2","aktualizace":"2025-02-01","globalid":"{7C34DD27-3245-4191-A327-8FE16992321B}"}},{"geometry":{"type":"Point","coordinates":[14.443879,50.0731299]},"type":"Feature","properties":{"natural":"tree","kod_sprav":"2 MČ Praha 2","aktualizace":"2025-02-01","globalid":"{71378CB9-6AE1-4466-81F4-4D59A778B041}"}},{"geometry":{"type":"Point","coordinates":[14.442388,50.0714106]},"type":"Feature","properties":{"natural":"tree","kod_sprav":"2 MČ Praha 2","aktualizace":"2025-02-01","globalid":"{0CEA60ED-9E95-4A64-B680-AE8A40D47D11}"}},{"geometry":{"type":"Point","coordinates":[14.4424676,50.0714043]},"type":"Feature","properties":{"natural":"tree","kod_sprav":"2 MČ Praha 2","aktualizace":"2025-02-01","globalid":"{0AC3C049-1213-4C83-8CF0-256987C2EFE9}"}},{"geometry":{"type":"Point","coordinates":[14.4421608,50.0715857]},"type":"Feature","properties":{"natural":"tree","kod_sprav":"2 MČ Praha 2","aktualizace":"2025-02-01","globalid":"{E7588094-2D2B-4767-869A-80C653175E33}"}},{"geometry":{"type":"Point","coordinates":[14.4409007,50.070456]},"type":"Feature","properties":{"natural":"tree","kod_sprav":"2 MČ Praha 2","aktualizace":"2025-02-01","globalid":"{FE21A211-EF8E-4697-B73C-3EA647986B98}"}},{"geometry":{"type":"Point","coordinates":[14.441074,50.0703903]},"type":"Feature","properties":{"natural":"tree","kod_sprav":"2 MČ Praha 2","aktualizace":"2025-02-01","globalid":"{C290F2D3-0AD2-4AAF-8ACD-61FD9CB569A7}"}},{"geometry":{"type":"Point","coordinates":[14.440687,50.0705356]},"type":"Feature","properties":{"natural":"tree","kod_sprav":"2 MČ Praha 2","aktualizace":"2025-02-01","globalid":"{2E289EF2-7607-442E-8AD8-6908B3DD19DF}"}},{"geometry":{"type":"Point","coordinates":[14.4384607,50.0715307]},"type":"Feature","properties":{"natural":"tree","kod_sprav":"2 MČ Praha 2","aktualizace":"2025-02-01","globalid":"{A5AC58AE-F2A6-4B37-A0B0-11E152D6430A}"}},{"geometry":{"type":"Point","coordinates":[14.4376746,50.0736254]},"type":"Feature","properties":{"natural":"tree","kod_sprav":"2 MČ Praha 2","aktualizace":"2025-02-01","globalid":"{C834436F-167D-4C13-A875-F6BDBDB56843}"}},{"geometry":{"type":"Point","coordinates":[14.4366718,50.0707183]},"type":"Feature","properties":{"natural":"tree","kod_sprav":"2 MČ Praha 2","aktualizace":"2025-02-01","globalid":"{67E5AE3D-CFBA-4EB7-A8C2-61F17B1B361A}"}},{"geometry":{"type":"Point","coordinates":[14.4369216,50.0734634]},"type":"Feature","properties":{"natural":"tree","kod_sprav":"2 MČ Praha 2","aktualizace":"2025-02-01","globalid":"{6EBC6E8C-3164-4602-93C5-B985B27E11CA}"}},{"geometry":{"type":"Point","coordinates":[14.4361907,50.0723615]},"type":"Feature","properties":{"natural":"tree","kod_sprav":"2 MČ Praha 2","aktualizace":"2025-02-01","globalid":"{7528AD50-0D62-42F4-B49A-205296B5A385}"}},{"geometry":{"type":"Point","coordinates":[14.4433126,50.0712723]},"type":"Feature","properties":{"natural":"tree","kod_sprav":"2 MČ Praha 2","aktualizace":"2025-02-01","globalid":"{444A7368-D296-48E1-B93A-30A1B223E4D9}"}},{"geometry":{"type":"Point","coordinates":[14.4432918,50.0713222]},"type":"Feature","properties":{"natural":"tree","kod_sprav":"2 MČ Praha 2","aktualizace":"2025-02-01","globalid":"{E582B371-29ED-4AA5-807B-DF7E716E0F83}"}},{"geometry":{"type":"Point","coordinates":[14.443416,50.0714876]},"type":"Feature","properties":{"natural":"tree","kod_sprav":"2 MČ Praha 2","aktualizace":"2025-02-01","globalid":"{510D18EC-A889-4659-B2A9-4F5515CD4756}"}},{"geometry":{"type":"Point","coordinates":[14.4369332,50.0748582]},"type":"Feature","properties":{"natural":"tree","kod_sprav":"2 MČ Praha 2","aktualizace":"2025-02-01","globalid":"{C07A0EE8-9A56-4538-A054-B1357D6AD488}"}},{"geometry":{"type":"Point","coordinates":[14.4446456,50.0704299]},"type":"Feature","properties":{"natural":"tree","kod_sprav":"2 MČ Praha 2","aktualizace":"2025-02-01","globalid":"{7CBD8D17-D272-413B-B843-3728F4968CF8}"}},{"geometry":{"type":"Point","coordinates":[14.4446746,50.0704411]},"type":"Feature","properties":{"natural":"tree","kod_sprav":"2 MČ Praha 2","aktualizace":"2025-02-01","globalid":"{45B15382-1C2E-4FC3-8FE5-1BE4233229DF}"}},{"geometry":{"type":"Point","coordinates":[14.4455205,50.0700115]},"type":"Feature","properties":{"natural":"tree","kod_sprav":"2 MČ Praha 2","aktualizace":"2025-02-01","globalid":"{A385ACD0-19E3-4A52-9DF6-997FFB83A20A}"}},{"geometry":{"type":"Point","coordinates":[14.4456076,50.0700336]},"type":"Feature","properties":{"natural":"tree","kod_sprav":"2 MČ Praha 2","aktualizace":"2025-02-01","globalid":"{473A1333-10B4-4527-90E4-D683934CFDF6}"}},{"geometry":{"type":"Point","coordinates":[14.4436048,50.0702575]},"type":"Feature","properties":{"natural":"tree","kod_sprav":"2 MČ Praha 2","aktualizace":"2025-02-01","globalid":"{09360360-1EAA-4320-BC94-394E756785E8}"}},{"geometry":{"type":"Point","coordinates":[14.4443853,50.0701847]},"type":"Feature","properties":{"natural":"tree","kod_sprav":"2 MČ Praha 2","aktualizace":"2025-02-01","globalid":"{02C63C7E-3C95-445A-9926-ACEC6E1BDF72}"}},{"geometry":{"type":"Point","coordinates":[14.4449751,50.0700704]},"type":"Feature","properties":{"natural":"tree","kod_sprav":"2 MČ Praha 2","aktualizace":"2025-02-01","globalid":"{42CB382F-A175-4A27-8A2C-5A7A0596D9F1}"}},{"geometry":{"type":"Point","coordinates":[14.4439982,50.0706758]},"type":"Feature","properties":{"natural":"tree","kod_sprav":"2 MČ Praha 2","aktualizace":"2025-02-01","globalid":"{AFDB70ED-27D3-487B-9710-5361368FD7B8}"}},{"geometry":{"type":"Point","coordinates":[14.444301,50.0703991]},"type":"Feature","properties":{"natural":"tree","kod_sprav":"2 MČ Praha 2","aktualizace":"2025-02-01","globalid":"{4E1DF935-7CC7-471F-8693-F5C489A8B8ED}"}},{"geometry":{"type":"Point","coordinates":[14.4449054,50.0701433]},"type":"Feature","properties":{"natural":"tree","kod_sprav":"2 MČ Praha 2","aktualizace":"2025-02-01","globalid":"{876F183F-16C3-4C57-9491-818D927B4A13}"}},{"geometry":{"type":"Point","coordinates":[14.4440934,50.0702096]},"type":"Feature","properties":{"natural":"tree","kod_sprav":"2 MČ Praha 2","aktualizace":"2025-02-01","globalid":"{D2AEA2FF-402D-4B2B-A365-810AB26FFDD2}"}},{"geometry":{"type":"Point","coordinates":[14.4446554,50.0703946]},"type":"Feature","properties":{"natural":"tree","kod_sprav":"2 MČ Praha 2","aktualizace":"2025-02-01","globalid":"{9AF2B597-CF3A-424A-9682-76B2DC0E9ECE}"}},{"geometry":{"type":"Point","coordinates":[14.4446922,50.0704036]},"type":"Feature","properties":{"natural":"tree","kod_sprav":"2 MČ Praha 2","aktualizace":"2025-02-01","globalid":"{EFEAA1D8-21B7-4B53-B32B-FC862FD52504}"}},{"geometry":{"type":"Point","coordinates":[14.4446898,50.0703074]},"type":"Feature","properties":{"natural":"tree","kod_sprav":"2 MČ Praha 2","aktualizace":"2025-02-01","globalid":"{9FA29CA1-B1BF-46D8-AEAB-F9EE82A148B4}"}},{"geometry":{"type":"Point","coordinates":[14.4440471,50.0707035]},"type":"Feature","properties":{"natural":"tree","kod_sprav":"2 MČ Praha 2","aktualizace":"2025-02-01","globalid":"{87336092-E954-45F6-BA76-0C31E930C3AA}"}},{"geometry":{"type":"Point","coordinates":[14.4443331,50.0703206]},"type":"Feature","properties":{"natural":"tree","kod_sprav":"2 MČ Praha 2","aktualizace":"2025-02-01","globalid":"{307152A5-1E39-41F8-9C8C-C6C5A8BADF1E}"}},{"geometry":{"type":"Point","coordinates":[14.4410643,50.0733992]},"type":"Feature","properties":{"natural":"tree","kod_sprav":"2 MČ Praha 2","aktualizace":"2025-02-01","globalid":"{D341E428-1D66-438B-A3F3-3A54019A2323}"}},{"geometry":{"type":"Point","coordinates":[14.4443043,50.0701802]},"type":"Feature","properties":{"natural":"tree","kod_sprav":"2 MČ Praha 2","aktualizace":"2025-02-01","globalid":"{4C40B168-52BC-40F9-B660-39C2EA90E0F5}"}},{"geometry":{"type":"Point","coordinates":[14.4420694,50.0705341]},"type":"Feature","properties":{"natural":"tree","kod_sprav":"2 MČ Praha 2","aktualizace":"2025-02-01","globalid":"{B40A3E4E-7839-46A6-A2A6-EBAD84D636AC}"}},{"geometry":{"type":"Point","coordinates":[14.442473,50.0707181]},"type":"Feature","properties":{"natural":"tree","kod_sprav":"2 MČ Praha 2","aktualizace":"2025-02-01","globalid":"{C5D137B9-A1C2-40C6-A02B-6C23BD7F5CCA}"}},{"geometry":{"type":"Point","coordinates":[14.4408026,50.0704895]},"type":"Feature","properties":{"natural":"tree","kod_sprav":"2 MČ Praha 2","aktualizace":"2025-02-01","globalid":"{54D81C4F-DE3A-40DD-81CB-01B10B4C462C}"}},{"geometry":{"type":"Point","coordinates":[14.4436447,50.0702991]},"type":"Feature","properties":{"natural":"tree","kod_sprav":"2 MČ Praha 2","aktualizace":"2025-02-01","globalid":"{84E8CBF5-0188-4752-BF2C-764A81350847}"}},{"geometry":{"type":"Point","coordinates":[14.4448168,50.0701146]},"type":"Feature","properties":{"natural":"tree","kod_sprav":"2 MČ Praha 2","aktualizace":"2025-02-01","globalid":"{9498B3CA-EFBC-46EF-A160-BFBE162984B5}"}},{"geometry":{"type":"Point","coordinates":[14.4448364,50.070254]},"type":"Feature","properties":{"natural":"tree","kod_sprav":"2 MČ Praha 2","aktualizace":"2025-02-01","globalid":"{738B1B1E-0EED-4AA8-A7AE-E3A284F688CF}"}},{"geometry":{"type":"Point","coordinates":[14.4449989,50.0702248]},"type":"Feature","properties":{"natural":"tree","kod_sprav":"2 MČ Praha 2","aktualizace":"2025-02-01","globalid":"{CE697BA7-913D-4C27-B786-A62191A76F46}"}},{"geometry":{"type":"Point","coordinates":[14.4456335,50.0703007]},"type":"Feature","properties":{"natural":"tree","kod_sprav":"2 MČ Praha 2","aktualizace":"2025-02-01","globalid":"{DEEDA27F-1F35-435B-B3D1-A1BDA5AA1A61}"}},{"geometry":{"type":"Point","coordinates":[14.4440266,50.0729827]},"type":"Feature","properties":{"natural":"tree","kod_sprav":"2 MČ Praha 2","aktualizace":"2025-02-01","globalid":"{2BB987B4-43EE-4E29-B554-CE4AAA4F5FE1}"}},{"geometry":{"type":"Point","coordinates":[14.4438834,50.0729841]},"type":"Feature","properties":{"natural":"tree","kod_sprav":"2 MČ Praha 2","aktualizace":"2025-02-01","globalid":"{3D362296-D262-477A-9536-DC0737CA4DDD}"}},{"geometry":{"type":"Point","coordinates":[14.4440311,50.0727896]},"type":"Feature","properties":{"natural":"tree","kod_sprav":"2 MČ Praha 2","aktualizace":"2025-02-01","globalid":"{C66E77CC-9A8B-449C-84CC-7B7584CD3DDB}"}},{"geometry":{"type":"Point","coordinates":[14.4438873,50.0727885]},"type":"Feature","properties":{"natural":"tree","kod_sprav":"2 MČ Praha 2","aktualizace":"2025-02-01","globalid":"{844DF7B5-9DD8-412A-AED1-018FFA83E74E}"}},{"geometry":{"type":"Point","coordinates":[14.4374846,50.0759492]},"type":"Feature","properties":{"natural":"tree","kod_sprav":"2 MČ Praha 2","aktualizace":"2025-02-01","globalid":"{EA98D145-37D2-436F-83A3-B40E9612F214}"}},{"geometry":{"type":"Point","coordinates":[14.4419587,50.0733667]},"type":"Feature","properties":{"natural":"tree","kod_sprav":"2 MČ Praha 2","aktualizace":"2025-02-01","globalid":"{A2F2313E-7F5F-421C-A02F-28E48C08C0AD}"}},{"geometry":{"type":"Point","coordinates":[14.4368098,50.0746237]},"type":"Feature","properties":{"natural":"tree","kod_sprav":"2 MČ Praha 2","aktualizace":"2025-02-01","globalid":"{02337BB7-23FA-4EE2-B3D3-5F9FC5BE4206}"}},{"geometry":{"type":"Point","coordinates":[14.4421088,50.0733596]},"type":"Feature","properties":{"natural":"tree","kod_sprav":"2 MČ Praha 2","aktualizace":"2025-02-01","globalid":"{6690F841-9335-4750-92AB-067CD2733EF6}"}},{"geometry":{"type":"Point","coordinates":[14.4366777,50.0746046]},"type":"Feature","properties":{"natural":"tree","kod_sprav":"2 MČ Praha 2","aktualizace":"2025-02-01","globalid":"{8C1405FD-9F2D-495B-838D-D610AF378748}"}},{"geometry":{"type":"Point","coordinates":[14.4421123,50.0733015]},"type":"Feature","properties":{"natural":"tree","kod_sprav":"2 MČ Praha 2","aktualizace":"2025-02-01","globalid":"{62552327-E22D-4A99-A923-A9670DF9A76F}"}},{"geometry":{"type":"Point","coordinates":[14.4360879,50.0745194]},"type":"Feature","properties":{"natural":"tree","kod_sprav":"2 MČ Praha 2","aktualizace":"2025-02-01","globalid":"{BBCBD9E1-4D5E-4B69-8728-A1E6BAB4A115}"}},{"geometry":{"type":"Point","coordinates":[14.4421134,50.0731891]},"type":"Feature","properties":{"natural":"tree","kod_sprav":"2 MČ Praha 2","aktualizace":"2025-02-01","globalid":"{DEC0A1F4-A784-4EC8-A3BF-714341BD9A61}"}},{"geometry":{"type":"Point","coordinates":[14.4392867,50.0752486]},"type":"Feature","properties":{"natural":"tree","kod_sprav":"2 MČ Praha 2","aktualizace":"2025-02-01","globalid":"{86255628-318A-4F9C-B4CC-F5F08303CC6A}"}},{"geometry":{"type":"Point","coordinates":[14.4394599,50.075246]},"type":"Feature","properties":{"natural":"tree","kod_sprav":"2 MČ Praha 2","aktualizace":"2025-02-01","globalid":"{066A3956-4CCA-4E90-9FAC-7A9FFCAF78FA}"}},{"geometry":{"type":"Point","coordinates":[14.4393808,50.0752483]},"type":"Feature","properties":{"natural":"tree","kod_sprav":"2 MČ Praha 2","aktualizace":"2025-02-01","globalid":"{EC3380AB-7175-48FA-AA7A-C80B5FEA22FD}"}}]}