{"type":"FeatureCollection","features":[{"geometry":{"type":"Point","coordinates":[14.4351554,50.082622]},"type":"Feature","properties":{"amenity":"toilets","wheelchair":"yes","lokalita":"HLAVNÍ NÁDRAŽÍ (ČD) - WC  I","adresa":"Praha 2, Wilsonova 8","typ":"1 DPP, dopravní uzel (nádraží, letiště)","umisteni_podrob":"2 nádraží + MHD (kromě metra)","vozickari":"1 ano","globalid":"{5A89B8AF-2FE2-4F0B-A484-9DA5A81D689C}"}},{"geometry":{"type":"Point","coordinates":[14.4911986,50.1042697]},"type":"Feature","properties":{"amenity":"toilets","wheelchair":"yes","lokalita":"Obchodní centrum Galerie Harfa- přízemí","adresa":"Praha 9, Českomoravská 2420/15a","typ":"3 přístupné v rámci podniku/ úřadu","umisteni_podrob":"4 obchodní centrum","vozickari":"1 ano","globalid":"{25C9432F-59F5-4417-AAB5-872356745659}"}},{"geometry":{"type":"Point","coordinates":[14.4911807,50.1042784]},"type":"Feature","properties":{"amenity":"toilets","wheelchair":"yes","lokalita":"Obchodní centrum Galerie Harfa- zvýšené přízemí","adresa":"Praha 9, Českomoravská 2420/15a","typ":"3 přístupné v rámci podniku/ úřadu","umisteni_podrob":"4 obchodní centrum","vozickari":"1 ano","globalid":"{980C24A5-0BB6-44C6-AA8A-912C3D9AB43E}"}},{"geometry":{"type":"Point","coordinates":[14.4673441,50.078455]},"type":"Feature","properties":{"amenity":"toilets","wheelchair":"no","lokalita":"Olšanské hřbitovy","adresa":"Vinohradská , Praha 3","typ":"2 WC kiosek","vozickari":"0 ne","globalid":"{2C834147-6B6F-491C-B731-E31B830EA449}"}},{"geometry":{"type":"Point","coordinates":[14.4201968,50.0868556]},"type":"Feature","properties":{"amenity":"toilets","wheelchair":"no","lokalita":"WC STAROMĚSTSKÁ RADNICE","adresa":"Staroměstské nám. 1/3","typ":"2 WC kiosek","vozickari":"0 ne","globalid":"{CDD810C9-ECA7-4FF2-9608-FD906C0A2731}"}},{"geometry":{"type":"Point","coordinates":[14.3965493,50.0820675]},"type":"Feature","properties":{"amenity":"toilets","wheelchair":"no","lokalita":"LANOVÁ DRÁHA NA PETŘÍN - HORNÍ STANICE PETŘÍN","typ":"2 WC kiosek","vozickari":"0 ne","globalid":"{5CA05E75-AF5A-4A0E-A146-D515427CB2FB}"}},{"geometry":{"type":"Point","coordinates":[14.4301968,50.0892862]},"type":"Feature","properties":{"amenity":"toilets","wheelchair":"yes","lokalita":"OC PALLADIUM - 2. patro (+2)","adresa":"nám. Republiky 2","typ":"3 přístupné v rámci podniku/ úřadu","umisteni_podrob":"4 obchodní centrum","vozickari":"1 ano","globalid":"{92A674F0-95B0-4E0F-B6C7-B2601B299A53}"}},{"geometry":{"type":"Point","coordinates":[14.2857021,50.0531987]},"type":"Feature","properties":{"amenity":"toilets","wheelchair":"yes","lokalita":"METROPOLE ZLIČÍN - přízemí","adresa":"Řevnická 121/1","typ":"3 přístupné v rámci podniku/ úřadu","umisteni_podrob":"4 obchodní centrum","vozickari":"1 ano","globalid":"{C99AFFAA-EDB8-4715-B34E-5350EF9EDD3A}"}},{"geometry":{"type":"Point","coordinates":[14.2867259,50.0539546]},"type":"Feature","properties":{"amenity":"toilets","wheelchair":"yes","lokalita":"METROPOLE ZLIČÍN - 1.patro","adresa":"Řevnická 121/1","typ":"3 přístupné v rámci podniku/ úřadu","umisteni_podrob":"4 obchodní centrum","vozickari":"1 ano","globalid":"{7F86B630-5E6B-4165-AFC1-69F6CE5A7292}"}},{"geometry":{"type":"Point","coordinates":[14.2867259,50.0539546]},"type":"Feature","properties":{"amenity":"toilets","wheelchair":"yes","lokalita":"METROPOLE ZLIČÍN - přízemí","adresa":"Řevnická 121/1","typ":"3 přístupné v rámci podniku/ úřadu","umisteni_podrob":"4 obchodní centrum","vozickari":"1 ano","globalid":"{D6DC742A-C849-4A0F-8BB6-865E88D89E93}"}},{"geometry":{"type":"Point","coordinates":[14.429922,50.1022131]},"type":"Feature","properties":{"amenity":"toilets","wheelchair":"yes","lokalita":"OC Stromovka - 0. podlaží","adresa":"Veletržní 24, Praha 7","typ":"3 přístupné v rámci podniku/ úřadu","umisteni_podrob":"4 obchodní centrum","vozickari":"1 ano","globalid":"{ACBC78F7-1D53-4620-A11A-EBA0B10185A9}"}},{"geometry":{"type":"Point","coordinates":[14.4298664,50.1022007]},"type":"Feature","properties":{"amenity":"toilets","wheelchair":"no","lokalita":"OC Stromovka - 2. podlaží","adresa":"Veletržní 24, Praha 7","typ":"3 přístupné v rámci podniku/ úřadu","umisteni_podrob":"4 obchodní centrum","vozickari":"0 ne","globalid":"{A9B2E382-668C-4888-8328-1AC917B85E1C}"}},{"geometry":{"type":"Point","coordinates":[14.4043628,50.0971917]},"type":"Feature","properties":{"amenity":"toilets","wheelchair":"yes","lokalita":"METRO LINKA A - HRADČANSKÁ","typ":"1 DPP, dopravní uzel (nádraží, letiště)","umisteni_podrob":"1A metro A","vozickari":"1 ano","globalid":"{413CFE61-DF53-4D52-BF0B-7693E2CA6F86}"}},{"geometry":{"type":"Point","coordinates":[14.438601,50.0993045]},"type":"Feature","properties":{"amenity":"toilets","wheelchair":"yes","lokalita":"METRO LINKA C - VLTAVSKÁ","typ":"1 DPP, dopravní uzel (nádraží, letiště)","umisteni_podrob":"1C metro C","vozickari":"1 ano","globalid":"{197C5613-B4F7-4186-B73F-7962D5E55F73}"}},{"geometry":{"type":"Point","coordinates":[14.4036992,50.0826489]},"type":"Feature","properties":{"amenity":"toilets","wheelchair":"no","lokalita":"LANOVÁ DRÁHA NA PETŘÍN - DOLNÍ STANICE ÚJEZD","typ":"1 DPP, dopravní uzel (nádraží, letiště)","umisteni_podrob":"2 nádraží + MHD (kromě metra)","vozickari":"0 ne","globalid":"{D4A476FA-E465-4893-9813-F53272E9AAD3}"}},{"geometry":{"type":"Point","coordinates":[14.4162739,50.0884294]},"type":"Feature","properties":{"amenity":"toilets","wheelchair":"no","lokalita":"METRO LINKA A - STAROMĚSTSKÁ","typ":"1 DPP, dopravní uzel (nádraží, letiště)","umisteni_podrob":"1A metro A","vozickari":"0 ne","globalid":"{1FDF03B8-A7B9-4022-AED4-1BAC2E8F3206}"}},{"geometry":{"type":"Point","coordinates":[14.4234803,50.0840608]},"type":"Feature","properties":{"amenity":"toilets","wheelchair":"yes","lokalita":"METRO LINKA A - MŮSTEK","typ":"1 DPP, dopravní uzel (nádraží, letiště)","umisteni_podrob":"1A metro A","vozickari":"1 ano","globalid":"{01286F82-39A9-4F84-B578-02509B2D2C82}"}},{"geometry":{"type":"Point","coordinates":[14.4399106,50.0892682]},"type":"Feature","properties":{"amenity":"toilets","wheelchair":"yes","lokalita":"AUTOBUSOVÉ NÁDRAŽÍ FLORENC - WC v nové budově","adresa":"Křižíkova 6/344, Praha 8","typ":"1 DPP, dopravní uzel (nádraží, letiště)","umisteni_podrob":"2 nádraží + MHD (kromě metra)","vozickari":"1 ano","globalid":"{A281DCFD-8103-4E99-973B-6C2682CA36E3}"}},{"geometry":{"type":"Point","coordinates":[14.4730713,50.103408]},"type":"Feature","properties":{"amenity":"toilets","wheelchair":"no","lokalita":"METRO LINKA B - PALMOVKA","typ":"1 DPP, dopravní uzel (nádraží, letiště)","umisteni_podrob":"1B metro B","vozickari":"0 ne","globalid":"{A5304031-A0A0-4205-BE83-AC2D5EAF34E2}"}},{"geometry":{"type":"Point","coordinates":[14.5777767,50.1090832]},"type":"Feature","properties":{"amenity":"toilets","wheelchair":"yes","lokalita":"METRO LINKA B - ČERNÝ MOST","typ":"1 DPP, dopravní uzel (nádraží, letiště)","umisteni_podrob":"1B metro B","vozickari":"1 ano","globalid":"{E52AAE54-FDBD-44EA-B941-1B5721E0AB44}"}},{"geometry":{"type":"Point","coordinates":[14.4775723,50.0373946]},"type":"Feature","properties":{"amenity":"toilets","wheelchair":"no","lokalita":"METRO LINKA C - ROZTYLY","typ":"1 DPP, dopravní uzel (nádraží, letiště)","umisteni_podrob":"1C metro C","vozickari":"0 ne","globalid":"{6BDD5E7C-4226-4141-82C8-3EC066457744}"}},{"geometry":{"type":"Point","coordinates":[14.4301369,50.0754268]},"type":"Feature","properties":{"amenity":"toilets","wheelchair":"no","lokalita":"METRO LINKA C - I. P. PAVLOVA","typ":"1 DPP, dopravní uzel (nádraží, letiště)","umisteni_podrob":"1C metro C","vozickari":"0 ne","globalid":"{9A576C8E-B14A-49CD-BC2F-ACDAEF923FB5}"}},{"geometry":{"type":"Point","coordinates":[14.4610436,50.0780522]},"type":"Feature","properties":{"amenity":"toilets","wheelchair":"no","lokalita":"METRO LINKA A - FLORA","typ":"1 DPP, dopravní uzel (nádraží, letiště)","umisteni_podrob":"1A metro A","vozickari":"0 ne","globalid":"{ECD89627-F853-4B0A-9145-CF445EC71B3A}"}},{"geometry":{"type":"Point","coordinates":[14.4997443,50.1196755]},"type":"Feature","properties":{"amenity":"toilets","wheelchair":"yes","lokalita":"McDonald´s Billa Prosek","adresa":"Praha 9, Vysočanská 20/382","typ":"3 přístupné v rámci podniku/ úřadu","umisteni_podrob":"5 McDonald's","vozickari":"1 ano","globalid":"{45A0F4E1-53CB-4E09-AA30-AEBE49791BF3}"}},{"geometry":{"type":"Point","coordinates":[14.5010039,50.1354037]},"type":"Feature","properties":{"amenity":"toilets","wheelchair":"yes","lokalita":"OC Letňany - 1.patro","adresa":"Praha 9, Veselská 663","typ":"3 přístupné v rámci podniku/ úřadu","umisteni_podrob":"4 obchodní centrum","vozickari":"1 ano","globalid":"{B7B85729-D651-4B5B-BBB0-860255427FFA}"}},{"geometry":{"type":"Point","coordinates":[14.4173582,50.087441]},"type":"Feature","properties":{"amenity":"toilets","wheelchair":"yes","lokalita":"WC Městská knihovna","adresa":"Mariánské náměstí 1","typ":"2 WC kiosek","vozickari":"1 ano","globalid":"{0A0569E8-8FA4-4FDE-9409-1BF7B99E96FC}"}},{"geometry":{"type":"Point","coordinates":[14.4036282,50.0685782]},"type":"Feature","properties":{"amenity":"toilets","wheelchair":"yes","lokalita":"METRO LINKA B - ANDĚL","typ":"1 DPP, dopravní uzel (nádraží, letiště)","umisteni_podrob":"1B metro B","vozickari":"1 ano","globalid":"{AC5B154D-5500-4EC9-9D77-4D932C263DC0}"}},{"geometry":{"type":"Point","coordinates":[14.2906791,50.0537302]},"type":"Feature","properties":{"amenity":"toilets","wheelchair":"yes","lokalita":"METRO LINKA B - ZLIČÍN","typ":"1 DPP, dopravní uzel (nádraží, letiště)","umisteni_podrob":"1B metro B","vozickari":"1 ano","globalid":"{55A1D0E7-120D-4114-8EE4-DAA212535B0C}"}},{"geometry":{"type":"Point","coordinates":[14.3077416,50.0468093]},"type":"Feature","properties":{"amenity":"toilets","wheelchair":"yes","lokalita":"METRO LINKA B - STODŮLKY","typ":"1 DPP, dopravní uzel (nádraží, letiště)","umisteni_podrob":"1B metro B","vozickari":"1 ano","globalid":"{A8BE0793-BB34-401F-B924-0A05A08CE152}"}},{"geometry":{"type":"Point","coordinates":[14.4324665,50.0884556]},"type":"Feature","properties":{"amenity":"toilets","wheelchair":"no","lokalita":"METRO LINKA B - NÁMĚSTÍ REPUBLIKY","typ":"1 DPP, dopravní uzel (nádraží, letiště)","umisteni_podrob":"1B metro B","vozickari":"0 ne","globalid":"{625C28ED-3812-4A93-8DEB-8894E07F6E21}"}},{"geometry":{"type":"Point","coordinates":[14.4400287,50.0897019]},"type":"Feature","properties":{"amenity":"toilets","wheelchair":"no","lokalita":"AUTOBUSOVÉ NÁDRAŽÍ FLORENC - WC ve staré budově","adresa":"Křižíkova 6/344, Praha 8","typ":"1 DPP, dopravní uzel (nádraží, letiště)","umisteni_podrob":"2 nádraží + MHD (kromě metra)","vozickari":"0 ne","globalid":"{79536FC5-53ED-4719-838E-63A299656EC3}"}},{"geometry":{"type":"Point","coordinates":[14.448095,50.0448419]},"type":"Feature","properties":{"amenity":"toilets","wheelchair":"no","lokalita":"METRO LINKA C - BUDĚJOVICKÁ","typ":"1 DPP, dopravní uzel (nádraží, letiště)","umisteni_podrob":"1C metro C","vozickari":"0 ne","globalid":"{C9BBCC94-1C66-4254-A67E-46D667D36615}"}},{"geometry":{"type":"Point","coordinates":[14.4558523,50.1245544]},"type":"Feature","properties":{"amenity":"toilets","wheelchair":"yes","lokalita":"METRO LINKA C - KOBYLISY","typ":"1 DPP, dopravní uzel (nádraží, letiště)","umisteni_podrob":"1C metro C","vozickari":"1 ano","globalid":"{3A8E9EBC-9DCA-49BD-A7DC-0EFBF65BF0D3}"}},{"geometry":{"type":"Point","coordinates":[14.5030533,50.1365404]},"type":"Feature","properties":{"amenity":"toilets","wheelchair":"yes","lokalita":"OC Letňany - přízemí","adresa":"Praha 9, Veselská 663","typ":"3 přístupné v rámci podniku/ úřadu","umisteni_podrob":"4 obchodní centrum","vozickari":"1 ano","globalid":"{7B816191-FAF8-4FF9-83E6-BF41C80F5CDD}"}},{"geometry":{"type":"Point","coordinates":[14.5078883,50.0277359]},"type":"Feature","properties":{"amenity":"toilets","wheelchair":"yes","lokalita":"METRO LINKA C - OPATOV","typ":"1 DPP, dopravní uzel (nádraží, letiště)","umisteni_podrob":"1C metro C","vozickari":"1 ano","globalid":"{204427C4-2D22-4206-B940-0130840B87CE}"}},{"geometry":{"type":"Point","coordinates":[14.3413235,50.0498806]},"type":"Feature","properties":{"amenity":"toilets","wheelchair":"yes","lokalita":"METRO LINKA B - HŮRKA","typ":"1 DPP, dopravní uzel (nádraží, letiště)","umisteni_podrob":"1B metro B","vozickari":"1 ano","globalid":"{54780FA2-D0D0-4CCA-9C12-0ED5E1F2F2BF}"}},{"geometry":{"type":"Point","coordinates":[14.409588,50.0910602]},"type":"Feature","properties":{"amenity":"toilets","wheelchair":"no","lokalita":"METRO LINKA A - MALOSTRANSKÁ","typ":"1 DPP, dopravní uzel (nádraží, letiště)","umisteni_podrob":"1A metro A","vozickari":"0 ne","globalid":"{0A09B035-46F1-46A8-B028-2A53D65D4164}"}},{"geometry":{"type":"Point","coordinates":[14.2654182,50.1059263]},"type":"Feature","properties":{"amenity":"toilets","wheelchair":"no","lokalita":"LETIŠTĚ VÁCLAVA HAVLA PRAHA - 1. patro - Terminál 2","typ":"1 DPP, dopravní uzel (nádraží, letiště)","umisteni_podrob":"3 letiště","vozickari":"0 ne","globalid":"{BB6CE3B9-CFEF-4CFC-9A91-FAED67CFC586}"}},{"geometry":{"type":"Point","coordinates":[14.2658469,50.1058099]},"type":"Feature","properties":{"amenity":"toilets","wheelchair":"no","lokalita":"LETIŠTĚ VÁCLAVA HAVLA PRAHA - přízemí - Terminál 2","typ":"1 DPP, dopravní uzel (nádraží, letiště)","umisteni_podrob":"3 letiště","vozickari":"0 ne","globalid":"{F0DF31FA-F5E6-4104-9C30-90C8DD2E35EC}"}},{"geometry":{"type":"Point","coordinates":[14.501782,50.1013821]},"type":"Feature","properties":{"amenity":"toilets","wheelchair":"yes","lokalita":"NÁDRAŽÍ PRAHA - LIBEŇ (ČD)","adresa":"Praha 9, Českomoravská 316","typ":"1 DPP, dopravní uzel (nádraží, letiště)","umisteni_podrob":"2 nádraží + MHD (kromě metra)","vozickari":"1 ano","globalid":"{4E27BE22-71AF-4A69-9A9F-953CF10713BB}"}},{"geometry":{"type":"Point","coordinates":[14.502042,50.1103511]},"type":"Feature","properties":{"amenity":"toilets","wheelchair":"yes","lokalita":"METRO LINKA B - VYSOČANSKÁ","typ":"1 DPP, dopravní uzel (nádraží, letiště)","umisteni_podrob":"1B metro B","vozickari":"1 ano","globalid":"{981EB6CB-A586-4B2C-BFAB-6156089A1EED}"}},{"geometry":{"type":"Point","coordinates":[14.5001669,50.1103647]},"type":"Feature","properties":{"amenity":"toilets","wheelchair":"yes","lokalita":"Městská část Praha 9- úřad MČ","adresa":"Praha 9, Sokolovská 324/14","typ":"3 přístupné v rámci podniku/ úřadu","vozickari":"1 ano","globalid":"{92EEE1C7-4F09-472C-BAB2-74645D4CF979}"}},{"geometry":{"type":"Point","coordinates":[14.5014766,50.1098188]},"type":"Feature","properties":{"amenity":"toilets","wheelchair":"yes","lokalita":"Nákupní Galérie Fénix - dolní pasáž","adresa":"P 9, Vysočanská 945","typ":"3 přístupné v rámci podniku/ úřadu","umisteni_podrob":"4 obchodní centrum","vozickari":"1 ano","globalid":"{6E245AB3-87E2-4481-B2DD-24421F216288}"}},{"geometry":{"type":"Point","coordinates":[14.5015368,50.1104821]},"type":"Feature","properties":{"amenity":"toilets","wheelchair":"yes","lokalita":"Nákupní Galérie Fénix - horní pasáž","adresa":"Praha 9, Vysočanská 945","typ":"3 přístupné v rámci podniku/ úřadu","umisteni_podrob":"4 obchodní centrum","vozickari":"1 ano","globalid":"{855F3839-33F5-4830-8998-E45A00ACDB0D}"}},{"geometry":{"type":"Point","coordinates":[14.4993069,50.1100049]},"type":"Feature","properties":{"amenity":"toilets","wheelchair":"yes","lokalita":"METRO LINKA B - VYSOČANSKÁ","typ":"1 DPP, dopravní uzel (nádraží, letiště)","umisteni_podrob":"1B metro B","vozickari":"1 ano","globalid":"{7E3667CF-BF83-4AFA-8164-CD3E89AD9C1C}"}},{"geometry":{"type":"Point","coordinates":[14.4380463,50.0509216]},"type":"Feature","properties":{"amenity":"toilets","wheelchair":"yes","lokalita":"ARKÁDY PANKRÁC - přízemí","adresa":"Na Pankráci 87","typ":"3 přístupné v rámci podniku/ úřadu","umisteni_podrob":"4 obchodní centrum","vozickari":"1 ano","globalid":"{8B550F27-D748-446B-9A02-92059C837CDF}"}},{"geometry":{"type":"Point","coordinates":[14.4383149,50.0513622]},"type":"Feature","properties":{"amenity":"toilets","wheelchair":"yes","lokalita":"ARKÁDY PANKRÁC - 1.patro","adresa":"Na Pankráci 87","typ":"3 přístupné v rámci podniku/ úřadu","umisteni_podrob":"4 obchodní centrum","vozickari":"1 ano","globalid":"{AC25F3E1-D090-4D8A-92BA-A6855145F4B1}"}},{"geometry":{"type":"Point","coordinates":[14.4393252,50.0515008]},"type":"Feature","properties":{"amenity":"toilets","wheelchair":"no","lokalita":"METRO LINKA C - PANKRÁC","typ":"1 DPP, dopravní uzel (nádraží, letiště)","umisteni_podrob":"1C metro C","vozickari":"0 ne","globalid":"{CED8E3D7-CE19-4713-BCD4-B92EACD068F9}"}},{"geometry":{"type":"Point","coordinates":[14.4389394,50.0895919]},"type":"Feature","properties":{"amenity":"toilets","wheelchair":"no","lokalita":"METRO LINKA C - FLORENC","typ":"1 DPP, dopravní uzel (nádraží, letiště)","umisteni_podrob":"1C metro C","vozickari":"0 ne","globalid":"{6E12F5CF-58A8-4D36-83A3-A12162DCFD0D}"}},{"geometry":{"type":"Point","coordinates":[14.429931,50.0631819]},"type":"Feature","properties":{"amenity":"toilets","wheelchair":"yes","lokalita":"METRO LINKA C - VYŠEHRAD","typ":"1 DPP, dopravní uzel (nádraží, letiště)","umisteni_podrob":"1C metro C","vozickari":"1 ano","globalid":"{8B4F75A3-CCCB-4A60-BBC1-32BAA133FC88}"}},{"geometry":{"type":"Point","coordinates":[14.4203719,50.0814338]},"type":"Feature","properties":{"amenity":"toilets","wheelchair":"no","lokalita":"OC Quadrio - podlaží -1","adresa":"Spálená 2121/22, Praha 1","typ":"3 přístupné v rámci podniku/ úřadu","umisteni_podrob":"4 obchodní centrum","vozickari":"0 ne","globalid":"{21427560-E37A-434D-8271-C68253616F22}"}},{"geometry":{"type":"Point","coordinates":[14.5371101,50.1066678]},"type":"Feature","properties":{"amenity":"toilets","wheelchair":"yes","lokalita":"METRO LINKA B - HLOUBĚTÍN","typ":"1 DPP, dopravní uzel (nádraží, letiště)","umisteni_podrob":"1B metro B","vozickari":"1 ano","globalid":"{3B247F4E-8173-4979-9DB0-5CCE28F5EF20}"}},{"geometry":{"type":"Point","coordinates":[14.4986688,50.1191963]},"type":"Feature","properties":{"amenity":"toilets","wheelchair":"yes","lokalita":"METRO LINKA C - PROSEK","typ":"1 DPP, dopravní uzel (nádraží, letiště)","umisteni_podrob":"1C metro C","vozickari":"1 ano","globalid":"{3834FA2C-5F94-4A5D-BC97-850DC9FBA058}"}},{"geometry":{"type":"Point","coordinates":[14.4379197,50.0753097]},"type":"Feature","properties":{"amenity":"toilets","wheelchair":"no","lokalita":"METRO LINKA A - NÁMĚSTÍ MÍRU","typ":"1 DPP, dopravní uzel (nádraží, letiště)","umisteni_podrob":"1A metro A","vozickari":"0 ne","globalid":"{F8CB2FC9-C1CC-45E2-8F48-BDD7E7A57781}"}},{"geometry":{"type":"Point","coordinates":[14.2964573,50.0530878]},"type":"Feature","properties":{"amenity":"toilets","wheelchair":"yes","lokalita":"Hypermarket GLOBUS Praha - Zličín","adresa":"Sárská 5/133, Praha 5","typ":"3 přístupné v rámci podniku/ úřadu","umisteni_podrob":"4 obchodní centrum","vozickari":"1 ano","globalid":"{DC29C3DD-955F-4771-A6AC-6E3E0916BDD6}"}},{"geometry":{"type":"Point","coordinates":[14.5151579,50.1103658]},"type":"Feature","properties":{"amenity":"toilets","wheelchair":"yes","lokalita":"METRO LINKA B - KOLBENOVA","typ":"1 DPP, dopravní uzel (nádraží, letiště)","umisteni_podrob":"1B metro B","vozickari":"1 ano","globalid":"{F801A66B-D111-4C21-84D8-6118122B9C36}"}},{"geometry":{"type":"Point","coordinates":[14.4083685,50.092351]},"type":"Feature","properties":{"amenity":"toilets","wheelchair":"no","lokalita":"WC V ZAHRADĚ VILLY RICHTER","typ":"2 WC kiosek","vozickari":"0 ne","globalid":"{744EC690-3624-4F9A-8D60-5CC064AFE7FA}"}},{"geometry":{"type":"Point","coordinates":[14.4518312,50.0933198]},"type":"Feature","properties":{"amenity":"toilets","wheelchair":"no","lokalita":"METRO LINKA B - KŘIŽÍKOVA","typ":"1 DPP, dopravní uzel (nádraží, letiště)","umisteni_podrob":"1B metro B","vozickari":"0 ne","globalid":"{B6A99E30-A220-4A2D-8FA0-595D2729022F}"}},{"geometry":{"type":"Point","coordinates":[14.4337791,50.0829716]},"type":"Feature","properties":{"amenity":"toilets","wheelchair":"no","lokalita":"HLAVNÍ NÁDRAŽÍ (ČD) - WC III","adresa":"Praha 2, Wilsonova 8","typ":"1 DPP, dopravní uzel (nádraží, letiště)","umisteni_podrob":"2 nádraží + MHD (kromě metra)","vozickari":"0 ne","globalid":"{91DE8019-ADA6-484D-9FA0-3E129F03AD1C}"}},{"geometry":{"type":"Point","coordinates":[14.4760842,50.1044611]},"type":"Feature","properties":{"amenity":"toilets","wheelchair":"yes","lokalita":"METRO LINKA B - PALMOVKA","typ":"1 DPP, dopravní uzel (nádraží, letiště)","umisteni_podrob":"1B metro B","vozickari":"1 ano","globalid":"{25FA4812-B33C-4E31-ABC9-12C1C51EFFA7}"}},{"geometry":{"type":"Point","coordinates":[14.2685126,50.1084269]},"type":"Feature","properties":{"amenity":"toilets","wheelchair":"no","lokalita":"LETIŠTĚ VÁCLAVA HAVLA PRAHA - přízemí - Terminál 1","typ":"1 DPP, dopravní uzel (nádraží, letiště)","umisteni_podrob":"3 letiště","vozickari":"0 ne","globalid":"{232D60E1-B039-4434-96A2-E5E8EBA30099}"}},{"geometry":{"type":"Point","coordinates":[14.266502,50.1064658]},"type":"Feature","properties":{"amenity":"toilets","wheelchair":"no","lokalita":"LETIŠTĚ VÁCLAVA HAVLA PRAHA - přízemí - Terminál 1 / 2","typ":"1 DPP, dopravní uzel (nádraží, letiště)","umisteni_podrob":"3 letiště","vozickari":"0 ne","globalid":"{2BEF5D1C-1F5A-4D15-B801-65EDB0E8D65E}"}},{"geometry":{"type":"Point","coordinates":[14.4328726,50.0875354]},"type":"Feature","properties":{"amenity":"toilets","wheelchair":"no","lokalita":"MASARYKOVO NÁDRAŽÍ (ČD)","adresa":"Praha 1, Hybernská 13/1014","typ":"1 DPP, dopravní uzel (nádraží, letiště)","umisteni_podrob":"2 nádraží + MHD (kromě metra)","vozickari":"0 ne","globalid":"{EC23F985-15C5-4451-AD16-0E3E17ACCABE}"}},{"geometry":{"type":"Point","coordinates":[14.347598,50.0955521]},"type":"Feature","properties":{"amenity":"toilets","wheelchair":"yes","lokalita":"METRO LINKA A - NÁDRAŽÍ VELESLAVÍN","typ":"1 DPP, dopravní uzel (nádraží, letiště)","umisteni_podrob":"1A metro A","vozickari":"1 ano","globalid":"{54F28B71-E7C7-4AC4-83AB-0DF8CA81B5DC}"}},{"geometry":{"type":"Point","coordinates":[14.2676995,50.1046829]},"type":"Feature","properties":{"amenity":"toilets","wheelchair":"no","lokalita":"LETIŠTĚ VÁCLAVA HAVLA PRAHA - 1. patro - Terminál 2","typ":"1 DPP, dopravní uzel (nádraží, letiště)","umisteni_podrob":"3 letiště","vozickari":"0 ne","globalid":"{A599B27D-2867-4056-83A8-C316D0F4A8B0}"}},{"geometry":{"type":"Point","coordinates":[14.4088088,50.0605484]},"type":"Feature","properties":{"amenity":"toilets","wheelchair":"no","lokalita":"METRO LINKA B - SMÍCHOVSKÉ NÁDRAŽÍ","typ":"1 DPP, dopravní uzel (nádraží, letiště)","umisteni_podrob":"1B metro B","vozickari":"0 ne","globalid":"{AA6D6985-C3DC-4860-B578-1E9E0D32534C}"}},{"geometry":{"type":"Point","coordinates":[14.4019432,50.0732282]},"type":"Feature","properties":{"amenity":"toilets","wheelchair":"yes","lokalita":"OC NOVÝ SMÍCHOV - 1. patro","adresa":"Plzeňská 8","typ":"3 přístupné v rámci podniku/ úřadu","umisteni_podrob":"4 obchodní centrum","vozickari":"1 ano","globalid":"{DDE5C338-CD9B-468D-A1F5-125E0ED9A8F0}"}},{"geometry":{"type":"Point","coordinates":[14.4085113,50.061813]},"type":"Feature","properties":{"amenity":"toilets","wheelchair":"no","lokalita":"NÁDRAŽÍ PRAHA - SMÍCHOV (ČD)","adresa":"Praha 5, Nádražní 1/279","typ":"1 DPP, dopravní uzel (nádraží, letiště)","umisteni_podrob":"2 nádraží + MHD (kromě metra)","vozickari":"0 ne","globalid":"{7BB48ACE-0092-4E92-AAC5-0A3009D050F6}"}},{"geometry":{"type":"Point","coordinates":[14.3887298,50.05792]},"type":"Feature","properties":{"amenity":"toilets","wheelchair":"no","lokalita":"METRO LINKA B - RADLICKÁ","typ":"1 DPP, dopravní uzel (nádraží, letiště)","umisteni_podrob":"1B metro B","vozickari":"0 ne","globalid":"{19B5022E-0912-41AC-BB56-E3A44FD68B5B}"}},{"geometry":{"type":"Point","coordinates":[14.3709763,50.0545049]},"type":"Feature","properties":{"amenity":"toilets","wheelchair":"yes","lokalita":"METRO LINKA B - JINONICE","typ":"1 DPP, dopravní uzel (nádraží, letiště)","umisteni_podrob":"1B metro B","vozickari":"1 ano","globalid":"{5AE15952-5A1C-412E-9143-044AE1765024}"}},{"geometry":{"type":"Point","coordinates":[14.4689826,50.1266025]},"type":"Feature","properties":{"amenity":"toilets","wheelchair":"yes","lokalita":"METRO LINKA C - LÁDVÍ","typ":"1 DPP, dopravní uzel (nádraží, letiště)","umisteni_podrob":"1C metro C","vozickari":"1 ano","globalid":"{26D0AA17-2B38-49DA-88C4-A1C7AB59F9AF}"}},{"geometry":{"type":"Point","coordinates":[14.4642944,50.0972664]},"type":"Feature","properties":{"amenity":"toilets","wheelchair":"yes","lokalita":"METRO LINKA B - INVALIDOVNA","typ":"1 DPP, dopravní uzel (nádraží, letiště)","umisteni_podrob":"1B metro B","vozickari":"1 ano","globalid":"{8D02862F-3018-4541-A872-2845A48A1AF1}"}},{"geometry":{"type":"Point","coordinates":[14.4405636,50.1084128]},"type":"Feature","properties":{"amenity":"toilets","wheelchair":"yes","lokalita":"METRO LINKA C - NÁDRAŽÍ HOLEŠOVICE","typ":"1 DPP, dopravní uzel (nádraží, letiště)","umisteni_podrob":"1C metro C","vozickari":"1 ano","globalid":"{1CDA8555-6584-499D-82C4-8395A74B67CF}"}},{"geometry":{"type":"Point","coordinates":[14.4454648,50.1000097]},"type":"Feature","properties":{"amenity":"toilets","wheelchair":"no","lokalita":"PRAŽSKÁ TRŽNICE - severní WC","adresa":"Bubenské nábř. 306/13","typ":"2 WC kiosek","vozickari":"0 ne","globalid":"{D49F4146-549A-4241-93BE-483A706D0EE3}"}},{"geometry":{"type":"Point","coordinates":[14.440076,50.1097451]},"type":"Feature","properties":{"amenity":"toilets","wheelchair":"no","lokalita":"NÁDRAŽÍ PRAHA - HOLEŠOVICE (ČD)","adresa":"Praha 7, Partyzánská","typ":"1 DPP, dopravní uzel (nádraží, letiště)","umisteni_podrob":"2 nádraží + MHD (kromě metra)","vozickari":"0 ne","globalid":"{06C1DB7F-CFDB-4432-BEB1-65AFD113ABDB}"}},{"geometry":{"type":"Point","coordinates":[14.4555577,50.0776272]},"type":"Feature","properties":{"amenity":"toilets","wheelchair":"yes","lokalita":"WC PRO VOZÍČKÁŘE - VINOHRADSKÁ","typ":"2 WC kiosek","vozickari":"1 ano","globalid":"{650899D0-133F-476E-8A9B-14C10003843E}"}},{"geometry":{"type":"Point","coordinates":[14.4492457,50.0773284]},"type":"Feature","properties":{"amenity":"toilets","wheelchair":"no","lokalita":"METRO LINKA A - JIŘÍHO Z PODĚBRAD","typ":"1 DPP, dopravní uzel (nádraží, letiště)","umisteni_podrob":"1A metro A","vozickari":"0 ne","globalid":"{62533D16-F65A-4780-B182-A563B720A6A5}"}},{"geometry":{"type":"Point","coordinates":[14.5393582,50.0762853]},"type":"Feature","properties":{"amenity":"toilets","wheelchair":"yes","lokalita":"Fashion Arena Outlet Center - přízemí","adresa":"Praha 10 Štěrboholy, Zamenhofova 440","typ":"3 přístupné v rámci podniku/ úřadu","umisteni_podrob":"4 obchodní centrum","vozickari":"1 ano","globalid":"{5F988F5D-EADB-4AAB-962D-17EDFAEC92B3}"}},{"geometry":{"type":"Point","coordinates":[14.5159885,50.0763319]},"type":"Feature","properties":{"amenity":"toilets","wheelchair":"yes","lokalita":"METRO LINKA A - DEPO HOSTIVAŘ","typ":"1 DPP, dopravní uzel (nádraží, letiště)","umisteni_podrob":"1A metro A","vozickari":"1 ano","globalid":"{3664C6EC-42EA-45C9-9BF3-953729697981}"}},{"geometry":{"type":"Point","coordinates":[14.3446492,50.0876361]},"type":"Feature","properties":{"amenity":"toilets","wheelchair":"yes","lokalita":"METRO LINKA A - PETŘINY","typ":"1 DPP, dopravní uzel (nádraží, letiště)","umisteni_podrob":"1A metro A","vozickari":"1 ano","globalid":"{2F516EB0-5C74-4E21-84A2-F8A73CCC996F}"}},{"geometry":{"type":"Point","coordinates":[14.2892104,50.0536506]},"type":"Feature","properties":{"amenity":"toilets","wheelchair":"yes","lokalita":"METROPOLE ZLIČÍN - přízemí","adresa":"Řevnická 121/1","typ":"3 přístupné v rámci podniku/ úřadu","umisteni_podrob":"4 obchodní centrum","vozickari":"1 ano","globalid":"{78744278-BB26-4C93-96A3-FF045186CE97}"}},{"geometry":{"type":"Point","coordinates":[14.4315147,50.0857286]},"type":"Feature","properties":{"amenity":"toilets","wheelchair":"yes","lokalita":"WC PRO VOZÍČKÁŘE - Senovážné náměsti","typ":"2 WC kiosek","vozickari":"1 ano","globalid":"{389631A9-80CB-4A5E-8A38-4F0B9E7F08E6}"}},{"geometry":{"type":"Point","coordinates":[14.409093,50.0894767]},"type":"Feature","properties":{"amenity":"toilets","wheelchair":"yes","lokalita":"WC Vojanovy sady","adresa":"Vojanovy sady, Praha 1","typ":"2 WC kiosek","vozickari":"1 ano","globalid":"{6F3F2E14-653A-4DA1-BFB3-B0E3E4B13F88}"}},{"geometry":{"type":"Point","coordinates":[14.4199898,50.0813455]},"type":"Feature","properties":{"amenity":"toilets","wheelchair":"yes","lokalita":"OC Quadrio - 2. podlaží","adresa":"Spálená 2121/22, Praha 1","typ":"3 přístupné v rámci podniku/ úřadu","umisteni_podrob":"4 obchodní centrum","vozickari":"1 ano","globalid":"{3A5EB14A-2CAD-442C-B268-40FA2B939041}"}},{"geometry":{"type":"Point","coordinates":[14.5379765,50.0546217]},"type":"Feature","properties":{"amenity":"toilets","wheelchair":"yes","lokalita":"NÁDRAŽÍ PRAHA - Hostivař (ČD)","adresa":"U Hostivařského nádraží 165/3","typ":"1 DPP, dopravní uzel (nádraží, letiště)","umisteni_podrob":"2 nádraží + MHD (kromě metra)","vozickari":"1 ano","globalid":"{6B535C11-C1B6-46EC-852E-7B3572246DEF}"}},{"geometry":{"type":"Point","coordinates":[14.4170551,50.0901075]},"type":"Feature","properties":{"amenity":"toilets","wheelchair":"no","lokalita":"WC JOSEFOV","adresa":"U Starého hřbitova 3a","typ":"2 WC kiosek","vozickari":"0 ne","globalid":"{0E885D76-A4D2-4AA7-ACDC-54FD0E5B8DFB}"}},{"geometry":{"type":"Point","coordinates":[14.4257059,50.0876117]},"type":"Feature","properties":{"amenity":"toilets","wheelchair":"yes","lokalita":"WC TEMPLOVÁ ULICE","adresa":"Templová 3/769","typ":"2 WC kiosek","vozickari":"1 ano","globalid":"{8F241DE6-C298-4A8C-9495-8D956E101FDD}"}},{"geometry":{"type":"Point","coordinates":[14.420249,50.0837559]},"type":"Feature","properties":{"amenity":"toilets","wheelchair":"no","lokalita":"WC UHELNÝ TRH","typ":"2 WC kiosek","vozickari":"0 ne","globalid":"{F916A36F-6901-4187-8B20-9FADC678E06C}"}},{"geometry":{"type":"Point","coordinates":[14.414091,50.0864037]},"type":"Feature","properties":{"amenity":"toilets","wheelchair":"no","lokalita":"WC KŘIŽOVNICKÁ","adresa":"Křižovnické náměstí 3, Praha 1","typ":"2 WC kiosek","vozickari":"0 ne","globalid":"{F2DD28EF-474A-4372-8A91-7CDB14BC1F32}"}},{"geometry":{"type":"Point","coordinates":[14.410086,50.081198]},"type":"Feature","properties":{"amenity":"toilets","wheelchair":"yes","lokalita":"WC POD MOSTEM LEGIÍ","typ":"2 WC kiosek","vozickari":"1 ano","globalid":"{7C14A9C3-3581-4C53-B589-457160C67AFF}"}},{"geometry":{"type":"Point","coordinates":[14.4087918,50.0924808]},"type":"Feature","properties":{"amenity":"toilets","wheelchair":"no","lokalita":"WC NA OPYŠI","adresa":"Na Opyši 147/1, Malá Strana","typ":"2 WC kiosek","vozickari":"0 ne","globalid":"{61256296-2B41-456B-A972-CB12AA6FD3E4}"}},{"geometry":{"type":"Point","coordinates":[14.3950807,50.0834433]},"type":"Feature","properties":{"amenity":"toilets","wheelchair":"no","lokalita":"WC V PETŘÍNSKÉ ROZHLEDNĚ","adresa":"Petřínské sady, Praha 1","typ":"2 WC kiosek","vozickari":"0 ne","globalid":"{FE68089E-A936-45B0-A92C-E5F3F4563E5C}"}},{"geometry":{"type":"Point","coordinates":[14.4047625,50.0881046]},"type":"Feature","properties":{"amenity":"toilets","wheelchair":"no","lokalita":"WC MALOSTRANSKÉ NÁMĚSTÍ","adresa":"Malostranské náměstí 22/36","typ":"2 WC kiosek","vozickari":"0 ne","globalid":"{1F5A52EE-1A72-4742-ABC4-FCFBF8129932}"}},{"geometry":{"type":"Point","coordinates":[14.3944716,50.083146]},"type":"Feature","properties":{"amenity":"toilets","wheelchair":"yes","lokalita":"WC U PETŘÍNSKÉ ROZHLEDNY","adresa":"Petřínské sady, Praha 1","typ":"2 WC kiosek","vozickari":"1 ano","globalid":"{202F29D2-9CBB-441D-85AF-EE6509A4077C}"}},{"geometry":{"type":"Point","coordinates":[14.4078653,50.0832573]},"type":"Feature","properties":{"amenity":"toilets","wheelchair":"yes","lokalita":"WC KAMPA","typ":"2 WC kiosek","vozickari":"1 ano","globalid":"{284DD3D2-AECF-4931-88D4-24AF8B65A569}"}},{"geometry":{"type":"Point","coordinates":[14.421368,50.0821226]},"type":"Feature","properties":{"amenity":"toilets","wheelchair":"no","lokalita":"WC MAGISTRÁT HL. M. PRAHY","adresa":"Jungmannova 29/35","typ":"2 WC kiosek","vozickari":"0 ne","globalid":"{54DF0B91-E2CE-4908-83CC-F6F824C57FB1}"}},{"geometry":{"type":"Point","coordinates":[14.4227634,50.0794355]},"type":"Feature","properties":{"amenity":"toilets","wheelchair":"yes","lokalita":"WC VODIČKOVA ULICE","adresa":"Vodičkova 18, Praha 1","typ":"2 WC kiosek","vozickari":"1 ano","globalid":"{C2752951-F374-4FB3-BA1E-A829D9975725}"}},{"geometry":{"type":"Point","coordinates":[14.2676113,50.1075163]},"type":"Feature","properties":{"amenity":"toilets","wheelchair":"no","lokalita":"LETIŠTĚ VÁCLAVA HAVLA PRAHA - přízemí - Terminál 1","typ":"1 DPP, dopravní uzel (nádraží, letiště)","umisteni_podrob":"3 letiště","vozickari":"0 ne","globalid":"{39399E8D-CA89-40BC-B89B-55D8ED39A083}"}},{"geometry":{"type":"Point","coordinates":[14.4139819,50.0811803]},"type":"Feature","properties":{"amenity":"toilets","wheelchair":"no","lokalita":"WC NÁRODNÍ TŘÍDA","adresa":"Divadelní 223/1","typ":"2 WC kiosek","vozickari":"0 ne","globalid":"{D1B49C1D-D05E-4877-8B43-56F3973A9801}"}},{"geometry":{"type":"Point","coordinates":[14.4128876,50.0811855]},"type":"Feature","properties":{"amenity":"toilets","wheelchair":"no","lokalita":"WC POD MASARYKOVÝM NÁBŘEŽÍM","typ":"2 WC kiosek","vozickari":"0 ne","globalid":"{F0CD1492-2841-4F18-B79F-6163C9F500C1}"}},{"geometry":{"type":"Point","coordinates":[14.4299748,50.0892081]},"type":"Feature","properties":{"amenity":"toilets","wheelchair":"yes","lokalita":"OC PALLADIUM - 2. suterén (-2)","adresa":"nám. Republiky 3","typ":"3 přístupné v rámci podniku/ úřadu","umisteni_podrob":"4 obchodní centrum","vozickari":"1 ano","globalid":"{6924B798-CF35-40F6-A87A-CB7B7338FAC2}"}},{"geometry":{"type":"Point","coordinates":[14.42287,50.0822736]},"type":"Feature","properties":{"amenity":"toilets","wheelchair":"yes","lokalita":"WC FRANTIŠKÁNSKÁ ZAHRADA","typ":"2 WC kiosek","vozickari":"1 ano","globalid":"{01C22840-EFF1-4A59-849A-E3D675919923}"}},{"geometry":{"type":"Point","coordinates":[14.4260282,50.0824161]},"type":"Feature","properties":{"amenity":"toilets","wheelchair":"no","lokalita":"METRO LINKA A - MŮSTEK","typ":"1 DPP, dopravní uzel (nádraží, letiště)","umisteni_podrob":"1A metro A","vozickari":"0 ne","globalid":"{E39A2BD5-07EB-4B69-B3C8-355A87D95DA3}"}},{"geometry":{"type":"Point","coordinates":[14.2658269,50.1055667]},"type":"Feature","properties":{"amenity":"toilets","wheelchair":"no","lokalita":"LETIŠTĚ VÁCLAVA HAVLA PRAHA - 1. patro - Terminál 2","typ":"1 DPP, dopravní uzel (nádraží, letiště)","umisteni_podrob":"3 letiště","vozickari":"0 ne","globalid":"{BB4194BD-5DCB-4CC5-9BF2-3C6A42B2D391}"}},{"geometry":{"type":"Point","coordinates":[14.2698875,50.108719]},"type":"Feature","properties":{"amenity":"toilets","wheelchair":"no","lokalita":"LETIŠTĚ VÁCLAVA HAVLA PRAHA - přízemí - Terminál 1","typ":"1 DPP, dopravní uzel (nádraží, letiště)","umisteni_podrob":"3 letiště","vozickari":"0 ne","globalid":"{0BB158F3-4956-4D6F-B23B-761568C6F44A}"}},{"geometry":{"type":"Point","coordinates":[14.4893539,50.1263213]},"type":"Feature","properties":{"amenity":"toilets","wheelchair":"yes","lokalita":"METRO LINKA C - STŘÍŽKOV","typ":"1 DPP, dopravní uzel (nádraží, letiště)","umisteni_podrob":"1C metro C","vozickari":"1 ano","globalid":"{234DB22B-AC1D-487F-818D-2312551BC921}"}},{"geometry":{"type":"Point","coordinates":[14.4931068,50.1064784]},"type":"Feature","properties":{"amenity":"toilets","wheelchair":"no","lokalita":"METRO LINKA B - ČESKOMORAVSKÁ","typ":"1 DPP, dopravní uzel (nádraží, letiště)","umisteni_podrob":"1B metro B","vozickari":"0 ne","globalid":"{AFE7BA47-5900-4DEF-A988-9D6764704B73}"}},{"geometry":{"type":"Point","coordinates":[14.5057922,50.1508987]},"type":"Feature","properties":{"amenity":"toilets","wheelchair":"yes","lokalita":"Hypermarket GLOBUS Praha - Čakovice","adresa":"Kostelecká 823, Praha 9","typ":"3 přístupné v rámci podniku/ úřadu","umisteni_podrob":"4 obchodní centrum","vozickari":"1 ano","globalid":"{FA073246-B874-4D98-BD07-E21B184FDF3E}"}},{"geometry":{"type":"Point","coordinates":[14.4911282,50.0727757]},"type":"Feature","properties":{"amenity":"toilets","wheelchair":"no","lokalita":"METRO LINKA A - STRAŠNICKÁ","typ":"1 DPP, dopravní uzel (nádraží, letiště)","umisteni_podrob":"1A metro A","vozickari":"0 ne","globalid":"{E1684013-1C38-46C3-BA23-7CF13BA4997D}"}},{"geometry":{"type":"Point","coordinates":[14.5078478,50.068004]},"type":"Feature","properties":{"amenity":"toilets","wheelchair":"yes","lokalita":"METRO LINKA A - SKALKA","typ":"1 DPP, dopravní uzel (nádraží, letiště)","umisteni_podrob":"1A metro A","vozickari":"1 ano","globalid":"{F2028C88-6316-4273-A036-C1C2FEB5F9F9}"}},{"geometry":{"type":"Point","coordinates":[14.4478854,50.0648213]},"type":"Feature","properties":{"amenity":"toilets","wheelchair":"yes","lokalita":"NÁDRAŽÍ PRAHA - Vršovice (ČD)","adresa":"Praha 10, Ukrajinská 2b/304","typ":"1 DPP, dopravní uzel (nádraží, letiště)","umisteni_podrob":"2 nádraží + MHD (kromě metra)","vozickari":"1 ano","globalid":"{CF449FAD-5AE6-431C-B8FC-AE60277592E0}"}},{"geometry":{"type":"Point","coordinates":[14.4168799,50.0646099]},"type":"Feature","properties":{"amenity":"toilets","wheelchair":"no","lokalita":"WC NA VYŠEHRADĚ","typ":"2 WC kiosek","vozickari":"0 ne","globalid":"{3FFAB1B6-F077-4FFC-A14E-43B235BFBFD8}"}},{"geometry":{"type":"Point","coordinates":[14.4188348,50.0756336]},"type":"Feature","properties":{"amenity":"toilets","wheelchair":"no","lokalita":"METRO LINKA B - KARLOVO NÁMĚSTÍ","typ":"1 DPP, dopravní uzel (nádraží, letiště)","umisteni_podrob":"1B metro B","vozickari":"0 ne","globalid":"{224FE203-F34C-4E2B-80A6-9BA843A82FCD}"}},{"geometry":{"type":"Point","coordinates":[14.4153569,50.0734748]},"type":"Feature","properties":{"amenity":"toilets","wheelchair":"yes","lokalita":"METRO LINKA B - KARLOVO NÁMĚSTÍ","typ":"1 DPP, dopravní uzel (nádraží, letiště)","umisteni_podrob":"1B metro B","vozickari":"1 ano","globalid":"{652918DB-4B91-4FED-A415-51CC9550441E}"}},{"geometry":{"type":"Point","coordinates":[14.3314037,50.0445845]},"type":"Feature","properties":{"amenity":"toilets","wheelchair":"yes","lokalita":"METRO LINKA B - LUŽINY","typ":"1 DPP, dopravní uzel (nádraží, letiště)","umisteni_podrob":"1B metro B","vozickari":"1 ano","globalid":"{01386968-4B65-4615-85A7-91818707845D}"}},{"geometry":{"type":"Point","coordinates":[14.353238,50.0509417]},"type":"Feature","properties":{"amenity":"toilets","wheelchair":"yes","lokalita":"METRO LINKA B - NOVÉ BUTOVICE","typ":"1 DPP, dopravní uzel (nádraží, letiště)","umisteni_podrob":"1B metro B","vozickari":"1 ano","globalid":"{959A08ED-8E84-4C88-89C5-183A715D9229}"}},{"geometry":{"type":"Point","coordinates":[14.5021857,50.1384368]},"type":"Feature","properties":{"amenity":"toilets","wheelchair":"yes","lokalita":"OC Letňany- 1.patro","adresa":"Praha 9, Veselská 663","typ":"3 přístupné v rámci podniku/ úřadu","umisteni_podrob":"4 obchodní centrum","vozickari":"1 ano","globalid":"{48DD1F12-597D-413B-B2C7-4914C3CCA496}"}},{"geometry":{"type":"Point","coordinates":[14.5162178,50.1251683]},"type":"Feature","properties":{"amenity":"toilets","wheelchair":"yes","lokalita":"METRO LINKA C - LETŇANY","typ":"1 DPP, dopravní uzel (nádraží, letiště)","umisteni_podrob":"1C metro C","vozickari":"1 ano","globalid":"{D782199B-A4DD-4E11-A27E-4BF94D076506}"}},{"geometry":{"type":"Point","coordinates":[14.5262882,50.0304962]},"type":"Feature","properties":{"amenity":"toilets","wheelchair":"no","lokalita":"METRO LINKA C - HÁJE","typ":"1 DPP, dopravní uzel (nádraží, letiště)","umisteni_podrob":"1C metro C","vozickari":"0 ne","globalid":"{FCC844B8-41B7-42E3-AB89-8FC926AA5AA3}"}},{"geometry":{"type":"Point","coordinates":[14.5180533,50.0531939]},"type":"Feature","properties":{"amenity":"toilets","wheelchair":"yes","lokalita":"Nákupní centrum Vivo Hostivař 1.patro","adresa":"Praha 10, Švehlova 1391/32","typ":"3 přístupné v rámci podniku/ úřadu","umisteni_podrob":"4 obchodní centrum","vozickari":"1 ano","globalid":"{40BA5958-E8DE-4F86-99A7-B6789991AC76}"}},{"geometry":{"type":"Point","coordinates":[14.4339458,50.0564481]},"type":"Feature","properties":{"amenity":"toilets","wheelchair":"no","lokalita":"METRO LINKA C - PRAŽSKÉHO POVSTÁNÍ","typ":"1 DPP, dopravní uzel (nádraží, letiště)","umisteni_podrob":"1C metro C","vozickari":"0 ne","globalid":"{5CD0D326-53DE-4A2F-8C0B-6072C443E0D7}"}},{"geometry":{"type":"Point","coordinates":[14.4048688,50.0939591]},"type":"Feature","properties":{"amenity":"toilets","wheelchair":"no","lokalita":"WC U LETOHRÁDKU KRÁLOVNY ANNY","adresa":"Mariánské hradby","typ":"2 WC kiosek","vozickari":"0 ne","globalid":"{AB910D18-F884-47E5-97DD-8EC6B75A4B72}"}},{"geometry":{"type":"Point","coordinates":[14.4296621,50.0495795]},"type":"Feature","properties":{"amenity":"toilets","wheelchair":"yes","lokalita":"Centrální park na Pankráci","typ":"2 WC kiosek","vozickari":"1 ano","globalid":"{8B6F814D-1B32-4319-892B-E452E00EBCC9}"}},{"geometry":{"type":"Point","coordinates":[14.4461312,50.0684744]},"type":"Feature","properties":{"amenity":"toilets","wheelchair":"yes","lokalita":"Havlíčkovy sady - Gröbovka","typ":"2 WC kiosek","vozickari":"1 ano","globalid":"{389C87E8-B600-4B56-848B-9AF2A9766A58}"}},{"geometry":{"type":"Point","coordinates":[14.4342152,50.0852688]},"type":"Feature","properties":{"amenity":"toilets","wheelchair":"no","lokalita":"dětské hřiště Vrchlického sady","adresa":"Vrchlického sady (Nové Město, Praha 1)","typ":"2 WC kiosek","umisteni_podrob":"11 dětské hřiště","vozickari":"0 ne","globalid":"{75CA544E-CEB8-4AD0-9F9F-2CD632347BE4}"}},{"geometry":{"type":"Point","coordinates":[14.3999771,50.0905195]},"type":"Feature","properties":{"amenity":"toilets","wheelchair":"yes","lokalita":"WC NA III. NÁDVOŘÍ PRAŽSKÉHO HRADU","typ":"2 WC kiosek","vozickari":"1 ano","globalid":"{0E314E08-5F87-426D-AD03-63B5E6CF5269}"}},{"geometry":{"type":"Point","coordinates":[14.4039609,50.0916597]},"type":"Feature","properties":{"amenity":"toilets","wheelchair":"no","lokalita":"WC NA PRAŽSKÉM HRADĚ","adresa":"Jiřská 2","typ":"2 WC kiosek","vozickari":"0 ne","globalid":"{DD34C3B6-1073-43C6-A2D6-808371CBEACE}"}},{"geometry":{"type":"Point","coordinates":[14.3984212,50.0922193]},"type":"Feature","properties":{"amenity":"toilets","wheelchair":"no","lokalita":"WC JÍZDÁRNA PRAŽSKÉHO HRADU","adresa":"U Prašného mostu 55/3","typ":"2 WC kiosek","vozickari":"0 ne","globalid":"{393023A8-94C6-4528-A098-68FDECC7354A}"}},{"geometry":{"type":"Point","coordinates":[14.390238,50.0878517]},"type":"Feature","properties":{"amenity":"toilets","wheelchair":"yes","lokalita":"WC NA POHOŘELCI","adresa":"Pohořelec 25, Hradčany","typ":"2 WC kiosek","vozickari":"1 ano","globalid":"{67D2E6A3-ADB1-4E1B-A812-220417E031FB}"}},{"geometry":{"type":"Point","coordinates":[14.4011769,50.0905372]},"type":"Feature","properties":{"amenity":"toilets","wheelchair":"yes","lokalita":"WC NA III. NÁDVOŘÍ PRAŽSKÉHO HRADU","typ":"2 WC kiosek","vozickari":"1 ano","globalid":"{82FCE71C-5CD2-4250-A352-38F81F9909E7}"}},{"geometry":{"type":"Point","coordinates":[14.3884704,50.0863312]},"type":"Feature","properties":{"amenity":"toilets","wheelchair":"yes","lokalita":"WC STRAHOVSKÝ KLÁŠTER","typ":"2 WC kiosek","vozickari":"1 ano","globalid":"{6D3AE495-814A-4FCE-804C-7730C79907A8}"}},{"geometry":{"type":"Point","coordinates":[14.4288149,50.0882525]},"type":"Feature","properties":{"amenity":"toilets","wheelchair":"no","lokalita":"METRO LINKA B - NÁMĚSTÍ REPUBLIKY","typ":"1 DPP, dopravní uzel (nádraží, letiště)","umisteni_podrob":"1B metro B","vozickari":"0 ne","globalid":"{E3D1674F-16E8-419E-9B92-83ACE00AF07D}"}},{"geometry":{"type":"Point","coordinates":[14.4740704,50.0786715]},"type":"Feature","properties":{"amenity":"toilets","wheelchair":"no","lokalita":"METRO LINKA A - ŽELIVSKÉHO","typ":"1 DPP, dopravní uzel (nádraží, letiště)","umisteni_podrob":"1A metro A","vozickari":"0 ne","globalid":"{17A5F39D-B8BA-4D47-AE38-BFED347B30A8}"}},{"geometry":{"type":"Point","coordinates":[14.4077289,50.1188781]},"type":"Feature","properties":{"amenity":"toilets","wheelchair":"no","lokalita":"ZOO","adresa":"U trojského zámku 120/3, Troja, 17100 Praha 7","typ":"2 WC kiosek","umisteni_podrob":"13 v areálu se zpoplatněným vstupem","vozickari":"0 ne","globalid":"{E28DFDAA-1ADE-4FD9-BAEF-EC7CD7EE5E44}"}},{"geometry":{"type":"Point","coordinates":[14.4088331,50.1152058]},"type":"Feature","properties":{"amenity":"toilets","wheelchair":"no","lokalita":"ZOO","adresa":"U trojského zámku 120/3, Troja, 17100 Praha 7","typ":"2 WC kiosek","umisteni_podrob":"12 přístup v režimu (uzavíratelné areály)","vozickari":"0 ne","globalid":"{980C77FE-8BB6-462A-8EE4-B199ABADAEE5}"}},{"geometry":{"type":"Point","coordinates":[14.4062713,50.1157194]},"type":"Feature","properties":{"amenity":"toilets","wheelchair":"no","lokalita":"ZOO","typ":"2 WC kiosek","umisteni_podrob":"13 v areálu se zpoplatněným vstupem","vozickari":"0 ne","globalid":"{CAAD6175-60F9-4955-9C54-38B4DBFCC53C}"}},{"geometry":{"type":"Point","coordinates":[14.4183978,50.1094458]},"type":"Feature","properties":{"amenity":"toilets","wheelchair":"no","lokalita":"Stromovka","typ":"2 WC kiosek","vozickari":"0 ne","globalid":"{BFE3FCE7-FEB7-425D-BF27-F5C1306EEA7D}"}},{"geometry":{"type":"Point","coordinates":[14.4034992,50.0791806]},"type":"Feature","properties":{"amenity":"toilets","wheelchair":"no","lokalita":"Zahrada Kinských","typ":"2 WC kiosek","umisteni_podrob":"11 dětské hřiště","vozickari":"0 ne","globalid":"{55391915-7663-49F9-B85B-2F88FCBCF341}"}},{"geometry":{"type":"Point","coordinates":[14.4169656,50.1107096]},"type":"Feature","properties":{"amenity":"toilets","wheelchair":"no","lokalita":"Stromovka","typ":"2 WC kiosek","vozickari":"0 ne","globalid":"{538D10F3-5F5E-42B9-8A82-49C4F685581D}"}},{"geometry":{"type":"Point","coordinates":[14.4290225,50.1042622]},"type":"Feature","properties":{"amenity":"toilets","wheelchair":"no","lokalita":"Stromovka","typ":"2 WC kiosek","vozickari":"0 ne","globalid":"{8EF96B71-1764-4720-A771-E5B46F24A0F2}"}},{"geometry":{"type":"Point","coordinates":[14.4904681,50.0709748]},"type":"Feature","properties":{"amenity":"toilets","wheelchair":"no","lokalita":"park Gutovka","typ":"2 WC kiosek","umisteni_podrob":"11 dětské hřiště","vozickari":"0 ne","globalid":"{08691129-BB4D-4AD0-BF33-CA8731669B31}"}},{"geometry":{"type":"Point","coordinates":[14.3926589,50.1005992]},"type":"Feature","properties":{"amenity":"toilets","wheelchair":"yes","lokalita":"METRO LINKA A - DEJVICKÁ","typ":"1 DPP, dopravní uzel (nádraží, letiště)","umisteni_podrob":"1A metro A","vozickari":"1 ano","globalid":"{B527BB8C-3B04-4C21-BE9A-2A8D6B24D49F}"}},{"geometry":{"type":"Point","coordinates":[14.4244122,50.1138481]},"type":"Feature","properties":{"amenity":"toilets","wheelchair":"no","lokalita":"sportovní areál Troja","adresa":"Vodácká 835/12","typ":"3 přístupné v rámci podniku/ úřadu","umisteni_podrob":"12 přístup v režimu (uzavíratelné areály)","vozickari":"0 ne","globalid":"{12041E0F-8BC1-47A9-B7DA-549400DBFCFE}"}},{"geometry":{"type":"Point","coordinates":[14.4087042,50.1165836]},"type":"Feature","properties":{"amenity":"toilets","wheelchair":"no","lokalita":"ZOO","adresa":"U trojského zámku 120/3, Troja, 17100 Praha 7","typ":"2 WC kiosek","umisteni_podrob":"13 v areálu se zpoplatněným vstupem","vozickari":"0 ne","globalid":"{43815099-F22E-46B8-B05C-920D124AFAA2}"}},{"geometry":{"type":"Point","coordinates":[14.4344598,50.0893757]},"type":"Feature","properties":{"amenity":"toilets","wheelchair":"no","lokalita":"Florentinum - obchodní pasáž","adresa":"Na Poříčí 1048/28","typ":"3 přístupné v rámci podniku/ úřadu","umisteni_podrob":"4 obchodní centrum","vozickari":"0 ne","globalid":"{0412D230-9AD7-4052-BBC1-5E0912622886}"}},{"geometry":{"type":"Point","coordinates":[14.4194069,50.1227517]},"type":"Feature","properties":{"amenity":"toilets","wheelchair":"no","lokalita":"Botanická zahrada","typ":"2 WC kiosek","umisteni_podrob":"13 v areálu se zpoplatněným vstupem","vozickari":"0 ne","globalid":"{81274B2B-67F1-4A8E-8CEC-A82AFB47C9BB}"}},{"geometry":{"type":"Point","coordinates":[14.4108906,50.1169006]},"type":"Feature","properties":{"amenity":"toilets","wheelchair":"no","lokalita":"ZOO","adresa":"U trojského zámku 120/3, Troja, 17100 Praha 7","typ":"2 WC kiosek","umisteni_podrob":"13 v areálu se zpoplatněným vstupem","vozickari":"0 ne","globalid":"{5B7CFAF7-F53F-47AE-9A69-699EB4CFA185}"}},{"geometry":{"type":"Point","coordinates":[14.4008354,50.1179737]},"type":"Feature","properties":{"amenity":"toilets","wheelchair":"no","lokalita":"ZOO","adresa":"U trojského zámku 120/3, Troja, 17100 Praha 7","typ":"2 WC kiosek","umisteni_podrob":"13 v areálu se zpoplatněným vstupem","vozickari":"0 ne","globalid":"{018D507B-9A3F-402D-960A-A56EC7AC0378}"}},{"geometry":{"type":"Point","coordinates":[14.4065387,50.1174448]},"type":"Feature","properties":{"amenity":"toilets","wheelchair":"no","lokalita":"ZOO","adresa":"U trojského zámku 120/3, Troja, 17100 Praha 7","typ":"2 WC kiosek","umisteni_podrob":"13 v areálu se zpoplatněným vstupem","vozickari":"0 ne","globalid":"{5F597D52-9EAD-41AC-A9F2-778BC01B38DB}"}},{"geometry":{"type":"Point","coordinates":[14.4130261,50.1191617]},"type":"Feature","properties":{"amenity":"toilets","wheelchair":"no","lokalita":"Botanická zahrada","typ":"2 WC kiosek","umisteni_podrob":"13 v areálu se zpoplatněným vstupem","vozickari":"0 ne","globalid":"{614B6F79-D144-4B63-A6F3-CB6289A6AAE7}"}},{"geometry":{"type":"Point","coordinates":[14.4093975,50.1178097]},"type":"Feature","properties":{"amenity":"toilets","wheelchair":"no","lokalita":"ZOO","adresa":"U trojského zámku 120/3, Troja, 17100 Praha 7","typ":"2 WC kiosek","umisteni_podrob":"13 v areálu se zpoplatněným vstupem","vozickari":"0 ne","globalid":"{D2A08C2A-1BF4-4A33-8E01-AFCB4832D931}"}},{"geometry":{"type":"Point","coordinates":[14.4019852,50.1186637]},"type":"Feature","properties":{"amenity":"toilets","wheelchair":"no","lokalita":"ZOO","typ":"2 WC kiosek","umisteni_podrob":"13 v areálu se zpoplatněným vstupem","vozickari":"0 ne","globalid":"{152BDB94-FDB9-4D46-9ECF-D3E8201BAAE6}"}},{"geometry":{"type":"Point","coordinates":[14.4070411,50.1196075]},"type":"Feature","properties":{"amenity":"toilets","wheelchair":"no","lokalita":"ZOO","adresa":"U trojského zámku 120/3, Troja, 17100 Praha 7","typ":"2 WC kiosek","umisteni_podrob":"13 v areálu se zpoplatněným vstupem","vozickari":"0 ne","globalid":"{F4C92510-91ED-40BA-AF91-068A23B88543}"}},{"geometry":{"type":"Point","coordinates":[14.4144611,50.1217997]},"type":"Feature","properties":{"amenity":"toilets","wheelchair":"no","lokalita":"Botanická zahrada","adresa":"Trojská 750/194, Troja, 17100 Praha 7","typ":"2 WC kiosek","umisteni_podrob":"13 v areálu se zpoplatněným vstupem","vozickari":"0 ne","globalid":"{4040831B-AA83-43F0-B75F-40AF6ADE464E}"}},{"geometry":{"type":"Point","coordinates":[14.4152042,50.1177536]},"type":"Feature","properties":{"amenity":"toilets","wheelchair":"no","lokalita":"vinice sv. Kláry - Troja","adresa":"Pod Havránkou 34/7, Troja, 17100 Praha 7","typ":"2 WC kiosek","umisteni_podrob":"12 přístup v režimu (uzavíratelné areály)","vozickari":"0 ne","globalid":"{DA01BA44-1B84-47D2-A876-53B419F006C5}"}},{"geometry":{"type":"Point","coordinates":[14.3997283,50.1191831]},"type":"Feature","properties":{"amenity":"toilets","wheelchair":"no","lokalita":"ZOO","typ":"2 WC kiosek","umisteni_podrob":"13 v areálu se zpoplatněným vstupem","vozickari":"0 ne","globalid":"{D7670999-F9B6-441C-A523-CD7AC9CC6F35}"}},{"geometry":{"type":"Point","coordinates":[14.4040881,50.1163539]},"type":"Feature","properties":{"amenity":"toilets","wheelchair":"no","lokalita":"ZOO","adresa":"U trojského zámku 120/3, Troja, 17100 Praha 7","typ":"2 WC kiosek","umisteni_podrob":"13 v areálu se zpoplatněným vstupem","vozickari":"0 ne","globalid":"{1B5E69A7-C4DC-48D9-B316-11027EBFBE84}"}},{"geometry":{"type":"Point","coordinates":[14.4110237,50.1165672]},"type":"Feature","properties":{"amenity":"toilets","wheelchair":"no","lokalita":"ZOO","adresa":"U trojského zámku 120/3, Troja, 17100 Praha 7","typ":"2 WC kiosek","umisteni_podrob":"13 v areálu se zpoplatněným vstupem","vozickari":"0 ne","globalid":"{0902A3A2-D34C-47C0-B743-5323ABCB271C}"}},{"geometry":{"type":"Point","coordinates":[14.4285297,49.9873417]},"type":"Feature","properties":{"amenity":"toilets","wheelchair":"no","lokalita":"dětské hřiště U letadýlek - letiště Točná","typ":"1 DPP, dopravní uzel (nádraží, letiště)","umisteni_podrob":"3 letiště","vozickari":"0 ne","globalid":"{31D059B1-91AB-4601-B389-4F31C7BAB582}"}},{"geometry":{"type":"Point","coordinates":[14.3960579,49.9750196]},"type":"Feature","properties":{"amenity":"toilets","wheelchair":"no","lokalita":"U Malé řeky - městská zahrada Zbraslav","typ":"2 WC kiosek","umisteni_podrob":"12 přístup v režimu (uzavíratelné areály)","vozickari":"0 ne","globalid":"{6B03569F-4768-4BC8-9C90-35FD0791CB19}"}},{"geometry":{"type":"Point","coordinates":[14.4528314,50.1235581]},"type":"Feature","properties":{"amenity":"toilets","wheelchair":"no","lokalita":"METRO LINKA C - KOBYLISY","typ":"1 DPP, dopravní uzel (nádraží, letiště)","umisteni_podrob":"1C metro C","vozickari":"0 ne","globalid":"{7A75F208-9FE3-4CD0-B141-607A6145E677}"}},{"geometry":{"type":"Point","coordinates":[14.5604282,50.1068194]},"type":"Feature","properties":{"amenity":"toilets","wheelchair":"yes","lokalita":"METRO LINKA B - RAJSKÁ ZAHRADA","typ":"1 DPP, dopravní uzel (nádraží, letiště)","umisteni_podrob":"1B metro B","vozickari":"1 ano","globalid":"{C659C956-6415-447D-AFAD-946FB309A840}"}},{"geometry":{"type":"Point","coordinates":[14.4609811,50.0421435]},"type":"Feature","properties":{"amenity":"toilets","wheelchair":"no","lokalita":"METRO LINKA C - KAČEROV","typ":"1 DPP, dopravní uzel (nádraží, letiště)","umisteni_podrob":"1C metro C","vozickari":"0 ne","globalid":"{A885A837-AB5F-4653-9924-BB986CBF61F7}"}},{"geometry":{"type":"Point","coordinates":[14.4065958,50.1068522]},"type":"Feature","properties":{"amenity":"toilets","wheelchair":"no","lokalita":"Stromovka","typ":"2 WC kiosek","vozickari":"0 ne","globalid":"{34B618AC-0E24-4231-BA50-37E97BC839D6}"}},{"geometry":{"type":"Point","coordinates":[14.4221176,50.0627976]},"type":"Feature","properties":{"amenity":"toilets","wheelchair":"no","lokalita":"V Pevnosti","typ":"2 WC kiosek","umisteni_podrob":"12 přístup v režimu (uzavíratelné areály)","vozickari":"0 ne","globalid":"{75E4C04A-5027-401B-AF6C-452B92730D2E}"}},{"geometry":{"type":"Point","coordinates":[14.4468283,50.0928539]},"type":"Feature","properties":{"amenity":"toilets","wheelchair":"no","lokalita":"Karlínské náměstí","typ":"2 WC kiosek","vozickari":"0 ne","globalid":"{78A2C79B-EAB7-485E-8B36-C04FB824D813}"}},{"geometry":{"type":"Point","coordinates":[14.4653987,50.1090367]},"type":"Feature","properties":{"amenity":"toilets","wheelchair":"no","lokalita":"Thomayerovy sady - U Českých loděnic","typ":"2 WC kiosek","umisteni_podrob":"11 dětské hřiště","vozickari":"0 ne","globalid":"{4F7D15D4-9CFA-4006-8536-1C89D9B8AB6B}"}},{"geometry":{"type":"Point","coordinates":[14.4183755,50.1237488]},"type":"Feature","properties":{"amenity":"toilets","wheelchair":"no","lokalita":"Botanická zahrada","typ":"2 WC kiosek","umisteni_podrob":"13 v areálu se zpoplatněným vstupem","vozickari":"0 ne","globalid":"{FF78182B-92D6-4D08-8D12-C0CEAC86A92F}"}},{"geometry":{"type":"Point","coordinates":[14.4222864,50.1051352]},"type":"Feature","properties":{"amenity":"toilets","wheelchair":"no","lokalita":"Stromovka","adresa":"Královská obora 2","typ":"2 WC kiosek","umisteni_podrob":"11 dětské hřiště","vozickari":"0 ne","globalid":"{33A597DB-B096-4CB6-BD00-CC2DAD0A7914}"}},{"geometry":{"type":"Point","coordinates":[14.4485023,50.0961496]},"type":"Feature","properties":{"amenity":"toilets","wheelchair":"no","lokalita":"Přístav 18600","typ":"2 WC kiosek","vozickari":"0 ne","globalid":"{2E3D2026-5A54-4A52-89E5-17EFEE061C4A}"}},{"geometry":{"type":"Point","coordinates":[14.4187267,50.1086905]},"type":"Feature","properties":{"amenity":"toilets","wheelchair":"no","lokalita":"Stromovka","typ":"2 WC kiosek","vozickari":"0 ne","globalid":"{2843A670-ADE6-4863-8375-1B0203B99CAE}"}},{"geometry":{"type":"Point","coordinates":[14.4978785,50.0358551]},"type":"Feature","properties":{"amenity":"toilets","wheelchair":"no","lokalita":"Park u Chodovské tvrze","typ":"2 WC kiosek","umisteni_podrob":"11 dětské hřiště","vozickari":"0 ne","globalid":"{9412280F-6FB8-4269-8D08-0380B0BBB28B}"}},{"geometry":{"type":"Point","coordinates":[14.4170931,50.1046784]},"type":"Feature","properties":{"amenity":"toilets","wheelchair":"no","lokalita":"Stromovka","typ":"2 WC kiosek","vozickari":"0 ne","globalid":"{6C723D99-591C-47C7-9BC6-1AEABA59ED9E}"}},{"geometry":{"type":"Point","coordinates":[14.420175,50.1052397]},"type":"Feature","properties":{"amenity":"toilets","wheelchair":"no","lokalita":"Stromovka","typ":"2 WC kiosek","umisteni_podrob":"12 přístup v režimu (uzavíratelné areály)","vozickari":"0 ne","globalid":"{E1AB65D9-A780-49A0-ACDD-C57F972F09F4}"}},{"geometry":{"type":"Point","coordinates":[14.4196784,50.124185]},"type":"Feature","properties":{"amenity":"toilets","wheelchair":"no","lokalita":"Botanická zahrada","typ":"2 WC kiosek","umisteni_podrob":"13 v areálu se zpoplatněným vstupem","vozickari":"0 ne","globalid":"{97C32599-82E1-4BB0-9D2B-2FD5F19DB23F}"}},{"geometry":{"type":"Point","coordinates":[14.4148454,50.107408]},"type":"Feature","properties":{"amenity":"toilets","wheelchair":"no","lokalita":"Stromovka","typ":"2 WC kiosek","vozickari":"0 ne","globalid":"{2E80F1A8-ECE7-46F8-969F-8939ABFFEE72}"}},{"geometry":{"type":"Point","coordinates":[14.4969266,50.0849481]},"type":"Feature","properties":{"amenity":"toilets","wheelchair":"no","lokalita":"Malešický park","typ":"2 WC kiosek","umisteni_podrob":"11 dětské hřiště","vozickari":"0 ne","globalid":"{9CDA96F0-3E87-44B0-B7B7-0FE69A6485F4}"}},{"geometry":{"type":"Point","coordinates":[14.5997667,50.0321778]},"type":"Feature","properties":{"amenity":"toilets","wheelchair":"no","lokalita":"Nové náměstí, Uhříněves","typ":"2 WC kiosek","vozickari":"0 ne","globalid":"{FD66AC26-3BC5-4BE3-B492-08DC5D939666}"}},{"geometry":{"type":"Point","coordinates":[14.334235,50.0851284]},"type":"Feature","properties":{"amenity":"toilets","wheelchair":"no","lokalita":"obora Hvězda  - dětské hřiště","typ":"2 WC kiosek","umisteni_podrob":"11 dětské hřiště","vozickari":"0 ne","globalid":"{34E872BB-D590-4EE3-B949-B82C4792CFA4}"}},{"geometry":{"type":"Point","coordinates":[14.4923953,50.0714629]},"type":"Feature","properties":{"amenity":"toilets","wheelchair":"no","lokalita":"park Gutovka","typ":"2 WC kiosek","umisteni_podrob":"12 přístup v režimu (uzavíratelné areály)","vozickari":"0 ne","globalid":"{3CDEC55D-790E-49E0-A106-06C4E8FE2346}"}},{"geometry":{"type":"Point","coordinates":[14.4534209,50.0693394]},"type":"Feature","properties":{"amenity":"toilets","wheelchair":"no","lokalita":"Moskevská","typ":"2 WC kiosek","vozickari":"0 ne","globalid":"{CE8E7FE7-75BF-4ACE-B79D-56F4363A5498}"}},{"geometry":{"type":"Point","coordinates":[14.4436233,50.0826428]},"type":"Feature","properties":{"amenity":"toilets","wheelchair":"no","lokalita":"Rajská zahrada","typ":"2 WC kiosek","umisteni_podrob":"11 dětské hřiště","vozickari":"0 ne","globalid":"{62F34981-F8DE-4112-80EE-EE4F0941C394}"}},{"geometry":{"type":"Point","coordinates":[14.4177823,50.1278434]},"type":"Feature","properties":{"amenity":"toilets","wheelchair":"no","lokalita":"OC Krakov","adresa":"Lodžská 850/6","typ":"3 přístupné v rámci podniku/ úřadu","umisteni_podrob":"4 obchodní centrum","vozickari":"0 ne","globalid":"{E31E01F5-2799-482A-A6F5-14233CBC1BC8}"}},{"geometry":{"type":"Point","coordinates":[14.3866578,50.0910122]},"type":"Feature","properties":{"amenity":"toilets","wheelchair":"no","lokalita":"park Maxe van der Stoela","typ":"2 WC kiosek","umisteni_podrob":"11 dětské hřiště","vozickari":"0 ne","globalid":"{E33AC900-9B05-4DDD-B653-3D4E32F36EC6}"}},{"geometry":{"type":"Point","coordinates":[14.5167881,50.0534633]},"type":"Feature","properties":{"amenity":"toilets","wheelchair":"no","lokalita":"Nákupní centrum Vivo Hostivař","adresa":"Švehlova 1391/32","typ":"3 přístupné v rámci podniku/ úřadu","umisteni_podrob":"4 obchodní centrum","vozickari":"0 ne","globalid":"{313AF117-1902-4FA4-81E5-66EE299C54F5}"}},{"geometry":{"type":"Point","coordinates":[14.5135206,50.0895591]},"type":"Feature","properties":{"amenity":"toilets","wheelchair":"no","lokalita":"Botanická zahrada - Pod táborem","typ":"2 WC kiosek","umisteni_podrob":"13 v areálu se zpoplatněným vstupem","vozickari":"0 ne","globalid":"{4BB16C82-8ADF-468E-93E7-F294896EBFFA}"}},{"geometry":{"type":"Point","coordinates":[14.532182,50.0292026]},"type":"Feature","properties":{"amenity":"toilets","wheelchair":"no","lokalita":"park Křtinská","typ":"2 WC kiosek","umisteni_podrob":"11 dětské hřiště","vozickari":"0 ne","globalid":"{AD0DB8DF-E472-42DD-810D-61DC0CE13F13}"}},{"geometry":{"type":"Point","coordinates":[14.412915,50.078451]},"type":"Feature","properties":{"amenity":"toilets","wheelchair":"no","lokalita":"Slovanský ostrov","typ":"2 WC kiosek","umisteni_podrob":"11 dětské hřiště","vozickari":"0 ne","globalid":"{B184A7DB-69B3-495D-9109-955701425237}"}},{"geometry":{"type":"Point","coordinates":[14.4682491,50.102404]},"type":"Feature","properties":{"amenity":"toilets","wheelchair":"no","lokalita":"Voctářova - Kaufland","adresa":"Voctářova 2401/8","typ":"3 přístupné v rámci podniku/ úřadu","umisteni_podrob":"4 obchodní centrum","vozickari":"0 ne","globalid":"{9246999D-C93D-4442-86DC-4212CEA1DEDE}"}},{"geometry":{"type":"Point","coordinates":[14.4888147,50.0744583]},"type":"Feature","properties":{"amenity":"toilets","wheelchair":"no","lokalita":"Nad Primaskou","typ":"2 WC kiosek","umisteni_podrob":"11 dětské hřiště","vozickari":"0 ne","globalid":"{3C8A6E75-AFBD-4055-9C36-D4976394D311}"}},{"geometry":{"type":"Point","coordinates":[14.4583424,50.084405]},"type":"Feature","properties":{"amenity":"toilets","wheelchair":"no","lokalita":"park Vrch sv. Kříže, Žižkov","typ":"2 WC kiosek","vozickari":"0 ne","globalid":"{9F5C2906-72D3-411C-955E-C25B6AC2A73A}"}},{"geometry":{"type":"Point","coordinates":[14.5346901,50.0399653]},"type":"Feature","properties":{"amenity":"toilets","wheelchair":"no","lokalita":"u vodní nádrže Hostivař","typ":"2 WC kiosek","umisteni_podrob":"12 přístup v režimu (uzavíratelné areály)","vozickari":"0 ne","globalid":"{5A23471A-D4F9-42CF-A761-008EC19B355D}"}},{"geometry":{"type":"Point","coordinates":[14.4248008,50.1080658]},"type":"Feature","properties":{"amenity":"toilets","wheelchair":"no","lokalita":"Stromovka","typ":"2 WC kiosek","umisteni_podrob":"12 přístup v režimu (uzavíratelné areály)","vozickari":"0 ne","globalid":"{BD976760-5157-46C6-A87D-4C7240ED8377}"}},{"geometry":{"type":"Point","coordinates":[14.3934455,50.0858472]},"type":"Feature","properties":{"amenity":"toilets","wheelchair":"no","lokalita":"Vlašská","typ":"2 WC kiosek","vozickari":"0 ne","globalid":"{18275DC2-6903-4B1E-B5A7-20E4D962DD11}"}},{"geometry":{"type":"Point","coordinates":[14.4258489,50.0964096]},"type":"Feature","properties":{"amenity":"toilets","wheelchair":"no","lokalita":"Letenský zámeček","adresa":"Letenské sady","typ":"2 WC kiosek","umisteni_podrob":"9 veřejné WC","vozickari":"0 ne","globalid":"{738B3772-6EE8-4305-B053-342338B8561B}"}},{"geometry":{"type":"Point","coordinates":[14.4137699,50.0732162]},"type":"Feature","properties":{"amenity":"toilets","wheelchair":"no","lokalita":"Rašínovo nábřeží - náplavka (pod Palackého mostem)","typ":"2 WC kiosek","vozickari":"0 ne","globalid":"{10CA1470-1F8E-46BE-8E68-466687C0E445}"}},{"geometry":{"type":"Point","coordinates":[14.4440749,50.0704623]},"type":"Feature","properties":{"amenity":"toilets","wheelchair":"no","lokalita":"U Havlíčkových sadů","typ":"2 WC kiosek","umisteni_podrob":"11 dětské hřiště","vozickari":"0 ne","globalid":"{92F9ADB9-1785-4092-9FB1-419E5E7DEB58}"}},{"geometry":{"type":"Point","coordinates":[14.4430853,50.0806586]},"type":"Feature","properties":{"amenity":"toilets","wheelchair":"no","lokalita":"Riegrovy sady","typ":"2 WC kiosek","umisteni_podrob":"11 dětské hřiště","vozickari":"0 ne","globalid":"{A1F0D755-2D25-4864-AC92-632CE76FCD75}"}},{"geometry":{"type":"Point","coordinates":[14.4177331,50.0923107]},"type":"Feature","properties":{"amenity":"toilets","wheelchair":"no","lokalita":"Dvořákovo nábřeží - WC u přístavu, náplavka","typ":"2 WC kiosek","vozickari":"0 ne","globalid":"{B0C73A93-1B5B-4ECD-AB80-1EEED23ABE66}"}},{"geometry":{"type":"Point","coordinates":[14.4431383,50.0804761]},"type":"Feature","properties":{"amenity":"toilets","wheelchair":"no","lokalita":"Riegrovy sady","typ":"2 WC kiosek","vozickari":"0 ne","globalid":"{4FDA1AAF-95AC-4F0E-8071-5B359D3EBA6A}"}},{"geometry":{"type":"Point","coordinates":[14.4139264,50.1166153]},"type":"Feature","properties":{"amenity":"toilets","wheelchair":"no","lokalita":"Trojský zámek","adresa":"Trojská 3/187, Troja, 17100 Praha 7","typ":"2 WC kiosek","umisteni_podrob":"12 přístup v režimu (uzavíratelné areály)","vozickari":"0 ne","globalid":"{244E8D21-B927-4A04-AF55-D189A717DA95}"}},{"geometry":{"type":"Point","coordinates":[14.4780356,50.0712747]},"type":"Feature","properties":{"amenity":"toilets","wheelchair":"no","lokalita":"Kubánské náměstí","typ":"2 WC kiosek","vozickari":"0 ne","globalid":"{376C5DF3-DC13-4414-A7C7-C6D531929F5C}"}},{"geometry":{"type":"Point","coordinates":[14.4723039,50.1263153]},"type":"Feature","properties":{"amenity":"toilets","wheelchair":"no","lokalita":"Davídkova - parkoviště P+R","typ":"2 WC kiosek","vozickari":"0 ne","globalid":"{ACAE2911-F6BF-44B7-94DC-83EF052974D3}"}},{"geometry":{"type":"Point","coordinates":[14.4145017,50.0691272]},"type":"Feature","properties":{"amenity":"toilets","wheelchair":"no","lokalita":"Rašínovo nábřeží - náplavka (Výtoň)","typ":"2 WC kiosek","vozickari":"0 ne","globalid":"{C758B51E-5567-400B-8E35-E9448F66FCDB}"}},{"geometry":{"type":"Point","coordinates":[14.4486485,50.0760828]},"type":"Feature","properties":{"amenity":"toilets","wheelchair":"no","lokalita":"U Vodárny","typ":"2 WC kiosek","umisteni_podrob":"11 dětské hřiště","vozickari":"0 ne","globalid":"{EBBDE0FF-CD88-4A28-9F6D-A4FB8D7F7548}"}},{"geometry":{"type":"Point","coordinates":[14.4220114,50.1029705]},"type":"Feature","properties":{"amenity":"toilets","wheelchair":"no","lokalita":"Stromovka","typ":"2 WC kiosek","umisteni_podrob":"11 dětské hřiště","vozickari":"0 ne","globalid":"{4D4D9808-9E05-4F6B-9274-464108006359}"}},{"geometry":{"type":"Point","coordinates":[14.517852,50.0536211]},"type":"Feature","properties":{"amenity":"toilets","wheelchair":"no","lokalita":"Nákupní centrum Vivo Hostivař","adresa":"Švehlova 1391/32","typ":"3 přístupné v rámci podniku/ úřadu","umisteni_podrob":"4 obchodní centrum","vozickari":"0 ne","globalid":"{04779F76-E707-43A4-BEC2-A54E6D1A8577}"}},{"geometry":{"type":"Point","coordinates":[14.4151675,50.1192288]},"type":"Feature","properties":{"amenity":"toilets","wheelchair":"no","lokalita":"Botanická zahrada","typ":"2 WC kiosek","umisteni_podrob":"13 v areálu se zpoplatněným vstupem","vozickari":"0 ne","globalid":"{F7FAB82A-F66F-49F5-B10F-9A0C5C53A0F1}"}},{"geometry":{"type":"Point","coordinates":[14.3830551,50.085259]},"type":"Feature","properties":{"amenity":"toilets","wheelchair":"no","lokalita":"Diskařská - v objektu restaurace","adresa":"Vaníčkova 2343/2","typ":"1 DPP, dopravní uzel (nádraží, letiště)","umisteni_podrob":"2 nádraží + MHD (kromě metra)","vozickari":"0 ne","globalid":"{73AF937A-B251-4F6F-BC80-CD9A96F56969}"}},{"geometry":{"type":"Point","coordinates":[14.4162358,50.0681895]},"type":"Feature","properties":{"amenity":"toilets","wheelchair":"no","lokalita":"Na Hrobci","typ":"2 WC kiosek","umisteni_podrob":"11 dětské hřiště","vozickari":"0 ne","globalid":"{95274799-E826-4714-9469-9DE851980D9B}"}},{"geometry":{"type":"Point","coordinates":[14.4203908,50.0959242]},"type":"Feature","properties":{"amenity":"toilets","wheelchair":"no","lokalita":"Letenské sady - u restaurace Na Baště","typ":"2 WC kiosek","umisteni_podrob":"11 dětské hřiště","vozickari":"0 ne","globalid":"{1AE8449D-0A0E-4F9C-930C-80090F1F1CEB}"}},{"geometry":{"type":"Point","coordinates":[14.4142058,50.0943372]},"type":"Feature","properties":{"amenity":"toilets","wheelchair":"no","lokalita":"Letenské sady","adresa":"mobilní chemické WC","typ":"2 WC kiosek","umisteni_podrob":"9 veřejné WC","vozickari":"0 ne","globalid":"{CB4C9913-8065-4651-BC3B-C86272D99B30}"}},{"geometry":{"type":"Point","coordinates":[14.5400771,50.0393356]},"type":"Feature","properties":{"amenity":"toilets","wheelchair":"no","lokalita":"u vodní nádrže Hostivař","typ":"2 WC kiosek","vozickari":"0 ne","globalid":"{159CA9C7-CF9B-4B8C-B924-C885A67BE2DA}"}},{"geometry":{"type":"Point","coordinates":[14.5180789,50.0535147]},"type":"Feature","properties":{"amenity":"toilets","wheelchair":"no","lokalita":"Nákupní centrum Vivo Hostivař","adresa":"Švehlova 1391/32","typ":"3 přístupné v rámci podniku/ úřadu","umisteni_podrob":"4 obchodní centrum","vozickari":"0 ne","globalid":"{5A16DAF7-E52F-4EDD-B4F9-843775C308C4}"}},{"geometry":{"type":"Point","coordinates":[14.4990478,50.0929011]},"type":"Feature","properties":{"amenity":"toilets","wheelchair":"no","lokalita":"V Třešňovce - Kaufland","adresa":"V třešňovce 232/2","typ":"3 přístupné v rámci podniku/ úřadu","umisteni_podrob":"4 obchodní centrum","vozickari":"0 ne","globalid":"{04F23630-0C91-49F2-B314-6E710913F5B8}"}},{"geometry":{"type":"Point","coordinates":[14.4265957,50.0847568]},"type":"Feature","properties":{"amenity":"toilets","wheelchair":"no","lokalita":"Panská - pasáž Černá růže","adresa":"Panská","typ":"3 přístupné v rámci podniku/ úřadu","umisteni_podrob":"4 obchodní centrum","vozickari":"0 ne","globalid":"{D2486B85-C4F0-414F-8277-B84CCB1C05AF}"}},{"geometry":{"type":"Point","coordinates":[14.4065303,50.0874067]},"type":"Feature","properties":{"amenity":"toilets","wheelchair":"no","lokalita":"Mostecká 4 - ve vnitrobloku","typ":"2 WC kiosek","vozickari":"0 ne","globalid":"{8D24F03D-F5C8-4F4F-9BB0-B3409C21CC52}"}},{"geometry":{"type":"Point","coordinates":[14.4935673,50.0715729]},"type":"Feature","properties":{"amenity":"toilets","wheelchair":"no","lokalita":"Minigolf GUTOVKA","typ":"2 WC kiosek","umisteni_podrob":"13 v areálu se zpoplatněným vstupem","vozickari":"0 ne","globalid":"{AB0EF363-2F5A-4DDB-9E88-315CA127AB34}"}},{"geometry":{"type":"Point","coordinates":[14.4270205,50.1071721]},"type":"Feature","properties":{"amenity":"toilets","wheelchair":"no","lokalita":"Stromovka","typ":"2 WC kiosek","umisteni_podrob":"12 přístup v režimu (uzavíratelné areály)","vozickari":"0 ne","globalid":"{2EC000C3-BF02-492D-AA61-7B1152DBCAF8}"}},{"geometry":{"type":"Point","coordinates":[14.4442547,50.0900564]},"type":"Feature","properties":{"amenity":"toilets","wheelchair":"no","lokalita":"Prvního pluku - Kasárna Karlín","typ":"2 WC kiosek","umisteni_podrob":"12 přístup v režimu (uzavíratelné areály)","vozickari":"0 ne","globalid":"{07D72338-F26B-4605-94C7-CA60DACEE57C}"}},{"geometry":{"type":"Point","coordinates":[14.4302859,50.093164]},"type":"Feature","properties":{"amenity":"toilets","wheelchair":"yes","lokalita":"park Lannova","typ":"2 WC kiosek","umisteni_podrob":"11 dětské hřiště","vozickari":"1 ano","globalid":"{9309E089-7533-47E6-9858-186B812EAE52}"}},{"geometry":{"type":"Point","coordinates":[14.6483011,50.0781019]},"type":"Feature","properties":{"amenity":"toilets","wheelchair":"no","lokalita":"čerpací stanice","adresa":"Starokolínská 2221","typ":"3 přístupné v rámci podniku/ úřadu","umisteni_podrob":"13 v areálu se zpoplatněným vstupem","vozickari":"0 ne","globalid":"{94353A74-6BCB-4E60-AAFA-80185E99914C}"}},{"geometry":{"type":"Point","coordinates":[14.398317,50.0770992]},"type":"Feature","properties":{"amenity":"toilets","wheelchair":"no","lokalita":"Zahrada Kinských","typ":"2 WC kiosek","umisteni_podrob":"12 přístup v režimu (uzavíratelné areály)","vozickari":"0 ne","globalid":"{908D212F-14AF-4D6E-AE46-5136F1193640}"}},{"geometry":{"type":"Point","coordinates":[14.5399586,50.0280386]},"type":"Feature","properties":{"amenity":"toilets","wheelchair":"no","lokalita":"K Milíčovu - Zoopark","adresa":"K Milíčovu 1036/6","typ":"3 přístupné v rámci podniku/ úřadu","umisteni_podrob":"13 v areálu se zpoplatněným vstupem","vozickari":"0 ne","globalid":"{E57D0465-ACBE-4BF9-BEE8-860BB6F2CABD}"}},{"geometry":{"type":"Point","coordinates":[14.5843623,50.1073856]},"type":"Feature","properties":{"amenity":"toilets","wheelchair":"no","lokalita":"Centrum Černý Most","adresa":"Chlumecká 765/6","typ":"3 přístupné v rámci podniku/ úřadu","umisteni_podrob":"4 obchodní centrum","vozickari":"0 ne","globalid":"{31316467-B349-4338-A056-4B6D4198BF8B}"}},{"geometry":{"type":"Point","coordinates":[14.4462167,50.0511919]},"type":"Feature","properties":{"amenity":"toilets","wheelchair":"no","lokalita":"čerpací stanice","adresa":"5. května č.ev. 414","typ":"3 přístupné v rámci podniku/ úřadu","umisteni_podrob":"12 přístup v režimu (uzavíratelné areály)","vozickari":"0 ne","globalid":"{6B9719DF-8D73-4C2A-AC7D-FEB54591B442}"}},{"geometry":{"type":"Point","coordinates":[14.4714633,50.0553867]},"type":"Feature","properties":{"amenity":"toilets","wheelchair":"no","lokalita":"čerpací stanice","adresa":"Chodovská 1414/11","typ":"3 přístupné v rámci podniku/ úřadu","umisteni_podrob":"12 přístup v režimu (uzavíratelné areály)","vozickari":"0 ne","globalid":"{097B7040-1EEE-4CB5-9B89-40EB57DD22A1}"}},{"geometry":{"type":"Point","coordinates":[14.4643331,50.1154714]},"type":"Feature","properties":{"amenity":"toilets","wheelchair":"no","lokalita":"nemocnice Bulovka","adresa":"Budínova 67/3","typ":"3 přístupné v rámci podniku/ úřadu","umisteni_podrob":"12 přístup v režimu (uzavíratelné areály)","vozickari":"0 ne","globalid":"{78E1BE24-1D70-453D-9385-0687A5BDF772}"}},{"geometry":{"type":"Point","coordinates":[14.4059895,50.0910453]},"type":"Feature","properties":{"amenity":"toilets","wheelchair":"no","lokalita":"Valdštejnská - zahrady pod Pražským hradem","typ":"2 WC kiosek","umisteni_podrob":"12 přístup v režimu (uzavíratelné areály)","vozickari":"0 ne","globalid":"{E6D682C9-A630-4FE2-A628-7D52C6C2E399}"}},{"geometry":{"type":"Point","coordinates":[14.484873,50.0256016]},"type":"Feature","properties":{"amenity":"toilets","wheelchair":"no","lokalita":"Kunratický les","typ":"2 WC kiosek","vozickari":"0 ne","globalid":"{3310056F-3013-446B-9045-8FAA4ED4F323}"}},{"geometry":{"type":"Point","coordinates":[14.3971245,50.0776906]},"type":"Feature","properties":{"amenity":"toilets","wheelchair":"no","lokalita":"Zahrada Kinských","typ":"2 WC kiosek","umisteni_podrob":"12 přístup v režimu (uzavíratelné areály)","vozickari":"0 ne","globalid":"{BA73AD8C-55A7-4D44-A346-C5F70B0B11C4}"}},{"geometry":{"type":"Point","coordinates":[14.3985094,50.0762925]},"type":"Feature","properties":{"amenity":"toilets","wheelchair":"no","lokalita":"Zahrada Kinských","typ":"2 WC kiosek","umisteni_podrob":"12 přístup v režimu (uzavíratelné areály)","vozickari":"0 ne","globalid":"{DFF9D710-4D10-448F-87A7-3B2E14852901}"}},{"geometry":{"type":"Point","coordinates":[14.4060781,50.0895056]},"type":"Feature","properties":{"amenity":"toilets","wheelchair":"no","lokalita":"Letenská - Valdštejnská zahrada","typ":"2 WC kiosek","umisteni_podrob":"12 přístup v režimu (uzavíratelné areály)","vozickari":"0 ne","globalid":"{62766257-020D-4C8F-A808-4AACF8BFBC93}"}},{"geometry":{"type":"Point","coordinates":[14.4271431,50.0615244]},"type":"Feature","properties":{"amenity":"toilets","wheelchair":"no","lokalita":"Na Pankráci - Bussines centrum Vyšehrad","adresa":"Na Pankráci 1685/19","typ":"3 přístupné v rámci podniku/ úřadu","umisteni_podrob":"12 přístup v režimu (uzavíratelné areály)","vozickari":"0 ne","globalid":"{286BF8F8-598B-49EF-B255-4624C6160C63}"}},{"geometry":{"type":"Point","coordinates":[14.4812019,50.0812585]},"type":"Feature","properties":{"amenity":"toilets","wheelchair":"no","lokalita":"Pod Kapličkou","typ":"2 WC kiosek","umisteni_podrob":"11 dětské hřiště","vozickari":"0 ne","globalid":"{9BE34B3A-DD03-4AE8-B195-F7AE18B0B7BE}"}},{"geometry":{"type":"Point","coordinates":[14.4504433,50.1002146]},"type":"Feature","properties":{"amenity":"toilets","wheelchair":"no","lokalita":"Jateční","typ":"2 WC kiosek","umisteni_podrob":"11 dětské hřiště","vozickari":"0 ne","globalid":"{98AB593D-7D74-4277-9D8A-F7C0E599B1F7}"}},{"geometry":{"type":"Point","coordinates":[14.3732725,50.0981306]},"type":"Feature","properties":{"amenity":"toilets","wheelchair":"no","lokalita":"Zavadilova","typ":"2 WC kiosek","umisteni_podrob":"11 dětské hřiště","vozickari":"0 ne","globalid":"{80EB2564-5757-4799-B7F6-2A016B15F63B}"}},{"geometry":{"type":"Point","coordinates":[14.4140269,50.0967652]},"type":"Feature","properties":{"amenity":"toilets","wheelchair":"no","lokalita":"Letenské sady","typ":"2 WC kiosek","umisteni_podrob":"11 dětské hřiště","vozickari":"0 ne","globalid":"{9FD40456-497E-40C2-81DF-9F61DA7A9542}"}},{"geometry":{"type":"Point","coordinates":[14.4478952,50.1091579]},"type":"Feature","properties":{"amenity":"toilets","wheelchair":"no","lokalita":"Ortenovo náměstí","typ":"2 WC kiosek","umisteni_podrob":"11 dětské hřiště","vozickari":"0 ne","globalid":"{271E1DC3-2D40-473D-83F4-43EBEB370FD8}"}},{"geometry":{"type":"Point","coordinates":[14.4489091,50.1015935]},"type":"Feature","properties":{"amenity":"toilets","wheelchair":"no","lokalita":"Tusarova","typ":"2 WC kiosek","umisteni_podrob":"11 dětské hřiště","vozickari":"0 ne","globalid":"{983C521F-049E-4C3D-9110-B922DF766931}"}},{"geometry":{"type":"Point","coordinates":[14.4152449,50.1009458]},"type":"Feature","properties":{"amenity":"toilets","wheelchair":"no","lokalita":"U Sparty","typ":"2 WC kiosek","umisteni_podrob":"11 dětské hřiště","vozickari":"0 ne","globalid":"{A199E00F-2064-46AC-8F9F-10E63C1FF0C8}"}},{"geometry":{"type":"Point","coordinates":[14.4513767,50.1049834]},"type":"Feature","properties":{"amenity":"toilets","wheelchair":"no","lokalita":"úřad MČ Praha 7","adresa":"U průhonu 1338/38","typ":"3 přístupné v rámci podniku/ úřadu","umisteni_podrob":"12 přístup v režimu (uzavíratelné areály)","vozickari":"0 ne","globalid":"{4E1ACFE0-D2EA-4174-9D8C-78B6E1524057}"}},{"geometry":{"type":"Point","coordinates":[14.4309635,50.0671854]},"type":"Feature","properties":{"amenity":"toilets","wheelchair":"no","lokalita":"park Folimanka - areál Jammertál","typ":"2 WC kiosek","umisteni_podrob":"11 dětské hřiště","vozickari":"0 ne","globalid":"{605BAA17-7688-425D-86FE-780419D30DDA}"}},{"geometry":{"type":"Point","coordinates":[14.4436554,50.0704282]},"type":"Feature","properties":{"amenity":"toilets","wheelchair":"no","lokalita":"U Havlíčkových sadů -park","typ":"2 WC kiosek","umisteni_podrob":"11 dětské hřiště","vozickari":"0 ne","globalid":"{223D9EE2-097C-4F0A-9F81-37D36A464AB8}"}},{"geometry":{"type":"Point","coordinates":[14.5192996,50.1067401]},"type":"Feature","properties":{"amenity":"toilets","wheelchair":"no","lokalita":"Ivana Hlinky - park Zahrádky","typ":"2 WC kiosek","umisteni_podrob":"11 dětské hřiště","vozickari":"0 ne","globalid":"{399814D9-8743-4E71-971B-9D3DB3DFBDA6}"}},{"geometry":{"type":"Point","coordinates":[14.4035651,50.1209201]},"type":"Feature","properties":{"amenity":"toilets","wheelchair":"no","lokalita":"ZOO","typ":"2 WC kiosek","umisteni_podrob":"13 v areálu se zpoplatněným vstupem","vozickari":"0 ne","globalid":"{2ED94401-2978-4266-97ED-CD679F0F866F}"}},{"geometry":{"type":"Point","coordinates":[14.4787934,50.1335573]},"type":"Feature","properties":{"amenity":"toilets","wheelchair":"no","lokalita":"Ďáblická - Ďáblický hřbitov","typ":"2 WC kiosek","umisteni_podrob":"12 přístup v režimu (uzavíratelné areály)","vozickari":"0 ne","globalid":"{1A856446-39B9-45BE-B4D1-3B3A34B66AB8}"}},{"geometry":{"type":"Point","coordinates":[14.6128137,50.1164986]},"type":"Feature","properties":{"amenity":"toilets","wheelchair":"no","lokalita":"NÁDRAŽÍ PRAHA - Horní Počernice (ČD)","adresa":"Libuňská 632/1","typ":"1 DPP, dopravní uzel (nádraží, letiště)","umisteni_podrob":"2 nádraží + MHD (kromě metra)","vozickari":"0 ne","globalid":"{5F6C3D5D-86D4-43BE-8BCB-13695F55AEED}"}},{"geometry":{"type":"Point","coordinates":[14.3463025,50.0948346]},"type":"Feature","properties":{"amenity":"toilets","wheelchair":"no","lokalita":"NÁDRAŽÍ PRAHA - Veleslavín (ČD)","adresa":"Nad stanicí 42","typ":"1 DPP, dopravní uzel (nádraží, letiště)","umisteni_podrob":"2 nádraží + MHD (kromě metra)","vozickari":"0 ne","globalid":"{A8B2BF28-27C3-42CF-BB51-380CFB3B5A45}"}},{"geometry":{"type":"Point","coordinates":[14.4933249,50.0367603]},"type":"Feature","properties":{"amenity":"toilets","wheelchair":"yes","lokalita":"KFC Türkova","adresa":"Türkova 2317/5, Praha 4","typ":"3 přístupné v rámci podniku/ úřadu","umisteni_podrob":"6 KFC","vozickari":"1 ano","globalid":"{5A50EE4A-197B-4A7C-9C71-CCC94D9D88BF}"}},{"geometry":{"type":"Point","coordinates":[14.47408,50.0526544]},"type":"Feature","properties":{"amenity":"toilets","wheelchair":"yes","lokalita":"Burger King Chodovská Drive-Thru","adresa":"Chodovská 228/3, Praha 4","typ":"3 přístupné v rámci podniku/ úřadu","umisteni_podrob":"7 Burger King","vozickari":"1 ano","globalid":"{B67130A4-F8CE-4B9B-AE7C-5F56B367434C}"}},{"geometry":{"type":"Point","coordinates":[14.6383997,50.1080699]},"type":"Feature","properties":{"amenity":"toilets","wheelchair":"yes","lokalita":"Burger King Horní Počernice, dálnice D11, Drive-Thru","adresa":"Olomoucká 2332, Horní Počernice","typ":"3 přístupné v rámci podniku/ úřadu","umisteni_podrob":"7 Burger King","vozickari":"1 ano","globalid":"{61238441-6B1F-4AE4-9428-0C0754F613E6}"}},{"geometry":{"type":"Point","coordinates":[14.3995501,50.0971374]},"type":"Feature","properties":{"amenity":"toilets","wheelchair":"yes","lokalita":"NÁDRAŽÍ PRAHA - Dejvice (ČD)","adresa":"Václavkova 169/1","typ":"1 DPP, dopravní uzel (nádraží, letiště)","umisteni_podrob":"2 nádraží + MHD (kromě metra)","vozickari":"1 ano","globalid":"{74D89026-0E3E-45F8-92CA-7D69498E9B9D}"}},{"geometry":{"type":"Point","coordinates":[14.4222156,50.0876466]},"type":"Feature","properties":{"amenity":"toilets","wheelchair":"no","lokalita":"STAROMĚSTSKÉ NÁMĚSTÍ - Týnská chrám","typ":"2 WC kiosek","vozickari":"0 ne","globalid":"{F66FE7F3-089F-454B-9251-0025BCC0D745}"}},{"geometry":{"type":"Point","coordinates":[14.4249187,50.0602058]},"type":"Feature","properties":{"amenity":"toilets","wheelchair":"yes","lokalita":"WC v Jedličkově ústavu 2 ks","adresa":"Praha 2, V Pevnosti 4, Vyšehrad","typ":"3 přístupné v rámci podniku/ úřadu","vozickari":"1 ano","globalid":"{B207EC10-C224-4E1F-8005-E94243195525}"}},{"geometry":{"type":"Point","coordinates":[14.4915745,50.0315558]},"type":"Feature","properties":{"amenity":"toilets","wheelchair":"yes","lokalita":"Centrum Chodov - 1.patro 3x","adresa":"Praha 4, Roztylská 2321/19","typ":"3 přístupné v rámci podniku/ úřadu","umisteni_podrob":"4 obchodní centrum","vozickari":"1 ano","globalid":"{20DF5503-08AC-43C0-BB56-0634B60FD2DB}"}},{"geometry":{"type":"Point","coordinates":[14.4017213,50.0744092]},"type":"Feature","properties":{"amenity":"toilets","wheelchair":"yes","lokalita":"Poliklinika Kartouzská","adresa":"Praha 5, Kartouzská 6","typ":"3 přístupné v rámci podniku/ úřadu","vozickari":"1 ano","globalid":"{3BB4E24C-7468-4F4E-B97E-0DBD4F437D09}"}},{"geometry":{"type":"Point","coordinates":[14.4102687,50.0627545]},"type":"Feature","properties":{"amenity":"toilets","wheelchair":"yes","lokalita":"McDonald´s Praha Strakonická","adresa":"Praha 5, Strakonická 116","typ":"3 přístupné v rámci podniku/ úřadu","umisteni_podrob":"5 McDonald's","vozickari":"1 ano","globalid":"{8D126FCE-6EA5-4A9A-9664-1DFB2D03214C}"}},{"geometry":{"type":"Point","coordinates":[14.4073655,50.0749573]},"type":"Feature","properties":{"amenity":"toilets","wheelchair":"yes","lokalita":"Krajský úřad středočeského kraje 3 ks","adresa":"Praha 5, Zborovská 11","typ":"3 přístupné v rámci podniku/ úřadu","vozickari":"1 ano","globalid":"{19E6588B-7518-4D75-BE0F-0A2B49607C35}"}},{"geometry":{"type":"Point","coordinates":[14.4018544,50.0732267]},"type":"Feature","properties":{"amenity":"toilets","wheelchair":"yes","lokalita":"OC NOVÝ SMÍCHOV - 2. patro","adresa":"Plzeňská 8","typ":"3 přístupné v rámci podniku/ úřadu","umisteni_podrob":"4 obchodní centrum","vozickari":"1 ano","globalid":"{288EA48A-0848-4076-9987-590056B6D399}"}},{"geometry":{"type":"Point","coordinates":[14.4024249,50.0725163]},"type":"Feature","properties":{"amenity":"toilets","wheelchair":"yes","lokalita":"OC NOVÝ SMÍCHOV - suterén","adresa":"Plzeňská 8","typ":"3 přístupné v rámci podniku/ úřadu","umisteni_podrob":"4 obchodní centrum","vozickari":"1 ano","globalid":"{0F5B1A9D-29D3-463B-93F7-673123FA8562}"}},{"geometry":{"type":"Point","coordinates":[14.3549097,50.0483853]},"type":"Feature","properties":{"amenity":"toilets","wheelchair":"yes","lokalita":"GALERIE BUTOVICE - přízemí","adresa":"Radlická 520/117","typ":"3 přístupné v rámci podniku/ úřadu","umisteni_podrob":"4 obchodní centrum","vozickari":"1 ano","globalid":"{2ADE7E20-8482-4DB1-AB55-96684B27CAA9}"}},{"geometry":{"type":"Point","coordinates":[14.3558404,50.0473249]},"type":"Feature","properties":{"amenity":"toilets","wheelchair":"yes","lokalita":"GALERIE BUTOVICE - 1.patro","adresa":"Radlická 520/117","typ":"3 přístupné v rámci podniku/ úřadu","umisteni_podrob":"4 obchodní centrum","vozickari":"1 ano","globalid":"{47B8E68E-2D26-4CEC-84D9-3944AC885CF7}"}},{"geometry":{"type":"Point","coordinates":[14.3539149,50.0474884]},"type":"Feature","properties":{"amenity":"toilets","wheelchair":"yes","lokalita":"GALERIE BUTOVICE - 1.patro","adresa":"Radlická 520/117","typ":"3 přístupné v rámci podniku/ úřadu","umisteni_podrob":"4 obchodní centrum","vozickari":"1 ano","globalid":"{002DA683-8241-4F9A-BEF9-5E2EF7759900}"}},{"geometry":{"type":"Point","coordinates":[14.5766126,50.1100906]},"type":"Feature","properties":{"amenity":"toilets","wheelchair":"yes","lokalita":"KFC Černý Most DT","adresa":"Chlumecká 2461","typ":"3 přístupné v rámci podniku/ úřadu","umisteni_podrob":"6 KFC","vozickari":"1 ano","globalid":"{D21B0E42-E83A-43AE-8C74-C3BF2865DA74}"}},{"geometry":{"type":"Point","coordinates":[14.6134223,50.1244798]},"type":"Feature","properties":{"amenity":"toilets","wheelchair":"yes","lokalita":"McDonald´s Praha D10 km 2 (směr Mladá Boleslav)","adresa":"Praha 9, Novopacká 2860\r\n","typ":"3 přístupné v rámci podniku/ úřadu","umisteni_podrob":"5 McDonald's","vozickari":"1 ano","globalid":"{3645BA23-EB27-42F1-A48B-932DF51E453F}"}},{"geometry":{"type":"Point","coordinates":[14.4032842,50.0722088]},"type":"Feature","properties":{"amenity":"toilets","wheelchair":"yes","lokalita":"McDonald´s Anděl","adresa":"Praha 5, Plzeňská 4","typ":"3 přístupné v rámci podniku/ úřadu","umisteni_podrob":"5 McDonald's","vozickari":"1 ano","globalid":"{A3338297-9D93-466F-993E-64B208D74FE4}"}},{"geometry":{"type":"Point","coordinates":[14.4027722,50.0732446]},"type":"Feature","properties":{"amenity":"toilets","wheelchair":"yes","lokalita":"OC NOVÝ SMÍCHOV - 2. patro","adresa":"Plzeňská 8","typ":"3 přístupné v rámci podniku/ úřadu","umisteni_podrob":"4 obchodní centrum","vozickari":"1 ano","globalid":"{4F68AB28-23E2-4E6C-ACE5-82061689B360}"}},{"geometry":{"type":"Point","coordinates":[14.4363113,50.1086071]},"type":"Feature","properties":{"amenity":"toilets","wheelchair":"yes","lokalita":"Pražská Teplárenská - 1.patro","adresa":"Praha 7, Partyzánská 7","typ":"3 přístupné v rámci podniku/ úřadu","vozickari":"1 ano","globalid":"{D20C2A03-3B4C-45D6-9FA1-1E51F0D9F6B6}"}},{"geometry":{"type":"Point","coordinates":[14.4611746,50.0787975]},"type":"Feature","properties":{"amenity":"toilets","wheelchair":"no","lokalita":"OC FLORA - dohromady 4 WC","adresa":"Vinohradská 2828/151","typ":"3 přístupné v rámci podniku/ úřadu","umisteni_podrob":"4 obchodní centrum","vozickari":"0 ne","globalid":"{768EA52E-DB0F-41F2-8B8C-0F35F49F605D}"}},{"geometry":{"type":"Point","coordinates":[14.5427643,50.072311]},"type":"Feature","properties":{"amenity":"toilets","wheelchair":"yes","lokalita":"Europark Štěrboholy - přízemí , 1. patro","adresa":"Nákupní 389/3,","typ":"3 přístupné v rámci podniku/ úřadu","umisteni_podrob":"4 obchodní centrum","vozickari":"1 ano","globalid":"{2F1DA4AF-01E9-47B9-B9D6-E0704E35929F}"}},{"geometry":{"type":"Point","coordinates":[14.4377021,50.0904842]},"type":"Feature","properties":{"amenity":"toilets","wheelchair":"no","lokalita":"McDonald´s Praha Florenc","adresa":"Sokolovská 2080","typ":"3 přístupné v rámci podniku/ úřadu","umisteni_podrob":"5 McDonald's","vozickari":"0 ne","globalid":"{703C6A66-619B-4AD2-AACC-931EFB1E9E11}"}},{"geometry":{"type":"Point","coordinates":[14.6294526,50.0799373]},"type":"Feature","properties":{"amenity":"toilets","wheelchair":"yes","lokalita":"čerpací stanice","adresa":"Praha 9, Českobrodská","typ":"3 přístupné v rámci podniku/ úřadu","vozickari":"1 ano","globalid":"{C96530A7-17E9-4BE0-B552-7432705B8FDE}"}},{"geometry":{"type":"Point","coordinates":[14.4407973,50.088982]},"type":"Feature","properties":{"amenity":"toilets","wheelchair":"no","lokalita":"AUTOBUSOVÉ NÁDRAŽÍ FLORENC - WC na nástupišti","typ":"1 DPP, dopravní uzel (nádraží, letiště)","umisteni_podrob":"2 nádraží + MHD (kromě metra)","vozickari":"0 ne","globalid":"{569E10B5-D9F2-47CD-A0C5-C218585F0A7F}"}},{"geometry":{"type":"Point","coordinates":[14.3646414,50.0985341]},"type":"Feature","properties":{"amenity":"toilets","wheelchair":"yes","lokalita":"METRO LINKA A - BOŘISLAVKA","typ":"1 DPP, dopravní uzel (nádraží, letiště)","umisteni_podrob":"1A metro A","vozickari":"1 ano","globalid":"{2B0642F7-950C-4773-B5E6-5D7987A3533B}"}},{"geometry":{"type":"Point","coordinates":[14.4183763,50.0822756]},"type":"Feature","properties":{"amenity":"toilets","wheelchair":"yes","lokalita":"KFC Palác Metro","adresa":"Národní 25/961, Praha 1","typ":"3 přístupné v rámci podniku/ úřadu","umisteni_podrob":"6 KFC","vozickari":"1 ano","globalid":"{4040E5A9-BB41-4DD5-A8E0-6F26836F8352}"}},{"geometry":{"type":"Point","coordinates":[14.3544143,50.0968894]},"type":"Feature","properties":{"amenity":"toilets","wheelchair":"yes","lokalita":"KFC Etiopská","adresa":"Etiopská 686/3, Praha 6","typ":"3 přístupné v rámci podniku/ úřadu","umisteni_podrob":"6 KFC","vozickari":"1 ano","globalid":"{62544966-E215-4E77-81EF-698E95C62D0F}"}},{"geometry":{"type":"Point","coordinates":[14.4183479,50.0879252]},"type":"Feature","properties":{"amenity":"toilets","wheelchair":"no","lokalita":"KFC Kaprova","adresa":"Kaprova 14, Praha 1","typ":"3 přístupné v rámci podniku/ úřadu","umisteni_podrob":"6 KFC","vozickari":"0 ne","globalid":"{02ED8128-932A-4996-A567-DA059441E051}"}},{"geometry":{"type":"Point","coordinates":[14.4364463,50.0902828]},"type":"Feature","properties":{"amenity":"toilets","wheelchair":"no","lokalita":"KFC Na Poříčí","adresa":"Na Poříčí 46, Praha 1","typ":"3 přístupné v rámci podniku/ úřadu","umisteni_podrob":"6 KFC","vozickari":"0 ne","globalid":"{F01DEC14-7D16-4749-930F-8EC967D364C3}"}},{"geometry":{"type":"Point","coordinates":[14.3963419,50.0998485]},"type":"Feature","properties":{"amenity":"toilets","wheelchair":"no","lokalita":"KFC Vítězné náměstí","adresa":"Vítězné náměstí 1, Praha 6","typ":"3 přístupné v rámci podniku/ úřadu","umisteni_podrob":"6 KFC","vozickari":"0 ne","globalid":"{5F9A8945-82E4-46B6-86D7-6BF7586DEF7D}"}},{"geometry":{"type":"Point","coordinates":[14.4281781,50.0804344]},"type":"Feature","properties":{"amenity":"toilets","wheelchair":"yes","lokalita":"Burger King Václavské náměstí","adresa":"Václavské náměstí 801/52, Praha 1","typ":"3 přístupné v rámci podniku/ úřadu","umisteni_podrob":"7 Burger King","vozickari":"1 ano","globalid":"{241A4662-0763-469A-A976-9478955B505A}"}},{"geometry":{"type":"Point","coordinates":[14.4227687,50.0836039]},"type":"Feature","properties":{"amenity":"toilets","wheelchair":"yes","lokalita":"Burger King 28. října 12","adresa":"28. října 12, Praha 1","typ":"3 přístupné v rámci podniku/ úřadu","umisteni_podrob":"7 Burger King","vozickari":"1 ano","globalid":"{9C4CA1C3-4FC5-4163-A663-B738B477FB15}"}},{"geometry":{"type":"Point","coordinates":[14.5416968,50.0747073]},"type":"Feature","properties":{"amenity":"toilets","wheelchair":"yes","lokalita":"Fashion Arena Outlet Center - přízemí","adresa":"Praha 10 Štěrboholy, Zamenhofova 440","typ":"3 přístupné v rámci podniku/ úřadu","umisteni_podrob":"4 obchodní centrum","vozickari":"1 ano","globalid":"{05602ADF-1239-455F-83B5-EE39A6627EF7}"}},{"geometry":{"type":"Point","coordinates":[14.5391105,50.07379]},"type":"Feature","properties":{"amenity":"toilets","wheelchair":"yes","lokalita":"Fashion Arena Outlet Center - 1. patro","adresa":"Praha 10 Štěrboholy, Zamenhofova 440","typ":"3 přístupné v rámci podniku/ úřadu","umisteni_podrob":"4 obchodní centrum","vozickari":"1 ano","globalid":"{974BF419-F615-4CEB-8D38-DAA23B48A4BB}"}},{"geometry":{"type":"Point","coordinates":[14.4286295,50.0801445]},"type":"Feature","properties":{"amenity":"toilets","wheelchair":"no","lokalita":"KFC Blaník","adresa":"Václavské náměstí 56, Praha 1","typ":"3 přístupné v rámci podniku/ úřadu","umisteni_podrob":"6 KFC","vozickari":"0 ne","globalid":"{97AA87B6-8EF1-409E-A594-4D7CA7D707AC}"}},{"geometry":{"type":"Point","coordinates":[14.4140661,50.0858366]},"type":"Feature","properties":{"amenity":"toilets","wheelchair":"no","lokalita":"WC u Karlova mostu","typ":"2 WC kiosek","vozickari":"0 ne","globalid":"{7B56D331-A5C9-4AB0-8840-2CEB2375D394}"}},{"geometry":{"type":"Point","coordinates":[14.4140305,50.0857107]},"type":"Feature","properties":{"amenity":"toilets","wheelchair":"no","lokalita":"ICE PUB","adresa":"Novotného lávka 200/5","typ":"2 WC kiosek","vozickari":"0 ne","globalid":"{E84DD7D8-E841-4E9E-AB53-BE79562AC71A}"}},{"geometry":{"type":"Point","coordinates":[14.6635367,50.0873163]},"type":"Feature","properties":{"amenity":"toilets","wheelchair":"yes","lokalita":"NÁDRAŽÍ PRAHA - Klánovice (ČD)","adresa":"U Trativodu 91","typ":"1 DPP, dopravní uzel (nádraží, letiště)","umisteni_podrob":"2 nádraží + MHD (kromě metra)","vozickari":"1 ano","globalid":"{6BBC8BE5-08D0-4922-8B0F-0BC921954E10}"}},{"geometry":{"type":"Point","coordinates":[14.591478,50.0340235]},"type":"Feature","properties":{"amenity":"toilets","wheelchair":"yes","lokalita":"NÁDRAŽÍ PRAHA - Uhříněves (ČD)","adresa":"U starého nádraží 262/2","typ":"1 DPP, dopravní uzel (nádraží, letiště)","umisteni_podrob":"2 nádraží + MHD (kromě metra)","vozickari":"1 ano","globalid":"{C64051CB-95CB-4F8B-94F4-C2D431CCD154}"}},{"geometry":{"type":"Point","coordinates":[14.364621,49.9858603]},"type":"Feature","properties":{"amenity":"toilets","wheelchair":"yes","lokalita":"NÁDRAŽÍ PRAHA - Radotín (ČD)","adresa":"Vrážská 43/5","typ":"1 DPP, dopravní uzel (nádraží, letiště)","umisteni_podrob":"2 nádraží + MHD (kromě metra)","vozickari":"1 ano","globalid":"{62C4F743-9E5B-4FA7-8F58-E0F14D3B0622}"}},{"geometry":{"type":"Point","coordinates":[14.4063805,50.027783]},"type":"Feature","properties":{"amenity":"toilets","wheelchair":"yes","lokalita":"NÁDRAŽÍ PRAHA - Braník (ČD)","adresa":"Pikovická 869/2","typ":"1 DPP, dopravní uzel (nádraží, letiště)","umisteni_podrob":"2 nádraží + MHD (kromě metra)","vozickari":"1 ano","globalid":"{28ADF5EC-EAE1-4CB7-AD2C-7A786D126D47}"}},{"geometry":{"type":"Point","coordinates":[14.4219167,50.0853803]},"type":"Feature","properties":{"amenity":"toilets","wheelchair":"yes","lokalita":"WC PRO VOZÍČKÁŘE - HAVELSKÁ","typ":"2 WC kiosek","vozickari":"1 ano","globalid":"{AD2F603A-8271-406E-B574-3A4BD0C18FF6}"}},{"geometry":{"type":"Point","coordinates":[14.4271338,50.0890457]},"type":"Feature","properties":{"amenity":"toilets","wheelchair":"yes","lokalita":"OC KOTVA  4. patro","adresa":"Praha 1, Nám. Republiky","typ":"3 přístupné v rámci podniku/ úřadu","umisteni_podrob":"4 obchodní centrum","vozickari":"1 ano","globalid":"{1DD9D28B-95A3-46B7-9079-1E20FB20B9B2}"}},{"geometry":{"type":"Point","coordinates":[14.4250358,50.0858838]},"type":"Feature","properties":{"amenity":"toilets","wheelchair":"no","lokalita":"Nákupní galerie Myslbek - 1.patro","adresa":"Praha 1, Ovocný trh 1096/8","typ":"3 přístupné v rámci podniku/ úřadu","umisteni_podrob":"4 obchodní centrum","vozickari":"0 ne","globalid":"{68C0579B-C98E-4294-B920-3C7964EA2362}"}},{"geometry":{"type":"Point","coordinates":[14.4218735,50.087885]},"type":"Feature","properties":{"amenity":"toilets","wheelchair":"no","lokalita":"WC STAROMĚSTSKÉ NÁMĚSTÍ - palác Kinských","typ":"2 WC kiosek","vozickari":"0 ne","globalid":"{B25B47A4-44B5-4651-B11E-5125C1437DE4}"}},{"geometry":{"type":"Point","coordinates":[14.4193699,50.0870622]},"type":"Feature","properties":{"amenity":"toilets","wheelchair":"no","lokalita":"WC STAROMĚSTSKÉ NÁMĚSTÍ - restaurace Kotleta","typ":"2 WC kiosek","vozickari":"0 ne","globalid":"{D35D36A1-B193-467E-8DEA-6A053E5479F1}"}},{"geometry":{"type":"Point","coordinates":[14.4048832,50.0874802]},"type":"Feature","properties":{"amenity":"toilets","wheelchair":"no","lokalita":"McDonald´s Praha Mostecká","adresa":"Mostecká 21","typ":"3 přístupné v rámci podniku/ úřadu","umisteni_podrob":"5 McDonald's","vozickari":"0 ne","globalid":"{A775A71A-38B3-42D3-838B-D2A5122C0AF6}"}},{"geometry":{"type":"Point","coordinates":[14.4340471,50.0902731]},"type":"Feature","properties":{"amenity":"toilets","wheelchair":"no","lokalita":"Bílá Labuť- 5.patro","adresa":"Na Poříčí 1068/23","typ":"3 přístupné v rámci podniku/ úřadu","umisteni_podrob":"4 obchodní centrum","vozickari":"0 ne","globalid":"{320673E6-38D0-4FEB-8D0E-EAC4D17B1DDC}"}},{"geometry":{"type":"Point","coordinates":[14.4231991,50.080072]},"type":"Feature","properties":{"amenity":"toilets","wheelchair":"no","lokalita":"McDonald´s Praha Vodičkova","adresa":"Vodičkova 15","typ":"3 přístupné v rámci podniku/ úřadu","umisteni_podrob":"5 McDonald's","vozickari":"0 ne","globalid":"{22A217A9-F6F1-495B-943C-E97C40005CE0}"}},{"geometry":{"type":"Point","coordinates":[14.4301422,50.0798887]},"type":"Feature","properties":{"amenity":"toilets","wheelchair":"no","lokalita":"McDonald´s Praha Muzeum","adresa":"Václavské nám.812/ 59","typ":"3 přístupné v rámci podniku/ úřadu","umisteni_podrob":"5 McDonald's","vozickari":"0 ne","globalid":"{A50BCC8B-8794-44F7-B044-857A99EF4FF4}"}},{"geometry":{"type":"Point","coordinates":[14.4250809,50.0834675]},"type":"Feature","properties":{"amenity":"toilets","wheelchair":"no","lokalita":"McDonald´s Praha Václavské náměstí","adresa":"Václavské nám. 9","typ":"3 přístupné v rámci podniku/ úřadu","umisteni_podrob":"5 McDonald's","vozickari":"0 ne","globalid":"{EB33D7B7-8832-49CC-B7E6-11DA6476F3E4}"}},{"geometry":{"type":"Point","coordinates":[14.4345663,50.0840466]},"type":"Feature","properties":{"amenity":"toilets","wheelchair":"yes","lokalita":"HLAVNÍ NÁDRAŽÍ (ČD) - WC II","adresa":"Praha 2, Wilsonova 8","typ":"1 DPP, dopravní uzel (nádraží, letiště)","umisteni_podrob":"2 nádraží + MHD (kromě metra)","vozickari":"1 ano","globalid":"{2D3B5A46-8D31-4385-AE45-5D4773CD37F2}"}},{"geometry":{"type":"Point","coordinates":[14.291316,50.0927632]},"type":"Feature","properties":{"amenity":"toilets","wheelchair":"no","lokalita":"OC Šestka - mezipatro","adresa":"Praha 6, Fajtlova 1090/1","typ":"3 přístupné v rámci podniku/ úřadu","umisteni_podrob":"4 obchodní centrum","vozickari":"0 ne","globalid":"{B7B58690-E42E-4FB2-946A-D1EB54600A46}"}},{"geometry":{"type":"Point","coordinates":[14.2913249,50.092742]},"type":"Feature","properties":{"amenity":"toilets","wheelchair":"yes","lokalita":"OC Šestka - 1.patro","adresa":"Praha 6, Fajtlova 1090/1","typ":"3 přístupné v rámci podniku/ úřadu","umisteni_podrob":"4 obchodní centrum","vozickari":"1 ano","globalid":"{11E229DB-247F-4B32-9C6E-66543F52C060}"}},{"geometry":{"type":"Point","coordinates":[14.4944346,50.1046641]},"type":"Feature","properties":{"amenity":"toilets","wheelchair":"yes","lokalita":"O2 Arena, 4 ks","adresa":"Praha 9, Českomoravská 17","typ":"3 přístupné v rámci podniku/ úřadu","vozickari":"1 ano","globalid":"{D085029A-FB11-421D-9EFB-6A2BAC5B5F15}"}},{"geometry":{"type":"Point","coordinates":[14.4904358,50.1037792]},"type":"Feature","properties":{"amenity":"toilets","wheelchair":"yes","lokalita":"Obchodní centrum Galerie Harfa-střecha","adresa":"Praha 9, Českomoravská 2420/15a","typ":"3 přístupné v rámci podniku/ úřadu","umisteni_podrob":"4 obchodní centrum","vozickari":"1 ano","globalid":"{3EDD407E-D7BE-4F18-9615-6702FFBDA79E}"}},{"geometry":{"type":"Point","coordinates":[14.4975068,50.1121663]},"type":"Feature","properties":{"amenity":"toilets","wheelchair":"no","lokalita":"NÁDRAŽÍ PRAHA - Vysočany (ČD)","adresa":"Praha 9, U vinných sklepů","typ":"1 DPP, dopravní uzel (nádraží, letiště)","umisteni_podrob":"2 nádraží + MHD (kromě metra)","vozickari":"0 ne","globalid":"{6BF610A8-7973-48A2-AAD9-E3667DF97109}"}},{"geometry":{"type":"Point","coordinates":[14.5195758,50.1491153]},"type":"Feature","properties":{"amenity":"toilets","wheelchair":"yes","lokalita":"NÁDRAŽÍ PRAHA - Čakovice (ČD)","adresa":"Praha 9, Čakovice","typ":"1 DPP, dopravní uzel (nádraží, letiště)","umisteni_podrob":"2 nádraží + MHD (kromě metra)","vozickari":"1 ano","globalid":"{47DA77D0-0259-4393-9061-D382E512D62E}"}},{"geometry":{"type":"Point","coordinates":[14.3228535,50.0930853]},"type":"Feature","properties":{"amenity":"toilets","wheelchair":"yes","lokalita":"McDonald´s Praha Evropská","adresa":"Praha 6, Evropská 634/204","typ":"3 přístupné v rámci podniku/ úřadu","umisteni_podrob":"5 McDonald's","vozickari":"1 ano","globalid":"{9B7F5D35-0CF4-45D0-8E7D-6D1EE13428FA}"}},{"geometry":{"type":"Point","coordinates":[14.5837495,50.1081667]},"type":"Feature","properties":{"amenity":"toilets","wheelchair":"yes","lokalita":"CENTRUM ČERNÝ MOST - 1. patro (3x WC)","adresa":"Chlumecká 765/7","typ":"3 přístupné v rámci podniku/ úřadu","umisteni_podrob":"4 obchodní centrum","vozickari":"1 ano","globalid":"{C49891C4-BE6F-4279-A6C9-EF88B17EC890}"}},{"geometry":{"type":"Point","coordinates":[14.4249015,50.0142327]},"type":"Feature","properties":{"amenity":"toilets","wheelchair":"yes","lokalita":"McDonald´s Praha Modřany","adresa":"Praha 4, Lhotecká 169/2b","typ":"3 přístupné v rámci podniku/ úřadu","umisteni_podrob":"5 McDonald's","vozickari":"1 ano","globalid":"{72586613-C65C-469B-80D7-55F6C6A653CA}"}},{"geometry":{"type":"Point","coordinates":[14.4146861,50.0057215]},"type":"Feature","properties":{"amenity":"toilets","wheelchair":"yes","lokalita":"Poliklinika Modřany","adresa":"Praha 4, Soukalova 3","typ":"3 přístupné v rámci podniku/ úřadu","vozickari":"1 ano","globalid":"{058CF283-2F0C-47DF-BC78-E31010226B15}"}},{"geometry":{"type":"Point","coordinates":[14.3105903,50.0647159]},"type":"Feature","properties":{"amenity":"toilets","wheelchair":"yes","lokalita":"McDonald´s Praha Řepy","adresa":"Skuteckého 1395/1","typ":"3 přístupné v rámci podniku/ úřadu","umisteni_podrob":"5 McDonald's","vozickari":"1 ano","globalid":"{F1426722-8A15-45F8-8AF9-D3E2F3A94E45}"}},{"geometry":{"type":"Point","coordinates":[14.3045333,50.0694868]},"type":"Feature","properties":{"amenity":"toilets","wheelchair":"yes","lokalita":"Základní umělecká škola Blatiny - vchod z ul. Španielova","adresa":"Praha 6, Španielova 50","typ":"3 přístupné v rámci podniku/ úřadu","vozickari":"1 ano","globalid":"{AC823A46-1E58-4534-982D-AB97B16B6EE8}"}},{"geometry":{"type":"Point","coordinates":[14.4944842,50.1470131]},"type":"Feature","properties":{"amenity":"toilets","wheelchair":"yes","lokalita":"McDonald´s Praha Cínovecká (směr Ústí nad Labem)","adresa":"Praha 8, Cínovecká ul. 796","typ":"3 přístupné v rámci podniku/ úřadu","umisteni_podrob":"5 McDonald's","vozickari":"1 ano","globalid":"{527CB5D2-C823-4699-8D24-081B4D20443C}"}},{"geometry":{"type":"Point","coordinates":[14.4679481,50.0677769]},"type":"Feature","properties":{"amenity":"toilets","wheelchair":"no","lokalita":"Nákupní centrum Eden-2.patro","adresa":"Praha 10, U Slávie 1527","typ":"3 přístupné v rámci podniku/ úřadu","umisteni_podrob":"4 obchodní centrum","vozickari":"0 ne","globalid":"{15B62588-F4FA-4AA5-9C8C-6AF4F35FFEC7}"}},{"geometry":{"type":"Point","coordinates":[14.4688976,50.0669962]},"type":"Feature","properties":{"amenity":"toilets","wheelchair":"no","lokalita":"Nákupní centrum Eden-1.patro","adresa":"Praha 10, U Slávie 1527","typ":"3 přístupné v rámci podniku/ úřadu","umisteni_podrob":"4 obchodní centrum","vozickari":"0 ne","globalid":"{5A53B82E-D72F-4460-92C1-FDAA1946550E}"}},{"geometry":{"type":"Point","coordinates":[14.4688976,50.0669962]},"type":"Feature","properties":{"amenity":"toilets","wheelchair":"yes","lokalita":"Nákupní centrum Eden-přízemí","adresa":"Praha 10, U Slávie 1527","typ":"3 přístupné v rámci podniku/ úřadu","umisteni_podrob":"4 obchodní centrum","vozickari":"1 ano","globalid":"{3646BC1B-00A8-4036-AEA6-E18EC03DA953}"}},{"geometry":{"type":"Point","coordinates":[14.4706927,50.0679558]},"type":"Feature","properties":{"amenity":"toilets","wheelchair":"yes","lokalita":"McDonald´s Praha Eden","adresa":"Praha 10, U Slavie 1540/2a","typ":"3 přístupné v rámci podniku/ úřadu","umisteni_podrob":"5 McDonald's","vozickari":"1 ano","globalid":"{ABB27EFA-44BC-494B-A4E6-495C0AF15319}"}},{"geometry":{"type":"Point","coordinates":[14.5387413,50.0779141]},"type":"Feature","properties":{"amenity":"toilets","wheelchair":"yes","lokalita":"McDonald´s Praha Průmyslová","adresa":"Praha 10, Průmyslová 700/30a","typ":"3 přístupné v rámci podniku/ úřadu","umisteni_podrob":"5 McDonald's","vozickari":"1 ano","globalid":"{8937DB43-C1F7-4B18-9E42-3C77D206350F}"}},{"geometry":{"type":"Point","coordinates":[14.543982,50.0086909]},"type":"Feature","properties":{"amenity":"toilets","wheelchair":"yes","lokalita":"McDonald´s D1 4,5 km (směr Brno)","adresa":"Újezd u Průhonic, Újezd 280, 149 00 Praha 4","typ":"3 přístupné v rámci podniku/ úřadu","umisteni_podrob":"5 McDonald's","vozickari":"1 ano","globalid":"{06F72FDE-1759-4973-BE7D-7D56DE21B729}"}},{"geometry":{"type":"Point","coordinates":[14.4317477,50.0755971]},"type":"Feature","properties":{"amenity":"toilets","wheelchair":"yes","lokalita":"McDonald´s Praha I.P.Pavlova","adresa":"Praha 2, Jugoslávská 11","typ":"3 přístupné v rámci podniku/ úřadu","umisteni_podrob":"5 McDonald's","vozickari":"1 ano","globalid":"{67C8EBD6-277E-48B8-B7F8-BC7694E8E731}"}},{"geometry":{"type":"Point","coordinates":[14.5831747,50.1096939]},"type":"Feature","properties":{"amenity":"toilets","wheelchair":"yes","lokalita":"McDonald´s Praha Chlumecká (směr z centra)","adresa":"Praha 9, Chlumecká ulice 764/2","typ":"3 přístupné v rámci podniku/ úřadu","umisteni_podrob":"5 McDonald's","vozickari":"1 ano","globalid":"{6249B7B1-53B2-4210-9563-A5C777249CF2}"}},{"geometry":{"type":"Point","coordinates":[14.2941522,50.0504311]},"type":"Feature","properties":{"amenity":"toilets","wheelchair":"yes","lokalita":"McDonald´s Praha Zličin Shoping park Avion","adresa":"Skandinávská 162/27","typ":"3 přístupné v rámci podniku/ úřadu","umisteni_podrob":"5 McDonald's","vozickari":"1 ano","globalid":"{986EF583-6A03-474F-AF9A-94223BC279CD}"}},{"geometry":{"type":"Point","coordinates":[14.3222494,50.0452287]},"type":"Feature","properties":{"amenity":"toilets","wheelchair":"yes","lokalita":"METRO LINKA B - LUKA","typ":"1 DPP, dopravní uzel (nádraží, letiště)","umisteni_podrob":"1B metro B","vozickari":"1 ano","globalid":"{25BA97E9-4842-47FF-93AB-6C57F3D197C2}"}},{"geometry":{"type":"Point","coordinates":[14.4917409,50.0312958]},"type":"Feature","properties":{"amenity":"toilets","wheelchair":"yes","lokalita":"METRO LINKA C - CHODOV","typ":"1 DPP, dopravní uzel (nádraží, letiště)","umisteni_podrob":"1C metro C","vozickari":"1 ano","globalid":"{301BF757-B451-4238-9D75-432A47580828}"}},{"geometry":{"type":"Point","coordinates":[14.4896839,50.0305691]},"type":"Feature","properties":{"amenity":"toilets","wheelchair":"yes","lokalita":"Centrum Chodov -patro -1","adresa":"Praha 4, Roztylská 2321/19","typ":"3 přístupné v rámci podniku/ úřadu","umisteni_podrob":"4 obchodní centrum","vozickari":"1 ano","globalid":"{489C0A69-5988-4F2D-94D6-74115E132E7B}"}},{"geometry":{"type":"Point","coordinates":[14.4901951,50.0320028]},"type":"Feature","properties":{"amenity":"toilets","wheelchair":"yes","lokalita":"Centrum Chodov - přízemí","adresa":"Praha 4, Roztylská 2321/19","typ":"3 přístupné v rámci podniku/ úřadu","umisteni_podrob":"4 obchodní centrum","vozickari":"1 ano","globalid":"{DF3699C9-D43C-44F6-A1AF-F441288630B1}"}},{"geometry":{"type":"Point","coordinates":[14.4888123,50.0310968]},"type":"Feature","properties":{"amenity":"toilets","wheelchair":"yes","lokalita":"Centrum Chodov - 2.patro","adresa":"Praha 4, Roztylská 2321/19","typ":"3 přístupné v rámci podniku/ úřadu","umisteni_podrob":"4 obchodní centrum","vozickari":"1 ano","globalid":"{C48CBA7C-CEFE-463D-BFD2-D6B9FC447A58}"}},{"geometry":{"type":"Point","coordinates":[14.5171054,50.05277]},"type":"Feature","properties":{"amenity":"toilets","wheelchair":"yes","lokalita":"Nákupní centrum Vivo Hostivař  -1","adresa":"Praha 10, Švehlova 1391/32","typ":"3 přístupné v rámci podniku/ úřadu","umisteni_podrob":"4 obchodní centrum","vozickari":"1 ano","globalid":"{86CE5494-7E46-44C8-B2CB-493DD1D31551}"}},{"geometry":{"type":"Point","coordinates":[14.439124,50.0338993]},"type":"Feature","properties":{"amenity":"toilets","wheelchair":"yes","lokalita":"McDonald´s Praha Jižní spojka (směr Barrandov)","adresa":"Praha 4,  Jižní Spojka 1971/3","typ":"3 přístupné v rámci podniku/ úřadu","umisteni_podrob":"5 McDonald's","vozickari":"1 ano","globalid":"{E7A74887-DFC1-446A-9311-30B549F89374}"}},{"geometry":{"type":"Point","coordinates":[14.4422991,50.0338531]},"type":"Feature","properties":{"amenity":"toilets","wheelchair":"yes","lokalita":"McDonald´s Praha Jižní spojka (směr Brno)","adresa":"Praha 4,  Sulická","typ":"3 přístupné v rámci podniku/ úřadu","umisteni_podrob":"5 McDonald's","vozickari":"1 ano","globalid":"{973107AF-6A0D-49E9-950A-479A6A68A1AB}"}},{"geometry":{"type":"Point","coordinates":[14.4329696,50.0263152]},"type":"Feature","properties":{"amenity":"toilets","wheelchair":"yes","lokalita":"PLAZA NOVODVORSKÁ - přízemí","adresa":"Novodvorská 1800/136","typ":"3 přístupné v rámci podniku/ úřadu","umisteni_podrob":"4 obchodní centrum","vozickari":"1 ano","globalid":"{BDC9FA4C-B56B-42FF-BFC8-AACA5E57C90B}"}},{"geometry":{"type":"Point","coordinates":[14.4336087,50.0271229]},"type":"Feature","properties":{"amenity":"toilets","wheelchair":"yes","lokalita":"PLAZA NOVODVORSKÁ - 1. patro","adresa":"Novodvorská 1800/136","typ":"3 přístupné v rámci podniku/ úřadu","umisteni_podrob":"4 obchodní centrum","vozickari":"1 ano","globalid":"{46A92137-33CA-457C-96B4-674DADA318DC}"}},{"geometry":{"type":"Point","coordinates":[14.2923855,50.052651]},"type":"Feature","properties":{"amenity":"toilets","wheelchair":"yes","lokalita":"KFC Globus Zličín","adresa":"Sárská 124","typ":"3 přístupné v rámci podniku/ úřadu","umisteni_podrob":"6 KFC","vozickari":"1 ano","globalid":"{75CF80B5-F5B9-42A6-B5D3-65E237B8D723}"}},{"geometry":{"type":"Point","coordinates":[14.3422282,50.0549408]},"type":"Feature","properties":{"amenity":"toilets","wheelchair":"yes","lokalita":"KFC Bucharova","adresa":"Bucharova","typ":"3 přístupné v rámci podniku/ úřadu","umisteni_podrob":"6 KFC","vozickari":"1 ano","globalid":"{0B5F7AC2-4FB3-4926-836F-D008C76B5C89}"}},{"geometry":{"type":"Point","coordinates":[14.4680293,50.0403303]},"type":"Feature","properties":{"amenity":"toilets","wheelchair":"yes","lokalita":"KFC Kačerov","adresa":"Ke garážím 1557/4","typ":"3 přístupné v rámci podniku/ úřadu","umisteni_podrob":"6 KFC","vozickari":"1 ano","globalid":"{713E92D5-D28E-406C-B098-864158D553D1}"}},{"geometry":{"type":"Point","coordinates":[14.4299988,50.0789119]},"type":"Feature","properties":{"amenity":"toilets","wheelchair":"no","lokalita":"METRO LINKA C - MUZEUM","typ":"1 DPP, dopravní uzel (nádraží, letiště)","umisteni_podrob":"1C metro C","vozickari":"0 ne","globalid":"{D4312285-6CD7-44D4-8206-F0B811969DB2}"}},{"geometry":{"type":"Point","coordinates":[14.4198536,50.0822895]},"type":"Feature","properties":{"amenity":"toilets","wheelchair":"yes","lokalita":"Obchodní dům My - 1.patro","adresa":"Národní 63/26","typ":"3 přístupné v rámci podniku/ úřadu","umisteni_podrob":"4 obchodní centrum","vozickari":"1 ano","globalid":"{2B793166-ADD8-4078-9134-4C6DA1677540}"}},{"geometry":{"type":"Point","coordinates":[14.3396753,50.0771378]},"type":"Feature","properties":{"amenity":"toilets","wheelchair":"no","lokalita":"NC Bělohorská","adresa":"Bělohorská 2426/205","typ":"3 přístupné v rámci podniku/ úřadu","umisteni_podrob":"4 obchodní centrum","vozickari":"0 ne","globalid":"{EED3BF26-E938-4AFF-A959-2AAA36E420B0}"}},{"geometry":{"type":"Point","coordinates":[14.3929542,50.1118181]},"type":"Feature","properties":{"amenity":"toilets","wheelchair":"yes","lokalita":"NC InterCora Podbaba","adresa":"Pod Paťankou 2743/1b","typ":"3 přístupné v rámci podniku/ úřadu","umisteni_podrob":"4 obchodní centrum","vozickari":"1 ano","globalid":"{0B54133A-7912-43D4-99DA-31A4A3A85299}"}},{"geometry":{"type":"Point","coordinates":[14.4041497,50.0968833]},"type":"Feature","properties":{"amenity":"toilets","wheelchair":"no","lokalita":"Costa Coffee Milady Horákové","adresa":"Pod baštami 201/8","typ":"3 přístupné v rámci podniku/ úřadu","vozickari":"0 ne","globalid":"{3C8C93B5-81CA-4C6C-AB5E-692BC863B9E9}"}},{"geometry":{"type":"Point","coordinates":[14.4032435,50.0967742]},"type":"Feature","properties":{"amenity":"toilets","wheelchair":"yes","lokalita":"Plzeňská restaurace Na Hradčanské","adresa":"Milady Horákové 297/125","typ":"3 přístupné v rámci podniku/ úřadu","vozickari":"1 ano","globalid":"{4397730B-7AA2-4D36-88B4-CD3461CB169B}"}},{"geometry":{"type":"Point","coordinates":[14.3830225,50.0853152]},"type":"Feature","properties":{"amenity":"toilets","wheelchair":"yes","lokalita":"WC Vaníčkova","adresa":"Vaníčkova 2343/2","typ":"3 přístupné v rámci podniku/ úřadu","umisteni_podrob":"9 veřejné WC","vozickari":"1 ano","globalid":"{E1CA17AA-68FD-4FE8-A3E2-E19C7E8BAA7E}"}},{"geometry":{"type":"Point","coordinates":[14.3844764,50.0898372]},"type":"Feature","properties":{"amenity":"toilets","wheelchair":"no","lokalita":"Burger Pub Na Hubálce","adresa":"Za Hládkovem 975/2","typ":"3 přístupné v rámci podniku/ úřadu","umisteni_podrob":"7 Burger King","vozickari":"0 ne","globalid":"{749E7976-DFDA-472B-ACA7-3C39313185E9}"}},{"geometry":{"type":"Point","coordinates":[14.3658418,50.0841887]},"type":"Feature","properties":{"amenity":"toilets","wheelchair":"no","lokalita":"Vinotéka Šestka Bělohorská","adresa":"Bělohorská 1687/120","typ":"3 přístupné v rámci podniku/ úřadu","vozickari":"0 ne","globalid":"{710811C5-5B9C-4880-8E13-A67510D71333}"}},{"geometry":{"type":"Point","coordinates":[14.3635036,50.0835026]},"type":"Feature","properties":{"amenity":"toilets","wheelchair":"no","lokalita":"Restaurace/ kavárna","adresa":"Konecchlumského 672/9","typ":"3 přístupné v rámci podniku/ úřadu","vozickari":"0 ne","globalid":"{0832F5EB-3628-44C3-AA7A-469CCA3276EE}"}},{"geometry":{"type":"Point","coordinates":[14.3578676,50.0828613]},"type":"Feature","properties":{"amenity":"toilets","wheelchair":"no","lokalita":"Restaurace/ kavárna","adresa":"Bělohorská 183/169","typ":"3 přístupné v rámci podniku/ úřadu","vozickari":"0 ne","globalid":"{E0A85208-10F1-4A59-9DC3-02661CAC4A9C}"}},{"geometry":{"type":"Point","coordinates":[14.3465208,50.0972392]},"type":"Feature","properties":{"amenity":"toilets","wheelchair":"no","lokalita":"Restaurace/ kavárna","adresa":"V Nových Vokovicích 127/8","typ":"3 přístupné v rámci podniku/ úřadu","vozickari":"0 ne","globalid":"{6B42EEAC-43EB-449F-A239-2F505EC23448}"}},{"geometry":{"type":"Point","coordinates":[14.4047497,50.0981124]},"type":"Feature","properties":{"amenity":"toilets","wheelchair":"no","lokalita":"Restaurace/ kavárna","adresa":"Dejvická 181/2","typ":"3 přístupné v rámci podniku/ úřadu","vozickari":"0 ne","globalid":"{7FE67AA8-2BAD-46DB-9CF0-34FC5108C8AA}"}},{"geometry":{"type":"Point","coordinates":[14.4044867,50.0986161]},"type":"Feature","properties":{"amenity":"toilets","wheelchair":"no","lokalita":"Restaurace/ kavárna","adresa":"Bubenečská 282/8","typ":"3 přístupné v rámci podniku/ úřadu","vozickari":"0 ne","globalid":"{DB9A23B9-906C-42C2-ADEA-C461CF757AD0}"}},{"geometry":{"type":"Point","coordinates":[14.4043766,50.0990686]},"type":"Feature","properties":{"amenity":"toilets","wheelchair":"no","lokalita":"Restaurace/ kavárna","adresa":"Bubenečská 284/12","typ":"3 přístupné v rámci podniku/ úřadu","vozickari":"0 ne","globalid":"{0C97BA67-18D7-4193-875D-3B1737EB88C6}"}},{"geometry":{"type":"Point","coordinates":[14.4051346,50.0991814]},"type":"Feature","properties":{"amenity":"toilets","wheelchair":"no","lokalita":"Restaurace/ kavárna","adresa":"Jaselská 286/5","typ":"3 přístupné v rámci podniku/ úřadu","vozickari":"0 ne","globalid":"{197EF289-5E1F-497B-AD1F-81BAFECE1F3C}"}},{"geometry":{"type":"Point","coordinates":[14.4030788,50.0985779]},"type":"Feature","properties":{"amenity":"toilets","wheelchair":"no","lokalita":"Restaurace/ kavárna","adresa":"Mařákova 276/10","typ":"3 přístupné v rámci podniku/ úřadu","vozickari":"0 ne","globalid":"{2303AA33-926E-4FCD-B71C-77928BB249FB}"}},{"geometry":{"type":"Point","coordinates":[14.4031321,50.0983502]},"type":"Feature","properties":{"amenity":"toilets","wheelchair":"no","lokalita":"Restaurace/ kavárna","adresa":"Mařákova 280/6","typ":"3 přístupné v rámci podniku/ úřadu","vozickari":"0 ne","globalid":"{DCFCB274-40A2-401F-9323-AE0C2948C7AB}"}},{"geometry":{"type":"Point","coordinates":[14.4009691,50.0976498]},"type":"Feature","properties":{"amenity":"toilets","wheelchair":"no","lokalita":"Restaurace/ kavárna","adresa":"Václavkova 176/2","typ":"3 přístupné v rámci podniku/ úřadu","vozickari":"0 ne","globalid":"{38B89028-6473-45D8-998F-C64EEE0A2F52}"}},{"geometry":{"type":"Point","coordinates":[14.3998701,50.0981373]},"type":"Feature","properties":{"amenity":"toilets","wheelchair":"no","lokalita":"Restaurace/ kavárna","adresa":"Dejvická 306/9","typ":"3 přístupné v rámci podniku/ úřadu","vozickari":"0 ne","globalid":"{8CFA26BA-30C2-469C-83C9-5F63592CB954}"}},{"geometry":{"type":"Point","coordinates":[14.4022116,50.0990322]},"type":"Feature","properties":{"amenity":"toilets","wheelchair":"no","lokalita":"Restaurace/ kavárna","adresa":"Eliášova 324/14","typ":"3 přístupné v rámci podniku/ úřadu","vozickari":"0 ne","globalid":"{7213F4EA-C113-45E8-B7CD-10C5F65825AE}"}},{"geometry":{"type":"Point","coordinates":[14.3974693,50.0977384]},"type":"Feature","properties":{"amenity":"toilets","wheelchair":"no","lokalita":"Restaurace/ kavárna","adresa":"Wuchterlova 567/3","typ":"3 přístupné v rámci podniku/ úřadu","vozickari":"0 ne","globalid":"{54C0990D-3A19-4F3C-93CE-6F32BDC3CFB4}"}},{"geometry":{"type":"Point","coordinates":[14.3978465,50.0985802]},"type":"Feature","properties":{"amenity":"toilets","wheelchair":"no","lokalita":"Restaurace/ kavárna","adresa":"Kyjevská 341/1","typ":"3 přístupné v rámci podniku/ úřadu","vozickari":"0 ne","globalid":"{AAF5D337-ED10-46FE-B4D1-F35BF8E9E0D4}"}},{"geometry":{"type":"Point","coordinates":[14.3961005,50.0982509]},"type":"Feature","properties":{"amenity":"toilets","wheelchair":"no","lokalita":"Restaurace/ kavárna","adresa":"Wuchterlova 336/22","typ":"3 přístupné v rámci podniku/ úřadu","vozickari":"0 ne","globalid":"{4D9B8819-75A9-4AA3-A55B-C9889A0B85DA}"}},{"geometry":{"type":"Point","coordinates":[14.3958381,50.0994639]},"type":"Feature","properties":{"amenity":"toilets","wheelchair":"no","lokalita":"Restaurace/ kavárna","adresa":"Vítězné náměstí 578/3","typ":"3 přístupné v rámci podniku/ úřadu","vozickari":"0 ne","globalid":"{D904EFD3-6907-4517-AF71-53FF06A6427F}"}},{"geometry":{"type":"Point","coordinates":[14.3966677,50.1000764]},"type":"Feature","properties":{"amenity":"toilets","wheelchair":"no","lokalita":"Restaurace/ kavárna","adresa":"Dejvická 774/56","typ":"3 přístupné v rámci podniku/ úřadu","vozickari":"0 ne","globalid":"{EEA8E84C-B687-4D62-98E5-8491965F23DC}"}},{"geometry":{"type":"Point","coordinates":[14.3974014,50.1005305]},"type":"Feature","properties":{"amenity":"toilets","wheelchair":"no","lokalita":"Restaurace/ kavárna","adresa":"Čs. armády 872/33","typ":"3 přístupné v rámci podniku/ úřadu","vozickari":"0 ne","globalid":"{71D1CD2D-3CD7-438F-841E-AB5AB469B7F2}"}},{"geometry":{"type":"Point","coordinates":[14.3981365,50.1002989]},"type":"Feature","properties":{"amenity":"toilets","wheelchair":"no","lokalita":"Restaurace/ kavárna","adresa":"Národní obrany 693/27","typ":"3 přístupné v rámci podniku/ úřadu","vozickari":"0 ne","globalid":"{A398C242-50B0-450A-B631-5E681B4063AC}"}},{"geometry":{"type":"Point","coordinates":[14.3992479,50.1012274]},"type":"Feature","properties":{"amenity":"toilets","wheelchair":"no","lokalita":"Restaurace/ kavárna","adresa":"náměstí Svobody 728/1","typ":"3 přístupné v rámci podniku/ úřadu","vozickari":"0 ne","globalid":"{6D325F5A-3830-4329-B55C-A431E6F52FE0}"}},{"geometry":{"type":"Point","coordinates":[14.3954386,50.1032064]},"type":"Feature","properties":{"amenity":"toilets","wheelchair":"no","lokalita":"Restaurace/ kavárna","adresa":"Jugoslávských partyzánů 611/8","typ":"3 přístupné v rámci podniku/ úřadu","vozickari":"0 ne","globalid":"{EE68F3A9-D596-4AD2-A299-5C7AF6BE4B04}"}},{"geometry":{"type":"Point","coordinates":[14.3980359,50.1035679]},"type":"Feature","properties":{"amenity":"toilets","wheelchair":"no","lokalita":"Restaurace/ kavárna","adresa":"Terronská 619/25","typ":"3 přístupné v rámci podniku/ úřadu","vozickari":"0 ne","globalid":"{D259C728-0E2E-4BC6-879E-5B3720AF036A}"}},{"geometry":{"type":"Point","coordinates":[14.4021385,50.1025817]},"type":"Feature","properties":{"amenity":"toilets","wheelchair":"no","lokalita":"Restaurace/ kavárna","adresa":"Uralská 690/9","typ":"3 přístupné v rámci podniku/ úřadu","vozickari":"0 ne","globalid":"{96505ECB-8FFF-428E-B5BD-4F7029588206}"}},{"geometry":{"type":"Point","coordinates":[14.4027209,50.1024043]},"type":"Feature","properties":{"amenity":"toilets","wheelchair":"no","lokalita":"Restaurace/ kavárna","adresa":"Puškinovo náměstí 633/13","typ":"3 přístupné v rámci podniku/ úřadu","vozickari":"0 ne","globalid":"{B23CE103-F2AA-4CBA-9C76-DB8E880D62B3}"}},{"geometry":{"type":"Point","coordinates":[14.3953448,50.1089094]},"type":"Feature","properties":{"amenity":"toilets","wheelchair":"no","lokalita":"Restaurace/ kavárna","adresa":"Terronská 880/58","typ":"3 přístupné v rámci podniku/ úřadu","vozickari":"0 ne","globalid":"{E8F5737D-F674-4E07-8FA4-9463EF6BEF09}"}},{"geometry":{"type":"Point","coordinates":[14.3961604,50.1044577]},"type":"Feature","properties":{"amenity":"toilets","wheelchair":"no","lokalita":"Restaurace/ kavárna","adresa":"Lotyšská 645/8","typ":"3 přístupné v rámci podniku/ úřadu","vozickari":"0 ne","globalid":"{BC7DD615-419B-4B06-A7C9-744B5A0BD3F9}"}},{"geometry":{"type":"Point","coordinates":[14.4345008,50.1005947]},"type":"Feature","properties":{"amenity":"toilets","wheelchair":"no","lokalita":"Restaurace/ kavárna","adresa":"Heřmanova 408/12","typ":"3 přístupné v rámci podniku/ úřadu","vozickari":"0 ne","globalid":"{899272CD-0F71-46B8-BB9D-7FC8878289C7}"}},{"geometry":{"type":"Point","coordinates":[14.4327347,50.1011289]},"type":"Feature","properties":{"amenity":"toilets","wheelchair":"no","lokalita":"Restaurace/ kavárna","adresa":"Dukelských hrdinů 530/47","typ":"3 přístupné v rámci podniku/ úřadu","vozickari":"0 ne","globalid":"{1973EC61-A1AF-4A5E-A27D-2BB347E3423C}"}},{"geometry":{"type":"Point","coordinates":[14.4320745,50.0983661]},"type":"Feature","properties":{"amenity":"toilets","wheelchair":"no","lokalita":"Restaurace/ kavárna","adresa":"Veverkova 1410/8","typ":"3 přístupné v rámci podniku/ úřadu","vozickari":"0 ne","globalid":"{9F5CE20A-0B34-4B8B-B166-D2200E3F1C4A}"}},{"geometry":{"type":"Point","coordinates":[14.425915,50.0964233]},"type":"Feature","properties":{"amenity":"toilets","wheelchair":"no","lokalita":"Letenský zámeček","adresa":"Letenské sady","typ":"3 přístupné v rámci podniku/ úřadu","umisteni_podrob":"9 veřejné WC","vozickari":"0 ne","globalid":"{AD897597-F756-41D3-9052-6A638A96ADCC}"}},{"geometry":{"type":"Point","coordinates":[14.4181996,50.101027]},"type":"Feature","properties":{"amenity":"toilets","wheelchair":"no","lokalita":"Restaurace/ kavárna","adresa":"Korunovační 923/17","typ":"3 přístupné v rámci podniku/ úřadu","vozickari":"0 ne","globalid":"{30F623ED-B9F3-4498-808B-87E915343E1F}"}},{"geometry":{"type":"Point","coordinates":[14.4222927,50.105108]},"type":"Feature","properties":{"amenity":"toilets","wheelchair":"no","lokalita":"Restaurace/ kavárna","adresa":"Královská obora 2","typ":"3 přístupné v rámci podniku/ úřadu","vozickari":"0 ne","globalid":"{90345D12-6538-4C63-8A06-14D186B2063E}"}},{"geometry":{"type":"Point","coordinates":[14.4243764,50.1023974]},"type":"Feature","properties":{"amenity":"toilets","wheelchair":"no","lokalita":"Restaurace/ kavárna","adresa":"U akademie 366/11","typ":"3 přístupné v rámci podniku/ úřadu","vozickari":"0 ne","globalid":"{5F4C74C6-6504-4327-BF99-2E3ECAA8FE20}"}},{"geometry":{"type":"Point","coordinates":[14.4285328,50.105583]},"type":"Feature","properties":{"amenity":"toilets","wheelchair":"no","lokalita":"Restaurace/ kavárna","adresa":"Královská obora 391","typ":"3 přístupné v rámci podniku/ úřadu","vozickari":"0 ne","globalid":"{1B4E2123-3EF6-43DE-AFCD-D3FE7B0A7BFE}"}},{"geometry":{"type":"Point","coordinates":[14.4485833,50.1078161]},"type":"Feature","properties":{"amenity":"toilets","wheelchair":"no","lokalita":"Restaurace/ kavárna","adresa":"Ortenovo náměstí č.ev. 169, 17000 Praha 7","typ":"3 přístupné v rámci podniku/ úřadu","vozickari":"0 ne","globalid":"{AE702109-523B-4EF3-95AB-8F58CF44E1A6}"}},{"geometry":{"type":"Point","coordinates":[14.4541075,50.1070009]},"type":"Feature","properties":{"amenity":"toilets","wheelchair":"no","lokalita":"Restaurace/ kavárna","adresa":"Jankovcova 1603/47a","typ":"3 přístupné v rámci podniku/ úřadu","vozickari":"0 ne","globalid":"{220C51F2-795E-4FA0-BC85-E795FECFF5C1}"}},{"geometry":{"type":"Point","coordinates":[14.4504994,50.1033503]},"type":"Feature","properties":{"amenity":"toilets","wheelchair":"no","lokalita":"Restaurace/ kavárna","adresa":"Dělnická 475/43","typ":"3 přístupné v rámci podniku/ úřadu","vozickari":"0 ne","globalid":"{5E052EF9-04D7-4EA7-9164-7D10822D763C}"}},{"geometry":{"type":"Point","coordinates":[14.4530725,50.0819961]},"type":"Feature","properties":{"amenity":"toilets","wheelchair":"no","lokalita":"Restaurace/ kavárna","adresa":"Čajkovského 12/12a","typ":"3 přístupné v rámci podniku/ úřadu","vozickari":"0 ne","globalid":"{0B9D6238-E550-40A1-9963-F417B2239C27}"}},{"geometry":{"type":"Point","coordinates":[14.4491465,50.0765116]},"type":"Feature","properties":{"amenity":"toilets","wheelchair":"no","lokalita":"Restaurace/ kavárna","adresa":"U vodárny 898/10","typ":"3 přístupné v rámci podniku/ úřadu","vozickari":"0 ne","globalid":"{8FF06F43-98F1-4AC7-ADC6-CDA4D44CA9E1}"}},{"geometry":{"type":"Point","coordinates":[14.4550732,50.0783893]},"type":"Feature","properties":{"amenity":"toilets","wheelchair":"no","lokalita":"Restaurace/ kavárna","adresa":"Přemyslovská 1914/21","typ":"3 přístupné v rámci podniku/ úřadu","vozickari":"0 ne","globalid":"{06B4342E-B36E-493B-98D2-1251D5392181}"}},{"geometry":{"type":"Point","coordinates":[14.444731,50.0830646]},"type":"Feature","properties":{"amenity":"toilets","wheelchair":"no","lokalita":"Restaurace/ kavárna","adresa":"Vlkova 539/7","typ":"3 přístupné v rámci podniku/ úřadu","vozickari":"0 ne","globalid":"{B1D25C64-48BB-4A77-B34B-8168F295217E}"}},{"geometry":{"type":"Point","coordinates":[14.4554374,50.0786738]},"type":"Feature","properties":{"amenity":"toilets","wheelchair":"no","lokalita":"Restaurace/ kavárna","adresa":"Orlická 2012/8","typ":"3 přístupné v rámci podniku/ úřadu","vozickari":"0 ne","globalid":"{3A5B9BCD-EFF8-4B16-A287-46FBF38DA4AE}"}},{"geometry":{"type":"Point","coordinates":[14.4583837,50.0843772]},"type":"Feature","properties":{"amenity":"toilets","wheelchair":"no","lokalita":"Restaurace/ kavárna","adresa":"park Vrch sv. Kříže, Žižkov","typ":"3 přístupné v rámci podniku/ úřadu","vozickari":"0 ne","globalid":"{24E6CFC8-A259-4006-B580-8B729174547A}"}},{"geometry":{"type":"Point","coordinates":[14.4428225,50.0871155]},"type":"Feature","properties":{"amenity":"toilets","wheelchair":"no","lokalita":"Restaurace/ kavárna","adresa":"Husitská 899/24a","typ":"3 přístupné v rámci podniku/ úřadu","vozickari":"0 ne","globalid":"{4B0B3AA1-E8E0-4225-A2C3-883748800FF7}"}},{"geometry":{"type":"Point","coordinates":[14.4514384,50.0788898]},"type":"Feature","properties":{"amenity":"toilets","wheelchair":"no","lokalita":"Restaurace/ kavárna","adresa":"Milešovská 846/1","typ":"3 přístupné v rámci podniku/ úřadu","vozickari":"0 ne","globalid":"{1E79FA4E-14FA-480E-B34D-C59621AAB215}"}},{"geometry":{"type":"Point","coordinates":[14.4718798,50.0903317]},"type":"Feature","properties":{"amenity":"toilets","wheelchair":"no","lokalita":"Restaurace/ kavárna","adresa":"Biskupcova 87/31a","typ":"3 přístupné v rámci podniku/ úřadu","vozickari":"0 ne","globalid":"{B81492A6-D085-47E9-805E-6FCD9B18BF17}"}},{"geometry":{"type":"Point","coordinates":[14.4784713,50.0917189]},"type":"Feature","properties":{"amenity":"toilets","wheelchair":"no","lokalita":"Restaurace/ kavárna","adresa":"Hartigova 2687/164","typ":"3 přístupné v rámci podniku/ úřadu","vozickari":"0 ne","globalid":"{B6BBFA1E-25C4-410B-A14B-F2989C47C9F8}"}},{"geometry":{"type":"Point","coordinates":[14.4478496,50.0858205]},"type":"Feature","properties":{"amenity":"toilets","wheelchair":"no","lokalita":"Restaurace/ kavárna","adresa":"Kostnické náměstí","typ":"3 přístupné v rámci podniku/ úřadu","vozickari":"0 ne","globalid":"{326E3D7B-8B9A-457C-BB61-F7F4AE97C435}"}},{"geometry":{"type":"Point","coordinates":[14.4490257,50.0854087]},"type":"Feature","properties":{"amenity":"toilets","wheelchair":"no","lokalita":"Restaurace/ kavárna","adresa":"Štítného 139/8","typ":"3 přístupné v rámci podniku/ úřadu","vozickari":"0 ne","globalid":"{C49FD535-A341-4ED8-A8D5-2F6F943E53F4}"}},{"geometry":{"type":"Point","coordinates":[14.4523292,50.077645]},"type":"Feature","properties":{"amenity":"toilets","wheelchair":"no","lokalita":"Restaurace/ kavárna","adresa":"náměstí Jiřího z Poděbrad 1573/18","typ":"3 přístupné v rámci podniku/ úřadu","vozickari":"0 ne","globalid":"{ED42394B-09D5-4993-94FF-FB501B36044B}"}},{"geometry":{"type":"Point","coordinates":[14.4982765,50.0892756]},"type":"Feature","properties":{"amenity":"toilets","wheelchair":"no","lokalita":"Restaurace/ kavárna","adresa":"Osiková 2882/4","typ":"3 přístupné v rámci podniku/ úřadu","vozickari":"0 ne","globalid":"{F36D021A-019C-4BFC-B4FB-E0E153275367}"}},{"geometry":{"type":"Point","coordinates":[14.4528396,50.0874583]},"type":"Feature","properties":{"amenity":"toilets","wheelchair":"no","lokalita":"Restaurace/ kavárna","adresa":"Husitská 79/67","typ":"3 přístupné v rámci podniku/ úřadu","vozickari":"0 ne","globalid":"{B9994E4B-39DA-4510-9BB4-A97D6CB4A1B9}"}},{"geometry":{"type":"Point","coordinates":[14.4480929,50.0836324]},"type":"Feature","properties":{"amenity":"toilets","wheelchair":"no","lokalita":"Restaurace/ kavárna","adresa":"Vlkova 628/36","typ":"3 přístupné v rámci podniku/ úřadu","vozickari":"0 ne","globalid":"{7A95EFD7-0D50-42C6-BED5-E09BE5BB3CBD}"}},{"geometry":{"type":"Point","coordinates":[14.4541142,50.0846182]},"type":"Feature","properties":{"amenity":"toilets","wheelchair":"no","lokalita":"Restaurace/ kavárna","adresa":"Lipanská 700/13","typ":"3 přístupné v rámci podniku/ úřadu","vozickari":"0 ne","globalid":"{FAA18968-6DFC-4F64-995F-FEA0A08C0F6E}"}},{"geometry":{"type":"Point","coordinates":[14.4448291,50.0863916]},"type":"Feature","properties":{"amenity":"toilets","wheelchair":"no","lokalita":"Restaurace/ kavárna","adresa":"Řehořova 33/39","typ":"3 přístupné v rámci podniku/ úřadu","vozickari":"0 ne","globalid":"{5C07330C-E189-499F-B176-6E5C640EAF96}"}},{"geometry":{"type":"Point","coordinates":[14.4458298,50.0849947]},"type":"Feature","properties":{"amenity":"toilets","wheelchair":"no","lokalita":"Restaurace/ kavárna","adresa":"Seifertova 559/51","typ":"3 přístupné v rámci podniku/ úřadu","vozickari":"0 ne","globalid":"{5AD59DBF-1125-49E0-8A88-B5BE254CC795}"}},{"geometry":{"type":"Point","coordinates":[14.4710913,50.0888497]},"type":"Feature","properties":{"amenity":"toilets","wheelchair":"no","lokalita":"Restaurace/ kavárna","adresa":"Jeseniova 1893/107","typ":"3 přístupné v rámci podniku/ úřadu","vozickari":"0 ne","globalid":"{487443B1-24D1-4600-82D5-E04DA94B4CD0}"}},{"geometry":{"type":"Point","coordinates":[14.4958095,50.0884526]},"type":"Feature","properties":{"amenity":"toilets","wheelchair":"no","lokalita":"Dětské hřiště Habrová","adresa":"Habrová","typ":"2 WC kiosek","umisteni_podrob":"11 dětské hřiště","vozickari":"0 ne","globalid":"{5E40180D-441C-4AA9-AB8F-AA30DFA2811C}"}},{"geometry":{"type":"Point","coordinates":[14.4516695,50.0843046]},"type":"Feature","properties":{"amenity":"toilets","wheelchair":"no","lokalita":"Restaurace/ kavárna","adresa":"Seifertova 682/81","typ":"3 přístupné v rámci podniku/ úřadu","vozickari":"0 ne","globalid":"{3251E7A2-C079-4580-9D30-6046E48ACB60}"}},{"geometry":{"type":"Point","coordinates":[14.454853,50.0805881]},"type":"Feature","properties":{"amenity":"toilets","wheelchair":"no","lokalita":"Žižkovo náměstí","adresa":"Žižkovo náměstí","typ":"2 WC kiosek","vozickari":"0 ne","globalid":"{A222BD9E-41EF-480B-ABC9-ED348781F4BE}"}},{"geometry":{"type":"Point","coordinates":[14.4240538,50.0796467]},"type":"Feature","properties":{"amenity":"toilets","wheelchair":"no","lokalita":"Restaurace/ kavárna","adresa":"Školská 694/32","typ":"3 přístupné v rámci podniku/ úřadu","vozickari":"0 ne","globalid":"{D9B32D2D-46FA-4851-A680-10C4D0E52CB3}"}},{"geometry":{"type":"Point","coordinates":[14.4182953,50.0797705]},"type":"Feature","properties":{"amenity":"toilets","wheelchair":"no","lokalita":"Restaurace/ kavárna","adresa":"Opatovická 159/17","typ":"3 přístupné v rámci podniku/ úřadu","vozickari":"0 ne","globalid":"{2AE1DFBD-DF34-4944-8933-3A4A3E8004ED}"}},{"geometry":{"type":"Point","coordinates":[14.4057507,50.0875264]},"type":"Feature","properties":{"amenity":"toilets","wheelchair":"no","lokalita":"Restaurace/ kavárna","adresa":"Mostecká 45/20","typ":"3 přístupné v rámci podniku/ úřadu","vozickari":"0 ne","globalid":"{D1CDF5B2-205E-45F3-97EF-D3B14CB494F0}"}},{"geometry":{"type":"Point","coordinates":[14.4153241,50.0792269]},"type":"Feature","properties":{"amenity":"toilets","wheelchair":"no","lokalita":"Restaurace/ kavárna","adresa":"Vojtěšská 196/18","typ":"3 přístupné v rámci podniku/ úřadu","vozickari":"0 ne","globalid":"{49A2F5C7-2A56-4BD9-A411-BF368C36782C}"}},{"geometry":{"type":"Point","coordinates":[14.4347525,50.0902798]},"type":"Feature","properties":{"amenity":"toilets","wheelchair":"no","lokalita":"Restaurace/ kavárna","adresa":"Biskupská 1065/1","typ":"3 přístupné v rámci podniku/ úřadu","vozickari":"0 ne","globalid":"{083AD34D-1102-408E-8A97-498BB03C5ABE}"}},{"geometry":{"type":"Point","coordinates":[14.4172297,50.0785499]},"type":"Feature","properties":{"amenity":"toilets","wheelchair":"no","lokalita":"Restaurace/ kavárna","adresa":"Křemencova 186/7","typ":"3 přístupné v rámci podniku/ úřadu","vozickari":"0 ne","globalid":"{EA3CA398-A57E-423E-BF18-12A41396B295}"}},{"geometry":{"type":"Point","coordinates":[14.4079051,50.0829436]},"type":"Feature","properties":{"amenity":"toilets","wheelchair":"no","lokalita":"Restaurace/ kavárna","adresa":"Kampa","typ":"3 přístupné v rámci podniku/ úřadu","vozickari":"0 ne","globalid":"{BC2312CA-4058-4EC0-B50A-5AEFBE23CDD1}"}},{"geometry":{"type":"Point","coordinates":[14.4444813,50.0751992]},"type":"Feature","properties":{"amenity":"toilets","wheelchair":"no","lokalita":"Restaurace/ kavárna","adresa":"Korunní 1174/42","typ":"3 přístupné v rámci podniku/ úřadu","vozickari":"0 ne","globalid":"{5E319A2A-FAE0-4044-ADE5-94D0B0A32BCD}"}},{"geometry":{"type":"Point","coordinates":[14.4312135,50.0749792]},"type":"Feature","properties":{"amenity":"toilets","wheelchair":"no","lokalita":"Restaurace/ kavárna","adresa":"Lublaňská 7/52","typ":"3 přístupné v rámci podniku/ úřadu","vozickari":"0 ne","globalid":"{53FF6787-179F-4AA3-9607-E941528B3DA7}"}},{"geometry":{"type":"Point","coordinates":[14.4408705,50.0790214]},"type":"Feature","properties":{"amenity":"toilets","wheelchair":"no","lokalita":"Restaurace/ kavárna","adresa":"Polská","typ":"3 přístupné v rámci podniku/ úřadu","vozickari":"0 ne","globalid":"{EA86903C-E0FC-4F63-96DF-7FE757D0136C}"}},{"geometry":{"type":"Point","coordinates":[14.4192761,50.0663195]},"type":"Feature","properties":{"amenity":"toilets","wheelchair":"no","lokalita":"Restaurace/ kavárna","adresa":"Vratislavova 1/21","typ":"3 přístupné v rámci podniku/ úřadu","vozickari":"0 ne","globalid":"{C5267348-E0DA-47E8-84CA-541922C72A95}"}},{"geometry":{"type":"Point","coordinates":[14.4499757,50.0578014]},"type":"Feature","properties":{"amenity":"toilets","wheelchair":"no","lokalita":"Restaurace/ kavárna","adresa":"Nuselská 603/94","typ":"3 přístupné v rámci podniku/ úřadu","vozickari":"0 ne","globalid":"{C17EE645-4D5E-430E-A589-B66EF228AC22}"}},{"geometry":{"type":"Point","coordinates":[14.4785376,50.0917262]},"type":"Feature","properties":{"amenity":"toilets","wheelchair":"no","lokalita":"Restaurace/ kavárna","adresa":"Hartigova 2687/164","typ":"3 přístupné v rámci podniku/ úřadu","vozickari":"0 ne","globalid":"{1F8408A6-452B-436E-A9EF-3DEEA94C01D9}"}},{"geometry":{"type":"Point","coordinates":[14.4494833,50.0871745]},"type":"Feature","properties":{"amenity":"toilets","wheelchair":"no","lokalita":"Restaurace/ kavárna","adresa":"U božích bojovníků 606/3","typ":"3 přístupné v rámci podniku/ úřadu","vozickari":"0 ne","globalid":"{65315AE7-5146-4373-83C1-F7810D83A1EC}"}},{"geometry":{"type":"Point","coordinates":[14.4447503,50.0863999]},"type":"Feature","properties":{"amenity":"toilets","wheelchair":"no","lokalita":"Restaurace/ kavárna","adresa":"Řehořova 33/39","typ":"3 přístupné v rámci podniku/ úřadu","vozickari":"0 ne","globalid":"{CB9485F3-9750-42DC-828C-227184FDDB76}"}},{"geometry":{"type":"Point","coordinates":[14.448158,50.083625]},"type":"Feature","properties":{"amenity":"toilets","wheelchair":"no","lokalita":"Restaurace/ kavárna","adresa":"Vlkova 628/36","typ":"3 přístupné v rámci podniku/ úřadu","vozickari":"0 ne","globalid":"{31D16659-D049-45DC-A774-EF2651805AFE}"}},{"geometry":{"type":"Point","coordinates":[14.4498663,50.0867437]},"type":"Feature","properties":{"amenity":"toilets","wheelchair":"no","lokalita":"Restaurace/ kavárna","adresa":"Husitská 110/70","typ":"3 přístupné v rámci podniku/ úřadu","vozickari":"0 ne","globalid":"{599EC4C8-3265-4F2C-936F-DC4418D393B6}"}},{"geometry":{"type":"Point","coordinates":[14.3561582,50.0648955]},"type":"Feature","properties":{"amenity":"toilets","wheelchair":"no","lokalita":"Restaurace/ kavárna","adresa":"U lesíka č.ev. 23","typ":"3 přístupné v rámci podniku/ úřadu","vozickari":"0 ne","globalid":"{B3FF60E7-D3C2-44DE-84AE-EC2678A20EE0}"}},{"geometry":{"type":"Point","coordinates":[14.4362385,50.095233]},"type":"Feature","properties":{"amenity":"toilets","wheelchair":"no","lokalita":"Restaurace/ kavárna","adresa":"Ostrov Štvanice","typ":"3 přístupné v rámci podniku/ úřadu","vozickari":"0 ne","globalid":"{41683425-E873-47EE-853B-506121672C52}"}},{"geometry":{"type":"Point","coordinates":[14.4488977,50.1016819]},"type":"Feature","properties":{"amenity":"toilets","wheelchair":"no","lokalita":"Restaurace/ kavárna","adresa":"Tusarova 1545/25a","typ":"3 přístupné v rámci podniku/ úřadu","vozickari":"0 ne","globalid":"{613CB694-1947-4A71-A498-3DC8EDDC79AE}"}},{"geometry":{"type":"Point","coordinates":[14.4567123,50.1059144]},"type":"Feature","properties":{"amenity":"toilets","wheelchair":"no","lokalita":"Restaurace/ kavárna","adresa":"Jankovcova 1059/12","typ":"3 přístupné v rámci podniku/ úřadu","vozickari":"0 ne","globalid":"{8A24463B-B3DD-437B-93C4-CE6699C39684}"}},{"geometry":{"type":"Point","coordinates":[14.4502375,50.1023335]},"type":"Feature","properties":{"amenity":"toilets","wheelchair":"no","lokalita":"Restaurace/ kavárna","adresa":"Komunardů 432/14","typ":"3 přístupné v rámci podniku/ úřadu","vozickari":"0 ne","globalid":"{0DACD12A-4521-4E67-BEC9-621B895DED66}"}},{"geometry":{"type":"Point","coordinates":[14.4327529,50.1010467]},"type":"Feature","properties":{"amenity":"toilets","wheelchair":"no","lokalita":"Restaurace/ kavárna","adresa":"Dukelských hrdinů 530/47","typ":"3 přístupné v rámci podniku/ úřadu","vozickari":"0 ne","globalid":"{D0A471ED-CD4F-44A9-A216-31DDE6D1A6A5}"}},{"geometry":{"type":"Point","coordinates":[14.4595561,50.1210728]},"type":"Feature","properties":{"amenity":"toilets","wheelchair":"no","lokalita":"Restaurace/ kavárna","adresa":"Okrouhlická 564/13","typ":"3 přístupné v rámci podniku/ úřadu","vozickari":"0 ne","globalid":"{81100ABA-E885-4F39-A004-FA8878F12150}"}},{"geometry":{"type":"Point","coordinates":[14.4417448,50.0920674]},"type":"Feature","properties":{"amenity":"toilets","wheelchair":"no","lokalita":"Restaurace/ kavárna","adresa":"Sokolovská 327/29","typ":"3 přístupné v rámci podniku/ úřadu","vozickari":"0 ne","globalid":"{ACE0F75F-5A12-42D9-8A92-2DD9B61B0FF7}"}},{"geometry":{"type":"Point","coordinates":[14.4133068,50.0819893]},"type":"Feature","properties":{"amenity":"toilets","wheelchair":"no","lokalita":"Restaurace/ kavárna","adresa":"Smetanovo nábřeží 334/4","typ":"3 přístupné v rámci podniku/ úřadu","vozickari":"0 ne","globalid":"{511A009B-145F-4BEE-A4F8-D4B325721A7E}"}},{"geometry":{"type":"Point","coordinates":[14.4143088,50.079839]},"type":"Feature","properties":{"amenity":"toilets","wheelchair":"no","lokalita":"Restaurace/ kavárna","adresa":"Na struze 227/1","typ":"3 přístupné v rámci podniku/ úřadu","vozickari":"0 ne","globalid":"{C5F535D0-30BD-4FCE-AA4F-832E6F10E6FE}"}},{"geometry":{"type":"Point","coordinates":[14.4244156,50.0870948]},"type":"Feature","properties":{"amenity":"toilets","wheelchair":"no","lokalita":"Restaurace/ kavárna","adresa":"Celetná 563/22","typ":"3 přístupné v rámci podniku/ úřadu","vozickari":"0 ne","globalid":"{88386B4A-766F-4166-972B-2A9E54D5ED4E}"}},{"geometry":{"type":"Point","coordinates":[14.4047047,50.0822776]},"type":"Feature","properties":{"amenity":"toilets","wheelchair":"no","lokalita":"Restaurace/ kavárna","adresa":"Újezd 426/26","typ":"3 přístupné v rámci podniku/ úřadu","vozickari":"0 ne","globalid":"{BAAA8191-D18B-4F4A-AD48-E6410A8DF284}"}},{"geometry":{"type":"Point","coordinates":[14.4023807,50.087194]},"type":"Feature","properties":{"amenity":"toilets","wheelchair":"no","lokalita":"Restaurace/ kavárna","adresa":"Tržiště 367/11","typ":"3 přístupné v rámci podniku/ úřadu","vozickari":"0 ne","globalid":"{39E53D5C-C33D-4437-9BE2-B225F28E5B2C}"}},{"geometry":{"type":"Point","coordinates":[14.4165518,50.0837964]},"type":"Feature","properties":{"amenity":"toilets","wheelchair":"no","lokalita":"Restaurace/ kavárna","adresa":"Betlémská 261/12","typ":"3 přístupné v rámci podniku/ úřadu","vozickari":"0 ne","globalid":"{EC0D1F4B-C7F9-4FD4-859F-97F8CC4644AE}"}},{"geometry":{"type":"Point","coordinates":[14.4303729,50.0878756]},"type":"Feature","properties":{"amenity":"toilets","wheelchair":"no","lokalita":"Restaurace/ kavárna","adresa":"V celnici 1031/4","typ":"3 přístupné v rámci podniku/ úřadu","vozickari":"0 ne","globalid":"{19E8FD44-EABF-4A89-A8E8-AB6083600474}"}},{"geometry":{"type":"Point","coordinates":[14.4171837,50.0889995]},"type":"Feature","properties":{"amenity":"toilets","wheelchair":"no","lokalita":"Restaurace/ kavárna","adresa":"Široká 24/4","typ":"3 přístupné v rámci podniku/ úřadu","vozickari":"0 ne","globalid":"{8DC59DDE-65DD-4D50-95D9-01D40A1F1B33}"}},{"geometry":{"type":"Point","coordinates":[14.4140379,50.0803058]},"type":"Feature","properties":{"amenity":"toilets","wheelchair":"no","lokalita":"Restaurace/ kavárna","adresa":"Masarykovo nábřeží 2058/38","typ":"3 přístupné v rámci podniku/ úřadu","vozickari":"0 ne","globalid":"{387721B9-A4F5-4266-8B41-242168533132}"}},{"geometry":{"type":"Point","coordinates":[14.4220914,50.0911328]},"type":"Feature","properties":{"amenity":"toilets","wheelchair":"no","lokalita":"Restaurace/ kavárna","adresa":"Kozí 857/15","typ":"3 přístupné v rámci podniku/ úřadu","vozickari":"0 ne","globalid":"{959A1A25-C91A-46CC-BEFF-67F5980439BD}"}},{"geometry":{"type":"Point","coordinates":[14.4184835,50.0809731]},"type":"Feature","properties":{"amenity":"toilets","wheelchair":"no","lokalita":"Restaurace/ kavárna","adresa":"Mikulandská 123/2","typ":"3 přístupné v rámci podniku/ úřadu","vozickari":"0 ne","globalid":"{DB2D01A5-6975-4896-8BF8-FAB6C4CBDF42}"}},{"geometry":{"type":"Point","coordinates":[14.4033095,50.0872348]},"type":"Feature","properties":{"amenity":"toilets","wheelchair":"no","lokalita":"Restaurace/ kavárna","adresa":"Tržiště 266/4","typ":"3 přístupné v rámci podniku/ úřadu","vozickari":"0 ne","globalid":"{B4ADABD8-2398-4AD1-A1FF-4A7887B54578}"}},{"geometry":{"type":"Point","coordinates":[14.4264222,50.0778079]},"type":"Feature","properties":{"amenity":"toilets","wheelchair":"no","lokalita":"Restaurace/ kavárna","adresa":"Ve Smečkách 604/5","typ":"3 přístupné v rámci podniku/ úřadu","vozickari":"0 ne","globalid":"{DC934FDC-1D48-4386-80CA-4AA6B5FBD113}"}},{"geometry":{"type":"Point","coordinates":[14.4219571,50.0787742]},"type":"Feature","properties":{"amenity":"toilets","wheelchair":"no","lokalita":"Restaurace/ kavárna","adresa":"Vodičkova 676/8","typ":"3 přístupné v rámci podniku/ úřadu","vozickari":"0 ne","globalid":"{319DCA98-41FD-43B2-9CB7-BCAB7D255636}"}},{"geometry":{"type":"Point","coordinates":[14.4143249,50.0831919]},"type":"Feature","properties":{"amenity":"toilets","wheelchair":"no","lokalita":"Restaurace/ kavárna","adresa":"Karoliny Světlé 321/23","typ":"3 přístupné v rámci podniku/ úřadu","vozickari":"0 ne","globalid":"{515795EE-41B4-4D6F-9C81-6E4E7D22105B}"}},{"geometry":{"type":"Point","coordinates":[14.4046471,50.0818535]},"type":"Feature","properties":{"amenity":"toilets","wheelchair":"no","lokalita":"Restaurace/ kavárna","adresa":"Újezd 424/22","typ":"3 přístupné v rámci podniku/ úřadu","vozickari":"0 ne","globalid":"{FF65D4FA-C384-4417-892A-4CE7755212DF}"}},{"geometry":{"type":"Point","coordinates":[14.4186876,50.0837584]},"type":"Feature","properties":{"amenity":"toilets","wheelchair":"no","lokalita":"Restaurace/ kavárna","adresa":"Skořepka 355/2","typ":"3 přístupné v rámci podniku/ úřadu","vozickari":"0 ne","globalid":"{6E87A841-E851-4C35-9DD2-94DAB8C7F91B}"}},{"geometry":{"type":"Point","coordinates":[14.4157219,50.0873217]},"type":"Feature","properties":{"amenity":"toilets","wheelchair":"no","lokalita":"Restaurace/ kavárna","adresa":"Platnéřská 88/9","typ":"3 přístupné v rámci podniku/ úřadu","vozickari":"0 ne","globalid":"{6236B056-B00C-4B78-9B29-E864E061F025}"}},{"geometry":{"type":"Point","coordinates":[14.424751,50.0777924]},"type":"Feature","properties":{"amenity":"toilets","wheelchair":"no","lokalita":"Restaurace/ kavárna","adresa":"Štěpánská 650/23","typ":"3 přístupné v rámci podniku/ úřadu","vozickari":"0 ne","globalid":"{B55AF565-66F5-4BEB-81BD-1EB95B6D2AC4}"}},{"geometry":{"type":"Point","coordinates":[14.4025794,50.0876602]},"type":"Feature","properties":{"amenity":"toilets","wheelchair":"no","lokalita":"Restaurace/ kavárna","adresa":"Malostranské náměstí 260/11","typ":"3 přístupné v rámci podniku/ úřadu","vozickari":"0 ne","globalid":"{7D110FD0-1447-47B1-80A0-9A419AD04F25}"}},{"geometry":{"type":"Point","coordinates":[14.4235966,50.0844587]},"type":"Feature","properties":{"amenity":"toilets","wheelchair":"no","lokalita":"Restaurace/ kavárna","adresa":"Na příkopě 390/3","typ":"3 přístupné v rámci podniku/ úřadu","vozickari":"0 ne","globalid":"{2C9F9585-88AD-422E-96AF-9C681E8A82DE}"}},{"geometry":{"type":"Point","coordinates":[14.4238292,50.0879035]},"type":"Feature","properties":{"amenity":"toilets","wheelchair":"no","lokalita":"Restaurace/ kavárna","adresa":"Týn 642/6","typ":"3 přístupné v rámci podniku/ úřadu","vozickari":"0 ne","globalid":"{41891291-5E61-4EA6-A00F-35BF03D2D19B}"}},{"geometry":{"type":"Point","coordinates":[14.423722,50.0844986]},"type":"Feature","properties":{"amenity":"toilets","wheelchair":"no","lokalita":"Restaurace/ kavárna","adresa":"Na příkopě 390/3","typ":"3 přístupné v rámci podniku/ úřadu","vozickari":"0 ne","globalid":"{150D2CDE-8901-44C3-BD71-24EA4464BB0F}"}},{"geometry":{"type":"Point","coordinates":[14.4177601,50.0862515]},"type":"Feature","properties":{"amenity":"toilets","wheelchair":"no","lokalita":"Restaurace/ kavárna","adresa":"Husova 160/23","typ":"3 přístupné v rámci podniku/ úřadu","vozickari":"0 ne","globalid":"{3FBE5192-D0B1-48C9-B723-8CA4826BB1BC}"}},{"geometry":{"type":"Point","coordinates":[14.4166321,50.0861545]},"type":"Feature","properties":{"amenity":"toilets","wheelchair":"no","lokalita":"Restaurace/ kavárna","adresa":"Karlova 190/1","typ":"3 přístupné v rámci podniku/ úřadu","vozickari":"0 ne","globalid":"{C9A2275D-5FF0-4281-BBA4-FB8D1EC8D055}"}},{"geometry":{"type":"Point","coordinates":[14.4148505,50.078211]},"type":"Feature","properties":{"amenity":"toilets","wheelchair":"no","lokalita":"Restaurace/ kavárna","adresa":"Vojtěšská 242/7","typ":"3 přístupné v rámci podniku/ úřadu","vozickari":"0 ne","globalid":"{E928AC91-48E4-4494-817F-F7B585749D8F}"}},{"geometry":{"type":"Point","coordinates":[14.4144643,50.0713498]},"type":"Feature","properties":{"amenity":"toilets","wheelchair":"no","lokalita":"Restaurace/ kavárna","adresa":"Rašínovo nábřeží 383/58","typ":"3 přístupné v rámci podniku/ úřadu","vozickari":"0 ne","globalid":"{C477CD21-F5C8-4B0B-8C3F-F3A35B694B89}"}}]}