{"type":"FeatureCollection","features":[{"type":"Feature","geometry":{"type":"LineString","coordinates":[[14.328591,50.289387],[14.328623,50.289291],[14.328712,50.28916],[14.3288,50.289045],[14.328908,50.288947],[14.328991,50.288856],[14.329027,50.288813],[14.329088,50.28853],[14.32917,50.288204],[14.329161,50.288126],[14.329142,50.288021],[14.329157,50.287934],[14.32918,50.287864]]},"properties":{"ref:isrs":"CZXXX02010BER1100159","name":"prekladiste Nove Ouholice","FNCTION":"berths_1","BANK":"LB","WW_NAME":"Vltava","RT_NAME":"Dolni Vltava","OWN_NAME":"Zakladani staveb, a.s.","REMARK":"stani dle pokynu provozovatele"}},{"type":"Feature","geometry":{"type":"LineString","coordinates":[[14.397395,50.009645],[14.39738,50.009716],[14.397374,50.009727],[14.397409,50.009757],[14.397422,50.009779],[14.397387,50.009877],[14.397353,50.009896],[14.397325,50.009975],[14.397326,50.009968]]},"properties":{"ref:isrs":"CZPRG02035BER1100620","name":"prekladiste Velka Chuchle","FNCTION":"berths_1","BANK":"LB","WW_NAME":"Vltava","RT_NAME":"Dolni Vltava","OWN_NAME":"Povodi Vltavy, statni podnik"}},{"type":"Feature","geometry":{"type":"LineString","coordinates":[[14.047678,50.544573],[14.048202,50.544525],[14.048799,50.544468],[14.04888,50.544476],[14.048925,50.54448],[14.048974,50.544494],[14.048887,50.544479],[14.049016,50.544493],[14.049159,50.544492],[14.049407,50.54448],[14.049931,50.544449],[14.050981,50.54439]]},"properties":{"ref:isrs":"CZXXX01030BER1107818","name":"prekladiste Male Zernoseky","FNCTION":"berths_1","BANK":"LB","WW_NAME":"Elbe","RT_NAME":"Dolni Labe","OWN_NAME":"Povodi Labe, statni podnik"}},{"type":"Feature","geometry":{"type":"LineString","coordinates":[[14.456048,50.100788],[14.456057,50.100799],[14.454412,50.100005]]},"properties":{"ref:isrs":"CZPRG02020BER1100429","name":"prekladiste Holesovice","FNCTION":"berths_1","BANK":"LB","WW_NAME":"Vltava","RT_NAME":"Dolni Vltava","OWN_NAME":"Povodi Vltavy, statni podnik"}},{"type":"Feature","geometry":{"type":"LineString","coordinates":[[17.401923,49.043884],[17.401971,49.043884],[17.402332,49.043854]]},"properties":{"ref:isrs":"CZKAY07006BER9101596","name":"pristaviste Kostelany nad Moravou","FNCTION":"berths_9","BANK":"RB","WW_NAME":"Morava","RT_NAME":"Morava","OWN_NAME":"Povodi Moravy a.s."}},{"type":"Feature","geometry":{"type":"LineString","coordinates":[[17.3909,48.982771],[17.390701,48.982537]]},"properties":{"ref:isrs":"CZUH207006BER9101333","name":"pristaviste Ostrozske Predmesti","FNCTION":"berths_9","BANK":"LB","WW_NAME":"Morava","RT_NAME":"Morava","OWN_NAME":"Povodi Moravy a.s."}},{"type":"Feature","geometry":{"type":"LineString","coordinates":[[17.271996,48.88638],[17.271939,48.886286],[17.271877,48.886176]]},"properties":{"ref:isrs":"CZPTV07001BER1100059","name":"pristaviste Petrov","FNCTION":"berths_9","BANK":"LB","WW_NAME":"Morava","RT_NAME":"Morava","OWN_NAME":"Povodi Moravy a.s."}},{"type":"Feature","geometry":{"type":"LineString","coordinates":[[17.145107,48.843395],[17.145747,48.843515]]},"properties":{"ref:isrs":"CZHOD07000BER9101021","name":"pristaviste Hodonin","FNCTION":"berths_9","BANK":"RB","WW_NAME":"Morava","RT_NAME":"Morava","OWN_NAME":"Povodi Moravy a.s."}},{"type":"Feature","geometry":{"type":"LineString","coordinates":[[17.212915,48.887642],[17.213321,48.887928],[17.2134,48.887962]]},"properties":{"ref:isrs":"CZZKQ07002BER9101093","name":"pristaviste Rohatec","FNCTION":"berths_9","BANK":"RB","WW_NAME":"Morava","RT_NAME":"Morava","OWN_NAME":"Povodi Moravy a.s."}},{"type":"Feature","geometry":{"type":"LineString","coordinates":[[17.456027,49.07292],[17.456145,49.072913],[17.456846,49.072847]]},"properties":{"ref:isrs":"CZUHE07007BER9101597","name":"pristaviste Uherske Hradiste","FNCTION":"berths_9","BANK":"LB","WW_NAME":"Morava","RT_NAME":"Morava","OWN_NAME":"Povodi Moravy a.s."}},{"type":"Feature","geometry":{"type":"LineString","coordinates":[[17.484645,49.116738],[17.484865,49.116969]]},"properties":{"ref:isrs":"CZBAB07008BER1100414","name":"pristaviste Babice","FNCTION":"berths_9","BANK":"RB","WW_NAME":"Morava","RT_NAME":"Morava","OWN_NAME":"Povodi Moravy a.s."}},{"type":"Feature","geometry":{"type":"LineString","coordinates":[[17.51281,49.175173],[17.512425,49.174853]]},"properties":{"ref:isrs":"CZNPJ07009BER9101744","name":"pristaviste Napajedla","FNCTION":"berths_9","BANK":"LB","WW_NAME":"Morava","RT_NAME":"Morava","OWN_NAME":"Povodi Moravy a.s."}},{"type":"Feature","geometry":{"type":"LineString","coordinates":[[17.501737,49.136108],[17.502148,49.136724]]},"properties":{"ref:isrs":"CZSPY07008BER1100440","name":"pristaviste Spytihnev","FNCTION":"berths_9","BANK":"RB","WW_NAME":"Morava","RT_NAME":"Morava","OWN_NAME":"RVC CR"}},{"type":"Feature","geometry":{"type":"LineString","coordinates":[[17.45687,49.075852],[17.456399,49.075419],[17.456378,49.075429],[17.456152,49.07523]]},"properties":{"ref:isrs":"CZZSE07008BER1100361","name":"pristaviste Stare Mesto","FNCTION":"berths_9","BANK":"LB","WW_NAME":"Morava","RT_NAME":"Morava","OWN_NAME":"Mesto StareMesto"}},{"type":"Feature","geometry":{"type":"LineString","coordinates":[[17.312535,48.903433],[17.312499,48.903393],[17.31247,48.903352],[17.312431,48.90331],[17.312338,48.903211],[17.31225,48.903142]]},"properties":{"ref:isrs":"CZSTR07001BER0100095","name":"pristaviste Straznice","FNCTION":"berths_9","BANK":"LB","WW_NAME":"Morava","RT_NAME":"Morava","OWN_NAME":"Povodi Moravy s.p."}},{"type":"Feature","geometry":{"type":"LineString","coordinates":[[17.313167,48.904183],[17.313037,48.903981],[17.312868,48.903776]]},"properties":{"ref:isrs":"CZSTR07001BER0200096","name":"pristaviste Straznice","FNCTION":"berths_9","BANK":"LB","WW_NAME":"Morava","RT_NAME":"Morava","OWN_NAME":"RVC CR"}},{"type":"Feature","geometry":{"type":"LineString","coordinates":[[17.312564,48.903463],[17.312783,48.903674],[17.312846,48.90375]]},"properties":{"ref:isrs":"CZSTR07001BER0100096","name":"pristaviste Straznice","FNCTION":"berths_9","BANK":"LB","WW_NAME":"Morava","RT_NAME":"Morava","OWN_NAME":"Povodi Moravy s.p."}},{"type":"Feature","geometry":{"type":"LineString","coordinates":[[17.231133,48.874805],[17.23166,48.874605]]},"properties":{"ref:isrs":"CZSUD07001BER1100025","name":"pristaviste Sudomerice","FNCTION":"berths_9","BANK":"RB","WW_NAME":"Morava","RT_NAME":"Morava","OWN_NAME":"RVC CR"}},{"type":"Feature","geometry":{"type":"LineString","coordinates":[[14.460492,50.10235],[14.460156,50.101913],[14.459963,50.101673],[14.459675,50.101363],[14.459527,50.101219]]},"properties":{"ref:isrs":"CZPRG02020BER9100488","name":"pristaviste Karlin","FNCTION":"berths_9","BANK":"RB","WW_NAME":"Vltava","RT_NAME":"Dolni Vltava","OWN_NAME":"Povodi Vltavy, statni podnik"}},{"type":"Feature","geometry":{"type":"LineString","coordinates":[[14.430422,50.093569],[14.430419,50.093606],[14.430215,50.093593],[14.430222,50.093557],[14.429184,50.093503],[14.428636,50.093479]]},"properties":{"ref:isrs":"CZPRG02020BER9100513","name":"pristaviste Nove Mesto","FNCTION":"berths_9","BANK":"LB","WW_NAME":"Vltava","RT_NAME":"Dolni Vltava","OWN_NAME":"Povodi Vltavy, statni podnik","REMARK":"stani botelu Albatros"}},{"type":"Feature","geometry":{"type":"LineString","coordinates":[[14.427809,50.095305],[14.427657,50.095284],[14.427134,50.095219]]},"properties":{"ref:isrs":"CZPRG02020BER9100514","name":"pristaviste Holesovice","FNCTION":"berths_9","BANK":"LB","WW_NAME":"Vltava","RT_NAME":"Dolni Vltava","OWN_NAME":"Povodi Vltavy, statni podnik","REMARK":"stani plavidla Hermes"}},{"type":"Feature","geometry":{"type":"LineString","coordinates":[[14.413705,50.087832],[14.413734,50.087706],[14.413791,50.087516],[14.413799,50.08744],[14.413806,50.087409],[14.41388,50.087183],[14.413903,50.087125],[14.41396,50.087013],[14.413934,50.086621],[14.413931,50.086609]]},"properties":{"ref:isrs":"CZPRG02020BER9100529","name":"pristaviste Stare Mesto","FNCTION":"berths_9","BANK":"RB","WW_NAME":"Vltava","RT_NAME":"Dolni Vltava","OWN_NAME":"Prazske Benatky, s.r.o."}},{"type":"Feature","geometry":{"type":"LineString","coordinates":[[14.410007,50.074398],[14.410015,50.074382],[14.410026,50.074347],[14.410033,50.07431],[14.410111,50.074153],[14.410194,50.073999],[14.410226,50.073948],[14.410275,50.073904],[14.410389,50.073605],[14.410402,50.073608],[14.410437,50.073527],[14.410445,50.073505],[14.41047,50.073435],[14.410455,50.073433],[14.410542,50.073202],[14.410614,50.072955],[14.410637,50.07286]]},"properties":{"ref:isrs":"CZSMO02030BER9100545","name":"pristaviste Smichov","FNCTION":"berths_9","BANK":"LB","WW_NAME":"Vltava","RT_NAME":"Dolni Vltava","OWN_NAME":"TRADE CENTRE PRAHA a.s."}},{"type":"Feature","geometry":{"type":"LineString","coordinates":[[14.410716,50.072504],[14.410957,50.071415]]},"properties":{"ref:isrs":"CZSMO02030BER9100547","name":"pristaviste Smichov","FNCTION":"berths_9","BANK":"LB","WW_NAME":"Vltava","RT_NAME":"Dolni Vltava","OWN_NAME":"TRADE CENTRE PRAHA a.s."}},{"type":"Feature","geometry":{"type":"LineString","coordinates":[[14.410972,50.071349],[14.411017,50.071146],[14.411169,50.070552],[14.411263,50.070176]]},"properties":{"ref:isrs":"CZSMO02030BER9100548","name":"pristaviste Smichov","FNCTION":"berths_9","BANK":"LB","WW_NAME":"Vltava","RT_NAME":"Dolni Vltava","OWN_NAME":"Povodi Vltavy, statni podnik","REMARK":"stani botelu Admiral"}},{"type":"Feature","geometry":{"type":"LineString","coordinates":[[14.414022,50.070268],[14.414107,50.069816]]},"properties":{"ref:isrs":"CZPRG02030BER9100550","name":"pristaviste Nove Mesto","FNCTION":"berths_9","BANK":"RB","WW_NAME":"Vltava","RT_NAME":"Dolni Vltava","OWN_NAME":"TRADE CENTRE PRAHA a.s."}},{"type":"Feature","geometry":{"type":"LineString","coordinates":[[14.397047,50.01473],[14.397095,50.014484],[14.397131,50.014338],[14.397095,50.014324],[14.397084,50.014315],[14.397081,50.014306],[14.397083,50.014293],[14.397097,50.014245],[14.397174,50.014025],[14.397246,50.01382],[14.397261,50.013776],[14.397267,50.013765],[14.397276,50.013755],[14.397287,50.013747],[14.397304,50.013743],[14.397347,50.013741],[14.397348,50.013741],[14.397366,50.013685]]},"properties":{"ref:isrs":"CZPRG02030BER9100615","name":"pristaviste Modrany","FNCTION":"berths_9","BANK":"RB","WW_NAME":"Vltava","RT_NAME":"Dolni Vltava","OWN_NAME":"Povodi Vltavy, statni podnik"}},{"type":"Feature","geometry":{"type":"LineString","coordinates":[[14.452692,49.128834],[14.452739,49.128844],[14.452773,49.128857],[14.452803,49.128875],[14.452868,49.128915],[14.452941,49.128986],[14.452962,49.129017],[14.452966,49.129055],[14.452974,49.129078],[14.453026,49.129166],[14.453008,49.129193]]},"properties":{"ref:isrs":"CZHLV02069BER9202173","name":"pristaviste Purkarec","FNCTION":"berths_9","BANK":"LB","WW_NAME":"Vltava","RT_NAME":"Stredni Vltava","OWN_NAME":"Reditelstvi vodnich cest CR"}},{"type":"Feature","geometry":{"type":"LineString","coordinates":[[14.466186,50.352802],[14.466367,50.35265],[14.466486,50.352543],[14.466702,50.352357],[14.466818,50.352244]]},"properties":{"ref:isrs":"CZXXX01040BER9108365","name":"pristaviste Brozanky","FNCTION":"berths_9","BANK":"LB","WW_NAME":"Elbe","RT_NAME":"Dolni Labe","OWN_NAME":"Prazska paroplavebni spolecnost, a.s.","REMARK":"pristaviste pro plavidla osobni lodni dopravy"}},{"type":"Feature","geometry":{"type":"LineString","coordinates":[[14.882867,50.170394],[14.883069,50.170381],[14.883365,50.170362]]},"properties":{"ref:isrs":"CZXXX01060BER9108826","name":"pristaviste Ostra","FNCTION":"berths_9","BANK":"RB","WW_NAME":"Elbe","RT_NAME":"Stredni Labe","OWN_NAME":"Havlas Zdenek","REMARK":"pristaviste pro plavidla osobni lodni dopravy"}},{"type":"Feature","geometry":{"type":"LineString","coordinates":[[14.920618,50.165573],[14.92085,50.165654],[14.921031,50.165732],[14.921308,50.16584],[14.921374,50.16587]]},"properties":{"ref:isrs":"CZHLT01060BER9108857","name":"pristaviste Hradistko","FNCTION":"berths_9","BANK":"LB","WW_NAME":"Elbe","RT_NAME":"Stredni Labe","OWN_NAME":"Havlas Zdenek","REMARK":"pristaviste pro plavidla osobni lodni dopravy"}},{"type":"Feature","geometry":{"type":"LineString","coordinates":[[14.948106,50.16772],[14.948288,50.16773],[14.948488,50.16774]]},"properties":{"ref:isrs":"CZHLT01060BER9108882","name":"pristaviste Kostomlaty nad Labem","FNCTION":"berths_9","BANK":"LB","WW_NAME":"Elbe","RT_NAME":"Stredni Labe","OWN_NAME":"Havlas Zdenek","REMARK":"pristaviste pro plavidla osobni lodni dopravy"}},{"type":"Feature","geometry":{"type":"LineString","coordinates":[[15.117892,50.141389],[15.117964,50.14137],[15.118298,50.141319],[15.118505,50.141303],[15.118745,50.141271]]},"properties":{"ref:isrs":"CZPOD01060BER9109042","name":"pristaviste Podebrady I","FNCTION":"berths_9","BANK":"RB","WW_NAME":"Elbe","RT_NAME":"Stredni Labe","OWN_NAME":"Havlas Zdenek","REMARK":"pristaviste pro plavidla osobni lodni dopravy"}},{"type":"Feature","geometry":{"type":"LineString","coordinates":[[15.158152,50.123286],[15.158069,50.123342],[15.158007,50.123385],[15.158007,50.123385]]},"properties":{"ref:isrs":"CZKLU01060BER9209078","name":"pristaviste Podebrady III","FNCTION":"berths_9","BANK":"RB","WW_NAME":"Elbe","RT_NAME":"Stredni Labe","OWN_NAME":"Havlas Zdenek","REMARK":"pristaviste pro plavidla osobni lodni dopravy"}},{"type":"Feature","geometry":{"type":"LineString","coordinates":[[14.061587,50.540559],[14.061606,50.540515],[14.061753,50.540251],[14.061866,50.54005]]},"properties":{"ref:isrs":"CZXXX01030BER9107830","name":"pristaviste Velke Zernoseky","FNCTION":"berths_9","BANK":"RB","WW_NAME":"Elbe","RT_NAME":"Dolni Labe","OWN_NAME":"Povodi Labe, statni podnik"}},{"type":"Feature","geometry":{"type":"LineString","coordinates":[[14.252876,50.428069],[14.253226,50.42802],[14.254172,50.427913],[14.254331,50.427896]]},"properties":{"ref:isrs":"CZRNL01040BER9108092","name":"pristaviste Roudnice nad Labem","FNCTION":"berths_9","BANK":"LB","WW_NAME":"Elbe","RT_NAME":"Dolni Labe","OWN_NAME":"Povodi Labe, statni podnik"}},{"type":"Feature","geometry":{"type":"LineString","coordinates":[[17.508531,49.15813],[17.508559,49.158007],[17.508622,49.157757]]},"properties":{"ref:isrs":"CZNPJ07009BER9101602","name":"pristaviste Napajedla","FNCTION":"berths_9","BANK":"LB","WW_NAME":"Morava","RT_NAME":"Morava","OWN_NAME":"Povodi Moravy s.p."}},{"type":"Feature","geometry":{"type":"LineString","coordinates":[[17.507867,49.209924],[17.508339,49.209481]]},"properties":{"ref:isrs":"CZOTC07009BER9101665","name":"pristaviste Otrokovice","FNCTION":"berths_9","BANK":"LB","WW_NAME":"Morava","RT_NAME":"Morava","OWN_NAME":"Povodi Moravy s.p."}},{"type":"Feature","geometry":{"type":"LineString","coordinates":[[17.391119,48.98459],[17.39173,48.984721]]},"properties":{"ref:isrs":"CZUH207006BER9101343","name":"pristaviste Uhersky Ostroh","FNCTION":"berths_9","BANK":"RB","WW_NAME":"Morava","RT_NAME":"Morava","OWN_NAME":"Povodi Moravy s.p."}},{"type":"Feature","geometry":{"type":"LineString","coordinates":[[14.4164,50.093587],[14.416267,50.093538],[14.416106,50.093477],[14.416045,50.093453],[14.415872,50.093389],[14.415774,50.093347],[14.415657,50.093299],[14.415487,50.093226],[14.415166,50.093066],[14.414763,50.092843],[14.414603,50.092743],[14.414461,50.092656],[14.414398,50.092617],[14.414157,50.092464],[14.414016,50.092342],[14.413947,50.092286]]},"properties":{"ref:isrs":"CZPRG02020BER9100522","name":"pristaviste Holesovice","FNCTION":"berths_9","BANK":"LB","WW_NAME":"Vltava","RT_NAME":"Dolni Vltava","OWN_NAME":"Povodi Vltavy, statni podnik","REMARK":"stani pouze pro 1 plavidlo"}},{"type":"Feature","geometry":{"type":"LineString","coordinates":[[14.411562,50.089627],[14.411562,50.089624],[14.411552,50.089625],[14.411405,50.08928],[14.411391,50.08921],[14.411388,50.089192],[14.411312,50.088964],[14.411281,50.088916],[14.411177,50.088757],[14.411173,50.088746],[14.411173,50.088732],[14.411175,50.088726],[14.411165,50.08871]]},"properties":{"ref:isrs":"CZPRG02020BER9100527","name":"pristaviste Mala Strana","FNCTION":"berths_9","BANK":"LB","WW_NAME":"Vltava","RT_NAME":"Dolni Vltava","OWN_NAME":"Povodi Vltavy, statni podnik","REMARK":"kratkodobe stani"}},{"type":"Feature","geometry":{"type":"LineString","coordinates":[[14.413701,50.087881],[14.413693,50.088007],[14.413697,50.088097],[14.413707,50.088164],[14.413726,50.088283],[14.41379,50.088626],[14.41385,50.088905],[14.41391,50.089103],[14.413947,50.089192],[14.413966,50.089235],[14.414026,50.089369],[14.414046,50.089412],[14.414571,50.090252],[14.41464,50.090364],[14.414857,50.090593],[14.414993,50.090728]]},"properties":{"ref:isrs":"CZPRG02020BER9500525","name":"pristaviste Stare Mesto","FNCTION":"berths_9","BANK":"RB","WW_NAME":"Vltava","RT_NAME":"Dolni Vltava","OWN_NAME":"Povodi Vltavy, statni podnik","REMARK":"vyhrazeno pro provozovatele"}},{"type":"Feature","geometry":{"type":"LineString","coordinates":[[14.413084,50.083309],[14.412973,50.08328],[14.412924,50.083236],[14.412892,50.08319],[14.412841,50.082982],[14.41278,50.082836],[14.41273,50.082645],[14.412725,50.082501],[14.41273,50.082286],[14.412749,50.082244],[14.412791,50.082204],[14.412883,50.082148],[14.412922,50.082105]]},"properties":{"ref:isrs":"CZPRG02020BER9100534","name":"pristaviste Stare Mesto","FNCTION":"berths_9","BANK":"RB","WW_NAME":"Vltava","RT_NAME":"Dolni Vltava - Manes","OWN_NAME":"Povodi Vltavy, statni podnik"}},{"type":"Feature","geometry":{"type":"LineString","coordinates":[[14.411313,50.069961],[14.411339,50.069893],[14.411354,50.069855],[14.411386,50.069721],[14.411615,50.068882],[14.411784,50.068281],[14.411782,50.068274],[14.411792,50.068244]]},"properties":{"ref:isrs":"CZSMO02030BER9200550","name":"pristaviste Smichov","FNCTION":"berths_9","BANK":"LB","WW_NAME":"Vltava","RT_NAME":"Dolni Vltava","OWN_NAME":"Obec Praha v z. TRADE CENTRE PRAHA a.s"}},{"type":"Feature","geometry":{"type":"LineString","coordinates":[[17.193048,48.875406],[17.193353,48.875496]]},"properties":{"ref:isrs":"CZZKQ07000BER0101073","name":"pristaviste Rohatec","FNCTION":"berths_9","BANK":"RB","WW_NAME":"Morava","RT_NAME":"Morava","OWN_NAME":"Obec Rohatec"}},{"type":"Feature","geometry":{"type":"LineString","coordinates":[[14.464821,48.980462],[14.464973,48.980332],[14.465107,48.98021],[14.465174,48.980134],[14.465235,48.980053],[14.46532,48.979926],[14.465414,48.979719],[14.465502,48.979539],[14.465643,48.979249],[14.46574,48.979028],[14.465848,48.978754],[14.465939,48.978527],[14.465986,48.97844],[14.465997,48.978388],[14.466033,48.978252]]},"properties":{"ref:isrs":"CZCKB02074BER0102391","name":"pristaviste Ceske Budejovice 2","FNCTION":"berths_9","BANK":"RB","WW_NAME":"Vltava","RT_NAME":"Stredni Vltava","OWN_NAME":"Povodi Vltavy, statni podnik","REMARK":"pristaviste pro plavidla osobni lodni dopravy"}},{"type":"Feature","geometry":{"type":"LineString","coordinates":[[15.042237,50.183943],[15.042326,50.183982],[15.042541,50.184062],[15.042617,50.184097],[15.042749,50.184146],[15.042831,50.184182],[15.042937,50.184215],[15.043081,50.18426],[15.043276,50.184308],[15.043382,50.18434],[15.043487,50.184373],[15.043497,50.184379]]},"properties":{"ref:isrs":"CZNMB01060BER1108960","name":"pristaviste Nymburk","FNCTION":"berths_9","BANK":"RB","WW_NAME":"Elbe","RT_NAME":"Stredni Labe","OWN_NAME":"Reditelstvi vodnich cest CR","REMARK":"pristaviste pro plavidla osobni lodni dopravy"}},{"type":"Feature","geometry":{"type":"LineString","coordinates":[[17.312128,48.903287],[17.312023,48.90375],[17.312052,48.903813],[17.312103,48.903874],[17.312194,48.903927],[17.312315,48.903956],[17.312484,48.903951],[17.312732,48.903873]]},"properties":{"ref:isrs":"CZSTR07001BER0300096","name":"pristaviste Straznice","FNCTION":"berths_9","BANK":"RB","WW_NAME":"Morava","RT_NAME":"Morava","OWN_NAME":"RVC CR"}},{"type":"Feature","geometry":{"type":"LineString","coordinates":[[15.1148,50.142791],[15.114874,50.142742],[15.115014,50.142656],[15.115116,50.142592],[15.115214,50.142533],[15.115306,50.142481],[15.115382,50.142437],[15.115458,50.142392],[15.115527,50.14235],[15.115602,50.142306],[15.115642,50.142278],[15.115696,50.142249]]},"properties":{"ref:isrs":"CZPOD01060BER0109039","name":"pristaviste Podebrady I","FNCTION":"berths_9","BANK":"RB","WW_NAME":"Elbe","RT_NAME":"Stredni Labe","OWN_NAME":"Reditelstvi vodnich cest CR","REMARK":"pristaviste pro plavidla osobni lodni dopravy"}},{"type":"Feature","geometry":{"type":"LineString","coordinates":[[14.456619,50.106554],[14.456646,50.106502],[14.456735,50.106304],[14.456782,50.10618],[14.456833,50.106021],[14.456885,50.105824]]},"properties":{"ref:isrs":"CZPRG02010BER0200484","name":"Pristavni poloha c. 1 (pristav Praha - Holesovice)","FNCTION":"berths_3","BANK":"LB","WW_NAME":"Vltava","RT_NAME":"Dolni Vltava","MDRAUGHTCM":250.0,"REMARK":"parking berth"}},{"type":"Feature","geometry":{"type":"LineString","coordinates":[[14.456137,50.107277],[14.456192,50.107208],[14.45621,50.107186],[14.456263,50.107117],[14.456297,50.10707],[14.456377,50.106956],[14.456393,50.106933],[14.456409,50.106909],[14.456424,50.106885],[14.456439,50.106862],[14.456454,50.106838],[14.456469,50.106814],[14.456472,50.106809],[14.456525,50.10672],[14.456583,50.106623],[14.456606,50.10658]]},"properties":{"ref:isrs":"CZPRG02010BER0200483","name":"Pristavni poloha c. 2 (pristav Praha - Holesovice)","FNCTION":"berths_3","BANK":"LB","WW_NAME":"Vltava","RT_NAME":"Dolni Vltava","MDRAUGHTCM":250.0,"REMARK":"parking for small vessels and floating equipment"}},{"type":"Feature","geometry":{"type":"LineString","coordinates":[[14.456122,50.107294],[14.455751,50.107724],[14.455548,50.107959]]},"properties":{"ref:isrs":"CZPRG02010BER0200482","name":"Pristavni poloha c. 3 (pristav Praha - Holesovice)","FNCTION":"berths_3","BANK":"LB","WW_NAME":"Vltava","RT_NAME":"Dolni Vltava","MDRAUGHTCM":250.0,"REMARK":"parking berth"}},{"type":"Feature","geometry":{"type":"LineString","coordinates":[[14.454973,50.108626],[14.455305,50.108241],[14.455544,50.107965]]},"properties":{"ref:isrs":"CZPRG02010BER0100481","name":"Pristavni poloha c. 4 (pristav Praha - Holesovice)","FNCTION":"berths_3","BANK":"LB","WW_NAME":"Vltava","RT_NAME":"Dolni Vltava","MDRAUGHTCM":250.0,"REMARK":"parking berth"}},{"type":"Feature","geometry":{"type":"LineString","coordinates":[[14.454962,50.108638],[14.454929,50.108677],[14.454823,50.1088],[14.454831,50.108802],[14.454811,50.108847],[14.454617,50.109074],[14.454429,50.109293]]},"properties":{"ref:isrs":"CZPRG02010BER0300480","name":"Pristavni poloha c. 5 (pristav Praha - Holesovice)","FNCTION":"berths_3","BANK":"LB","WW_NAME":"Vltava","RT_NAME":"Dolni Vltava","MDRAUGHTCM":250.0,"REMARK":"long-term parking"}},{"type":"Feature","geometry":{"type":"LineString","coordinates":[[14.45383,50.109988],[14.45388,50.109931],[14.453898,50.10991],[14.453918,50.109886],[14.454206,50.109553],[14.454415,50.109309]]},"properties":{"ref:isrs":"CZPRG02010BER0200479","name":"Berth n. 6 (Praha - Holesovice Harbour)","FNCTION":"berths_1","BANK":"LB","WW_NAME":"Vltava","RT_NAME":"Dolni Vltava","MDRAUGHTCM":250.0,"REMARK":"transshipment berth"}},{"type":"Feature","geometry":{"type":"LineString","coordinates":[[14.45382,50.109999],[14.453776,50.11005],[14.453687,50.110152],[14.453554,50.110306],[14.453328,50.110566],[14.453259,50.110646]]},"properties":{"ref:isrs":"CZPRG02010BER0300478","name":"Berth n. 7 (Praha - Holesovice Harbour)","FNCTION":"berths_1","BANK":"LB","WW_NAME":"Vltava","RT_NAME":"Dolni Vltava","MDRAUGHTCM":250.0,"REMARK":"transshipment berth"}},{"type":"Feature","geometry":{"type":"LineString","coordinates":[[14.453232,50.110677],[14.453211,50.110701],[14.453097,50.110835],[14.453067,50.110867],[14.45293,50.111013],[14.452827,50.111116],[14.45279,50.11115],[14.452665,50.111262],[14.452622,50.111298]]},"properties":{"ref:isrs":"CZPRG02010BER0300477","name":"Berth n. 8 (Praha - Holesovice Harbour)","FNCTION":"berths_1","BANK":"LB","WW_NAME":"Vltava","RT_NAME":"Dolni Vltava","MDRAUGHTCM":250.0,"REMARK":"transshipment berth"}},{"type":"Feature","geometry":{"type":"LineString","coordinates":[[14.452597,50.111319],[14.452553,50.111356],[14.452457,50.11143],[14.452305,50.111547],[14.452294,50.111556],[14.452003,50.11175],[14.451819,50.111862],[14.45175,50.111887]]},"properties":{"ref:isrs":"CZPRG02010BER0200476","name":"Berth n. 9 (Praha - Holesovice Harbour)","FNCTION":"berths_1","BANK":"LB","WW_NAME":"Vltava","RT_NAME":"Dolni Vltava","MDRAUGHTCM":250.0,"REMARK":"transshipment berth"}},{"type":"Feature","geometry":{"type":"LineString","coordinates":[[14.451706,50.111877],[14.451551,50.111959],[14.451249,50.112107],[14.45107,50.112182],[14.45082,50.112287]]},"properties":{"ref:isrs":"CZPRG02010BER0100475","name":"Pristavni poloha c. 10 (pristav Praha - Holesovice)","FNCTION":"berths_3","BANK":"LB","WW_NAME":"Vltava","RT_NAME":"Dolni Vltava","MDRAUGHTCM":250.0,"REMARK":"parking berth"}},{"type":"Feature","geometry":{"type":"LineString","coordinates":[[14.458283,50.105807],[14.458289,50.105875],[14.458282,50.10595],[14.458243,50.106201],[14.458235,50.106225],[14.458228,50.10625],[14.458204,50.106324],[14.458178,50.106397],[14.458169,50.106421],[14.458159,50.106446],[14.45815,50.10647],[14.45814,50.106494],[14.45813,50.106518],[14.45812,50.106543]]},"properties":{"ref:isrs":"CZPRG02010BER0300484","name":"Pristavni poloha c. 11 (pristav Praha - Holesovice)","FNCTION":"berths_3","BANK":"RB","WW_NAME":"Vltava","RT_NAME":"Dolni Vltava","MDRAUGHTCM":250.0,"REMARK":"parking for small vessels and floating equipment (for transverse parking up to a length of 15 m, otherwise lengthwise with the shore)"}},{"type":"Feature","geometry":{"type":"LineString","coordinates":[[14.458074,50.106646],[14.458063,50.10667],[14.458051,50.106694],[14.458039,50.106718],[14.457974,50.106856],[14.45797,50.106864],[14.457873,50.107036],[14.457854,50.107067],[14.457698,50.107321],[14.457679,50.107345]]},"properties":{"ref:isrs":"CZPRG02010BER0300483","name":"Pristavni poloha c. 12 (pristav Praha - Holesovice)","FNCTION":"berths_3","BANK":"RB","WW_NAME":"Vltava","RT_NAME":"Dolni Vltava","MDRAUGHTCM":250.0,"REMARK":"parking for small vessels and floating equipment (for transverse parking up to a length of 15 m, otherwise lengthwise with the shore)"}},{"type":"Feature","geometry":{"type":"LineString","coordinates":[[14.457643,50.107394],[14.457576,50.107485],[14.457583,50.107488],[14.457095,50.108054]]},"properties":{"ref:isrs":"CZPRG02010BER0300482","name":"Pristavni poloha c. 13 (pristav Praha - Holesovice)","FNCTION":"berths_3","BANK":"RB","WW_NAME":"Vltava","RT_NAME":"Dolni Vltava","MDRAUGHTCM":250.0,"REMARK":"boat rental"}},{"type":"Feature","geometry":{"type":"LineString","coordinates":[[14.457069,50.108084],[14.456955,50.108217],[14.456806,50.108389],[14.456784,50.108413],[14.456509,50.108731]]},"properties":{"ref:isrs":"CZPRG02010BER0200481","name":"Pristavni poloha c. 14 (pristav Praha - Holesovice)","FNCTION":"berths_3","BANK":"RB","WW_NAME":"Vltava","RT_NAME":"Dolni Vltava","MDRAUGHTCM":250.0,"REMARK":"long-term parking"}},{"type":"Feature","geometry":{"type":"LineString","coordinates":[[14.456487,50.108757],[14.455942,50.109385]]},"properties":{"ref:isrs":"CZPRG02010BER0400480","name":"Pristavni poloha c. 15 (pristav Praha - Holesovice)","FNCTION":"berths_3","BANK":"RB","WW_NAME":"Vltava","RT_NAME":"Dolni Vltava","MDRAUGHTCM":250.0,"REMARK":"long-term parking"}},{"type":"Feature","geometry":{"type":"LineString","coordinates":[[14.455908,50.109425],[14.455452,50.109949],[14.455347,50.11007]]},"properties":{"ref:isrs":"CZPRG02010BER0100480","name":"Pristavni poloha c. 16 (pristav Praha - Holesovice)","FNCTION":"berths_3","BANK":"RB","WW_NAME":"Vltava","RT_NAME":"Dolni Vltava","MDRAUGHTCM":250.0,"REMARK":"long-term parking"}},{"type":"Feature","geometry":{"type":"LineString","coordinates":[[14.45533,50.110091],[14.455137,50.110315],[14.45507,50.110427],[14.454886,50.110646],[14.454763,50.110756]]},"properties":{"ref:isrs":"CZPRG02010BER0300479","name":"Pristavni poloha c. 17 (pristav Praha - Holesovice)","FNCTION":"berths_3","BANK":"RB","WW_NAME":"Vltava","RT_NAME":"Dolni Vltava","MDRAUGHTCM":250.0,"REMARK":"service berth"}},{"type":"Feature","geometry":{"type":"LineString","coordinates":[[14.454718,50.110797],[14.454681,50.11083],[14.454646,50.110861],[14.454551,50.110947],[14.454334,50.111116],[14.454124,50.111273],[14.453959,50.111373]]},"properties":{"ref:isrs":"CZPRG02010BER0100478","name":"Pristavni poloha c. 18 (pristav Praha - Holesovice)","FNCTION":"berths_3","BANK":"RB","WW_NAME":"Vltava","RT_NAME":"Dolni Vltava","MDRAUGHTCM":250.0}},{"type":"Feature","geometry":{"type":"LineString","coordinates":[[14.453921,50.111396],[14.453879,50.111422],[14.453473,50.111653],[14.453159,50.111805],[14.453011,50.111873]]},"properties":{"ref:isrs":"CZPRG02010BER0100477","name":"Pristavni poloha c. 19 (pristav Praha - Holesovice)","FNCTION":"berths_3","BANK":"RB","WW_NAME":"Vltava","RT_NAME":"Dolni Vltava","MDRAUGHTCM":250.0}},{"type":"Feature","geometry":{"type":"LineString","coordinates":[[14.452931,50.111909],[14.452819,50.11196],[14.452492,50.112096],[14.452068,50.112257],[14.451938,50.112314],[14.45193,50.112316]]},"properties":{"ref:isrs":"CZPRG02010BER0100476","name":"Pristavni poloha c. 20 (pristav Praha - Holesovice)","FNCTION":"berths_3","BANK":"RB","WW_NAME":"Vltava","RT_NAME":"Dolni Vltava","MDRAUGHTCM":250.0}},{"type":"Feature","geometry":{"type":"LineString","coordinates":[[14.456888,50.112859],[14.456798,50.112884],[14.456778,50.112889],[14.456438,50.112965],[14.45632,50.112989],[14.456159,50.113021],[14.455963,50.113055],[14.455746,50.113085]]},"properties":{"ref:isrs":"CZPRG02010BER0200477","name":"Pristavni poloha c. 1 (pristav Praha - Liben)","FNCTION":"berths_3","BANK":"LB","WW_NAME":"Vltava","RT_NAME":"Dolni Vltava","MDRAUGHTCM":250.0,"REMARK":"sports marina for small crafts"}},{"type":"Feature","geometry":{"type":"LineString","coordinates":[[14.456963,50.112817],[14.457263,50.11273],[14.457307,50.112716],[14.457442,50.112656],[14.457513,50.112629],[14.457631,50.11259],[14.457984,50.112441]]},"properties":{"ref:isrs":"CZPRG02010BER0200478","name":"Pristavni poloha c. 2 (pristav Praha - Liben)","FNCTION":"berths_3","BANK":"LB","WW_NAME":"Vltava","RT_NAME":"Dolni Vltava","MDRAUGHTCM":250.0,"REMARK":"handling berth"}},{"type":"Feature","geometry":{"type":"LineString","coordinates":[[14.458401,50.112195],[14.458807,50.111922],[14.45884,50.1119],[14.458901,50.11191],[14.458961,50.111936],[14.458983,50.111938],[14.459053,50.111895],[14.459095,50.111908],[14.459139,50.111864],[14.459132,50.111843],[14.459161,50.111753]]},"properties":{"ref:isrs":"CZPRG02010BER0100479","name":"Berth n. 3 (Praha - Liben Harbour)","FNCTION":"berths_1","BANK":"LB","WW_NAME":"Vltava","RT_NAME":"Dolni Vltava","MDRAUGHTCM":250.0,"REMARK":"transshipment berth"}},{"type":"Feature","geometry":{"type":"LineString","coordinates":[[14.45923,50.111624],[14.45935,50.111505],[14.45941,50.111445],[14.459579,50.111306],[14.459633,50.111269],[14.459703,50.111204],[14.459801,50.111113],[14.459825,50.111096]]},"properties":{"ref:isrs":"CZPRG02010BER0200480","name":"Pristavni poloha c. 4 (pristav Praha - Liben)","FNCTION":"berths_3","BANK":"LB","WW_NAME":"Vltava","RT_NAME":"Dolni Vltava","MDRAUGHTCM":250.0,"REMARK":"berth not positioned"}},{"type":"Feature","geometry":{"type":"LineString","coordinates":[[14.459867,50.111053],[14.459905,50.111014],[14.460003,50.110908],[14.460165,50.11075],[14.46025,50.110612],[14.460362,50.110481],[14.460411,50.110419],[14.460431,50.110395]]},"properties":{"ref:isrs":"CZPRG02010BER0500480","name":"Pristavni poloha c. 5 (pristav Praha - Liben)","FNCTION":"berths_3","BANK":"LB","WW_NAME":"Vltava","RT_NAME":"Dolni Vltava","MDRAUGHTCM":250.0,"REMARK":"berth not positioned"}},{"type":"Feature","geometry":{"type":"LineString","coordinates":[[14.460461,50.110358],[14.460522,50.110282],[14.460552,50.110245],[14.460632,50.110146],[14.460643,50.110133],[14.460788,50.109966],[14.460934,50.1098],[14.461018,50.1097]]},"properties":{"ref:isrs":"CZPRG02010BER0300481","name":"Pristavni poloha c. 6 (pristav Praha - Liben)","FNCTION":"berths_3","BANK":"LB","WW_NAME":"Vltava","RT_NAME":"Dolni Vltava","MDRAUGHTCM":250.0,"REMARK":"berth not positioned"}},{"type":"Feature","geometry":{"type":"LineString","coordinates":[[14.461045,50.109669],[14.461081,50.109625],[14.461228,50.109451],[14.461282,50.109369],[14.461292,50.109354],[14.461356,50.109256],[14.461515,50.109009]]},"properties":{"ref:isrs":"CZPRG02010BER0100482","name":"Pristavni poloha c. 7 (pristav Praha - Liben)","FNCTION":"berths_3","BANK":"LB","WW_NAME":"Vltava","RT_NAME":"Dolni Vltava","MDRAUGHTCM":250.0,"REMARK":"berth not positioned"}},{"type":"Feature","geometry":{"type":"LineString","coordinates":[[14.461534,50.108978],[14.461622,50.108836],[14.461677,50.108747],[14.461723,50.108672],[14.461777,50.108557],[14.46183,50.108443],[14.461869,50.108359],[14.461899,50.108294]]},"properties":{"ref:isrs":"CZPRG02010BER0100483","name":"Pristavni poloha c. 8 (pristav Praha - Liben)","FNCTION":"berths_3","BANK":"LB","WW_NAME":"Vltava","RT_NAME":"Dolni Vltava","MDRAUGHTCM":250.0,"REMARK":"berth not positioned"}},{"type":"Feature","geometry":{"type":"LineString","coordinates":[[14.462594,50.106039],[14.462602,50.105947],[14.462612,50.105853],[14.462615,50.105829],[14.462616,50.105822],[14.462626,50.105758],[14.462626,50.105447],[14.462626,50.105292]]},"properties":{"ref:isrs":"CZPRG02010BER0200485","name":"Pristavni poloha c. 9 (pristav Praha - Liben)","FNCTION":"berths_3","BANK":"LB","WW_NAME":"Vltava","RT_NAME":"Dolni Vltava","MDRAUGHTCM":250.0,"REMARK":"berth not positioned"}},{"type":"Feature","geometry":{"type":"LineString","coordinates":[[14.462626,50.105258],[14.462626,50.105137],[14.462626,50.10499],[14.462625,50.104844],[14.462619,50.104777],[14.462617,50.104749],[14.462609,50.104655],[14.462644,50.10452]]},"properties":{"ref:isrs":"CZPRG02010BER0100486","name":"Pristavni poloha c. 10 (pristav Praha - Liben)","FNCTION":"berths_3","BANK":"LB","WW_NAME":"Vltava","RT_NAME":"Dolni Vltava","MDRAUGHTCM":250.0,"REMARK":"berth not positioned"}},{"type":"Feature","geometry":{"type":"LineString","coordinates":[[14.462726,50.104385],[14.463279,50.104391],[14.463823,50.104397]]},"properties":{"ref:isrs":"CZPRG02010BER0100487","name":"Pristavni poloha c. 11 (pristav Praha - Liben)","FNCTION":"berths_3","BANK":"RB","WW_NAME":"Vltava","RT_NAME":"Dolni Vltava","MDRAUGHTCM":250.0,"REMARK":"parking berth"}},{"type":"Feature","geometry":{"type":"LineString","coordinates":[[14.463837,50.104575],[14.463822,50.104654],[14.463795,50.104798],[14.463702,50.105262],[14.463687,50.105332]]},"properties":{"ref:isrs":"CZPRG02010BER0200486","name":"Pristavni poloha c. 12 (pristav Praha - Liben)","FNCTION":"berths_3","BANK":"RB","WW_NAME":"Vltava","RT_NAME":"Dolni Vltava","MDRAUGHTCM":250.0,"REMARK":"sports marina for small crafts"}},{"type":"Feature","geometry":{"type":"LineString","coordinates":[[14.463675,50.105391],[14.463636,50.105581],[14.463623,50.105595],[14.463611,50.10561],[14.463555,50.105676],[14.463499,50.105741],[14.463441,50.105855],[14.463383,50.105969],[14.463321,50.106103]]},"properties":{"ref:isrs":"CZPRG02010BER0200487","name":"Pristavni poloha c. 13 (pristav Praha - Liben)","FNCTION":"berths_3","BANK":"RB","WW_NAME":"Vltava","RT_NAME":"Dolni Vltava","MDRAUGHTCM":250.0,"REMARK":"berth not positioned"}},{"type":"Feature","geometry":{"type":"LineString","coordinates":[[14.463025,50.106851],[14.463136,50.106533],[14.463251,50.106291],[14.46329,50.106171],[14.463302,50.106145]]},"properties":{"ref:isrs":"CZPRG02010BER0100485","name":"Pristavni poloha c. 14 (pristav Praha - Liben)","FNCTION":"berths_3","BANK":"RB","WW_NAME":"Vltava","RT_NAME":"Dolni Vltava","MDRAUGHTCM":250.0,"REMARK":"berth not positioned"}},{"type":"Feature","geometry":{"type":"LineString","coordinates":[[14.463002,50.1069],[14.462926,50.107063],[14.462881,50.107234],[14.462835,50.107406],[14.462766,50.107605],[14.462759,50.107632]]},"properties":{"ref:isrs":"CZPRG02010BER0100484","name":"Pristavni poloha c. 15 (pristav Praha - Liben)","FNCTION":"berths_3","BANK":"RB","WW_NAME":"Vltava","RT_NAME":"Dolni Vltava","MDRAUGHTCM":250.0,"REMARK":"berth not positioned"}},{"type":"Feature","geometry":{"type":"LineString","coordinates":[[14.462743,50.107688],[14.462715,50.107789],[14.46269,50.107922],[14.462702,50.107975],[14.462695,50.108081],[14.46267,50.108148],[14.462628,50.108404],[14.462619,50.108453]]},"properties":{"ref:isrs":"CZPRG02010BER0400483","name":"Pristavni poloha c. 16 (pristav Praha - Liben)","FNCTION":"berths_3","BANK":"RB","WW_NAME":"Vltava","RT_NAME":"Dolni Vltava","MDRAUGHTCM":250.0,"REMARK":"berth not positioned"}},{"type":"Feature","geometry":{"type":"LineString","coordinates":[[14.462612,50.108498],[14.462595,50.108613],[14.462571,50.108783],[14.462455,50.109075],[14.462402,50.109186],[14.462382,50.109223]]},"properties":{"ref:isrs":"CZPRG02010BER0400482","name":"Pristavni poloha c. 17 (pristav Praha - Liben)","FNCTION":"berths_3","BANK":"RB","WW_NAME":"Vltava","RT_NAME":"Dolni Vltava","MDRAUGHTCM":250.0,"REMARK":"sports marina for small crafts"}},{"type":"Feature","geometry":{"type":"LineString","coordinates":[[14.458797,50.368119],[14.4588,50.36811],[14.458806,50.368092],[14.459276,50.367513]]},"properties":{"ref:isrs":"CZMLK01040BER0108347","name":"Berth n. 1 (Melnik Harbour)","FNCTION":"berths_1","BANK":"RB","WW_NAME":"Elbe","RT_NAME":"Dolni Labe","MDRAUGHTCM":250.0,"REMARK":"transshipment berth for bulk goods"}},{"type":"Feature","geometry":{"type":"LineString","coordinates":[[14.459742,50.366941],[14.459293,50.367493]]},"properties":{"ref:isrs":"CZMLK01040BER0208348","name":"Berth n. 2 (Melnik Harbour)","FNCTION":"berths_1","BANK":"RB","WW_NAME":"Elbe","RT_NAME":"Dolni Labe","MDRAUGHTCM":250.0,"REMARK":"transshipment berth for bulk goods"}},{"type":"Feature","geometry":{"type":"LineString","coordinates":[[14.459753,50.366927],[14.460032,50.366583],[14.460221,50.366351]]},"properties":{"ref:isrs":"CZMLK01040BER0108349","name":"Berth n. 3 (Melnik Harbour)","FNCTION":"berths_1","BANK":"RB","WW_NAME":"Elbe","RT_NAME":"Dolni Labe","MDRAUGHTCM":250.0,"REMARK":"transshipment berth for heavy load and investment units"}},{"type":"Feature","geometry":{"type":"LineString","coordinates":[[14.460287,50.36627],[14.46075,50.3657]]},"properties":{"ref:isrs":"CZMLK01040BER0108350","name":"Pristavni poloha c. 4 (pristav Melnik)","FNCTION":"berths_3","BANK":"RB","WW_NAME":"Elbe","RT_NAME":"Dolni Labe","MDRAUGHTCM":250.0,"REMARK":"parking berth"}},{"type":"Feature","geometry":{"type":"LineString","coordinates":[[14.460828,50.365606],[14.46132,50.365]]},"properties":{"ref:isrs":"CZMLK01040BER0108351","name":"Pristavni poloha c. 5 (pristav Melnik)","FNCTION":"berths_3","BANK":"RB","WW_NAME":"Elbe","RT_NAME":"Dolni Labe","MDRAUGHTCM":250.0,"REMARK":"parking berth"}},{"type":"Feature","geometry":{"type":"LineString","coordinates":[[14.460602,50.364216],[14.46059,50.36423],[14.460139,50.364791]]},"properties":{"ref:isrs":"CZMLK01040BER0408351","name":"Pristavni poloha c. 7 (pristav Melnik)","FNCTION":"berths_3","BANK":"LB","WW_NAME":"Elbe","RT_NAME":"Dolni Labe","MDRAUGHTCM":250.0,"REMARK":"reserved parking berth for vessels"}},{"type":"Feature","geometry":{"type":"LineString","coordinates":[[14.460084,50.364859],[14.459842,50.36516],[14.459592,50.365474]]},"properties":{"ref:isrs":"CZMLK01040BER0308350","name":"Pristavni poloha c. 8 (pristav Melnik)","FNCTION":"berths_3","BANK":"LB","WW_NAME":"Elbe","RT_NAME":"Dolni Labe","MDRAUGHTCM":250.0,"REMARK":"reserved parking berth for vessels"}},{"type":"Feature","geometry":{"type":"LineString","coordinates":[[14.459532,50.365549],[14.459062,50.366138]]},"properties":{"ref:isrs":"CZMLK01040BER0108343","name":"Pristavni poloha c. 9 (pristav Melnik)","FNCTION":"berths_3","BANK":"LB","WW_NAME":"Elbe","RT_NAME":"Dolni Labe","MDRAUGHTCM":250.0,"REMARK":"reserved parking berth for vessels"}},{"type":"Feature","geometry":{"type":"LineString","coordinates":[[14.45899,50.366229],[14.458849,50.366405],[14.458515,50.366816]]},"properties":{"ref:isrs":"CZMLK01040BER0208349","name":"Pristavni poloha c. 10 (pristav Melnik)","FNCTION":"berths_3","BANK":"LB","WW_NAME":"Elbe","RT_NAME":"Dolni Labe","MDRAUGHTCM":250.0,"REMARK":"reserved parking berth for vessels"}},{"type":"Feature","geometry":{"type":"LineString","coordinates":[[14.458422,50.36693],[14.457946,50.367514]]},"properties":{"ref:isrs":"CZMLK01040BER0108348","name":"Pristavni poloha c. 11 (pristav Melnik)","FNCTION":"berths_3","BANK":"LB","WW_NAME":"Elbe","RT_NAME":"Dolni Labe","MDRAUGHTCM":250.0,"REMARK":"reserved parking berth for vessels carrying dangerous goods at a distance of 10 m on each side of these vessels, ie only when the voyage is stopped"}},{"type":"Feature","geometry":{"type":"LineString","coordinates":[[14.454423,50.368867],[14.45445,50.368826],[14.455093,50.367838]]},"properties":{"ref:isrs":"CZBBE01040BER0108346","name":"Pristavni poloha c. 12 (pristav Melnik)","FNCTION":"berths_3","BANK":"RB","WW_NAME":"Elbe","RT_NAME":"Dolni Labe","MDRAUGHTCM":250.0,"REMARK":"reserved parking berth for vessels carrying dangerous goods at a distance of 10 m on each side of these vessels, ie only when the voyage is stopped"}},{"type":"Feature","geometry":{"type":"LineString","coordinates":[[14.455166,50.36774],[14.455314,50.367552],[14.455991,50.366756]]},"properties":{"ref:isrs":"CZBBE01040BER0208347","name":"Pristavni poloha c. 13 (pristav Melnik)","FNCTION":"berths_3","BANK":"RB","WW_NAME":"Elbe","RT_NAME":"Dolni Labe","MDRAUGHTCM":250.0,"REMARK":"reserved parking berth for vessels"}},{"type":"Feature","geometry":{"type":"LineString","coordinates":[[14.456022,50.36672],[14.45605,50.366687],[14.456954,50.365656]]},"properties":{"ref:isrs":"CZBBE01040BER0308348","name":"Pristavni poloha c. 14 (pristav Melnik)","FNCTION":"berths_3","BANK":"RB","WW_NAME":"Elbe","RT_NAME":"Dolni Labe","MDRAUGHTCM":250.0,"REMARK":"reserved parking berth for vessels"}},{"type":"Feature","geometry":{"type":"LineString","coordinates":[[14.456981,50.365626],[14.457861,50.364628]]},"properties":{"ref:isrs":"CZBBE01040BER0208350","name":"Pristavni poloha c. 15 (pristav Melnik)","FNCTION":"berths_3","BANK":"RB","WW_NAME":"Elbe","RT_NAME":"Dolni Labe","MDRAUGHTCM":250.0,"REMARK":"reserved parking berth for vessels"}},{"type":"Feature","geometry":{"type":"LineString","coordinates":[[14.457886,50.364601],[14.458041,50.364424],[14.458644,50.363678]]},"properties":{"ref:isrs":"CZMLK01040BER0308351","name":"Pristavni poloha c. 16 (pristav Melnik)","FNCTION":"berths_3","BANK":"RB","WW_NAME":"Elbe","RT_NAME":"Dolni Labe","MDRAUGHTCM":250.0,"REMARK":"reserved parking berth for vessels"}},{"type":"Feature","geometry":{"type":"LineString","coordinates":[[14.458679,50.363635],[14.459082,50.36314],[14.459496,50.362622]]},"properties":{"ref:isrs":"CZMLK01040BER0108352","name":"Pristavni poloha c. 17 (pristav Melnik)","FNCTION":"berths_3","BANK":"RB","WW_NAME":"Elbe","RT_NAME":"Dolni Labe","MDRAUGHTCM":250.0,"REMARK":"reserved parking berth for vessels"}},{"type":"Feature","geometry":{"type":"LineString","coordinates":[[14.459537,50.362572],[14.459774,50.362275],[14.460277,50.361521]]},"properties":{"ref:isrs":"CZMLK01040BER0108354","name":"Pristavni poloha c. 18 (pristav Melnik)","FNCTION":"berths_3","BANK":"RB","WW_NAME":"Elbe","RT_NAME":"Dolni Labe","MDRAUGHTCM":250.0,"REMARK":"reserved parking berth for vessels"}},{"type":"Feature","geometry":{"type":"LineString","coordinates":[[14.460501,50.361185],[14.460547,50.361117],[14.460864,50.360665],[14.460991,50.360482]]},"properties":{"ref:isrs":"CZMLK01040BER0108355","name":"Pristavni poloha c. 19 (pristav Melnik)","FNCTION":"berths_3","BANK":"RB","WW_NAME":"Elbe","RT_NAME":"Dolni Labe","MDRAUGHTCM":250.0,"REMARK":"reserved parking berth for vessels"}},{"type":"Feature","geometry":{"type":"LineString","coordinates":[[14.461016,50.360446],[14.461124,50.36029],[14.46117,50.360202],[14.461215,50.36015],[14.461382,50.359902],[14.461495,50.359744]]},"properties":{"ref:isrs":"CZMLK01040BER0108356","name":"Pristavni poloha c. 20 (pristav Melnik)","FNCTION":"berths_3","BANK":"RB","WW_NAME":"Elbe","RT_NAME":"Dolni Labe","MDRAUGHTCM":250.0,"REMARK":"reserved parking berth for vessels"}},{"type":"Feature","geometry":{"type":"LineString","coordinates":[[14.461528,50.359698],[14.461539,50.359682],[14.461806,50.359315],[14.462034,50.359011]]},"properties":{"ref:isrs":"CZMLK01040BER0108357","name":"Pristavni poloha c. 21 (pristav Melnik)","FNCTION":"berths_3","BANK":"RB","WW_NAME":"Elbe","RT_NAME":"Dolni Labe","MDRAUGHTCM":250.0,"REMARK":"reserved parking berth for vessels"}},{"type":"Feature","geometry":{"type":"LineString","coordinates":[[14.462064,50.35897],[14.462184,50.35881],[14.4626,50.358275]]},"properties":{"ref:isrs":"CZMLK01040BER0108358","name":"Pristavni poloha c. 22 (pristav Melnik)","FNCTION":"berths_3","BANK":"RB","WW_NAME":"Elbe","RT_NAME":"Dolni Labe","MDRAUGHTCM":250.0,"REMARK":"reserved parking berth for vessels"}},{"type":"Feature","geometry":{"type":"LineString","coordinates":[[14.462641,50.358222],[14.462935,50.357844],[14.46315,50.357564],[14.463176,50.357535]]},"properties":{"ref:isrs":"CZMLK01040BER0108359","name":"Pristavni poloha c. 23 (pristav Melnik)","FNCTION":"berths_3","BANK":"RB","WW_NAME":"Elbe","RT_NAME":"Dolni Labe","MDRAUGHTCM":250.0,"REMARK":"reserved parking berth for vessels"}},{"type":"Feature","geometry":{"type":"LineString","coordinates":[[14.463218,50.357487],[14.463382,50.357297],[14.463747,50.356917]]},"properties":{"ref:isrs":"CZMLK01040BER0108360","name":"Pristavni poloha c. 24 (pristav Melnik)","FNCTION":"berths_3","BANK":"RB","WW_NAME":"Elbe","RT_NAME":"Dolni Labe","MDRAUGHTCM":250.0,"REMARK":"reserved parking berth for vessels"}},{"type":"Feature","geometry":{"type":"LineString","coordinates":[[14.463798,50.356864],[14.464187,50.356459],[14.464238,50.356416],[14.464363,50.356282]]},"properties":{"ref:isrs":"CZMLK01040BER0208360","name":"Pristavni poloha c. 25 (pristav Melnik)","FNCTION":"berths_3","BANK":"RB","WW_NAME":"Elbe","RT_NAME":"Dolni Labe","MDRAUGHTCM":250.0,"REMARK":"reserved parking berth for vessels"}},{"type":"Feature","geometry":{"type":"LineString","coordinates":[[14.464401,50.356243],[14.464474,50.356165],[14.464513,50.356123],[14.464628,50.356029],[14.46471,50.355948],[14.464932,50.355767],[14.465094,50.355618]]},"properties":{"ref:isrs":"CZMLK01040BER0108361","name":"Pristavni poloha c. 26 (pristav Melnik)","FNCTION":"berths_3","BANK":"RB","WW_NAME":"Elbe","RT_NAME":"Dolni Labe","MDRAUGHTCM":250.0,"REMARK":"reserved parking berth for vessels"}},{"type":"Feature","geometry":{"type":"LineString","coordinates":[[14.465146,50.35557],[14.465172,50.355547],[14.465477,50.355308],[14.465867,50.354982]]},"properties":{"ref:isrs":"CZMLK01040BER0108362","name":"Pristavni poloha c. 27 (pristav Melnik)","FNCTION":"berths_3","BANK":"RB","WW_NAME":"Elbe","RT_NAME":"Dolni Labe","MDRAUGHTCM":250.0,"REMARK":"reserved parking berth for vessels"}},{"type":"Feature","geometry":{"type":"LineString","coordinates":[[14.465914,50.354943],[14.466405,50.354532],[14.46667,50.354321]]},"properties":{"ref:isrs":"CZMLK01040BER0108363","name":"Berth n. 28 (Melnik Harbour)","FNCTION":"berths_9","BANK":"RB","WW_NAME":"Elbe","RT_NAME":"Dolni Labe","MDRAUGHTCM":250.0,"REMARK":"reserved parking berth in the width of 30 m, where a service pier for the parking of passenger vessels is permanently located and the place is intended for the exit and boarding of persons (passengers)"}},{"type":"Feature","geometry":{"type":"LineString","coordinates":[[14.466724,50.354277],[14.467441,50.353686]]},"properties":{"ref:isrs":"CZMLK01040BER0108364","name":"Pristavni poloha c. 29 (pristav Melnik)","FNCTION":"berths_3","BANK":"RB","WW_NAME":"Elbe","RT_NAME":"Dolni Labe","MDRAUGHTCM":250.0,"REMARK":"reserved parking berth for vessels"}},{"type":"Feature","geometry":{"type":"LineString","coordinates":[[14.467505,50.353633],[14.468005,50.353222],[14.468168,50.353087],[14.468219,50.353045]]},"properties":{"ref:isrs":"CZMLK01040BER0108365","name":"Pristavni poloha c. 30 (pristav Melnik)","FNCTION":"berths_3","BANK":"RB","WW_NAME":"Elbe","RT_NAME":"Dolni Labe","MDRAUGHTCM":250.0,"REMARK":"reserved parking berth for vessels"}},{"type":"Feature","geometry":{"type":"LineString","coordinates":[[14.468282,50.352995],[14.468471,50.352843],[14.468868,50.352525],[14.469017,50.352403]]},"properties":{"ref:isrs":"CZMLK01040BER0108366","name":"Berth n. 31 (Melnik Harbour)","FNCTION":"berths_9","BANK":"RB","WW_NAME":"Elbe","RT_NAME":"Dolni Labe","MDRAUGHTCM":250.0,"REMARK":"reserved parking berth in the width of 30 m, where a service pier for the parking of passenger vessels is permanently located and the place is intended for the exit and boarding of persons (passengers)"}},{"type":"Feature","geometry":{"type":"LineString","coordinates":[[14.460906,50.368374],[14.461561,50.367879]]},"properties":{"ref:isrs":"CZMLK01040BER0308347","name":"Pristavni poloha c. 32 (pristav Melnik)","FNCTION":"berths_3","BANK":"RB","WW_NAME":"Elbe","RT_NAME":"Dolni Labe","MDRAUGHTCM":250.0,"REMARK":"reserved parking berth for vessels"}},{"type":"Feature","geometry":{"type":"LineString","coordinates":[[14.462242,50.367267],[14.461967,50.367572],[14.461676,50.367792]]},"properties":{"ref:isrs":"CZMLK01040BER0408348","name":"Pristavni poloha c. 33 (pristav Melnik)","FNCTION":"berths_3","BANK":"RB","WW_NAME":"Elbe","RT_NAME":"Dolni Labe","MDRAUGHTCM":250.0,"REMARK":"reserved parking berth for vessels"}},{"type":"Feature","geometry":{"type":"LineString","coordinates":[[14.462725,50.365324],[14.462556,50.365524],[14.462278,50.365861],[14.46223,50.36592]]},"properties":{"ref:isrs":"CZMLK01040BER0208351","name":"Pristavni poloha c. 34 (pristav Melnik)","FNCTION":"berths_3","BANK":"LB","WW_NAME":"Elbe","RT_NAME":"Dolni Labe","MDRAUGHTCM":250.0,"REMARK":"reserved parking berth for vessels"}},{"type":"Feature","geometry":{"type":"LineString","coordinates":[[14.460512,50.368585],[14.460501,50.368586],[14.460386,50.368599],[14.46031,50.3686]]},"properties":{"ref:isrs":"CZMLK01040BER0408346","name":"Pristavni poloha c. 35 (pristav Melnik)","FNCTION":"berths_3","BANK":"RB","WW_NAME":"Elbe","RT_NAME":"Dolni Labe","MDRAUGHTCM":250.0,"REMARK":"reserved parking for recreational craft with access footbridge; the parking of vessels must not restrict the navigation of the second port pool"}},{"type":"Feature","geometry":{"type":"LineString","coordinates":[[14.460235,50.3686],[14.459827,50.368604],[14.459609,50.368612]]},"properties":{"ref:isrs":"CZMLK01040BER0308346","name":"Pristavni poloha c. 36 (pristav Melnik)","FNCTION":"berths_3","BANK":"RB","WW_NAME":"Elbe","RT_NAME":"Dolni Labe","MDRAUGHTCM":250.0,"REMARK":"reserved parking for recreational craft with access footbridge; the parking of vessels must not restrict the navigation of the second port pool"}},{"type":"Feature","geometry":{"type":"LineString","coordinates":[[14.45955,50.368615],[14.459184,50.368629]]},"properties":{"ref:isrs":"CZMLK01040BER0208346","name":"Pristavni poloha c. 37 (pristav Melnik)","FNCTION":"berths_3","BANK":"RB","WW_NAME":"Elbe","RT_NAME":"Dolni Labe","MDRAUGHTCM":250.0,"REMARK":"reserved parking for recreational craft with access footbridge; the parking of vessels must not restrict the navigation of the second port pool"}},{"type":"Feature","geometry":{"type":"LineString","coordinates":[[14.461539,50.364194],[14.461071,50.364785]]},"properties":{"ref:isrs":"CZMLK01040BER0108341","name":"Pristavni poloha c. 6 (pristav Melnik)","FNCTION":"berths_3","BANK":"RB","WW_NAME":"Elbe","RT_NAME":"Dolni Labe","MDRAUGHTCM":250.0,"REMARK":"standing position for small vessels, reserved on the shorter side of the floating pier at the sloping wall"}},{"type":"Feature","geometry":{"type":"LineString","coordinates":[[14.411182,50.05552],[14.411191,50.055566],[14.41133,50.056277]]},"properties":{"ref:isrs":"CZSMO02030BER0300566","name":"Pristavni poloha c. 1 (pristav Smichov)","FNCTION":"berths_3","BANK":"LB","WW_NAME":"Vltava","RT_NAME":"Dolni Vltava","MDRAUGHTCM":250.0,"REMARK":"short-term parking"}},{"type":"Feature","geometry":{"type":"LineString","coordinates":[[14.411334,50.056296],[14.411438,50.056826],[14.411459,50.057021]]},"properties":{"ref:isrs":"CZSMO02030BER0100566","name":"Pristavni poloha c. 2 (pristav Smichov)","FNCTION":"berths_3","BANK":"LB","WW_NAME":"Vltava","RT_NAME":"Dolni Vltava","MDRAUGHTCM":250.0,"REMARK":"long-term parking only in the first rowfrom the wharf"}},{"type":"Feature","geometry":{"type":"LineString","coordinates":[[14.411462,50.05705],[14.411542,50.057794]]},"properties":{"ref:isrs":"CZSMO02030BER0300564","name":"Pristavni poloha c. 3 (pristav Smichov)","FNCTION":"berths_3","BANK":"LB","WW_NAME":"Vltava","RT_NAME":"Dolni Vltava","MDRAUGHTCM":250.0,"REMARK":"long-term parking only in the first rowfrom the wharf"}},{"type":"Feature","geometry":{"type":"LineString","coordinates":[[14.411544,50.057811],[14.411573,50.058079],[14.411598,50.058545]]},"properties":{"ref:isrs":"CZSMO02030BER0100564","name":"Berth n. 4 (Smichov Harbour)","FNCTION":"berths_1","BANK":"LB","WW_NAME":"Vltava","RT_NAME":"Dolni Vltava","MDRAUGHTCM":250.0,"REMARK":"transshipment berth, short-term parking"}},{"type":"Feature","geometry":{"type":"LineString","coordinates":[[14.411599,50.058577],[14.411638,50.059311]]},"properties":{"ref:isrs":"CZSMO02030BER0100563","name":"Pristavni poloha c. 5 (pristav Smichov)","FNCTION":"berths_3","BANK":"LB","WW_NAME":"Vltava","RT_NAME":"Dolni Vltava","MDRAUGHTCM":250.0,"REMARK":"berth reserved for the arrival of ship equipment in case of accidents, short-term parking only"}},{"type":"Feature","geometry":{"type":"LineString","coordinates":[[14.411639,50.059325],[14.411641,50.059374],[14.411677,50.060056]]},"properties":{"ref:isrs":"CZSMO02030BER0100562","name":"Pristavni poloha c. 6  (pristav Smichov)","FNCTION":"berths_3","BANK":"LB","WW_NAME":"Vltava","RT_NAME":"Dolni Vltava","MDRAUGHTCM":250.0,"REMARK":"refueling, short-term parking only"}},{"type":"Feature","geometry":{"type":"LineString","coordinates":[[14.411679,50.060089],[14.411698,50.060436],[14.411659,50.060819]]},"properties":{"ref:isrs":"CZSMO02030BER0100561","name":"Pristavni poloha c. 7 (pristav Smichov)","FNCTION":"berths_3","BANK":"LB","WW_NAME":"Vltava","RT_NAME":"Dolni Vltava","MDRAUGHTCM":250.0,"REMARK":"short-term parking only"}},{"type":"Feature","geometry":{"type":"LineString","coordinates":[[14.411657,50.060842],[14.411589,50.061523],[14.411579,50.061576]]},"properties":{"ref:isrs":"CZSMO02030BER0100560","name":"Pristavni poloha c. 8 (pristav Smichov)","FNCTION":"berths_3","BANK":"LB","WW_NAME":"Vltava","RT_NAME":"Dolni Vltava","MDRAUGHTCM":250.0,"REMARK":"short-term parking only"}},{"type":"Feature","geometry":{"type":"LineString","coordinates":[[14.41157,50.061622],[14.411481,50.062072],[14.411374,50.062613]]},"properties":{"ref:isrs":"CZSMO02030BER0100559","name":"Pristavni poloha c. 9 (pristav Smichov)","FNCTION":"berths_3","BANK":"LB","WW_NAME":"Vltava","RT_NAME":"Dolni Vltava","MDRAUGHTCM":250.0,"REMARK":"short-term parking only"}},{"type":"Feature","geometry":{"type":"LineString","coordinates":[[14.412474,50.056231],[14.41262,50.056855]]},"properties":{"ref:isrs":"CZSMO02030BER0200566","name":"Pristavni poloha c. 10 (pristav Smichov)","FNCTION":"berths_3","BANK":"RB","WW_NAME":"Vltava","RT_NAME":"Dolni Vltava","MDRAUGHTCM":250.0,"REMARK":"short-term parking only"}},{"type":"Feature","geometry":{"type":"LineString","coordinates":[[14.412625,50.056878],[14.412713,50.057253]]},"properties":{"ref:isrs":"CZSMO02030BER0100565","name":"Pristavni poloha c. 11 (pristav Smichov)","FNCTION":"berths_3","BANK":"RB","WW_NAME":"Vltava","RT_NAME":"Dolni Vltava","MDRAUGHTCM":250.0,"REMARK":"short-term parking only"}},{"type":"Feature","geometry":{"type":"LineString","coordinates":[[14.412846,50.058519],[14.412738,50.057447]]},"properties":{"ref:isrs":"CZSMO02030BER0200564","name":"Pristavni poloha c. 12 (pristav Smichov)","FNCTION":"berths_3","BANK":"RB","WW_NAME":"Vltava","RT_NAME":"Dolni Vltava","MDRAUGHTCM":250.0,"REMARK":"short-term parking only"}},{"type":"Feature","geometry":{"type":"LineString","coordinates":[[14.412865,50.058811],[14.41289,50.059221]]},"properties":{"ref:isrs":"CZSMO02030BER0200563","name":"Pristavni poloha c. 13 (pristav Smichov)","FNCTION":"berths_3","BANK":"RB","WW_NAME":"Vltava","RT_NAME":"Dolni Vltava","MDRAUGHTCM":250.0,"REMARK":"short-term parking only"}},{"type":"Feature","geometry":{"type":"LineString","coordinates":[[14.412891,50.059238],[14.412929,50.059887]]},"properties":{"ref:isrs":"CZSMO02030BER0200562","name":"Pristavni poloha c. 14 (pristav Smichov)","FNCTION":"berths_3","BANK":"RB","WW_NAME":"Vltava","RT_NAME":"Dolni Vltava","MDRAUGHTCM":250.0,"REMARK":"short-term parking only"}},{"type":"Feature","geometry":{"type":"LineString","coordinates":[[14.412978,50.06035],[14.412954,50.060694]]},"properties":{"ref:isrs":"CZSMO02030BER0200561","name":"Pristavni poloha c. 15 (pristav Smichov)","FNCTION":"berths_3","BANK":"RB","WW_NAME":"Vltava","RT_NAME":"Dolni Vltava","MDRAUGHTCM":250.0,"REMARK":"short-term parking only"}},{"type":"Feature","geometry":{"type":"LineString","coordinates":[[14.412953,50.060707],[14.412904,50.061417]]},"properties":{"ref:isrs":"CZSMO02030BER0200560","name":"Pristavni poloha c. 16 (pristav Smichov)","FNCTION":"berths_3","BANK":"RB","WW_NAME":"Vltava","RT_NAME":"Dolni Vltava","MDRAUGHTCM":250.0,"REMARK":"short-term parking only"}},{"type":"Feature","geometry":{"type":"LineString","coordinates":[[14.411368,50.062647],[14.41136,50.062685],[14.411328,50.062851],[14.411312,50.063379],[14.411386,50.063673]]},"properties":{"ref:isrs":"CZSMO02030BER0100568","name":"Berth n. 17 (Smichov Harbour)","FNCTION":"berths_9","BANK":"LB","WW_NAME":"Vltava","RT_NAME":"Dolni Vltava","MDRAUGHTCM":250.0,"REMARK":"short-term parking only"}},{"type":"Feature","geometry":{"type":"LineString","coordinates":[[14.411417,50.063749],[14.411536,50.063963],[14.411631,50.064091]]},"properties":{"ref:isrs":"CZSMO02030BER0100567","name":"Pristavni poloha c. 18 (pristav Smichov)","FNCTION":"berths_3","BANK":"LB","WW_NAME":"Vltava","RT_NAME":"Dolni Vltava","MDRAUGHTCM":250.0,"REMARK":"short-term parking only"}},{"type":"Feature","geometry":{"type":"LineString","coordinates":[[14.411024,50.055391],[14.411011,50.054894],[14.41094,50.054216],[14.410931,50.053509],[14.410914,50.053058],[14.410905,50.052824],[14.410899,50.052579],[14.410958,50.052346],[14.411021,50.052258],[14.411047,50.052224],[14.411252,50.05205],[14.41127,50.052034],[14.411359,50.05204]]},"properties":{"ref:isrs":"CZSMO02030BER0100569","name":"Pristavni poloha c. 19 (pristav Smichov)","FNCTION":"berths_3","BANK":"LB","WW_NAME":"Vltava","RT_NAME":"Dolni Vltava","MDRAUGHTCM":250.0,"REMARK":"long-term parking of vessels in one row from the southern connection of the harbour pool to the river to the southern edge of the wharf to a distance of 25 m from the shore"}},{"type":"Feature","geometry":{"type":"LineString","coordinates":[[14.411531,50.052118],[14.411557,50.052222],[14.411559,50.052251],[14.411554,50.052281],[14.411515,50.052428],[14.411529,50.052494],[14.411573,50.052669],[14.41163,50.052862],[14.411717,50.05309],[14.411971,50.05378],[14.412342,50.054784],[14.412595,50.055528]]},"properties":{"ref:isrs":"CZSMO02030BER0200569","name":"Pristavni poloha c. 20 (pristav Smichov)","FNCTION":"berths_3","BANK":"RB","WW_NAME":"Vltava","RT_NAME":"Dolni Vltava","MDRAUGHTCM":250.0,"REMARK":"parking of vessels in one row from the southern connection of the harbour pool to the river to the high-mooring pier position No. 10 to a distance of 25 m from the shore"}},{"type":"Feature","geometry":{"type":"LineString","coordinates":[[14.07497,50.661743],[14.07413,50.661849],[14.073437,50.66194]]},"properties":{"ref:isrs":"CZULN01020BER0107629","name":"Harbour berth C (Usti nad Labem - Krasne Brezno - Central Harbour)","FNCTION":"berths_1","BANK":"LB","WW_NAME":"Elbe","RT_NAME":"Dolni Labe","REMARK":"loading and unloading enabled"}},{"type":"Feature","geometry":{"type":"LineString","coordinates":[[15.211818,50.02871],[15.212932,50.028566],[15.213477,50.028481],[15.214468,50.028321],[15.214997,50.028233],[15.215828,50.028099],[15.2159,50.028077],[15.216217,50.02803]]},"properties":{"ref:isrs":"CZKLN01060BER0109214","name":"Transshipment berth (Kolin Harbour)","FNCTION":"berths_1","BANK":"LB","WW_NAME":"Elbe","RT_NAME":"Stredni Labe","REMARK":"Transshipment of bulk goods"}},{"type":"Feature","geometry":{"type":"LineString","coordinates":[[14.209472,50.768256],[14.209413,50.768072],[14.209307,50.767815],[14.209224,50.7676]]},"properties":{"ref:isrs":"CZDCB01020BER0107422","name":"Pristavni poloha c. 3  (pristav Decin - Rozbelesy)","FNCTION":"berths_3","BANK":"LB","WW_NAME":"Elbe","RT_NAME":"Dolni Labe","MDRAUGHTCM":280.0,"REMARK":"reserved parking berth for vessels carrying dangerous goods"}},{"type":"Feature","geometry":{"type":"LineString","coordinates":[[14.208939,50.767422],[14.208562,50.766894],[14.208481,50.766792]]},"properties":{"ref:isrs":"CZDCB01020BER0107423","name":"Pristavni poloha c. 4 (pristav Decin - Rozbelesy)","FNCTION":"berths_3","BANK":"LB","WW_NAME":"Elbe","RT_NAME":"Dolni Labe","MDRAUGHTCM":280.0,"REMARK":"parking berth for 4 vessels"}},{"type":"Feature","geometry":{"type":"LineString","coordinates":[[14.208449,50.766751],[14.207988,50.766168],[14.207932,50.766102]]},"properties":{"ref:isrs":"CZDCB01020BER0107425","name":"Pristavni poloha c. 5 (pristav Decin - Rozbelesy)","FNCTION":"berths_3","BANK":"LB","WW_NAME":"Elbe","RT_NAME":"Dolni Labe","MDRAUGHTCM":280.0,"REMARK":"parking berth for 5 vessels"}},{"type":"Feature","geometry":{"type":"LineString","coordinates":[[14.207864,50.766047],[14.20783,50.765986],[14.207848,50.765954],[14.207485,50.765687],[14.207275,50.765502]]},"properties":{"ref:isrs":"CZDCB01020BER0207425","name":"Pristavni poloha c. 6 (pristav Decin - Rozbelesy)","FNCTION":"berths_3","BANK":"LB","WW_NAME":"Elbe","RT_NAME":"Dolni Labe","MDRAUGHTCM":280.0,"REMARK":"parking berth for 4 vessels"}},{"type":"Feature","geometry":{"type":"LineString","coordinates":[[14.207239,50.76547],[14.20667,50.764874]]},"properties":{"ref:isrs":"CZDCB01020BER0107427","name":"Pristavni poloha c. 7 (pristav Decin - Rozbelesy)","FNCTION":"berths_3","BANK":"LB","WW_NAME":"Elbe","RT_NAME":"Dolni Labe","MDRAUGHTCM":280.0,"REMARK":"parking berth for 4 vessels"}},{"type":"Feature","geometry":{"type":"LineString","coordinates":[[14.206441,50.764656],[14.206063,50.764311],[14.20598,50.764239],[14.205916,50.764185]]},"properties":{"ref:isrs":"CZDCB01020BER0107428","name":"Pristavni poloha c. 9 (pristav Decin - Rozbelesy)","FNCTION":"berths_3","BANK":"LB","WW_NAME":"Elbe","RT_NAME":"Dolni Labe","MDRAUGHTCM":280.0,"REMARK":"docking berth"}},{"type":"Feature","geometry":{"type":"LineString","coordinates":[[14.205894,50.764166],[14.205748,50.76404],[14.205527,50.763855]]},"properties":{"ref:isrs":"CZDCB01020BER0207428","name":"Pristavni poloha c. 10 (pristav Decin - Rozbelesy)","FNCTION":"berths_3","BANK":"LB","WW_NAME":"Elbe","RT_NAME":"Dolni Labe","MDRAUGHTCM":280.0,"REMARK":"reserved for Povodí Labe State Company vessels"}},{"type":"Feature","geometry":{"type":"LineString","coordinates":[[14.205452,50.763793],[14.205355,50.763712],[14.205241,50.763628]]},"properties":{"ref:isrs":"CZDCB01020BER0107429","name":"Pristavni poloha c. 11 (pristav Decin - Rozbelesy)","FNCTION":"berths_3","BANK":"LB","WW_NAME":"Elbe","RT_NAME":"Dolni Labe","MDRAUGHTCM":280.0,"REMARK":"reserved for State Navigation Authority and Povodí Labe State Company vessels"}},{"type":"Feature","geometry":{"type":"LineString","coordinates":[[14.205268,50.763568],[14.20498,50.763371],[14.20466,50.763156],[14.204392,50.762958],[14.204347,50.76293]]},"properties":{"ref:isrs":"CZDCB01020BER0207429","name":"Pristavni poloha c. 12 (pristav Decin - Rozbelesy)","FNCTION":"berths_3","BANK":"LB","WW_NAME":"Elbe","RT_NAME":"Dolni Labe","MDRAUGHTCM":280.0,"REMARK":"parking berth - high water dolphins"}},{"type":"Feature","geometry":{"type":"LineString","coordinates":[[14.204074,50.762801],[14.203771,50.762599],[14.20355,50.762437],[14.203195,50.762191],[14.203126,50.762145]]},"properties":{"ref:isrs":"CZDCB01020BER0107431","name":"Pristavni poloha c. 13 (pristav Decin - Rozbelesy)","FNCTION":"berths_3","BANK":"LB","WW_NAME":"Elbe","RT_NAME":"Dolni Labe","MDRAUGHTCM":280.0,"REMARK":"parking berth - high water dolphins"}},{"type":"Feature","geometry":{"type":"LineString","coordinates":[[14.087201,50.51637],[14.088216,50.516498],[14.088337,50.516513]]},"properties":{"ref:isrs":"CZLVC01036BER0107885","name":"Berh n. 6 (Lovosice-Prosmyky Harbour)","FNCTION":"berths_1","BANK":"LB","WW_NAME":"Elbe","RT_NAME":"Dolni Labe","REMARK":"transhipment berth with conveyor belt"}},{"type":"Feature","geometry":{"type":"LineString","coordinates":[[14.088688,50.516557],[14.089631,50.516675],[14.089818,50.516698]]},"properties":{"ref:isrs":"CZLVC01036BER0107886","name":"Pristavni poloha c. 5 (pristav Lovosice-Prosmyky)","FNCTION":"berths_3","BANK":"LB","WW_NAME":"Elbe","RT_NAME":"Dolni Labe","REMARK":"parking berth"}},{"type":"Feature","geometry":{"type":"LineString","coordinates":[[14.090292,50.516758],[14.091178,50.51687],[14.091455,50.516904]]},"properties":{"ref:isrs":"CZLVC01036BER0107888","name":"Pristavni poloha c. 4 (pristav Lovosice-Prosmyky)","FNCTION":"berths_3","BANK":"LB","WW_NAME":"Elbe","RT_NAME":"Dolni Labe","REMARK":"parking berth"}},{"type":"Feature","geometry":{"type":"LineString","coordinates":[[14.091651,50.516927],[14.09184,50.516949],[14.092614,50.517175],[14.092746,50.517213]]},"properties":{"ref:isrs":"CZLVC01036BER0107889","name":"Berh n. 3 (Lovosice-Prosmyky Harbour)","FNCTION":"berths_1","BANK":"LB","WW_NAME":"Elbe","RT_NAME":"Dolni Labe","REMARK":"transhipment of bulk goods and pieces up to 8 tons"}},{"type":"Feature","geometry":{"type":"LineString","coordinates":[[14.092989,50.517282],[14.094089,50.517598]]},"properties":{"ref:isrs":"CZLVC01036BER0107890","name":"Berh n. 2 (Lovosice-Prosmyky Harbour)","FNCTION":"berths_1","BANK":"LB","WW_NAME":"Elbe","RT_NAME":"Dolni Labe","REMARK":"transhipment of bulk goods and pieces up to 8 tons"}},{"type":"Feature","geometry":{"type":"LineString","coordinates":[[14.094222,50.517646],[14.095119,50.518001]]},"properties":{"ref:isrs":"CZLVC01040BER0207890","name":"Berh n. 1 (Lovosice-Prosmyky Harbour)","FNCTION":"berths_1","BANK":"LB","WW_NAME":"Elbe","RT_NAME":"Dolni Labe","REMARK":"transhipment of heavy load"}},{"type":"Feature","geometry":{"type":"LineString","coordinates":[[14.209067,50.781679],[14.208952,50.781565],[14.208894,50.781508],[14.20878,50.781389],[14.208711,50.78131],[14.208686,50.781272],[14.20866,50.781234],[14.208532,50.781083]]},"properties":{"ref:isrs":"CZDCB01020BER0107405","name":"Berth n. 1 (Decin-City harbour)","FNCTION":"berths_9","BANK":"RB","WW_NAME":"Elbe","RT_NAME":"Dolni Labe","REMARK":"passenger ship berth"}},{"type":"Feature","geometry":{"type":"LineString","coordinates":[[14.209082,50.781695],[14.209205,50.781818],[14.209586,50.78219],[14.209722,50.782334],[14.210133,50.782726]]},"properties":{"ref:isrs":"CZDCB01020BER0107403","name":"Pristavni poloha c. 2 (pristav Decin-mesto)","FNCTION":"berths_3","BANK":"RB","WW_NAME":"Elbe","RT_NAME":"Dolni Labe","REMARK":"all types of vessels"}},{"type":"Feature","geometry":{"type":"LineString","coordinates":[[14.210152,50.782744],[14.210163,50.782754],[14.210234,50.782822],[14.210332,50.782887],[14.210434,50.782931],[14.210508,50.782974],[14.210685,50.783126],[14.210739,50.783271],[14.21077,50.783308],[14.210813,50.783348]]},"properties":{"ref:isrs":"CZDCB01020BER0107402","name":"Pristavni poloha RVC","FNCTION":"berths_3","BANK":"RB","WW_NAME":"Elbe","RT_NAME":"Dolni Labe","REMARK":"all types of vessels, limited to 2 passenger ships"}},{"type":"Feature","geometry":{"type":"LineString","coordinates":[[14.206609,50.76481],[14.206457,50.764671]]},"properties":{"ref:isrs":"CZDCB01022BER0107427","name":"Pristavni poloha c. 8 (pristav Decin-Rozbelesy)","FNCTION":"berths_3","BANK":"LB","WW_NAME":"Elbe","RT_NAME":"Dolni Labe","REMARK":"parking berth for up to 4 tugboats"}},{"type":"Feature","geometry":{"type":"LineString","coordinates":[[14.202954,50.76203],[14.202613,50.761792],[14.202327,50.761599],[14.202028,50.761405],[14.201967,50.761364]]},"properties":{"ref:isrs":"CZDCB01022BER0107432","name":"Pristavni poloha c. 14 (pristav Decin - Rozbelesy)","FNCTION":"berths_3","BANK":"LB","WW_NAME":"Elbe","RT_NAME":"Dolni Labe","REMARK":"parking berth - high water dolphins"}},{"type":"Feature","geometry":{"type":"LineString","coordinates":[[14.08118,50.661677],[14.082758,50.662183]]},"properties":{"ref:isrs":"CZULN01020BER0107626","name":"Harbour berth (Usti nad Labem - Krasne Brezno - Central Harbour)","FNCTION":"berths_1","BANK":"LB","WW_NAME":"Elbe","RT_NAME":"Dolni Labe"}},{"type":"Feature","geometry":{"type":"LineString","coordinates":[[14.084399,50.662711],[14.082822,50.662203]]},"properties":{"ref:isrs":"CZULN01020BER0107625","name":"Harbour berth (Usti nad Labem - Krasne Brezno - Central Harbour)","FNCTION":"berths_1","BANK":"LB","WW_NAME":"Elbe","RT_NAME":"Dolni Labe"}},{"type":"Feature","geometry":{"type":"LineString","coordinates":[[14.077679,50.6614],[14.076495,50.661551]]},"properties":{"ref:isrs":"CZULN01021BER0207630","name":"Harbour berth B (Usti nad Labem - Krasne Brezno - Central Harbour)","FNCTION":"berths_1","BANK":"LB","WW_NAME":"Elbe","RT_NAME":"Dolni Labe"}},{"type":"Feature","geometry":{"type":"LineString","coordinates":[[14.075032,50.661735],[14.07601,50.661609],[14.076218,50.661585]]},"properties":{"ref:isrs":"CZULN01021BER0107630","name":"Harbour berth A (Usti nad Labem - Krasne Brezno - Central Harbour)","FNCTION":"berths_1","BANK":"LB","WW_NAME":"Elbe","RT_NAME":"Dolni Labe"}},{"type":"Feature","geometry":{"type":"LineString","coordinates":[[14.047437,50.636119],[14.047737,50.635325],[14.047768,50.635242],[14.04801,50.63461]]},"properties":{"ref:isrs":"CZULN01030BER0107680","name":"Pristavni poloha c. 5 (pristav Vanov)","FNCTION":"berths_3","BANK":"LB","WW_NAME":"Elbe","RT_NAME":"Dolni Labe"}},{"type":"Feature","geometry":{"type":"LineString","coordinates":[[14.04803,50.634572],[14.048231,50.634201],[14.048506,50.633696],[14.048628,50.633473]]},"properties":{"ref:isrs":"CZULN01030BER0107682","name":"Pristavni poloha c. 4 (pristav Vanov)","FNCTION":"berths_3","BANK":"LB","WW_NAME":"Elbe","RT_NAME":"Dolni Labe"}},{"type":"Feature","geometry":{"type":"LineString","coordinates":[[14.048653,50.633433],[14.048679,50.633391],[14.048883,50.63306],[14.048987,50.632869],[14.048957,50.632846],[14.04904,50.632711],[14.049087,50.6327],[14.049245,50.632458],[14.049395,50.632208],[14.04958,50.631905]]},"properties":{"ref:isrs":"CZULN01030BER0107684","name":"Pristavni poloha c. 3 (pristav Vanov)","FNCTION":"berths_3","BANK":"LB","WW_NAME":"Elbe","RT_NAME":"Dolni Labe"}},{"type":"Feature","geometry":{"type":"LineString","coordinates":[[14.049593,50.631882],[14.049756,50.631595],[14.05002,50.631167]]},"properties":{"ref:isrs":"CZULN01030BER0107685","name":"Berth n. 2 (Vanov Harbour)","FNCTION":"berths_1","BANK":"LB","WW_NAME":"Elbe","RT_NAME":"Dolni Labe"}},{"type":"Feature","geometry":{"type":"LineString","coordinates":[[14.050506,50.63043],[14.050397,50.630555],[14.050316,50.630682],[14.050111,50.631032],[14.050043,50.631133]]},"properties":{"ref:isrs":"CZULN01030BER0107686","name":"Berth n. 1 (Vanov Harbour)","FNCTION":"berths_1","BANK":"LB","WW_NAME":"Elbe","RT_NAME":"Dolni Labe"}},{"type":"Feature","geometry":{"type":"LineString","coordinates":[[14.056468,50.6615],[14.057587,50.661782],[14.057913,50.661866]]},"properties":{"ref:isrs":"CZULN01020BER0107645","name":"Pristavni poloha c. 6 (pristav Usti nad Labem - Krasne Brezno - Zapadni pristav)","FNCTION":"berths_3","BANK":"LB","WW_NAME":"Elbe","RT_NAME":"Dolni Labe"}},{"type":"Feature","geometry":{"type":"LineString","coordinates":[[14.058012,50.661891],[14.058358,50.661962],[14.058545,50.661989],[14.05873,50.66201],[14.058975,50.662029],[14.059218,50.662039],[14.059516,50.662038],[14.059551,50.662037]]},"properties":{"ref:isrs":"CZULN01020BER0107644","name":"Pristavni poloha c. 5 (pristav Usti nad Labem - Krasne Brezno - Zapadni pristav)","FNCTION":"berths_3","BANK":"LB","WW_NAME":"Elbe","RT_NAME":"Dolni Labe"}},{"type":"Feature","geometry":{"type":"LineString","coordinates":[[14.059644,50.662034],[14.059758,50.66203],[14.059933,50.662011],[14.060723,50.661875],[14.061155,50.661798]]},"properties":{"ref:isrs":"CZULN01020BER0107643","name":"Pristavni poloha c. 4 (pristav Usti nad Labem - Krasne Brezno - Zapadni pristav)","FNCTION":"berths_3","BANK":"LB","WW_NAME":"Elbe","RT_NAME":"Dolni Labe"}},{"type":"Feature","geometry":{"type":"LineString","coordinates":[[14.061225,50.661786],[14.061288,50.661775],[14.061878,50.661657],[14.06226,50.661564],[14.062685,50.661444]]},"properties":{"ref:isrs":"CZULN01020BER0107642","name":"Pristavni poloha c. 3 (pristav Usti nad Labem - Krasne Brezno - Zapadni pristav)","FNCTION":"berths_3","BANK":"LB","WW_NAME":"Elbe","RT_NAME":"Dolni Labe"}},{"type":"Feature","geometry":{"type":"LineString","coordinates":[[14.06329,50.661273],[14.06329,50.661273],[14.064494,50.660934],[14.064724,50.660893]]},"properties":{"ref:isrs":"CZULN01020BER0107640","name":"Berth n. 2 (Usti nad Labem - Krasne Brezno - Western Harbour)","FNCTION":"berths_1","BANK":"LB","WW_NAME":"Elbe","RT_NAME":"Dolni Labe"}},{"type":"Feature","geometry":{"type":"LineString","coordinates":[[14.064856,50.660869],[14.065143,50.660818],[14.066329,50.660549]]},"properties":{"ref:isrs":"CZULN01020BER0107639","name":"Pristavni poloha c. 1 (pristav Usti nad Labem - Krasne Brezno - Zapadni pristav)","FNCTION":"berths_3","BANK":"LB","WW_NAME":"Elbe","RT_NAME":"Dolni Labe"}},{"type":"Feature","geometry":{"type":"LineString","coordinates":[[14.39018,49.993567],[14.391165,49.99354]]},"properties":{"ref:isrs":"CZPRG03010BER0100010","name":"Berth n. 1 (Radotin Harbour)","FNCTION":"berths_1","BANK":"LB","WW_NAME":"Berounka","RT_NAME":"Berounka","REMARK":"Transhipment berth"}},{"type":"Feature","geometry":{"type":"LineString","coordinates":[[14.391188,49.99354],[14.391991,49.993519],[14.392239,49.993514]]},"properties":{"ref:isrs":"CZPRG03010BER0100009","name":"Berth n. 2 (Radotin Harbour)","FNCTION":"berths_1","BANK":"LB","WW_NAME":"Berounka","RT_NAME":"Berounka","REMARK":"Transhipment berth"}},{"type":"Feature","geometry":{"type":"LineString","coordinates":[[14.392275,49.993513],[14.392535,49.993508],[14.392904,49.993496],[14.393363,49.993485]]},"properties":{"ref:isrs":"CZPRG03010BER0100008","name":"Berth n. 3 (Radotin Harbour)","FNCTION":"berths_1","BANK":"LB","WW_NAME":"Berounka","RT_NAME":"Berounka","REMARK":"Transhipment berth"}},{"type":"Feature","geometry":{"type":"LineString","coordinates":[[14.393415,49.993483],[14.394294,49.993496],[14.394352,49.993497],[14.394639,49.993502]]},"properties":{"ref:isrs":"CZPRG03010BER0100007","name":"Pristavni poloha c. 4 (pristav Radotin)","FNCTION":"berths_3","BANK":"LB","WW_NAME":"Berounka","RT_NAME":"Berounka","REMARK":"Parking berth for small vessels (max. 5 vesells allowed)"}},{"type":"Feature","geometry":{"type":"LineString","coordinates":[[14.394786,49.993587],[14.394954,49.9936],[14.395039,49.993611],[14.39529,49.993655],[14.395562,49.993713],[14.395821,49.993764],[14.395901,49.993787]]},"properties":{"ref:isrs":"CZPRG03010BER0100006","name":"Pristavni poloha c. 5 (pristav Radotin)","FNCTION":"berths_3","BANK":"LB","WW_NAME":"Berounka","RT_NAME":"Berounka","REMARK":"Parking berth"}},{"type":"Feature","geometry":{"type":"LineString","coordinates":[[14.396296,49.993903],[14.396559,49.993981],[14.39686,49.994071],[14.397009,49.994104],[14.397298,49.994184]]},"properties":{"ref:isrs":"CZPRG03010BER0100004","name":"Pristavni poloha c. 6 (pristav Radotin)","FNCTION":"berths_3","BANK":"LB","WW_NAME":"Berounka","RT_NAME":"Berounka","REMARK":"Parking berth"}},{"type":"Feature","geometry":{"type":"LineString","coordinates":[[14.234856,50.886485],[14.235238,50.885986],[14.235443,50.885708],[14.23547,50.885654],[14.23575,50.885257],[14.235796,50.8852]]},"properties":{"ref:isrs":"CZHSA01005BER3107267","name":"vyvaziste Hrensko","FNCTION":"berths_3","BANK":"RB","WW_NAME":"Elbe","RT_NAME":"Dolni Labe","OWN_NAME":"Povodi Labe, statni podnik","REMARK":"bez omezeni, kolma zed"}},{"type":"Feature","geometry":{"type":"LineString","coordinates":[[14.237405,50.881269],[14.237433,50.881173],[14.237486,50.880851],[14.237536,50.88065],[14.237586,50.880266],[14.237592,50.879884],[14.237606,50.87975],[14.237589,50.879503],[14.237535,50.878943],[14.237487,50.87856],[14.237458,50.878362],[14.237381,50.877977],[14.237337,50.877838],[14.237324,50.877775],[14.237268,50.87761],[14.237231,50.877559],[14.237219,50.877542],[14.237205,50.877501],[14.237153,50.877355],[14.237119,50.877199],[14.237063,50.876822],[14.236919,50.876337],[14.23657,50.875377],[14.236496,50.875216]]},"properties":{"ref:isrs":"CZHSA01005BER3107273","name":"vyvaziste Hrensko","FNCTION":"berths_3","BANK":"RB","WW_NAME":"Elbe","RT_NAME":"Dolni Labe","OWN_NAME":"Povodi Labe, statni podnik","REMARK":"bez omezeni, sikmy breh"}},{"type":"Feature","geometry":{"type":"LineString","coordinates":[[14.233296,50.869759],[14.233177,50.869479],[14.232966,50.869132],[14.232777,50.868736],[14.232664,50.86856]]},"properties":{"ref:isrs":"CZHSA01005BER3107286","name":"vyvaziste Hrensko","FNCTION":"berths_3","BANK":"RB","WW_NAME":"Elbe","RT_NAME":"Dolni Labe","OWN_NAME":"Povodi Labe, statni podnik","REMARK":"bez omezeni, sikmy breh"}},{"type":"Feature","geometry":{"type":"LineString","coordinates":[[14.218053,50.845203],[14.218089,50.845138],[14.21822,50.844985],[14.218323,50.844783],[14.218374,50.844654],[14.218481,50.844501],[14.218571,50.844372]]},"properties":{"ref:isrs":"CZHSA01010BER3107317","name":"vyvaziste Hrensko","FNCTION":"berths_3","BANK":"RB","WW_NAME":"Elbe","RT_NAME":"Dolni Labe","OWN_NAME":"Povodi Labe, statni podnik","REMARK":"pouze plavidla provozovatele, sikmy breh"}},{"type":"Feature","geometry":{"type":"LineString","coordinates":[[14.208485,50.783398],[14.208343,50.783236],[14.208042,50.782889],[14.207615,50.782349],[14.207514,50.782212],[14.207346,50.782022],[14.207323,50.781999]]},"properties":{"ref:isrs":"CZDCB01020BER3107403","name":"vyvaziste Decin IV-Podmokly","FNCTION":"berths_3","BANK":"LB","WW_NAME":"Elbe","RT_NAME":"Dolni Labe","OWN_NAME":"Povodi Labe, statni podnik"}},{"type":"Feature","geometry":{"type":"LineString","coordinates":[[14.181636,50.737845],[14.181557,50.737572],[14.18149,50.737184],[14.181454,50.736918]]},"properties":{"ref:isrs":"CZXXX01020BER3107465","name":"vyvaziste Malsovice","FNCTION":"berths_3","BANK":"LB","WW_NAME":"Elbe","RT_NAME":"Dolni Labe","OWN_NAME":"Povodi Labe, statni podnik","REMARK":"pouze plavidla provozovatele"}},{"type":"Feature","geometry":{"type":"LineString","coordinates":[[14.195567,50.70976],[14.19549,50.708921],[14.195461,50.708124],[14.19549,50.707659]]},"properties":{"ref:isrs":"CZDKE01020BER3107497","name":"vyvaziste Dobkovice","FNCTION":"berths_3","BANK":"LB","WW_NAME":"Elbe","RT_NAME":"Dolni Labe","OWN_NAME":"Povodi Labe, statni podnik","REMARK":"bez omezeni, sikmy breh"}},{"type":"Feature","geometry":{"type":"LineString","coordinates":[[14.202273,50.760196],[14.200847,50.759514]]},"properties":{"ref:isrs":"CZDCB01020BER3107433","name":"vyvaziste Decin V-Rozbelesy","FNCTION":"berths_3","BANK":"LB","WW_NAME":"Elbe","RT_NAME":"Dolni Labe","OWN_NAME":"Povodi Labe, statni podnik","REMARK":"ochranna funkce pouze v useku r. km 742,00 - 743,28 smerem do pristavniho bazenu, usek r. km 743,45 - 743,60 neni soucasti vyvaziste, sikmy breh"}},{"type":"Feature","geometry":{"type":"LineString","coordinates":[[14.073248,50.65973],[14.072928,50.659735],[14.07271,50.659739],[14.072365,50.659744],[14.072193,50.659753],[14.071845,50.659767],[14.071519,50.659801],[14.071432,50.659812],[14.071286,50.659823],[14.071045,50.659835],[14.070805,50.659861],[14.070522,50.659887],[14.070387,50.659901],[14.070128,50.659917],[14.070025,50.659926],[14.069799,50.659952],[14.069504,50.659986],[14.069142,50.660033],[14.068878,50.660063],[14.068804,50.66007],[14.068587,50.6601],[14.068464,50.660114],[14.068227,50.660159],[14.068026,50.660184],[14.06792,50.660198],[14.067801,50.660217]]},"properties":{"ref:isrs":"CZULN01020BER3107633","name":"vyvaziste Krasne Brezno","FNCTION":"berths_3","BANK":"LB","WW_NAME":"Elbe","RT_NAME":"Dolni Labe","OWN_NAME":"Povodi Labe, statni podnik","REMARK":"bez omezeni, sikmy breh"}},{"type":"Feature","geometry":{"type":"LineString","coordinates":[[14.198894,50.758684],[14.19883,50.758656],[14.196935,50.757817],[14.196878,50.757791],[14.195946,50.757369],[14.195286,50.757069],[14.193198,50.756141]]},"properties":{"ref:isrs":"CZDCB01020BER3107436","name":"vyvaziste Decin V-Rozbelesy","FNCTION":"berths_3","BANK":"LB","WW_NAME":"Elbe","RT_NAME":"Dolni Labe","OWN_NAME":"Povodi Labe, statni podnik","REMARK":"ochranna funkce pouze v useku r. km 742,00 - 743,28 smerem do pristavniho bazenu, usek r. km 743,45 - 743,60 neni soucasti vyvaziste, sikmy breh"}},{"type":"Feature","geometry":{"type":"LineString","coordinates":[[14.211765,50.770462],[14.212143,50.769723]]},"properties":{"ref:isrs":"CZDCB01020BER3307419","name":"vyvaziste Decin III-Stare Mesto","FNCTION":"berths_3","BANK":"RB","WW_NAME":"Elbe","RT_NAME":"Dolni Labe","OWN_NAME":"Povodi Labe, statni podnik","REMARK":"bez omezeni, kolma zed"}},{"type":"Feature","geometry":{"type":"LineString","coordinates":[[14.196345,50.691224],[14.194571,50.690003],[14.193474,50.689323]]},"properties":{"ref:isrs":"CZXXX01020BER3107521","name":"vyvaziste Roztoky","FNCTION":"berths_3","BANK":"LB","WW_NAME":"Elbe","RT_NAME":"Dolni Labe","OWN_NAME":"Povodi Labe, statni podnik","REMARK":"bez omezeni, sikmy breh"}},{"type":"Feature","geometry":{"type":"LineString","coordinates":[[14.063946,50.660466],[14.063826,50.66048],[14.06345,50.66052],[14.062965,50.660575],[14.062329,50.660633],[14.061893,50.66067],[14.061464,50.6607],[14.061173,50.660726],[14.060805,50.660761],[14.060594,50.660765],[14.05996,50.660817],[14.059522,50.660843],[14.05905,50.66088],[14.058627,50.6609],[14.058333,50.66092],[14.057575,50.660952]]},"properties":{"ref:isrs":"CZULN01020BER3107640","name":"vyvaziste Krasne Brezno","FNCTION":"berths_3","BANK":"LB","WW_NAME":"Elbe","RT_NAME":"Dolni Labe","OWN_NAME":"Povodi Labe, statni podnik","REMARK":"v useku r. km 764,44 - 764,34 pouze pro zaplynovana plavidla"}},{"type":"Feature","geometry":{"type":"LineString","coordinates":[[14.034528,50.560868],[14.034556,50.560784],[14.034573,50.560733],[14.034594,50.560591],[14.034654,50.560308],[14.03475,50.559743],[14.03475,50.559742],[14.034762,50.559679],[14.034896,50.558976],[14.034965,50.558616],[14.035001,50.558485],[14.035044,50.55833],[14.035077,50.558233],[14.035138,50.558047],[14.035165,50.557972],[14.035308,50.557576],[14.035337,50.557496],[14.035442,50.557267],[14.035589,50.556942],[14.035619,50.556871],[14.035787,50.556523],[14.035798,50.556468],[14.035796,50.556366]]},"properties":{"ref:isrs":"CZXXX01030BER3107797","name":"vyvaziste Litochovice nad Labem","FNCTION":"berths_3","BANK":"LB","WW_NAME":"Elbe","RT_NAME":"Dolni Labe","OWN_NAME":"Povodi Labe, statni podnik","REMARK":"bez omezeni, sikmy breh"}},{"type":"Feature","geometry":{"type":"LineString","coordinates":[[14.129544,50.5284],[14.130564,50.528432],[14.131223,50.528438]]},"properties":{"ref:isrs":"CZLTC01040BER3107920","name":"vyvaziste Predmesti","FNCTION":"berths_3","BANK":"LB","WW_NAME":"Elbe","RT_NAME":"Dolni Labe","OWN_NAME":"Povodi Labe, statni podnik","REMARK":"bez omezeni, sikmy breh"}},{"type":"Feature","geometry":{"type":"LineString","coordinates":[[14.233523,50.479978],[14.233449,50.47974],[14.233374,50.479493],[14.233086,50.478765],[14.232981,50.478474]]},"properties":{"ref:isrs":"CZXXX01040BER3108031","name":"vyvaziste Libotenice","FNCTION":"berths_3","BANK":"LB","WW_NAME":"Elbe","RT_NAME":"Dolni Labe","OWN_NAME":"Povodi Labe, statni podnik","REMARK":"bez omezeni, sikmy breh"}},{"type":"Feature","geometry":{"type":"LineString","coordinates":[[14.36398,50.460799],[14.364017,50.460731],[14.364192,50.460404],[14.364252,50.460294],[14.364471,50.459868],[14.364689,50.459431],[14.364927,50.45892],[14.364943,50.458872],[14.365267,50.458162],[14.36535,50.45797],[14.365508,50.457601],[14.365577,50.457417],[14.365588,50.457384]]},"properties":{"ref:isrs":"CZSTT01040BER3108210","name":"vyvaziste Hnevice","FNCTION":"berths_3","BANK":"LB","WW_NAME":"Elbe","RT_NAME":"Dolni Labe","OWN_NAME":"Povodi Labe, statni podnik","REMARK":"bez omezeni, sikmy breh"}},{"type":"Feature","geometry":{"type":"LineString","coordinates":[[14.118554,50.673077],[14.118503,50.673057],[14.11844,50.67302],[14.118403,50.672976],[14.118326,50.672879],[14.118227,50.672805],[14.118155,50.672763],[14.118065,50.672733],[14.118014,50.672712],[14.117973,50.672689],[14.117915,50.672643],[14.117866,50.672587],[14.117826,50.672534],[14.117775,50.672434],[14.117738,50.672358],[14.117541,50.672088],[14.117385,50.67186],[14.117246,50.671669],[14.116966,50.671219],[14.116896,50.671134],[14.116725,50.670949],[14.116514,50.670769],[14.116346,50.670653],[14.115389,50.670047],[14.115275,50.669968],[14.11492,50.66972],[14.114747,50.669627],[14.114549,50.669532],[14.11428,50.669408],[14.114075,50.669308],[14.113688,50.669136],[14.113339,50.668983],[14.112762,50.668745],[14.112419,50.668601],[14.112189,50.668506],[14.111761,50.668339],[14.111261,50.668146],[14.111075,50.668071],[14.110575,50.667891]]},"properties":{"ref:isrs":"CZLKE01020BER3107597","name":"vyvaziste Valtirov","FNCTION":"berths_3","BANK":"RB","WW_NAME":"Elbe","RT_NAME":"Dolni Labe","OWN_NAME":"Povodi Labe, statni podnik","REMARK":"pouze plavidla provozovatele, sikmy breh"}},{"type":"Feature","geometry":{"type":"LineString","coordinates":[[14.050454,50.630492],[14.050506,50.63043],[14.050567,50.630296],[14.050682,50.63009],[14.05073,50.630019],[14.05075,50.629972],[14.050799,50.629868],[14.050915,50.629589],[14.050939,50.629538],[14.051025,50.62931],[14.051139,50.629035],[14.051182,50.628905],[14.05134,50.62859],[14.05136,50.628537],[14.051476,50.628325],[14.051549,50.628204],[14.05163,50.628078],[14.051672,50.628018],[14.051715,50.627942],[14.051819,50.627827],[14.051889,50.627728],[14.052045,50.627562],[14.052197,50.627428],[14.052381,50.627263]]},"properties":{"ref:isrs":"CZULN01030BER3107686","name":"vyvaziste Vanov","FNCTION":"berths_3","BANK":"LB","WW_NAME":"Elbe","RT_NAME":"Dolni Labe","OWN_NAME":"Povodi Labe, statni podnik","REMARK":"bez omezeni, sikmy breh"}},{"type":"Feature","geometry":{"type":"LineString","coordinates":[[14.193654,50.523616],[14.194511,50.523504],[14.196864,50.523194],[14.197677,50.523099],[14.197795,50.523082]]},"properties":{"ref:isrs":"CZUTN01040BER3107967","name":"vyvaziste Pocaply","FNCTION":"berths_3","BANK":"LB","WW_NAME":"Elbe","RT_NAME":"Dolni Labe","OWN_NAME":"Povodi Labe, statni podnik","REMARK":"bez omezeni, sikmy breh"}},{"type":"Feature","geometry":{"type":"LineString","coordinates":[[14.26854,50.426735],[14.268784,50.426752],[14.270419,50.426893],[14.270576,50.426912],[14.27171,50.427058],[14.273764,50.427362],[14.274749,50.427534],[14.275432,50.427659],[14.275766,50.427735],[14.27623,50.427846],[14.276433,50.4279]]},"properties":{"ref:isrs":"CZRNL01040BER3108105","name":"vyvaziste Roudnice nad Labem","FNCTION":"berths_3","BANK":"LB","WW_NAME":"Elbe","RT_NAME":"Dolni Labe","OWN_NAME":"Povodi Labe, statni podnik","REMARK":"bez omezeni, sikmy breh"}},{"type":"Feature","geometry":{"type":"LineString","coordinates":[[14.23545,50.80618],[14.235795,50.805695],[14.235882,50.805541],[14.236234,50.805042],[14.236411,50.804747],[14.236644,50.804279],[14.236841,50.803786],[14.236885,50.803645],[14.237008,50.80328],[14.237131,50.802901],[14.237295,50.802218]]},"properties":{"ref:isrs":"CZDCB01020BER3107367","name":"vyvaziste Decin XV-Prostredni Zleb","FNCTION":"berths_3","BANK":"RB","WW_NAME":"Elbe","RT_NAME":"Dolni Labe","OWN_NAME":"Povodi Labe, statni podnik","REMARK":"pouze plavidla provozovatele, sikmy breh"}},{"type":"Feature","geometry":{"type":"LineString","coordinates":[[14.048735,50.638451],[14.049022,50.637675]]},"properties":{"ref:isrs":"CZULN01030BER3107677","name":"vyvaziste Strekov","FNCTION":"berths_3","BANK":"RB","WW_NAME":"Elbe","RT_NAME":"Dolni Labe","OWN_NAME":"Povodi Labe, statni podnik","REMARK":"pouze plavidla provozovatele, kolma zed horniho kanalu velke PK"}},{"type":"Feature","geometry":{"type":"LineString","coordinates":[[14.055757,50.62801],[14.055783,50.628005],[14.056331,50.627944],[14.057388,50.627835],[14.057861,50.627782],[14.058013,50.627765],[14.058033,50.627764]]},"properties":{"ref:isrs":"CZULN01030BER3107692","name":"vyvaziste Strekov","FNCTION":"berths_3","BANK":"RB","WW_NAME":"Elbe","RT_NAME":"Dolni Labe","OWN_NAME":"Yacht club Usti nad Labem z.s.","REMARK":"Dle pokynu provozovatele"}},{"type":"Feature","geometry":{"type":"LineString","coordinates":[[14.077351,50.617412],[14.077388,50.617406],[14.077395,50.617403],[14.077356,50.617401],[14.077411,50.6173],[14.077488,50.6171],[14.077517,50.616999],[14.077521,50.616968]]},"properties":{"ref:isrs":"CZULN01030BER3207711","name":"vyvaziste Brna","FNCTION":"berths_3","BANK":"RB","WW_NAME":"Elbe","RT_NAME":"Dolni Labe","OWN_NAME":"POLICIE CR","REMARK":"pouze sluzebni plavidla provozovatele, 3 x pl. zarizeni, pevne molo"}},{"type":"Feature","geometry":{"type":"LineString","coordinates":[[14.034919,50.59079],[14.034848,50.590738],[14.034637,50.590583],[14.034537,50.590503],[14.034525,50.590493],[14.034499,50.590464],[14.034483,50.590431]]},"properties":{"ref:isrs":"CZULN01030BER3107761","name":"vyvaziste Cirkvice","FNCTION":"berths_3","BANK":"RB","WW_NAME":"Elbe","RT_NAME":"Dolni Labe","OWN_NAME":"Severocesky namorni jachting Usti nad Labem z.s.","REMARK":"dle pokynu provozovatele, dve plovouci  zazizeni - mola a jedno pevne molo"}},{"type":"Feature","geometry":{"type":"LineString","coordinates":[[14.061121,50.541612],[14.061369,50.541083]]},"properties":{"ref:isrs":"CZXXX01030BER3107829","name":"vyvaziste Velke Zernoseky","FNCTION":"berths_3","BANK":"RB","WW_NAME":"Elbe","RT_NAME":"Dolni Labe","OWN_NAME":"KVM Decin","REMARK":"dle pokynu provozovatele, tri plovouci mola"}},{"type":"Feature","geometry":{"type":"LineString","coordinates":[[14.076797,50.515511],[14.076762,50.51556],[14.076633,50.515547],[14.076056,50.515579],[14.076018,50.515581],[14.075784,50.515604],[14.075784,50.515604]]},"properties":{"ref:isrs":"CZLVC01036BER3107877","name":"vyvaziste Lovosice","FNCTION":"berths_3","BANK":"LB","WW_NAME":"Elbe","RT_NAME":"Dolni Labe","OWN_NAME":"Povodi Labe, statni podnik","REMARK":"pouze plavidla provozovate, v uzavrene vodni plose nad jezem Lovosice, bez plavebni signalizace, dalby"}},{"type":"Feature","geometry":{"type":"LineString","coordinates":[[14.108634,50.528537],[14.108774,50.528585],[14.109111,50.528744],[14.109234,50.528811]]},"properties":{"ref:isrs":"CZLTC01040BER3107906","name":"vyvaziste Predmesti","FNCTION":"berths_3","BANK":"RB","WW_NAME":"Elbe","RT_NAME":"Dolni Labe","OWN_NAME":"Povodi Labe, statni podnik","REMARK":"pouze plavidla provozovatele, kolma zed"}},{"type":"Feature","geometry":{"type":"LineString","coordinates":[[14.175562,50.526379],[14.175726,50.526344],[14.175843,50.526319]]},"properties":{"ref:isrs":"CZCKP01040BER3107954","name":"vyvaziste Ceske Kopisty","FNCTION":"berths_3","BANK":"LB","WW_NAME":"Elbe","RT_NAME":"Dolni Labe","OWN_NAME":"Povodi Labe, statni podnik","REMARK":"pouze plavidla provozovate, v uzavrene vodni plose pod jezem Ceske Kopisty, bez plavebni signalizace, dalby"}},{"type":"Feature","geometry":{"type":"LineString","coordinates":[[14.249763,50.429597],[14.250201,50.429394],[14.250398,50.429296],[14.250478,50.429259],[14.25073,50.42916],[14.250854,50.429118],[14.250956,50.429085],[14.251111,50.429045],[14.251265,50.429007],[14.251825,50.428897]]},"properties":{"ref:isrs":"CZRNL01040BER3108089","name":"vyvaziste Roudnice nad Labem","FNCTION":"berths_3","BANK":"RB","WW_NAME":"Elbe","RT_NAME":"Dolni Labe","OWN_NAME":"Povodi Labe, statni podnik","REMARK":"pouze plavidla provozovatele, kolma zed v hornim plavebnim kanale PK"}},{"type":"Feature","geometry":{"type":"LineString","coordinates":[[14.254643,50.428433],[14.256015,50.42814],[14.256493,50.428059],[14.256482,50.428023],[14.256481,50.428021],[14.256616,50.427993]]},"properties":{"ref:isrs":"CZRNL01040BER3108095","name":"vyvaziste Roudnice nad Labem","FNCTION":"berths_3","BANK":"RB","WW_NAME":"Elbe","RT_NAME":"Dolni Labe","OWN_NAME":"Povodi Labe, statni podnik","REMARK":"pouze plavidla provozovatele, dalby v hornim plavebnim kanale PK"}},{"type":"Feature","geometry":{"type":"LineString","coordinates":[[14.268851,50.428264],[14.270013,50.428368],[14.27068,50.42844],[14.270697,50.428442]]},"properties":{"ref:isrs":"CZXXX01040BER3108103","name":"vyvaziste Vedomice","FNCTION":"berths_3","BANK":"RB","WW_NAME":"Elbe","RT_NAME":"Dolni Labe","OWN_NAME":"YCR - Jachting Roudnice nad Labem","REMARK":"dle pokynu provozovatele, pouze pro mala plavidla, tri pevna mola"}},{"type":"Feature","geometry":{"type":"LineString","coordinates":[[14.251058,50.428407],[14.251492,50.428306],[14.252,50.428213]]},"properties":{"ref:isrs":"CZRNL01040BER3108091","name":"vyvaziste Roudnice nad Labem","FNCTION":"berths_3","BANK":"LB","WW_NAME":"Elbe","RT_NAME":"Dolni Labe","OWN_NAME":"Povodi Labe, statni podnik","REMARK":"pouze pro PL, vysokovodni kruhy"}},{"type":"Feature","geometry":{"type":"LineString","coordinates":[[14.289163,50.448936],[14.289203,50.449003],[14.289245,50.449129],[14.289307,50.449275],[14.289441,50.449787],[14.28952,50.449855],[14.289536,50.449906],[14.28947,50.450113],[14.289487,50.450211],[14.289473,50.45038],[14.289469,50.450429]]},"properties":{"ref:isrs":"CZXXX01040BER3108135","name":"vyvaziste Kyskovice","FNCTION":"berths_3","BANK":"RB","WW_NAME":"Elbe","RT_NAME":"Dolni Labe","OWN_NAME":"Povodi Labe, statni podnik","REMARK":"pouze plavidla provozovatele, sikmy breh"}},{"type":"Feature","geometry":{"type":"LineString","coordinates":[[14.345001,50.473186],[14.345785,50.472938]]},"properties":{"ref:isrs":"CZRAC01040BER3108190","name":"vyvaziste Racice","FNCTION":"berths_3","BANK":"LB","WW_NAME":"Elbe","RT_NAME":"Dolni Labe","OWN_NAME":"Povodi Labe, statni podnik","REMARK":"pouze plavidla provozovate, v uzavrene vodni plose nad jezem Steti, bez plavebni signalizace, dalby"}},{"type":"Feature","geometry":{"type":"LineString","coordinates":[[14.36707,50.459253],[14.367231,50.45896],[14.36732,50.458723],[14.36743,50.45852]]},"properties":{"ref:isrs":"CZSTT01040BER3108212","name":"vyvaziste Steti","FNCTION":"berths_3","BANK":"RB","WW_NAME":"Elbe","RT_NAME":"Dolni Labe","OWN_NAME":"Povodi Labe, statni podnik","REMARK":"pouze plavidla provozovatele, sikmy breh"}},{"type":"Feature","geometry":{"type":"LineString","coordinates":[[14.074063,50.514459],[14.074396,50.514535],[14.074557,50.514573],[14.07475,50.514586]]},"properties":{"ref:isrs":"CZLVC01036BER3107876","name":"vyvaziste Lovosice","FNCTION":"berths_3","BANK":"LB","WW_NAME":"Elbe","RT_NAME":"Dolni Labe","OWN_NAME":"Povodi Labe, statni podnik","REMARK":"pouze plavidla provozovate, za svodidly horniho kanalu male PK"}},{"type":"Feature","geometry":{"type":"LineString","coordinates":[[14.450914,50.398282],[14.451387,50.398054],[14.451926,50.397788],[14.452522,50.397485],[14.452852,50.397311],[14.453196,50.397116],[14.453562,50.39688],[14.453814,50.396708],[14.453928,50.396631]]},"properties":{"ref:isrs":"CZBBE01040BER3108308","name":"vyvaziste Dolni Berkovice","FNCTION":"berths_3","BANK":"LB","WW_NAME":"Elbe","RT_NAME":"Dolni Labe","OWN_NAME":"Povodi Labe, statni podnik","REMARK":"bez omezeni"}},{"type":"Feature","geometry":{"type":"LineString","coordinates":[[14.843039,50.181163],[14.843225,50.181161],[14.845315,50.181124],[14.846457,50.181097],[14.846822,50.181085],[14.847379,50.181057],[14.847817,50.181024],[14.84815,50.180983],[14.848568,50.180922],[14.848984,50.180863],[14.84934,50.180807],[14.849649,50.180765],[14.84978,50.180732],[14.850497,50.180496],[14.850757,50.18043],[14.850891,50.1804]]},"properties":{"ref:isrs":"CZLYL01060BER3108794","name":"vyvaziste Litol","FNCTION":"berths_3","BANK":"RB","WW_NAME":"Elbe","RT_NAME":"Stredni Labe","OWN_NAME":"Povodi Labe, statni podnik","REMARK":"bez omezeni"}},{"type":"Feature","geometry":{"type":"LineString","coordinates":[[15.702583,50.041953],[15.702688,50.042],[15.702707,50.042038],[15.703062,50.042212],[15.703968,50.04274]]},"properties":{"ref:isrs":"CZRBV01080BER3109617","name":"vyvaziste Rybitvi","FNCTION":"berths_3","BANK":"RB","WW_NAME":"Elbe","RT_NAME":"Stredni Labe","OWN_NAME":"Povodi Labe, statni podnik","REMARK":"bez omezeni"}},{"type":"Feature","geometry":{"type":"LineString","coordinates":[[15.502835,50.039968],[15.503324,50.039992],[15.50366,50.040013],[15.503743,50.04002],[15.504194,50.04005],[15.50439,50.040065]]},"properties":{"ref:isrs":"CZXXX01070BER3109454","name":"vyvaziste Semin","FNCTION":"berths_3","BANK":"LB","WW_NAME":"Elbe","RT_NAME":"Stredni Labe","OWN_NAME":"Povodi Labe, statni podnik","REMARK":"bez omezeni"}},{"type":"Feature","geometry":{"type":"LineString","coordinates":[[15.526484,50.046431],[15.526724,50.046538],[15.527032,50.046693],[15.527322,50.046812],[15.52744,50.046861],[15.52774,50.047007],[15.527763,50.047019]]},"properties":{"ref:isrs":"CZPLC01070BER3109475","name":"vyvaziste Prelouc","FNCTION":"berths_3","BANK":"LB","WW_NAME":"Elbe","RT_NAME":"Stredni Labe","OWN_NAME":"Povodi Labe, statni podnik"}},{"type":"Feature","geometry":{"type":"LineString","coordinates":[[14.233682,50.46306],[14.233706,50.46301],[14.233726,50.462949],[14.233742,50.462893]]},"properties":{"ref:isrs":"CZHRC01040BER3108050","name":"vyvaziste Hrobce","FNCTION":"berths_3","BANK":"LB","WW_NAME":"Elbe","RT_NAME":"Dolni Labe","OWN_NAME":"Matek Lubos","REMARK":"dve mola"}},{"type":"Feature","geometry":{"type":"LineString","coordinates":[[14.663712,50.19179],[14.663725,50.191782],[14.664318,50.191365],[14.664737,50.19104],[14.664805,50.190987],[14.665181,50.190655],[14.66607,50.189959],[14.666467,50.189693],[14.666867,50.189446]]},"properties":{"ref:isrs":"CZSBO01050BER3108647","name":"vyvaziste Stara Boleslav","FNCTION":"berths_3","BANK":"RB","WW_NAME":"Elbe","RT_NAME":"Stredni Labe","OWN_NAME":"Klub vodniho motorismu Kotva z.s.","REMARK":"pro plavidla provozovatele"}},{"type":"Feature","geometry":{"type":"LineString","coordinates":[[14.756953,50.169289],[14.757717,50.169554],[14.75785,50.169617],[14.758032,50.169681],[14.758208,50.16974]]},"properties":{"ref:isrs":"CZCLK01060BER3108726","name":"vyvaziste Celakovice","FNCTION":"berths_3","BANK":"LB","WW_NAME":"Elbe","RT_NAME":"Stredni Labe","OWN_NAME":"1. Celakovicky klub vodnich sportu, z.s."}},{"type":"Feature","geometry":{"type":"LineString","coordinates":[[14.857011,50.175377],[14.857198,50.175265],[14.85733,50.175189],[14.857561,50.175051]]},"properties":{"ref:isrs":"CZLYL01060BER3108806","name":"vyvaziste Litol","FNCTION":"berths_3","BANK":"LB","WW_NAME":"Elbe","RT_NAME":"Stredni Labe","OWN_NAME":"Veslarsky klub Lysa nad Labem z.s."}},{"type":"Feature","geometry":{"type":"LineString","coordinates":[[15.039579,50.182991],[15.039965,50.18317],[15.040073,50.183213]]},"properties":{"ref:isrs":"CZNMB01060BER3108958","name":"vyvaziste Nymburk","FNCTION":"berths_3","BANK":"RB","WW_NAME":"Elbe","RT_NAME":"Stredni Labe","OWN_NAME":"POLICIE CR"}},{"type":"Feature","geometry":{"type":"LineString","coordinates":[[15.346299,50.034622],[15.346536,50.034723],[15.347343,50.035068],[15.347482,50.03514],[15.347573,50.035179],[15.347596,50.035193],[15.347714,50.035246],[15.34831,50.03553],[15.348606,50.035657],[15.348741,50.035716]]},"properties":{"ref:isrs":"CZTYL01060BER3109324","name":"vyvaziste Tynec nad Labem","FNCTION":"berths_3","BANK":"LB","WW_NAME":"Elbe","RT_NAME":"Stredni Labe","OWN_NAME":"MARINA - LODE A KARAVANY s.r.o."}},{"type":"Feature","geometry":{"type":"LineString","coordinates":[[14.409609,50.075175],[14.409609,50.075175],[14.409641,50.075113],[14.409756,50.07489],[14.409933,50.074559]]},"properties":{"ref:isrs":"CZSMO02030BER3100544","name":"vyvaziste Smichov","FNCTION":"berths_3","BANK":"LB","WW_NAME":"Vltava","RT_NAME":"Dolni Vltava","OWN_NAME":"Veslarsky klub Slavia Praha","REMARK":"pouze plavidla provozovatele"}},{"type":"Feature","geometry":{"type":"LineString","coordinates":[[14.417897,50.059123],[14.418105,50.058904],[14.418281,50.058675],[14.418449,50.058363],[14.41847,50.058329],[14.418653,50.057834],[14.418675,50.057728],[14.418685,50.05766]]},"properties":{"ref:isrs":"CZPRG02030BER3100563","name":"vyvaziste Podoli","FNCTION":"berths_3","BANK":"RB","WW_NAME":"Vltava","RT_NAME":"Dolni Vltava","OWN_NAME":"Povodi Vltavy, statni podnik","REMARK":"pro 40 plavidel"}},{"type":"Feature","geometry":{"type":"LineString","coordinates":[[14.411384,50.050061],[14.41128,50.049847],[14.410989,50.048992],[14.410937,50.048844]]},"properties":{"ref:isrs":"CZPRG02030BER3100573","name":"vyvaziste Hlubocepy","FNCTION":"berths_3","BANK":"LB","WW_NAME":"Vltava","RT_NAME":"Dolni Vltava","OWN_NAME":"Veslarsky klub Smichov","REMARK":"pouze pro plavidla clenu veslarskeho klubu"}},{"type":"Feature","geometry":{"type":"LineString","coordinates":[[14.413664,50.049844],[14.413504,50.049592],[14.413369,50.049346],[14.412946,50.048367],[14.412655,50.04762]]},"properties":{"ref:isrs":"CZPRG02030BER3200573","name":"vyvaziste Podoli","FNCTION":"berths_3","BANK":"RB","WW_NAME":"Vltava","RT_NAME":"Dolni Vltava","OWN_NAME":"Povodi Vltavy, statni podnik","REMARK":"dle pokynu provozovatele"}},{"type":"Feature","geometry":{"type":"LineString","coordinates":[[14.373192,49.935906],[14.373091,49.935801],[14.372634,49.93524],[14.372582,49.935177],[14.372486,49.935022],[14.372402,49.934852],[14.372349,49.934713]]},"properties":{"ref:isrs":"CZVRN02050BER3100718","name":"vyvaziste Vrane nad Vltavou","FNCTION":"berths_3","BANK":"RB","WW_NAME":"Vltava","RT_NAME":"Dolni Vltava","OWN_NAME":"Povodi Vltavy, statni podnik","REMARK":"pro stani 10 malych plavidel"}},{"type":"Feature","geometry":{"type":"LineString","coordinates":[[14.372812,49.927363],[14.372841,49.92733],[14.372898,49.927269],[14.372921,49.927228],[14.372961,49.927108],[14.372947,49.927093],[14.372913,49.927079],[14.372836,49.927055],[14.372777,49.927029],[14.372768,49.92699],[14.372841,49.926796]]},"properties":{"ref:isrs":"CZVRN02050BER3100729","name":"vyvaziste Vrane nad Vltavou","FNCTION":"berths_3","BANK":"RB","WW_NAME":"Vltava","RT_NAME":"Dolni Vltava","OWN_NAME":"Povodi Vltavy, statni podnik","REMARK":"pro stani 10 malych plavidel"}},{"type":"Feature","geometry":{"type":"LineString","coordinates":[[14.381421,49.912532],[14.381468,49.912514],[14.382231,49.912217],[14.38291,49.911962],[14.383022,49.911924],[14.383119,49.911892],[14.383232,49.911855],[14.38377,49.911647]]},"properties":{"ref:isrs":"CZXXX02050BER3100746","name":"vyvaziste Mechenice","FNCTION":"berths_3","BANK":"LB","WW_NAME":"Vltava","RT_NAME":"Dolni Vltava","OWN_NAME":"Povodi Vltavy, statni podnik","REMARK":"pro stani 15 plavidel"}},{"type":"Feature","geometry":{"type":"LineString","coordinates":[[14.400974,49.890603],[14.400977,49.890592],[14.400746,49.890407],[14.400444,49.890188],[14.400133,49.890021],[14.399556,49.889709],[14.399458,49.889662]]},"properties":{"ref:isrs":"CZDAV02050BER3100778","name":"vyvaziste Davle","FNCTION":"berths_3","BANK":"LB","WW_NAME":"Vltava","RT_NAME":"Dolni Vltava","OWN_NAME":"Povodi Vltavy, statni podnik","REMARK":"pro stani 15 plavidel"}},{"type":"Feature","geometry":{"type":"LineString","coordinates":[[14.389603,49.879318],[14.389647,49.879226],[14.389716,49.879056],[14.389751,49.878995],[14.389828,49.878897],[14.390027,49.878541],[14.390074,49.878442],[14.390154,49.878249],[14.390183,49.878172],[14.390231,49.878043],[14.390788,49.876738],[14.390953,49.876372],[14.391122,49.875945]]},"properties":{"ref:isrs":"CZDAV02050BER3100795","name":"vyvaziste Davle","FNCTION":"berths_3","BANK":"LB","WW_NAME":"Vltava","RT_NAME":"Dolni Vltava","OWN_NAME":"Povodi Vltavy, statni podnik","REMARK":"pro stani 20 plavidel"}},{"type":"Feature","geometry":{"type":"LineString","coordinates":[[14.386356,50.428168],[14.386633,50.428011],[14.387059,50.427786],[14.387259,50.427678]]},"properties":{"ref:isrs":"CZSHY01040BER3108250","name":"vyvaziste Horni Pocaply","FNCTION":"berths_3","BANK":"LB","WW_NAME":"Elbe","RT_NAME":"Dolni Labe","OWN_NAME":"Povodi Labe, statni podnik"}},{"type":"Feature","geometry":{"type":"LineString","coordinates":[[14.490131,50.328176],[14.490206,50.328296],[14.490214,50.328308],[14.490316,50.328464],[14.490405,50.328614],[14.49044,50.328672],[14.490652,50.329009],[14.490652,50.329009],[14.490652,50.329009]]},"properties":{"ref:isrs":"CZXXX01050BER3108399","name":"vyvaziste Kly","FNCTION":"berths_3","BANK":"RB","WW_NAME":"Elbe","RT_NAME":"Stredni Labe","OWN_NAME":"Povodi Labe, s.p."}},{"type":"Feature","geometry":{"type":"LineString","coordinates":[[14.427793,50.413116],[14.428317,50.412788],[14.428885,50.412433],[14.429265,50.412194],[14.429859,50.411823],[14.430432,50.411454],[14.430742,50.411258]]},"properties":{"ref:isrs":"CZSHY01040BER3108285","name":"vyvaziste Krivenice","FNCTION":"berths_3","BANK":"LB","WW_NAME":"Elbe","RT_NAME":"Dolni Labe","OWN_NAME":"Povodi Labe, statni podnik"}},{"type":"Feature","geometry":{"type":"LineString","coordinates":[[14.444806,50.401674],[14.444842,50.401672],[14.445166,50.401426],[14.445319,50.401309],[14.445377,50.401267],[14.445481,50.401209]]},"properties":{"ref:isrs":"CZBBE01040BER3108302","name":"vyvaziste Krivenice","FNCTION":"berths_3","BANK":"LB","WW_NAME":"Elbe","RT_NAME":"Dolni Labe","OWN_NAME":"Povodi Labe, statni podnik"}},{"type":"Feature","geometry":{"type":"LineString","coordinates":[[14.560953,50.235746],[14.562033,50.235442],[14.562316,50.235355],[14.563424,50.235064],[14.563506,50.235046]]},"properties":{"ref:isrs":"CZKSL01050BER3108546","name":"vyvaziste Jirice","FNCTION":"berths_3","BANK":"LB","WW_NAME":"Elbe","RT_NAME":"Stredni Labe","OWN_NAME":"Povodi Labe, statni podnik"}},{"type":"Feature","geometry":{"type":"LineString","coordinates":[[14.251983,50.428866],[14.253988,50.428471]]},"properties":{"ref:isrs":"CZRNL01040BER3208091","name":"vyvaziste Roudnice nad Labem","FNCTION":"berths_3","BANK":"RB","WW_NAME":"Elbe","RT_NAME":"Dolni Labe","OWN_NAME":"Povodi Labe, statni podnik","REMARK":"pouze pro PL, vysokovodni kruhy"}},{"type":"Feature","geometry":{"type":"LineString","coordinates":[[14.068277,50.625242],[14.068359,50.62522],[14.068555,50.625185],[14.068709,50.625158],[14.069414,50.625012],[14.070117,50.624869]]},"properties":{"ref:isrs":"CZULN01030BER3107701","name":"vyvaziste Brna","FNCTION":"berths_3","BANK":"RB","WW_NAME":"Elbe","RT_NAME":"Dolni Labe","OWN_NAME":"Klub vodnich motoristu Brna","REMARK":"dle pokynu provozovatele, dve plovouci zarizeni - mola"}},{"type":"Feature","geometry":{"type":"LineString","coordinates":[[14.06096,50.541988],[14.061069,50.541723],[14.061121,50.541612]]},"properties":{"ref:isrs":"CZXXX01030BER3107828","name":"vyvaziste Velke Zernoseky","FNCTION":"berths_3","BANK":"RB","WW_NAME":"Elbe","RT_NAME":"Dolni Labe","OWN_NAME":"Sdruzeni vodnich motoristu Velke Zernoseky","REMARK":"dle pokynu provozovatele, dve plovouci mola"}},{"type":"Feature","geometry":{"type":"LineString","coordinates":[[14.233303,50.793601],[14.233183,50.793503],[14.232789,50.793156],[14.232556,50.792987]]},"properties":{"ref:isrs":"CZDCB01020BER3107381","name":"Prostredni Zleb","FNCTION":"berths_3","BANK":"LB","WW_NAME":"Elbe","RT_NAME":"Dolni Labe","OWN_NAME":"Reditelstvi vodnich cest CR","REMARK":"dle pokynu provozovatele, dalby"}},{"type":"Feature","geometry":{"type":"LineString","coordinates":[[14.210472,50.769909],[14.210448,50.769856],[14.210448,50.769383],[14.210444,50.768946],[14.210442,50.768708],[14.210423,50.768336],[14.210366,50.767941],[14.210348,50.767877],[14.210311,50.767609],[14.210207,50.767317],[14.21008,50.767076],[14.209935,50.766843],[14.209606,50.766391],[14.209341,50.766077],[14.209142,50.765847],[14.208853,50.765543],[14.208565,50.765252],[14.208167,50.764861],[14.207785,50.764496],[14.207431,50.764179],[14.20712,50.763902],[14.206481,50.763402],[14.205774,50.762923],[14.205427,50.762683],[14.205157,50.762493],[14.205093,50.762504],[14.2049,50.762284],[14.204711,50.762165],[14.204354,50.762049],[14.204371,50.762001],[14.203647,50.761583],[14.203104,50.761273],[14.202687,50.761051],[14.202465,50.761002],[14.202256,50.760992],[14.202008,50.761017],[14.20181,50.761071],[14.201717,50.76113],[14.201647,50.761101],[14.201644,50.761103],[14.201717,50.76113],[14.201647,50.761101],[14.201645,50.7611]]},"properties":{"ref:isrs":"CZDCB01020BER3207424","name":"vyvaziste Decin V-Rozbelesy","FNCTION":"berths_3","BANK":"LB","WW_NAME":"Elbe","RT_NAME":"Dolni Labe","OWN_NAME":"Povodi Labe, statni podnik","REMARK":"ochranna funkce pouze v useku r. km 742,00 - 743,28 smerem do pristavniho bazenu, usek r. km 743,45 - 743,60 neni soucasti vyvaziste, sikmy breh"}},{"type":"Feature","geometry":{"type":"LineString","coordinates":[[14.2223,50.787904],[14.221559,50.787743],[14.217663,50.786868],[14.217378,50.786802],[14.217043,50.786722]]},"properties":{"ref:isrs":"CZDCB01020BER3107392","name":"Prostredni Zleb","FNCTION":"berths_3","BANK":"LB","WW_NAME":"Elbe","RT_NAME":"Dolni Labe","OWN_NAME":"Reditelstvi vodnich cest CR","REMARK":"dle pokynu provozovatele, useku 739,49 az 739,15 sirka stani 22 m, dalby"}},{"type":"Feature","geometry":{"type":"LineString","coordinates":[[14.41749,50.055688],[14.417361,50.05538],[14.417301,50.055104],[14.417195,50.054614],[14.417111,50.054394],[14.416806,50.053923]]},"properties":{"ref:isrs":"CZPRG02030BER3100566","name":"vyvaziste Podoli","FNCTION":"berths_3","BANK":"LB","WW_NAME":"Vltava","RT_NAME":"Dolni Vltava","OWN_NAME":"Veslarsky klub BLESK, z.s.","REMARK":"pouze plavidla provozovatele"}},{"type":"Feature","geometry":{"type":"LineString","coordinates":[[14.416738,50.05382],[14.416659,50.053705],[14.416485,50.053438],[14.41635,50.053236],[14.416299,50.053178],[14.41628,50.053156],[14.41628,50.053156]]},"properties":{"ref:isrs":"CZPRG02030BER3100568","name":"vyvaziste Podoli","FNCTION":"berths_3","BANK":"LB","WW_NAME":"Vltava","RT_NAME":"Dolni Vltava","OWN_NAME":"SPORTOVNI KLUBY PRAHA 4 z.s.","REMARK":"pouze plavidla provozovatele"}},{"type":"Feature","geometry":{"type":"LineString","coordinates":[[14.396474,49.88754],[14.396553,49.88756],[14.396802,49.887586],[14.396961,49.88762],[14.397336,49.887684],[14.398176,49.887878],[14.398705,49.888024],[14.398942,49.888098],[14.399489,49.888282],[14.39995,49.888483],[14.4001,49.88856]]},"properties":{"ref:isrs":"CZDAV02050BER3200780","name":"vyvaziste Sazava","FNCTION":"berths_3","BANK":"RB","WW_NAME":"Vltava","RT_NAME":"Dolni Vltava","OWN_NAME":"Povodi Vltavy, statni podnik","REMARK":"vyvaziste pro stani 20 malych plavidel"}},{"type":"Feature","geometry":{"type":"LineString","coordinates":[[14.392581,49.908278],[14.392979,49.908024],[14.393882,49.907391],[14.394466,49.906887],[14.394704,49.906676]]},"properties":{"ref:isrs":"CZXXX02050BER3200756","name":"vyvaziste Mechenice","FNCTION":"berths_3","BANK":"LB","WW_NAME":"Vltava","RT_NAME":"Dolni Vltava","OWN_NAME":"Povodi Vltavy, statni podnik","REMARK":"25 malych plavidel spravce zdrze jezu Vrane"}},{"type":"Feature","geometry":{"type":"LineString","coordinates":[[14.419607,49.222277],[14.41961,49.22224],[14.420084,49.222036],[14.420529,49.221842],[14.42059,49.221848]]},"properties":{"ref:isrs":"CZTNV02068BER3102049","name":"vyvaziste Tyn nad Vltavou","FNCTION":"berths_3","BANK":"RB","WW_NAME":"Vltava","RT_NAME":"Stredni Vltava","OWN_NAME":"Povodi Vltavy, statni podnik","REMARK":"moznost stani dle provozniho radu"}},{"type":"Feature","geometry":{"type":"LineString","coordinates":[[14.621617,50.226944],[14.622307,50.226725],[14.62358,50.226313]]},"properties":{"ref:isrs":"CZXXX01050BER3108593","name":"vyvaziste Krenek","FNCTION":"berths_3","BANK":"RB","WW_NAME":"Elbe","RT_NAME":"Stredni Labe","OWN_NAME":"Povodi Labe, statni podnik"}},{"type":"Feature","geometry":{"type":"LineString","coordinates":[[14.67192,50.189171],[14.672537,50.188927],[14.6729,50.188772],[14.673293,50.188589],[14.673398,50.188539],[14.673923,50.18829],[14.674021,50.188237],[14.6741,50.188186],[14.674208,50.188112],[14.674331,50.188027]]},"properties":{"ref:isrs":"CZSBO01050BER3208654","name":"vyvaziste Stara Boleslav","FNCTION":"berths_3","BANK":"RB","WW_NAME":"Elbe","RT_NAME":"Stredni Labe","OWN_NAME":"Povodi Labe, statni podnik","REMARK":"bez omezeni"}},{"type":"Feature","geometry":{"type":"LineString","coordinates":[[14.718554,50.171901],[14.719506,50.172031],[14.71984,50.17209],[14.720202,50.172178],[14.721162,50.172435],[14.72172,50.172624],[14.72206,50.172748],[14.722171,50.172794],[14.722435,50.172917],[14.722619,50.173005]]},"properties":{"ref:isrs":"CZL8S01050BER3108693","name":"vyvaziste Lazne Tousen","FNCTION":"berths_3","BANK":"LB","WW_NAME":"Elbe","RT_NAME":"Stredni Labe","OWN_NAME":"Povodi Labe, statni podnik"}},{"type":"Feature","geometry":{"type":"LineString","coordinates":[[14.887192,50.170832],[14.887384,50.170882],[14.887743,50.170987],[14.888895,50.171356],[14.889666,50.171601],[14.889821,50.171654],[14.889999,50.171715],[14.890028,50.171727]]},"properties":{"ref:isrs":"CZXXX01060BER3108830","name":"vyvaziste Semice","FNCTION":"berths_3","BANK":"RB","WW_NAME":"Elbe","RT_NAME":"Stredni Labe","OWN_NAME":"Povodi Labe, statni podnik"}},{"type":"Feature","geometry":{"type":"LineString","coordinates":[[15.105846,50.157313],[15.106025,50.157089],[15.106403,50.156505],[15.1065,50.156282],[15.106655,50.15595],[15.106711,50.155807],[15.106769,50.15567],[15.10683,50.155558]]},"properties":{"ref:isrs":"CZPOD01060BER3109021","name":"vyvaziste Podebrady IV","FNCTION":"berths_3","BANK":"RB","WW_NAME":"Elbe","RT_NAME":"Stredni Labe","OWN_NAME":"Povodi Labe, statni podnik"}},{"type":"Feature","geometry":{"type":"LineString","coordinates":[[15.15384,50.124817],[15.154196,50.12475],[15.154488,50.124691],[15.155487,50.124445],[15.156174,50.124247],[15.156687,50.124096],[15.156899,50.124026],[15.157277,50.123845]]},"properties":{"ref:isrs":"CZPOD01060BER3109076","name":"vyvaziste Podebrady III","FNCTION":"berths_3","BANK":"RB","WW_NAME":"Elbe","RT_NAME":"Stredni Labe","OWN_NAME":"Povodi Labe, statni podnik"}},{"type":"Feature","geometry":{"type":"LineString","coordinates":[[15.471876,50.046453],[15.472179,50.046323],[15.472335,50.046253],[15.472444,50.046202],[15.472628,50.046107],[15.472908,50.045976],[15.473187,50.045856]]},"properties":{"ref:isrs":"CZKNM01070BER3109428","name":"vyvaziste Kladruby nad Labem","FNCTION":"berths_3","BANK":"RB","WW_NAME":"Elbe","RT_NAME":"Stredni Labe","OWN_NAME":"Povodi Labe, statni podnik"}},{"type":"Feature","geometry":{"type":"LineString","coordinates":[[14.281235,50.42949],[14.281838,50.429758],[14.282362,50.430028]]},"properties":{"ref:isrs":"CZRNL01040BER1108112","name":"vyvaziste Roudnice nad Labem","FNCTION":"berths_3","BANK":"LB","WW_NAME":"Elbe","RT_NAME":"Dolni Labe","OWN_NAME":"RVC"}},{"type":"Feature","geometry":{"type":"LineString","coordinates":[[14.075263,50.620705],[14.075681,50.62004]]},"properties":{"ref:isrs":"CZULN01030BER1107707","name":"vyvaziste Brna","FNCTION":"berths_3","WW_NAME":"Elbe","RT_NAME":"Dolni Labe","OWN_NAME":"RVC"}},{"type":"Feature","geometry":{"type":"LineString","coordinates":[[14.369235,50.455642],[14.36924,50.455638],[14.36964,50.454936],[14.369233,50.455633]]},"properties":{"ref:isrs":"CZSTT01040BER1108217","name":"vyvaziste Steti","FNCTION":"berths_3","BANK":"RB","WW_NAME":"Elbe","RT_NAME":"Dolni Labe","OWN_NAME":"Reditelstvi vodnich cest CR"}},{"type":"Feature","geometry":{"type":"LineString","coordinates":[[14.759904,50.170376],[14.760046,50.170429],[14.760243,50.170508],[14.760564,50.170653],[14.760801,50.17075],[14.76094,50.170805],[14.760983,50.170828]]},"properties":{"ref:isrs":"CZCLK01060BER0108728","name":"vyvaziste Celakovice","FNCTION":"berths_3","BANK":"LB","WW_NAME":"Elbe","RT_NAME":"Stredni Labe","OWN_NAME":"Reditelstvi vodnich cest CR","REMARK":"dle pokynu provozovatele; 48 hod."}},{"type":"Feature","geometry":{"type":"LineString","coordinates":[[15.117496,50.140562],[15.117447,50.140587],[15.117361,50.140623],[15.117253,50.140679],[15.117155,50.140721],[15.116986,50.1408],[15.116887,50.14085],[15.116775,50.140905],[15.116637,50.140961]]},"properties":{"ref:isrs":"CZPOD01060BER0109042","name":"vyvaziste Podebrady I","FNCTION":"berths_3","BANK":"LB","WW_NAME":"Elbe","RT_NAME":"Stredni Labe","OWN_NAME":"Reditelstvi vodnich cest CR","REMARK":"48 hodin, dle pokynu provozovatele"}},{"type":"Feature","geometry":{"type":"LineString","coordinates":[[14.096369,50.518568],[14.097801,50.519512]]},"properties":{"ref:isrs":"CZLVC01040BER1107892","name":"vyvaziste Lovosice","FNCTION":"berths_3","BANK":"LB","WW_NAME":"Elbe","RT_NAME":"Dolni Labe","OWN_NAME":"Reditelstvi vodnich cest CR"}},{"type":"Feature","geometry":{"type":"LineString","coordinates":[[14.400327,49.888677],[14.400456,49.888737],[14.40058,49.888798],[14.400727,49.888876],[14.400907,49.888972],[14.40104,49.889046]]},"properties":{"ref:isrs":"CZDAV02050BER1100779","name":"vyvaziste Davle","FNCTION":"berths_3","BANK":"RB","WW_NAME":"Vltava","RT_NAME":"Dolni Vltava","OWN_NAME":"Reditelstvi vodnich cest CR","REMARK":"48 hodin, dle pokynu provozovatele; max. 10 plavidel"}},{"type":"Feature","geometry":{"type":"LineString","coordinates":[[15.156899,50.103085],[15.156864,50.102905]]},"properties":{"ref:isrs":"CZXXX01060BER0109103","name":"vyvaziste Osecek","FNCTION":"berths_3","BANK":"LB","WW_NAME":"Elbe","RT_NAME":"Stredni Labe","OWN_NAME":"Lodni spolek Osecek, z. s.","REMARK":"dle pokynu provozovatele; sirka satni max. 10 m"}},{"type":"Feature","geometry":{"type":"LineString","coordinates":[[14.664416,50.190284],[14.664251,50.190428],[14.664127,50.190523],[14.663976,50.190635],[14.663839,50.190757],[14.663764,50.190828]]},"properties":{"ref:isrs":"CZBNL01050BER0108647","name":"vyvaziste Brandys nad Labe","FNCTION":"berths_3","BANK":"LB","WW_NAME":"Elbe","RT_NAME":"Stredni Labe","OWN_NAME":"Reditelstvi vodnich cest CR","REMARK":"max. 12 plavidel do 20 m; max. 48 hod."}},{"type":"Feature","geometry":{"type":"LineString","coordinates":[[15.196996,50.032244],[15.197078,50.032172],[15.197151,50.032101],[15.197284,50.031994],[15.19735,50.031942],[15.197434,50.031877],[15.197515,50.031807],[15.19758,50.031757],[15.197701,50.031674],[15.197819,50.031602],[15.197876,50.031558]]},"properties":{"ref:isrs":"CZKLN01060BER0109200","name":"vyvaziste Kolin","FNCTION":"berths_3","BANK":"RB","WW_NAME":"Elbe","RT_NAME":"Stredni Labe","OWN_NAME":"Reditelstvi vodnich cest CR","REMARK":"sirka stani 1 plavidlo, pouze podelne stani, stani max. 48 hod., dle pokynu provozovatele"}},{"type":"Feature","geometry":{"type":"LineString","coordinates":[[14.276971,50.428017],[14.27906,50.42866],[14.279067,50.428663]]},"properties":{"ref:isrs":"CZRNL01040BER0108108","name":"vyvaziste Roudnice nad Labem","FNCTION":"berths_3","BANK":"LB","WW_NAME":"Elbe","RT_NAME":"Dolni Labe","OWN_NAME":"Reditelstvi vodnich cest","REMARK":"servisni centrum"}},{"type":"Feature","geometry":{"type":"LineString","coordinates":[[17.456898,49.07284],[17.457813,49.072824],[17.458726,49.072851],[17.458704,49.072856],[17.458717,49.072867]]},"properties":{"ref:isrs":"CZUHE07007BER0101481","name":"vyvaziste Uherske Hradiste","FNCTION":"berths_3","BANK":"LB","WW_NAME":"Morava","RT_NAME":"Morava","OWN_NAME":"RVC, Praha 1, Nabrezi Ludvika Svobody 1222/12"}}]}