{"type":"FeatureCollection","features":[{"type":"Feature","geometry":{"type":"Point","coordinates":[17.243683,49.587903]},"properties":{"ZZ_ID":"182369","ZZ_nazev":"MUDr. Nela Krzoková","ZZ_druh_nazev":"Samostatná ordinace lékaře specialisty","suggested_tag":"amenity=doctors + healthcare=doctor","ZZ_obor_pece":"plastická chirurgie","addr":"Wolkerova 656/22","ZZ_RUIAN_kod":"23307307"}},{"type":"Feature","geometry":{"type":"Point","coordinates":[17.232448,49.576491]},"properties":{"ZZ_ID":"182368","ZZ_nazev":"MUDr. Nela Krzoková","ZZ_druh_nazev":"Samostatná ordinace lékaře specialisty","suggested_tag":"amenity=doctors + healthcare=doctor","ZZ_obor_pece":"plastická chirurgie","addr":"Čajkovského 1348/18a","ZZ_RUIAN_kod":"74471473"}},{"type":"Feature","geometry":{"type":"Point","coordinates":[17.270177,49.596244]},"properties":{"ZZ_ID":"182237","ZZ_nazev":"Alergomed s.r.o.","ZZ_druh_nazev":"Samostatná ordinace lékaře specialisty","suggested_tag":"amenity=doctors + healthcare=doctor","ZZ_obor_pece":"alergologie a klinická imunologie","addr":"Dukelská 1056/13","ZZ_RUIAN_kod":"23327405","poskytovatel_web":"http://www.alergomed.cz"}},{"type":"Feature","geometry":{"type":"Point","coordinates":[17.240234,49.604584]},"properties":{"ZZ_ID":"182026","ZZ_nazev":"MUDr. Richard Billich","ZZ_druh_nazev":"Samostatná ordinace lékaře specialisty","suggested_tag":"amenity=doctors + healthcare=doctor","ZZ_obor_pece":"plastická chirurgie","addr":"Tomkova 57/27","ZZ_RUIAN_kod":"23293799"}},{"type":"Feature","geometry":{"type":"Point","coordinates":[17.236399,49.597273]},"properties":{"ZZ_ID":"182025","ZZ_nazev":"MUDr. Martin Mačák","ZZ_druh_nazev":"Samostatná ordinace lékaře specialisty","suggested_tag":"amenity=doctors + healthcare=doctor","ZZ_obor_pece":"chirurgie","addr":"Na Šibeníku 914/1","ZZ_RUIAN_kod":"25823965"}},{"type":"Feature","geometry":{"type":"Point","coordinates":[17.269892,49.593194]},"properties":{"ZZ_ID":"181853","ZZ_nazev":"MDDr. JÁN STANĚK, Ph.D.","ZZ_druh_nazev":"Samostatná ordinace PL - stomatologa","suggested_tag":"amenity=dentist + healthcare=dentist","ZZ_obor_pece":"zubní lékařství","addr":"Kavaleristů 1260/10","ZZ_RUIAN_kod":"27722686"}},{"type":"Feature","geometry":{"type":"Point","coordinates":[17.244577,49.587505]},"properties":{"ZZ_ID":"181727","ZZ_nazev":"CzechDent s.r.o.","ZZ_druh_nazev":"Samostatná ordinace PL - stomatologa","suggested_tag":"amenity=dentist + healthcare=dentist","ZZ_obor_pece":"Dentální hygienistka, zubní lékařství","addr":"Poupětova 1132/7","ZZ_RUIAN_kod":"23328045"}},{"type":"Feature","geometry":{"type":"Point","coordinates":[17.252023,49.595173]},"properties":{"ZZ_ID":"181614","ZZ_nazev":"DENTOMA Clinic s.r.o.","ZZ_druh_nazev":"Samostatná ordinace PL - stomatologa","suggested_tag":"amenity=dentist + healthcare=dentist","ZZ_obor_pece":"zubní lékařství","addr":"Opletalova 475/6","ZZ_RUIAN_kod":"23322551","poskytovatel_web":"www.dentoma.cz"}},{"type":"Feature","geometry":{"type":"Point","coordinates":[17.246699,49.595593]},"properties":{"ZZ_ID":"181405","ZZ_nazev":"MUDr. Jiří Reitinger s.r.o.","ZZ_druh_nazev":"Sam.ord.prakt.lékaře pro děti a dorost","suggested_tag":"amenity=doctors + healthcare:speciality=paediatrics","ZZ_obor_pece":"alergologie a klinická imunologie, praktické lékařství pro děti a dorost","addr":"Palackého 626/3","ZZ_RUIAN_kod":"23323752"}},{"type":"Feature","geometry":{"type":"Point","coordinates":[17.269378,49.590668]},"properties":{"ZZ_ID":"181275","ZZ_nazev":"Okuloplastika s.r.o.","ZZ_druh_nazev":"Samostatná ordinace lékaře specialisty","suggested_tag":"amenity=doctors + healthcare=doctor","ZZ_obor_pece":"oftalmologie","addr":"tř. Kosmonautů 1338/1c","ZZ_RUIAN_kod":"86469487"}},{"type":"Feature","geometry":{"type":"Point","coordinates":[17.250609,49.594445]},"properties":{"ZZ_ID":"181274","ZZ_nazev":"Okuloplastika s.r.o.","ZZ_druh_nazev":"Samostatná ordinace lékaře specialisty","suggested_tag":"amenity=doctors + healthcare=doctor","ZZ_obor_pece":"oftalmologie","addr":"Horní náměstí 368/4","ZZ_RUIAN_kod":"23321695"}},{"type":"Feature","geometry":{"type":"Point","coordinates":[17.254361,49.590566]},"properties":{"ZZ_ID":"181147","ZZ_nazev":"Univerzita Palackého v Olomouci","ZZ_druh_nazev":"Samostatná ordinace lékaře specialisty","suggested_tag":"amenity=doctors + healthcare=doctor","ZZ_obor_pece":"Klinický psycholog, lékařská psychoterapie, psychiatrie","addr":"Kateřinská 86/11","ZZ_RUIAN_kod":"23319208"}},{"type":"Feature","geometry":{"type":"Point","coordinates":[17.254855,49.590203]},"properties":{"ZZ_ID":"181146","ZZ_nazev":"Univerzita Palackého v Olomouci","ZZ_druh_nazev":"Samostatná ordinace lékaře specialisty","suggested_tag":"amenity=doctors + healthcare=doctor","ZZ_obor_pece":"Klinický psycholog, lékařská psychoterapie, psychiatrie, Psychoterapeut","addr":"Kateřinská 653/17","ZZ_RUIAN_kod":"23323973"}},{"type":"Feature","geometry":{"type":"Point","coordinates":[17.243683,49.587903]},"properties":{"ZZ_ID":"181107","ZZ_nazev":"Neo Surgery Services s.r.o.","ZZ_druh_nazev":"Samostatná ordinace lékaře specialisty","suggested_tag":"amenity=doctors + healthcare=doctor","ZZ_obor_pece":"plastická chirurgie","addr":"Wolkerova 656/22","ZZ_RUIAN_kod":"23307307"}},{"type":"Feature","geometry":{"type":"Point","coordinates":[17.241739,49.590507]},"properties":{"ZZ_ID":"181024","ZZ_nazev":"Bc. Marie Venkrbcová","ZZ_druh_nazev":"Samostatné zařízení fyzioterapeuta","suggested_tag":"healthcare=physiotherapist","ZZ_obor_pece":"Fyzioterapeut","addr":"Polívkova 625/35","ZZ_RUIAN_kod":"23307005"}},{"type":"Feature","geometry":{"type":"Point","coordinates":[17.269378,49.590668]},"properties":{"ZZ_ID":"180987","ZZ_nazev":"Plastická chirurgie A - Z s.r.o.","ZZ_druh_nazev":"Samostatná ordinace lékaře specialisty","suggested_tag":"amenity=doctors + healthcare=doctor","ZZ_obor_pece":"plastická chirurgie","addr":"tř. Kosmonautů 1338/1c","ZZ_RUIAN_kod":"86469487","poskytovatel_web":"http://www.plastickachirurgieaz.cz"}},{"type":"Feature","geometry":{"type":"Point","coordinates":[17.242176,49.589156]},"properties":{"ZZ_ID":"180880","ZZ_nazev":"Mariott Dental s.r.o.","ZZ_druh_nazev":"Samostatná ordinace PL - stomatologa","suggested_tag":"amenity=dentist + healthcare=dentist","ZZ_obor_pece":"zubní lékařství","addr":"Polívkova 465/51","ZZ_RUIAN_kod":"23305541","poskytovatel_web":"www.mariottdental.cz"}},{"type":"Feature","geometry":{"type":"Point","coordinates":[17.257926,49.587431]},"properties":{"ZZ_ID":"180862","ZZ_nazev":"KONTAKTO.CZ internetový obchod, spol. s r.o.","ZZ_druh_nazev":"Oční optika","suggested_tag":"shop=optician","ZZ_obor_pece":"Optometrista","addr":"Polská 1201/1","ZZ_RUIAN_kod":"42678803"}},{"type":"Feature","geometry":{"type":"Point","coordinates":[17.246192,49.594685]},"properties":{"ZZ_ID":"180723","ZZ_nazev":"MDDr. ANETA HOLÍKOVÁ","ZZ_druh_nazev":"Samostatná ordinace PL - stomatologa","suggested_tag":"amenity=dentist + healthcare=dentist","ZZ_obor_pece":"zubní lékařství","addr":"Kollárovo nám. 697/9","ZZ_RUIAN_kod":"23324333"}},{"type":"Feature","geometry":{"type":"Point","coordinates":[17.258346,49.602069]},"properties":{"ZZ_ID":"180629","ZZ_nazev":"EuroPainClinics Brno a.s.","ZZ_druh_nazev":"Samostatná ordinace lékaře specialisty","suggested_tag":"amenity=doctors + healthcare=doctor","ZZ_obor_pece":"algeziologie","addr":"Dlouhá 521/34","ZZ_RUIAN_kod":"25533665"}},{"type":"Feature","geometry":{"type":"Point","coordinates":[17.236993,49.597086]},"properties":{"ZZ_ID":"180628","ZZ_nazev":"DENT FOR FAMILY s.r.o.","ZZ_druh_nazev":"Samostatná ordinace PL - stomatologa","suggested_tag":"amenity=dentist + healthcare=dentist","ZZ_obor_pece":"zubní lékařství","addr":"Na Šibeníku 630/2","ZZ_RUIAN_kod":"23307056"}},{"type":"Feature","geometry":{"type":"Point","coordinates":[17.230568,49.587169]},"properties":{"ZZ_ID":"180604","ZZ_nazev":"Ordinace Stupkova s.r.o.","ZZ_druh_nazev":"Samost. ordinace všeob. prakt. lékaře","suggested_tag":"amenity=doctors + healthcare:speciality=general","ZZ_obor_pece":"všeobecné praktické lékařství","addr":"Stupkova 982/10","ZZ_RUIAN_kod":"25123921"}},{"type":"Feature","geometry":{"type":"Point","coordinates":[17.285534,49.592597]},"properties":{"ZZ_ID":"180603","ZZ_nazev":"VU stomatologie s.r.o.","ZZ_druh_nazev":"Samostatná ordinace PL - stomatologa","suggested_tag":"amenity=dentist + healthcare=dentist","ZZ_obor_pece":"zubní lékařství","addr":"Hodolanská 27/6","ZZ_RUIAN_kod":"25533151"}},{"type":"Feature","geometry":{"type":"Point","coordinates":[17.26032,49.589062]},"properties":{"ZZ_ID":"180558","ZZ_nazev":"EY3WEAR s.r.o.","ZZ_druh_nazev":"Oční optika","suggested_tag":"shop=optician","ZZ_obor_pece":"Optometrista","addr":"17. listopadu 1215/2d","ZZ_RUIAN_kod":"81327081"}},{"type":"Feature","geometry":{"type":"Point","coordinates":[17.340108,49.628897]},"properties":{"ZZ_ID":"180542","ZZ_nazev":"JUPED s.r.o.","ZZ_druh_nazev":"Sam.ord.prakt.lékaře pro děti a dorost","suggested_tag":"amenity=doctors + healthcare:speciality=paediatrics","ZZ_obor_pece":"praktické lékařství pro děti a dorost","addr":"nám. Sadové 7/26","ZZ_RUIAN_kod":"23249897"}},{"type":"Feature","geometry":{"type":"Point","coordinates":[17.269378,49.590668]},"properties":{"ZZ_ID":"180477","ZZ_nazev":"MUDr. DALIBOR SPÁČIL","ZZ_druh_nazev":"Samostatná ordinace lékaře specialisty","suggested_tag":"amenity=doctors + healthcare=doctor","ZZ_obor_pece":"anesteziologie a intenzivní medicína","addr":"tř. Kosmonautů 1338/1c","ZZ_RUIAN_kod":"86469487"}},{"type":"Feature","geometry":{"type":"Point","coordinates":[17.259588,49.602445]},"properties":{"ZZ_ID":"180412","ZZ_nazev":"MEDIVIZE s.r.o.","ZZ_druh_nazev":"Samostatná ordinace PL - stomatologa","suggested_tag":"amenity=dentist + healthcare=dentist","ZZ_obor_pece":"zubní lékařství","addr":"Demlova 518/18","ZZ_RUIAN_kod":"23266538","poskytovatel_web":"http://medivize.cz"}},{"type":"Feature","geometry":{"type":"Point","coordinates":[17.258346,49.602069]},"properties":{"ZZ_ID":"180408","ZZ_nazev":"EuroPainClinics Ostrava a.s.","ZZ_druh_nazev":"Samostatná ordinace lékaře specialisty","suggested_tag":"amenity=doctors + healthcare=doctor","ZZ_obor_pece":"algeziologie","addr":"Dlouhá 521/34","ZZ_RUIAN_kod":"25533665","poskytovatel_web":"http://europainclinics.cz"}},{"type":"Feature","geometry":{"type":"Point","coordinates":[17.246884,49.594729]},"properties":{"ZZ_ID":"180407","ZZ_nazev":"MUDr. KATEŘINA LIBIGEROVÁ","ZZ_druh_nazev":"Samostatná ordinace lékaře specialisty","suggested_tag":"amenity=doctors + healthcare=doctor","ZZ_obor_pece":"dermatovenerologie","addr":"tř. Svobody 647/6","ZZ_RUIAN_kod":"25001396"}},{"type":"Feature","geometry":{"type":"Point","coordinates":[17.242972,49.595942]},"properties":{"ZZ_ID":"180394","ZZ_nazev":"ORL-OL, s.r.o.","ZZ_druh_nazev":"Samostatná ordinace lékaře specialisty","suggested_tag":"amenity=doctors + healthcare=doctor","ZZ_obor_pece":"otorinolaryngologie a chirurgie hlavy a krku","addr":"Wellnerova 1215/1","ZZ_RUIAN_kod":"25475550"}},{"type":"Feature","geometry":{"type":"Point","coordinates":[17.24813,49.598736]},"properties":{"ZZ_ID":"180389","ZZ_nazev":"Mgr. ŠÁRKA HALFAROVÁ","ZZ_druh_nazev":"Samostatné zařízení fyzioterapeuta","suggested_tag":"healthcare=physiotherapist","ZZ_obor_pece":"Fyzioterapeut","addr":"U stadionu 1204/8","ZZ_RUIAN_kod":"25016547","poskytovatel_web":"www.fyziohalfarova.cz"}},{"type":"Feature","geometry":{"type":"Point","coordinates":[17.282218,49.594313]},"properties":{"ZZ_ID":"180315","ZZ_nazev":"MedKomplex s.r.o.","ZZ_druh_nazev":"Samostatná ordinace lékaře specialisty","suggested_tag":"amenity=doctors + healthcare=doctor","ZZ_obor_pece":"dětská a dorostová psychiatrie, lékařská psychoterapie, psychiatrie, Sestra pro péči v psychiatrii","addr":"Hodolanská 621/41","ZZ_RUIAN_kod":"23280191"}},{"type":"Feature","geometry":{"type":"Point","coordinates":[17.235834,49.633376]},"properties":{"ZZ_ID":"180232","ZZ_nazev":"ANMINI s.r.o.","ZZ_druh_nazev":"Samostatná ordinace PL - stomatologa","suggested_tag":"amenity=dentist + healthcare=dentist","ZZ_obor_pece":"zubní lékařství","addr":"Krátká 282/8","ZZ_RUIAN_kod":"23249650"}},{"type":"Feature","geometry":{"type":"Point","coordinates":[17.258319,49.584569]},"properties":{"ZZ_ID":"180212","ZZ_nazev":"MUDr. HANA PALČÁKOVÁ","ZZ_druh_nazev":"Samostatná ordinace lékaře specialisty","suggested_tag":"amenity=doctors + healthcare=doctor","ZZ_obor_pece":"plastická chirurgie","addr":"Rokycanova 796/1g","ZZ_RUIAN_kod":"74814231"}},{"type":"Feature","geometry":{"type":"Point","coordinates":[17.236921,49.589396]},"properties":{"ZZ_ID":"180211","ZZ_nazev":"Mgr. Zdeňka Kubalová s.r.o.","ZZ_druh_nazev":"Samostatné zařízení psychologa","ZZ_obor_pece":"Klinický psycholog","addr":"Na chmelnici 548/10","ZZ_RUIAN_kod":"23306319"}},{"type":"Feature","geometry":{"type":"Point","coordinates":[17.234347,49.604599]},"properties":{"ZZ_ID":"180205","ZZ_nazev":"Mgr. Lucie Gáliková","ZZ_druh_nazev":"Samostatné zařízení fyzioterapeuta","suggested_tag":"healthcare=physiotherapist","ZZ_obor_pece":"Fyzioterapeut","addr":"Balbínova 364/15","ZZ_RUIAN_kod":"25211196"}},{"type":"Feature","geometry":{"type":"Point","coordinates":[17.238772,49.590581]},"properties":{"ZZ_ID":"180204","ZZ_nazev":"Bc. Marie Venkrbcová","ZZ_druh_nazev":"Samostatné zařízení fyzioterapeuta","suggested_tag":"healthcare=physiotherapist","ZZ_obor_pece":"Fyzioterapeut","addr":"Janáčkova 456/4","ZZ_RUIAN_kod":"23305461"}},{"type":"Feature","geometry":{"type":"Point","coordinates":[17.269378,49.590668]},"properties":{"ZZ_ID":"180192","ZZ_nazev":"MAPO odborné ambulance s.r.o.","ZZ_druh_nazev":"Samostatná ordinace lékaře specialisty","suggested_tag":"amenity=doctors + healthcare=doctor","ZZ_obor_pece":"oftalmologie","addr":"tř. Kosmonautů 1338/1c","ZZ_RUIAN_kod":"86469487","poskytovatel_web":"http://vocilkova.andrea.sweb.cz"}},{"type":"Feature","geometry":{"type":"Point","coordinates":[17.269378,49.590668]},"properties":{"ZZ_ID":"180109","ZZ_nazev":"Oční praxe MUDr. Jitka Kopecká s.r.o.","ZZ_druh_nazev":"Samostatná ordinace lékaře specialisty","suggested_tag":"amenity=doctors + healthcare=doctor","ZZ_obor_pece":"oftalmologie","addr":"tř. Kosmonautů 1338/1c","ZZ_RUIAN_kod":"86469487","poskytovatel_web":"http://www.ocni-praxe.cz"}},{"type":"Feature","geometry":{"type":"Point","coordinates":[17.258319,49.584569]},"properties":{"ZZ_ID":"180101","ZZ_nazev":"Neo Surgery Services s.r.o.","ZZ_druh_nazev":"Samostatná ordinace lékaře specialisty","suggested_tag":"amenity=doctors + healthcare=doctor","ZZ_obor_pece":"plastická chirurgie","addr":"Rokycanova 796/1g","ZZ_RUIAN_kod":"74814231"}},{"type":"Feature","geometry":{"type":"Point","coordinates":[17.258346,49.602069]},"properties":{"ZZ_ID":"180100","ZZ_nazev":"Elite FlexMED s.r.o.","ZZ_druh_nazev":"Samostatná ordinace lékaře specialisty","suggested_tag":"amenity=doctors + healthcare=doctor","ZZ_obor_pece":"endokrinologie a diabetologie, vnitřní lékařství","addr":"Dlouhá 521/34","ZZ_RUIAN_kod":"25533665"}},{"type":"Feature","geometry":{"type":"Point","coordinates":[17.220218,49.582195]},"properties":{"ZZ_ID":"180074","ZZ_nazev":"Mgr. Michaela Štěrbová","ZZ_druh_nazev":"Samostatné zařízení fyzioterapeuta","suggested_tag":"healthcare=physiotherapist","ZZ_obor_pece":"Fyzioterapeut","addr":"Hněvotínská 1394/71","ZZ_RUIAN_kod":"81821107"}},{"type":"Feature","geometry":{"type":"Point","coordinates":[17.269378,49.590668]},"properties":{"ZZ_ID":"180006","ZZ_nazev":"Krásný úsměv s.r.o.","ZZ_druh_nazev":"Samostatná ordinace lékaře specialisty","suggested_tag":"amenity=doctors + healthcare=doctor","ZZ_obor_pece":"Dentální hygienistka, ortodoncie, zubní lékařství","addr":"tř. Kosmonautů 1338/1c","ZZ_RUIAN_kod":"86469487"}},{"type":"Feature","geometry":{"type":"Point","coordinates":[17.258319,49.584569]},"properties":{"ZZ_ID":"179961","ZZ_nazev":"CAIA aesthetics s.r.o.","ZZ_druh_nazev":"Samostatná ordinace lékaře specialisty","suggested_tag":"amenity=doctors + healthcare=doctor","ZZ_obor_pece":"Dentální hygienistka, plastická chirurgie","addr":"Rokycanova 796/1g","ZZ_RUIAN_kod":"74814231"}},{"type":"Feature","geometry":{"type":"Point","coordinates":[17.231126,49.576904]},"properties":{"ZZ_ID":"179838","ZZ_nazev":"DĚTSKÉ ZDRAVÍ Horní lán s.r.o.","ZZ_druh_nazev":"Sam.ord.prakt.lékaře pro děti a dorost","suggested_tag":"amenity=doctors + healthcare:speciality=paediatrics","ZZ_obor_pece":"praktické lékařství pro děti a dorost","addr":"Horní lán 1310/10a","ZZ_RUIAN_kod":"28120281"}},{"type":"Feature","geometry":{"type":"Point","coordinates":[17.234219,49.578725]},"properties":{"ZZ_ID":"179470","ZZ_nazev":"MUDr. Olga Kováčová psychiatrie s.r.o.","ZZ_druh_nazev":"Samostatná ordinace lékaře specialisty","suggested_tag":"amenity=doctors + healthcare=doctor","ZZ_obor_pece":"psychiatrie","addr":"Čajkovského 67/14","ZZ_RUIAN_kod":"25250990"}},{"type":"Feature","geometry":{"type":"Point","coordinates":[17.231463,49.575925]},"properties":{"ZZ_ID":"179432","ZZ_nazev":"GYNMEDIA CZ s.r.o.","ZZ_druh_nazev":"Samostatná ordinace PL - gynekologa","suggested_tag":"amenity=doctors + healthcare:speciality=gynaecology","ZZ_obor_pece":"gynekologie a porodnictví","addr":"Horní lán 1328/6","ZZ_RUIAN_kod":"41304454","poskytovatel_web":"http://www.gynmedia.cz"}},{"type":"Feature","geometry":{"type":"Point","coordinates":[17.247756,49.595793]},"properties":{"ZZ_ID":"179339","ZZ_nazev":"Oftalesthe s.r.o.","ZZ_druh_nazev":"Samostatná ordinace lékaře specialisty","suggested_tag":"amenity=doctors + healthcare=doctor","ZZ_obor_pece":"oftalmologie","addr":"nám. Národních hrdinů 769/2","ZZ_RUIAN_kod":"25056913"}},{"type":"Feature","geometry":{"type":"Point","coordinates":[17.247756,49.595793]},"properties":{"ZZ_ID":"179171","ZZ_nazev":"PEDIATR OL s.r.o.","ZZ_druh_nazev":"Sam.ord.prakt.lékaře pro děti a dorost","suggested_tag":"amenity=doctors + healthcare:speciality=paediatrics","ZZ_obor_pece":"praktické lékařství pro děti a dorost","addr":"nám. Národních hrdinů 769/2","ZZ_RUIAN_kod":"25056913","poskytovatel_web":"http://www.renata-kutrova.cz"}},{"type":"Feature","geometry":{"type":"Point","coordinates":[17.247756,49.595793]},"properties":{"ZZ_ID":"179170","ZZ_nazev":"Oční DOSPEA s.r.o.","ZZ_druh_nazev":"Samostatná ordinace lékaře specialisty","suggested_tag":"amenity=doctors + healthcare=doctor","ZZ_obor_pece":"oftalmologie","addr":"nám. Národních hrdinů 769/2","ZZ_RUIAN_kod":"25056913"}},{"type":"Feature","geometry":{"type":"Point","coordinates":[17.259144,49.596533]},"properties":{"ZZ_ID":"178878","ZZ_nazev":"Galaxy Dent s.r.o.","ZZ_druh_nazev":"Samostatná ordinace PL - stomatologa","suggested_tag":"amenity=dentist + healthcare=dentist","ZZ_obor_pece":"zubní lékařství","addr":"1. máje 830/12","ZZ_RUIAN_kod":"26545209"}},{"type":"Feature","geometry":{"type":"Point","coordinates":[17.240234,49.604584]},"properties":{"ZZ_ID":"178811","ZZ_nazev":"MUDr. Pavel Xinopulos","ZZ_druh_nazev":"Samostatná ordinace lékaře specialisty","suggested_tag":"amenity=doctors + healthcare=doctor","ZZ_obor_pece":"plastická chirurgie","addr":"Tomkova 57/27","ZZ_RUIAN_kod":"23293799"}},{"type":"Feature","geometry":{"type":"Point","coordinates":[17.258859,49.584543]},"properties":{"ZZ_ID":"178772","ZZ_nazev":"PreventaSkin, s.r.o.","ZZ_druh_nazev":"Samostatná ordinace lékaře specialisty","suggested_tag":"amenity=doctors + healthcare=doctor","ZZ_obor_pece":"dermatovenerologie","addr":"Švýcarské nábřeží 802/6","ZZ_RUIAN_kod":"76310027"}},{"type":"Feature","geometry":{"type":"Point","coordinates":[17.247756,49.595793]},"properties":{"ZZ_ID":"178693","ZZ_nazev":"PREVENTADO s.r.o.","ZZ_druh_nazev":"Samost. ordinace všeob. prakt. lékaře","suggested_tag":"amenity=doctors + healthcare:speciality=general","ZZ_obor_pece":"všeobecné praktické lékařství","addr":"nám. Národních hrdinů 769/2","ZZ_RUIAN_kod":"25056913","poskytovatel_web":"https://preventado.cz/"}},{"type":"Feature","geometry":{"type":"Point","coordinates":[17.234347,49.604599]},"properties":{"ZZ_ID":"178662","ZZ_nazev":"Mgr. KLÁRA ČECHOVIČOVÁ","ZZ_druh_nazev":"Samostatné zařízení fyzioterapeuta","suggested_tag":"healthcare=physiotherapist","ZZ_obor_pece":"Fyzioterapeut","addr":"Balbínova 364/15","ZZ_RUIAN_kod":"25211196"}},{"type":"Feature","geometry":{"type":"Point","coordinates":[17.294645,49.572456]},"properties":{"ZZ_ID":"178625","ZZ_nazev":"MUDr. Bartel Gromská s.r.o.","ZZ_druh_nazev":"Sam.ord.prakt.lékaře pro děti a dorost","suggested_tag":"amenity=doctors + healthcare:speciality=paediatrics","ZZ_obor_pece":"praktické lékařství pro děti a dorost","addr":"Náves Svobody 628/38","ZZ_RUIAN_kod":"27015025"}},{"type":"Feature","geometry":{"type":"Point","coordinates":[17.250609,49.594445]},"properties":{"ZZ_ID":"178513","ZZ_nazev":"Kopernicus s.r.o.","ZZ_druh_nazev":"Oční optika","suggested_tag":"shop=optician","ZZ_obor_pece":"Optometrista","addr":"Horní náměstí 368/4","ZZ_RUIAN_kod":"23321695"}},{"type":"Feature","geometry":{"type":"Point","coordinates":[17.242972,49.595942]},"properties":{"ZZ_ID":"178377","ZZ_nazev":"Rehamedica Olomouc s.r.o.","ZZ_druh_nazev":"Samostatná ordinace lékaře specialisty","suggested_tag":"amenity=doctors + healthcare=doctor","ZZ_obor_pece":"Fyzioterapeut, rehabilitační a fyzikální medicína","addr":"Wellnerova 1215/3","ZZ_RUIAN_kod":"25475568","poskytovatel_web":"https://olomouc.rehamedica.cz/"}},{"type":"Feature","geometry":{"type":"Point","coordinates":[17.253193,49.589322]},"properties":{"ZZ_ID":"178376","ZZ_nazev":"Rehamedica Olomouc s.r.o.","ZZ_druh_nazev":"Samostatná ordinace lékaře specialisty","suggested_tag":"amenity=doctors + healthcare=doctor","ZZ_obor_pece":"Fyzioterapeut, rehabilitační a fyzikální medicína","addr":"tř. Svobody 1067/32","ZZ_RUIAN_kod":"25057413","poskytovatel_web":"https://olomouc.rehamedica.cz/"}},{"type":"Feature","geometry":{"type":"Point","coordinates":[17.230577,49.576889]},"properties":{"ZZ_ID":"178367","ZZ_nazev":"MDDr. Marie Dohnalová","ZZ_druh_nazev":"Samostatná ordinace lékaře specialisty","suggested_tag":"amenity=doctors + healthcare=doctor","ZZ_obor_pece":"zubní lékařství","addr":"Horní lán 1312/12a","ZZ_RUIAN_kod":"28183398"}},{"type":"Feature","geometry":{"type":"Point","coordinates":[17.231126,49.576904]},"properties":{"ZZ_ID":"178361","ZZ_nazev":"MUDr. Alice Kráčalová s.r.o.","ZZ_druh_nazev":"Samost. ordinace všeob. prakt. lékaře","suggested_tag":"amenity=doctors + healthcare:speciality=general","ZZ_obor_pece":"všeobecné praktické lékařství","addr":"Horní lán 1310/10a","ZZ_RUIAN_kod":"28120281"}},{"type":"Feature","geometry":{"type":"Point","coordinates":[17.247756,49.595793]},"properties":{"ZZ_ID":"178318","ZZ_nazev":"MUDr. ŠÁRKA MATELOVÁ","ZZ_druh_nazev":"Samostatná ordinace lékaře specialisty","suggested_tag":"amenity=doctors + healthcare=doctor","ZZ_obor_pece":"psychiatrie","addr":"nám. Národních hrdinů 769/2","ZZ_RUIAN_kod":"25056913"}},{"type":"Feature","geometry":{"type":"Point","coordinates":[17.242735,49.596533]},"properties":{"ZZ_ID":"178129","ZZ_nazev":"MDDr. JANA PROKEŠOVÁ","ZZ_druh_nazev":"Samostatná ordinace PL - stomatologa","suggested_tag":"amenity=dentist + healthcare=dentist","ZZ_obor_pece":"zubní lékařství","addr":"Wellnerova 1322/3b","ZZ_RUIAN_kod":"28375092"}},{"type":"Feature","geometry":{"type":"Point","coordinates":[17.242735,49.596533]},"properties":{"ZZ_ID":"178127","ZZ_nazev":"MDDr. MICHAL SUCHÁNEK","ZZ_druh_nazev":"Samostatná ordinace PL - stomatologa","suggested_tag":"amenity=dentist + healthcare=dentist","ZZ_obor_pece":"zubní lékařství","addr":"Wellnerova 1322/3b","ZZ_RUIAN_kod":"28375092"}},{"type":"Feature","geometry":{"type":"Point","coordinates":[17.257319,49.601373]},"properties":{"ZZ_ID":"178055","ZZ_nazev":"AGE Centrum s.r.o.","ZZ_druh_nazev":"Samostatné zařízení psychologa","ZZ_obor_pece":"Klinický psycholog","addr":"Dlouhá 524/28","ZZ_RUIAN_kod":"25533649","poskytovatel_web":"http://ctcenter.cz "}},{"type":"Feature","geometry":{"type":"Point","coordinates":[17.247756,49.595793]},"properties":{"ZZ_ID":"177833","ZZ_nazev":"Zubní ordinace MDDr. Pochmanová s.r.o.","ZZ_druh_nazev":"Samostatná ordinace PL - stomatologa","suggested_tag":"amenity=dentist + healthcare=dentist","ZZ_obor_pece":"zubní lékařství","addr":"nám. Národních hrdinů 769/2","ZZ_RUIAN_kod":"25056913"}},{"type":"Feature","geometry":{"type":"Point","coordinates":[17.247756,49.595793]},"properties":{"ZZ_ID":"177629","ZZ_nazev":"MUDr. David Folprecht","ZZ_druh_nazev":"Samost. ordinace všeob. prakt. lékaře","suggested_tag":"amenity=doctors + healthcare:speciality=general","ZZ_obor_pece":"všeobecné praktické lékařství","addr":"nám. Národních hrdinů 769/2","ZZ_RUIAN_kod":"25056913"}},{"type":"Feature","geometry":{"type":"Point","coordinates":[17.232904,49.581516]},"properties":{"ZZ_ID":"177605","ZZ_nazev":"Mgr. NADĚŽDA CALABOVÁ DiS.","ZZ_druh_nazev":"Samostatné zařízení fyzioterapeuta","suggested_tag":"healthcare=physiotherapist","ZZ_obor_pece":"Fyzioterapeut","addr":"Mošnerova 1182/3","ZZ_RUIAN_kod":"23311746"}},{"type":"Feature","geometry":{"type":"Point","coordinates":[17.247756,49.595793]},"properties":{"ZZ_ID":"177604","ZZ_nazev":"MUDr. Jan Špička, Ph.D.","ZZ_druh_nazev":"Samostatná ordinace lékaře specialisty","suggested_tag":"amenity=doctors + healthcare=doctor","ZZ_obor_pece":"ortopedie a traumatologie pohybového ústrojí","addr":"nám. Národních hrdinů 769/2","ZZ_RUIAN_kod":"25056913"}},{"type":"Feature","geometry":{"type":"Point","coordinates":[17.24885,49.5907]},"properties":{"ZZ_ID":"177530","ZZ_nazev":"Klinická logopedie JINAK s.r.o.","ZZ_druh_nazev":"Samostatné zařízení logopeda","ZZ_obor_pece":"Klinický logoped","addr":"Vídeňská 676/7","ZZ_RUIAN_kod":"23324163"}},{"type":"Feature","geometry":{"type":"Point","coordinates":[17.269778,49.591597]},"properties":{"ZZ_ID":"177401","ZZ_nazev":"MDDr. TOMÁŠ KOVALSKÝ Ph.D.","ZZ_druh_nazev":"Samostatná ordinace PL - stomatologa","suggested_tag":"amenity=dentist + healthcare=dentist","ZZ_obor_pece":"zubní lékařství","addr":"Nezvalova 1293/2a","ZZ_RUIAN_kod":"42846234"}},{"type":"Feature","geometry":{"type":"Point","coordinates":[17.234347,49.604599]},"properties":{"ZZ_ID":"177325","ZZ_nazev":"Mgr. Denisa Nohelová","ZZ_druh_nazev":"Samostatné zařízení fyzioterapeuta","suggested_tag":"healthcare=physiotherapist","ZZ_obor_pece":"Fyzioterapeut","addr":"Balbínova 364/15","ZZ_RUIAN_kod":"25211196"}},{"type":"Feature","geometry":{"type":"Point","coordinates":[17.234347,49.604599]},"properties":{"ZZ_ID":"177308","ZZ_nazev":"Bc. Jan Petrik","ZZ_druh_nazev":"Samostatné zařízení fyzioterapeuta","suggested_tag":"healthcare=physiotherapist","ZZ_obor_pece":"Fyzioterapeut","addr":"Balbínova 364/15","ZZ_RUIAN_kod":"25211196"}},{"type":"Feature","geometry":{"type":"Point","coordinates":[17.234347,49.604599]},"properties":{"ZZ_ID":"177306","ZZ_nazev":"Bc. Ondřej Žídek","ZZ_druh_nazev":"Samostatné zařízení fyzioterapeuta","suggested_tag":"healthcare=physiotherapist","ZZ_obor_pece":"Fyzioterapeut","addr":"Balbínova 364/15","ZZ_RUIAN_kod":"25211196"}},{"type":"Feature","geometry":{"type":"Point","coordinates":[17.234347,49.604599]},"properties":{"ZZ_ID":"177293","ZZ_nazev":"fyzioMOVE academy Olomouc s.r.o.","ZZ_druh_nazev":"Samostatná ordinace lékaře specialisty","suggested_tag":"amenity=doctors + healthcare=doctor","ZZ_obor_pece":"Fyzioterapeut, ortopedie a traumatologie pohybového ústrojí","addr":"Balbínova 364/15","ZZ_RUIAN_kod":"25211196"}},{"type":"Feature","geometry":{"type":"Point","coordinates":[17.283374,49.590811]},"properties":{"ZZ_ID":"177181","ZZ_nazev":"Mgr. Lucie Šmejkalová","ZZ_druh_nazev":"Samostatné zařízení psychologa","ZZ_obor_pece":"Klinický psycholog, Psychoterapeut","addr":"Jiráskova 122/11","ZZ_RUIAN_kod":"23275936"}},{"type":"Feature","geometry":{"type":"Point","coordinates":[17.250503,49.594761]},"properties":{"ZZ_ID":"177174","ZZ_nazev":"Centrum duševní rovnováhy s.r.o.","ZZ_druh_nazev":"Samostatné zařízení psychologa","ZZ_obor_pece":"Klinický psycholog, Psychoterapeut","addr":"Úzká 368/6","ZZ_RUIAN_kod":"73574759"}},{"type":"Feature","geometry":{"type":"Point","coordinates":[17.258346,49.602069]},"properties":{"ZZ_ID":"176998","ZZ_nazev":"EuroPainClinics Fyzio s.r.o.","ZZ_druh_nazev":"Samostatné zařízení fyzioterapeuta","suggested_tag":"healthcare=physiotherapist","ZZ_obor_pece":"Fyzioterapeut","addr":"Dlouhá 521/34","ZZ_RUIAN_kod":"25533665"}},{"type":"Feature","geometry":{"type":"Point","coordinates":[17.267695,49.590332]},"properties":{"ZZ_ID":"176882","ZZ_nazev":"MUDr. DALIBOR SPÁČIL","ZZ_druh_nazev":"Samostatná ordinace lékaře specialisty","suggested_tag":"amenity=doctors + healthcare=doctor","ZZ_obor_pece":"anesteziologie a intenzivní medicína","addr":"tř. Kosmonautů 1338/1a","ZZ_RUIAN_kod":"81522282"}},{"type":"Feature","geometry":{"type":"Point","coordinates":[17.276312,49.591649]},"properties":{"ZZ_ID":"176871","ZZ_nazev":"AGEL Gynekologické centrum s.r.o.","ZZ_druh_nazev":"Samostatná ordinace PL - gynekologa","suggested_tag":"amenity=doctors + healthcare:speciality=gynaecology","ZZ_obor_pece":"gynekologie a porodnictví","addr":"Jeremenkova 1056/40","ZZ_RUIAN_kod":"25009672","poskytovatel_web":"http://www.gynap.cz/"}},{"type":"Feature","geometry":{"type":"Point","coordinates":[17.258397,49.588638]},"properties":{"ZZ_ID":"176796","ZZ_nazev":"MUDr. MALVÍNA KŘIVÁNKOVÁ Ph.D.","ZZ_druh_nazev":"Samost. ordinace všeob. prakt. lékaře","suggested_tag":"amenity=doctors + healthcare:speciality=general","ZZ_obor_pece":"všeobecné praktické lékařství","addr":"Šantova 720/4","ZZ_RUIAN_kod":"23324538"}},{"type":"Feature","geometry":{"type":"Point","coordinates":[17.258346,49.602069]},"properties":{"ZZ_ID":"176376","ZZ_nazev":"Clincen s.r.o.","ZZ_druh_nazev":"Samostatná ordinace lékaře specialisty","suggested_tag":"amenity=doctors + healthcare=doctor","ZZ_obor_pece":"alergologie a klinická imunologie","addr":"Dlouhá 521/34","ZZ_RUIAN_kod":"25533665"}},{"type":"Feature","geometry":{"type":"Point","coordinates":[17.247756,49.595793]},"properties":{"ZZ_ID":"176189","ZZ_nazev":"JSmile stomatologie s.r.o.","ZZ_druh_nazev":"Samostatná ordinace PL - stomatologa","suggested_tag":"amenity=dentist + healthcare=dentist","ZZ_obor_pece":"Dentální hygienistka, zubní lékařství","addr":"nám. Národních hrdinů 769/2","ZZ_RUIAN_kod":"25056913"}},{"type":"Feature","geometry":{"type":"Point","coordinates":[17.233058,49.581288]},"properties":{"ZZ_ID":"176133","ZZ_nazev":"Odborný léčebný ústav Paseka, příspěvková organizace","ZZ_druh_nazev":"Samostatné zařízení fyzioterapeuta","suggested_tag":"healthcare=physiotherapist","ZZ_obor_pece":"Fyzioterapeut","addr":"Mošnerova 41/1","ZZ_RUIAN_kod":"23301937","poskytovatel_web":"www.olupaseka.cz"}},{"type":"Feature","geometry":{"type":"Point","coordinates":[17.258346,49.602069]},"properties":{"ZZ_ID":"176131","ZZ_nazev":"EuroPainClinics Olomouc s.r.o.","ZZ_druh_nazev":"Samostatná ordinace lékaře specialisty","suggested_tag":"amenity=doctors + healthcare=doctor","ZZ_obor_pece":"algeziologie","addr":"Dlouhá 521/34","ZZ_RUIAN_kod":"25533665","poskytovatel_web":"http://europainclinics.cz"}},{"type":"Feature","geometry":{"type":"Point","coordinates":[17.2499,49.593833]},"properties":{"ZZ_ID":"176130","ZZ_nazev":"SEKYRA DENT s.r.o.","ZZ_druh_nazev":"Samostatná ordinace PL - stomatologa","suggested_tag":"amenity=dentist + healthcare=dentist","ZZ_obor_pece":"zubní lékařství","addr":"Horní náměstí 409/26","ZZ_RUIAN_kod":"23322021"}},{"type":"Feature","geometry":{"type":"Point","coordinates":[17.268315,49.59543]},"properties":{"ZZ_ID":"176081","ZZ_nazev":"MUDr. Martin Kubica","ZZ_druh_nazev":"Samostatná ordinace lékaře specialisty","suggested_tag":"amenity=doctors + healthcare=doctor","ZZ_obor_pece":"ortopedie a traumatologie pohybového ústrojí","addr":"Masarykova třída 889/3","ZZ_RUIAN_kod":"23325984"}},{"type":"Feature","geometry":{"type":"Point","coordinates":[17.231126,49.576904]},"properties":{"ZZ_ID":"175852","ZZ_nazev":"MUDr. Helena Urbánková","ZZ_druh_nazev":"Samostatná ordinace lékaře specialisty","suggested_tag":"amenity=doctors + healthcare=doctor","ZZ_obor_pece":"dětská a dorostová psychiatrie, psychiatrie","addr":"Horní lán 1310/10a","ZZ_RUIAN_kod":"28120281"}},{"type":"Feature","geometry":{"type":"Point","coordinates":[17.259588,49.582657]},"properties":{"ZZ_ID":"175825","ZZ_nazev":"PERDENT s.r.o.","ZZ_druh_nazev":"Samostatná ordinace PL - stomatologa","suggested_tag":"amenity=dentist + healthcare=dentist","ZZ_obor_pece":"zubní lékařství","addr":"Rokycanova 781/19","ZZ_RUIAN_kod":"40612392"}},{"type":"Feature","geometry":{"type":"Point","coordinates":[17.241536,49.578018]},"properties":{"ZZ_ID":"175824","ZZ_nazev":"Mgr. Alexandra Křížová","ZZ_druh_nazev":"Samostatné zařízení fyzioterapeuta","suggested_tag":"healthcare=physiotherapist","ZZ_obor_pece":"Fyzioterapeut","addr":"Heyrovského 422/37","ZZ_RUIAN_kod":"23332221"}},{"type":"Feature","geometry":{"type":"Point","coordinates":[17.242024,49.595793]},"properties":{"ZZ_ID":"175298","ZZ_nazev":"Mgr. Adela Fialová","ZZ_druh_nazev":"Samostatné zařízení fyzioterapeuta","suggested_tag":"healthcare=physiotherapist","ZZ_obor_pece":"Fyzioterapeut","addr":"Erbenova 122/5","ZZ_RUIAN_kod":"23302569"}},{"type":"Feature","geometry":{"type":"Point","coordinates":[17.250503,49.594761]},"properties":{"ZZ_ID":"175227","ZZ_nazev":"Mgr. Iva Smutná","ZZ_druh_nazev":"Samostatné zařízení psychologa","ZZ_obor_pece":"Klinický psycholog","addr":"Úzká 368/6","ZZ_RUIAN_kod":"73574759"}},{"type":"Feature","geometry":{"type":"Point","coordinates":[17.247756,49.595793]},"properties":{"ZZ_ID":"175217","ZZ_nazev":"MUDr. Radana Syslová s.r.o.","ZZ_druh_nazev":"Samostatná ordinace lékaře specialisty","suggested_tag":"amenity=doctors + healthcare=doctor","ZZ_obor_pece":"endokrinologie a diabetologie, vnitřní lékařství","addr":"nám. Národních hrdinů 769/2","ZZ_RUIAN_kod":"25056913"}},{"type":"Feature","geometry":{"type":"Point","coordinates":[17.259206,49.588448]},"properties":{"ZZ_ID":"175028","ZZ_nazev":"MUDr. Šárka Běrská","ZZ_druh_nazev":"Samost. ordinace všeob. prakt. lékaře","suggested_tag":"amenity=doctors + healthcare:speciality=general","ZZ_obor_pece":"všeobecné praktické lékařství","addr":"Šantova 1222/1","ZZ_RUIAN_kod":"83314245"}},{"type":"Feature","geometry":{"type":"Point","coordinates":[17.267695,49.590332]},"properties":{"ZZ_ID":"174965","ZZ_nazev":"MUDr. Gabriel Badida","ZZ_druh_nazev":"Samostatná ordinace lékaře specialisty","suggested_tag":"amenity=doctors + healthcare=doctor","ZZ_obor_pece":"plastická chirurgie","addr":"tř. Kosmonautů 1338/1a","ZZ_RUIAN_kod":"81522282"}},{"type":"Feature","geometry":{"type":"Point","coordinates":[17.232904,49.581516]},"properties":{"ZZ_ID":"174567","ZZ_nazev":"PURAVITA CLINIC s. r. o.","ZZ_druh_nazev":"Samostatná ordinace lékaře specialisty","suggested_tag":"amenity=doctors + healthcare=doctor","ZZ_obor_pece":"ortopedie a traumatologie pohybového ústrojí","addr":"Mošnerova 1182/3","ZZ_RUIAN_kod":"23311746"}},{"type":"Feature","geometry":{"type":"Point","coordinates":[17.234321,49.591176]},"properties":{"ZZ_ID":"174390","ZZ_nazev":"MUDr. Zuzana Leblová s.r.o.","ZZ_druh_nazev":"Sam.ord.prakt.lékaře pro děti a dorost","suggested_tag":"amenity=doctors + healthcare:speciality=paediatrics","ZZ_obor_pece":"pediatrie","addr":"Dobnerova 718/26","ZZ_RUIAN_kod":"25279432"}},{"type":"Feature","geometry":{"type":"Point","coordinates":[17.255036,49.590376]},"properties":{"ZZ_ID":"174361","ZZ_nazev":"MDDr. Zuzana Hanuliaková","ZZ_druh_nazev":"Samostatná ordinace lékaře specialisty","suggested_tag":"amenity=doctors + healthcare=doctor","ZZ_obor_pece":"ortodoncie","addr":"Aksamitova 654/2","ZZ_RUIAN_kod":"23323981","poskytovatel_web":"http://www.rovnatka-zabreh.cz"}},{"type":"Feature","geometry":{"type":"Point","coordinates":[17.235834,49.60579]},"properties":{"ZZ_ID":"174152","ZZ_nazev":"Bc. Radana Rodová","ZZ_druh_nazev":"Samostatné zařízení fyzioterapeuta","suggested_tag":"healthcare=physiotherapist","ZZ_obor_pece":"Fyzioterapeut","addr":"Horní hejčínská 99/37","ZZ_RUIAN_kod":"23294124","poskytovatel_web":"https://www.fyzio-relax-olomouc.cz/"}},{"type":"Feature","geometry":{"type":"Point","coordinates":[17.242972,49.595942]},"properties":{"ZZ_ID":"174066","ZZ_nazev":"Estetik Point s.r.o.","ZZ_druh_nazev":"Samostatná ordinace lékaře specialisty","suggested_tag":"amenity=doctors + healthcare=doctor","ZZ_obor_pece":"dermatovenerologie, plastická chirurgie","addr":"Wellnerova 1215/1","ZZ_RUIAN_kod":"25475550"}},{"type":"Feature","geometry":{"type":"Point","coordinates":[17.25601,49.59006]},"properties":{"ZZ_ID":"174064","ZZ_nazev":"MUDr. Jiří Vajdík","ZZ_druh_nazev":"Samostatná ordinace PL - gynekologa","suggested_tag":"amenity=doctors + healthcare:speciality=gynaecology","ZZ_obor_pece":"gynekologie a porodnictví","addr":"Michalské stromořadí 1062/3","ZZ_RUIAN_kod":"23327464"}},{"type":"Feature","geometry":{"type":"Point","coordinates":[17.270177,49.596244]},"properties":{"ZZ_ID":"174060","ZZ_nazev":"MOJE AMBULANCE a.s.","ZZ_druh_nazev":"Samost. ordinace všeob. prakt. lékaře","suggested_tag":"amenity=doctors + healthcare:speciality=general","ZZ_obor_pece":"všeobecné praktické lékařství","addr":"Dukelská 1056/13","ZZ_RUIAN_kod":"23327405","poskytovatel_web":"http://mojeambulance.cz"}},{"type":"Feature","geometry":{"type":"Point","coordinates":[17.253193,49.589322]},"properties":{"ZZ_ID":"173860","ZZ_nazev":"HDentalCare s.r.o.","ZZ_druh_nazev":"Samostatná ordinace PL - stomatologa","suggested_tag":"amenity=dentist + healthcare=dentist","ZZ_obor_pece":"zubní lékařství","addr":"tř. Svobody 1067/32","ZZ_RUIAN_kod":"25057413"}},{"type":"Feature","geometry":{"type":"Point","coordinates":[17.257319,49.601373]},"properties":{"ZZ_ID":"173844","ZZ_nazev":"MUDr. GABRIELA KONVIČKOVÁ","ZZ_druh_nazev":"Samostatná ordinace lékaře specialisty","suggested_tag":"amenity=doctors + healthcare=doctor","ZZ_obor_pece":"plastická chirurgie","addr":"Dlouhá 524/28","ZZ_RUIAN_kod":"25533649"}},{"type":"Feature","geometry":{"type":"Point","coordinates":[17.258112,49.584789]},"properties":{"ZZ_ID":"173777","ZZ_nazev":"MUDr. DITA VITOVJÁKOVÁ","ZZ_druh_nazev":"Samostatná ordinace lékaře specialisty","suggested_tag":"amenity=doctors + healthcare=doctor","ZZ_obor_pece":"dermatovenerologie","addr":"Rokycanova 802/1e","ZZ_RUIAN_kod":"75754355"}},{"type":"Feature","geometry":{"type":"Point","coordinates":[17.288379,49.59623]},"properties":{"ZZ_ID":"173651","ZZ_nazev":"Mgr. JITKA ŠIRMAROVÁ","ZZ_druh_nazev":"Samostatné zařízení fyzioterapeuta","suggested_tag":"healthcare=physiotherapist","ZZ_obor_pece":"Fyzioterapeut","addr":"Horova 59/2","ZZ_RUIAN_kod":"23275405"}},{"type":"Feature","geometry":{"type":"Point","coordinates":[17.243092,49.578645]},"properties":{"ZZ_ID":"173650","ZZ_nazev":"PhDr. PETRA TENGLEROVÁ","ZZ_druh_nazev":"Samostatné zařízení psychologa","ZZ_obor_pece":"Klinický psycholog","addr":"Janského 463/24","ZZ_RUIAN_kod":"25534785"}},{"type":"Feature","geometry":{"type":"Point","coordinates":[17.277008,49.601432]},"properties":{"ZZ_ID":"173513","ZZ_nazev":"MDDr. Petra Vejrostová","ZZ_druh_nazev":"Samostatná ordinace PL - stomatologa","suggested_tag":"amenity=dentist + healthcare=dentist","ZZ_obor_pece":"zubní lékařství","addr":"Pavlovická 57/9","ZZ_RUIAN_kod":"23328762"}},{"type":"Feature","geometry":{"type":"Point","coordinates":[17.258319,49.584569]},"properties":{"ZZ_ID":"173466","ZZ_nazev":"CENTRUM ZUBNÍ MEDICÍNY s.r.o.","ZZ_druh_nazev":"Samostatná ordinace PL - stomatologa","suggested_tag":"amenity=dentist + healthcare=dentist","ZZ_obor_pece":"zubní lékařství","addr":"Rokycanova 796/1g","ZZ_RUIAN_kod":"74814231"}},{"type":"Feature","geometry":{"type":"Point","coordinates":[17.236399,49.597273]},"properties":{"ZZ_ID":"173226","ZZ_nazev":"MUDr. JOZEF ZÁKOPČAN","ZZ_druh_nazev":"Samostatná ordinace lékaře specialisty","suggested_tag":"amenity=doctors + healthcare=doctor","ZZ_obor_pece":"neurologie","addr":"Na Šibeníku 914/1","ZZ_RUIAN_kod":"25823965"}},{"type":"Feature","geometry":{"type":"Point","coordinates":[17.257926,49.587431]},"properties":{"ZZ_ID":"173143","ZZ_nazev":"Fielmann s.r.o.","ZZ_druh_nazev":"Oční optika","suggested_tag":"shop=optician","ZZ_obor_pece":"Optometrista","addr":"Polská 1201/1","ZZ_RUIAN_kod":"42678803","poskytovatel_web":"www.fielmann.cz"}},{"type":"Feature","geometry":{"type":"Point","coordinates":[17.252055,49.595253]},"properties":{"ZZ_ID":"173058","ZZ_nazev":"Mgr. Magdaléna Šmídová","ZZ_druh_nazev":"Samostatné zařízení psychologa","ZZ_obor_pece":"Klinický psycholog","addr":"Opletalova 476/8","ZZ_RUIAN_kod":"25534378"}},{"type":"Feature","geometry":{"type":"Point","coordinates":[17.269378,49.590668]},"properties":{"ZZ_ID":"173043","ZZ_nazev":"MAPO revma Bruntál s.r.o.","ZZ_druh_nazev":"Samostatná ordinace lékaře specialisty","suggested_tag":"amenity=doctors + healthcare=doctor","ZZ_obor_pece":"klinická osteologie, revmatologie, vnitřní lékařství","addr":"tř. Kosmonautů 1338/1c","ZZ_RUIAN_kod":"86469487","poskytovatel_web":"http://www.revmatologiebruntal.cz"}},{"type":"Feature","geometry":{"type":"Point","coordinates":[17.242972,49.595942]},"properties":{"ZZ_ID":"172992","ZZ_nazev":"MDDr. EVA MOZOĽOVÁ","ZZ_druh_nazev":"Samostatná ordinace PL - stomatologa","suggested_tag":"amenity=dentist + healthcare=dentist","ZZ_obor_pece":"zubní lékařství","addr":"Wellnerova 1215/3a","ZZ_RUIAN_kod":"25999516"}},{"type":"Feature","geometry":{"type":"Point","coordinates":[17.247756,49.595793]},"properties":{"ZZ_ID":"172889","ZZ_nazev":"babydoctor s.r.o.","ZZ_druh_nazev":"Sam.ord.prakt.lékaře pro děti a dorost","suggested_tag":"amenity=doctors + healthcare:speciality=paediatrics","ZZ_obor_pece":"praktické lékařství pro děti a dorost","addr":"nám. Národních hrdinů 769/2","ZZ_RUIAN_kod":"25056913"}},{"type":"Feature","geometry":{"type":"Point","coordinates":[17.212654,49.593775]},"properties":{"ZZ_ID":"162747","ZZ_nazev":"Sportovní medicína, a.s.","ZZ_druh_nazev":"Samostatná ordinace lékaře specialisty","suggested_tag":"amenity=doctors + healthcare=doctor","ZZ_obor_pece":"Fyzioterapeut, tělovýchovné lékařství, vnitřní lékařství","addr":"U Letiště 976/32","ZZ_RUIAN_kod":"75364824","poskytovatel_web":"http://www.sportovnimedicina.cz/"}},{"type":"Feature","geometry":{"type":"Point","coordinates":[17.250385,49.592124]},"properties":{"ZZ_ID":"162630","ZZ_nazev":"MUDr. KATARÍNA KONVIČKOVÁ","ZZ_druh_nazev":"Samostatná ordinace lékaře specialisty","suggested_tag":"amenity=doctors + healthcare=doctor","ZZ_obor_pece":"oftalmologie","addr":"Pavelčákova 1/21","ZZ_RUIAN_kod":"23318520"}},{"type":"Feature","geometry":{"type":"Point","coordinates":[17.237386,49.603236]},"properties":{"ZZ_ID":"162606","ZZ_nazev":"REHAFYZ s.r.o.","ZZ_druh_nazev":"Samostatné zařízení fyzioterapeuta","suggested_tag":"healthcare=physiotherapist","ZZ_obor_pece":"Fyzioterapeut, rehabilitační a fyzikální medicína","addr":"Tomkova 420/48","ZZ_RUIAN_kod":"82043957","poskytovatel_web":"http://www.rehafyz.cz"}},{"type":"Feature","geometry":{"type":"Point","coordinates":[17.233654,49.580056]},"properties":{"ZZ_ID":"162511","ZZ_nazev":"MEDICOR Olomouc s.r.o.","ZZ_druh_nazev":"Samostatná ordinace lékaře specialisty","suggested_tag":"amenity=doctors + healthcare=doctor","ZZ_obor_pece":"kardiologie, vnitřní lékařství","addr":"I. P. Pavlova 184/69","ZZ_RUIAN_kod":"23303069"}},{"type":"Feature","geometry":{"type":"Point","coordinates":[17.243702,49.595927]},"properties":{"ZZ_ID":"162396","ZZ_nazev":"APEX medical centrum, s.r.o.","ZZ_druh_nazev":"Samostatná ordinace PL - stomatologa","suggested_tag":"amenity=dentist + healthcare=dentist","ZZ_obor_pece":"zubní lékařství","addr":"Palackého 1198/14","ZZ_RUIAN_kod":"41983441","poskytovatel_web":"http://apexcentrum.cz"}},{"type":"Feature","geometry":{"type":"Point","coordinates":[17.243702,49.595927]},"properties":{"ZZ_ID":"162395","ZZ_nazev":"GUM care, s.r.o.","ZZ_druh_nazev":"Samostatná ordinace PL - stomatologa","suggested_tag":"amenity=dentist + healthcare=dentist","ZZ_obor_pece":"Dentální hygienistka, zubní lékařství","addr":"Palackého 1198/14","ZZ_RUIAN_kod":"41983441"}},{"type":"Feature","geometry":{"type":"Point","coordinates":[17.233654,49.580056]},"properties":{"ZZ_ID":"162394","ZZ_nazev":"MUDr. MARIÁN FEDORCO Ph.D.","ZZ_druh_nazev":"Samostatná ordinace lékaře specialisty","suggested_tag":"amenity=doctors + healthcare=doctor","ZZ_obor_pece":"kardiologie","addr":"I. P. Pavlova 184/69","ZZ_RUIAN_kod":"23303069"}},{"type":"Feature","geometry":{"type":"Point","coordinates":[17.253193,49.589322]},"properties":{"ZZ_ID":"162323","ZZ_nazev":"MUDr. Marta Žemličková s.r.o.","ZZ_druh_nazev":"Sam.ord.prakt.lékaře pro děti a dorost","suggested_tag":"amenity=doctors + healthcare:speciality=paediatrics","ZZ_obor_pece":"praktické lékařství pro děti a dorost","addr":"tř. Svobody 1067/32","ZZ_RUIAN_kod":"25057413"}},{"type":"Feature","geometry":{"type":"Point","coordinates":[17.258346,49.602069]},"properties":{"ZZ_ID":"162202","ZZ_nazev":"Kardiologie RD s.r.o.","ZZ_druh_nazev":"Samostatná ordinace lékaře specialisty","suggested_tag":"amenity=doctors + healthcare=doctor","ZZ_obor_pece":"kardiologie","addr":"Dlouhá 521/34","ZZ_RUIAN_kod":"25533665"}},{"type":"Feature","geometry":{"type":"Point","coordinates":[17.246192,49.594685]},"properties":{"ZZ_ID":"162054","ZZ_nazev":"MUDr. Tomáš Kameníček - stoma s.r.o.","ZZ_druh_nazev":"Samostatná ordinace PL - stomatologa","suggested_tag":"amenity=dentist + healthcare=dentist","ZZ_obor_pece":"zubní lékařství","addr":"Kollárovo nám. 697/9","ZZ_RUIAN_kod":"23324333"}},{"type":"Feature","geometry":{"type":"Point","coordinates":[17.268459,49.589218]},"properties":{"ZZ_ID":"161916","ZZ_nazev":"MDDr. Iva Šenková","ZZ_druh_nazev":"Samostatná ordinace PL - stomatologa","suggested_tag":"amenity=dentist + healthcare=dentist","ZZ_obor_pece":"zubní lékařství","addr":"tř. Kosmonautů 989/8","ZZ_RUIAN_kod":"25057383","poskytovatel_web":"https://senkova-stomatologie.cz"}},{"type":"Feature","geometry":{"type":"Point","coordinates":[17.273803,49.592352]},"properties":{"ZZ_ID":"161751","ZZ_nazev":"Mgr. Kateřina Konečná","ZZ_druh_nazev":"Samostatné zařízení fyzioterapeuta","suggested_tag":"healthcare=physiotherapist","ZZ_obor_pece":"Fyzioterapeut","addr":"Březinova 136/7","ZZ_RUIAN_kod":"23276053"}},{"type":"Feature","geometry":{"type":"Point","coordinates":[17.25273,49.594583]},"properties":{"ZZ_ID":"161602","ZZ_nazev":"OPTIKA MAON, s.r.o.","ZZ_druh_nazev":"Oční optika","suggested_tag":"shop=optician","ZZ_obor_pece":"Optometrista","addr":"Ostružnická 327/10","ZZ_RUIAN_kod":"23321326"}},{"type":"Feature","geometry":{"type":"Point","coordinates":[17.242972,49.595942]},"properties":{"ZZ_ID":"161504","ZZ_nazev":"DiaDia s.r.o.","ZZ_druh_nazev":"Samostatná ordinace lékaře specialisty","suggested_tag":"amenity=doctors + healthcare=doctor","ZZ_obor_pece":"endokrinologie a diabetologie, vnitřní lékařství","addr":"Wellnerova 1215/3","ZZ_RUIAN_kod":"25475568"}},{"type":"Feature","geometry":{"type":"Point","coordinates":[17.265501,49.609542]},"properties":{"ZZ_ID":"161440","ZZ_nazev":"Tormová Eleonóra MUDr., s.r.o.","ZZ_druh_nazev":"Samost. ordinace všeob. prakt. lékaře","suggested_tag":"amenity=doctors + healthcare:speciality=general","ZZ_obor_pece":"všeobecné praktické lékařství","addr":"Na vlčinci 16/3","ZZ_RUIAN_kod":"74589261"}},{"type":"Feature","geometry":{"type":"Point","coordinates":[17.230568,49.587169]},"properties":{"ZZ_ID":"161364","ZZ_nazev":"MUDr. OLGA SUCHÁ","ZZ_druh_nazev":"Samostatná ordinace PL - stomatologa","suggested_tag":"amenity=dentist + healthcare=dentist","ZZ_obor_pece":"zubní lékařství","addr":"Stupkova 982/10","ZZ_RUIAN_kod":"25123921"}},{"type":"Feature","geometry":{"type":"Point","coordinates":[17.234338,49.595734]},"properties":{"ZZ_ID":"161291","ZZ_nazev":"MDDr. JANA SPÁČILOVÁ","ZZ_druh_nazev":"Samostatná ordinace PL - stomatologa","suggested_tag":"amenity=dentist + healthcare=dentist","ZZ_obor_pece":"zubní lékařství","addr":"Žilinská 1246/26","ZZ_RUIAN_kod":"26055155"}},{"type":"Feature","geometry":{"type":"Point","coordinates":[17.236399,49.597273]},"properties":{"ZZ_ID":"160965","ZZ_nazev":"Metagyn s.r.o.","ZZ_druh_nazev":"Samostatná ordinace PL - gynekologa","suggested_tag":"amenity=doctors + healthcare:speciality=gynaecology","ZZ_obor_pece":"gynekologie a porodnictví","addr":"Na Šibeníku 914/1","ZZ_RUIAN_kod":"25823965"}},{"type":"Feature","geometry":{"type":"Point","coordinates":[17.276312,49.591649]},"properties":{"ZZ_ID":"160869","ZZ_nazev":"Alergologie Gvozdiaková s.r.o.","ZZ_druh_nazev":"Samostatná ordinace lékaře specialisty","suggested_tag":"amenity=doctors + healthcare=doctor","ZZ_obor_pece":"alergologie a klinická imunologie","addr":"Jeremenkova 1056/40","ZZ_RUIAN_kod":"25009672"}},{"type":"Feature","geometry":{"type":"Point","coordinates":[17.25642,49.614073]},"properties":{"ZZ_ID":"160861","ZZ_nazev":"TENT KLINIK s.r.o.","ZZ_druh_nazev":"Samostatné zařízení psychologa","ZZ_obor_pece":"Klinický psycholog","addr":"Peřinova 102/15","ZZ_RUIAN_kod":"23259612"}},{"type":"Feature","geometry":{"type":"Point","coordinates":[17.237531,49.59958]},"properties":{"ZZ_ID":"160571","ZZ_nazev":"MUDr. PETER KEPIČ","ZZ_druh_nazev":"Samostatná ordinace lékaře specialisty","suggested_tag":"amenity=doctors + healthcare=doctor","ZZ_obor_pece":"urologie","addr":"Na Šibeníku 212/26","ZZ_RUIAN_kod":"23295198"}},{"type":"Feature","geometry":{"type":"Point","coordinates":[17.245511,49.595607]},"properties":{"ZZ_ID":"160570","ZZ_nazev":"PhDr. KATEŘINA CHARVÁTOVÁ","ZZ_druh_nazev":"Samostatné zařízení psychologa","ZZ_obor_pece":"Dětský klinický psycholog, Klinický psycholog","addr":"Palackého 642/13","ZZ_RUIAN_kod":"23323892"}},{"type":"Feature","geometry":{"type":"Point","coordinates":[17.242176,49.589156]},"properties":{"ZZ_ID":"150186","ZZ_nazev":"MUDr. Lenka Vondrová s.r.o.","ZZ_druh_nazev":"Samostatná ordinace PL - stomatologa","suggested_tag":"amenity=dentist + healthcare=dentist","ZZ_obor_pece":"zubní lékařství","addr":"Polívkova 465/51","ZZ_RUIAN_kod":"23305541"}},{"type":"Feature","geometry":{"type":"Point","coordinates":[17.256116,49.578423]},"properties":{"ZZ_ID":"150159","ZZ_nazev":"Mgr. ZUZANA VONDROUŠOVÁ DiS.","ZZ_druh_nazev":"Samostatné zařízení fyzioterapeuta","suggested_tag":"healthcare=physiotherapist","ZZ_obor_pece":"Fyzioterapeut","addr":"Radova 599/4","ZZ_RUIAN_kod":"23317299"}},{"type":"Feature","geometry":{"type":"Point","coordinates":[17.243683,49.587903]},"properties":{"ZZ_ID":"150136","ZZ_nazev":"Flora Optik s.r.o.","ZZ_druh_nazev":"Oční optika","suggested_tag":"shop=optician","ZZ_obor_pece":"Optometrista","addr":"Wolkerova 656/22","ZZ_RUIAN_kod":"23307307"}},{"type":"Feature","geometry":{"type":"Point","coordinates":[17.251528,49.593224]},"properties":{"ZZ_ID":"139492","ZZ_nazev":"PhDr. Tereza Štecková, Ph.D.","ZZ_druh_nazev":"Samostatné zařízení psychologa","ZZ_obor_pece":"Klinický psycholog","addr":"Horní náměstí 14/17","ZZ_RUIAN_kod":"23318627"}},{"type":"Feature","geometry":{"type":"Point","coordinates":[17.271926,49.596606]},"properties":{"ZZ_ID":"139425","ZZ_nazev":"Mgr. MARTA HRUBÁ","ZZ_druh_nazev":"Samostatné zařízení fyzioterapeuta","suggested_tag":"healthcare=physiotherapist","ZZ_obor_pece":"Fyzioterapeut","addr":"kpt. Nálepky 1068/11","ZZ_RUIAN_kod":"23327511","poskytovatel_web":"http://www.fyziohruba.cz"}},{"type":"Feature","geometry":{"type":"Point","coordinates":[17.269378,49.590668]},"properties":{"ZZ_ID":"139340","ZZ_nazev":"NeoOrtoClinic s.r.o.","ZZ_druh_nazev":"Samostatná ordinace lékaře specialisty","suggested_tag":"amenity=doctors + healthcare=doctor","ZZ_obor_pece":"ortopedie a traumatologie pohybového ústrojí","addr":"tř. Kosmonautů 1338/1c","ZZ_RUIAN_kod":"86469487","poskytovatel_web":"http://www.neoortoclinic.cz"}},{"type":"Feature","geometry":{"type":"Point","coordinates":[17.251386,49.572422]},"properties":{"ZZ_ID":"139317","ZZ_nazev":"MDDr. TEREZA PERNIČKOVÁ","ZZ_druh_nazev":"Samostatná ordinace PL - stomatologa","suggested_tag":"amenity=dentist + healthcare=dentist","ZZ_obor_pece":"zubní lékařství","addr":"Peškova 518/5","ZZ_RUIAN_kod":"28182294"}},{"type":"Feature","geometry":{"type":"Point","coordinates":[17.253193,49.589322]},"properties":{"ZZ_ID":"139137","ZZ_nazev":"MUDr. Katarína Obereignerů","ZZ_druh_nazev":"Samostatná ordinace lékaře specialisty","suggested_tag":"amenity=doctors + healthcare=doctor","ZZ_obor_pece":"dětská neurologie, neurologie","addr":"tř. Svobody 1067/32","ZZ_RUIAN_kod":"25057413"}},{"type":"Feature","geometry":{"type":"Point","coordinates":[17.245511,49.595607]},"properties":{"ZZ_ID":"139098","ZZ_nazev":"Mgr. TAŤÁNA OPLETALOVÁ","ZZ_druh_nazev":"Samostatné zařízení psychologa","ZZ_obor_pece":"Klinický psycholog","addr":"Palackého 642/13","ZZ_RUIAN_kod":"23323892"}},{"type":"Feature","geometry":{"type":"Point","coordinates":[17.232673,49.58111]},"properties":{"ZZ_ID":"138923","ZZ_nazev":"PROTEOR CZ s.r.o.","ZZ_druh_nazev":"Samostatná ordinace lékaře specialisty","suggested_tag":"amenity=doctors + healthcare=doctor","ZZ_obor_pece":"ortopedie a traumatologie pohybového ústrojí, Ortotik-protetik","addr":"Mošnerova 1184/7","ZZ_RUIAN_kod":"23311762","poskytovatel_web":"proteorcz.cz"}},{"type":"Feature","geometry":{"type":"Point","coordinates":[17.255226,49.599758]},"properties":{"ZZ_ID":"138883","ZZ_nazev":"Libento s.r.o.","ZZ_druh_nazev":"Samostatná ordinace PL - stomatologa","suggested_tag":"amenity=dentist + healthcare=dentist","ZZ_obor_pece":"zubní lékařství","addr":"Bořivojova 540/30a","ZZ_RUIAN_kod":"23266724"}},{"type":"Feature","geometry":{"type":"Point","coordinates":[17.244044,49.585882]},"properties":{"ZZ_ID":"138844","ZZ_nazev":"Mgr. MARTINA HEJTMÁNKOVÁ","ZZ_druh_nazev":"Samostatné zařízení fyzioterapeuta","suggested_tag":"healthcare=physiotherapist","ZZ_obor_pece":"Fyzioterapeut","addr":"Edmunda Husserla 1212/1","ZZ_RUIAN_kod":"80321496"}},{"type":"Feature","geometry":{"type":"Point","coordinates":[17.284451,49.589124]},"properties":{"ZZ_ID":"138763","ZZ_nazev":"Stomatologické centrum 3Kameny s.r.o.","ZZ_druh_nazev":"Samostatná ordinace PL - stomatologa","suggested_tag":"amenity=dentist + healthcare=dentist","ZZ_obor_pece":"ortodoncie, zubní lékařství","addr":"Ostravská 743/34","ZZ_RUIAN_kod":"23281286"}},{"type":"Feature","geometry":{"type":"Point","coordinates":[17.276312,49.591649]},"properties":{"ZZ_ID":"138762","ZZ_nazev":"MUDr. Táňa Hoplíčková - zubní ordinace s.r.o.","ZZ_druh_nazev":"Samostatná ordinace PL - stomatologa","suggested_tag":"amenity=dentist + healthcare=dentist","ZZ_obor_pece":"zubní lékařství","addr":"Jeremenkova 1056/40","ZZ_RUIAN_kod":"25009672"}},{"type":"Feature","geometry":{"type":"Point","coordinates":[17.276312,49.591649]},"properties":{"ZZ_ID":"138653","ZZ_nazev":"Mgr. et Mgr. HANA KRYLOVÁ Ph.D.","ZZ_druh_nazev":"Samostatné zařízení psychologa","ZZ_obor_pece":"Dětský klinický psycholog, Klinický psycholog","addr":"Jeremenkova 1056/40","ZZ_RUIAN_kod":"25009672","poskytovatel_web":"www.psychologkrylova.cz"}},{"type":"Feature","geometry":{"type":"Point","coordinates":[17.258346,49.602069]},"properties":{"ZZ_ID":"138641","ZZ_nazev":"Neuro plus s.r.o.","ZZ_druh_nazev":"Samostatná ordinace lékaře specialisty","suggested_tag":"amenity=doctors + healthcare=doctor","ZZ_obor_pece":"neurologie","addr":"Dlouhá 521/34","ZZ_RUIAN_kod":"25533665"}},{"type":"Feature","geometry":{"type":"Point","coordinates":[17.232448,49.576491]},"properties":{"ZZ_ID":"138569","ZZ_nazev":"MUDr. RENATA URBANOVÁ Ph.D.","ZZ_druh_nazev":"Samostatná ordinace lékaře specialisty","suggested_tag":"amenity=doctors + healthcare=doctor","ZZ_obor_pece":"hematologie a transfúzní lékařství, paliativní medicína","addr":"Čajkovského 1348/18a","ZZ_RUIAN_kod":"74471473"}},{"type":"Feature","geometry":{"type":"Point","coordinates":[17.254665,49.595414]},"properties":{"ZZ_ID":"137856","ZZ_nazev":"FOKUS optik a.s.","ZZ_druh_nazev":"Oční optika","suggested_tag":"shop=optician","ZZ_obor_pece":"Optometrista","addr":"Denisova 273/10","ZZ_RUIAN_kod":"23320834","poskytovatel_web":"fokusoptik.cz"}},{"type":"Feature","geometry":{"type":"Point","coordinates":[17.2499,49.594269]},"properties":{"ZZ_ID":"137854","ZZ_nazev":"FOKUS optik a.s.","ZZ_druh_nazev":"Oční optika","suggested_tag":"shop=optician","ZZ_obor_pece":"Optometrista","addr":"Horní náměstí 371/1","ZZ_RUIAN_kod":"23321733","poskytovatel_web":"fokusoptik.cz"}},{"type":"Feature","geometry":{"type":"Point","coordinates":[17.251356,49.599438]},"properties":{"ZZ_ID":"137826","ZZ_nazev":"MDDr. JAN ČECHÁK","ZZ_druh_nazev":"Samostatná ordinace PL - stomatologa","suggested_tag":"amenity=dentist + healthcare=dentist","ZZ_obor_pece":"zubní lékařství","addr":"Na střelnici 180/18","ZZ_RUIAN_kod":"23263261"}},{"type":"Feature","geometry":{"type":"Point","coordinates":[17.231126,49.576904]},"properties":{"ZZ_ID":"137820","ZZ_nazev":"Mgr. Luděk Vágner","ZZ_druh_nazev":"Samostatné zařízení fyzioterapeuta","suggested_tag":"healthcare=physiotherapist","ZZ_obor_pece":"Fyzioterapeut","addr":"Horní lán 1310/10a","ZZ_RUIAN_kod":"28120281","poskytovatel_web":"http://lifebalanceclinic.cz"}},{"type":"Feature","geometry":{"type":"Point","coordinates":[17.233654,49.580056]},"properties":{"ZZ_ID":"137723","ZZ_nazev":"MUDr. LUCIE TROUBILOVÁ","ZZ_druh_nazev":"Samost. ordinace všeob. prakt. lékaře","suggested_tag":"amenity=doctors + healthcare:speciality=general","ZZ_obor_pece":"všeobecné praktické lékařství","addr":"I. P. Pavlova 184/69","ZZ_RUIAN_kod":"23303069"}},{"type":"Feature","geometry":{"type":"Point","coordinates":[17.220442,49.602255]},"properties":{"ZZ_ID":"137554","ZZ_nazev":"Rehabilitační centrum FyzioHelp s.r.o.","ZZ_druh_nazev":"Samostatné zařízení fyzioterapeuta","suggested_tag":"healthcare=physiotherapist","ZZ_obor_pece":"Fyzioterapeut","addr":"Pražská 255/41","ZZ_RUIAN_kod":"26238772"}},{"type":"Feature","geometry":{"type":"Point","coordinates":[17.246151,49.593464]},"properties":{"ZZ_ID":"137469","ZZ_nazev":"MUDr. Tomáš Přerovský","ZZ_druh_nazev":"Samostatná ordinace lékaře specialisty","suggested_tag":"amenity=doctors + healthcare=doctor","ZZ_obor_pece":"ortopedie a traumatologie pohybového ústrojí","addr":"Bezručova 1138/5","ZZ_RUIAN_kod":"23328126"}},{"type":"Feature","geometry":{"type":"Point","coordinates":[17.253193,49.589322]},"properties":{"ZZ_ID":"137308","ZZ_nazev":"Ortopedie třída Svobody s.r.o.","ZZ_druh_nazev":"Samostatná ordinace lékaře specialisty","suggested_tag":"amenity=doctors + healthcare=doctor","ZZ_obor_pece":"ortopedie a traumatologie pohybového ústrojí","addr":"tř. Svobody 1067/32","ZZ_RUIAN_kod":"25057413"}},{"type":"Feature","geometry":{"type":"Point","coordinates":[17.243092,49.578645]},"properties":{"ZZ_ID":"137306","ZZ_nazev":"MDDr. Michal Mozoĺa","ZZ_druh_nazev":"Samostatná ordinace PL - stomatologa","suggested_tag":"amenity=dentist + healthcare=dentist","ZZ_obor_pece":"zubní lékařství","addr":"Janského 463/24","ZZ_RUIAN_kod":"25534785"}},{"type":"Feature","geometry":{"type":"Point","coordinates":[17.246884,49.594729]},"properties":{"ZZ_ID":"137270","ZZ_nazev":"MUDr. JAN ŠTERNBERSKÝ Ph.D.","ZZ_druh_nazev":"Samostatná ordinace lékaře specialisty","suggested_tag":"amenity=doctors + healthcare=doctor","ZZ_obor_pece":"dermatovenerologie","addr":"tř. Svobody 647/6","ZZ_RUIAN_kod":"25001396"}},{"type":"Feature","geometry":{"type":"Point","coordinates":[17.253193,49.589322]},"properties":{"ZZ_ID":"137269","ZZ_nazev":"VIDILUX s.r.o.","ZZ_druh_nazev":"Samostatná ordinace lékaře specialisty","suggested_tag":"amenity=doctors + healthcare=doctor","ZZ_obor_pece":"oftalmologie","addr":"tř. Svobody 1067/32","ZZ_RUIAN_kod":"25057413"}},{"type":"Feature","geometry":{"type":"Point","coordinates":[17.276312,49.591649]},"properties":{"ZZ_ID":"137130","ZZ_nazev":"MUDr. Dana Ondrová","ZZ_druh_nazev":"Samostatná ordinace PL - gynekologa","suggested_tag":"amenity=doctors + healthcare:speciality=gynaecology","ZZ_obor_pece":"gynekologie a porodnictví, gynekologie dětí a dospívajících","addr":"Jeremenkova 1056/40","ZZ_RUIAN_kod":"25009672"}},{"type":"Feature","geometry":{"type":"Point","coordinates":[17.252055,49.595253]},"properties":{"ZZ_ID":"137020","ZZ_nazev":"Psychologická praxe AARON s.r.o.","ZZ_druh_nazev":"Samostatné zařízení psychologa","ZZ_obor_pece":"Klinický psycholog","addr":"Opletalova 476/8","ZZ_RUIAN_kod":"25534378"}},{"type":"Feature","geometry":{"type":"Point","coordinates":[17.256723,49.602069]},"properties":{"ZZ_ID":"136992","ZZ_nazev":"Naše logopedie s.r.o.","ZZ_druh_nazev":"Samostatné zařízení logopeda","ZZ_obor_pece":"Klinický logoped","addr":"Dlouhá 488/38","ZZ_RUIAN_kod":"23266261","poskytovatel_web":"http://www.naselogopedie.cz"}},{"type":"Feature","geometry":{"type":"Point","coordinates":[17.244339,49.576539]},"properties":{"ZZ_ID":"136910","ZZ_nazev":"SOFRONIESKI MS s.r.o.","ZZ_druh_nazev":"Samostatná ordinace PL - stomatologa","suggested_tag":"amenity=dentist + healthcare=dentist","ZZ_obor_pece":"zubní lékařství","addr":"Janského 554/3","ZZ_RUIAN_kod":"78961319"}},{"type":"Feature","geometry":{"type":"Point","coordinates":[17.24911,49.584265]},"properties":{"ZZ_ID":"136699","ZZ_nazev":"FRESHDENT Schweitzerova s.r.o.","ZZ_druh_nazev":"Samostatná ordinace PL - stomatologa","suggested_tag":"amenity=dentist + healthcare=dentist","ZZ_obor_pece":"zubní lékařství","addr":"Schweitzerova 160/16","ZZ_RUIAN_kod":"23330023","poskytovatel_web":"http://freshdentolomouc.cz/"}},{"type":"Feature","geometry":{"type":"Point","coordinates":[17.243092,49.578645]},"properties":{"ZZ_ID":"136594","ZZ_nazev":"Ordinace Janského s.r.o.","ZZ_druh_nazev":"Samost. ordinace všeob. prakt. lékaře","suggested_tag":"amenity=doctors + healthcare:speciality=general","ZZ_obor_pece":"všeobecné praktické lékařství","addr":"Janského 463/24","ZZ_RUIAN_kod":"25534785"}},{"type":"Feature","geometry":{"type":"Point","coordinates":[17.242972,49.595942]},"properties":{"ZZ_ID":"136531","ZZ_nazev":"MUDr. Jana Krchová s.r.o.","ZZ_druh_nazev":"Sam.ord.prakt.lékaře pro děti a dorost","suggested_tag":"amenity=doctors + healthcare:speciality=paediatrics","ZZ_obor_pece":"praktické lékařství pro děti a dorost","addr":"Wellnerova 1215/3a","ZZ_RUIAN_kod":"25999516","poskytovatel_web":"www.janakrchova.cz"}},{"type":"Feature","geometry":{"type":"Point","coordinates":[17.236399,49.597273]},"properties":{"ZZ_ID":"136296","ZZ_nazev":"LAVAP MEDICAL s.r.o.","ZZ_druh_nazev":"Samostatná ordinace lékaře specialisty","suggested_tag":"amenity=doctors + healthcare=doctor","ZZ_obor_pece":"chirurgie","addr":"Na Šibeníku 914/1","ZZ_RUIAN_kod":"25823965"}},{"type":"Feature","geometry":{"type":"Point","coordinates":[17.246985,49.595534]},"properties":{"ZZ_ID":"136193","ZZ_nazev":"MUDr. Sylva Otrubová s.r.o.","ZZ_druh_nazev":"Samost. ordinace všeob. prakt. lékaře","suggested_tag":"amenity=doctors + healthcare:speciality=general","ZZ_obor_pece":"všeobecné praktické lékařství","addr":"Palackého 621/1","ZZ_RUIAN_kod":"23323701","poskytovatel_web":"http://www.mudrsylvaotrubova.evron.cz"}},{"type":"Feature","geometry":{"type":"Point","coordinates":[17.234321,49.591176]},"properties":{"ZZ_ID":"135420","ZZ_nazev":"Tormová Eleonóra MUDr., s.r.o.","ZZ_druh_nazev":"Samost. ordinace všeob. prakt. lékaře","suggested_tag":"amenity=doctors + healthcare:speciality=general","ZZ_obor_pece":"všeobecné praktické lékařství","addr":"Dobnerova 718/26","ZZ_RUIAN_kod":"25279432"}},{"type":"Feature","geometry":{"type":"Point","coordinates":[17.258346,49.602069]},"properties":{"ZZ_ID":"135142","ZZ_nazev":"Stomatologie Lazce s.r.o.","ZZ_druh_nazev":"Samostatná ordinace PL - stomatologa","suggested_tag":"amenity=dentist + healthcare=dentist","ZZ_obor_pece":"zubní lékařství","addr":"Dlouhá 521/34","ZZ_RUIAN_kod":"25533665"}},{"type":"Feature","geometry":{"type":"Point","coordinates":[17.236534,49.596069]},"properties":{"ZZ_ID":"135004","ZZ_nazev":"Mgr. Jan Vagner","ZZ_druh_nazev":"Samostatné zařízení fyzioterapeuta","suggested_tag":"healthcare=physiotherapist","ZZ_obor_pece":"Fyzioterapeut","addr":"Dvořákova 464/8","ZZ_RUIAN_kod":"23305533"}},{"type":"Feature","geometry":{"type":"Point","coordinates":[17.283374,49.590811]},"properties":{"ZZ_ID":"134843","ZZ_nazev":"Visual Medicine s.r.o.","ZZ_druh_nazev":"Samostatná ordinace lékaře specialisty","suggested_tag":"amenity=doctors + healthcare=doctor","ZZ_obor_pece":"anesteziologie a intenzivní medicína","addr":"Jiráskova 122/11","ZZ_RUIAN_kod":"23275936"}},{"type":"Feature","geometry":{"type":"Point","coordinates":[17.269778,49.591597]},"properties":{"ZZ_ID":"134719","ZZ_nazev":"MUDr. VENDULA MIKLOVÁ","ZZ_druh_nazev":"Samostatná ordinace PL - stomatologa","suggested_tag":"amenity=dentist + healthcare=dentist","ZZ_obor_pece":"zubní lékařství","addr":"Nezvalova 1293/2a","ZZ_RUIAN_kod":"42846234"}},{"type":"Feature","geometry":{"type":"Point","coordinates":[17.246151,49.593464]},"properties":{"ZZ_ID":"134711","ZZ_nazev":"MUDr. JIŘÍ BERKA","ZZ_druh_nazev":"Samostatná ordinace lékaře specialisty","suggested_tag":"amenity=doctors + healthcare=doctor","ZZ_obor_pece":"radiologie a zobrazovací metody","addr":"Bezručova 1138/5","ZZ_RUIAN_kod":"23328126"}},{"type":"Feature","geometry":{"type":"Point","coordinates":[17.242972,49.595942]},"properties":{"ZZ_ID":"134477","ZZ_nazev":"MUDr. MARTINA HUNKOVÁ","ZZ_druh_nazev":"Samostatná ordinace lékaře specialisty","suggested_tag":"amenity=doctors + healthcare=doctor","ZZ_obor_pece":"dětská a dorostová psychiatrie","addr":"Wellnerova 1215/3","ZZ_RUIAN_kod":"25475568"}},{"type":"Feature","geometry":{"type":"Point","coordinates":[17.212654,49.593775]},"properties":{"ZZ_ID":"134350","ZZ_nazev":"ReFit Clinic s.r.o.","ZZ_druh_nazev":"Samostatná ordinace lékaře specialisty","suggested_tag":"amenity=doctors + healthcare=doctor","ZZ_obor_pece":"tělovýchovné lékařství","addr":"U Letiště 976/32","ZZ_RUIAN_kod":"75364824","poskytovatel_web":"http://www.refitclinic.cz"}},{"type":"Feature","geometry":{"type":"Point","coordinates":[17.255226,49.599758]},"properties":{"ZZ_ID":"134249","ZZ_nazev":"GastaDent s.r.o.","ZZ_druh_nazev":"Samostatná ordinace PL - stomatologa","suggested_tag":"amenity=dentist + healthcare=dentist","ZZ_obor_pece":"zubní lékařství","addr":"Bořivojova 540/30a","ZZ_RUIAN_kod":"23266724","poskytovatel_web":"https://www.gastadent.cz/"}},{"type":"Feature","geometry":{"type":"Point","coordinates":[17.255699,49.586882]},"properties":{"ZZ_ID":"134221","ZZ_nazev":"MUDr. JITKA PUMPRLOVÁ","ZZ_druh_nazev":"Samostatná ordinace lékaře specialisty","suggested_tag":"amenity=doctors + healthcare=doctor","ZZ_obor_pece":"vnitřní lékařství","addr":"Domovina 774/2","ZZ_RUIAN_kod":"23325020"}},{"type":"Feature","geometry":{"type":"Point","coordinates":[17.25939,49.589018]},"properties":{"ZZ_ID":"133759","ZZ_nazev":"MUDr. Pavlína Kazinotová s.r.o.","ZZ_druh_nazev":"Samostatná ordinace lékaře specialisty","suggested_tag":"amenity=doctors + healthcare=doctor","ZZ_obor_pece":"alergologie a klinická imunologie","addr":"17. listopadu 1215/2b","ZZ_RUIAN_kod":"82002428","poskytovatel_web":"www.alergologie-zidlochovice.cz"}},{"type":"Feature","geometry":{"type":"Point","coordinates":[17.234321,49.591176]},"properties":{"ZZ_ID":"133714","ZZ_nazev":"MUDr. Jiřina Kolářová s.r.o.","ZZ_druh_nazev":"Samostatná ordinace lékaře specialisty","suggested_tag":"amenity=doctors + healthcare=doctor","ZZ_obor_pece":"dermatovenerologie","addr":"Dobnerova 718/26","ZZ_RUIAN_kod":"25279432"}},{"type":"Feature","geometry":{"type":"Point","coordinates":[17.268315,49.59543]},"properties":{"ZZ_ID":"133671","ZZ_nazev":"MUDr. Ondřej Hons","ZZ_druh_nazev":"Samostatná ordinace lékaře specialisty","suggested_tag":"amenity=doctors + healthcare=doctor","ZZ_obor_pece":"ortopedie a traumatologie pohybového ústrojí","addr":"Masarykova třída 889/3","ZZ_RUIAN_kod":"23325984","poskytovatel_web":"http://www.orthopedia.cz"}},{"type":"Feature","geometry":{"type":"Point","coordinates":[17.253193,49.589322]},"properties":{"ZZ_ID":"133292","ZZ_nazev":"EMMA dent s.r.o.","ZZ_druh_nazev":"Samostatná ordinace PL - stomatologa","suggested_tag":"amenity=dentist + healthcare=dentist","ZZ_obor_pece":"zubní lékařství","addr":"tř. Svobody 1067/32","ZZ_RUIAN_kod":"25057413"}},{"type":"Feature","geometry":{"type":"Point","coordinates":[17.234321,49.591176]},"properties":{"ZZ_ID":"133084","ZZ_nazev":"AMGYNOLA s.r.o.","ZZ_druh_nazev":"Samostatná ordinace PL - gynekologa","suggested_tag":"amenity=doctors + healthcare:speciality=gynaecology","ZZ_obor_pece":"gynekologie a porodnictví","addr":"Dobnerova 718/26","ZZ_RUIAN_kod":"25279432"}},{"type":"Feature","geometry":{"type":"Point","coordinates":[17.253193,49.589322]},"properties":{"ZZ_ID":"132933","ZZ_nazev":"Dentální centrum LFDENT s.r.o.","ZZ_druh_nazev":"Samostatná ordinace PL - stomatologa","suggested_tag":"amenity=dentist + healthcare=dentist","ZZ_obor_pece":"zubní lékařství","addr":"tř. Svobody 1067/32","ZZ_RUIAN_kod":"25057413"}},{"type":"Feature","geometry":{"type":"Point","coordinates":[17.250808,49.59623]},"properties":{"ZZ_ID":"132932","ZZ_nazev":"Mgr. MARTIN SUCHÁNEK","ZZ_druh_nazev":"Samostatné zařízení psychologa","ZZ_obor_pece":"Klinický psycholog","addr":"Sokolská 542/32","ZZ_RUIAN_kod":"23323116"}},{"type":"Feature","geometry":{"type":"Point","coordinates":[17.249276,49.590986]},"properties":{"ZZ_ID":"132793","ZZ_nazev":"MY Dentica s.r.o.","ZZ_druh_nazev":"Samostatná ordinace PL - stomatologa","suggested_tag":"amenity=dentist + healthcare=dentist","ZZ_obor_pece":"zubní lékařství","addr":"Javoříčská 679/6","ZZ_RUIAN_kod":"23324198"}},{"type":"Feature","geometry":{"type":"Point","coordinates":[17.27142,49.588949]},"properties":{"ZZ_ID":"132674","ZZ_nazev":"Dentmed s.r.o.","ZZ_druh_nazev":"Samostatná ordinace PL - stomatologa","suggested_tag":"amenity=dentist + healthcare=dentist","ZZ_obor_pece":"zubní lékařství","addr":"Štursova 904/14","ZZ_RUIAN_kod":"25057219"}},{"type":"Feature","geometry":{"type":"Point","coordinates":[17.253193,49.589322]},"properties":{"ZZ_ID":"132638","ZZ_nazev":"Psychiatrie Drtab s.r.o.","ZZ_druh_nazev":"Samostatná ordinace lékaře specialisty","suggested_tag":"amenity=doctors + healthcare=doctor","ZZ_obor_pece":"psychiatrie","addr":"tř. Svobody 1067/32","ZZ_RUIAN_kod":"25057413"}},{"type":"Feature","geometry":{"type":"Point","coordinates":[17.271362,49.596481]},"properties":{"ZZ_ID":"132560","ZZ_nazev":"Logopedie Božena Polášková s.r.o.","ZZ_druh_nazev":"Samostatné zařízení logopeda","ZZ_obor_pece":"Klinický logoped","addr":"kpt. Nálepky 346/10","ZZ_RUIAN_kod":"25023446"}},{"type":"Feature","geometry":{"type":"Point","coordinates":[17.249454,49.589884]},"properties":{"ZZ_ID":"132559","ZZ_nazev":"Logopedie Božena Polášková s.r.o.","ZZ_druh_nazev":"Samostatné zařízení logopeda","ZZ_obor_pece":"Klinický logoped","addr":"Vídeňská 636/10","ZZ_RUIAN_kod":"23323841"}},{"type":"Feature","geometry":{"type":"Point","coordinates":[17.283374,49.590811]},"properties":{"ZZ_ID":"132558","ZZ_nazev":"Ordinace Jiráskova s.r.o.","ZZ_druh_nazev":"Samost. ordinace všeob. prakt. lékaře","suggested_tag":"amenity=doctors + healthcare:speciality=general","ZZ_obor_pece":"všeobecné praktické lékařství","addr":"Jiráskova 122/11","ZZ_RUIAN_kod":"23275936"}},{"type":"Feature","geometry":{"type":"Point","coordinates":[17.236399,49.597273]},"properties":{"ZZ_ID":"132433","ZZ_nazev":"Mgr. Tereza Pučálková s.r.o.","ZZ_druh_nazev":"Oční optika","suggested_tag":"shop=optician","ZZ_obor_pece":"Optometrista","addr":"Na Šibeníku 914/1","ZZ_RUIAN_kod":"25823965"}},{"type":"Feature","geometry":{"type":"Point","coordinates":[17.252286,49.594379]},"properties":{"ZZ_ID":"132157","ZZ_nazev":"Mgr. Tereza Pučálková s.r.o.","ZZ_druh_nazev":"Oční optika","suggested_tag":"shop=optician","ZZ_obor_pece":"Optometrista","addr":"Ostružnická 323/4","ZZ_RUIAN_kod":"23321296"}},{"type":"Feature","geometry":{"type":"Point","coordinates":[17.234219,49.578725]},"properties":{"ZZ_ID":"132125","ZZ_nazev":"Paliativni medicina, MUDr. Petr Beneš, Ph.D s.r.o.","ZZ_druh_nazev":"Samostatná ordinace lékaře specialisty","suggested_tag":"amenity=doctors + healthcare=doctor","ZZ_obor_pece":"paliativní medicína","addr":"Čajkovského 67/14","ZZ_RUIAN_kod":"25250990"}},{"type":"Feature","geometry":{"type":"Point","coordinates":[17.253193,49.589322]},"properties":{"ZZ_ID":"132003","ZZ_nazev":"Gynekologie Hamdanieh s.r.o.","ZZ_druh_nazev":"Samostatná ordinace PL - gynekologa","suggested_tag":"amenity=doctors + healthcare:speciality=gynaecology","ZZ_obor_pece":"gynekologie a porodnictví","addr":"tř. Svobody 1067/32","ZZ_RUIAN_kod":"25057413"}},{"type":"Feature","geometry":{"type":"Point","coordinates":[17.276312,49.591649]},"properties":{"ZZ_ID":"131998","ZZ_nazev":"Stomka s.r.o.","ZZ_druh_nazev":"Samostatná ordinace PL - stomatologa","suggested_tag":"amenity=dentist + healthcare=dentist","ZZ_obor_pece":"zubní lékařství","addr":"Jeremenkova 1056/40","ZZ_RUIAN_kod":"25009672","poskytovatel_web":"https://www.stomka.cz"}},{"type":"Feature","geometry":{"type":"Point","coordinates":[17.230568,49.587169]},"properties":{"ZZ_ID":"131856","ZZ_nazev":"Praktik Stupkova s.r.o.","ZZ_druh_nazev":"Samost. ordinace všeob. prakt. lékaře","suggested_tag":"amenity=doctors + healthcare:speciality=general","ZZ_obor_pece":"všeobecné praktické lékařství","addr":"Stupkova 982/10","ZZ_RUIAN_kod":"25123921"}},{"type":"Feature","geometry":{"type":"Point","coordinates":[17.267695,49.590332]},"properties":{"ZZ_ID":"131834","ZZ_nazev":"MDDr. MICHALA POKORNÁ","ZZ_druh_nazev":"Samostatná ordinace PL - stomatologa","suggested_tag":"amenity=dentist + healthcare=dentist","ZZ_obor_pece":"zubní lékařství","addr":"tř. Kosmonautů 1338/1a","ZZ_RUIAN_kod":"81522282"}},{"type":"Feature","geometry":{"type":"Point","coordinates":[17.22093,49.582675]},"properties":{"ZZ_ID":"131717","ZZ_nazev":"MDDr. MICHAELA BARÁNKOVÁ","ZZ_druh_nazev":"Samostatná ordinace PL - stomatologa","suggested_tag":"amenity=dentist + healthcare=dentist","ZZ_obor_pece":"zubní lékařství","addr":"Hněvotínská 1394/59","ZZ_RUIAN_kod":"81820747","poskytovatel_web":"www.silesiandentist.cz"}},{"type":"Feature","geometry":{"type":"Point","coordinates":[17.232973,49.591755]},"properties":{"ZZ_ID":"131569","ZZ_nazev":"MUDr. ZUZANA KUBÍNKOVÁ","ZZ_druh_nazev":"Samostatná ordinace PL - stomatologa","suggested_tag":"amenity=dentist + healthcare=dentist","ZZ_obor_pece":"zubní lékařství","addr":"Kmochova 927/20","ZZ_RUIAN_kod":"23309512"}},{"type":"Feature","geometry":{"type":"Point","coordinates":[17.259285,49.582657]},"properties":{"ZZ_ID":"131501","ZZ_nazev":"Mgr. EVA BLAHOUŠKOVÁ","ZZ_druh_nazev":"Samostatné zařízení fyzioterapeuta","suggested_tag":"healthcare=physiotherapist","ZZ_obor_pece":"Fyzioterapeut","addr":"Rokycanova 781/17","ZZ_RUIAN_kod":"40612376","poskytovatel_web":"http://www.blahouskova.cz"}},{"type":"Feature","geometry":{"type":"Point","coordinates":[17.231126,49.576904]},"properties":{"ZZ_ID":"131435","ZZ_nazev":"MUDr. Lenka Hustáková","ZZ_druh_nazev":"Sam.ord.prakt.lékaře pro děti a dorost","suggested_tag":"amenity=doctors + healthcare:speciality=paediatrics","ZZ_obor_pece":"praktické lékařství pro děti a dorost","addr":"Horní lán 1310/10a","ZZ_RUIAN_kod":"28120281","poskytovatel_web":"www.mudrhustakova.cz"}},{"type":"Feature","geometry":{"type":"Point","coordinates":[17.244577,49.587505]},"properties":{"ZZ_ID":"131281","ZZ_nazev":"GOLD DENT s.r.o.","ZZ_druh_nazev":"Samostatná ordinace PL - stomatologa","suggested_tag":"amenity=dentist + healthcare=dentist","ZZ_obor_pece":"zubní lékařství","addr":"Poupětova 1132/7","ZZ_RUIAN_kod":"23328045"}},{"type":"Feature","geometry":{"type":"Point","coordinates":[17.248547,49.587081]},"properties":{"ZZ_ID":"131165","ZZ_nazev":"ZdravýPodnik s.r.o.","ZZ_druh_nazev":"Samostatné zařízení fyzioterapeuta","suggested_tag":"healthcare=physiotherapist","ZZ_obor_pece":"Fyzioterapeut","addr":"U botanické zahrady 828/4","ZZ_RUIAN_kod":"23325453","poskytovatel_web":"https://www.zdravypodnik.cz/"}},{"type":"Feature","geometry":{"type":"Point","coordinates":[17.276806,49.586404]},"properties":{"ZZ_ID":"131030","ZZ_nazev":"Penta Clinic s.r.o.","ZZ_druh_nazev":"Samost. ordinace všeob. prakt. lékaře","suggested_tag":"amenity=doctors + healthcare:speciality=general","ZZ_obor_pece":"všeobecné praktické lékařství","addr":"Tovární 900/13","ZZ_RUIAN_kod":"23282720","poskytovatel_web":"pentahospitals.cz"}},{"type":"Feature","geometry":{"type":"Point","coordinates":[17.234321,49.591176]},"properties":{"ZZ_ID":"131028","ZZ_nazev":"Eurooptik s.r.o.","ZZ_druh_nazev":"Oční optika","suggested_tag":"shop=optician","ZZ_obor_pece":"Optometrista","addr":"Dobnerova 718/26","ZZ_RUIAN_kod":"25279432","poskytovatel_web":"http://eurooptik.eu"}},{"type":"Feature","geometry":{"type":"Point","coordinates":[17.242385,49.601071]},"properties":{"ZZ_ID":"131007","ZZ_nazev":"MUDr. Kateřina Dorazilová s.r.o.","ZZ_druh_nazev":"Sam.ord.prakt.lékaře pro děti a dorost","suggested_tag":"amenity=doctors + healthcare:speciality=paediatrics","ZZ_obor_pece":"praktické lékařství pro děti a dorost","addr":"Wellnerova 1353/27","ZZ_RUIAN_kod":"75235951","poskytovatel_web":"www.dorazilova.cz"}},{"type":"Feature","geometry":{"type":"Point","coordinates":[17.266189,49.592571]},"properties":{"ZZ_ID":"130790","ZZ_nazev":"MDDr. Karolína Strašáková","ZZ_druh_nazev":"Samostatná ordinace PL - stomatologa","suggested_tag":"amenity=dentist + healthcare=dentist","ZZ_obor_pece":"zubní lékařství","addr":"Šmeralova 1116/10","ZZ_RUIAN_kod":"23327961"}},{"type":"Feature","geometry":{"type":"Point","coordinates":[17.25533,49.577235]},"properties":{"ZZ_ID":"130555","ZZ_nazev":"Ordinace MUDr. Homolková a MUDr. Zatloukalová s.r.o.","ZZ_druh_nazev":"Samost. ordinace všeob. prakt. lékaře","suggested_tag":"amenity=doctors + healthcare:speciality=general","ZZ_obor_pece":"všeobecné praktické lékařství","addr":"Zikova 736/1","ZZ_RUIAN_kod":"25063570","poskytovatel_web":"www.praktikolomouc.cz"}},{"type":"Feature","geometry":{"type":"Point","coordinates":[17.259622,49.563803]},"properties":{"ZZ_ID":"130477","ZZ_nazev":"Penta Clinic Network s.r.o.","ZZ_druh_nazev":"Samost. ordinace všeob. prakt. lékaře","suggested_tag":"amenity=doctors + healthcare:speciality=general","ZZ_obor_pece":"všeobecné praktické lékařství","addr":"301","ZZ_RUIAN_kod":"23257415","poskytovatel_web":"pentahospitals.cz"}},{"type":"Feature","geometry":{"type":"Point","coordinates":[17.225662,49.588383]},"properties":{"ZZ_ID":"130240","ZZ_nazev":"DENTIA Olomouc, s.r.o.","ZZ_druh_nazev":"Samostatná ordinace lékaře specialisty","suggested_tag":"amenity=doctors + healthcare=doctor","ZZ_obor_pece":"ortodoncie","addr":"Einsteinova 699/21a","ZZ_RUIAN_kod":"23273411","poskytovatel_web":"http://dentia-brno.cz"}},{"type":"Feature","geometry":{"type":"Point","coordinates":[17.223078,49.601538]},"properties":{"ZZ_ID":"130236","ZZ_nazev":"DOUBRAVA OPTIKA s.r.o.","ZZ_druh_nazev":"Oční optika","suggested_tag":"shop=optician","ZZ_obor_pece":"Optometrista","addr":"Pražská 248/39","ZZ_RUIAN_kod":"25325752","poskytovatel_web":"http://www.optikadoubrava.cz"}},{"type":"Feature","geometry":{"type":"Point","coordinates":[17.24801,49.5995]},"properties":{"ZZ_ID":"129537","ZZ_nazev":"Mgr. Jarmila HAŠKOVÁ - klinická logopedie","ZZ_druh_nazev":"Samostatné zařízení logopeda","ZZ_obor_pece":"Klinický logoped","addr":"Legionářská 1319/10","ZZ_RUIAN_kod":"28249895"}},{"type":"Feature","geometry":{"type":"Point","coordinates":[17.231126,49.576904]},"properties":{"ZZ_ID":"129534","ZZ_nazev":"MUDr. Pavlína Zaoralová ","ZZ_druh_nazev":"Sam.ord.prakt.lékaře pro děti a dorost","suggested_tag":"amenity=doctors + healthcare:speciality=paediatrics","ZZ_obor_pece":"praktické lékařství pro děti a dorost","addr":"Horní lán 1310/10a","ZZ_RUIAN_kod":"28120281"}},{"type":"Feature","geometry":{"type":"Point","coordinates":[17.268533,49.594729]},"properties":{"ZZ_ID":"129513","ZZ_nazev":"MUDr. Věra Chromá","ZZ_druh_nazev":"Samostatná ordinace PL - stomatologa","suggested_tag":"amenity=dentist + healthcare=dentist","ZZ_obor_pece":"zubní lékařství","addr":"Nábřeží 1051/2","ZZ_RUIAN_kod":"23327359"}},{"type":"Feature","geometry":{"type":"Point","coordinates":[17.231126,49.576904]},"properties":{"ZZ_ID":"129472","ZZ_nazev":"TANA oční klinika s.r.o.","ZZ_druh_nazev":"Samostatná ordinace lékaře specialisty","suggested_tag":"amenity=doctors + healthcare=doctor","ZZ_obor_pece":"oftalmologie","addr":"Horní lán 1310/10a","ZZ_RUIAN_kod":"28120281","poskytovatel_web":"http://www.tanaocniklinika.cz"}},{"type":"Feature","geometry":{"type":"Point","coordinates":[17.257243,49.597244]},"properties":{"ZZ_ID":"129471","ZZ_nazev":"PhDr. Mgr. Martin Slabý","ZZ_druh_nazev":"Samostatné zařízení psychologa","ZZ_obor_pece":"Klinický psycholog","addr":"Hanáckého pluku 1153/4","ZZ_RUIAN_kod":"23328282","poskytovatel_web":"http://www.adialog.cz"}},{"type":"Feature","geometry":{"type":"Point","coordinates":[17.247756,49.595793]},"properties":{"ZZ_ID":"128052","ZZ_nazev":"Mediol Praktik s.r.o.","ZZ_druh_nazev":"Samost. ordinace všeob. prakt. lékaře","suggested_tag":"amenity=doctors + healthcare:speciality=general","ZZ_obor_pece":"dětská a dorostová psychiatrie, psychiatrie, všeobecné praktické lékařství","addr":"nám. Národních hrdinů 769/2","ZZ_RUIAN_kod":"25056913","poskytovatel_web":"http://www.mediol.cz"}},{"type":"Feature","geometry":{"type":"Point","coordinates":[17.233654,49.580056]},"properties":{"ZZ_ID":"127945","ZZ_nazev":"Doc. MUDr. Miloš Vymazal CSc.","ZZ_druh_nazev":"Samostatná ordinace lékaře specialisty","suggested_tag":"amenity=doctors + healthcare=doctor","ZZ_obor_pece":"oftalmologie","addr":"I. P. Pavlova 184/69","ZZ_RUIAN_kod":"23303069"}},{"type":"Feature","geometry":{"type":"Point","coordinates":[17.244489,49.596507]},"properties":{"ZZ_ID":"127942","ZZ_nazev":"MUDr. Martin Loveček","ZZ_druh_nazev":"Samostatná ordinace lékaře specialisty","suggested_tag":"amenity=doctors + healthcare=doctor","ZZ_obor_pece":"chirurgie","addr":"Hynaisova 34/10","ZZ_RUIAN_kod":"27019454"}},{"type":"Feature","geometry":{"type":"Point","coordinates":[17.231463,49.575925]},"properties":{"ZZ_ID":"117300","ZZ_nazev":"NEUMED gynekologická ambulance s.r.o.","ZZ_druh_nazev":"Samostatná ordinace PL - gynekologa","suggested_tag":"amenity=doctors + healthcare:speciality=gynaecology","ZZ_obor_pece":"gynekologie a porodnictví","addr":"Horní lán 1328/6","ZZ_RUIAN_kod":"41304454","poskytovatel_web":"http://www.neumed.cz"}},{"type":"Feature","geometry":{"type":"Point","coordinates":[17.269778,49.591597]},"properties":{"ZZ_ID":"107097","ZZ_nazev":"SanaDental s.r.o.","ZZ_druh_nazev":"Samostatná ordinace PL - stomatologa","suggested_tag":"amenity=dentist + healthcare=dentist","ZZ_obor_pece":"zubní lékařství","addr":"Nezvalova 1293/2A","ZZ_RUIAN_kod":"42846234","poskytovatel_web":"http://zubnilekar-olomouc.cz"}},{"type":"Feature","geometry":{"type":"Point","coordinates":[17.236454,49.568836]},"properties":{"ZZ_ID":"106895","ZZ_nazev":"MUDr. Jiří Novák - praktické lékařství s.r.o.","ZZ_druh_nazev":"Samost. ordinace všeob. prakt. lékaře","suggested_tag":"amenity=doctors + healthcare:speciality=general","ZZ_obor_pece":"všeobecné praktické lékařství","addr":"Jižní 358/13","ZZ_RUIAN_kod":"27018431"}},{"type":"Feature","geometry":{"type":"Point","coordinates":[17.269378,49.590668]},"properties":{"ZZ_ID":"106783","ZZ_nazev":"G-Medica spol. s r.o.","ZZ_druh_nazev":"Samostatná ordinace lékaře specialisty","suggested_tag":"amenity=doctors + healthcare=doctor","ZZ_obor_pece":"neurochirurgie, radiologie a zobrazovací metody, revmatologie","addr":"tř. Kosmonautů 1338/1c","ZZ_RUIAN_kod":"86469487","poskytovatel_web":"http://gmedica.cz"}},{"type":"Feature","geometry":{"type":"Point","coordinates":[17.276312,49.591649]},"properties":{"ZZ_ID":"106655","ZZ_nazev":"AGEL Středomoravská nemocniční a.s., Nemocnice Prostějov, ambulance alergologie a klin. imunologie","ZZ_druh_nazev":"Samostatná ordinace lékaře specialisty","suggested_tag":"amenity=doctors + healthcare=doctor","ZZ_obor_pece":"alergologie a klinická imunologie","addr":"Jeremenkova 1056/40","ZZ_RUIAN_kod":"25009672","poskytovatel_web":"http://nemocniceprostejov.agel.cz"}},{"type":"Feature","geometry":{"type":"Point","coordinates":[17.242024,49.595793]},"properties":{"ZZ_ID":"106431","ZZ_nazev":"MUDr. Hana Zákopčanová Srovnalová, Ph.D.","ZZ_druh_nazev":"Samostatná ordinace lékaře specialisty","suggested_tag":"amenity=doctors + healthcare=doctor","ZZ_obor_pece":"neurologie","addr":"Erbenova 122/5","ZZ_RUIAN_kod":"23302569","poskytovatel_web":"http://www.neuro-eeg.cz/"}},{"type":"Feature","geometry":{"type":"Point","coordinates":[17.257319,49.601373]},"properties":{"ZZ_ID":"106310","ZZ_nazev":"Arcus onko a lymfo centrum Olomouc spol. s r.o.","ZZ_druh_nazev":"Samostatná ordinace lékaře specialisty","suggested_tag":"amenity=doctors + healthcare=doctor","ZZ_obor_pece":"dermatovenerologie","addr":"Dlouhá 524/28","ZZ_RUIAN_kod":"25533649","poskytovatel_web":"http://www.arcus-olomouc.cz"}},{"type":"Feature","geometry":{"type":"Point","coordinates":[17.234321,49.591176]},"properties":{"ZZ_ID":"106218","ZZ_nazev":"BeNeOrto Clinic s.r.o.","ZZ_druh_nazev":"Samostatná ordinace lékaře specialisty","suggested_tag":"amenity=doctors + healthcare=doctor","ZZ_obor_pece":"ortopedie a traumatologie pohybového ústrojí","addr":"Dobnerova 718/26","ZZ_RUIAN_kod":"25279432"}},{"type":"Feature","geometry":{"type":"Point","coordinates":[17.262909,49.594711]},"properties":{"ZZ_ID":"106209","ZZ_nazev":"ReFit Clinic s.r.o.","ZZ_druh_nazev":"Samostatná ordinace lékaře specialisty","suggested_tag":"amenity=doctors + healthcare=doctor","ZZ_obor_pece":"dětské lékařství, Fyzioterapeut, kardiologie, rehabilitační a fyzikální medicína, tělovýchovné lékařství","addr":"U reálky 1076/4","ZZ_RUIAN_kod":"23327596","poskytovatel_web":"http://www.refitclinic.cz"}},{"type":"Feature","geometry":{"type":"Point","coordinates":[17.244357,49.576889]},"properties":{"ZZ_ID":"106048","ZZ_nazev":"Uromedical Center s.r.o.","ZZ_druh_nazev":"Samostatná ordinace lékaře specialisty","suggested_tag":"amenity=doctors + healthcare=doctor","ZZ_obor_pece":"urologie","addr":"Janského 544/5","ZZ_RUIAN_kod":"74356313"}},{"type":"Feature","geometry":{"type":"Point","coordinates":[17.238527,49.602365]},"properties":{"ZZ_ID":"105957","ZZ_nazev":"MDDr. Lenka Zrůbková","ZZ_druh_nazev":"Samostatná ordinace PL - stomatologa","suggested_tag":"amenity=dentist + healthcare=dentist","ZZ_obor_pece":"zubní lékařství","addr":"Tomkova 314/45","ZZ_RUIAN_kod":"23296151"}},{"type":"Feature","geometry":{"type":"Point","coordinates":[17.275185,49.590793]},"properties":{"ZZ_ID":"105929","ZZ_nazev":"Kardio-projekt, s.r.o.","ZZ_druh_nazev":"Samostatná ordinace lékaře specialisty","suggested_tag":"amenity=doctors + healthcare=doctor","ZZ_obor_pece":"kardiologie","addr":"Jungmannova 1075/8","ZZ_RUIAN_kod":"23284218"}},{"type":"Feature","geometry":{"type":"Point","coordinates":[17.254306,49.572809]},"properties":{"ZZ_ID":"105876","ZZ_nazev":"Hron Jaroslav MUDr., s.r.o.","ZZ_druh_nazev":"Samostatná ordinace PL - gynekologa","suggested_tag":"amenity=doctors + healthcare:speciality=gynaecology","ZZ_obor_pece":"gynekologie a porodnictví","addr":"Fischerova 723/24","ZZ_RUIAN_kod":"23318350"}},{"type":"Feature","geometry":{"type":"Point","coordinates":[17.252055,49.595253]},"properties":{"ZZ_ID":"105802","ZZ_nazev":"Oční centrum u svatého Mořice s.r.o.","ZZ_druh_nazev":"Samostatná ordinace lékaře specialisty","suggested_tag":"amenity=doctors + healthcare=doctor","ZZ_obor_pece":"oftalmologie","addr":"Opletalova 476/8","ZZ_RUIAN_kod":"25534378"}},{"type":"Feature","geometry":{"type":"Point","coordinates":[17.296921,49.616912]},"properties":{"ZZ_ID":"105767","ZZ_nazev":"MUDr. Marie Terrichová s.r.o.","ZZ_druh_nazev":"Samost. ordinace všeob. prakt. lékaře","suggested_tag":"amenity=doctors + healthcare:speciality=general","ZZ_obor_pece":"všeobecné praktické lékařství","addr":"Švabinského 403/3","ZZ_RUIAN_kod":"23300116"}},{"type":"Feature","geometry":{"type":"Point","coordinates":[17.242024,49.595793]},"properties":{"ZZ_ID":"105755","ZZ_nazev":"NEURO-MEDNET s.r.o.","ZZ_druh_nazev":"Samostatná ordinace lékaře specialisty","suggested_tag":"amenity=doctors + healthcare=doctor","ZZ_obor_pece":"neurologie","addr":"Erbenova 122/5","ZZ_RUIAN_kod":"23302569","poskytovatel_web":"https://www.neurologiemorava.cz/"}},{"type":"Feature","geometry":{"type":"Point","coordinates":[17.231126,49.576904]},"properties":{"ZZ_ID":"105713","ZZ_nazev":"Mgr. Jiří Herbert Procházka","ZZ_druh_nazev":"Samostatné zařízení fyzioterapeuta","suggested_tag":"healthcare=physiotherapist","ZZ_obor_pece":"Fyzioterapeut","addr":"Horní lán 1310/10a","ZZ_RUIAN_kod":"28120281","poskytovatel_web":"http://www.ifyzio.cz"}},{"type":"Feature","geometry":{"type":"Point","coordinates":[17.243092,49.578645]},"properties":{"ZZ_ID":"105580","ZZ_nazev":"MUDr. Martina Kouřilová s.r.o.","ZZ_druh_nazev":"Sam.ord.prakt.lékaře pro děti a dorost","suggested_tag":"amenity=doctors + healthcare:speciality=paediatrics","ZZ_obor_pece":"praktické lékařství pro děti a dorost","addr":"Janského 463/24","ZZ_RUIAN_kod":"25534785"}},{"type":"Feature","geometry":{"type":"Point","coordinates":[17.276121,49.594365]},"properties":{"ZZ_ID":"105538","ZZ_nazev":"MEDIK-AMB s.r.o.","ZZ_druh_nazev":"Samost. ordinace všeob. prakt. lékaře","suggested_tag":"amenity=doctors + healthcare:speciality=general","ZZ_obor_pece":"všeobecné praktické lékařství","addr":"Blanická 943/4","ZZ_RUIAN_kod":"23283122"}},{"type":"Feature","geometry":{"type":"Point","coordinates":[17.269778,49.591597]},"properties":{"ZZ_ID":"94836","ZZ_nazev":"Derma Medical Clinic s.r.o.","ZZ_druh_nazev":"Samostatná ordinace lékaře specialisty","suggested_tag":"amenity=doctors + healthcare=doctor","ZZ_obor_pece":"dermatovenerologie","addr":"Nezvalova 1293/2a","ZZ_RUIAN_kod":"42846234","poskytovatel_web":"http://www.dermamedicalclinic.cz"}},{"type":"Feature","geometry":{"type":"Point","coordinates":[17.242024,49.595793]},"properties":{"ZZ_ID":"94539","ZZ_nazev":"Neurologická ambulance a EEG laboratoř s.r.o.","ZZ_druh_nazev":"Samostatná ordinace lékaře specialisty","suggested_tag":"amenity=doctors + healthcare=doctor","ZZ_obor_pece":"neurologie","addr":"Erbenova 122/5","ZZ_RUIAN_kod":"23302569","poskytovatel_web":"https://www.neurologiemorava.cz/"}},{"type":"Feature","geometry":{"type":"Point","coordinates":[17.234219,49.578725]},"properties":{"ZZ_ID":"94515","ZZ_nazev":"Cordesora s.r.o.","ZZ_druh_nazev":"Samostatná ordinace lékaře specialisty","suggested_tag":"amenity=doctors + healthcare=doctor","ZZ_obor_pece":"angiologie, gastroenterologie, kardiologie, vnitřní lékařství","addr":"Čajkovského 67/14","ZZ_RUIAN_kod":"25250990","poskytovatel_web":"www.cordesora.cz"}},{"type":"Feature","geometry":{"type":"Point","coordinates":[17.287507,49.592124]},"properties":{"ZZ_ID":"94506","ZZ_nazev":"PEDIATRA Hodolany s.r.o.","ZZ_druh_nazev":"Sam.ord.prakt.lékaře pro děti a dorost","suggested_tag":"amenity=doctors + healthcare:speciality=paediatrics","ZZ_obor_pece":"praktické lékařství pro děti a dorost","addr":"Řezníčkova 1227/10","ZZ_RUIAN_kod":"26312123"}},{"type":"Feature","geometry":{"type":"Point","coordinates":[17.283018,49.587763]},"properties":{"ZZ_ID":"94459","ZZ_nazev":"Dental Cura s.r.o.","ZZ_druh_nazev":"Samostatná ordinace PL - stomatologa","suggested_tag":"amenity=dentist + healthcare=dentist","ZZ_obor_pece":"zubní lékařství","addr":"Hybešova 200/6","ZZ_RUIAN_kod":"23276533"}},{"type":"Feature","geometry":{"type":"Point","coordinates":[17.267695,49.590332]},"properties":{"ZZ_ID":"94414","ZZ_nazev":"MUDr. Zdeněk Pokorný, Ph.D.","ZZ_druh_nazev":"Samostatná ordinace PL - stomatologa","suggested_tag":"amenity=dentist + healthcare=dentist","ZZ_obor_pece":"zubní lékařství","addr":"tř. Kosmonautů 1338/1a","ZZ_RUIAN_kod":"81522282"}},{"type":"Feature","geometry":{"type":"Point","coordinates":[17.243092,49.578645]},"properties":{"ZZ_ID":"94288","ZZ_nazev":"MUDr. Irena Bruková","ZZ_druh_nazev":"Samostatná ordinace lékaře specialisty","suggested_tag":"amenity=doctors + healthcare=doctor","ZZ_obor_pece":"dětská otorinolaryngologie, otorinolaryngologie a chirurgie hlavy a krku","addr":"Janského 463/24","ZZ_RUIAN_kod":"25534785"}},{"type":"Feature","geometry":{"type":"Point","coordinates":[17.257143,49.597425]},"properties":{"ZZ_ID":"94259","ZZ_nazev":"MUDr. Tomáš Novák","ZZ_druh_nazev":"Samostatná ordinace lékaře specialisty","suggested_tag":"amenity=doctors + healthcare=doctor","ZZ_obor_pece":"psychiatrie","addr":"Hanáckého pluku 1153/6","ZZ_RUIAN_kod":"23328274"}},{"type":"Feature","geometry":{"type":"Point","coordinates":[17.246884,49.594729]},"properties":{"ZZ_ID":"94247","ZZ_nazev":"MUDr. Iva Karlová","ZZ_druh_nazev":"Samostatná ordinace lékaře specialisty","suggested_tag":"amenity=doctors + healthcare=doctor","ZZ_obor_pece":"dermatovenerologie","addr":"tř. Svobody 647/6","ZZ_RUIAN_kod":"25001396"}},{"type":"Feature","geometry":{"type":"Point","coordinates":[17.254535,49.572783]},"properties":{"ZZ_ID":"93789","ZZ_nazev":"ORDINACE PEDIEN s.r.o.","ZZ_druh_nazev":"Sam.ord.prakt.lékaře pro děti a dorost","suggested_tag":"amenity=doctors + healthcare:speciality=paediatrics","ZZ_obor_pece":"praktické lékařství pro děti a dorost","addr":"Fischerova 697/22","ZZ_RUIAN_kod":"23318139","poskytovatel_web":"http://www.pedien.cz"}},{"type":"Feature","geometry":{"type":"Point","coordinates":[17.254306,49.572809]},"properties":{"ZZ_ID":"93343","ZZ_nazev":"Tormová Eleonóra MUDr., s.r.o.","ZZ_druh_nazev":"Samost. ordinace všeob. prakt. lékaře","suggested_tag":"amenity=doctors + healthcare:speciality=general","ZZ_obor_pece":"praktické lékařství pro děti a dorost, všeobecné praktické lékařství","addr":"Fischerova 723/24","ZZ_RUIAN_kod":"23318350"}},{"type":"Feature","geometry":{"type":"Point","coordinates":[17.254607,49.590438]},"properties":{"ZZ_ID":"93341","ZZ_nazev":"MDDr. Roman Zemánek","ZZ_druh_nazev":"Samostatná ordinace PL - stomatologa","suggested_tag":"amenity=dentist + healthcare=dentist","ZZ_obor_pece":"zubní lékařství","addr":"Kateřinská 85/13","ZZ_RUIAN_kod":"23319194","poskytovatel_web":"http://www.romanzemanek.cz"}},{"type":"Feature","geometry":{"type":"Point","coordinates":[17.258112,49.584789]},"properties":{"ZZ_ID":"93146","ZZ_nazev":"MUDr. Martin Mikláš","ZZ_druh_nazev":"Samost. ordinace všeob. prakt. lékaře","suggested_tag":"amenity=doctors + healthcare:speciality=general","ZZ_obor_pece":"všeobecné praktické lékařství","addr":"Rokycanova 802/1e","ZZ_RUIAN_kod":"75754355","poskytovatel_web":"http://www.doktormartin.eu"}},{"type":"Feature","geometry":{"type":"Point","coordinates":[17.268619,49.590482]},"properties":{"ZZ_ID":"83043","ZZ_nazev":"MUDr. Pavel Jakl","ZZ_druh_nazev":"Samostatná ordinace PL - stomatologa","suggested_tag":"amenity=dentist + healthcare=dentist","ZZ_obor_pece":"zubní lékařství","addr":"tř. Kosmonautů 1338/1b","ZZ_RUIAN_kod":"86469436","poskytovatel_web":"http://www.collegiumdentalis.cz"}},{"type":"Feature","geometry":{"type":"Point","coordinates":[17.283018,49.587763]},"properties":{"ZZ_ID":"83033","ZZ_nazev":"Rehabilitace Nežádal s.r.o.","ZZ_druh_nazev":"Samostatné zařízení fyzioterapeuta","suggested_tag":"healthcare=physiotherapist","ZZ_obor_pece":"Fyzioterapeut","addr":"Hybešova 200/6","ZZ_RUIAN_kod":"23276533","poskytovatel_web":"http://www.rehabilitace-nezadal.cz"}},{"type":"Feature","geometry":{"type":"Point","coordinates":[17.2386,49.595821]},"properties":{"ZZ_ID":"83025","ZZ_nazev":"MUDr. René Štajner","ZZ_druh_nazev":"Samostatná ordinace PL - stomatologa","suggested_tag":"amenity=dentist + healthcare=dentist","ZZ_obor_pece":"zubní lékařství","addr":"Litovelská 114/15","ZZ_RUIAN_kod":"23302496","poskytovatel_web":"http://stomatologiestajner.webmium.com/"}},{"type":"Feature","geometry":{"type":"Point","coordinates":[17.231463,49.575925]},"properties":{"ZZ_ID":"82973","ZZ_nazev":"KM KINEPRO PLUS s.r.o.","ZZ_druh_nazev":"Samostatné zařízení fyzioterapeuta","suggested_tag":"healthcare=physiotherapist","ZZ_obor_pece":"Fyzioterapeut","addr":"Horní lán 1328/6","ZZ_RUIAN_kod":"41304454","poskytovatel_web":"http://www.kinepro.cz"}},{"type":"Feature","geometry":{"type":"Point","coordinates":[17.259464,49.589852]},"properties":{"ZZ_ID":"82966","ZZ_nazev":"Mgr. JANA KUNCOVÁ, DiS.","ZZ_druh_nazev":"Samostatné zařízení fyzioterapeuta","suggested_tag":"healthcare=physiotherapist","ZZ_obor_pece":"Fyzioterapeut","addr":"17. listopadu 1139/3","ZZ_RUIAN_kod":"23328134"}},{"type":"Feature","geometry":{"type":"Point","coordinates":[17.236454,49.568836]},"properties":{"ZZ_ID":"82953","ZZ_nazev":"SLAVDENT s.r.o.","ZZ_druh_nazev":"Samostatná ordinace PL - stomatologa","suggested_tag":"amenity=dentist + healthcare=dentist","ZZ_obor_pece":"zubní lékařství","addr":"Jižní 358/13","ZZ_RUIAN_kod":"27018431"}},{"type":"Feature","geometry":{"type":"Point","coordinates":[17.229186,49.592987]},"properties":{"ZZ_ID":"82929","ZZ_nazev":"MUDr. Ivana Schubertová s.r.o.","ZZ_druh_nazev":"Samostatná ordinace PL - gynekologa","suggested_tag":"amenity=doctors + healthcare:speciality=gynaecology","ZZ_obor_pece":"gynekologie a porodnictví","addr":"tř. Svornosti 1177/57","ZZ_RUIAN_kod":"25279653","poskytovatel_web":"http://gynekologie-olomouc.cz"}},{"type":"Feature","geometry":{"type":"Point","coordinates":[17.233654,49.580056]},"properties":{"ZZ_ID":"82923","ZZ_nazev":"Oftalmologie MUDr. Tavandzi s.r.o.","ZZ_druh_nazev":"Samostatná ordinace lékaře specialisty","suggested_tag":"amenity=doctors + healthcare=doctor","ZZ_obor_pece":"oftalmologie","addr":"I. P. Pavlova 184/69","ZZ_RUIAN_kod":"23303069"}},{"type":"Feature","geometry":{"type":"Point","coordinates":[17.268315,49.59543]},"properties":{"ZZ_ID":"82922","ZZ_nazev":"ORTHOPEDIA MUDr. Kubica, s.r.o.","ZZ_druh_nazev":"Samostatná ordinace lékaře specialisty","suggested_tag":"amenity=doctors + healthcare=doctor","ZZ_obor_pece":"ortopedie a traumatologie pohybového ústrojí","addr":"Masarykova třída 889/3","ZZ_RUIAN_kod":"23325984","poskytovatel_web":"http://www.orthopedia.cz/index.html"}},{"type":"Feature","geometry":{"type":"Point","coordinates":[17.296921,49.616912]},"properties":{"ZZ_ID":"82917","ZZ_nazev":"DERMATOLOGIE MUDr. Kubicová, s.r.o.","ZZ_druh_nazev":"Samostatná ordinace lékaře specialisty","suggested_tag":"amenity=doctors + healthcare=doctor","ZZ_obor_pece":"dermatovenerologie","addr":"Švabinského 403/3","ZZ_RUIAN_kod":"23300116","poskytovatel_web":"http://www.aaronlaser.cz"}},{"type":"Feature","geometry":{"type":"Point","coordinates":[17.246884,49.594729]},"properties":{"ZZ_ID":"82915","ZZ_nazev":"DERMATOLOGIE MUDr. Kubicová, s.r.o.","ZZ_druh_nazev":"Samostatná ordinace lékaře specialisty","suggested_tag":"amenity=doctors + healthcare=doctor","ZZ_obor_pece":"dermatovenerologie","addr":"tř. Svobody 647/6","ZZ_RUIAN_kod":"25001396","poskytovatel_web":"http://www.aaronlaser.cz"}},{"type":"Feature","geometry":{"type":"Point","coordinates":[17.254607,49.590438]},"properties":{"ZZ_ID":"82887","ZZ_nazev":"OLOPRAKT s.r.o.","ZZ_druh_nazev":"Samost. ordinace všeob. prakt. lékaře","suggested_tag":"amenity=doctors + healthcare:speciality=general","ZZ_obor_pece":"všeobecné praktické lékařství","addr":"Kateřinská 85/13","ZZ_RUIAN_kod":"23319194","poskytovatel_web":"http://www.oloprakt.cz"}},{"type":"Feature","geometry":{"type":"Point","coordinates":[17.257926,49.587431]},"properties":{"ZZ_ID":"82758","ZZ_nazev":"GrandVision CZ s.r.o.","ZZ_druh_nazev":"Oční optika","suggested_tag":"shop=optician","ZZ_obor_pece":"Optometrista","addr":"Polská 1201/1","ZZ_RUIAN_kod":"42678803","poskytovatel_web":"http://www.grandoptical.cz"}},{"type":"Feature","geometry":{"type":"Point","coordinates":[17.282112,49.601566]},"properties":{"ZZ_ID":"82516","ZZ_nazev":"MUDr. Mgr. Lucie Kolmašová s.r.o.","ZZ_druh_nazev":"Samost. ordinace všeob. prakt. lékaře","suggested_tag":"amenity=doctors + healthcare:speciality=general","ZZ_obor_pece":"všeobecné praktické lékařství","addr":"Roháče z Dubé 149/17","ZZ_RUIAN_kod":"23292580"}},{"type":"Feature","geometry":{"type":"Point","coordinates":[17.243092,49.578645]},"properties":{"ZZ_ID":"82449","ZZ_nazev":"DENT - Janského s.r.o.","ZZ_druh_nazev":"Samostatná ordinace PL - stomatologa","suggested_tag":"amenity=dentist + healthcare=dentist","ZZ_obor_pece":"zubní lékařství","addr":"Janského 463/24","ZZ_RUIAN_kod":"25534785"}},{"type":"Feature","geometry":{"type":"Point","coordinates":[17.242972,49.595942]},"properties":{"ZZ_ID":"82442","ZZ_nazev":"Zubní ordinace Švec s.r.o.","ZZ_druh_nazev":"Samostatná ordinace PL - stomatologa","suggested_tag":"amenity=dentist + healthcare=dentist","ZZ_obor_pece":"zubní lékařství","addr":"Wellnerova 1215/3a","ZZ_RUIAN_kod":"25999516","poskytovatel_web":"http://www.olomouc-zubar.cz"}},{"type":"Feature","geometry":{"type":"Point","coordinates":[17.232448,49.576491]},"properties":{"ZZ_ID":"82401","ZZ_nazev":"NeoOrtoClinic s.r.o.","ZZ_druh_nazev":"Samostatná ordinace lékaře specialisty","suggested_tag":"amenity=doctors + healthcare=doctor","ZZ_obor_pece":"neurochirurgie, ortopedie a traumatologie pohybového ústrojí, rehabilitační a fyzikální medicína","addr":"Čajkovského 1348/18a","ZZ_RUIAN_kod":"74471473","poskytovatel_web":"http://www.neoortoclinic.cz"}},{"type":"Feature","geometry":{"type":"Point","coordinates":[17.25501,49.571782]},"properties":{"ZZ_ID":"82290","ZZ_nazev":"MDDr. Tomáš Terrich","ZZ_druh_nazev":"Samostatná ordinace PL - stomatologa","suggested_tag":"amenity=dentist + healthcare=dentist","ZZ_obor_pece":"zubní lékařství","addr":"Fischerova 763/9","ZZ_RUIAN_kod":"27109470","poskytovatel_web":"http://zubni-terrich.cz"}},{"type":"Feature","geometry":{"type":"Point","coordinates":[17.242296,49.594642]},"properties":{"ZZ_ID":"72228","ZZ_nazev":"Diabetologické centrum s.r.o.","ZZ_druh_nazev":"Samostatná ordinace lékaře specialisty","suggested_tag":"amenity=doctors + healthcare=doctor","ZZ_obor_pece":"endokrinologie a diabetologie, Nutriční terapeut, vnitřní lékařství","addr":"Krapkova 279/5","ZZ_RUIAN_kod":"23303867"}},{"type":"Feature","geometry":{"type":"Point","coordinates":[17.246699,49.595593]},"properties":{"ZZ_ID":"72225","ZZ_nazev":"Psychovia s.r.o.","ZZ_druh_nazev":"Samostatná ordinace lékaře specialisty","suggested_tag":"amenity=doctors + healthcare=doctor","ZZ_obor_pece":"psychiatrie","addr":"Palackého 626/3","ZZ_RUIAN_kod":"23323752"}},{"type":"Feature","geometry":{"type":"Point","coordinates":[17.253193,49.589322]},"properties":{"ZZ_ID":"72215","ZZ_nazev":"MUDr. Michaela Bučilová s.r.o.","ZZ_druh_nazev":"Samostatná ordinace PL - stomatologa","suggested_tag":"amenity=dentist + healthcare=dentist","ZZ_obor_pece":"zubní lékařství","addr":"tř. Svobody 1067/32","ZZ_RUIAN_kod":"25057413"}},{"type":"Feature","geometry":{"type":"Point","coordinates":[17.242735,49.596533]},"properties":{"ZZ_ID":"72213","ZZ_nazev":"ORTOPEDIE Wellnerova, s.r.o.","ZZ_druh_nazev":"Samostatná ordinace lékaře specialisty","suggested_tag":"amenity=doctors + healthcare=doctor","ZZ_obor_pece":"ortopedie a traumatologie pohybového ústrojí","addr":"Wellnerova 1322/3b","ZZ_RUIAN_kod":"28375092","poskytovatel_web":"http://ortopedie-olomouc.cz"}},{"type":"Feature","geometry":{"type":"Point","coordinates":[17.269378,49.590668]},"properties":{"ZZ_ID":"72205","ZZ_nazev":"perfect teeth s.r.o.","ZZ_druh_nazev":"Samostatná ordinace PL - stomatologa","suggested_tag":"amenity=dentist + healthcare=dentist","ZZ_obor_pece":"zubní lékařství","addr":"tř. Kosmonautů 1338/1c","ZZ_RUIAN_kod":"86469487","poskytovatel_web":"http://www.dentalnihygiena.com"}},{"type":"Feature","geometry":{"type":"Point","coordinates":[17.269892,49.593194]},"properties":{"ZZ_ID":"72202","ZZ_nazev":"TCA s.r.o.","ZZ_druh_nazev":"Sam.ord.prakt.lékaře pro děti a dorost","suggested_tag":"amenity=doctors + healthcare:speciality=paediatrics","ZZ_obor_pece":"praktické lékařství pro děti a dorost","addr":"Kavaleristů 1260/10","ZZ_RUIAN_kod":"27722686","poskytovatel_web":"http://www.ordinace-tca.cz"}},{"type":"Feature","geometry":{"type":"Point","coordinates":[17.231126,49.576904]},"properties":{"ZZ_ID":"72187","ZZ_nazev":"PhDr. Dagmar Konečná s.r.o.","ZZ_druh_nazev":"Samostatné zařízení psychologa","ZZ_obor_pece":"Klinický psycholog","addr":"Horní lán 1310/10a","ZZ_RUIAN_kod":"28120281","poskytovatel_web":"http://www.dakord.cz"}},{"type":"Feature","geometry":{"type":"Point","coordinates":[17.247756,49.595793]},"properties":{"ZZ_ID":"72151","ZZ_nazev":"ORL ORDINACE VITOUL s.r.o.","ZZ_druh_nazev":"Samostatná ordinace lékaře specialisty","suggested_tag":"amenity=doctors + healthcare=doctor","ZZ_obor_pece":"otorinolaryngologie a chirurgie hlavy a krku","addr":"nám. Národních hrdinů 769/2","ZZ_RUIAN_kod":"25056913","poskytovatel_web":"http://orlolomouc.cz"}},{"type":"Feature","geometry":{"type":"Point","coordinates":[17.242972,49.595942]},"properties":{"ZZ_ID":"72106","ZZ_nazev":"MUDr. Pavlína Šťastná","ZZ_druh_nazev":"Samostatná ordinace lékaře specialisty","suggested_tag":"amenity=doctors + healthcare=doctor","ZZ_obor_pece":"neurologie","addr":"Wellnerova 1215/3","ZZ_RUIAN_kod":"25475568","poskytovatel_web":"http://ordinace-grace.cz"}},{"type":"Feature","geometry":{"type":"Point","coordinates":[17.269778,49.591597]},"properties":{"ZZ_ID":"72097","ZZ_nazev":"MUDr. Jana Lemáková ORTODONCIE s.r.o.","ZZ_druh_nazev":"Samostatná ordinace lékaře specialisty","suggested_tag":"amenity=doctors + healthcare=doctor","ZZ_obor_pece":"ortodoncie, zubní lékařství, Zubní technik","addr":"Nezvalova 1293/2a","ZZ_RUIAN_kod":"42846234","poskytovatel_web":"http://ortodoncie-litovel.cz"}},{"type":"Feature","geometry":{"type":"Point","coordinates":[17.212654,49.593775]},"properties":{"ZZ_ID":"72093","ZZ_nazev":"Mobilní fyzioterapie s.r.o.","ZZ_druh_nazev":"Samostatné zařízení fyzioterapeuta","suggested_tag":"healthcare=physiotherapist","ZZ_obor_pece":"Fyzioterapeut","addr":"U Letiště 976/32","ZZ_RUIAN_kod":"75364824","poskytovatel_web":"http://mobilni-fyzioterapie.cz/"}},{"type":"Feature","geometry":{"type":"Point","coordinates":[17.24813,49.596375]},"properties":{"ZZ_ID":"72092","ZZ_nazev":"ZUBNÍ ORDINACE BHL dent s.r.o.","ZZ_druh_nazev":"Samostatná ordinace PL - stomatologa","suggested_tag":"amenity=dentist + healthcare=dentist","ZZ_obor_pece":"zubní lékařství","addr":"Sokolská 1205/5","ZZ_RUIAN_kod":"77201434","poskytovatel_web":"http://www.bhl-dent.cz"}},{"type":"Feature","geometry":{"type":"Point","coordinates":[17.234219,49.578725]},"properties":{"ZZ_ID":"72091","ZZ_nazev":"MUDr. Zdeněk Vomáčka, kardiologie a interna s.r.o.","ZZ_druh_nazev":"Samostatná ordinace lékaře specialisty","suggested_tag":"amenity=doctors + healthcare=doctor","ZZ_obor_pece":"kardiologie, vnitřní lékařství","addr":"Čajkovského 67/14","ZZ_RUIAN_kod":"25250990"}},{"type":"Feature","geometry":{"type":"Point","coordinates":[17.268315,49.59543]},"properties":{"ZZ_ID":"72090","ZZ_nazev":"REHABILITACE MUDr. Kubica, s.r.o.","ZZ_druh_nazev":"Samostatná ordinace lékaře specialisty","suggested_tag":"amenity=doctors + healthcare=doctor","ZZ_obor_pece":"Fyzioterapeut, rehabilitační a fyzikální medicína","addr":"Masarykova třída 889/3","ZZ_RUIAN_kod":"23325984"}},{"type":"Feature","geometry":{"type":"Point","coordinates":[17.230775,49.608366]},"properties":{"ZZ_ID":"72086","ZZ_nazev":"PD Dent s.r.o.","ZZ_druh_nazev":"Samostatná ordinace PL - stomatologa","suggested_tag":"amenity=dentist + healthcare=dentist","ZZ_obor_pece":"zubní lékařství","addr":"Na zahrádkách 194/17","ZZ_RUIAN_kod":"23334495"}},{"type":"Feature","geometry":{"type":"Point","coordinates":[17.231126,49.576904]},"properties":{"ZZ_ID":"72071","ZZ_nazev":"MUDr. Dagmar Kubínková","ZZ_druh_nazev":"Samostatná ordinace lékaře specialisty","suggested_tag":"amenity=doctors + healthcare=doctor","ZZ_obor_pece":"rehabilitační a fyzikální medicína","addr":"Horní lán 1310/10a","ZZ_RUIAN_kod":"28120281"}},{"type":"Feature","geometry":{"type":"Point","coordinates":[17.230775,49.608366]},"properties":{"ZZ_ID":"72068","ZZ_nazev":"hajda zubní s.r.o.","ZZ_druh_nazev":"Samostatná ordinace PL - stomatologa","suggested_tag":"amenity=dentist + healthcare=dentist","ZZ_obor_pece":"zubní lékařství","addr":"Na zahrádkách 194/17","ZZ_RUIAN_kod":"23334495","poskytovatel_web":"http://www.hajdazubni.cz"}},{"type":"Feature","geometry":{"type":"Point","coordinates":[17.250609,49.594445]},"properties":{"ZZ_ID":"72066","ZZ_nazev":"Kaczmarczyk s.r.o.","ZZ_druh_nazev":"Samostatná ordinace PL - stomatologa","suggested_tag":"amenity=dentist + healthcare=dentist","ZZ_obor_pece":"zubní lékařství","addr":"Horní náměstí 368/4","ZZ_RUIAN_kod":"23321695"}},{"type":"Feature","geometry":{"type":"Point","coordinates":[17.252055,49.595253]},"properties":{"ZZ_ID":"71991","ZZ_nazev":"Herlango, s.r.o.","ZZ_druh_nazev":"Oční optika","suggested_tag":"shop=optician","ZZ_obor_pece":"Optometrista","addr":"Opletalova 476/8","ZZ_RUIAN_kod":"25534378","poskytovatel_web":"http://www.herlango.cz"}},{"type":"Feature","geometry":{"type":"Point","coordinates":[17.255226,49.599758]},"properties":{"ZZ_ID":"71887","ZZ_nazev":"BRAZDA DENTAL s.r.o.","ZZ_druh_nazev":"Samostatná ordinace PL - stomatologa","suggested_tag":"amenity=dentist + healthcare=dentist","ZZ_obor_pece":"zubní lékařství","addr":"Bořivojova 540/30a","ZZ_RUIAN_kod":"23266724"}},{"type":"Feature","geometry":{"type":"Point","coordinates":[17.242296,49.594642]},"properties":{"ZZ_ID":"71694","ZZ_nazev":"HARMONY spol. s r.o.","ZZ_druh_nazev":"Samostatná ordinace lékaře specialisty","suggested_tag":"amenity=doctors + healthcare=doctor","ZZ_obor_pece":"Fyzioterapeut, neurologie, rehabilitační a fyzikální medicína","addr":"Krapkova 279/5","ZZ_RUIAN_kod":"23303867","poskytovatel_web":"http://www.cerebrum.cz"}},{"type":"Feature","geometry":{"type":"Point","coordinates":[17.230775,49.608366]},"properties":{"ZZ_ID":"71630","ZZ_nazev":"REGION BEST DENTAL s.r.o.","ZZ_druh_nazev":"Samostatná ordinace PL - stomatologa","suggested_tag":"amenity=dentist + healthcare=dentist","ZZ_obor_pece":"zubní lékařství","addr":"Na zahrádkách 194/17","ZZ_RUIAN_kod":"23334495"}},{"type":"Feature","geometry":{"type":"Point","coordinates":[17.253193,49.589322]},"properties":{"ZZ_ID":"71628","ZZ_nazev":"MUDr. Jana Ehrmannová s.r.o.","ZZ_druh_nazev":"Samost. ordinace všeob. prakt. lékaře","suggested_tag":"amenity=doctors + healthcare:speciality=general","ZZ_obor_pece":"všeobecné praktické lékařství","addr":"tř. Svobody 1067/32","ZZ_RUIAN_kod":"25057413","poskytovatel_web":"www.mudrjanaehrmannova.cz"}},{"type":"Feature","geometry":{"type":"Point","coordinates":[17.246699,49.595593]},"properties":{"ZZ_ID":"71623","ZZ_nazev":"LOGOFON s.r.o.","ZZ_druh_nazev":"Samostatné zařízení logopeda","ZZ_obor_pece":"Klinický logoped","addr":"Palackého 626/3","ZZ_RUIAN_kod":"23323752","poskytovatel_web":"http://www.logofon.cz"}},{"type":"Feature","geometry":{"type":"Point","coordinates":[17.22962,49.56885]},"properties":{"ZZ_ID":"71435","ZZ_nazev":"MUDr. Hana Přikrylová, Ph.D.","ZZ_druh_nazev":"Samostatná ordinace lékaře specialisty","suggested_tag":"amenity=doctors + healthcare=doctor","ZZ_obor_pece":"neurologie","addr":"Za kostelem 670/36","ZZ_RUIAN_kod":"83128662","poskytovatel_web":"http://www.ambulance.neurologie.cz"}},{"type":"Feature","geometry":{"type":"Point","coordinates":[17.295698,49.61613]},"properties":{"ZZ_ID":"71243","ZZ_nazev":"MUDr. Olga Kováčová psychiatrie s.r.o.","ZZ_druh_nazev":"Samostatná ordinace lékaře specialisty","suggested_tag":"amenity=doctors + healthcare=doctor","ZZ_obor_pece":"psychiatrie","addr":"Švabinského 473/1","ZZ_RUIAN_kod":"23300752"}},{"type":"Feature","geometry":{"type":"Point","coordinates":[17.252055,49.588667]},"properties":{"ZZ_ID":"71242","ZZ_nazev":"Dermatologická praxe s.r.o.","ZZ_druh_nazev":"Samostatná ordinace lékaře specialisty","suggested_tag":"amenity=doctors + healthcare=doctor","ZZ_obor_pece":"dermatovenerologie","addr":"Vídeňská 561/16","ZZ_RUIAN_kod":"26176688","poskytovatel_web":"https://www.dermatologieolomouc.cz/"}},{"type":"Feature","geometry":{"type":"Point","coordinates":[17.255226,49.599758]},"properties":{"ZZ_ID":"71240","ZZ_nazev":"ORL Navrátil s.r.o.","ZZ_druh_nazev":"Samostatná ordinace lékaře specialisty","suggested_tag":"amenity=doctors + healthcare=doctor","ZZ_obor_pece":"otorinolaryngologie a chirurgie hlavy a krku","addr":"Bořivojova 540/30a","ZZ_RUIAN_kod":"23266724","poskytovatel_web":"http://www.ordinaceolomouc.cz"}},{"type":"Feature","geometry":{"type":"Point","coordinates":[17.251338,49.594427]},"properties":{"ZZ_ID":"71097","ZZ_nazev":"MUDr. Klára Marešová, Ph.D.","ZZ_druh_nazev":"Samostatná ordinace lékaře specialisty","suggested_tag":"amenity=doctors + healthcare=doctor","ZZ_obor_pece":"oftalmologie","addr":"Horní náměstí 285/8","ZZ_RUIAN_kod":"23320931","poskytovatel_web":"https://www.mudr-maresova.cz/"}},{"type":"Feature","geometry":{"type":"Point","coordinates":[17.269633,49.575496]},"properties":{"ZZ_ID":"70898","ZZ_nazev":"MUDr. Adriana Bednaříková s.r.o.","ZZ_druh_nazev":"Samost. ordinace všeob. prakt. lékaře","suggested_tag":"amenity=doctors + healthcare:speciality=general","ZZ_obor_pece":"všeobecné praktické lékařství","addr":"Přichystalova 146/89","ZZ_RUIAN_kod":"28156218","poskytovatel_web":"www.praktik-bednarikova.cz"}},{"type":"Feature","geometry":{"type":"Point","coordinates":[17.253193,49.589322]},"properties":{"ZZ_ID":"70880","ZZ_nazev":"MUDr. František Šincl s.r.o.","ZZ_druh_nazev":"Samostatná ordinace lékaře specialisty","suggested_tag":"amenity=doctors + healthcare=doctor","ZZ_obor_pece":"gastroenterologie, vnitřní lékařství","addr":"tř. Svobody 1067/32","ZZ_RUIAN_kod":"25057413","poskytovatel_web":"www.skalovamd.cz"}},{"type":"Feature","geometry":{"type":"Point","coordinates":[17.234219,49.578725]},"properties":{"ZZ_ID":"70193","ZZ_nazev":"MUDr. Markéta Kaletová","ZZ_druh_nazev":"Samostatná ordinace lékaře specialisty","suggested_tag":"amenity=doctors + healthcare=doctor","ZZ_obor_pece":"angiologie, kardiologie, vnitřní lékařství","addr":"Čajkovského 67/14","ZZ_RUIAN_kod":"25250990"}},{"type":"Feature","geometry":{"type":"Point","coordinates":[17.253193,49.589322]},"properties":{"ZZ_ID":"70189","ZZ_nazev":"CHIRURGIE MUDr. Marková s.r.o.","ZZ_druh_nazev":"Samostatná ordinace lékaře specialisty","suggested_tag":"amenity=doctors + healthcare=doctor","ZZ_obor_pece":"chirurgie","addr":"tř. Svobody 1067/32","ZZ_RUIAN_kod":"25057413"}},{"type":"Feature","geometry":{"type":"Point","coordinates":[17.253193,49.589322]},"properties":{"ZZ_ID":"70187","ZZ_nazev":"CHIRURGIE A TRAUMATOLOGIE s.r.o.","ZZ_druh_nazev":"Samostatná ordinace lékaře specialisty","suggested_tag":"amenity=doctors + healthcare=doctor","ZZ_obor_pece":"chirurgie","addr":"tř. Svobody 1067/32","ZZ_RUIAN_kod":"25057413","poskytovatel_web":"http://www.ordinace.cz/ondrej.kroupa"}},{"type":"Feature","geometry":{"type":"Point","coordinates":[17.253193,49.589322]},"properties":{"ZZ_ID":"70184","ZZ_nazev":"PS všeobecná chirurgie s.r.o.","ZZ_druh_nazev":"Samostatná ordinace lékaře specialisty","suggested_tag":"amenity=doctors + healthcare=doctor","ZZ_obor_pece":"chirurgie","addr":"tř. Svobody 1067/32","ZZ_RUIAN_kod":"25057413"}},{"type":"Feature","geometry":{"type":"Point","coordinates":[17.269892,49.593194]},"properties":{"ZZ_ID":"70176","ZZ_nazev":"HELIDENTIST s.r.o.","ZZ_druh_nazev":"Samostatná ordinace PL - stomatologa","suggested_tag":"amenity=dentist + healthcare=dentist","ZZ_obor_pece":"zubní lékařství","addr":"Kavaleristů 1260/10","ZZ_RUIAN_kod":"27722686","poskytovatel_web":"https://helidentist.cz"}},{"type":"Feature","geometry":{"type":"Point","coordinates":[17.253193,49.589322]},"properties":{"ZZ_ID":"70143","ZZ_nazev":"Chirampol Olomouc s.r.o.","ZZ_druh_nazev":"Samostatná ordinace lékaře specialisty","suggested_tag":"amenity=doctors + healthcare=doctor","ZZ_obor_pece":"chirurgie","addr":"tř. Svobody 1067/32","ZZ_RUIAN_kod":"25057413"}},{"type":"Feature","geometry":{"type":"Point","coordinates":[17.253193,49.589322]},"properties":{"ZZ_ID":"70129","ZZ_nazev":"Cutis sana dermatologie s.r.o.","ZZ_druh_nazev":"Samostatná ordinace lékaře specialisty","suggested_tag":"amenity=doctors + healthcare=doctor","ZZ_obor_pece":"dermatovenerologie","addr":"tř. Svobody 1067/32","ZZ_RUIAN_kod":"25057413"}},{"type":"Feature","geometry":{"type":"Point","coordinates":[17.237455,49.596383]},"properties":{"ZZ_ID":"70074","ZZ_nazev":"MYOVERTEBRUM s.r.o.","ZZ_druh_nazev":"Samostatná ordinace lékaře specialisty","suggested_tag":"amenity=doctors + healthcare=doctor","ZZ_obor_pece":"neurologie","addr":"Litovelská 102/21","ZZ_RUIAN_kod":"23302399","poskytovatel_web":"http://www.mudr-marak.cz"}},{"type":"Feature","geometry":{"type":"Point","coordinates":[17.271667,49.596708]},"properties":{"ZZ_ID":"70068","ZZ_nazev":"Ordinace praktického lékaře Charkovská s.r.o.","ZZ_druh_nazev":"Samost. ordinace všeob. prakt. lékaře","suggested_tag":"amenity=doctors + healthcare:speciality=general","ZZ_obor_pece":"všeobecné praktické lékařství","addr":"Charkovská 1066/8","ZZ_RUIAN_kod":"23327502","poskytovatel_web":"http://mudr-alena-korinkova.zdravotniregistr.cz"}},{"type":"Feature","geometry":{"type":"Point","coordinates":[17.276312,49.591649]},"properties":{"ZZ_ID":"70067","ZZ_nazev":"Ordinace Velký s.r.o.","ZZ_druh_nazev":"Samostatná ordinace PL - stomatologa","suggested_tag":"amenity=dentist + healthcare=dentist","ZZ_obor_pece":"zubní lékařství","addr":"Jeremenkova 1056/40","ZZ_RUIAN_kod":"25009672","poskytovatel_web":"http://www.ordinacevelky.cz"}},{"type":"Feature","geometry":{"type":"Point","coordinates":[17.232448,49.576491]},"properties":{"ZZ_ID":"69761","ZZ_nazev":"MUDr. Petr Neoral","ZZ_druh_nazev":"Samostatná ordinace lékaře specialisty","suggested_tag":"amenity=doctors + healthcare=doctor","ZZ_obor_pece":"ortopedie a traumatologie pohybového ústrojí","addr":"Čajkovského 1348/18a","ZZ_RUIAN_kod":"74471473","poskytovatel_web":"https://www.neosportclinic.cz/"}},{"type":"Feature","geometry":{"type":"Point","coordinates":[17.243683,49.587903]},"properties":{"ZZ_ID":"69756","ZZ_nazev":"Oční centrum Vitreum s.r.o.","ZZ_druh_nazev":"Samostatná ordinace lékaře specialisty","suggested_tag":"amenity=doctors + healthcare=doctor","ZZ_obor_pece":"oftalmologie, Ortoptista","addr":"Wolkerova 656/22","ZZ_RUIAN_kod":"23307307","poskytovatel_web":"https://www.vitreum.cz/"}},{"type":"Feature","geometry":{"type":"Point","coordinates":[17.252055,49.595253]},"properties":{"ZZ_ID":"69754","ZZ_nazev":"OFTAMED PLUS - oční ordinace s.r.o.","ZZ_druh_nazev":"Samostatná ordinace lékaře specialisty","suggested_tag":"amenity=doctors + healthcare=doctor","ZZ_obor_pece":"oftalmologie","addr":"Opletalova 476/8","ZZ_RUIAN_kod":"25534378","poskytovatel_web":"http://www.mudr-hrabcikova.cz"}},{"type":"Feature","geometry":{"type":"Point","coordinates":[17.24813,49.598736]},"properties":{"ZZ_ID":"69749","ZZ_nazev":"G - CENTRUM Olomouc s.r.o.","ZZ_druh_nazev":"Samostatné zařízení fyzioterapeuta","suggested_tag":"healthcare=physiotherapist","ZZ_obor_pece":"Fyzioterapeut","addr":"U stadionu 1204/8","ZZ_RUIAN_kod":"25016547","poskytovatel_web":"http://www.g-centrum.cz"}},{"type":"Feature","geometry":{"type":"Point","coordinates":[17.228165,49.575376]},"properties":{"ZZ_ID":"69747","ZZ_nazev":"GrandVision CZ s.r.o.","ZZ_druh_nazev":"Oční optika","suggested_tag":"shop=optician","ZZ_obor_pece":"Optometrista","addr":"Kafkova 1223/8","ZZ_RUIAN_kod":"25662287","poskytovatel_web":"http://www.grandoptical.cz"}},{"type":"Feature","geometry":{"type":"Point","coordinates":[17.251338,49.594427]},"properties":{"ZZ_ID":"69737","ZZ_nazev":"AGEL Gynekologické centrum s.r.o.","ZZ_druh_nazev":"Samostatná ordinace PL - gynekologa","suggested_tag":"amenity=doctors + healthcare:speciality=gynaecology","ZZ_obor_pece":"gynekologie a porodnictví","addr":"Horní náměstí 285/8","ZZ_RUIAN_kod":"23320931","poskytovatel_web":"http://www.gynap.cz/"}},{"type":"Feature","geometry":{"type":"Point","coordinates":[17.255699,49.586882]},"properties":{"ZZ_ID":"69621","ZZ_nazev":"MUDr. Dalibor Musil","ZZ_druh_nazev":"Samostatná ordinace lékaře specialisty","suggested_tag":"amenity=doctors + healthcare=doctor","ZZ_obor_pece":"angiologie, vnitřní lékařství","addr":"Domovina 774/2","ZZ_RUIAN_kod":"23325020"}},{"type":"Feature","geometry":{"type":"Point","coordinates":[17.2499,49.593833]},"properties":{"ZZ_ID":"69462","ZZ_nazev":"Curativa.stom s.r.o.","ZZ_druh_nazev":"Samostatná ordinace PL - stomatologa","suggested_tag":"amenity=dentist + healthcare=dentist","ZZ_obor_pece":"zubní lékařství","addr":"Horní náměstí 409/26","ZZ_RUIAN_kod":"23322021"}},{"type":"Feature","geometry":{"type":"Point","coordinates":[17.234321,49.591176]},"properties":{"ZZ_ID":"68819","ZZ_nazev":"Neurologie-elektromyografie s.r.o.","ZZ_druh_nazev":"Samostatná ordinace lékaře specialisty","suggested_tag":"amenity=doctors + healthcare=doctor","ZZ_obor_pece":"neurologie","addr":"Dobnerova 718/26","ZZ_RUIAN_kod":"25279432"}},{"type":"Feature","geometry":{"type":"Point","coordinates":[17.2334,49.574278]},"properties":{"ZZ_ID":"68605","ZZ_nazev":"Fyziomed, s.r.o.","ZZ_druh_nazev":"Samostatné zařízení fyzioterapeuta","suggested_tag":"healthcare=physiotherapist","ZZ_obor_pece":"Fyzioterapeut","addr":"Horní lán 445/1","ZZ_RUIAN_kod":"25945106","poskytovatel_web":"http://www.fyziomed.cz"}},{"type":"Feature","geometry":{"type":"Point","coordinates":[17.236399,49.597273]},"properties":{"ZZ_ID":"68525","ZZ_nazev":"TOP OKO s.r.o.","ZZ_druh_nazev":"Samostatná ordinace lékaře specialisty","suggested_tag":"amenity=doctors + healthcare=doctor","ZZ_obor_pece":"oftalmologie","addr":"Na Šibeníku 914/1","ZZ_RUIAN_kod":"25823965","poskytovatel_web":"http://TOPOKO.CZ"}},{"type":"Feature","geometry":{"type":"Point","coordinates":[17.258984,49.582643]},"properties":{"ZZ_ID":"68331","ZZ_nazev":"MUDr. Michael Chmiel","ZZ_druh_nazev":"Samostatná ordinace PL - stomatologa","suggested_tag":"amenity=dentist + healthcare=dentist","ZZ_obor_pece":"zubní lékařství","addr":"Rokycanova 781/15","ZZ_RUIAN_kod":"40612325","poskytovatel_web":"mudr-michael-chmiel.katalog-stomatologu.cz/"}},{"type":"Feature","geometry":{"type":"Point","coordinates":[17.234172,49.595927]},"properties":{"ZZ_ID":"67242","ZZ_nazev":"MUDr. Ivana Drcmánková - psychiatrie s.r.o.","ZZ_druh_nazev":"Samostatná ordinace lékaře specialisty","suggested_tag":"amenity=doctors + healthcare=doctor","ZZ_obor_pece":"psychiatrie","addr":"Žilinská 198/26a","ZZ_RUIAN_kod":"26110890"}},{"type":"Feature","geometry":{"type":"Point","coordinates":[17.230385,49.596766]},"properties":{"ZZ_ID":"67236","ZZ_nazev":"ART-MEDICA s. r. o.","ZZ_druh_nazev":"Samostatná ordinace PL - stomatologa","suggested_tag":"amenity=dentist + healthcare=dentist","ZZ_obor_pece":"zubní lékařství","addr":"tř. Míru 117/16","ZZ_RUIAN_kod":"23267895","poskytovatel_web":"http://www.zubnipraxe.wbs.cz/"}},{"type":"Feature","geometry":{"type":"Point","coordinates":[17.231736,49.599773]},"properties":{"ZZ_ID":"67156","ZZ_nazev":"Mgr. Radek Eliáš","ZZ_druh_nazev":"Samostatné zařízení fyzioterapeuta","suggested_tag":"healthcare=physiotherapist","ZZ_obor_pece":"Fyzioterapeut","addr":"Erenburgova 296/44","ZZ_RUIAN_kod":"23295970","poskytovatel_web":"http://rehabilitace.webmium.com"}},{"type":"Feature","geometry":{"type":"Point","coordinates":[17.240268,49.591565]},"properties":{"ZZ_ID":"67007","ZZ_nazev":"Jitrocel rehabilitační centrum s.r.o. ","ZZ_druh_nazev":"Samostatné zařízení fyzioterapeuta","suggested_tag":"healthcare=physiotherapist","ZZ_obor_pece":"Fyzioterapeut","addr":"Mozartova 1175/43b","ZZ_RUIAN_kod":"31169937","poskytovatel_web":"http://www.jitrocel.cz"}},{"type":"Feature","geometry":{"type":"Point","coordinates":[17.246151,49.593464]},"properties":{"ZZ_ID":"67005","ZZ_nazev":"MUDr. Šárka Divišová s.r.o.","ZZ_druh_nazev":"Samostatná ordinace PL - gynekologa","suggested_tag":"amenity=doctors + healthcare:speciality=gynaecology","ZZ_obor_pece":"gynekologie a porodnictví","addr":"Bezručova 1138/5","ZZ_RUIAN_kod":"23328126","poskytovatel_web":"http://www.medicoms.cz"}},{"type":"Feature","geometry":{"type":"Point","coordinates":[17.234172,49.595927]},"properties":{"ZZ_ID":"66981","ZZ_nazev":"MUDr. Silvia Musilová, s.r.o.","ZZ_druh_nazev":"Samostatná ordinace lékaře specialisty","suggested_tag":"amenity=doctors + healthcare=doctor","ZZ_obor_pece":"psychiatrie","addr":"Žilinská 198/26a","ZZ_RUIAN_kod":"26110890"}},{"type":"Feature","geometry":{"type":"Point","coordinates":[17.232973,49.591755]},"properties":{"ZZ_ID":"66974","ZZ_nazev":"Zubní praxe MUDr. Eva Hudečková s.r.o.","ZZ_druh_nazev":"Samostatná ordinace PL - stomatologa","suggested_tag":"amenity=dentist + healthcare=dentist","ZZ_obor_pece":"zubní lékařství","addr":"Kmochova 927/20","ZZ_RUIAN_kod":"23309512"}},{"type":"Feature","geometry":{"type":"Point","coordinates":[17.258346,49.602069]},"properties":{"ZZ_ID":"66491","ZZ_nazev":"ENSALVO s.r.o.","ZZ_druh_nazev":"Samostatná ordinace lékaře specialisty","suggested_tag":"amenity=doctors + healthcare=doctor","ZZ_obor_pece":"endokrinologie a diabetologie","addr":"Dlouhá 521/34","ZZ_RUIAN_kod":"25533665"}},{"type":"Feature","geometry":{"type":"Point","coordinates":[17.249454,49.589884]},"properties":{"ZZ_ID":"66321","ZZ_nazev":"PaedDr. Eva Slezáková -Klinická logopedie s.r.o.","ZZ_druh_nazev":"Samostatné zařízení logopeda","ZZ_obor_pece":"Klinický logoped","addr":"Vídeňská 636/10","ZZ_RUIAN_kod":"23323841"}},{"type":"Feature","geometry":{"type":"Point","coordinates":[17.234321,49.591176]},"properties":{"ZZ_ID":"66210","ZZ_nazev":"ORL pracoviště s.r.o.","ZZ_druh_nazev":"Samostatná ordinace lékaře specialisty","suggested_tag":"amenity=doctors + healthcare=doctor","ZZ_obor_pece":"alergologie a klinická imunologie, otorinolaryngologie a chirurgie hlavy a krku","addr":"Dobnerova 718/26","ZZ_RUIAN_kod":"25279432","poskytovatel_web":"vaseorl.cz"}},{"type":"Feature","geometry":{"type":"Point","coordinates":[17.242972,49.595942]},"properties":{"ZZ_ID":"66208","ZZ_nazev":"JiSme - Klinická psychologie s.r.o.","ZZ_druh_nazev":"Samostatné zařízení psychologa","ZZ_obor_pece":"Klinický psycholog","addr":"Wellnerova 1215/3","ZZ_RUIAN_kod":"25475568"}},{"type":"Feature","geometry":{"type":"Point","coordinates":[17.253193,49.589322]},"properties":{"ZZ_ID":"66065","ZZ_nazev":"MUDr. Hradilová Marta - praktický lékař s.r.o.","ZZ_druh_nazev":"Samost. ordinace všeob. prakt. lékaře","suggested_tag":"amenity=doctors + healthcare:speciality=general","ZZ_obor_pece":"všeobecné praktické lékařství","addr":"tř. Svobody 1067/32","ZZ_RUIAN_kod":"25057413"}},{"type":"Feature","geometry":{"type":"Point","coordinates":[17.283018,49.587763]},"properties":{"ZZ_ID":"66034","ZZ_nazev":"MEDICA MORAVIA s.r.o.","ZZ_druh_nazev":"Samost. ordinace všeob. prakt. lékaře","suggested_tag":"amenity=doctors + healthcare:speciality=general","ZZ_obor_pece":"všeobecné praktické lékařství","addr":"Hybešova 200/6","ZZ_RUIAN_kod":"23276533"}},{"type":"Feature","geometry":{"type":"Point","coordinates":[17.229186,49.592987]},"properties":{"ZZ_ID":"65889","ZZ_nazev":"DOCTOR H group s.r.o.","ZZ_druh_nazev":"Samostatná ordinace lékaře specialisty","suggested_tag":"amenity=doctors + healthcare=doctor","ZZ_obor_pece":"dermatovenerologie","addr":"tř. Svornosti 1177/57","ZZ_RUIAN_kod":"25279653","poskytovatel_web":"http://www.doctorh.cz"}},{"type":"Feature","geometry":{"type":"Point","coordinates":[17.244471,49.589044]},"properties":{"ZZ_ID":"65888","ZZ_nazev":"OLDENT - M s.r.o.","ZZ_druh_nazev":"Samostatná ordinace PL - stomatologa","suggested_tag":"amenity=dentist + healthcare=dentist","ZZ_obor_pece":"zubní lékařství","addr":"Štítného 634/1","ZZ_RUIAN_kod":"23307099","poskytovatel_web":"https://oldent.cz/"}},{"type":"Feature","geometry":{"type":"Point","coordinates":[17.267695,49.590332]},"properties":{"ZZ_ID":"65881","ZZ_nazev":"Plastická chirurgie A - Z s.r.o.","ZZ_druh_nazev":"Samostatná ordinace lékaře specialisty","suggested_tag":"amenity=doctors + healthcare=doctor","ZZ_obor_pece":"plastická chirurgie","addr":"tř. Kosmonautů 1338/1a","ZZ_RUIAN_kod":"81522282","poskytovatel_web":"http://www.plastickachirurgieaz.cz"}},{"type":"Feature","geometry":{"type":"Point","coordinates":[17.293908,49.57753]},"properties":{"ZZ_ID":"65875","ZZ_nazev":"Scillia - med s.r.o.","ZZ_druh_nazev":"Samost. ordinace všeob. prakt. lékaře","suggested_tag":"amenity=doctors + healthcare:speciality=general","ZZ_obor_pece":"všeobecné praktické lékařství","addr":"Krokova 275/2","ZZ_RUIAN_kod":"25528122","poskytovatel_web":"http://www.ordinaceholice.cz"}},{"type":"Feature","geometry":{"type":"Point","coordinates":[17.220442,49.602255]},"properties":{"ZZ_ID":"65873","ZZ_nazev":"GrandVision CZ s.r.o.","ZZ_druh_nazev":"Oční optika","suggested_tag":"shop=optician","ZZ_obor_pece":"Optometrista","addr":"Pražská 255/41","ZZ_RUIAN_kod":"26238772","poskytovatel_web":"http://www.grandoptical.cz"}},{"type":"Feature","geometry":{"type":"Point","coordinates":[17.253193,49.589322]},"properties":{"ZZ_ID":"65864","ZZ_nazev":"Privátní plastická chirurgie Olomouc s.r.o.","ZZ_druh_nazev":"Samostatná ordinace lékaře specialisty","suggested_tag":"amenity=doctors + healthcare=doctor","ZZ_obor_pece":"plastická chirurgie","addr":"tř. Svobody 1067/32","ZZ_RUIAN_kod":"25057413","poskytovatel_web":"http://www.esteticka-chirurgie.com"}},{"type":"Feature","geometry":{"type":"Point","coordinates":[17.237547,49.596784]},"properties":{"ZZ_ID":"65859","ZZ_nazev":"Privatklinik LLC s.r.o.","ZZ_druh_nazev":"Samostatná ordinace lékaře specialisty","suggested_tag":"amenity=doctors + healthcare=doctor","ZZ_obor_pece":"anesteziologie a intenzivní medicína, cévní chirurgie, dermatovenerologie, chirurgie, plastická chirurgie","addr":"Litovelská 553/26","ZZ_RUIAN_kod":"23306360","poskytovatel_web":"http://www.llc.cz"}},{"type":"Feature","geometry":{"type":"Point","coordinates":[17.243092,49.578645]},"properties":{"ZZ_ID":"65856","ZZ_nazev":"Burdová-Pediatrie s.r.o.","ZZ_druh_nazev":"Sam.ord.prakt.lékaře pro děti a dorost","suggested_tag":"amenity=doctors + healthcare:speciality=paediatrics","ZZ_obor_pece":"praktické lékařství pro děti a dorost","addr":"Janského 463/24","ZZ_RUIAN_kod":"25534785"}},{"type":"Feature","geometry":{"type":"Point","coordinates":[17.231126,49.576904]},"properties":{"ZZ_ID":"65842","ZZ_nazev":"NEUMED gynekologická ambulance s.r.o.","ZZ_druh_nazev":"Samostatná ordinace PL - gynekologa","suggested_tag":"amenity=doctors + healthcare:speciality=gynaecology","ZZ_obor_pece":"gynekologie a porodnictví, urogynekologie","addr":"Horní lán 1310/10a","ZZ_RUIAN_kod":"28120281","poskytovatel_web":"http://www.neumed.cz"}},{"type":"Feature","geometry":{"type":"Point","coordinates":[17.266478,49.597299]},"properties":{"ZZ_ID":"65841","ZZ_nazev":"Stomatologická ambulance Komenského s.r.o.","ZZ_druh_nazev":"Samostatná ordinace PL - stomatologa","suggested_tag":"amenity=dentist + healthcare=dentist","ZZ_obor_pece":"zubní lékařství","addr":"Komenského 885/20","ZZ_RUIAN_kod":"23325941"}},{"type":"Feature","geometry":{"type":"Point","coordinates":[17.270177,49.596244]},"properties":{"ZZ_ID":"65828","ZZ_nazev":"NeuroHelp s.r.o.","ZZ_druh_nazev":"Samostatná ordinace lékaře specialisty","suggested_tag":"amenity=doctors + healthcare=doctor","ZZ_obor_pece":"neurologie","addr":"Dukelská 1056/13","ZZ_RUIAN_kod":"23327405"}},{"type":"Feature","geometry":{"type":"Point","coordinates":[17.243092,49.578645]},"properties":{"ZZ_ID":"65825","ZZ_nazev":"TT MEDICA s.r.o.","ZZ_druh_nazev":"Samost. ordinace všeob. prakt. lékaře","suggested_tag":"amenity=doctors + healthcare:speciality=general","ZZ_obor_pece":"všeobecné praktické lékařství","addr":"Janského 463/24","ZZ_RUIAN_kod":"25534785"}},{"type":"Feature","geometry":{"type":"Point","coordinates":[17.243092,49.578645]},"properties":{"ZZ_ID":"65821","ZZ_nazev":"Klinická psychologie Mgr. Halířová s.r.o.","ZZ_druh_nazev":"Samostatné zařízení psychologa","ZZ_obor_pece":"Klinický psycholog","addr":"Janského 463/24","ZZ_RUIAN_kod":"25534785"}},{"type":"Feature","geometry":{"type":"Point","coordinates":[17.268459,49.589218]},"properties":{"ZZ_ID":"65819","ZZ_nazev":"PSYCHIATRIE MUDr. Sigmundová s.r.o.","ZZ_druh_nazev":"Samostatná ordinace lékaře specialisty","suggested_tag":"amenity=doctors + healthcare=doctor","ZZ_obor_pece":"psychiatrie","addr":"tř. Kosmonautů 989/8","ZZ_RUIAN_kod":"25057383","poskytovatel_web":"http://psychiatrie-sigmundova-olomouc.cz"}},{"type":"Feature","geometry":{"type":"Point","coordinates":[17.252348,49.572321]},"properties":{"ZZ_ID":"65782","ZZ_nazev":"Naše logopedie s.r.o.","ZZ_druh_nazev":"Samostatné zařízení logopeda","ZZ_obor_pece":"Klinický logoped","addr":"Peškova 497/6","ZZ_RUIAN_kod":"26669439","poskytovatel_web":"http://www.naselogopedie.cz"}},{"type":"Feature","geometry":{"type":"Point","coordinates":[17.258346,49.602069]},"properties":{"ZZ_ID":"65773","ZZ_nazev":"Praktikcentrum s.r.o.","ZZ_druh_nazev":"Samost. ordinace všeob. prakt. lékaře","suggested_tag":"amenity=doctors + healthcare:speciality=general","ZZ_obor_pece":"všeobecné praktické lékařství","addr":"Dlouhá 521/34","ZZ_RUIAN_kod":"25533665","poskytovatel_web":"http://www.praktikcentrum.cz"}},{"type":"Feature","geometry":{"type":"Point","coordinates":[17.243092,49.578645]},"properties":{"ZZ_ID":"65758","ZZ_nazev":"MUDr. Dana Rosypalová s.r.o.","ZZ_druh_nazev":"Sam.ord.prakt.lékaře pro děti a dorost","suggested_tag":"amenity=doctors + healthcare:speciality=paediatrics","ZZ_obor_pece":"praktické lékařství pro děti a dorost","addr":"Janského 463/24","ZZ_RUIAN_kod":"25534785","poskytovatel_web":"http://www.rosypalova.cz"}},{"type":"Feature","geometry":{"type":"Point","coordinates":[17.233782,49.591876]},"properties":{"ZZ_ID":"64883","ZZ_nazev":"Ordinace praktického lékaře Olomouc s.r.o.","ZZ_druh_nazev":"Samost. ordinace všeob. prakt. lékaře","suggested_tag":"amenity=doctors + healthcare:speciality=general","ZZ_obor_pece":"všeobecné praktické lékařství","addr":"Foerstrova 918/33","ZZ_RUIAN_kod":"23309474"}},{"type":"Feature","geometry":{"type":"Point","coordinates":[17.247756,49.595793]},"properties":{"ZZ_ID":"64723","ZZ_nazev":"MUDr. Romana Švecová, s.r.o.","ZZ_druh_nazev":"Samost. ordinace všeob. prakt. lékaře","suggested_tag":"amenity=doctors + healthcare:speciality=general","ZZ_obor_pece":"všeobecné praktické lékařství","addr":"nám. Národních hrdinů 769/2","ZZ_RUIAN_kod":"25056913","poskytovatel_web":"http://mudr-svecova.cz"}},{"type":"Feature","geometry":{"type":"Point","coordinates":[17.232904,49.581516]},"properties":{"ZZ_ID":"64634","ZZ_nazev":"ORDINACE FBLR s.r.o.","ZZ_druh_nazev":"Samostatná ordinace lékaře specialisty","suggested_tag":"amenity=doctors + healthcare=doctor","ZZ_obor_pece":"rehabilitační a fyzikální medicína","addr":"Mošnerova 1182/3","ZZ_RUIAN_kod":"23311746","poskytovatel_web":"http://www.rehab-olomouc.cz"}},{"type":"Feature","geometry":{"type":"Point","coordinates":[17.253193,49.589322]},"properties":{"ZZ_ID":"64633","ZZ_nazev":"Gynekologie MUDr. Zdráhal s.r.o.","ZZ_druh_nazev":"Samostatná ordinace PL - gynekologa","suggested_tag":"amenity=doctors + healthcare:speciality=gynaecology","ZZ_obor_pece":"gynekologie a porodnictví","addr":"tř. Svobody 1067/32","ZZ_RUIAN_kod":"25057413"}},{"type":"Feature","geometry":{"type":"Point","coordinates":[17.250609,49.594445]},"properties":{"ZZ_ID":"64328","ZZ_nazev":"Oční praxe MUDr. Jitka Kopecká s.r.o.","ZZ_druh_nazev":"Samostatná ordinace lékaře specialisty","suggested_tag":"amenity=doctors + healthcare=doctor","ZZ_obor_pece":"oftalmologie","addr":"Horní náměstí 368/4","ZZ_RUIAN_kod":"23321695","poskytovatel_web":"http://www.ocni-praxe.cz"}},{"type":"Feature","geometry":{"type":"Point","coordinates":[17.243092,49.578645]},"properties":{"ZZ_ID":"64289","ZZ_nazev":"ZUBAŘSTVÍ NA POVLU, s.r.o.","ZZ_druh_nazev":"Samostatná ordinace PL - stomatologa","suggested_tag":"amenity=dentist + healthcare=dentist","ZZ_obor_pece":"zubní lékařství","addr":"Janského 463/24","ZZ_RUIAN_kod":"25534785","poskytovatel_web":"http://www.zubarstvinapovlu.cz"}},{"type":"Feature","geometry":{"type":"Point","coordinates":[17.249454,49.589884]},"properties":{"ZZ_ID":"64272","ZZ_nazev":"Psychologická ambulance - HELP s.r.o.","ZZ_druh_nazev":"Samostatné zařízení psychologa","ZZ_obor_pece":"Klinický psycholog","addr":"Vídeňská 636/10","ZZ_RUIAN_kod":"23323841","poskytovatel_web":"http://www.psychologiehelp.cz/"}},{"type":"Feature","geometry":{"type":"Point","coordinates":[17.246699,49.595593]},"properties":{"ZZ_ID":"64083","ZZ_nazev":"BROXTONIUM invest s.r.o.","ZZ_druh_nazev":"Samost. ordinace všeob. prakt. lékaře","suggested_tag":"amenity=doctors + healthcare:speciality=general","ZZ_obor_pece":"všeobecné praktické lékařství","addr":"Palackého 626/3","ZZ_RUIAN_kod":"23323752"}},{"type":"Feature","geometry":{"type":"Point","coordinates":[17.234219,49.578725]},"properties":{"ZZ_ID":"64063","ZZ_nazev":"MUDr. GREGAR s.r.o.","ZZ_druh_nazev":"Samostatná ordinace lékaře specialisty","suggested_tag":"amenity=doctors + healthcare=doctor","ZZ_obor_pece":"gastroenterologie, vnitřní lékařství","addr":"Čajkovského 67/14","ZZ_RUIAN_kod":"25250990","poskytovatel_web":"http://www.mudr-gregar.cz"}},{"type":"Feature","geometry":{"type":"Point","coordinates":[17.242176,49.589156]},"properties":{"ZZ_ID":"64050","ZZ_nazev":"MUDr. Jiří Grmela","ZZ_druh_nazev":"Samostatná ordinace PL - stomatologa","suggested_tag":"amenity=dentist + healthcare=dentist","ZZ_obor_pece":"zubní lékařství","addr":"Polívkova 465/51","ZZ_RUIAN_kod":"23305541"}},{"type":"Feature","geometry":{"type":"Point","coordinates":[17.258346,49.602069]},"properties":{"ZZ_ID":"64019","ZZ_nazev":"Dětské lékařské centrum s.r.o.","ZZ_druh_nazev":"Sam.ord.prakt.lékaře pro děti a dorost","suggested_tag":"amenity=doctors + healthcare:speciality=paediatrics","ZZ_obor_pece":"praktické lékařství pro děti a dorost","addr":"Dlouhá 521/34","ZZ_RUIAN_kod":"25533665","poskytovatel_web":"http://www.praktikcentrum.cz"}},{"type":"Feature","geometry":{"type":"Point","coordinates":[17.255896,49.60396]},"properties":{"ZZ_ID":"64018","ZZ_nazev":"Praktický lékař MUDr. Ilona Macháčková s.r.o","ZZ_druh_nazev":"Samost. ordinace všeob. prakt. lékaře","suggested_tag":"amenity=doctors + healthcare:speciality=general","ZZ_obor_pece":"všeobecné praktické lékařství","addr":"Zamykalova 396/15","ZZ_RUIAN_kod":"23265418","poskytovatel_web":"http://lekarolomouc.cz"}},{"type":"Feature","geometry":{"type":"Point","coordinates":[17.249454,49.589884]},"properties":{"ZZ_ID":"63973","ZZ_nazev":"PSYCHOMED s.r.o.","ZZ_druh_nazev":"Samostatná ordinace lékaře specialisty","suggested_tag":"amenity=doctors + healthcare=doctor","ZZ_obor_pece":"dětská a dorostová psychiatrie, psychiatrie","addr":"Vídeňská 636/10","ZZ_RUIAN_kod":"23323841"}},{"type":"Feature","geometry":{"type":"Point","coordinates":[17.246699,49.595593]},"properties":{"ZZ_ID":"63721","ZZ_nazev":"BUONA SALUTE, s.r.o. ","ZZ_druh_nazev":"Samost. ordinace všeob. prakt. lékaře","suggested_tag":"amenity=doctors + healthcare:speciality=general","ZZ_obor_pece":"všeobecné praktické lékařství","addr":"Palackého 626/3","ZZ_RUIAN_kod":"23323752","poskytovatel_web":"http://www.buonasalute.cz"}},{"type":"Feature","geometry":{"type":"Point","coordinates":[17.247756,49.595793]},"properties":{"ZZ_ID":"63660","ZZ_nazev":"Praktik Olomouc s.r.o.","ZZ_druh_nazev":"Samost. ordinace všeob. prakt. lékaře","suggested_tag":"amenity=doctors + healthcare:speciality=general","ZZ_obor_pece":"všeobecné praktické lékařství","addr":"nám. Národních hrdinů 769/2","ZZ_RUIAN_kod":"25056913"}},{"type":"Feature","geometry":{"type":"Point","coordinates":[17.251783,49.585158]},"properties":{"ZZ_ID":"63654","ZZ_nazev":"MUDr. Lucie Míčková","ZZ_druh_nazev":"Samostatná ordinace PL - stomatologa","suggested_tag":"amenity=dentist + healthcare=dentist","ZZ_obor_pece":"zubní lékařství","addr":"Polská 305/33","ZZ_RUIAN_kod":"23331151","poskytovatel_web":"http://detska-zubni-ordinace.cz/"}},{"type":"Feature","geometry":{"type":"Point","coordinates":[17.243092,49.578645]},"properties":{"ZZ_ID":"63563","ZZ_nazev":"Léčebná rehabilitace ZDRAVÍ s.r.o.","ZZ_druh_nazev":"Samostatná ordinace lékaře specialisty","suggested_tag":"amenity=doctors + healthcare=doctor","ZZ_obor_pece":"Fyzioterapeut, rehabilitační a fyzikální medicína","addr":"Janského 463/24","ZZ_RUIAN_kod":"25534785","poskytovatel_web":"http://www.rehabilitace-olomouc.cz/"}},{"type":"Feature","geometry":{"type":"Point","coordinates":[17.252558,49.588415]},"properties":{"ZZ_ID":"63561","ZZ_nazev":"Léčebná rehabilitace ZDRAVÍ s.r.o.","ZZ_druh_nazev":"Samostatná ordinace lékaře specialisty","suggested_tag":"amenity=doctors + healthcare=doctor","ZZ_obor_pece":"Fyzioterapeut, rehabilitační a fyzikální medicína","addr":"Vídeňská 959/18","ZZ_RUIAN_kod":"25534530","poskytovatel_web":"http://www.rehabilitace-olomouc.cz/"}},{"type":"Feature","geometry":{"type":"Point","coordinates":[17.241739,49.590507]},"properties":{"ZZ_ID":"63555","ZZ_nazev":"GYNEKOLOGIE GEBAUER s.r.o.","ZZ_druh_nazev":"Samostatná ordinace PL - gynekologa","suggested_tag":"amenity=doctors + healthcare:speciality=gynaecology","ZZ_obor_pece":"gynekologie a porodnictví","addr":"Polívkova 625/35","ZZ_RUIAN_kod":"23307005"}},{"type":"Feature","geometry":{"type":"Point","coordinates":[17.275976,49.592589]},"properties":{"ZZ_ID":"63243","ZZ_nazev":"Stomatochirurgické a implantologické centrum Olomouc spol. s r.o.","ZZ_druh_nazev":"Samostatná ordinace lékaře specialisty","suggested_tag":"amenity=doctors + healthcare=doctor","ZZ_obor_pece":"orální a maxilofaciální chirurgie, zubní lékařství","addr":"Jeremenkova 1082/36","ZZ_RUIAN_kod":"23284242","poskytovatel_web":"http://stomchircentrum.cz"}},{"type":"Feature","geometry":{"type":"Point","coordinates":[17.236399,49.597273]},"properties":{"ZZ_ID":"62859","ZZ_nazev":"MUDr. Tibor Fegyveres","ZZ_druh_nazev":"Samostatná ordinace lékaře specialisty","suggested_tag":"amenity=doctors + healthcare=doctor","ZZ_obor_pece":"chirurgie","addr":"Na Šibeníku 914/1","ZZ_RUIAN_kod":"25823965"}},{"type":"Feature","geometry":{"type":"Point","coordinates":[17.266837,49.597317]},"properties":{"ZZ_ID":"62840","ZZ_nazev":"PEDIATR Procházková s.r.o.","ZZ_druh_nazev":"Sam.ord.prakt.lékaře pro děti a dorost","suggested_tag":"amenity=doctors + healthcare:speciality=paediatrics","ZZ_obor_pece":"praktické lékařství pro děti a dorost","addr":"Komenského 886/22","ZZ_RUIAN_kod":"23325950","poskytovatel_web":"detsky-lekar.cz"}},{"type":"Feature","geometry":{"type":"Point","coordinates":[17.242158,49.58217]},"properties":{"ZZ_ID":"62223","ZZ_nazev":"MEDIHOPE s.r.o.","ZZ_druh_nazev":"Samostatná ordinace lékaře specialisty","suggested_tag":"amenity=doctors + healthcare=doctor","ZZ_obor_pece":"radiologie a zobrazovací metody","addr":"Heyrovského 547/1a","ZZ_RUIAN_kod":"76005836"}},{"type":"Feature","geometry":{"type":"Point","coordinates":[17.258346,49.602069]},"properties":{"ZZ_ID":"62186","ZZ_nazev":"Gynekologie a dětská gynekologie Hellerová s.r.o.","ZZ_druh_nazev":"Samostatná ordinace PL - gynekologa","suggested_tag":"amenity=doctors + healthcare:speciality=gynaecology","ZZ_obor_pece":"gynekologie a porodnictví","addr":"Dlouhá 521/34","ZZ_RUIAN_kod":"25533665"}},{"type":"Feature","geometry":{"type":"Point","coordinates":[17.255699,49.586882]},"properties":{"ZZ_ID":"61980","ZZ_nazev":"MEDICINPRAXE s.r.o.","ZZ_druh_nazev":"Samost. ordinace všeob. prakt. lékaře","suggested_tag":"amenity=doctors + healthcare:speciality=general","ZZ_obor_pece":"všeobecné praktické lékařství","addr":"Domovina 774/2","ZZ_RUIAN_kod":"23325020","poskytovatel_web":"https://www.mudrfritscherova.cz/"}},{"type":"Feature","geometry":{"type":"Point","coordinates":[17.236629,49.592703]},"properties":{"ZZ_ID":"61979","ZZ_nazev":"G.P.A. ambulance s.r.o.","ZZ_druh_nazev":"Samost. ordinace všeob. prakt. lékaře","suggested_tag":"amenity=doctors + healthcare:speciality=general","ZZ_obor_pece":"všeobecné praktické lékařství","addr":"Dvořákova 223/34","ZZ_RUIAN_kod":"23303417","poskytovatel_web":"http://mudr-dracova.cz"}},{"type":"Feature","geometry":{"type":"Point","coordinates":[17.232973,49.591755]},"properties":{"ZZ_ID":"61969","ZZ_nazev":"MUDr. Karel Opichal","ZZ_druh_nazev":"Samostatná ordinace PL - stomatologa","suggested_tag":"amenity=dentist + healthcare=dentist","ZZ_obor_pece":"zubní lékařství","addr":"Kmochova 927/20","ZZ_RUIAN_kod":"23309512"}},{"type":"Feature","geometry":{"type":"Point","coordinates":[17.242972,49.595942]},"properties":{"ZZ_ID":"61629","ZZ_nazev":"Revmatologie MUDr. Bílková s.r.o.","ZZ_druh_nazev":"Samostatná ordinace lékaře specialisty","suggested_tag":"amenity=doctors + healthcare=doctor","ZZ_obor_pece":"revmatologie","addr":"Wellnerova 1215/3","ZZ_RUIAN_kod":"25475568"}},{"type":"Feature","geometry":{"type":"Point","coordinates":[17.252167,49.595749]},"properties":{"ZZ_ID":"61289","ZZ_nazev":"PaedDr. Marie Tomančáková","ZZ_druh_nazev":"Oční optika","suggested_tag":"shop=optician","ZZ_obor_pece":"Optometrista","addr":"Zámečnická 492/2","ZZ_RUIAN_kod":"23322705","poskytovatel_web":"http://e-kontaktni-cocky.cz/"}},{"type":"Feature","geometry":{"type":"Point","coordinates":[17.230536,49.576539]},"properties":{"ZZ_ID":"61280","ZZ_nazev":"Foniatrie Preisová s.r.o.","ZZ_druh_nazev":"Samostatná ordinace lékaře specialisty","suggested_tag":"amenity=doctors + healthcare=doctor","ZZ_obor_pece":"foniatrie","addr":"Horní lán 1312/12","ZZ_RUIAN_kod":"28183380","poskytovatel_web":"http://www.foniatriepreisova.estranky.cz/"}},{"type":"Feature","geometry":{"type":"Point","coordinates":[17.246699,49.595593]},"properties":{"ZZ_ID":"61229","ZZ_nazev":"CZ SESTREA Olomouc s.r.o.","ZZ_druh_nazev":"Samostatná ordinace lékaře specialisty","suggested_tag":"amenity=doctors + healthcare=doctor","ZZ_obor_pece":"ortopedie a traumatologie pohybového ústrojí","addr":"Palackého 626/3","ZZ_RUIAN_kod":"23323752","poskytovatel_web":"mudr-srom.cz"}},{"type":"Feature","geometry":{"type":"Point","coordinates":[17.235681,49.589462]},"properties":{"ZZ_ID":"61208","ZZ_nazev":"NONDOLET s.r.o.","ZZ_druh_nazev":"Samostatná ordinace PL - stomatologa","suggested_tag":"amenity=dentist + healthcare=dentist","ZZ_obor_pece":"zubní lékařství","addr":"Dobnerova 678/21","ZZ_RUIAN_kod":"23307510"}},{"type":"Feature","geometry":{"type":"Point","coordinates":[17.258346,49.602069]},"properties":{"ZZ_ID":"61199","ZZ_nazev":"MYOSKELET s.r.o.","ZZ_druh_nazev":"Samostatná ordinace lékaře specialisty","suggested_tag":"amenity=doctors + healthcare=doctor","ZZ_obor_pece":"neurologie","addr":"Dlouhá 521/34","ZZ_RUIAN_kod":"25533665"}},{"type":"Feature","geometry":{"type":"Point","coordinates":[17.296921,49.616912]},"properties":{"ZZ_ID":"61197","ZZ_nazev":"MYOSKELET s.r.o.","ZZ_druh_nazev":"Samostatná ordinace lékaře specialisty","suggested_tag":"amenity=doctors + healthcare=doctor","ZZ_obor_pece":"neurologie","addr":"Švabinského 403/3","ZZ_RUIAN_kod":"23300116"}},{"type":"Feature","geometry":{"type":"Point","coordinates":[17.246884,49.594886]},"properties":{"ZZ_ID":"61187","ZZ_nazev":"Psychoporadna s.r.o.","ZZ_druh_nazev":"Samostatná ordinace lékaře specialisty","suggested_tag":"amenity=doctors + healthcare=doctor","ZZ_obor_pece":"psychiatrie","addr":"tř. Svobody 646/4","ZZ_RUIAN_kod":"25001388","poskytovatel_web":"http://www.psychoporadna.cz"}},{"type":"Feature","geometry":{"type":"Point","coordinates":[17.269892,49.593194]},"properties":{"ZZ_ID":"61073","ZZ_nazev":"ZUBOLAND s.r.o.","ZZ_druh_nazev":"Samostatná ordinace lékaře specialisty","suggested_tag":"amenity=doctors + healthcare=doctor","ZZ_obor_pece":"ortodoncie, zubní lékařství","addr":"Kavaleristů 1260/10","ZZ_RUIAN_kod":"27722686","poskytovatel_web":"http://zuboland.cz/"}},{"type":"Feature","geometry":{"type":"Point","coordinates":[17.230146,49.575842]},"properties":{"ZZ_ID":"61056","ZZ_nazev":"ORDINACE NEIPED s.r.o.","ZZ_druh_nazev":"Sam.ord.prakt.lékaře pro děti a dorost","suggested_tag":"amenity=doctors + healthcare:speciality=paediatrics","ZZ_obor_pece":"praktické lékařství pro děti a dorost","addr":"Horní lán 1200/13","ZZ_RUIAN_kod":"24986097"}},{"type":"Feature","geometry":{"type":"Point","coordinates":[17.253193,49.589322]},"properties":{"ZZ_ID":"61049","ZZ_nazev":"DVORSKÁ GYNEKOLOGIE s.r.o.","ZZ_druh_nazev":"Samostatná ordinace PL - gynekologa","suggested_tag":"amenity=doctors + healthcare:speciality=gynaecology","ZZ_obor_pece":"gynekologie a porodnictví","addr":"tř. Svobody 1067/32","ZZ_RUIAN_kod":"25057413"}},{"type":"Feature","geometry":{"type":"Point","coordinates":[17.270261,49.591448]},"properties":{"ZZ_ID":"60954","ZZ_nazev":"Nestátní interní oddělení, s.r.o.","ZZ_druh_nazev":"Samostatná ordinace lékaře specialisty","suggested_tag":"amenity=doctors + healthcare=doctor","ZZ_obor_pece":"klinická onkologie","addr":"Nezvalova 987/1","ZZ_RUIAN_kod":"25533070","poskytovatel_web":"http://www.nestatniinternioddeleni.cz"}},{"type":"Feature","geometry":{"type":"Point","coordinates":[17.2499,49.593833]},"properties":{"ZZ_ID":"60918","ZZ_nazev":"MUDr. Přemysl Janda","ZZ_druh_nazev":"Samostatná ordinace PL - stomatologa","suggested_tag":"amenity=dentist + healthcare=dentist","ZZ_obor_pece":"zubní lékařství","addr":"Horní náměstí 409/26","ZZ_RUIAN_kod":"23322021","poskytovatel_web":"http://zubarjanda.cz"}},{"type":"Feature","geometry":{"type":"Point","coordinates":[17.253193,49.589322]},"properties":{"ZZ_ID":"60917","ZZ_nazev":"MUDr. Helena Česáková","ZZ_druh_nazev":"Samostatná ordinace lékaře specialisty","suggested_tag":"amenity=doctors + healthcare=doctor","ZZ_obor_pece":"neurologie","addr":"tř. Svobody 1067/32","ZZ_RUIAN_kod":"25057413"}},{"type":"Feature","geometry":{"type":"Point","coordinates":[17.25501,49.571782]},"properties":{"ZZ_ID":"60916","ZZ_nazev":"MUDr. Jana Bomberová","ZZ_druh_nazev":"Samost. ordinace všeob. prakt. lékaře","suggested_tag":"amenity=doctors + healthcare:speciality=general","ZZ_obor_pece":"všeobecné praktické lékařství","addr":"Fischerova 763/9","ZZ_RUIAN_kod":"27109470"}},{"type":"Feature","geometry":{"type":"Point","coordinates":[17.242972,49.595942]},"properties":{"ZZ_ID":"60702","ZZ_nazev":"GYNMEUS s.r.o.","ZZ_druh_nazev":"Samostatná ordinace PL - gynekologa","suggested_tag":"amenity=doctors + healthcare:speciality=gynaecology","ZZ_obor_pece":"gynekologie a porodnictví","addr":"Wellnerova 1215/3","ZZ_RUIAN_kod":"25475568","poskytovatel_web":"http://www.burda-ol.cz"}},{"type":"Feature","geometry":{"type":"Point","coordinates":[17.243092,49.578645]},"properties":{"ZZ_ID":"60700","ZZ_nazev":"MUDr. DANA MORAVČÍKOVÁ s.r.o.","ZZ_druh_nazev":"Samost. ordinace všeob. prakt. lékaře","suggested_tag":"amenity=doctors + healthcare:speciality=general","ZZ_obor_pece":"všeobecné praktické lékařství","addr":"Janského 463/24","ZZ_RUIAN_kod":"25534785"}},{"type":"Feature","geometry":{"type":"Point","coordinates":[17.253193,49.589322]},"properties":{"ZZ_ID":"60515","ZZ_nazev":"Neurologická ambulance a EEG laboratoř s.r.o.","ZZ_druh_nazev":"Samostatná ordinace lékaře specialisty","suggested_tag":"amenity=doctors + healthcare=doctor","ZZ_obor_pece":"neurologie","addr":"tř. Svobody 1067/32","ZZ_RUIAN_kod":"25057413","poskytovatel_web":"https://www.neurologiemorava.cz/"}},{"type":"Feature","geometry":{"type":"Point","coordinates":[17.258346,49.602069]},"properties":{"ZZ_ID":"60494","ZZ_nazev":"MUDr. Marie Smetková s.r.o. ","ZZ_druh_nazev":"Samost. ordinace všeob. prakt. lékaře","suggested_tag":"amenity=doctors + healthcare:speciality=general","ZZ_obor_pece":"všeobecné praktické lékařství","addr":"Dlouhá 521/34","ZZ_RUIAN_kod":"25533665"}},{"type":"Feature","geometry":{"type":"Point","coordinates":[17.231126,49.576904]},"properties":{"ZZ_ID":"60490","ZZ_nazev":"DĚTSKÉ ZDRAVÍ s.r.o.","ZZ_druh_nazev":"Sam.ord.prakt.lékaře pro děti a dorost","suggested_tag":"amenity=doctors + healthcare:speciality=paediatrics","ZZ_obor_pece":"praktické lékařství pro děti a dorost","addr":"Horní lán 1310/10a","ZZ_RUIAN_kod":"28120281","poskytovatel_web":"http://www.detskezdravi.cz/"}},{"type":"Feature","geometry":{"type":"Point","coordinates":[17.258346,49.602069]},"properties":{"ZZ_ID":"60483","ZZ_nazev":"MUDr. Nedvědová s.r.o.","ZZ_druh_nazev":"Sam.ord.prakt.lékaře pro děti a dorost","suggested_tag":"amenity=doctors + healthcare:speciality=paediatrics","ZZ_obor_pece":"praktické lékařství pro děti a dorost","addr":"Dlouhá 521/34","ZZ_RUIAN_kod":"25533665"}},{"type":"Feature","geometry":{"type":"Point","coordinates":[17.234219,49.578725]},"properties":{"ZZ_ID":"60420","ZZ_nazev":"Neurosalvezza s.r.o.","ZZ_druh_nazev":"Samostatná ordinace lékaře specialisty","suggested_tag":"amenity=doctors + healthcare=doctor","ZZ_obor_pece":"neurologie","addr":"Čajkovského 67/14","ZZ_RUIAN_kod":"25250990","poskytovatel_web":"http://neurosalvezza.webnode.cz"}},{"type":"Feature","geometry":{"type":"Point","coordinates":[17.253193,49.589322]},"properties":{"ZZ_ID":"60024","ZZ_nazev":"MediEKo ORL s.r.o.","ZZ_druh_nazev":"Samostatná ordinace lékaře specialisty","suggested_tag":"amenity=doctors + healthcare=doctor","ZZ_obor_pece":"foniatrie, otorinolaryngologie a chirurgie hlavy a krku","addr":"tř. Svobody 1067/32","ZZ_RUIAN_kod":"25057413","poskytovatel_web":"http://www.poliklinikaolomouc.cz"}},{"type":"Feature","geometry":{"type":"Point","coordinates":[17.243092,49.578645]},"properties":{"ZZ_ID":"59945","ZZ_nazev":"Dermskin s.r.o.","ZZ_druh_nazev":"Samostatná ordinace lékaře specialisty","suggested_tag":"amenity=doctors + healthcare=doctor","ZZ_obor_pece":"dermatovenerologie","addr":"Janského 463/24","ZZ_RUIAN_kod":"25534785"}},{"type":"Feature","geometry":{"type":"Point","coordinates":[17.253193,49.589322]},"properties":{"ZZ_ID":"59682","ZZ_nazev":"RADION - onkologická ambulance s.r.o.","ZZ_druh_nazev":"Samostatná ordinace lékaře specialisty","suggested_tag":"amenity=doctors + healthcare=doctor","ZZ_obor_pece":"klinická onkologie, nukleární medicína, radiační onkologie","addr":"tř. Svobody 1067/32","ZZ_RUIAN_kod":"25057413"}},{"type":"Feature","geometry":{"type":"Point","coordinates":[17.217545,49.595007]},"properties":{"ZZ_ID":"59235","ZZ_nazev":"CENTRUM ÚSMĚVU s.r.o.","ZZ_druh_nazev":"Samostatná ordinace PL - stomatologa","suggested_tag":"amenity=dentist + healthcare=dentist","ZZ_obor_pece":"zubní lékařství","addr":"Letců 965/31","ZZ_RUIAN_kod":"42779120"}},{"type":"Feature","geometry":{"type":"Point","coordinates":[17.253193,49.589322]},"properties":{"ZZ_ID":"59123","ZZ_nazev":"Stomatologie Hanos s.r.o.","ZZ_druh_nazev":"Samostatná ordinace PL - stomatologa","suggested_tag":"amenity=dentist + healthcare=dentist","ZZ_obor_pece":"zubní lékařství","addr":"tř. Svobody 1067/32","ZZ_RUIAN_kod":"25057413"}},{"type":"Feature","geometry":{"type":"Point","coordinates":[17.253193,49.589322]},"properties":{"ZZ_ID":"59054","ZZ_nazev":"UROLOGIE GREPL s.r.o.","ZZ_druh_nazev":"Samostatná ordinace lékaře specialisty","suggested_tag":"amenity=doctors + healthcare=doctor","ZZ_obor_pece":"urologie","addr":"tř. Svobody 1067/32","ZZ_RUIAN_kod":"25057413"}},{"type":"Feature","geometry":{"type":"Point","coordinates":[17.233782,49.591876]},"properties":{"ZZ_ID":"59052","ZZ_nazev":"Oftalmologie MUDr. Kalitová s.r.o.","ZZ_druh_nazev":"Samostatná ordinace lékaře specialisty","suggested_tag":"amenity=doctors + healthcare=doctor","ZZ_obor_pece":"oftalmologie","addr":"Foerstrova 918/33","ZZ_RUIAN_kod":"23309474","poskytovatel_web":"http://ocni-ordinace.webnode.cz"}},{"type":"Feature","geometry":{"type":"Point","coordinates":[17.231126,49.576904]},"properties":{"ZZ_ID":"59051","ZZ_nazev":"Gynekologická ordinace - Horní lán s.r.o.","ZZ_druh_nazev":"Samostatná ordinace PL - gynekologa","suggested_tag":"amenity=doctors + healthcare:speciality=gynaecology","ZZ_obor_pece":"gynekologie a porodnictví","addr":"Horní lán 1310/10a","ZZ_RUIAN_kod":"28120281","poskytovatel_web":"http://www.ordinace-hornilan.cz"}},{"type":"Feature","geometry":{"type":"Point","coordinates":[17.236399,49.597273]},"properties":{"ZZ_ID":"59035","ZZ_nazev":"EUC Klinika Brno s.r.o.","ZZ_druh_nazev":"Samostatná ordinace lékaře specialisty","suggested_tag":"amenity=doctors + healthcare=doctor","ZZ_obor_pece":"radiologie a zobrazovací metody","addr":"Na Šibeníku 914/1","ZZ_RUIAN_kod":"25823965","poskytovatel_web":"www.eucklinika.cz"}},{"type":"Feature","geometry":{"type":"Point","coordinates":[17.250434,49.59623]},"properties":{"ZZ_ID":"59018","ZZ_nazev":"MUDr. Jitka Nevrlá","ZZ_druh_nazev":"Samostatná ordinace PL - stomatologa","suggested_tag":"amenity=dentist + healthcare=dentist","ZZ_obor_pece":"zubní lékařství","addr":"Sokolská 540/28","ZZ_RUIAN_kod":"23323094","poskytovatel_web":"www.zubolomouc.cz"}},{"type":"Feature","geometry":{"type":"Point","coordinates":[17.281719,49.593968]},"properties":{"ZZ_ID":"59015","ZZ_nazev":"PRAKTIMED - MUDr. Masný s.r.o.","ZZ_druh_nazev":"Samost. ordinace všeob. prakt. lékaře","suggested_tag":"amenity=doctors + healthcare:speciality=general","ZZ_obor_pece":"všeobecné praktické lékařství","addr":"Tyršova 640/19","ZZ_RUIAN_kod":"23280352","poskytovatel_web":"https://mudr-oldrich-masny.zdravotniregistr.cz/"}},{"type":"Feature","geometry":{"type":"Point","coordinates":[17.230058,49.590928]},"properties":{"ZZ_ID":"59008","ZZ_nazev":"REHABILITACE JURÁNKOVÁ s.r.o.","ZZ_druh_nazev":"Samostatné zařízení fyzioterapeuta","suggested_tag":"healthcare=physiotherapist","ZZ_obor_pece":"Fyzioterapeut, rehabilitační a fyzikální medicína","addr":"Jílová 282/2a","ZZ_RUIAN_kod":"27967816","poskytovatel_web":"http://rehabilitace-jurankova.cz"}},{"type":"Feature","geometry":{"type":"Point","coordinates":[17.242972,49.595942]},"properties":{"ZZ_ID":"59000","ZZ_nazev":"G-CURATIVA s.r.o.","ZZ_druh_nazev":"Samostatná ordinace PL - gynekologa","suggested_tag":"amenity=doctors + healthcare:speciality=gynaecology","ZZ_obor_pece":"gynekologie a porodnictví","addr":"Wellnerova 1215/3","ZZ_RUIAN_kod":"25475568","poskytovatel_web":"http://www.g-curativa.cz"}},{"type":"Feature","geometry":{"type":"Point","coordinates":[17.245033,49.580753]},"properties":{"ZZ_ID":"58999","ZZ_nazev":"ZUBOSANA s.r.o.","ZZ_druh_nazev":"Samostatná ordinace PL - stomatologa","suggested_tag":"amenity=dentist + healthcare=dentist","ZZ_obor_pece":"zubní lékařství","addr":"Lužická 274/2","ZZ_RUIAN_kod":"23330911"}},{"type":"Feature","geometry":{"type":"Point","coordinates":[17.269778,49.591597]},"properties":{"ZZ_ID":"58997","ZZ_nazev":"GEMIFEM s.r.o.","ZZ_druh_nazev":"Samostatná ordinace PL - gynekologa","suggested_tag":"amenity=doctors + healthcare:speciality=gynaecology","ZZ_obor_pece":"gynekologie a porodnictví","addr":"Nezvalova 1293/2a","ZZ_RUIAN_kod":"42846234","poskytovatel_web":"http://gemifem.cz"}},{"type":"Feature","geometry":{"type":"Point","coordinates":[17.249799,49.596172]},"properties":{"ZZ_ID":"58982","ZZ_nazev":"PEDIATR OL s.r.o.","ZZ_druh_nazev":"Sam.ord.prakt.lékaře pro děti a dorost","suggested_tag":"amenity=doctors + healthcare:speciality=paediatrics","ZZ_obor_pece":"dětská kardiologie, praktické lékařství pro děti a dorost","addr":"Slovenská 538/3","ZZ_RUIAN_kod":"23323078","poskytovatel_web":"http://www.renata-kutrova.cz"}},{"type":"Feature","geometry":{"type":"Point","coordinates":[17.243808,49.585967]},"properties":{"ZZ_ID":"58980","ZZ_nazev":"OČNÍ OLOMOUC s.r.o.","ZZ_druh_nazev":"Samostatná ordinace lékaře specialisty","suggested_tag":"amenity=doctors + healthcare=doctor","ZZ_obor_pece":"oftalmologie","addr":"Edmunda Husserla 1213/3","ZZ_RUIAN_kod":"82383944","poskytovatel_web":"http://www.ocniolomouc.cz"}},{"type":"Feature","geometry":{"type":"Point","coordinates":[17.251338,49.594427]},"properties":{"ZZ_ID":"58978","ZZ_nazev":"TOPLASER s.r.o.","ZZ_druh_nazev":"Samostatná ordinace lékaře specialisty","suggested_tag":"amenity=doctors + healthcare=doctor","ZZ_obor_pece":"dermatovenerologie","addr":"Horní náměstí 285/8","ZZ_RUIAN_kod":"23320931","poskytovatel_web":"http://www.toplaser.cz"}},{"type":"Feature","geometry":{"type":"Point","coordinates":[17.226923,49.597124]},"properties":{"ZZ_ID":"58965","ZZ_nazev":"Dermatologické centrum s.r.o.","ZZ_druh_nazev":"Samostatná ordinace lékaře specialisty","suggested_tag":"amenity=doctors + healthcare=doctor","ZZ_obor_pece":"dermatovenerologie","addr":"Helsinská 261/13","ZZ_RUIAN_kod":"26632209","poskytovatel_web":"http://www.laserstudio.cz"}},{"type":"Feature","geometry":{"type":"Point","coordinates":[17.255226,49.599758]},"properties":{"ZZ_ID":"58953","ZZ_nazev":"NEUROLOGIE MUDr. Řeháková s.r.o.","ZZ_druh_nazev":"Samostatná ordinace lékaře specialisty","suggested_tag":"amenity=doctors + healthcare=doctor","ZZ_obor_pece":"neurologie","addr":"Bořivojova 540/30a","ZZ_RUIAN_kod":"23266724"}},{"type":"Feature","geometry":{"type":"Point","coordinates":[17.253193,49.589322]},"properties":{"ZZ_ID":"58839","ZZ_nazev":"JIRÁTKOVÁ psychiatrická ambulance s.r.o.","ZZ_druh_nazev":"Samostatná ordinace lékaře specialisty","suggested_tag":"amenity=doctors + healthcare=doctor","ZZ_obor_pece":"psychiatrie","addr":"tř. Svobody 1067/32","ZZ_RUIAN_kod":"25057413"}},{"type":"Feature","geometry":{"type":"Point","coordinates":[17.253193,49.589322]},"properties":{"ZZ_ID":"58838","ZZ_nazev":"Urologie Kocourek s.r.o.","ZZ_druh_nazev":"Samostatná ordinace lékaře specialisty","suggested_tag":"amenity=doctors + healthcare=doctor","ZZ_obor_pece":"urologie","addr":"tř. Svobody 1067/32","ZZ_RUIAN_kod":"25057413","poskytovatel_web":"http://www.mojeurologie.cz"}},{"type":"Feature","geometry":{"type":"Point","coordinates":[17.242661,49.596725]},"properties":{"ZZ_ID":"58837","ZZ_nazev":"VYCHODILOVÁ endo s.r.o.","ZZ_druh_nazev":"Samostatná ordinace lékaře specialisty","suggested_tag":"amenity=doctors + healthcare=doctor","ZZ_obor_pece":"endokrinologie a diabetologie, vnitřní lékařství","addr":"Wellnerova 1322/3c","ZZ_RUIAN_kod":"28375106"}},{"type":"Feature","geometry":{"type":"Point","coordinates":[17.262464,49.6014]},"properties":{"ZZ_ID":"58836","ZZ_nazev":"MUDr. Franková Šárka, s.r.o","ZZ_druh_nazev":"Samost. ordinace všeob. prakt. lékaře","suggested_tag":"amenity=doctors + healthcare:speciality=general","ZZ_obor_pece":"všeobecné praktické lékařství","addr":"Veleslavínova 374/12","ZZ_RUIAN_kod":"23265205"}},{"type":"Feature","geometry":{"type":"Point","coordinates":[17.253193,49.589322]},"properties":{"ZZ_ID":"58825","ZZ_nazev":"NEURO-MEDNET s.r.o.","ZZ_druh_nazev":"Samostatná ordinace lékaře specialisty","suggested_tag":"amenity=doctors + healthcare=doctor","ZZ_obor_pece":"neurologie","addr":"tř. Svobody 1067/32","ZZ_RUIAN_kod":"25057413","poskytovatel_web":"https://www.neurologiemorava.cz/"}},{"type":"Feature","geometry":{"type":"Point","coordinates":[17.247756,49.595793]},"properties":{"ZZ_ID":"58810","ZZ_nazev":"CT SCAN PLUS s.r.o.","ZZ_druh_nazev":"Samostatná ordinace lékaře specialisty","suggested_tag":"amenity=doctors + healthcare=doctor","ZZ_obor_pece":"radiologie a zobrazovací metody","addr":"nám. Národních hrdinů 769/2","ZZ_RUIAN_kod":"25056913"}},{"type":"Feature","geometry":{"type":"Point","coordinates":[17.213477,49.594453]},"properties":{"ZZ_ID":"58576","ZZ_nazev":"RRR Centrum - Centrum léčby bolestivých stavů a pohybových poruch, spol. s r.o.","ZZ_druh_nazev":"Samostatná ordinace lékaře specialisty","suggested_tag":"amenity=doctors + healthcare=doctor","ZZ_obor_pece":"algeziologie, Fyzioterapeut, neurologie, rehabilitační a fyzikální medicína","addr":"tř. Míru 671/117","ZZ_RUIAN_kod":"23273135"}},{"type":"Feature","geometry":{"type":"Point","coordinates":[17.237531,49.59958]},"properties":{"ZZ_ID":"58450","ZZ_nazev":"Centrum MEDIOL s.r.o.","ZZ_druh_nazev":"Samostatná ordinace lékaře specialisty","suggested_tag":"amenity=doctors + healthcare=doctor","ZZ_obor_pece":"gynekologie a porodnictví, sexuologie","addr":"Na Šibeníku 212/26","ZZ_RUIAN_kod":"23295198","poskytovatel_web":"http://www.sexuolog.net"}},{"type":"Feature","geometry":{"type":"Point","coordinates":[17.229186,49.592987]},"properties":{"ZZ_ID":"58112","ZZ_nazev":"DERMACENTRUM s.r.o.","ZZ_druh_nazev":"Samostatná ordinace lékaře specialisty","suggested_tag":"amenity=doctors + healthcare=doctor","ZZ_obor_pece":"dermatovenerologie","addr":"tř. Svornosti 1177/57","ZZ_RUIAN_kod":"25279653","poskytovatel_web":"http://www.hilserova.cz"}},{"type":"Feature","geometry":{"type":"Point","coordinates":[17.226923,49.597124]},"properties":{"ZZ_ID":"57992","ZZ_nazev":"Ordinace Neředín, spol. s r.o.","ZZ_druh_nazev":"Samost. ordinace všeob. prakt. lékaře","suggested_tag":"amenity=doctors + healthcare:speciality=general","ZZ_obor_pece":"všeobecné praktické lékařství","addr":"Helsinská 261/13","ZZ_RUIAN_kod":"26632209","poskytovatel_web":"http://www.ordinace-neredin.cz"}},{"type":"Feature","geometry":{"type":"Point","coordinates":[17.225319,49.577759]},"properties":{"ZZ_ID":"57972","ZZ_nazev":"MEDKONSULT, s. r. o.","ZZ_druh_nazev":"Samostatná ordinace lékaře specialisty","suggested_tag":"amenity=doctors + healthcare=doctor","ZZ_obor_pece":"urologie","addr":"Balcárkova 1258/8","ZZ_RUIAN_kod":"26313901","poskytovatel_web":"http://www.medkonsult.cz"}},{"type":"Feature","geometry":{"type":"Point","coordinates":[17.232904,49.581516]},"properties":{"ZZ_ID":"57757","ZZ_nazev":"ELPIS OLOMOUC, spol. s r. o.","ZZ_druh_nazev":"Samostatná ordinace lékaře specialisty","suggested_tag":"amenity=doctors + healthcare=doctor","ZZ_obor_pece":"Fyzioterapeut, neurologie, rehabilitační a fyzikální medicína","addr":"Mošnerova 1182/3","ZZ_RUIAN_kod":"23311746","poskytovatel_web":"http://www.rehabilitaceolomouc.cz"}},{"type":"Feature","geometry":{"type":"Point","coordinates":[17.242661,49.596725]},"properties":{"ZZ_ID":"57130","ZZ_nazev":"PhDr. Lenka Vacková","ZZ_druh_nazev":"Samostatné zařízení logopeda","ZZ_obor_pece":"Klinický logoped","addr":"Wellnerova 1322/3c","ZZ_RUIAN_kod":"28375106","poskytovatel_web":"http://logo-psycho.cz"}},{"type":"Feature","geometry":{"type":"Point","coordinates":[17.22945,49.57631]},"properties":{"ZZ_ID":"56976","ZZ_nazev":"MUDr. Jan Paroulek","ZZ_druh_nazev":"Samostatná ordinace PL - stomatologa","suggested_tag":"amenity=dentist + healthcare=dentist","ZZ_obor_pece":"zubní lékařství","addr":"Horní lán 1231/43","ZZ_RUIAN_kod":"25782657","poskytovatel_web":"http://www.paroulek.cz"}},{"type":"Feature","geometry":{"type":"Point","coordinates":[17.257319,49.601373]},"properties":{"ZZ_ID":"56972","ZZ_nazev":"MUDr. Dana Houserková","ZZ_druh_nazev":"Samostatná ordinace lékaře specialisty","suggested_tag":"amenity=doctors + healthcare=doctor","ZZ_obor_pece":"radiologie a zobrazovací metody","addr":"Dlouhá 524/28","ZZ_RUIAN_kod":"25533649","poskytovatel_web":"http://mammacentrum-olomouc.cz"}},{"type":"Feature","geometry":{"type":"Point","coordinates":[17.254361,49.590566]},"properties":{"ZZ_ID":"56814","ZZ_nazev":"ZOTICOS s.r.o.","ZZ_druh_nazev":"Samost. ordinace všeob. prakt. lékaře","suggested_tag":"amenity=doctors + healthcare:speciality=general","ZZ_obor_pece":"všeobecné praktické lékařství","addr":"Kateřinská 86/11","ZZ_RUIAN_kod":"23319208","poskytovatel_web":"http://zoticos.cz"}},{"type":"Feature","geometry":{"type":"Point","coordinates":[17.268459,49.589218]},"properties":{"ZZ_ID":"56758","ZZ_nazev":"SENSAMED s.r.o.","ZZ_druh_nazev":"Samost. ordinace všeob. prakt. lékaře","suggested_tag":"amenity=doctors + healthcare:speciality=general","ZZ_obor_pece":"všeobecné praktické lékařství","addr":"tř. Kosmonautů 989/8","ZZ_RUIAN_kod":"25057383","poskytovatel_web":"www.sensamed.cz"}},{"type":"Feature","geometry":{"type":"Point","coordinates":[17.246207,49.596037]},"properties":{"ZZ_ID":"56730","ZZ_nazev":"PRAKTIK MPV s.r.o.","ZZ_druh_nazev":"Samost. ordinace všeob. prakt. lékaře","suggested_tag":"amenity=doctors + healthcare:speciality=general","ZZ_obor_pece":"všeobecné praktické lékařství","addr":"Palackého 643/8","ZZ_RUIAN_kod":"23323906"}},{"type":"Feature","geometry":{"type":"Point","coordinates":[17.253193,49.589322]},"properties":{"ZZ_ID":"56658","ZZ_nazev":"MUDr. Linda Šrámková","ZZ_druh_nazev":"Samostatná ordinace PL - stomatologa","suggested_tag":"amenity=dentist + healthcare=dentist","ZZ_obor_pece":"zubní lékařství","addr":"tř. Svobody 1067/32","ZZ_RUIAN_kod":"25057413"}},{"type":"Feature","geometry":{"type":"Point","coordinates":[17.248025,49.582807]},"properties":{"ZZ_ID":"56370","ZZ_nazev":"MUDr. Rudolf Ditmar","ZZ_druh_nazev":"Samostatná ordinace lékaře specialisty","suggested_tag":"amenity=doctors + healthcare=doctor","ZZ_obor_pece":"rehabilitační a fyzikální medicína","addr":"Ibsenova 496/19","ZZ_RUIAN_kod":"26556324"}},{"type":"Feature","geometry":{"type":"Point","coordinates":[17.239031,49.590928]},"properties":{"ZZ_ID":"56336","ZZ_nazev":"MOJE AMBULANCE a.s.","ZZ_druh_nazev":"Samost. ordinace všeob. prakt. lékaře","suggested_tag":"amenity=doctors + healthcare:speciality=general","ZZ_obor_pece":"všeobecné praktické lékařství","addr":"Janáčkova 943/5","ZZ_RUIAN_kod":"23309628","poskytovatel_web":"http://mojeambulance.cz"}},{"type":"Feature","geometry":{"type":"Point","coordinates":[17.236454,49.568836]},"properties":{"ZZ_ID":"56307","ZZ_nazev":"FLUPED s.r.o.","ZZ_druh_nazev":"Sam.ord.prakt.lékaře pro děti a dorost","suggested_tag":"amenity=doctors + healthcare:speciality=paediatrics","ZZ_obor_pece":"anesteziologie a intenzivní medicína, praktické lékařství pro děti a dorost","addr":"Jižní 358/13","ZZ_RUIAN_kod":"27018431","poskytovatel_web":"http://www.fluped.cz"}},{"type":"Feature","geometry":{"type":"Point","coordinates":[17.248737,49.582731]},"properties":{"ZZ_ID":"56191","ZZ_nazev":"AVE LASER CENTRUM s.r.o.","ZZ_druh_nazev":"Samostatná ordinace lékaře specialisty","suggested_tag":"amenity=doctors + healthcare=doctor","ZZ_obor_pece":"chirurgie","addr":"Ibsenova 501/17","ZZ_RUIAN_kod":"27125700","poskytovatel_web":"www.avelaser.cz"}},{"type":"Feature","geometry":{"type":"Point","coordinates":[17.292657,49.57757]},"properties":{"ZZ_ID":"56172","ZZ_nazev":"STOMATOLOGICKÁ ORDINACE HOLICE s.r.o.","ZZ_druh_nazev":"Samostatná ordinace PL - stomatologa","suggested_tag":"amenity=dentist + healthcare=dentist","ZZ_obor_pece":"zubní lékařství","addr":"Sladkovského 341/59","ZZ_RUIAN_kod":"23244101"}},{"type":"Feature","geometry":{"type":"Point","coordinates":[17.279011,49.595322]},"properties":{"ZZ_ID":"56141","ZZ_nazev":"MUDr. Alois Deutsch","ZZ_druh_nazev":"Samostatná ordinace lékaře specialisty","suggested_tag":"amenity=doctors + healthcare=doctor","ZZ_obor_pece":"Fyzioterapeut, rehabilitační a fyzikální medicína","addr":"U ambulatoria 669/5","ZZ_RUIAN_kod":"23280603"}},{"type":"Feature","geometry":{"type":"Point","coordinates":[17.269892,49.593194]},"properties":{"ZZ_ID":"56128","ZZ_nazev":"TIMBER spol. s r.o.","ZZ_druh_nazev":"Samostatná ordinace lékaře specialisty","suggested_tag":"amenity=doctors + healthcare=doctor","ZZ_obor_pece":"oftalmologie, Ortoptista, Zrakový terapeut","addr":"Kavaleristů 1260/10","ZZ_RUIAN_kod":"27722686","poskytovatel_web":"http://ocnilatalova.cz"}},{"type":"Feature","geometry":{"type":"Point","coordinates":[17.275185,49.590793]},"properties":{"ZZ_ID":"55966","ZZ_nazev":"SALVUS MEDECO, s.r.o.","ZZ_druh_nazev":"Samostatná ordinace lékaře specialisty","suggested_tag":"amenity=doctors + healthcare=doctor","ZZ_obor_pece":"endokrinologie a diabetologie, vnitřní lékařství","addr":"Jungmannova 1075/8","ZZ_RUIAN_kod":"23284218","poskytovatel_web":"http://www.salvusmedeco.cz"}},{"type":"Feature","geometry":{"type":"Point","coordinates":[17.231126,49.576904]},"properties":{"ZZ_ID":"55364","ZZ_nazev":"MEDI - ACU s.r.o.","ZZ_druh_nazev":"Samostatná ordinace lékaře specialisty","suggested_tag":"amenity=doctors + healthcare=doctor","ZZ_obor_pece":"otorinolaryngologie a chirurgie hlavy a krku","addr":"Horní lán 1310/10a","ZZ_RUIAN_kod":"28120281"}},{"type":"Feature","geometry":{"type":"Point","coordinates":[17.269778,49.591597]},"properties":{"ZZ_ID":"55348","ZZ_nazev":"Doc. MUDr. Martin Starosta, Ph.D.","ZZ_druh_nazev":"Samostatná ordinace PL - stomatologa","suggested_tag":"amenity=dentist + healthcare=dentist","ZZ_obor_pece":"zubní lékařství","addr":"Nezvalova 1293/2a","ZZ_RUIAN_kod":"42846234"}},{"type":"Feature","geometry":{"type":"Point","coordinates":[17.234321,49.591176]},"properties":{"ZZ_ID":"55275","ZZ_nazev":"Mgr. Luděk Vágner","ZZ_druh_nazev":"Samostatné zařízení fyzioterapeuta","suggested_tag":"healthcare=physiotherapist","ZZ_obor_pece":"Fyzioterapeut","addr":"Dobnerova 718/26","ZZ_RUIAN_kod":"25279432","poskytovatel_web":"http://lifebalanceclinic.cz"}},{"type":"Feature","geometry":{"type":"Point","coordinates":[17.270261,49.591448]},"properties":{"ZZ_ID":"55223","ZZ_nazev":"MAMMACENTRUM Olomouc, s.r.o.","ZZ_druh_nazev":"Samostatná ordinace lékaře specialisty","suggested_tag":"amenity=doctors + healthcare=doctor","ZZ_obor_pece":"radiologie a zobrazovací metody","addr":"Nezvalova 987/1","ZZ_RUIAN_kod":"25533070","poskytovatel_web":"http://www.mammacentrum-olomouc.cz/"}},{"type":"Feature","geometry":{"type":"Point","coordinates":[17.250914,49.591802]},"properties":{"ZZ_ID":"55219","ZZ_nazev":"TANA oční klinika s.r.o.","ZZ_druh_nazev":"Samostatná ordinace lékaře specialisty","suggested_tag":"amenity=doctors + healthcare=doctor","ZZ_obor_pece":"oftalmologie","addr":"Uhelná 1186/8","ZZ_RUIAN_kod":"27117286","poskytovatel_web":"http://www.tanaocniklinika.cz"}},{"type":"Feature","geometry":{"type":"Point","coordinates":[17.296219,49.57255]},"properties":{"ZZ_ID":"55216","ZZ_nazev":"PRIVÁTNÍ LÉKAŘ, s.r.o.","ZZ_druh_nazev":"Samost. ordinace všeob. prakt. lékaře","suggested_tag":"amenity=doctors + healthcare:speciality=general","ZZ_obor_pece":"všeobecné praktické lékařství","addr":"Náves Svobody 40/37","ZZ_RUIAN_kod":"23241462","poskytovatel_web":"http://www.ordinace-ol.cz/"}},{"type":"Feature","geometry":{"type":"Point","coordinates":[17.231126,49.576904]},"properties":{"ZZ_ID":"55175","ZZ_nazev":"MUDr. Milena Sehnalová","ZZ_druh_nazev":"Samostatná ordinace lékaře specialisty","suggested_tag":"amenity=doctors + healthcare=doctor","ZZ_obor_pece":"Fyzioterapeut, neurologie, rehabilitační a fyzikální medicína","addr":"Horní lán 1310/10a","ZZ_RUIAN_kod":"28120281","poskytovatel_web":"http://neurologieolomouc.cz"}},{"type":"Feature","geometry":{"type":"Point","coordinates":[17.243092,49.578645]},"properties":{"ZZ_ID":"55132","ZZ_nazev":"MUDr. Jana Tvrdá","ZZ_druh_nazev":"Samostatná ordinace PL - stomatologa","suggested_tag":"amenity=dentist + healthcare=dentist","ZZ_obor_pece":"zubní lékařství","addr":"Janského 463/24","ZZ_RUIAN_kod":"25534785"}},{"type":"Feature","geometry":{"type":"Point","coordinates":[17.2499,49.593833]},"properties":{"ZZ_ID":"53630","ZZ_nazev":"GeneralMed spol. s r.o.","ZZ_druh_nazev":"Samost. ordinace všeob. prakt. lékaře","suggested_tag":"amenity=doctors + healthcare:speciality=general","ZZ_obor_pece":"všeobecné praktické lékařství","addr":"Horní náměstí 409/26","ZZ_RUIAN_kod":"23322021","poskytovatel_web":"https://www.generalmed.cz/"}},{"type":"Feature","geometry":{"type":"Point","coordinates":[17.253193,49.589322]},"properties":{"ZZ_ID":"53594","ZZ_nazev":"Nestátní interní oddělení, s.r.o.","ZZ_druh_nazev":"Samostatná ordinace lékaře specialisty","suggested_tag":"amenity=doctors + healthcare=doctor","ZZ_obor_pece":"angiologie, endokrinologie a diabetologie, kardiologie, klinická onkologie, revmatologie, vnitřní lékařství","addr":"tř. Svobody 1067/32","ZZ_RUIAN_kod":"25057413","poskytovatel_web":"http://www.nestatniinternioddeleni.cz"}},{"type":"Feature","geometry":{"type":"Point","coordinates":[17.276806,49.586404]},"properties":{"ZZ_ID":"53591","ZZ_nazev":"MUDr. Marcela Frommerová","ZZ_druh_nazev":"Samostatná ordinace PL - stomatologa","suggested_tag":"amenity=dentist + healthcare=dentist","ZZ_obor_pece":"zubní lékařství","addr":"Tovární 900/13","ZZ_RUIAN_kod":"23282720","poskytovatel_web":"http://www.zubnilekar-mudrfrommerova.cz"}},{"type":"Feature","geometry":{"type":"Point","coordinates":[17.269633,49.575496]},"properties":{"ZZ_ID":"53584","ZZ_nazev":"MUDr. Adriana Bednaříková","ZZ_druh_nazev":"Samost. ordinace všeob. prakt. lékaře","suggested_tag":"amenity=doctors + healthcare:speciality=general","ZZ_obor_pece":"všeobecné praktické lékařství","addr":"Přichystalova 146/89","ZZ_RUIAN_kod":"28156218"}},{"type":"Feature","geometry":{"type":"Point","coordinates":[17.253907,49.592083]},"properties":{"ZZ_ID":"52979","ZZ_nazev":"Prof.MUDr. Michael Houdek,CSc.","ZZ_druh_nazev":"Samostatná ordinace lékaře specialisty","suggested_tag":"amenity=doctors + healthcare=doctor","ZZ_obor_pece":"chirurgie, neurochirurgie","addr":"Dolní náměstí 166/22","ZZ_RUIAN_kod":"23319917"}},{"type":"Feature","geometry":{"type":"Point","coordinates":[17.279011,49.595322]},"properties":{"ZZ_ID":"52600","ZZ_nazev":"Ordinace pro tbc a respirační nemoci s.r.o.","ZZ_druh_nazev":"Samostatná ordinace lékaře specialisty","suggested_tag":"amenity=doctors + healthcare=doctor","ZZ_obor_pece":"pneumologie a ftizeologie, radiologie a zobrazovací metody","addr":"U ambulatoria 669/5","ZZ_RUIAN_kod":"23280603","poskytovatel_web":"www.plicnihodolany.cz"}},{"type":"Feature","geometry":{"type":"Point","coordinates":[17.273803,49.593894]},"properties":{"ZZ_ID":"52590","ZZ_nazev":"MUDr. Andrea Spurná","ZZ_druh_nazev":"Samost. ordinace všeob. prakt. lékaře","suggested_tag":"amenity=doctors + healthcare:speciality=general","ZZ_obor_pece":"všeobecné praktické lékařství","addr":"Masarykova třída 795/41","ZZ_RUIAN_kod":"23281791","poskytovatel_web":"http://www.andreaspurna.cz"}},{"type":"Feature","geometry":{"type":"Point","coordinates":[17.256309,49.583932]},"properties":{"ZZ_ID":"52051","ZZ_nazev":"BISTRODENT spol. s r.o.","ZZ_druh_nazev":"Samostatná ordinace PL - stomatologa","suggested_tag":"amenity=dentist + healthcare=dentist","ZZ_obor_pece":"zubní lékařství","addr":"Rooseveltova 147/20","ZZ_RUIAN_kod":"23313188","poskytovatel_web":"http://www.bistrodent.cz"}},{"type":"Feature","geometry":{"type":"Point","coordinates":[17.239606,49.585952]},"properties":{"ZZ_ID":"51686","ZZ_nazev":"G-Medica spol. s r.o.","ZZ_druh_nazev":"Samostatná ordinace lékaře specialisty","suggested_tag":"amenity=doctors + healthcare=doctor","ZZ_obor_pece":"radiologie a zobrazovací metody","addr":"Zdravotníků 248/7","ZZ_RUIAN_kod":"31453996","poskytovatel_web":"http://gmedica.cz"}},{"type":"Feature","geometry":{"type":"Point","coordinates":[17.234172,49.595927]},"properties":{"ZZ_ID":"51660","ZZ_nazev":"MUDr. Jana Lindnerová","ZZ_druh_nazev":"Samostatná ordinace lékaře specialisty","suggested_tag":"amenity=doctors + healthcare=doctor","ZZ_obor_pece":"dětská a dorostová psychiatrie, psychiatrie","addr":"Žilinská 198/26a","ZZ_RUIAN_kod":"26110890"}},{"type":"Feature","geometry":{"type":"Point","coordinates":[17.240478,49.596329]},"properties":{"ZZ_ID":"51643","ZZ_nazev":"MUDr. Hana Svačinová","ZZ_druh_nazev":"Samostatná ordinace PL - stomatologa","suggested_tag":"amenity=dentist + healthcare=dentist","ZZ_obor_pece":"zubní lékařství","addr":"Litovelská 1349/2b","ZZ_RUIAN_kod":"74535510"}},{"type":"Feature","geometry":{"type":"Point","coordinates":[17.258112,49.584789]},"properties":{"ZZ_ID":"51436","ZZ_nazev":"MUDr. Renata Sheetyová","ZZ_druh_nazev":"Samostatná ordinace lékaře specialisty","suggested_tag":"amenity=doctors + healthcare=doctor","ZZ_obor_pece":"dermatovenerologie","addr":"Rokycanova 802/1e","ZZ_RUIAN_kod":"75754355"}},{"type":"Feature","geometry":{"type":"Point","coordinates":[17.251338,49.594427]},"properties":{"ZZ_ID":"50857","ZZ_nazev":"G - CENTRUM Olomouc s.r.o.","ZZ_druh_nazev":"Samostatná ordinace PL - gynekologa","suggested_tag":"amenity=doctors + healthcare:speciality=gynaecology","ZZ_obor_pece":"anesteziologie a intenzivní medicína, gynekologie a porodnictví, gynekologie dětí a dospívajících, klinická osteologie, lékařská genetika","addr":"Horní náměstí 285/8","ZZ_RUIAN_kod":"23320931","poskytovatel_web":"http://www.g-centrum.cz"}},{"type":"Feature","geometry":{"type":"Point","coordinates":[17.219255,49.59229]},"properties":{"ZZ_ID":"50324","ZZ_nazev":"MUDr. Pavlína Zaoralová","ZZ_druh_nazev":"Sam.ord.prakt.lékaře pro děti a dorost","suggested_tag":"amenity=doctors + healthcare:speciality=paediatrics","ZZ_obor_pece":"praktické lékařství pro děti a dorost","addr":"Západní 648/48","ZZ_RUIAN_kod":"23272911"}},{"type":"Feature","geometry":{"type":"Point","coordinates":[17.258346,49.602069]},"properties":{"ZZ_ID":"50200","ZZ_nazev":"MUDr. Ivona Dostálová","ZZ_druh_nazev":"Samostatná ordinace lékaře specialisty","suggested_tag":"amenity=doctors + healthcare=doctor","ZZ_obor_pece":"psychiatrie","addr":"Dlouhá 521/34","ZZ_RUIAN_kod":"25533665"}},{"type":"Feature","geometry":{"type":"Point","coordinates":[17.243092,49.578645]},"properties":{"ZZ_ID":"50192","ZZ_nazev":"MUDr. Iva Papajíková","ZZ_druh_nazev":"Samostatná ordinace PL - stomatologa","suggested_tag":"amenity=dentist + healthcare=dentist","ZZ_obor_pece":"zubní lékařství","addr":"Janského 463/24","ZZ_RUIAN_kod":"25534785"}},{"type":"Feature","geometry":{"type":"Point","coordinates":[17.242972,49.595942]},"properties":{"ZZ_ID":"50147","ZZ_nazev":"Chirex Olomouc s.r.o.","ZZ_druh_nazev":"Samostatná ordinace lékaře specialisty","suggested_tag":"amenity=doctors + healthcare=doctor","ZZ_obor_pece":"chirurgie","addr":"Wellnerova 1215/3","ZZ_RUIAN_kod":"25475568","poskytovatel_web":"www.chirex.cz"}},{"type":"Feature","geometry":{"type":"Point","coordinates":[17.258984,49.582643]},"properties":{"ZZ_ID":"47276","ZZ_nazev":"MUDr. Iveta Chmielová","ZZ_druh_nazev":"Samostatná ordinace PL - stomatologa","suggested_tag":"amenity=dentist + healthcare=dentist","ZZ_obor_pece":"zubní lékařství","addr":"Rokycanova 781/15","ZZ_RUIAN_kod":"40612325"}},{"type":"Feature","geometry":{"type":"Point","coordinates":[17.258346,49.602069]},"properties":{"ZZ_ID":"46274","ZZ_nazev":"MUDr. Alena Petříková","ZZ_druh_nazev":"Samostatná ordinace lékaře specialisty","suggested_tag":"amenity=doctors + healthcare=doctor","ZZ_obor_pece":"revmatologie","addr":"Dlouhá 521/34","ZZ_RUIAN_kod":"25533665"}},{"type":"Feature","geometry":{"type":"Point","coordinates":[17.241608,49.590977]},"properties":{"ZZ_ID":"46263","ZZ_nazev":"MUDr. Ondřej Procházka","ZZ_druh_nazev":"Samostatná ordinace PL - stomatologa","suggested_tag":"amenity=dentist + healthcare=dentist","ZZ_obor_pece":"zubní lékařství","addr":"Polívkova 588/31","ZZ_RUIAN_kod":"23306700"}},{"type":"Feature","geometry":{"type":"Point","coordinates":[17.254186,49.593435]},"properties":{"ZZ_ID":"46113","ZZ_nazev":"MUDr. Beata Prucková","ZZ_druh_nazev":"Samostatná ordinace PL - stomatologa","suggested_tag":"amenity=dentist + healthcare=dentist","ZZ_obor_pece":"zubní lékařství","addr":"Žerotínovo nám. 605/2","ZZ_RUIAN_kod":"23323591"}},{"type":"Feature","geometry":{"type":"Point","coordinates":[17.220442,49.602255]},"properties":{"ZZ_ID":"45298","ZZ_nazev":"MUDr. Radomír Holibka","ZZ_druh_nazev":"Samostatná ordinace lékaře specialisty","suggested_tag":"amenity=doctors + healthcare=doctor","ZZ_obor_pece":"ortopedie a traumatologie pohybového ústrojí","addr":"Pražská 255/41","ZZ_RUIAN_kod":"26238772","poskytovatel_web":"http://www.rehapoint.cz"}},{"type":"Feature","geometry":{"type":"Point","coordinates":[17.248737,49.582731]},"properties":{"ZZ_ID":"45070","ZZ_nazev":"MUDr. Eva Remlová, Ph.D., MBA","ZZ_druh_nazev":"Samostatná ordinace lékaře specialisty","suggested_tag":"amenity=doctors + healthcare=doctor","ZZ_obor_pece":"chirurgie","addr":"Ibsenova 501/17","ZZ_RUIAN_kod":"27125700","poskytovatel_web":"http://www.avelaser.cz"}},{"type":"Feature","geometry":{"type":"Point","coordinates":[17.247756,49.595793]},"properties":{"ZZ_ID":"44901","ZZ_nazev":"Prof.MUDr. Milan Kudela,CSc.","ZZ_druh_nazev":"Samostatná ordinace PL - gynekologa","suggested_tag":"amenity=doctors + healthcare:speciality=gynaecology","ZZ_obor_pece":"gynekologie a porodnictví","addr":"nám. Národních hrdinů 769/2","ZZ_RUIAN_kod":"25056913","poskytovatel_web":"www.milankudela.cz"}},{"type":"Feature","geometry":{"type":"Point","coordinates":[17.247756,49.595793]},"properties":{"ZZ_ID":"44900","ZZ_nazev":"MUDr. Daniel Ľubušký","ZZ_druh_nazev":"Samostatná ordinace PL - gynekologa","suggested_tag":"amenity=doctors + healthcare:speciality=gynaecology","ZZ_obor_pece":"gynekologie a porodnictví","addr":"nám. Národních hrdinů 769/2","ZZ_RUIAN_kod":"25056913","poskytovatel_web":"http://www.lubusky-daniel.cz"}},{"type":"Feature","geometry":{"type":"Point","coordinates":[17.250132,49.574639]},"properties":{"ZZ_ID":"44860","ZZ_nazev":"MUDr. Iveta Hudcová","ZZ_druh_nazev":"Samostatná ordinace lékaře specialisty","suggested_tag":"amenity=doctors + healthcare=doctor","ZZ_obor_pece":"alergologie a klinická imunologie","addr":"Družební 769/2f","ZZ_RUIAN_kod":"27868460"}},{"type":"Feature","geometry":{"type":"Point","coordinates":[17.229693,49.575631]},"properties":{"ZZ_ID":"44635","ZZ_nazev":"MUDr. Joseph Sheety","ZZ_druh_nazev":"Samostatná ordinace PL - stomatologa","suggested_tag":"amenity=dentist + healthcare=dentist","ZZ_obor_pece":"zubní lékařství","addr":"Horní lán 1200/17","ZZ_RUIAN_kod":"24986119"}},{"type":"Feature","geometry":{"type":"Point","coordinates":[17.243092,49.578645]},"properties":{"ZZ_ID":"44029","ZZ_nazev":"MUDr. Monika Nováková","ZZ_druh_nazev":"Samostatná ordinace PL - stomatologa","suggested_tag":"amenity=dentist + healthcare=dentist","ZZ_obor_pece":"zubní lékařství","addr":"Janského 463/24","ZZ_RUIAN_kod":"25534785"}},{"type":"Feature","geometry":{"type":"Point","coordinates":[17.252109,49.591278]},"properties":{"ZZ_ID":"43736","ZZ_nazev":"MUDr. Jarmila Šmoldasová","ZZ_druh_nazev":"Samostatná ordinace lékaře specialisty","suggested_tag":"amenity=doctors + healthcare=doctor","ZZ_obor_pece":"psychiatrie","addr":"Lafayettova 47/9","ZZ_RUIAN_kod":"23318881"}},{"type":"Feature","geometry":{"type":"Point","coordinates":[17.286028,49.592138]},"properties":{"ZZ_ID":"43265","ZZ_nazev":"MUDr. Lamis Tmějová","ZZ_druh_nazev":"Samostatná ordinace PL - stomatologa","suggested_tag":"amenity=dentist + healthcare=dentist","ZZ_obor_pece":"zubní lékařství","addr":"Řezníčkova 25/1","ZZ_RUIAN_kod":"23275197"}},{"type":"Feature","geometry":{"type":"Point","coordinates":[17.236399,49.597273]},"properties":{"ZZ_ID":"43263","ZZ_nazev":"MUDr. Ivana Veselá","ZZ_druh_nazev":"Samostatná ordinace lékaře specialisty","suggested_tag":"amenity=doctors + healthcare=doctor","ZZ_obor_pece":"endokrinologie a diabetologie, vnitřní lékařství","addr":"Na Šibeníku 914/1","ZZ_RUIAN_kod":"25823965"}},{"type":"Feature","geometry":{"type":"Point","coordinates":[17.268315,49.59543]},"properties":{"ZZ_ID":"42614","ZZ_nazev":"MUDr. Jaromír Freiwald","ZZ_druh_nazev":"Samostatná ordinace lékaře specialisty","suggested_tag":"amenity=doctors + healthcare=doctor","ZZ_obor_pece":"chirurgie","addr":"Masarykova třída 889/3","ZZ_RUIAN_kod":"23325984"}},{"type":"Feature","geometry":{"type":"Point","coordinates":[17.253193,49.589322]},"properties":{"ZZ_ID":"41835","ZZ_nazev":"MUDr. Alexandr Šimek","ZZ_druh_nazev":"Samostatná ordinace lékaře specialisty","suggested_tag":"amenity=doctors + healthcare=doctor","ZZ_obor_pece":"plastická chirurgie","addr":"tř. Svobody 1067/32","ZZ_RUIAN_kod":"25057413"}},{"type":"Feature","geometry":{"type":"Point","coordinates":[17.340108,49.628897]},"properties":{"ZZ_ID":"41550","ZZ_nazev":"MUDr. Pavlína Zaoralová ","ZZ_druh_nazev":"Sam.ord.prakt.lékaře pro děti a dorost","suggested_tag":"amenity=doctors + healthcare:speciality=paediatrics","ZZ_obor_pece":"praktické lékařství pro děti a dorost","addr":"nám. Sadové 7/26","ZZ_RUIAN_kod":"23249897"}},{"type":"Feature","geometry":{"type":"Point","coordinates":[17.276312,49.591649]},"properties":{"ZZ_ID":"41421","ZZ_nazev":"MUDr. Jiří Veselský","ZZ_druh_nazev":"Samostatná ordinace PL - stomatologa","suggested_tag":"amenity=dentist + healthcare=dentist","ZZ_obor_pece":"zubní lékařství","addr":"Jeremenkova 1056/40","ZZ_RUIAN_kod":"25009672"}},{"type":"Feature","geometry":{"type":"Point","coordinates":[17.249454,49.589884]},"properties":{"ZZ_ID":"41197","ZZ_nazev":"PhDr. Lenka Zmrzlíková","ZZ_druh_nazev":"Samostatné zařízení psychologa","ZZ_obor_pece":"Klinický psycholog","addr":"Vídeňská 636/10","ZZ_RUIAN_kod":"23323841"}},{"type":"Feature","geometry":{"type":"Point","coordinates":[17.250503,49.594761]},"properties":{"ZZ_ID":"40384","ZZ_nazev":"PhDr. Anita Petrů","ZZ_druh_nazev":"Samostatné zařízení psychologa","ZZ_obor_pece":"Klinický psycholog","addr":"Úzká 368/6","ZZ_RUIAN_kod":"73574759"}},{"type":"Feature","geometry":{"type":"Point","coordinates":[17.253193,49.589322]},"properties":{"ZZ_ID":"40376","ZZ_nazev":"MUDr. Danuše Pínová","ZZ_druh_nazev":"Sam.ord.prakt.lékaře pro děti a dorost","suggested_tag":"amenity=doctors + healthcare:speciality=paediatrics","ZZ_obor_pece":"praktické lékařství pro děti a dorost","addr":"tř. Svobody 1067/32","ZZ_RUIAN_kod":"25057413"}},{"type":"Feature","geometry":{"type":"Point","coordinates":[17.253193,49.589322]},"properties":{"ZZ_ID":"40375","ZZ_nazev":"MUDr. Jana Švehlíková","ZZ_druh_nazev":"Sam.ord.prakt.lékaře pro děti a dorost","suggested_tag":"amenity=doctors + healthcare:speciality=paediatrics","ZZ_obor_pece":"praktické lékařství pro děti a dorost","addr":"tř. Svobody 1067/32","ZZ_RUIAN_kod":"25057413","poskytovatel_web":"http://www.privatniordinace.cz/svehlikova"}},{"type":"Feature","geometry":{"type":"Point","coordinates":[17.254713,49.583536]},"properties":{"ZZ_ID":"39554","ZZ_nazev":"Dana Ripplová","ZZ_druh_nazev":"Samostatné zařízení fyzioterapeuta","suggested_tag":"healthcare=physiotherapist","ZZ_obor_pece":"Fyzioterapeut","addr":"Husitská 150/9","ZZ_RUIAN_kod":"23313200"}},{"type":"Feature","geometry":{"type":"Point","coordinates":[17.257143,49.597425]},"properties":{"ZZ_ID":"39197","ZZ_nazev":"MUDr. Sylva Vlachopulosová ","ZZ_druh_nazev":"Samostatná ordinace PL - stomatologa","suggested_tag":"amenity=dentist + healthcare=dentist","ZZ_obor_pece":"zubní lékařství","addr":"Hanáckého pluku 1153/6","ZZ_RUIAN_kod":"23328274"}},{"type":"Feature","geometry":{"type":"Point","coordinates":[17.279011,49.595322]},"properties":{"ZZ_ID":"39120","ZZ_nazev":"Eva Flešková","ZZ_druh_nazev":"Samostatné zařízení fyzioterapeuta","suggested_tag":"healthcare=physiotherapist","ZZ_obor_pece":"Fyzioterapeut","addr":"U ambulatoria 669/5","ZZ_RUIAN_kod":"23280603"}},{"type":"Feature","geometry":{"type":"Point","coordinates":[17.243092,49.578645]},"properties":{"ZZ_ID":"39101","ZZ_nazev":"Květa Maryšková","ZZ_druh_nazev":"Samostatné zařízení fyzioterapeuta","suggested_tag":"healthcare=physiotherapist","ZZ_obor_pece":"Fyzioterapeut","addr":"Janského 463/24","ZZ_RUIAN_kod":"25534785"}},{"type":"Feature","geometry":{"type":"Point","coordinates":[17.243092,49.578645]},"properties":{"ZZ_ID":"39100","ZZ_nazev":"Alena Nevěřilová","ZZ_druh_nazev":"Samostatné zařízení fyzioterapeuta","suggested_tag":"healthcare=physiotherapist","ZZ_obor_pece":"Fyzioterapeut","addr":"Janského 463/24","ZZ_RUIAN_kod":"25534785"}},{"type":"Feature","geometry":{"type":"Point","coordinates":[17.233058,49.581288]},"properties":{"ZZ_ID":"39018","ZZ_nazev":"RL-CORPUS s.r.o.","ZZ_druh_nazev":"Samostatné zařízení fyzioterapeuta","suggested_tag":"healthcare=physiotherapist","ZZ_obor_pece":"Fyzioterapeut","addr":"Mošnerova 41/1","ZZ_RUIAN_kod":"23301937","poskytovatel_web":"http://www.rl-corpus.cz"}},{"type":"Feature","geometry":{"type":"Point","coordinates":[17.243092,49.578645]},"properties":{"ZZ_ID":"37827","ZZ_nazev":"MUDr. Jana Hlaváčková","ZZ_druh_nazev":"Samostatná ordinace lékaře specialisty","suggested_tag":"amenity=doctors + healthcare=doctor","ZZ_obor_pece":"oftalmologie","addr":"Janského 463/24","ZZ_RUIAN_kod":"25534785"}},{"type":"Feature","geometry":{"type":"Point","coordinates":[17.293816,49.577653]},"properties":{"ZZ_ID":"37818","ZZ_nazev":"MUDr. Květoslava Nováková","ZZ_druh_nazev":"Samostatná ordinace lékaře specialisty","suggested_tag":"amenity=doctors + healthcare=doctor","ZZ_obor_pece":"dermatovenerologie","addr":"Krokova 455/4","ZZ_RUIAN_kod":"23245140","poskytovatel_web":"https://cedkn.sluzby.cz/"}},{"type":"Feature","geometry":{"type":"Point","coordinates":[17.27602,49.593297]},"properties":{"ZZ_ID":"37812","ZZ_nazev":"MUDr. Ivana Brzokoupilová","ZZ_druh_nazev":"Samost. ordinace všeob. prakt. lékaře","suggested_tag":"amenity=doctors + healthcare:speciality=general","ZZ_obor_pece":"všeobecné praktické lékařství","addr":"Masarykova třída 958/59","ZZ_RUIAN_kod":"23283262"}},{"type":"Feature","geometry":{"type":"Point","coordinates":[17.234321,49.591176]},"properties":{"ZZ_ID":"37810","ZZ_nazev":"MUDr. Jiřina Kolářová","ZZ_druh_nazev":"Samostatná ordinace lékaře specialisty","suggested_tag":"amenity=doctors + healthcare=doctor","ZZ_obor_pece":"dermatovenerologie","addr":"Dobnerova 718/26","ZZ_RUIAN_kod":"25279432"}},{"type":"Feature","geometry":{"type":"Point","coordinates":[17.254248,49.592396]},"properties":{"ZZ_ID":"37673","ZZ_nazev":"PhDr. Marta Látalová","ZZ_druh_nazev":"Samostatné zařízení psychologa","ZZ_obor_pece":"Klinický psycholog","addr":"Kapucínská 162/7","ZZ_RUIAN_kod":"23319879"}},{"type":"Feature","geometry":{"type":"Point","coordinates":[17.251356,49.599438]},"properties":{"ZZ_ID":"37654","ZZ_nazev":"MUDr. Jitka Moravová","ZZ_druh_nazev":"Samostatná ordinace PL - stomatologa","suggested_tag":"amenity=dentist + healthcare=dentist","ZZ_obor_pece":"zubní lékařství","addr":"Na střelnici 180/18","ZZ_RUIAN_kod":"23263261"}},{"type":"Feature","geometry":{"type":"Point","coordinates":[17.234321,49.591176]},"properties":{"ZZ_ID":"37647","ZZ_nazev":"MUDr. Jiří Procházka","ZZ_druh_nazev":"Samostatná ordinace PL - stomatologa","suggested_tag":"amenity=dentist + healthcare=dentist","ZZ_obor_pece":"zubní lékařství","addr":"Dobnerova 718/26","ZZ_RUIAN_kod":"25279432"}},{"type":"Feature","geometry":{"type":"Point","coordinates":[17.268459,49.589218]},"properties":{"ZZ_ID":"36041","ZZ_nazev":"MUDr. Hana Tichá","ZZ_druh_nazev":"Samost. ordinace všeob. prakt. lékaře","suggested_tag":"amenity=doctors + healthcare:speciality=general","ZZ_obor_pece":"všeobecné praktické lékařství","addr":"tř. Kosmonautů 989/8","ZZ_RUIAN_kod":"25057383","poskytovatel_web":"http://www.sensamed.cz"}},{"type":"Feature","geometry":{"type":"Point","coordinates":[17.242972,49.595942]},"properties":{"ZZ_ID":"34875","ZZ_nazev":"MUDr. Olga Smékalová","ZZ_druh_nazev":"Samost. ordinace všeob. prakt. lékaře","suggested_tag":"amenity=doctors + healthcare:speciality=general","ZZ_obor_pece":"všeobecné praktické lékařství","addr":"Wellnerova 1215/3","ZZ_RUIAN_kod":"25475568"}},{"type":"Feature","geometry":{"type":"Point","coordinates":[17.253193,49.589322]},"properties":{"ZZ_ID":"34674","ZZ_nazev":"MUDr. Karel Grepl ","ZZ_druh_nazev":"Samostatná ordinace lékaře specialisty","suggested_tag":"amenity=doctors + healthcare=doctor","ZZ_obor_pece":"urologie","addr":"tř. Svobody 1067/32","ZZ_RUIAN_kod":"25057413"}},{"type":"Feature","geometry":{"type":"Point","coordinates":[17.250503,49.594761]},"properties":{"ZZ_ID":"34671","ZZ_nazev":"Mgr. Ivana Garlíková","ZZ_druh_nazev":"Samostatné zařízení logopeda","ZZ_obor_pece":"Klinický logoped","addr":"Úzká 368/6","ZZ_RUIAN_kod":"73574759"}},{"type":"Feature","geometry":{"type":"Point","coordinates":[17.229186,49.592987]},"properties":{"ZZ_ID":"33228","ZZ_nazev":"MUDr. Alena Poučová","ZZ_druh_nazev":"Sam.ord.prakt.lékaře pro děti a dorost","suggested_tag":"amenity=doctors + healthcare:speciality=paediatrics","ZZ_obor_pece":"praktické lékařství pro děti a dorost","addr":"tř. Svornosti 1177/57","ZZ_RUIAN_kod":"25279653"}},{"type":"Feature","geometry":{"type":"Point","coordinates":[17.240175,49.595235]},"properties":{"ZZ_ID":"33222","ZZ_nazev":"Jan Vilhelm - Psychologické služby","ZZ_druh_nazev":"Samostatné zařízení psychologa","ZZ_obor_pece":"Klinický psycholog","addr":"Litovelská 111/1","ZZ_RUIAN_kod":"23302470"}},{"type":"Feature","geometry":{"type":"Point","coordinates":[17.294247,49.613818]},"properties":{"ZZ_ID":"32831","ZZ_nazev":"MUDr. Karla Odstrčilová ","ZZ_druh_nazev":"Samostatná ordinace PL - stomatologa","suggested_tag":"amenity=dentist + healthcare=dentist","ZZ_obor_pece":"zubní lékařství","addr":"Selské nám. 42/60","ZZ_RUIAN_kod":"23297042"}},{"type":"Feature","geometry":{"type":"Point","coordinates":[17.214327,49.594685]},"properties":{"ZZ_ID":"32817","ZZ_nazev":"Doc.MUDr.Věra Pěničková CSc.","ZZ_druh_nazev":"Samostatná ordinace lékaře specialisty","suggested_tag":"amenity=doctors + healthcare=doctor","ZZ_obor_pece":"neurologie","addr":"tř. Míru 645/115","ZZ_RUIAN_kod":"23272881","poskytovatel_web":"http://www.neurologie-olomouc.wz.cz"}},{"type":"Feature","geometry":{"type":"Point","coordinates":[17.234321,49.591176]},"properties":{"ZZ_ID":"32816","ZZ_nazev":"Doc.MUDr.Věra Pěničková CSc.","ZZ_druh_nazev":"Samostatná ordinace lékaře specialisty","suggested_tag":"amenity=doctors + healthcare=doctor","ZZ_obor_pece":"neurologie","addr":"Dobnerova 718/26","ZZ_RUIAN_kod":"25279432","poskytovatel_web":"http://www.neurologie-olomouc.wz.cz"}},{"type":"Feature","geometry":{"type":"Point","coordinates":[17.255226,49.599758]},"properties":{"ZZ_ID":"32763","ZZ_nazev":"MUDr.Pavel Navrátil","ZZ_druh_nazev":"Samostatná ordinace lékaře specialisty","suggested_tag":"amenity=doctors + healthcare=doctor","ZZ_obor_pece":"otorinolaryngologie a chirurgie hlavy a krku","addr":"Bořivojova 540/30a","ZZ_RUIAN_kod":"23266724","poskytovatel_web":"www.ordinaceolomouc.cz"}},{"type":"Feature","geometry":{"type":"Point","coordinates":[17.254665,49.595414]},"properties":{"ZZ_ID":"29281","ZZ_nazev":"MUDr. Michaela Najdekrová","ZZ_druh_nazev":"Samostatná ordinace lékaře specialisty","suggested_tag":"amenity=doctors + healthcare=doctor","ZZ_obor_pece":"oftalmologie","addr":"Denisova 273/10","ZZ_RUIAN_kod":"23320834"}},{"type":"Feature","geometry":{"type":"Point","coordinates":[17.22945,49.57631]},"properties":{"ZZ_ID":"29272","ZZ_nazev":"MUDr. Jan Paroulek CSc.","ZZ_druh_nazev":"Samostatná ordinace PL - stomatologa","suggested_tag":"amenity=dentist + healthcare=dentist","ZZ_obor_pece":"zubní lékařství","addr":"Horní lán 1231/43","ZZ_RUIAN_kod":"25782657","poskytovatel_web":"http://www.paroulek.cz"}},{"type":"Feature","geometry":{"type":"Point","coordinates":[17.268459,49.589218]},"properties":{"ZZ_ID":"29267","ZZ_nazev":"MUDr. Stanislav Rössler","ZZ_druh_nazev":"Samost. ordinace všeob. prakt. lékaře","suggested_tag":"amenity=doctors + healthcare:speciality=general","ZZ_obor_pece":"všeobecné praktické lékařství","addr":"tř. Kosmonautů 989/8","ZZ_RUIAN_kod":"25057383","poskytovatel_web":"https://www.biorezonancerossler.eu/"}},{"type":"Feature","geometry":{"type":"Point","coordinates":[17.274555,49.585052]},"properties":{"ZZ_ID":"28888","ZZ_nazev":"MUDr. Milan Zapletal","ZZ_druh_nazev":"Samostatná ordinace lékaře specialisty","suggested_tag":"amenity=doctors + healthcare=doctor","ZZ_obor_pece":"vnitřní lékařství","addr":"Tovární 1059/41","ZZ_RUIAN_kod":"25057235"}},{"type":"Feature","geometry":{"type":"Point","coordinates":[17.25601,49.59006]},"properties":{"ZZ_ID":"26265","ZZ_nazev":"Gynmed s.r.o.","ZZ_druh_nazev":"Samostatná ordinace PL - gynekologa","suggested_tag":"amenity=doctors + healthcare:speciality=gynaecology","ZZ_obor_pece":"gynekologie a porodnictví","addr":"Michalské stromořadí 1062/3","ZZ_RUIAN_kod":"23327464"}},{"type":"Feature","geometry":{"type":"Point","coordinates":[17.242972,49.595942]},"properties":{"ZZ_ID":"26252","ZZ_nazev":"MUDr. Marta Zapletalová","ZZ_druh_nazev":"Samostatná ordinace lékaře specialisty","suggested_tag":"amenity=doctors + healthcare=doctor","ZZ_obor_pece":"dermatovenerologie","addr":"Wellnerova 1215/1","ZZ_RUIAN_kod":"25475550"}},{"type":"Feature","geometry":{"type":"Point","coordinates":[17.242735,49.596533]},"properties":{"ZZ_ID":"24077","ZZ_nazev":"MUDr. Tomáš Prokeš","ZZ_druh_nazev":"Samostatná ordinace PL - stomatologa","suggested_tag":"amenity=dentist + healthcare=dentist","ZZ_obor_pece":"zubní lékařství","addr":"Wellnerova 1322/3b","ZZ_RUIAN_kod":"28375092","poskytovatel_web":"http://zubni-olomouc.cz"}},{"type":"Feature","geometry":{"type":"Point","coordinates":[17.275647,49.592892]},"properties":{"ZZ_ID":"23775","ZZ_nazev":"MUDr. Petr Němec","ZZ_druh_nazev":"Samostatná ordinace PL - stomatologa","suggested_tag":"amenity=dentist + healthcare=dentist","ZZ_obor_pece":"zubní lékařství","addr":"Masarykova třída 971/60","ZZ_RUIAN_kod":"23283394","poskytovatel_web":"http://www.zubarvolomouci.cz"}},{"type":"Feature","geometry":{"type":"Point","coordinates":[17.242735,49.596533]},"properties":{"ZZ_ID":"20757","ZZ_nazev":"MUDr. Lenka Prokešová","ZZ_druh_nazev":"Samostatná ordinace PL - stomatologa","suggested_tag":"amenity=dentist + healthcare=dentist","ZZ_obor_pece":"zubní lékařství","addr":"Wellnerova 1322/3b","ZZ_RUIAN_kod":"28375092","poskytovatel_web":"http://www.zubní-olomouc.cz"}},{"type":"Feature","geometry":{"type":"Point","coordinates":[17.248025,49.582807]},"properties":{"ZZ_ID":"19059","ZZ_nazev":"Jiří Látal","ZZ_druh_nazev":"Samostatná ordinace lékaře specialisty","suggested_tag":"amenity=doctors + healthcare=doctor","ZZ_obor_pece":"Fyzioterapeut, ortopedie a traumatologie pohybového ústrojí, rehabilitační a fyzikální medicína","addr":"Ibsenova 496/19","ZZ_RUIAN_kod":"26556324","poskytovatel_web":"www.shape.cz"}},{"type":"Feature","geometry":{"type":"Point","coordinates":[17.234292,49.578003]},"properties":{"ZZ_ID":"16545","ZZ_nazev":"prof.,MUDr. Jiří Šantavý, CSc.","ZZ_druh_nazev":"Samostatná ordinace lékaře specialisty","suggested_tag":"amenity=doctors + healthcare=doctor","ZZ_obor_pece":"gynekologie a porodnictví","addr":"Pionýrská 623/20","ZZ_RUIAN_kod":"23306980"}},{"type":"Feature","geometry":{"type":"Point","coordinates":[17.229522,49.597273]},"properties":{"ZZ_ID":"13577","ZZ_nazev":"MUDr. Pavel Bílý","ZZ_druh_nazev":"Samostatná ordinace PL - stomatologa","suggested_tag":"amenity=dentist + healthcare=dentist","ZZ_obor_pece":"zubní lékařství","addr":"Čechova 103/13","ZZ_RUIAN_kod":"23267747"}},{"type":"Feature","geometry":{"type":"Point","coordinates":[17.254441,49.585126]},"properties":{"ZZ_ID":"13225","ZZ_nazev":"MUDr. Iva Klimešová ","ZZ_druh_nazev":"Samostatná ordinace PL - stomatologa","suggested_tag":"amenity=dentist + healthcare=dentist","ZZ_obor_pece":"zubní lékařství","addr":"Českobratrská 317/3","ZZ_RUIAN_kod":"23314681","poskytovatel_web":"http://www.olomouc-zubni.cz"}},{"type":"Feature","geometry":{"type":"Point","coordinates":[17.254639,49.598265]},"properties":{"ZZ_ID":"12537","ZZ_nazev":"doc. MUDr. Aleš Sobek, CSc.","ZZ_druh_nazev":"Samostatná ordinace lékaře specialisty","suggested_tag":"amenity=doctors + healthcare=doctor","ZZ_obor_pece":"gynekologie a porodnictví, chirurgie, urologie","addr":"Boleslavova 246/2","ZZ_RUIAN_kod":"23263903"}},{"type":"Feature","geometry":{"type":"Point","coordinates":[17.253193,49.589322]},"properties":{"ZZ_ID":"7260","ZZ_nazev":"MUDr. Mahulena Richterová","ZZ_druh_nazev":"Samostatná ordinace lékaře specialisty","suggested_tag":"amenity=doctors + healthcare=doctor","ZZ_obor_pece":"radiologie a zobrazovací metody","addr":"tř. Svobody 1067/32","ZZ_RUIAN_kod":"25057413"}},{"type":"Feature","geometry":{"type":"Point","coordinates":[17.236399,49.597273]},"properties":{"ZZ_ID":"3385","ZZ_nazev":"ProMedica, spol. s r.o.","ZZ_druh_nazev":"Samostatná ordinace lékaře specialisty","suggested_tag":"amenity=doctors + healthcare=doctor","ZZ_obor_pece":"radiologie a zobrazovací metody","addr":"Na Šibeníku 914/1","ZZ_RUIAN_kod":"25823965","poskytovatel_web":"http://promedica.cz"}},{"type":"Feature","geometry":{"type":"Point","coordinates":[17.244682,49.595986]},"properties":{"ZZ_ID":"1097","ZZ_nazev":"Fakultní nemocnice Olomouc, Klinika zubního lékařství","ZZ_druh_nazev":"Samostatná ordinace lékaře specialisty","suggested_tag":"amenity=doctors + healthcare=doctor","ZZ_obor_pece":"klinická stomatologie, ortodoncie, Všeobecná sestra, Zubní technik","addr":"Palackého 700/12","ZZ_RUIAN_kod":"23324350","poskytovatel_web":"http://www.fnol.cz"}}]}