{"type":"FeatureCollection","features":[{"type":"Feature","geometry":{"type":"Point","coordinates":[14.935805,50.387957]},"properties":{"wikidata":"Q38190650","name":"Vinařické mohyly I.","class":"barrow","osm_tag_hint":"historic=archaeological_site + archaeological_site=tumulus","coord_ref_stated_in":"Q41593640","coord_ref_imported_from":null}},{"type":"Feature","geometry":{"type":"Point","coordinates":[14.524715,49.093504]},"properties":{"wikidata":"Q38190870","name":"Mohylník","class":"barrow","osm_tag_hint":"historic=archaeological_site + archaeological_site=tumulus","coord_ref_stated_in":"Q41593640","coord_ref_imported_from":null}},{"type":"Feature","geometry":{"type":"Point","coordinates":[14.248544,49.333602]},"properties":{"wikidata":"Q37173709","name":"Mohylník","class":"barrow","osm_tag_hint":"historic=archaeological_site + archaeological_site=tumulus","coord_ref_stated_in":"Q41593640","coord_ref_imported_from":null}},{"type":"Feature","geometry":{"type":"Point","coordinates":[14.544311,49.34922]},"properties":{"wikidata":"Q37174202","name":"Mohylník v Kukle","class":"barrow","osm_tag_hint":"historic=archaeological_site + archaeological_site=tumulus","coord_ref_stated_in":"Q41593640","coord_ref_imported_from":null}},{"type":"Feature","geometry":{"type":"Point","coordinates":[14.499398,48.92031]},"properties":{"wikidata":"Q38190537","name":"Mohylník","class":"barrow","osm_tag_hint":"historic=archaeological_site + archaeological_site=tumulus","coord_ref_stated_in":"Q41593640","coord_ref_imported_from":null}},{"type":"Feature","geometry":{"type":"Point","coordinates":[14.546068,49.106709]},"properties":{"wikidata":"Q38190873","name":"Mohylník","class":"barrow","osm_tag_hint":"historic=archaeological_site + archaeological_site=tumulus","coord_ref_stated_in":"Q41593640","coord_ref_imported_from":null}},{"type":"Feature","geometry":{"type":"Point","coordinates":[17.011119,49.491565]},"properties":{"wikidata":"Q38039565","name":"Eneolitický mohylník","class":"barrow","osm_tag_hint":"historic=archaeological_site + archaeological_site=tumulus","coord_ref_stated_in":"Q41593640","coord_ref_imported_from":null}},{"type":"Feature","geometry":{"type":"Point","coordinates":[14.952107,50.385827]},"properties":{"wikidata":"Q38190646","name":"Vinařické mohyly III.","class":"barrow","osm_tag_hint":"historic=archaeological_site + archaeological_site=tumulus","coord_ref_stated_in":"Q41593640","coord_ref_imported_from":null}},{"type":"Feature","geometry":{"type":"Point","coordinates":[14.540001,49.096158]},"properties":{"wikidata":"Q38190882","name":"Mohylník","class":"barrow","osm_tag_hint":"historic=archaeological_site + archaeological_site=tumulus","coord_ref_stated_in":"Q41593640","coord_ref_imported_from":null}},{"type":"Feature","geometry":{"type":"Point","coordinates":[14.9491,50.385975]},"properties":{"wikidata":"Q38190654","name":"Vinařické mohyly II.","class":"barrow","osm_tag_hint":"historic=archaeological_site + archaeological_site=tumulus","coord_ref_stated_in":"Q41593640","coord_ref_imported_from":null}},{"type":"Feature","geometry":{"type":"Point","coordinates":[14.142893,49.054393]},"properties":{"wikidata":"Q38038548","name":"Mohylník","class":"barrow","osm_tag_hint":"historic=archaeological_site + archaeological_site=tumulus","coord_ref_stated_in":"Q41593640","coord_ref_imported_from":null}},{"type":"Feature","geometry":{"type":"Point","coordinates":[14.292346,49.262399]},"properties":{"wikidata":"Q36865308","name":"Mohylník","class":"barrow","osm_tag_hint":"historic=archaeological_site + archaeological_site=tumulus","coord_ref_stated_in":"Q41593640","coord_ref_imported_from":null}},{"type":"Feature","geometry":{"type":"Point","coordinates":[14.52916,49.091523]},"properties":{"wikidata":"Q38190865","name":"Mohylník","class":"barrow","osm_tag_hint":"historic=archaeological_site + archaeological_site=tumulus","coord_ref_stated_in":"Q41593640","coord_ref_imported_from":null}},{"type":"Feature","geometry":{"type":"Point","coordinates":[14.514657,49.083374]},"properties":{"wikidata":"Q38190889","name":"Mohylník","class":"barrow","osm_tag_hint":"historic=archaeological_site + archaeological_site=tumulus","coord_ref_stated_in":"Q41593640","coord_ref_imported_from":null}},{"type":"Feature","geometry":{"type":"Point","coordinates":[14.541217,49.098027]},"properties":{"wikidata":"Q38190878","name":"Mohylník","class":"barrow","osm_tag_hint":"historic=archaeological_site + archaeological_site=tumulus","coord_ref_stated_in":"Q41593640","coord_ref_imported_from":null}},{"type":"Feature","geometry":{"type":"Point","coordinates":[14.061488,49.035402]},"properties":{"wikidata":"Q38190822","name":"Mohylník","class":"barrow","osm_tag_hint":"historic=archaeological_site + archaeological_site=tumulus","coord_ref_stated_in":"Q41593640","coord_ref_imported_from":null}},{"type":"Feature","geometry":{"type":"Point","coordinates":[14.431097,49.405259]},"properties":{"wikidata":"Q37271667","name":"Mohylník","class":"barrow","osm_tag_hint":"historic=archaeological_site + archaeological_site=tumulus","coord_ref_stated_in":"Q41593640","coord_ref_imported_from":null}},{"type":"Feature","geometry":{"type":"Point","coordinates":[13.508576,49.786854]},"properties":{"wikidata":"Q38096656","name":"Mohylník","class":"barrow","osm_tag_hint":"historic=archaeological_site + archaeological_site=tumulus","coord_ref_stated_in":"Q41593640","coord_ref_imported_from":null}},{"type":"Feature","geometry":{"type":"Point","coordinates":[14.464383,49.069232]},"properties":{"wikidata":"Q37173218","name":"Mohylník","class":"barrow","osm_tag_hint":"historic=archaeological_site + archaeological_site=tumulus","coord_ref_stated_in":"Q41593640","coord_ref_imported_from":null}},{"type":"Feature","geometry":{"type":"Point","coordinates":[14.492237,49.089596]},"properties":{"wikidata":"Q37173186","name":"Mohylník","class":"barrow","osm_tag_hint":"historic=archaeological_site + archaeological_site=tumulus","coord_ref_stated_in":"Q41593640","coord_ref_imported_from":null}},{"type":"Feature","geometry":{"type":"Point","coordinates":[14.487079,49.091339]},"properties":{"wikidata":"Q37173174","name":"Mohylník","class":"barrow","osm_tag_hint":"historic=archaeological_site + archaeological_site=tumulus","coord_ref_stated_in":"Q41593640","coord_ref_imported_from":null,"osm_api_check_2026_09_27":"nothing nearby"}},{"type":"Feature","geometry":{"type":"Point","coordinates":[14.496581,49.091302]},"properties":{"wikidata":"Q37173163","name":"Mohylník","class":"barrow","osm_tag_hint":"historic=archaeological_site + archaeological_site=tumulus","coord_ref_stated_in":"Q41593640","coord_ref_imported_from":null}},{"type":"Feature","geometry":{"type":"Point","coordinates":[14.501078,49.062881]},"properties":{"wikidata":"Q37173150","name":"Mohylník","class":"barrow","osm_tag_hint":"historic=archaeological_site + archaeological_site=tumulus","coord_ref_stated_in":"Q41593640","coord_ref_imported_from":null}},{"type":"Feature","geometry":{"type":"Point","coordinates":[14.492564,49.027766]},"properties":{"wikidata":"Q37293436","name":"Mohylník","class":"barrow","osm_tag_hint":"historic=archaeological_site + archaeological_site=tumulus","coord_ref_stated_in":"Q41593640","coord_ref_imported_from":null}},{"type":"Feature","geometry":{"type":"Point","coordinates":[14.504745,49.084329]},"properties":{"wikidata":"Q37173138","name":"Mohylník","class":"barrow","osm_tag_hint":"historic=archaeological_site + archaeological_site=tumulus","coord_ref_stated_in":"Q41593640","coord_ref_imported_from":null}},{"type":"Feature","geometry":{"type":"Point","coordinates":[14.509404,49.085059]},"properties":{"wikidata":"Q37173124","name":"Mohylník","class":"barrow","osm_tag_hint":"historic=archaeological_site + archaeological_site=tumulus","coord_ref_stated_in":"Q41593640","coord_ref_imported_from":null}},{"type":"Feature","geometry":{"type":"Point","coordinates":[14.500711,48.913839]},"properties":{"wikidata":"Q37273296","name":"Mohylník","class":"barrow","osm_tag_hint":"historic=archaeological_site + archaeological_site=tumulus","coord_ref_stated_in":"Q41593640","coord_ref_imported_from":null}},{"type":"Feature","geometry":{"type":"Point","coordinates":[14.531265,49.113909]},"properties":{"wikidata":"Q37173230","name":"mohylník","class":"barrow","osm_tag_hint":"historic=archaeological_site + archaeological_site=tumulus","coord_ref_stated_in":"Q41593640","coord_ref_imported_from":null}},{"type":"Feature","geometry":{"type":"Point","coordinates":[14.508582,49.119549]},"properties":{"wikidata":"Q38191389","name":"Mohylník","class":"barrow","osm_tag_hint":"historic=archaeological_site + archaeological_site=tumulus","coord_ref_stated_in":"Q41593640","coord_ref_imported_from":null}},{"type":"Feature","geometry":{"type":"Point","coordinates":[14.512923,49.12521]},"properties":{"wikidata":"Q38191398","name":"Mohylník","class":"barrow","osm_tag_hint":"historic=archaeological_site + archaeological_site=tumulus","coord_ref_stated_in":"Q41593640","coord_ref_imported_from":null}},{"type":"Feature","geometry":{"type":"Point","coordinates":[14.506047,49.099547]},"properties":{"wikidata":"Q38191402","name":"Mohylník","class":"barrow","osm_tag_hint":"historic=archaeological_site + archaeological_site=tumulus","coord_ref_stated_in":"Q41593640","coord_ref_imported_from":null}},{"type":"Feature","geometry":{"type":"Point","coordinates":[14.527089,49.123582]},"properties":{"wikidata":"Q38191404","name":"Mohylník","class":"barrow","osm_tag_hint":"historic=archaeological_site + archaeological_site=tumulus","coord_ref_stated_in":"Q41593640","coord_ref_imported_from":null}},{"type":"Feature","geometry":{"type":"Point","coordinates":[13.264795,49.754202]},"properties":{"wikidata":"Q38191497","name":"Mohylník","class":"barrow","osm_tag_hint":"historic=archaeological_site + archaeological_site=tumulus","coord_ref_stated_in":"Q41593640","coord_ref_imported_from":null}},{"type":"Feature","geometry":{"type":"Point","coordinates":[14.388567,49.350984]},"properties":{"wikidata":"Q37005049","name":"Mohylník","class":"barrow","osm_tag_hint":"historic=archaeological_site + archaeological_site=tumulus","coord_ref_stated_in":"Q41593640","coord_ref_imported_from":null}},{"type":"Feature","geometry":{"type":"Point","coordinates":[14.432,49.126]},"properties":{"wikidata":"Q38089466","name":"Mohylník Strážiště","class":"barrow","osm_tag_hint":"historic=archaeological_site + archaeological_site=tumulus","coord_ref_stated_in":null,"coord_ref_imported_from":"Q191168"}},{"type":"Feature","geometry":{"type":"Point","coordinates":[13.109762,49.622339]},"properties":{"wikidata":"Q37291125","name":"Mohylové pohřebiště","class":"barrow","osm_tag_hint":"historic=archaeological_site + archaeological_site=tumulus","coord_ref_stated_in":"Q41593640","coord_ref_imported_from":null}},{"type":"Feature","geometry":{"type":"Point","coordinates":[12.941536,49.731192]},"properties":{"wikidata":"Q38192658","name":"Mohylník","class":"barrow","osm_tag_hint":"historic=archaeological_site + archaeological_site=tumulus","coord_ref_stated_in":"Q41593640","coord_ref_imported_from":null}},{"type":"Feature","geometry":{"type":"Point","coordinates":[14.481,49.14]},"properties":{"wikidata":"Q37294027","name":"Mohylník les Babinec","class":"barrow","osm_tag_hint":"historic=archaeological_site + archaeological_site=tumulus","coord_ref_stated_in":null,"coord_ref_imported_from":"Q191168"}},{"type":"Feature","geometry":{"type":"Point","coordinates":[14.435341,49.264682]},"properties":{"wikidata":"Q38037982","name":"Mohylník","class":"barrow","osm_tag_hint":"historic=archaeological_site + archaeological_site=tumulus","coord_ref_stated_in":"Q41593640","coord_ref_imported_from":null}},{"type":"Feature","geometry":{"type":"Point","coordinates":[14.232002,49.200775]},"properties":{"wikidata":"Q38089192","name":"mohylník","class":"barrow","osm_tag_hint":"historic=archaeological_site + archaeological_site=tumulus","coord_ref_stated_in":"Q41593640","coord_ref_imported_from":null,"osm_api_check_2026_09_27":"nothing nearby"}},{"type":"Feature","geometry":{"type":"Point","coordinates":[14.417465,49.192592]},"properties":{"wikidata":"Q36998706","name":"Mohylník","class":"barrow","osm_tag_hint":"historic=archaeological_site + archaeological_site=tumulus","coord_ref_stated_in":"Q41593640","coord_ref_imported_from":null}},{"type":"Feature","geometry":{"type":"Point","coordinates":[14.407724,49.183589]},"properties":{"wikidata":"Q36998718","name":"Mohylník","class":"barrow","osm_tag_hint":"historic=archaeological_site + archaeological_site=tumulus","coord_ref_stated_in":"Q41593640","coord_ref_imported_from":null}},{"type":"Feature","geometry":{"type":"Point","coordinates":[14.251463,49.335349]},"properties":{"wikidata":"Q37173738","name":"Mohylník","class":"barrow","osm_tag_hint":"historic=archaeological_site + archaeological_site=tumulus","coord_ref_stated_in":"Q41593640","coord_ref_imported_from":null}},{"type":"Feature","geometry":{"type":"Point","coordinates":[14.373766,49.193261]},"properties":{"wikidata":"Q36998994","name":"Mohylník","class":"barrow","osm_tag_hint":"historic=archaeological_site + archaeological_site=tumulus","coord_ref_stated_in":"Q41593640","coord_ref_imported_from":null}},{"type":"Feature","geometry":{"type":"Point","coordinates":[13.884547,49.463397]},"properties":{"wikidata":"Q37005844","name":"Mohylník","class":"barrow","osm_tag_hint":"historic=archaeological_site + archaeological_site=tumulus","coord_ref_stated_in":"Q41593640","coord_ref_imported_from":null}},{"type":"Feature","geometry":{"type":"Point","coordinates":[14.253102,49.256743]},"properties":{"wikidata":"Q38037545","name":"Mohylník","class":"barrow","osm_tag_hint":"historic=archaeological_site + archaeological_site=tumulus","coord_ref_stated_in":"Q41593640","coord_ref_imported_from":null}},{"type":"Feature","geometry":{"type":"Point","coordinates":[14.459214,49.159576]},"properties":{"wikidata":"Q37294040","name":"Mohylník Na kamenitém","class":"barrow","osm_tag_hint":"historic=archaeological_site + archaeological_site=tumulus","coord_ref_stated_in":null,"coord_ref_imported_from":"Q191168"}},{"type":"Feature","geometry":{"type":"Point","coordinates":[14.472355,49.256795]},"properties":{"wikidata":"Q38037997","name":"Mohylník","class":"barrow","osm_tag_hint":"historic=archaeological_site + archaeological_site=tumulus","coord_ref_stated_in":"Q41593640","coord_ref_imported_from":null}},{"type":"Feature","geometry":{"type":"Point","coordinates":[14.514,49.152]},"properties":{"wikidata":"Q37294015","name":"Mohylník les Slavonice","class":"barrow","osm_tag_hint":"historic=archaeological_site + archaeological_site=tumulus","coord_ref_stated_in":null,"coord_ref_imported_from":"Q191168"}},{"type":"Feature","geometry":{"type":"Point","coordinates":[14.477199,49.162884]},"properties":{"wikidata":"Q37294003","name":"Mohylník Jaroslavický vrch II","class":"barrow","osm_tag_hint":"historic=archaeological_site + archaeological_site=tumulus","coord_ref_stated_in":null,"coord_ref_imported_from":"Q191168"}},{"type":"Feature","geometry":{"type":"Point","coordinates":[14.484654,49.162582]},"properties":{"wikidata":"Q37293989","name":"Mohylník Jaroslavický vrch","class":"barrow","osm_tag_hint":"historic=archaeological_site + archaeological_site=tumulus","coord_ref_stated_in":null,"coord_ref_imported_from":"Q191168"}},{"type":"Feature","geometry":{"type":"Point","coordinates":[14.490333,49.153951]},"properties":{"wikidata":"Q37293977","name":"Mohylník les Babinec","class":"barrow","osm_tag_hint":"historic=archaeological_site + archaeological_site=tumulus","coord_ref_stated_in":null,"coord_ref_imported_from":"Q191168"}},{"type":"Feature","geometry":{"type":"Point","coordinates":[14.531942,49.094304]},"properties":{"wikidata":"Q37173256","name":"Mohylník","class":"barrow","osm_tag_hint":"historic=archaeological_site + archaeological_site=tumulus","coord_ref_stated_in":"Q41593640","coord_ref_imported_from":null}},{"type":"Feature","geometry":{"type":"Point","coordinates":[14.51051,49.094964]},"properties":{"wikidata":"Q37173243","name":"Mohylník","class":"barrow","osm_tag_hint":"historic=archaeological_site + archaeological_site=tumulus","coord_ref_stated_in":"Q41593640","coord_ref_imported_from":null}},{"type":"Feature","geometry":{"type":"Point","coordinates":[14.511976,49.228475]},"properties":{"wikidata":"Q37002344","name":"Mohylník","class":"barrow","osm_tag_hint":"historic=archaeological_site + archaeological_site=tumulus","coord_ref_stated_in":"Q41593640","coord_ref_imported_from":null}},{"type":"Feature","geometry":{"type":"Point","coordinates":[13.348274,49.506523]},"properties":{"wikidata":"Q38191139","name":"Mohylové pohřebiště","class":"barrow","osm_tag_hint":"historic=archaeological_site + archaeological_site=tumulus","coord_ref_stated_in":"Q41593640","coord_ref_imported_from":null}},{"type":"Feature","geometry":{"type":"Point","coordinates":[14.288,49.269]},"properties":{"wikidata":"Q38046853","name":"Mohylník","class":"barrow","osm_tag_hint":"historic=archaeological_site + archaeological_site=tumulus","coord_ref_stated_in":null,"coord_ref_imported_from":"Q191168"}},{"type":"Feature","geometry":{"type":"Point","coordinates":[14.545011,49.032284]},"properties":{"wikidata":"Q36858385","name":"Mohylník","class":"barrow","osm_tag_hint":"historic=archaeological_site + archaeological_site=tumulus","coord_ref_stated_in":"Q41593640","coord_ref_imported_from":null}},{"type":"Feature","geometry":{"type":"Point","coordinates":[14.566714,49.035591]},"properties":{"wikidata":"Q36858400","name":"Mohylník","class":"barrow","osm_tag_hint":"historic=archaeological_site + archaeological_site=tumulus","coord_ref_stated_in":"Q41593640","coord_ref_imported_from":null}},{"type":"Feature","geometry":{"type":"Point","coordinates":[14.084391,49.286926]},"properties":{"wikidata":"Q37342162","name":"Mohylník","class":"barrow","osm_tag_hint":"historic=archaeological_site + archaeological_site=tumulus","coord_ref_stated_in":null,"coord_ref_imported_from":"Q191168"}},{"type":"Feature","geometry":{"type":"Point","coordinates":[14.514542,49.034122]},"properties":{"wikidata":"Q36858416","name":"Mohylník, archeologické stopy","class":"barrow","osm_tag_hint":"historic=archaeological_site + archaeological_site=tumulus","coord_ref_stated_in":"Q41593640","coord_ref_imported_from":null,"osm_api_check_2026_09_27":"nothing nearby"}},{"type":"Feature","geometry":{"type":"Point","coordinates":[14.077308,49.292122]},"properties":{"wikidata":"Q37342259","name":"Mohylník","class":"barrow","osm_tag_hint":"historic=archaeological_site + archaeological_site=tumulus","coord_ref_stated_in":null,"coord_ref_imported_from":"Q191168"}},{"type":"Feature","geometry":{"type":"Point","coordinates":[14.543174,49.03182]},"properties":{"wikidata":"Q36858432","name":"Mohylník","class":"barrow","osm_tag_hint":"historic=archaeological_site + archaeological_site=tumulus","coord_ref_stated_in":"Q41593640","coord_ref_imported_from":null}},{"type":"Feature","geometry":{"type":"Point","coordinates":[14.194554,49.364222]},"properties":{"wikidata":"Q37178635","name":"Mohylník","class":"barrow","osm_tag_hint":"historic=archaeological_site + archaeological_site=tumulus","coord_ref_stated_in":"Q41593640","coord_ref_imported_from":null}},{"type":"Feature","geometry":{"type":"Point","coordinates":[13.336137,49.456095]},"properties":{"wikidata":"Q38142910","name":"Mohylník","class":"barrow","osm_tag_hint":"historic=archaeological_site + archaeological_site=tumulus","coord_ref_stated_in":"Q41593640","coord_ref_imported_from":null}},{"type":"Feature","geometry":{"type":"Point","coordinates":[14.345062,49.207234]},"properties":{"wikidata":"Q38186727","name":"Mohylník","class":"barrow","osm_tag_hint":"historic=archaeological_site + archaeological_site=tumulus","coord_ref_stated_in":"Q41593640","coord_ref_imported_from":null}},{"type":"Feature","geometry":{"type":"Point","coordinates":[14.570634,49.036457]},"properties":{"wikidata":"Q36858370","name":"Mohylník","class":"barrow","osm_tag_hint":"historic=archaeological_site + archaeological_site=tumulus","coord_ref_stated_in":"Q41593640","coord_ref_imported_from":null}},{"type":"Feature","geometry":{"type":"Point","coordinates":[14.362193,49.2259]},"properties":{"wikidata":"Q38186731","name":"Mohylník","class":"barrow","osm_tag_hint":"historic=archaeological_site + archaeological_site=tumulus","coord_ref_stated_in":"Q41593640","coord_ref_imported_from":null}},{"type":"Feature","geometry":{"type":"Point","coordinates":[14.348471,49.230293]},"properties":{"wikidata":"Q38186736","name":"Mohylník","class":"barrow","osm_tag_hint":"historic=archaeological_site + archaeological_site=tumulus","coord_ref_stated_in":"Q41593640","coord_ref_imported_from":null}},{"type":"Feature","geometry":{"type":"Point","coordinates":[14.411599,48.903972]},"properties":{"wikidata":"Q37303783","name":"Mohylník","class":"barrow","osm_tag_hint":"historic=archaeological_site + archaeological_site=tumulus","coord_ref_stated_in":"Q41593640","coord_ref_imported_from":null}},{"type":"Feature","geometry":{"type":"Point","coordinates":[14.322838,49.23775]},"properties":{"wikidata":"Q38186830","name":"Mohylník","class":"barrow","osm_tag_hint":"historic=archaeological_site + archaeological_site=tumulus","coord_ref_stated_in":"Q41593640","coord_ref_imported_from":null}},{"type":"Feature","geometry":{"type":"Point","coordinates":[14.353102,49.253879]},"properties":{"wikidata":"Q38046563","name":"Mohylník","class":"barrow","osm_tag_hint":"historic=archaeological_site + archaeological_site=tumulus","coord_ref_stated_in":"Q41593640","coord_ref_imported_from":null}},{"type":"Feature","geometry":{"type":"Point","coordinates":[17.077558,49.54188]},"properties":{"wikidata":"Q38096076","name":"Pohřebiště - mohylníky","class":"barrow","osm_tag_hint":"historic=archaeological_site + archaeological_site=tumulus","coord_ref_stated_in":"Q41593640","coord_ref_imported_from":null}},{"type":"Feature","geometry":{"type":"Point","coordinates":[14.310719,49.225078]},"properties":{"wikidata":"Q38186841","name":"Mohylník","class":"barrow","osm_tag_hint":"historic=archaeological_site + archaeological_site=tumulus","coord_ref_stated_in":"Q41593640","coord_ref_imported_from":null}},{"type":"Feature","geometry":{"type":"Point","coordinates":[14.345026,49.23589]},"properties":{"wikidata":"Q38186846","name":"Mohylník","class":"barrow","osm_tag_hint":"historic=archaeological_site + archaeological_site=tumulus","coord_ref_stated_in":"Q41593640","coord_ref_imported_from":null}},{"type":"Feature","geometry":{"type":"Point","coordinates":[13.984052,49.329662]},"properties":{"wikidata":"Q38047686","name":"Mohylník","class":"barrow","osm_tag_hint":"historic=archaeological_site + archaeological_site=tumulus","coord_ref_stated_in":"Q41593640","coord_ref_imported_from":null}},{"type":"Feature","geometry":{"type":"Point","coordinates":[13.307931,49.731557]},"properties":{"wikidata":"Q38048027","name":"Mohylník","class":"barrow","osm_tag_hint":"historic=archaeological_site + archaeological_site=tumulus","coord_ref_stated_in":"Q41593640","coord_ref_imported_from":null}},{"type":"Feature","geometry":{"type":"Point","coordinates":[17.382374,49.261403]},"properties":{"wikidata":"Q37304470","name":"Mohylník","class":"barrow","osm_tag_hint":"historic=archaeological_site + archaeological_site=tumulus","coord_ref_stated_in":"Q41593640","coord_ref_imported_from":null,"osm_api_check_2026_09_27":"nothing nearby"}},{"type":"Feature","geometry":{"type":"Point","coordinates":[14.517087,48.896698]},"properties":{"wikidata":"Q37180617","name":"Mohylník","class":"barrow","osm_tag_hint":"historic=archaeological_site + archaeological_site=tumulus","coord_ref_stated_in":"Q41593640","coord_ref_imported_from":null}},{"type":"Feature","geometry":{"type":"Point","coordinates":[13.20173,49.741311]},"properties":{"wikidata":"Q37180158","name":"Mohylník","class":"barrow","osm_tag_hint":"historic=archaeological_site + archaeological_site=tumulus","coord_ref_stated_in":"Q41593640","coord_ref_imported_from":null}},{"type":"Feature","geometry":{"type":"Point","coordinates":[14.354172,49.265995]},"properties":{"wikidata":"Q37180128","name":"Mohylník","class":"barrow","osm_tag_hint":"historic=archaeological_site + archaeological_site=tumulus","coord_ref_stated_in":"Q41593640","coord_ref_imported_from":null}},{"type":"Feature","geometry":{"type":"Point","coordinates":[14.362112,49.26656]},"properties":{"wikidata":"Q37180114","name":"Mohylník","class":"barrow","osm_tag_hint":"historic=archaeological_site + archaeological_site=tumulus","coord_ref_stated_in":"Q41593640","coord_ref_imported_from":null}},{"type":"Feature","geometry":{"type":"Point","coordinates":[13.294445,49.501883]},"properties":{"wikidata":"Q36858032","name":"Mohylník","class":"barrow","osm_tag_hint":"historic=archaeological_site + archaeological_site=tumulus","coord_ref_stated_in":null,"coord_ref_imported_from":"Q191168"}},{"type":"Feature","geometry":{"type":"Point","coordinates":[13.46377,49.769443]},"properties":{"wikidata":"Q36858139","name":"Mohylník Černá myť","class":"barrow","osm_tag_hint":"historic=archaeological_site + archaeological_site=tumulus","coord_ref_stated_in":"Q41593640","coord_ref_imported_from":null}},{"type":"Feature","geometry":{"type":"Point","coordinates":[14.325334,49.239448]},"properties":{"wikidata":"Q38186850","name":"Mohylník","class":"barrow","osm_tag_hint":"historic=archaeological_site + archaeological_site=tumulus","coord_ref_stated_in":"Q41593640","coord_ref_imported_from":null,"osm_api_check_2026_09_27":"nothing nearby"}},{"type":"Feature","geometry":{"type":"Point","coordinates":[14.279481,49.207759]},"properties":{"wikidata":"Q38143050","name":"Mohylník II.","class":"barrow","osm_tag_hint":"historic=archaeological_site + archaeological_site=tumulus","coord_ref_stated_in":"Q41593640","coord_ref_imported_from":null}},{"type":"Feature","geometry":{"type":"Point","coordinates":[14.073391,49.293013]},"properties":{"wikidata":"Q38136327","name":"Mohylník","class":"barrow","osm_tag_hint":"historic=archaeological_site + archaeological_site=tumulus","coord_ref_stated_in":"Q41593640","coord_ref_imported_from":null}},{"type":"Feature","geometry":{"type":"Point","coordinates":[13.399599,49.444099]},"properties":{"wikidata":"Q38047571","name":"Mohylník","class":"barrow","osm_tag_hint":"historic=archaeological_site + archaeological_site=tumulus","coord_ref_stated_in":"Q41593640","coord_ref_imported_from":null}},{"type":"Feature","geometry":{"type":"Point","coordinates":[14.284087,49.209033]},"properties":{"wikidata":"Q38143041","name":"Mohylník I.","class":"barrow","osm_tag_hint":"historic=archaeological_site + archaeological_site=tumulus","coord_ref_stated_in":"Q41593640","coord_ref_imported_from":null}},{"type":"Feature","geometry":{"type":"Point","coordinates":[14.568514,49.032884]},"properties":{"wikidata":"Q36858354","name":"Mohylník","class":"barrow","osm_tag_hint":"historic=archaeological_site + archaeological_site=tumulus","coord_ref_stated_in":"Q41593640","coord_ref_imported_from":null}},{"type":"Feature","geometry":{"type":"Point","coordinates":[12.977234,49.798279]},"properties":{"wikidata":"Q37341615","name":"Mohylník Čertův kámen","class":"barrow","osm_tag_hint":"historic=archaeological_site + archaeological_site=tumulus","coord_ref_stated_in":"Q41593640","coord_ref_imported_from":null}},{"type":"Feature","geometry":{"type":"Point","coordinates":[12.983779,49.801667]},"properties":{"wikidata":"Q37341643","name":"Mohylník Stelka","class":"barrow","osm_tag_hint":"historic=archaeological_site + archaeological_site=tumulus","coord_ref_stated_in":"Q41593640","coord_ref_imported_from":null}},{"type":"Feature","geometry":{"type":"Point","coordinates":[13.347669,49.490592]},"properties":{"wikidata":"Q37341685","name":"Mohylové pohřebiště","class":"barrow","osm_tag_hint":"historic=archaeological_site + archaeological_site=tumulus","coord_ref_stated_in":"Q41593640","coord_ref_imported_from":null}},{"type":"Feature","geometry":{"type":"Point","coordinates":[14.419107,49.272361]},"properties":{"wikidata":"Q37424785","name":"Mohylník","class":"barrow","osm_tag_hint":"historic=archaeological_site + archaeological_site=tumulus","coord_ref_stated_in":"Q41593640","coord_ref_imported_from":null}},{"type":"Feature","geometry":{"type":"Point","coordinates":[14.409226,49.144675]},"properties":{"wikidata":"Q37423046","name":"Mohylník","class":"barrow","osm_tag_hint":"historic=archaeological_site + archaeological_site=tumulus","coord_ref_stated_in":"Q41593640","coord_ref_imported_from":null}},{"type":"Feature","geometry":{"type":"Point","coordinates":[14.389746,49.15947]},"properties":{"wikidata":"Q37423056","name":"Mohylník","class":"barrow","osm_tag_hint":"historic=archaeological_site + archaeological_site=tumulus","coord_ref_stated_in":"Q41593640","coord_ref_imported_from":null}},{"type":"Feature","geometry":{"type":"Point","coordinates":[14.376981,49.151079]},"properties":{"wikidata":"Q37423154","name":"Mohylník","class":"barrow","osm_tag_hint":"historic=archaeological_site + archaeological_site=tumulus","coord_ref_stated_in":"Q41593640","coord_ref_imported_from":null}},{"type":"Feature","geometry":{"type":"Point","coordinates":[16.882365,49.071098]},"properties":{"wikidata":"Q37423534","name":"Mohylník","class":"barrow","osm_tag_hint":"historic=archaeological_site + archaeological_site=tumulus","coord_ref_stated_in":"Q41593640","coord_ref_imported_from":null}},{"type":"Feature","geometry":{"type":"Point","coordinates":[13.349926,49.43128]},"properties":{"wikidata":"Q38042818","name":"Mohylník","class":"barrow","osm_tag_hint":"historic=archaeological_site + archaeological_site=tumulus","coord_ref_stated_in":"Q41593640","coord_ref_imported_from":null}},{"type":"Feature","geometry":{"type":"Point","coordinates":[14.117247,49.098106]},"properties":{"wikidata":"Q36862772","name":"Mohylník","class":"barrow","osm_tag_hint":"historic=archaeological_site + archaeological_site=tumulus","coord_ref_stated_in":"Q41593640","coord_ref_imported_from":null}},{"type":"Feature","geometry":{"type":"Point","coordinates":[13.834141,49.463484]},"properties":{"wikidata":"Q37423859","name":"Mohylník","class":"barrow","osm_tag_hint":"historic=archaeological_site + archaeological_site=tumulus","coord_ref_stated_in":"Q41593640","coord_ref_imported_from":null}},{"type":"Feature","geometry":{"type":"Point","coordinates":[14.426498,49.255082]},"properties":{"wikidata":"Q37424697","name":"Mohylník","class":"barrow","osm_tag_hint":"historic=archaeological_site + archaeological_site=tumulus","coord_ref_stated_in":"Q41593640","coord_ref_imported_from":null}},{"type":"Feature","geometry":{"type":"Point","coordinates":[14.413374,49.266317]},"properties":{"wikidata":"Q37424709","name":"Mohylník","class":"barrow","osm_tag_hint":"historic=archaeological_site + archaeological_site=tumulus","coord_ref_stated_in":"Q41593640","coord_ref_imported_from":null}},{"type":"Feature","geometry":{"type":"Point","coordinates":[13.492005,49.704756]},"properties":{"wikidata":"Q38094583","name":"Mohylové pohřebiště","class":"barrow","osm_tag_hint":"historic=archaeological_site + archaeological_site=tumulus","coord_ref_stated_in":"Q41593640","coord_ref_imported_from":null}},{"type":"Feature","geometry":{"type":"Point","coordinates":[14.403493,49.282609]},"properties":{"wikidata":"Q37424792","name":"Mohylník","class":"barrow","osm_tag_hint":"historic=archaeological_site + archaeological_site=tumulus","coord_ref_stated_in":"Q41593640","coord_ref_imported_from":null}},{"type":"Feature","geometry":{"type":"Point","coordinates":[14.561245,48.873796]},"properties":{"wikidata":"Q37425149","name":"Mohylník","class":"barrow","osm_tag_hint":"historic=archaeological_site + archaeological_site=tumulus","coord_ref_stated_in":"Q41593640","coord_ref_imported_from":null}},{"type":"Feature","geometry":{"type":"Point","coordinates":[14.479871,49.119039]},"properties":{"wikidata":"Q37426731","name":"Mohylník Černý les","class":"barrow","osm_tag_hint":"historic=archaeological_site + archaeological_site=tumulus","coord_ref_stated_in":null,"coord_ref_imported_from":"Q191168"}},{"type":"Feature","geometry":{"type":"Point","coordinates":[13.499693,49.825996]},"properties":{"wikidata":"Q37426779","name":"Mohylník","class":"barrow","osm_tag_hint":"historic=archaeological_site + archaeological_site=tumulus","coord_ref_stated_in":"Q41593640","coord_ref_imported_from":null}},{"type":"Feature","geometry":{"type":"Point","coordinates":[13.032766,49.680666]},"properties":{"wikidata":"Q37426928","name":"Mohylník","class":"barrow","osm_tag_hint":"historic=archaeological_site + archaeological_site=tumulus","coord_ref_stated_in":"Q41593640","coord_ref_imported_from":null}},{"type":"Feature","geometry":{"type":"Point","coordinates":[14.200321,49.484065]},"properties":{"wikidata":"Q37427519","name":"Mohylník","class":"barrow","osm_tag_hint":"historic=archaeological_site + archaeological_site=tumulus","coord_ref_stated_in":"Q41593640","coord_ref_imported_from":null}},{"type":"Feature","geometry":{"type":"Point","coordinates":[14.186614,49.490999]},"properties":{"wikidata":"Q37427543","name":"Mohylník","class":"barrow","osm_tag_hint":"historic=archaeological_site + archaeological_site=tumulus","coord_ref_stated_in":"Q41593640","coord_ref_imported_from":null}},{"type":"Feature","geometry":{"type":"Point","coordinates":[12.966648,49.809997]},"properties":{"wikidata":"Q38096177","name":"Mohylník","class":"barrow","osm_tag_hint":"historic=archaeological_site + archaeological_site=tumulus","coord_ref_stated_in":"Q41593640","coord_ref_imported_from":null}},{"type":"Feature","geometry":{"type":"Point","coordinates":[14.496418,49.099863]},"properties":{"wikidata":"Q38050125","name":"Mohylník Kameniště II","class":"barrow","osm_tag_hint":"historic=archaeological_site + archaeological_site=tumulus","coord_ref_stated_in":null,"coord_ref_imported_from":"Q191168"}},{"type":"Feature","geometry":{"type":"Point","coordinates":[14.469,49.11]},"properties":{"wikidata":"Q38050132","name":"Mohylník U háje","class":"barrow","osm_tag_hint":"historic=archaeological_site + archaeological_site=tumulus","coord_ref_stated_in":null,"coord_ref_imported_from":"Q191168"}},{"type":"Feature","geometry":{"type":"Point","coordinates":[14.478065,49.082845]},"properties":{"wikidata":"Q38050136","name":"Mohylník Hrady","class":"barrow","osm_tag_hint":"historic=archaeological_site + archaeological_site=tumulus","coord_ref_stated_in":null,"coord_ref_imported_from":"Q191168"}},{"type":"Feature","geometry":{"type":"Point","coordinates":[14.481,49.1]},"properties":{"wikidata":"Q38050142","name":"Mohylník Hora","class":"barrow","osm_tag_hint":"historic=archaeological_site + archaeological_site=tumulus","coord_ref_stated_in":null,"coord_ref_imported_from":"Q191168"}},{"type":"Feature","geometry":{"type":"Point","coordinates":[14.496957,49.096592]},"properties":{"wikidata":"Q38050145","name":"Mohylník Kameniště I","class":"barrow","osm_tag_hint":"historic=archaeological_site + archaeological_site=tumulus","coord_ref_stated_in":null,"coord_ref_imported_from":"Q191168"}},{"type":"Feature","geometry":{"type":"Point","coordinates":[14.491957,49.110849]},"properties":{"wikidata":"Q38050150","name":"Mohylník Dukátová plantáž","class":"barrow","osm_tag_hint":"historic=archaeological_site + archaeological_site=tumulus","coord_ref_stated_in":null,"coord_ref_imported_from":"Q191168"}},{"type":"Feature","geometry":{"type":"Point","coordinates":[14.339944,49.224997]},"properties":{"wikidata":"Q38096100","name":"Mohylník","class":"barrow","osm_tag_hint":"historic=archaeological_site + archaeological_site=tumulus","coord_ref_stated_in":"Q41593640","coord_ref_imported_from":null}},{"type":"Feature","geometry":{"type":"Point","coordinates":[15.018429,49.032367]},"properties":{"wikidata":"Q38094756","name":"Mohylník","class":"barrow","osm_tag_hint":"historic=archaeological_site + archaeological_site=tumulus","coord_ref_stated_in":"Q41593640","coord_ref_imported_from":null}},{"type":"Feature","geometry":{"type":"Point","coordinates":[14.307003,50.187149]},"properties":{"wikidata":"Q37429021","name":"Mohylník Ers","class":"barrow","osm_tag_hint":"historic=archaeological_site + archaeological_site=tumulus","coord_ref_stated_in":"Q41593640","coord_ref_imported_from":null}},{"type":"Feature","geometry":{"type":"Point","coordinates":[13.942027,49.387815]},"properties":{"wikidata":"Q38094726","name":"Mohylník","class":"barrow","osm_tag_hint":"historic=archaeological_site + archaeological_site=tumulus","coord_ref_stated_in":"Q41593640","coord_ref_imported_from":null}},{"type":"Feature","geometry":{"type":"Point","coordinates":[13.045884,49.772832]},"properties":{"wikidata":"Q38135851","name":"Mohylník","class":"barrow","osm_tag_hint":"historic=archaeological_site + archaeological_site=tumulus","coord_ref_stated_in":null,"coord_ref_imported_from":"Q191168"}},{"type":"Feature","geometry":{"type":"Point","coordinates":[14.069407,50.117071]},"properties":{"wikidata":"Q38187405","name":"Mohylník","class":"barrow","osm_tag_hint":"historic=archaeological_site + archaeological_site=tumulus","coord_ref_stated_in":"Q41593640","coord_ref_imported_from":null}},{"type":"Feature","geometry":{"type":"Point","coordinates":[16.902786,49.045852]},"properties":{"wikidata":"Q38188340","name":"Mohylník Skřípov a Líchy","class":"barrow","osm_tag_hint":"historic=archaeological_site + archaeological_site=tumulus","coord_ref_stated_in":"Q41593640","coord_ref_imported_from":null}},{"type":"Feature","geometry":{"type":"Point","coordinates":[13.039244,49.694759]},"properties":{"wikidata":"Q38044679","name":"Mohylník","class":"barrow","osm_tag_hint":"historic=archaeological_site + archaeological_site=tumulus","coord_ref_stated_in":"Q41593640","coord_ref_imported_from":null}},{"type":"Feature","geometry":{"type":"Point","coordinates":[14.576936,48.879183]},"properties":{"wikidata":"Q38044555","name":"Mohylník","class":"barrow","osm_tag_hint":"historic=archaeological_site + archaeological_site=tumulus","coord_ref_stated_in":"Q41593640","coord_ref_imported_from":null}},{"type":"Feature","geometry":{"type":"Point","coordinates":[14.728672,49.19616]},"properties":{"wikidata":"Q38189142","name":"Mohylník Klobásná","class":"barrow","osm_tag_hint":"historic=archaeological_site + archaeological_site=tumulus","coord_ref_stated_in":"Q41593640","coord_ref_imported_from":null}},{"type":"Feature","geometry":{"type":"Point","coordinates":[14.564033,48.887939]},"properties":{"wikidata":"Q38139900","name":"Mohylník","class":"barrow","osm_tag_hint":"historic=archaeological_site + archaeological_site=tumulus","coord_ref_stated_in":"Q41593640","coord_ref_imported_from":null}},{"type":"Feature","geometry":{"type":"Point","coordinates":[14.243363,48.967865]},"properties":{"wikidata":"Q37461304","name":"Mohylník","class":"barrow","osm_tag_hint":"historic=archaeological_site + archaeological_site=tumulus","coord_ref_stated_in":"Q41593640","coord_ref_imported_from":null}},{"type":"Feature","geometry":{"type":"Point","coordinates":[14.248702,48.972333]},"properties":{"wikidata":"Q37461320","name":"Mohylník","class":"barrow","osm_tag_hint":"historic=archaeological_site + archaeological_site=tumulus","coord_ref_stated_in":"Q41593640","coord_ref_imported_from":null}},{"type":"Feature","geometry":{"type":"Point","coordinates":[13.985069,49.101215]},"properties":{"wikidata":"Q37463629","name":"Mohylník","class":"barrow","osm_tag_hint":"historic=archaeological_site + archaeological_site=tumulus","coord_ref_stated_in":"Q41593640","coord_ref_imported_from":null}},{"type":"Feature","geometry":{"type":"Point","coordinates":[14.263779,49.342466]},"properties":{"wikidata":"Q37027999","name":"Mohylník","class":"barrow","osm_tag_hint":"historic=archaeological_site + archaeological_site=tumulus","coord_ref_stated_in":"Q41593640","coord_ref_imported_from":null}},{"type":"Feature","geometry":{"type":"Point","coordinates":[14.024673,49.448724]},"properties":{"wikidata":"Q37013475","name":"Mohylník","class":"barrow","osm_tag_hint":"historic=archaeological_site + archaeological_site=tumulus","coord_ref_stated_in":"Q41593640","coord_ref_imported_from":null}},{"type":"Feature","geometry":{"type":"Point","coordinates":[15.980823,49.962758]},"properties":{"wikidata":"Q37280995","name":"Mohylník","class":"barrow","osm_tag_hint":"historic=archaeological_site + archaeological_site=tumulus","coord_ref_stated_in":"Q41593640","coord_ref_imported_from":null}},{"type":"Feature","geometry":{"type":"Point","coordinates":[13.06186,49.802834]},"properties":{"wikidata":"Q37817578","name":"Mohylník","class":"barrow","osm_tag_hint":"historic=archaeological_site + archaeological_site=tumulus","coord_ref_stated_in":"Q41593640","coord_ref_imported_from":null}},{"type":"Feature","geometry":{"type":"Point","coordinates":[13.056659,49.779767]},"properties":{"wikidata":"Q37817570","name":"Mohylník","class":"barrow","osm_tag_hint":"historic=archaeological_site + archaeological_site=tumulus","coord_ref_stated_in":"Q41593640","coord_ref_imported_from":null}},{"type":"Feature","geometry":{"type":"Point","coordinates":[14.255329,48.980679]},"properties":{"wikidata":"Q37461288","name":"Mohylník","class":"barrow","osm_tag_hint":"historic=archaeological_site + archaeological_site=tumulus","coord_ref_stated_in":"Q41593640","coord_ref_imported_from":null}},{"type":"Feature","geometry":{"type":"Point","coordinates":[13.870686,49.125277]},"properties":{"wikidata":"Q37817366","name":"Mohylník","class":"barrow","osm_tag_hint":"historic=archaeological_site + archaeological_site=tumulus","coord_ref_stated_in":"Q41593640","coord_ref_imported_from":null}},{"type":"Feature","geometry":{"type":"Point","coordinates":[14.442113,49.169734]},"properties":{"wikidata":"Q37465309","name":"Mohylník","class":"barrow","osm_tag_hint":"historic=archaeological_site + archaeological_site=tumulus","coord_ref_stated_in":"Q41593640","coord_ref_imported_from":null}},{"type":"Feature","geometry":{"type":"Point","coordinates":[14.25131,48.989334]},"properties":{"wikidata":"Q38228896","name":"Mohylník","class":"barrow","osm_tag_hint":"historic=archaeological_site + archaeological_site=tumulus","coord_ref_stated_in":"Q41593640","coord_ref_imported_from":null}},{"type":"Feature","geometry":{"type":"Point","coordinates":[14.438005,49.160996]},"properties":{"wikidata":"Q37465335","name":"Mohylník","class":"barrow","osm_tag_hint":"historic=archaeological_site + archaeological_site=tumulus","coord_ref_stated_in":"Q41593640","coord_ref_imported_from":null}},{"type":"Feature","geometry":{"type":"Point","coordinates":[14.413083,49.160708]},"properties":{"wikidata":"Q37465351","name":"Mohylník","class":"barrow","osm_tag_hint":"historic=archaeological_site + archaeological_site=tumulus","coord_ref_stated_in":"Q41593640","coord_ref_imported_from":null}},{"type":"Feature","geometry":{"type":"Point","coordinates":[14.435006,49.159981]},"properties":{"wikidata":"Q37465368","name":"Mohylník","class":"barrow","osm_tag_hint":"historic=archaeological_site + archaeological_site=tumulus","coord_ref_stated_in":"Q41593640","coord_ref_imported_from":null}},{"type":"Feature","geometry":{"type":"Point","coordinates":[14.253038,48.978153]},"properties":{"wikidata":"Q38228904","name":"Mohylník","class":"barrow","osm_tag_hint":"historic=archaeological_site + archaeological_site=tumulus","coord_ref_stated_in":"Q41593640","coord_ref_imported_from":null}},{"type":"Feature","geometry":{"type":"Point","coordinates":[14.427413,49.069961]},"properties":{"wikidata":"Q37275073","name":"Mohylník Rudolfův kout","class":"barrow","osm_tag_hint":"historic=archaeological_site + archaeological_site=tumulus","coord_ref_stated_in":null,"coord_ref_imported_from":"Q191168"}},{"type":"Feature","geometry":{"type":"Point","coordinates":[14.411601,49.102383]},"properties":{"wikidata":"Q37149990","name":"Mohylník","class":"barrow","osm_tag_hint":"historic=archaeological_site + archaeological_site=tumulus","coord_ref_stated_in":"Q41593640","coord_ref_imported_from":null}},{"type":"Feature","geometry":{"type":"Point","coordinates":[12.83785,49.539264]},"properties":{"wikidata":"Q37819607","name":"Mohylník","class":"barrow","osm_tag_hint":"historic=archaeological_site + archaeological_site=tumulus","coord_ref_stated_in":"Q41593640","coord_ref_imported_from":null}},{"type":"Feature","geometry":{"type":"Point","coordinates":[14.413167,49.366507]},"properties":{"wikidata":"Q38197883","name":"Mohylník II.","class":"barrow","osm_tag_hint":"historic=archaeological_site + archaeological_site=tumulus","coord_ref_stated_in":"Q41593640","coord_ref_imported_from":null}},{"type":"Feature","geometry":{"type":"Point","coordinates":[14.397703,49.364244]},"properties":{"wikidata":"Q38227309","name":"Mohylník I.","class":"barrow","osm_tag_hint":"historic=archaeological_site + archaeological_site=tumulus","coord_ref_stated_in":"Q41593640","coord_ref_imported_from":null}},{"type":"Feature","geometry":{"type":"Point","coordinates":[14.410368,49.127305]},"properties":{"wikidata":"Q37149979","name":"Mohylník","class":"barrow","osm_tag_hint":"historic=archaeological_site + archaeological_site=tumulus","coord_ref_stated_in":"Q41593640","coord_ref_imported_from":null}},{"type":"Feature","geometry":{"type":"Point","coordinates":[14.423159,49.114256]},"properties":{"wikidata":"Q37149959","name":"Mohylník","class":"barrow","osm_tag_hint":"historic=archaeological_site + archaeological_site=tumulus","coord_ref_stated_in":"Q41593640","coord_ref_imported_from":null}},{"type":"Feature","geometry":{"type":"Point","coordinates":[14.736559,49.197083]},"properties":{"wikidata":"Q38228131","name":"Mohylník Klobásná II.","class":"barrow","osm_tag_hint":"historic=archaeological_site + archaeological_site=tumulus","coord_ref_stated_in":"Q41593640","coord_ref_imported_from":null}},{"type":"Feature","geometry":{"type":"Point","coordinates":[14.434743,49.073543]},"properties":{"wikidata":"Q37275050","name":"Mohylník Uhliště","class":"barrow","osm_tag_hint":"historic=archaeological_site + archaeological_site=tumulus","coord_ref_stated_in":null,"coord_ref_imported_from":"Q191168"}},{"type":"Feature","geometry":{"type":"Point","coordinates":[17.833346,49.087451]},"properties":{"wikidata":"Q38092957","name":"Mohylník","class":"barrow","osm_tag_hint":"historic=archaeological_site + archaeological_site=tumulus","coord_ref_stated_in":"Q41593640","coord_ref_imported_from":null}},{"type":"Feature","geometry":{"type":"Point","coordinates":[14.423381,49.156419]},"properties":{"wikidata":"Q37465384","name":"Mohylník","class":"barrow","osm_tag_hint":"historic=archaeological_site + archaeological_site=tumulus","coord_ref_stated_in":"Q41593640","coord_ref_imported_from":null}},{"type":"Feature","geometry":{"type":"Point","coordinates":[14.447536,49.072754]},"properties":{"wikidata":"Q37275084","name":"Mohylník jihozápadně od hradiště Baba","class":"barrow","osm_tag_hint":"historic=archaeological_site + archaeological_site=tumulus","coord_ref_stated_in":null,"coord_ref_imported_from":"Q191168"}},{"type":"Feature","geometry":{"type":"Point","coordinates":[14.447332,49.103961]},"properties":{"wikidata":"Q37275098","name":"Mohylník Vrkoč","class":"barrow","osm_tag_hint":"historic=archaeological_site + archaeological_site=tumulus","coord_ref_stated_in":null,"coord_ref_imported_from":"Q191168"}},{"type":"Feature","geometry":{"type":"Point","coordinates":[14.469866,49.344854]},"properties":{"wikidata":"Q38091174","name":"Sopečný mohylník","class":"barrow","osm_tag_hint":"historic=archaeological_site + archaeological_site=tumulus","coord_ref_stated_in":"Q41593640","coord_ref_imported_from":null}},{"type":"Feature","geometry":{"type":"Point","coordinates":[14.447844,49.113501]},"properties":{"wikidata":"Q37275111","name":"Mohylník Zahrádecká vrata","class":"barrow","osm_tag_hint":"historic=archaeological_site + archaeological_site=tumulus","coord_ref_stated_in":null,"coord_ref_imported_from":"Q191168"}},{"type":"Feature","geometry":{"type":"Point","coordinates":[14.423517,49.077218]},"properties":{"wikidata":"Q37275141","name":"Mohylník ve Staré oboře","class":"barrow","osm_tag_hint":"historic=archaeological_site + archaeological_site=tumulus","coord_ref_stated_in":null,"coord_ref_imported_from":"Q191168"}},{"type":"Feature","geometry":{"type":"Point","coordinates":[17.841229,49.079736]},"properties":{"wikidata":"Q38092947","name":"Mohylník","class":"barrow","osm_tag_hint":"historic=archaeological_site + archaeological_site=tumulus","coord_ref_stated_in":"Q41593640","coord_ref_imported_from":null}},{"type":"Feature","geometry":{"type":"Point","coordinates":[15.095756,50.007463]},"properties":{"wikidata":"Q37460166","name":"Mohylník","class":"barrow","osm_tag_hint":"historic=archaeological_site + archaeological_site=tumulus","coord_ref_stated_in":"Q41593640","coord_ref_imported_from":null}},{"type":"Feature","geometry":{"type":"Point","coordinates":[14.87878,49.07412]},"properties":{"wikidata":"Q38139749","name":"Mohylník Na pískách","class":"barrow","osm_tag_hint":"historic=archaeological_site + archaeological_site=tumulus","coord_ref_stated_in":null,"coord_ref_imported_from":"Q191168"}},{"type":"Feature","geometry":{"type":"Point","coordinates":[14.279561,49.283521]},"properties":{"wikidata":"Q38234437","name":"Mohylník","class":"barrow","osm_tag_hint":"historic=archaeological_site + archaeological_site=tumulus","coord_ref_stated_in":"Q41593640","coord_ref_imported_from":null}},{"type":"Feature","geometry":{"type":"Point","coordinates":[14.142551,48.810224]},"properties":{"wikidata":"Q38237090","name":"Mohylové pohřebiště v trati Bláto","class":"barrow","osm_tag_hint":"historic=archaeological_site + archaeological_site=tumulus","coord_ref_stated_in":"Q41593640","coord_ref_imported_from":null}},{"type":"Feature","geometry":{"type":"Point","coordinates":[12.946989,49.730712]},"properties":{"wikidata":"Q37812969","name":"Mohylník","class":"barrow","osm_tag_hint":"historic=archaeological_site + archaeological_site=tumulus","coord_ref_stated_in":"Q41593640","coord_ref_imported_from":null}},{"type":"Feature","geometry":{"type":"Point","coordinates":[14.174817,49.370731]},"properties":{"wikidata":"Q37805458","name":"Mohylník","class":"barrow","osm_tag_hint":"historic=archaeological_site + archaeological_site=tumulus","coord_ref_stated_in":"Q41593640","coord_ref_imported_from":null}},{"type":"Feature","geometry":{"type":"Point","coordinates":[14.173188,49.375185]},"properties":{"wikidata":"Q37805462","name":"Mohylník","class":"barrow","osm_tag_hint":"historic=archaeological_site + archaeological_site=tumulus","coord_ref_stated_in":"Q41593640","coord_ref_imported_from":null}},{"type":"Feature","geometry":{"type":"Point","coordinates":[15.022686,50.378997]},"properties":{"wikidata":"Q38233433","name":"Žerčické mohyly","class":"barrow","osm_tag_hint":"historic=archaeological_site + archaeological_site=tumulus","coord_ref_stated_in":"Q41593640","coord_ref_imported_from":null}},{"type":"Feature","geometry":{"type":"Point","coordinates":[15.060573,50.527047]},"properties":{"wikidata":"Q38236448","name":"Mohylník při Hrázce","class":"barrow","osm_tag_hint":"historic=archaeological_site + archaeological_site=tumulus","coord_ref_stated_in":"Q41593640","coord_ref_imported_from":null}},{"type":"Feature","geometry":{"type":"Point","coordinates":[14.450999,49.371327]},"properties":{"wikidata":"Q38135547","name":"Mohylník","class":"barrow","osm_tag_hint":"historic=archaeological_site + archaeological_site=tumulus","coord_ref_stated_in":"Q41593640","coord_ref_imported_from":null}},{"type":"Feature","geometry":{"type":"Point","coordinates":[14.52119,49.200808]},"properties":{"wikidata":"Q38233718","name":"Mohylník","class":"barrow","osm_tag_hint":"historic=archaeological_site + archaeological_site=tumulus","coord_ref_stated_in":null,"coord_ref_imported_from":"Q191168"}},{"type":"Feature","geometry":{"type":"Point","coordinates":[14.296551,49.276664]},"properties":{"wikidata":"Q38234433","name":"Mohylník","class":"barrow","osm_tag_hint":"historic=archaeological_site + archaeological_site=tumulus","coord_ref_stated_in":"Q41593640","coord_ref_imported_from":null}},{"type":"Feature","geometry":{"type":"Point","coordinates":[13.008616,49.780365]},"properties":{"wikidata":"Q38234726","name":"Cca 45 mohyl","class":"barrow","osm_tag_hint":"historic=archaeological_site + archaeological_site=tumulus","coord_ref_stated_in":"Q41593640","coord_ref_imported_from":null}},{"type":"Feature","geometry":{"type":"Point","coordinates":[14.226879,49.13147]},"properties":{"wikidata":"Q38234514","name":"Mohylník","class":"barrow","osm_tag_hint":"historic=archaeological_site + archaeological_site=tumulus","coord_ref_stated_in":"Q41593640","coord_ref_imported_from":null,"osm_api_check_2026_09_27":"nothing nearby"}},{"type":"Feature","geometry":{"type":"Point","coordinates":[17.814714,49.937868]},"properties":{"wikidata":"Q38135589","name":"Slovanský mohylník","class":"barrow","osm_tag_hint":"historic=archaeological_site + archaeological_site=tumulus","coord_ref_stated_in":"Q41593640","coord_ref_imported_from":null}},{"type":"Feature","geometry":{"type":"Point","coordinates":[13.553831,49.856708]},"properties":{"wikidata":"Q38234597","name":"Mohylové pohřebiště","class":"barrow","osm_tag_hint":"historic=archaeological_site + archaeological_site=tumulus","coord_ref_stated_in":null,"coord_ref_imported_from":null}},{"type":"Feature","geometry":{"type":"Point","coordinates":[13.268334,49.539521]},"properties":{"wikidata":"Q38092271","name":"Mohylové pohřebiště","class":"barrow","osm_tag_hint":"historic=archaeological_site + archaeological_site=tumulus","coord_ref_stated_in":"Q41593640","coord_ref_imported_from":null}},{"type":"Feature","geometry":{"type":"Point","coordinates":[14.424428,49.20201]},"properties":{"wikidata":"Q37275629","name":"Mohylník","class":"barrow","osm_tag_hint":"historic=archaeological_site + archaeological_site=tumulus","coord_ref_stated_in":null,"coord_ref_imported_from":"Q191168"}},{"type":"Feature","geometry":{"type":"Point","coordinates":[14.013922,49.301159]},"properties":{"wikidata":"Q37023308","name":"Mohylník","class":"barrow","osm_tag_hint":"historic=archaeological_site + archaeological_site=tumulus","coord_ref_stated_in":"Q41593640","coord_ref_imported_from":null}},{"type":"Feature","geometry":{"type":"Point","coordinates":[17.74957,49.112457]},"properties":{"wikidata":"Q37806736","name":"Mohylník","class":"barrow","osm_tag_hint":"historic=archaeological_site + archaeological_site=tumulus","coord_ref_stated_in":"Q41593640","coord_ref_imported_from":null}},{"type":"Feature","geometry":{"type":"Point","coordinates":[14.521043,49.14527]},"properties":{"wikidata":"Q37813219","name":"Mohylník U hrázky","class":"barrow","osm_tag_hint":"historic=archaeological_site + archaeological_site=tumulus","coord_ref_stated_in":null,"coord_ref_imported_from":"Q191168"}},{"type":"Feature","geometry":{"type":"Point","coordinates":[14.527883,48.795457]},"properties":{"wikidata":"Q37817049","name":"Mohylník","class":"barrow","osm_tag_hint":"historic=archaeological_site + archaeological_site=tumulus","coord_ref_stated_in":"Q41593640","coord_ref_imported_from":null}},{"type":"Feature","geometry":{"type":"Point","coordinates":[14.533869,49.16458]},"properties":{"wikidata":"Q37026477","name":"Mohylník","class":"barrow","osm_tag_hint":"historic=archaeological_site + archaeological_site=tumulus","coord_ref_stated_in":"Q41593640","coord_ref_imported_from":null}},{"type":"Feature","geometry":{"type":"Point","coordinates":[14.106437,49.293647]},"properties":{"wikidata":"Q38229601","name":"Mohylník","class":"barrow","osm_tag_hint":"historic=archaeological_site + archaeological_site=tumulus","coord_ref_stated_in":null,"coord_ref_imported_from":"Q191168"}},{"type":"Feature","geometry":{"type":"Point","coordinates":[14.009904,49.063259]},"properties":{"wikidata":"Q37024905","name":"Mohylník","class":"barrow","osm_tag_hint":"historic=archaeological_site + archaeological_site=tumulus","coord_ref_stated_in":"Q41593640","coord_ref_imported_from":null}},{"type":"Feature","geometry":{"type":"Point","coordinates":[12.813821,49.606961]},"properties":{"wikidata":"Q37813627","name":"Mohylník","class":"barrow","osm_tag_hint":"historic=archaeological_site + archaeological_site=tumulus","coord_ref_stated_in":"Q41593640","coord_ref_imported_from":null}},{"type":"Feature","geometry":{"type":"Point","coordinates":[13.939135,49.397021]},"properties":{"wikidata":"Q38230089","name":"Žárové pohřebiště u Škvořetic","class":"barrow","osm_tag_hint":"historic=archaeological_site + archaeological_site=tumulus","coord_ref_stated_in":"Q41593640","coord_ref_imported_from":null}},{"type":"Feature","geometry":{"type":"Point","coordinates":[14.424871,49.065733]},"properties":{"wikidata":"Q37275040","name":"Mohylník Tolom","class":"barrow","osm_tag_hint":"historic=archaeological_site + archaeological_site=tumulus","coord_ref_stated_in":null,"coord_ref_imported_from":"Q191168"}},{"type":"Feature","geometry":{"type":"Point","coordinates":[14.477585,49.183087]},"properties":{"wikidata":"Q38231529","name":"Mohylník","class":"barrow","osm_tag_hint":"historic=archaeological_site + archaeological_site=tumulus","coord_ref_stated_in":"Q41593640","coord_ref_imported_from":null}},{"type":"Feature","geometry":{"type":"Point","coordinates":[14.482086,49.183944]},"properties":{"wikidata":"Q38231534","name":"Mohylník","class":"barrow","osm_tag_hint":"historic=archaeological_site + archaeological_site=tumulus","coord_ref_stated_in":"Q41593640","coord_ref_imported_from":null}},{"type":"Feature","geometry":{"type":"Point","coordinates":[13.969801,49.857411]},"properties":{"wikidata":"Q37466840","name":"Mohylník","class":"barrow","osm_tag_hint":"historic=archaeological_site + archaeological_site=tumulus","coord_ref_stated_in":"Q41593640","coord_ref_imported_from":null}},{"type":"Feature","geometry":{"type":"Point","coordinates":[14.249507,50.176858]},"properties":{"wikidata":"Q37280194","name":"Svrkyňský mohylník","class":"barrow","osm_tag_hint":"historic=archaeological_site + archaeological_site=tumulus","coord_ref_stated_in":"Q41593640","coord_ref_imported_from":null}},{"type":"Feature","geometry":{"type":"Point","coordinates":[14.512936,49.140495]},"properties":{"wikidata":"Q37813214","name":"Mohylník Na přísežné","class":"barrow","osm_tag_hint":"historic=archaeological_site + archaeological_site=tumulus","coord_ref_stated_in":null,"coord_ref_imported_from":"Q191168"}},{"type":"Feature","geometry":{"type":"Point","coordinates":[14.521649,49.139151]},"properties":{"wikidata":"Q37813208","name":"Mohylník nad koutem Čápů","class":"barrow","osm_tag_hint":"historic=archaeological_site + archaeological_site=tumulus","coord_ref_stated_in":null,"coord_ref_imported_from":"Q191168"}},{"type":"Feature","geometry":{"type":"Point","coordinates":[14.265338,48.964712]},"properties":{"wikidata":"Q37279998","name":"Mohylník","class":"barrow","osm_tag_hint":"historic=archaeological_site + archaeological_site=tumulus","coord_ref_stated_in":"Q41593640","coord_ref_imported_from":null}},{"type":"Feature","geometry":{"type":"Point","coordinates":[13.201788,49.825807]},"properties":{"wikidata":"Q37813182","name":"Mohylník Hůrka","class":"barrow","osm_tag_hint":"historic=archaeological_site + archaeological_site=tumulus","coord_ref_stated_in":"Q41593640","coord_ref_imported_from":null}},{"type":"Feature","geometry":{"type":"Point","coordinates":[13.741473,49.314563]},"properties":{"wikidata":"Q38135728","name":"Mohylník","class":"barrow","osm_tag_hint":"historic=archaeological_site + archaeological_site=tumulus","coord_ref_stated_in":"Q41593640","coord_ref_imported_from":null}},{"type":"Feature","geometry":{"type":"Point","coordinates":[14.362226,49.258346]},"properties":{"wikidata":"Q37289079","name":"Mohylník","class":"barrow","osm_tag_hint":"historic=archaeological_site + archaeological_site=tumulus","coord_ref_stated_in":"Q41593640","coord_ref_imported_from":null}},{"type":"Feature","geometry":{"type":"Point","coordinates":[14.384232,49.272955]},"properties":{"wikidata":"Q37289067","name":"Mohylník","class":"barrow","osm_tag_hint":"historic=archaeological_site + archaeological_site=tumulus","coord_ref_stated_in":"Q41593640","coord_ref_imported_from":null}},{"type":"Feature","geometry":{"type":"Point","coordinates":[14.382724,49.259593]},"properties":{"wikidata":"Q37289056","name":"Mohylník","class":"barrow","osm_tag_hint":"historic=archaeological_site + archaeological_site=tumulus","coord_ref_stated_in":"Q41593640","coord_ref_imported_from":null}},{"type":"Feature","geometry":{"type":"Point","coordinates":[14.648944,48.919579]},"properties":{"wikidata":"Q38192862","name":"Mohylník","class":"barrow","osm_tag_hint":"historic=archaeological_site + archaeological_site=tumulus","coord_ref_stated_in":"Q41593640","coord_ref_imported_from":null}},{"type":"Feature","geometry":{"type":"Point","coordinates":[14.677284,48.924582]},"properties":{"wikidata":"Q38192867","name":"Mohylník","class":"barrow","osm_tag_hint":"historic=archaeological_site + archaeological_site=tumulus","coord_ref_stated_in":"Q41593640","coord_ref_imported_from":null}},{"type":"Feature","geometry":{"type":"Point","coordinates":[14.660598,48.923732]},"properties":{"wikidata":"Q38192873","name":"Mohylník","class":"barrow","osm_tag_hint":"historic=archaeological_site + archaeological_site=tumulus","coord_ref_stated_in":"Q41593640","coord_ref_imported_from":null}},{"type":"Feature","geometry":{"type":"Point","coordinates":[13.047636,49.687356]},"properties":{"wikidata":"Q38192891","name":"Mohylník","class":"barrow","osm_tag_hint":"historic=archaeological_site + archaeological_site=tumulus","coord_ref_stated_in":"Q41593640","coord_ref_imported_from":null}},{"type":"Feature","geometry":{"type":"Point","coordinates":[14.389655,48.915467]},"properties":{"wikidata":"Q38192941","name":"Mohylník","class":"barrow","osm_tag_hint":"historic=archaeological_site + archaeological_site=tumulus","coord_ref_stated_in":"Q41593640","coord_ref_imported_from":null}},{"type":"Feature","geometry":{"type":"Point","coordinates":[14.382277,49.24344]},"properties":{"wikidata":"Q38035298","name":"Mohylník","class":"barrow","osm_tag_hint":"historic=archaeological_site + archaeological_site=tumulus","coord_ref_stated_in":"Q41593640","coord_ref_imported_from":null}},{"type":"Feature","geometry":{"type":"Point","coordinates":[14.368435,49.254887]},"properties":{"wikidata":"Q37289090","name":"Mohylník","class":"barrow","osm_tag_hint":"historic=archaeological_site + archaeological_site=tumulus","coord_ref_stated_in":"Q41593640","coord_ref_imported_from":null}},{"type":"Feature","geometry":{"type":"Point","coordinates":[13.352346,49.527945]},"properties":{"wikidata":"Q38035232","name":"Mohylník","class":"barrow","osm_tag_hint":"historic=archaeological_site + archaeological_site=tumulus","coord_ref_stated_in":"Q41593640","coord_ref_imported_from":null}},{"type":"Feature","geometry":{"type":"Point","coordinates":[14.360561,49.198337]},"properties":{"wikidata":"Q37010226","name":"Mohylník","class":"barrow","osm_tag_hint":"historic=archaeological_site + archaeological_site=tumulus","coord_ref_stated_in":"Q41593640","coord_ref_imported_from":null}},{"type":"Feature","geometry":{"type":"Point","coordinates":[14.174046,49.065174]},"properties":{"wikidata":"Q38034957","name":"Mohylník","class":"barrow","osm_tag_hint":"historic=archaeological_site + archaeological_site=tumulus","coord_ref_stated_in":"Q41593640","coord_ref_imported_from":null}},{"type":"Feature","geometry":{"type":"Point","coordinates":[14.140477,49.392848]},"properties":{"wikidata":"Q37169544","name":"Mohylník","class":"barrow","osm_tag_hint":"historic=archaeological_site + archaeological_site=tumulus","coord_ref_stated_in":"Q41593640","coord_ref_imported_from":null}},{"type":"Feature","geometry":{"type":"Point","coordinates":[14.181004,49.09474]},"properties":{"wikidata":"Q37990827","name":"Mohylník","class":"barrow","osm_tag_hint":"historic=archaeological_site + archaeological_site=tumulus","coord_ref_stated_in":"Q41593640","coord_ref_imported_from":null}},{"type":"Feature","geometry":{"type":"Point","coordinates":[13.23945,49.558595]},"properties":{"wikidata":"Q37287514","name":"Mohylové pohřebiště","class":"barrow","osm_tag_hint":"historic=archaeological_site + archaeological_site=tumulus","coord_ref_stated_in":"Q41593640","coord_ref_imported_from":null,"osm_api_check_2026_09_27":"nothing nearby"}},{"type":"Feature","geometry":{"type":"Point","coordinates":[14.967042,50.395774]},"properties":{"wikidata":"Q37010718","name":"Mohylník I.","class":"barrow","osm_tag_hint":"historic=archaeological_site + archaeological_site=tumulus","coord_ref_stated_in":"Q41593640","coord_ref_imported_from":null,"osm_api_check_2026_09_27":"nothing nearby"}},{"type":"Feature","geometry":{"type":"Point","coordinates":[14.353946,49.318708]},"properties":{"wikidata":"Q37990612","name":"Mohylník Burkovák","class":"barrow","osm_tag_hint":"historic=archaeological_site + archaeological_site=tumulus","coord_ref_stated_in":"Q41593640","coord_ref_imported_from":null}},{"type":"Feature","geometry":{"type":"Point","coordinates":[14.250583,49.220567]},"properties":{"wikidata":"Q38036178","name":"Mohylník II","class":"barrow","osm_tag_hint":"historic=archaeological_site + archaeological_site=tumulus","coord_ref_stated_in":"Q41593640","coord_ref_imported_from":null}},{"type":"Feature","geometry":{"type":"Point","coordinates":[13.214671,49.501193]},"properties":{"wikidata":"Q37006380","name":"Mohylník","class":"barrow","osm_tag_hint":"historic=archaeological_site + archaeological_site=tumulus","coord_ref_stated_in":null,"coord_ref_imported_from":"Q191168"}},{"type":"Feature","geometry":{"type":"Point","coordinates":[14.180798,49.359894]},"properties":{"wikidata":"Q38191677","name":"Mohylník","class":"barrow","osm_tag_hint":"historic=archaeological_site + archaeological_site=tumulus","coord_ref_stated_in":"Q41593640","coord_ref_imported_from":null}},{"type":"Feature","geometry":{"type":"Point","coordinates":[14.236917,49.220821]},"properties":{"wikidata":"Q38036180","name":"Mohylník III","class":"barrow","osm_tag_hint":"historic=archaeological_site + archaeological_site=tumulus","coord_ref_stated_in":"Q41593640","coord_ref_imported_from":null}},{"type":"Feature","geometry":{"type":"Point","coordinates":[15.331292,49.866354]},"properties":{"wikidata":"Q37289551","name":"Mohylník U Chedrbí","class":"barrow","osm_tag_hint":"historic=archaeological_site + archaeological_site=tumulus","coord_ref_stated_in":"Q41593640","coord_ref_imported_from":null}},{"type":"Feature","geometry":{"type":"Point","coordinates":[14.489177,49.044996]},"properties":{"wikidata":"Q37289278","name":"Mohylník","class":"barrow","osm_tag_hint":"historic=archaeological_site + archaeological_site=tumulus","coord_ref_stated_in":"Q41593640","coord_ref_imported_from":null}},{"type":"Feature","geometry":{"type":"Point","coordinates":[14.512768,49.031894]},"properties":{"wikidata":"Q37289252","name":"Mohylník","class":"barrow","osm_tag_hint":"historic=archaeological_site + archaeological_site=tumulus","coord_ref_stated_in":"Q41593640","coord_ref_imported_from":null}},{"type":"Feature","geometry":{"type":"Point","coordinates":[14.242788,50.206377]},"properties":{"wikidata":"Q37008237","name":"Blevický mohylník","class":"barrow","osm_tag_hint":"historic=archaeological_site + archaeological_site=tumulus","coord_ref_stated_in":"Q41593640","coord_ref_imported_from":null}},{"type":"Feature","geometry":{"type":"Point","coordinates":[14.238107,49.219404]},"properties":{"wikidata":"Q38036179","name":"Mohylník I","class":"barrow","osm_tag_hint":"historic=archaeological_site + archaeological_site=tumulus","coord_ref_stated_in":"Q41593640","coord_ref_imported_from":null}},{"type":"Feature","geometry":{"type":"Point","coordinates":[14.361808,49.326437]},"properties":{"wikidata":"Q37990608","name":"Mohylník V kopcích","class":"barrow","osm_tag_hint":"historic=archaeological_site + archaeological_site=tumulus","coord_ref_stated_in":"Q41593640","coord_ref_imported_from":null}},{"type":"Feature","geometry":{"type":"Point","coordinates":[14.510921,49.051385]},"properties":{"wikidata":"Q37289238","name":"Mohylník","class":"barrow","osm_tag_hint":"historic=archaeological_site + archaeological_site=tumulus","coord_ref_stated_in":"Q41593640","coord_ref_imported_from":null}},{"type":"Feature","geometry":{"type":"Point","coordinates":[14.396982,49.144213]},"properties":{"wikidata":"Q38036011","name":"Mohylník","class":"barrow","osm_tag_hint":"historic=archaeological_site + archaeological_site=tumulus","coord_ref_stated_in":"Q41593640","coord_ref_imported_from":null}},{"type":"Feature","geometry":{"type":"Point","coordinates":[14.502254,49.054293]},"properties":{"wikidata":"Q37289228","name":"Mohylník","class":"barrow","osm_tag_hint":"historic=archaeological_site + archaeological_site=tumulus","coord_ref_stated_in":"Q41593640","coord_ref_imported_from":null}},{"type":"Feature","geometry":{"type":"Point","coordinates":[14.404523,49.140456]},"properties":{"wikidata":"Q38036006","name":"Mohylník","class":"barrow","osm_tag_hint":"historic=archaeological_site + archaeological_site=tumulus","coord_ref_stated_in":"Q41593640","coord_ref_imported_from":null}},{"type":"Feature","geometry":{"type":"Point","coordinates":[14.148415,49.203248]},"properties":{"wikidata":"Q38095779","name":"Mohylník VI","class":"barrow","osm_tag_hint":"historic=archaeological_site + archaeological_site=tumulus","coord_ref_stated_in":"Q41593640","coord_ref_imported_from":null}},{"type":"Feature","geometry":{"type":"Point","coordinates":[14.538435,49.403401]},"properties":{"wikidata":"Q37452106","name":"Mohylník","class":"barrow","osm_tag_hint":"historic=archaeological_site + archaeological_site=tumulus","coord_ref_stated_in":"Q41593640","coord_ref_imported_from":null}},{"type":"Feature","geometry":{"type":"Point","coordinates":[14.401646,49.143218]},"properties":{"wikidata":"Q38036002","name":"Mohylník","class":"barrow","osm_tag_hint":"historic=archaeological_site + archaeological_site=tumulus","coord_ref_stated_in":"Q41593640","coord_ref_imported_from":null}},{"type":"Feature","geometry":{"type":"Point","coordinates":[14.378936,49.248367]},"properties":{"wikidata":"Q37289100","name":"Mohylník","class":"barrow","osm_tag_hint":"historic=archaeological_site + archaeological_site=tumulus","coord_ref_stated_in":"Q41593640","coord_ref_imported_from":null}},{"type":"Feature","geometry":{"type":"Point","coordinates":[15.352307,50.124446]},"properties":{"wikidata":"Q37150939","name":"Mohylník","class":"barrow","osm_tag_hint":"historic=archaeological_site + archaeological_site=tumulus","coord_ref_stated_in":"Q41593640","coord_ref_imported_from":null}},{"type":"Feature","geometry":{"type":"Point","coordinates":[12.958335,49.470756]},"properties":{"wikidata":"Q37161089","name":"Mohylová pohřebiště","class":"barrow","osm_tag_hint":"historic=archaeological_site + archaeological_site=tumulus","coord_ref_stated_in":"Q41593640","coord_ref_imported_from":null}},{"type":"Feature","geometry":{"type":"Point","coordinates":[14.272425,49.001726]},"properties":{"wikidata":"Q38090533","name":"Mohylník","class":"barrow","osm_tag_hint":"historic=archaeological_site + archaeological_site=tumulus","coord_ref_stated_in":"Q41593640","coord_ref_imported_from":null}},{"type":"Feature","geometry":{"type":"Point","coordinates":[14.421986,48.926644]},"properties":{"wikidata":"Q37011748","name":"Mohylník","class":"barrow","osm_tag_hint":"historic=archaeological_site + archaeological_site=tumulus","coord_ref_stated_in":"Q41593640","coord_ref_imported_from":null}},{"type":"Feature","geometry":{"type":"Point","coordinates":[14.538124,49.145194]},"properties":{"wikidata":"Q38090603","name":"Mohylník","class":"barrow","osm_tag_hint":"historic=archaeological_site + archaeological_site=tumulus","coord_ref_stated_in":"Q41593640","coord_ref_imported_from":null}},{"type":"Feature","geometry":{"type":"Point","coordinates":[13.479744,49.841936]},"properties":{"wikidata":"Q37160407","name":"Mohylník","class":"barrow","osm_tag_hint":"historic=archaeological_site + archaeological_site=tumulus","coord_ref_stated_in":"Q41593640","coord_ref_imported_from":null}},{"type":"Feature","geometry":{"type":"Point","coordinates":[13.678764,49.892176]},"properties":{"wikidata":"Q37274595","name":"Mohylové pohřebiště","class":"barrow","osm_tag_hint":"historic=archaeological_site + archaeological_site=tumulus","coord_ref_stated_in":null,"coord_ref_imported_from":null}},{"type":"Feature","geometry":{"type":"Point","coordinates":[15.706334,50.193587]},"properties":{"wikidata":"Q37457344","name":"Mohylník","class":"barrow","osm_tag_hint":"historic=archaeological_site + archaeological_site=tumulus","coord_ref_stated_in":"Q41593640","coord_ref_imported_from":null}},{"type":"Feature","geometry":{"type":"Point","coordinates":[14.343842,50.193058]},"properties":{"wikidata":"Q38487086","name":"Mohylník","class":"barrow","osm_tag_hint":"historic=archaeological_site + archaeological_site=tumulus","coord_ref_stated_in":"Q41593640","coord_ref_imported_from":null}},{"type":"Feature","geometry":{"type":"Point","coordinates":[14.226,49.191]},"properties":{"wikidata":"Q37820353","name":"Mohylník II","class":"barrow","osm_tag_hint":"historic=archaeological_site + archaeological_site=tumulus","coord_ref_stated_in":null,"coord_ref_imported_from":"Q191168"}},{"type":"Feature","geometry":{"type":"Point","coordinates":[13.434719,49.478048]},"properties":{"wikidata":"Q38090440","name":"Mohylník","class":"barrow","osm_tag_hint":"historic=archaeological_site + archaeological_site=tumulus","coord_ref_stated_in":"Q41593640","coord_ref_imported_from":null}},{"type":"Feature","geometry":{"type":"Point","coordinates":[14.224,49.192]},"properties":{"wikidata":"Q37820344","name":"Mohylník I","class":"barrow","osm_tag_hint":"historic=archaeological_site + archaeological_site=tumulus","coord_ref_stated_in":null,"coord_ref_imported_from":"Q191168"}},{"type":"Feature","geometry":{"type":"Point","coordinates":[14.423032,49.073508]},"properties":{"wikidata":"Q37274897","name":"Mohylník Nad munickými vraty","class":"barrow","osm_tag_hint":"historic=archaeological_site + archaeological_site=tumulus","coord_ref_stated_in":null,"coord_ref_imported_from":"Q191168"}},{"type":"Feature","geometry":{"type":"Point","coordinates":[14.424528,49.106312]},"properties":{"wikidata":"Q37274923","name":"Mohylník Holý vrch","class":"barrow","osm_tag_hint":"historic=archaeological_site + archaeological_site=tumulus","coord_ref_stated_in":null,"coord_ref_imported_from":"Q191168"}},{"type":"Feature","geometry":{"type":"Point","coordinates":[14.454048,49.064218]},"properties":{"wikidata":"Q37274956","name":"Mohylník Nad Kampanovkou","class":"barrow","osm_tag_hint":"historic=archaeological_site + archaeological_site=tumulus","coord_ref_stated_in":null,"coord_ref_imported_from":"Q191168"}},{"type":"Feature","geometry":{"type":"Point","coordinates":[14.464,49.101098]},"properties":{"wikidata":"Q37274970","name":"Mohylník V bokách","class":"barrow","osm_tag_hint":"historic=archaeological_site + archaeological_site=tumulus","coord_ref_stated_in":null,"coord_ref_imported_from":"Q191168","osm_api_check_2026_09_27":"nothing nearby"}},{"type":"Feature","geometry":{"type":"Point","coordinates":[12.943024,49.803691]},"properties":{"wikidata":"Q38193789","name":"Mohylník II.","class":"barrow","osm_tag_hint":"historic=archaeological_site + archaeological_site=tumulus","coord_ref_stated_in":"Q41593640","coord_ref_imported_from":null}},{"type":"Feature","geometry":{"type":"Point","coordinates":[12.954216,49.802085]},"properties":{"wikidata":"Q38193791","name":"Mohylník I.","class":"barrow","osm_tag_hint":"historic=archaeological_site + archaeological_site=tumulus","coord_ref_stated_in":"Q41593640","coord_ref_imported_from":null}},{"type":"Feature","geometry":{"type":"Point","coordinates":[14.428775,49.074919]},"properties":{"wikidata":"Q37275017","name":"Mohylník Nad Kaštánkem","class":"barrow","osm_tag_hint":"historic=archaeological_site + archaeological_site=tumulus","coord_ref_stated_in":null,"coord_ref_imported_from":"Q191168"}},{"type":"Feature","geometry":{"type":"Point","coordinates":[16.988093,49.769212]},"properties":{"wikidata":"Q38138627","name":"Mohylník","class":"barrow","osm_tag_hint":"historic=archaeological_site + archaeological_site=tumulus","coord_ref_stated_in":"Q41593640","coord_ref_imported_from":null}},{"type":"Feature","geometry":{"type":"Point","coordinates":[13.369221,49.465234]},"properties":{"wikidata":"Q37990466","name":"Mohylník","class":"barrow","osm_tag_hint":"historic=archaeological_site + archaeological_site=tumulus","coord_ref_stated_in":"Q41593640","coord_ref_imported_from":null}},{"type":"Feature","geometry":{"type":"Point","coordinates":[14.620877,48.916254]},"properties":{"wikidata":"Q37454495","name":"Mohylník","class":"barrow","osm_tag_hint":"historic=archaeological_site + archaeological_site=tumulus","coord_ref_stated_in":"Q41593640","coord_ref_imported_from":null}},{"type":"Feature","geometry":{"type":"Point","coordinates":[12.90011,49.831743]},"properties":{"wikidata":"Q37456067","name":"Mohylník","class":"barrow","osm_tag_hint":"historic=archaeological_site + archaeological_site=tumulus","coord_ref_stated_in":"Q41593640","coord_ref_imported_from":null}},{"type":"Feature","geometry":{"type":"Point","coordinates":[13.984452,50.086724]},"properties":{"wikidata":"Q37456296","name":"Mohylník","class":"barrow","osm_tag_hint":"historic=archaeological_site + archaeological_site=tumulus","coord_ref_stated_in":"Q41593640","coord_ref_imported_from":null}},{"type":"Feature","geometry":{"type":"Point","coordinates":[13.254463,49.873609]},"properties":{"wikidata":"Q37456748","name":"Mohylník","class":"barrow","osm_tag_hint":"historic=archaeological_site + archaeological_site=tumulus","coord_ref_stated_in":"Q41593640","coord_ref_imported_from":null}},{"type":"Feature","geometry":{"type":"Point","coordinates":[14.502713,48.931571]},"properties":{"wikidata":"Q37990440","name":"Mohylník","class":"barrow","osm_tag_hint":"historic=archaeological_site + archaeological_site=tumulus","coord_ref_stated_in":"Q41593640","coord_ref_imported_from":null}},{"type":"Feature","geometry":{"type":"Point","coordinates":[14.202863,48.815665]},"properties":{"wikidata":"Q37011152","name":"Mohylové pohřebiště, tratě Weiherbühel a Ameisberk","class":"barrow","osm_tag_hint":"historic=archaeological_site + archaeological_site=tumulus","coord_ref_stated_in":"Q41593640","coord_ref_imported_from":null}},{"type":"Feature","geometry":{"type":"Point","coordinates":[12.344457,50.141053]},"properties":{"wikidata":"Q37284546","name":"Rovinné neopevněné sídliště a mohylové pohřebiště","class":"barrow","osm_tag_hint":"historic=archaeological_site + archaeological_site=tumulus","coord_ref_stated_in":"Q41593640","coord_ref_imported_from":null,"osm_api_check_2026_09_27":"nothing nearby"}},{"type":"Feature","geometry":{"type":"Point","coordinates":[14.467494,49.13533]},"properties":{"wikidata":"Q38089479","name":"Mohylník Na kukli","class":"barrow","osm_tag_hint":"historic=archaeological_site + archaeological_site=tumulus","coord_ref_stated_in":null,"coord_ref_imported_from":"Q191168"}},{"type":"Feature","geometry":{"type":"Point","coordinates":[17.861954,49.507756]},"properties":{"wikidata":"Q37853696","name":"Mohylník s popelnicemi","class":"barrow","osm_tag_hint":"historic=archaeological_site + archaeological_site=tumulus","coord_ref_stated_in":"Q41593640","coord_ref_imported_from":null}},{"type":"Feature","geometry":{"type":"Point","coordinates":[15.642079,50.285247]},"properties":{"wikidata":"Q38138794","name":"Slovanský mohylník","class":"barrow","osm_tag_hint":"historic=archaeological_site + archaeological_site=tumulus","coord_ref_stated_in":"Q41593640","coord_ref_imported_from":null}},{"type":"Feature","geometry":{"type":"Point","coordinates":[14.180815,49.204834]},"properties":{"wikidata":"Q37162776","name":"Mohylník","class":"barrow","osm_tag_hint":"historic=archaeological_site + archaeological_site=tumulus","coord_ref_stated_in":"Q41593640","coord_ref_imported_from":null}},{"type":"Feature","geometry":{"type":"Point","coordinates":[14.456695,49.309448]},"properties":{"wikidata":"Q38090255","name":"Mohylník - 14 mohyl","class":"barrow","osm_tag_hint":"historic=archaeological_site + archaeological_site=tumulus","coord_ref_stated_in":"Q41593640","coord_ref_imported_from":null}},{"type":"Feature","geometry":{"type":"Point","coordinates":[14.41312,49.327505]},"properties":{"wikidata":"Q38090259","name":"Mohylník - 100 mohyl","class":"barrow","osm_tag_hint":"historic=archaeological_site + archaeological_site=tumulus","coord_ref_stated_in":"Q41593640","coord_ref_imported_from":null}},{"type":"Feature","geometry":{"type":"Point","coordinates":[14.015142,49.98679]},"properties":{"wikidata":"Q38138893","name":"Mohylník","class":"barrow","osm_tag_hint":"historic=archaeological_site + archaeological_site=tumulus","coord_ref_stated_in":"Q41593640","coord_ref_imported_from":null}},{"type":"Feature","geometry":{"type":"Point","coordinates":[12.272,50.112]},"properties":{"wikidata":"Q38489174","name":"Mohylník","class":"barrow","osm_tag_hint":"historic=archaeological_site + archaeological_site=tumulus","coord_ref_stated_in":null,"coord_ref_imported_from":"Q191168"}},{"type":"Feature","geometry":{"type":"Point","coordinates":[14.437116,48.920649]},"properties":{"wikidata":"Q37011734","name":"Mohylník","class":"barrow","osm_tag_hint":"historic=archaeological_site + archaeological_site=tumulus","coord_ref_stated_in":null,"coord_ref_imported_from":null}},{"type":"Feature","geometry":{"type":"Point","coordinates":[14.409381,49.235931]},"properties":{"wikidata":"Q38150379","name":"Mohylník","class":"barrow","osm_tag_hint":"historic=archaeological_site + archaeological_site=tumulus","coord_ref_stated_in":"Q41593640","coord_ref_imported_from":null}},{"type":"Feature","geometry":{"type":"Point","coordinates":[14.311578,48.969445]},"properties":{"wikidata":"Q36854336","name":"Mohylník","class":"barrow","osm_tag_hint":"historic=archaeological_site + archaeological_site=tumulus","coord_ref_stated_in":"Q41593640","coord_ref_imported_from":null}},{"type":"Feature","geometry":{"type":"Point","coordinates":[14.53105,49.165908]},"properties":{"wikidata":"Q38149795","name":"Mohylník","class":"barrow","osm_tag_hint":"historic=archaeological_site + archaeological_site=tumulus","coord_ref_stated_in":null,"coord_ref_imported_from":"Q191168"}},{"type":"Feature","geometry":{"type":"Point","coordinates":[13.337379,49.483968]},"properties":{"wikidata":"Q37338541","name":"Mohylník","class":"barrow","osm_tag_hint":"historic=archaeological_site + archaeological_site=tumulus","coord_ref_stated_in":"Q41593640","coord_ref_imported_from":null}},{"type":"Feature","geometry":{"type":"Point","coordinates":[14.475083,48.898263]},"properties":{"wikidata":"Q37339251","name":"34 mohyl","class":"barrow","osm_tag_hint":"historic=archaeological_site + archaeological_site=tumulus","coord_ref_stated_in":"Q41593640","coord_ref_imported_from":null}},{"type":"Feature","geometry":{"type":"Point","coordinates":[14.11271,49.204322]},"properties":{"wikidata":"Q38095757","name":"Mohylník II","class":"barrow","osm_tag_hint":"historic=archaeological_site + archaeological_site=tumulus","coord_ref_stated_in":"Q41593640","coord_ref_imported_from":null}},{"type":"Feature","geometry":{"type":"Point","coordinates":[14.148486,49.328347]},"properties":{"wikidata":"Q38148516","name":"Mohylník","class":"barrow","osm_tag_hint":"historic=archaeological_site + archaeological_site=tumulus","coord_ref_stated_in":"Q41593640","coord_ref_imported_from":null}},{"type":"Feature","geometry":{"type":"Point","coordinates":[14.345561,49.181625]},"properties":{"wikidata":"Q38147922","name":"Mohylník","class":"barrow","osm_tag_hint":"historic=archaeological_site + archaeological_site=tumulus","coord_ref_stated_in":"Q41593640","coord_ref_imported_from":null}},{"type":"Feature","geometry":{"type":"Point","coordinates":[13.902086,49.129407]},"properties":{"wikidata":"Q36856036","name":"Mohylník","class":"barrow","osm_tag_hint":"historic=archaeological_site + archaeological_site=tumulus","coord_ref_stated_in":"Q41593640","coord_ref_imported_from":null}},{"type":"Feature","geometry":{"type":"Point","coordinates":[14.42344,49.144881]},"properties":{"wikidata":"Q37322209","name":"Mohylník Hřeben","class":"barrow","osm_tag_hint":"historic=archaeological_site + archaeological_site=tumulus","coord_ref_stated_in":null,"coord_ref_imported_from":"Q191168"}},{"type":"Feature","geometry":{"type":"Point","coordinates":[14.453798,49.20926]},"properties":{"wikidata":"Q38146499","name":"Mohylník","class":"barrow","osm_tag_hint":"historic=archaeological_site + archaeological_site=tumulus","coord_ref_stated_in":null,"coord_ref_imported_from":"Q191168"}},{"type":"Feature","geometry":{"type":"Point","coordinates":[14.408397,49.137905]},"properties":{"wikidata":"Q37322220","name":"Mohylník Šífárna","class":"barrow","osm_tag_hint":"historic=archaeological_site + archaeological_site=tumulus","coord_ref_stated_in":null,"coord_ref_imported_from":"Q191168"}},{"type":"Feature","geometry":{"type":"Point","coordinates":[14.443031,49.423374]},"properties":{"wikidata":"Q38095218","name":"Mohylník III.","class":"barrow","osm_tag_hint":"historic=archaeological_site + archaeological_site=tumulus","coord_ref_stated_in":"Q41593640","coord_ref_imported_from":null}},{"type":"Feature","geometry":{"type":"Point","coordinates":[13.251,49.41]},"properties":{"wikidata":"Q38146877","name":"Mohylník","class":"barrow","osm_tag_hint":"historic=archaeological_site + archaeological_site=tumulus","coord_ref_stated_in":null,"coord_ref_imported_from":"Q191168","osm_api_check_2026_09_27":"nothing nearby"}},{"type":"Feature","geometry":{"type":"Point","coordinates":[13.314451,49.500846]},"properties":{"wikidata":"Q37338553","name":"Mohylové pohřebiště Blahovka","class":"barrow","osm_tag_hint":"historic=archaeological_site + archaeological_site=tumulus","coord_ref_stated_in":"Q41593640","coord_ref_imported_from":null}},{"type":"Feature","geometry":{"type":"Point","coordinates":[14.407121,49.208659]},"properties":{"wikidata":"Q38150383","name":"Mohylník","class":"barrow","osm_tag_hint":"historic=archaeological_site + archaeological_site=tumulus","coord_ref_stated_in":"Q41593640","coord_ref_imported_from":null}},{"type":"Feature","geometry":{"type":"Point","coordinates":[14.585698,49.392095]},"properties":{"wikidata":"Q37181408","name":"Mohylník","class":"barrow","osm_tag_hint":"historic=archaeological_site + archaeological_site=tumulus","coord_ref_stated_in":"Q41593640","coord_ref_imported_from":null}},{"type":"Feature","geometry":{"type":"Point","coordinates":[13.325,49.444]},"properties":{"wikidata":"Q38148490","name":"Mohylník","class":"barrow","osm_tag_hint":"historic=archaeological_site + archaeological_site=tumulus","coord_ref_stated_in":null,"coord_ref_imported_from":"Q191168"}},{"type":"Feature","geometry":{"type":"Point","coordinates":[14.415312,49.240096]},"properties":{"wikidata":"Q38150407","name":"Mohylník","class":"barrow","osm_tag_hint":"historic=archaeological_site + archaeological_site=tumulus","coord_ref_stated_in":"Q41593640","coord_ref_imported_from":null}},{"type":"Feature","geometry":{"type":"Point","coordinates":[13.94133,49.849274]},"properties":{"wikidata":"Q38148364","name":"Mohylník","class":"barrow","osm_tag_hint":"historic=archaeological_site + archaeological_site=tumulus","coord_ref_stated_in":null,"coord_ref_imported_from":"Q191168"}},{"type":"Feature","geometry":{"type":"Point","coordinates":[14.114385,49.215031]},"properties":{"wikidata":"Q38095786","name":"Mohylník IV","class":"barrow","osm_tag_hint":"historic=archaeological_site + archaeological_site=tumulus","coord_ref_stated_in":"Q41593640","coord_ref_imported_from":null}},{"type":"Feature","geometry":{"type":"Point","coordinates":[14.114239,49.204237]},"properties":{"wikidata":"Q38095930","name":"Mohylník I","class":"barrow","osm_tag_hint":"historic=archaeological_site + archaeological_site=tumulus","coord_ref_stated_in":"Q41593640","coord_ref_imported_from":null,"osm_api_check_2026_09_27":"nothing nearby"}},{"type":"Feature","geometry":{"type":"Point","coordinates":[14.467348,48.869556]},"properties":{"wikidata":"Q37339420","name":"Mohylník","class":"barrow","osm_tag_hint":"historic=archaeological_site + archaeological_site=tumulus","coord_ref_stated_in":"Q41593640","coord_ref_imported_from":null}},{"type":"Feature","geometry":{"type":"Point","coordinates":[14.461863,49.422082]},"properties":{"wikidata":"Q38095234","name":"Mohylník I.","class":"barrow","osm_tag_hint":"historic=archaeological_site + archaeological_site=tumulus","coord_ref_stated_in":"Q41593640","coord_ref_imported_from":null}},{"type":"Feature","geometry":{"type":"Point","coordinates":[14.421722,48.905608]},"properties":{"wikidata":"Q37339410","name":"Mohylník","class":"barrow","osm_tag_hint":"historic=archaeological_site + archaeological_site=tumulus","coord_ref_stated_in":"Q41593640","coord_ref_imported_from":null}},{"type":"Feature","geometry":{"type":"Point","coordinates":[13.227861,49.80116]},"properties":{"wikidata":"Q36855787","name":"Mohylník","class":"barrow","osm_tag_hint":"historic=archaeological_site + archaeological_site=tumulus","coord_ref_stated_in":"Q41593640","coord_ref_imported_from":null}},{"type":"Feature","geometry":{"type":"Point","coordinates":[13.232934,49.507649]},"properties":{"wikidata":"Q37322311","name":"Mohylník","class":"barrow","osm_tag_hint":"historic=archaeological_site + archaeological_site=tumulus","coord_ref_stated_in":"Q41593640","coord_ref_imported_from":null}},{"type":"Feature","geometry":{"type":"Point","coordinates":[14.45709,49.18836]},"properties":{"wikidata":"Q38146514","name":"Mohylník","class":"barrow","osm_tag_hint":"historic=archaeological_site + archaeological_site=tumulus","coord_ref_stated_in":null,"coord_ref_imported_from":"Q191168"}},{"type":"Feature","geometry":{"type":"Point","coordinates":[14.327886,50.187079]},"properties":{"wikidata":"Q38150100","name":"Mohylník Krliš","class":"barrow","osm_tag_hint":"historic=archaeological_site + archaeological_site=tumulus","coord_ref_stated_in":"Q41593640","coord_ref_imported_from":null}},{"type":"Feature","geometry":{"type":"Point","coordinates":[14.448308,49.18601]},"properties":{"wikidata":"Q38146529","name":"Mohylník","class":"barrow","osm_tag_hint":"historic=archaeological_site + archaeological_site=tumulus","coord_ref_stated_in":null,"coord_ref_imported_from":"Q191168"}},{"type":"Feature","geometry":{"type":"Point","coordinates":[14.149127,49.199272]},"properties":{"wikidata":"Q38095766","name":"Mohylník VIII","class":"barrow","osm_tag_hint":"historic=archaeological_site + archaeological_site=tumulus","coord_ref_stated_in":"Q41593640","coord_ref_imported_from":null}},{"type":"Feature","geometry":{"type":"Point","coordinates":[14.118842,49.204038]},"properties":{"wikidata":"Q38095934","name":"Mohylník","class":"barrow","osm_tag_hint":"historic=archaeological_site + archaeological_site=tumulus","coord_ref_stated_in":"Q41593640","coord_ref_imported_from":null}},{"type":"Feature","geometry":{"type":"Point","coordinates":[14.352232,48.958281]},"properties":{"wikidata":"Q37266242","name":"Mohylník","class":"barrow","osm_tag_hint":"historic=archaeological_site + archaeological_site=tumulus","coord_ref_stated_in":"Q41593640","coord_ref_imported_from":null}},{"type":"Feature","geometry":{"type":"Point","coordinates":[15.905992,49.979207]},"properties":{"wikidata":"Q37266847","name":"Mohylník","class":"barrow","osm_tag_hint":"historic=archaeological_site + archaeological_site=tumulus","coord_ref_stated_in":"Q41593640","coord_ref_imported_from":null}},{"type":"Feature","geometry":{"type":"Point","coordinates":[14.149789,49.20411]},"properties":{"wikidata":"Q38095774","name":"Mohylník V","class":"barrow","osm_tag_hint":"historic=archaeological_site + archaeological_site=tumulus","coord_ref_stated_in":"Q41593640","coord_ref_imported_from":null}},{"type":"Feature","geometry":{"type":"Point","coordinates":[14.543286,49.131362]},"properties":{"wikidata":"Q37181137","name":"Mohylník","class":"barrow","osm_tag_hint":"historic=archaeological_site + archaeological_site=tumulus","coord_ref_stated_in":"Q41593640","coord_ref_imported_from":null}},{"type":"Feature","geometry":{"type":"Point","coordinates":[14.407456,49.140554]},"properties":{"wikidata":"Q37322197","name":"Mohylník při široké aleji","class":"barrow","osm_tag_hint":"historic=archaeological_site + archaeological_site=tumulus","coord_ref_stated_in":null,"coord_ref_imported_from":"Q191168"}},{"type":"Feature","geometry":{"type":"Point","coordinates":[14.510188,49.16158]},"properties":{"wikidata":"Q38149770","name":"Mohylník","class":"barrow","osm_tag_hint":"historic=archaeological_site + archaeological_site=tumulus","coord_ref_stated_in":null,"coord_ref_imported_from":"Q191168"}},{"type":"Feature","geometry":{"type":"Point","coordinates":[14.149369,49.202009]},"properties":{"wikidata":"Q38095761","name":"Mohylník VII","class":"barrow","osm_tag_hint":"historic=archaeological_site + archaeological_site=tumulus","coord_ref_stated_in":"Q41593640","coord_ref_imported_from":null}},{"type":"Feature","geometry":{"type":"Point","coordinates":[14.413984,49.134758]},"properties":{"wikidata":"Q37322184","name":"Mohylník nad Rochačkami","class":"barrow","osm_tag_hint":"historic=archaeological_site + archaeological_site=tumulus","coord_ref_stated_in":null,"coord_ref_imported_from":"Q191168"}},{"type":"Feature","geometry":{"type":"Point","coordinates":[13.903598,49.133038]},"properties":{"wikidata":"Q36856067","name":"Mohylník","class":"barrow","osm_tag_hint":"historic=archaeological_site + archaeological_site=tumulus","coord_ref_stated_in":"Q41593640","coord_ref_imported_from":null}},{"type":"Feature","geometry":{"type":"Point","coordinates":[14.085612,49.16292]},"properties":{"wikidata":"Q38095541","name":"Mohylník","class":"barrow","osm_tag_hint":"historic=archaeological_site + archaeological_site=tumulus","coord_ref_stated_in":"Q41593640","coord_ref_imported_from":null}},{"type":"Feature","geometry":{"type":"Point","coordinates":[14.112705,49.206265]},"properties":{"wikidata":"Q38095928","name":"Mohylník III","class":"barrow","osm_tag_hint":"historic=archaeological_site + archaeological_site=tumulus","coord_ref_stated_in":"Q41593640","coord_ref_imported_from":null}},{"type":"Feature","geometry":{"type":"Point","coordinates":[14.156011,49.207328]},"properties":{"wikidata":"Q38095770","name":"Mohylník VIIIa","class":"barrow","osm_tag_hint":"historic=archaeological_site + archaeological_site=tumulus","coord_ref_stated_in":"Q41593640","coord_ref_imported_from":null}},{"type":"Feature","geometry":{"type":"Point","coordinates":[14.904808,49.89112]},"properties":{"wikidata":"Q36857188","name":"Mohylník U Mělníka","class":"barrow","osm_tag_hint":"historic=archaeological_site + archaeological_site=tumulus","coord_ref_stated_in":null,"coord_ref_imported_from":"Q191168"}},{"type":"Feature","geometry":{"type":"Point","coordinates":[14.519098,49.158008]},"properties":{"wikidata":"Q38149784","name":"Mohylník","class":"barrow","osm_tag_hint":"historic=archaeological_site + archaeological_site=tumulus","coord_ref_stated_in":null,"coord_ref_imported_from":"Q191168"}},{"type":"Feature","geometry":{"type":"Point","coordinates":[14.52425,49.127348]},"properties":{"wikidata":"Q38149790","name":"Mohylník","class":"barrow","osm_tag_hint":"historic=archaeological_site + archaeological_site=tumulus","coord_ref_stated_in":null,"coord_ref_imported_from":"Q191168"}},{"type":"Feature","geometry":{"type":"Point","coordinates":[14.392925,49.22318]},"properties":{"wikidata":"Q38150375","name":"Mohylník","class":"barrow","osm_tag_hint":"historic=archaeological_site + archaeological_site=tumulus","coord_ref_stated_in":"Q41593640","coord_ref_imported_from":null}},{"type":"Feature","geometry":{"type":"Point","coordinates":[14.4686,49.174798]},"properties":{"wikidata":"Q38048304","name":"Mohylník","class":"barrow","osm_tag_hint":"historic=archaeological_site + archaeological_site=tumulus","coord_ref_stated_in":null,"coord_ref_imported_from":"Q191168"}},{"type":"Feature","geometry":{"type":"Point","coordinates":[14.438037,49.411472]},"properties":{"wikidata":"Q38095192","name":"Mohylník IV.","class":"barrow","osm_tag_hint":"historic=archaeological_site + archaeological_site=tumulus","coord_ref_stated_in":"Q41593640","coord_ref_imported_from":null}},{"type":"Feature","geometry":{"type":"Point","coordinates":[14.308638,48.976965]},"properties":{"wikidata":"Q36854292","name":"Mohylník","class":"barrow","osm_tag_hint":"historic=archaeological_site + archaeological_site=tumulus","coord_ref_stated_in":"Q41593640","coord_ref_imported_from":null}},{"type":"Feature","geometry":{"type":"Point","coordinates":[14.442038,49.426435]},"properties":{"wikidata":"Q38095205","name":"Mohylník II.","class":"barrow","osm_tag_hint":"historic=archaeological_site + archaeological_site=tumulus","coord_ref_stated_in":"Q41593640","coord_ref_imported_from":null}},{"type":"Feature","geometry":{"type":"Point","coordinates":[16.0253,50.3458]},"properties":{"wikidata":"Q11882173","name":"Veselice","class":"hillfort","osm_tag_hint":"historic=archaeological_site + archaeological_site=fortification","coord_ref_stated_in":null,"coord_ref_imported_from":"Q191168"}},{"type":"Feature","geometry":{"type":"Point","coordinates":[15.566336,49.023449]},"properties":{"wikidata":"Q110295959","name":"Dvorec Podolí","class":"hillfort","osm_tag_hint":"historic=archaeological_site + archaeological_site=fortification","coord_ref_stated_in":null,"coord_ref_imported_from":null}},{"type":"Feature","geometry":{"type":"Point","coordinates":[17.008674,49.325649]},"properties":{"wikidata":"Q12047637","name":"Pustiměř","class":"hillfort","osm_tag_hint":"historic=archaeological_site + archaeological_site=fortification","coord_ref_stated_in":null,"coord_ref_imported_from":null}},{"type":"Feature","geometry":{"type":"Point","coordinates":[14.804121,50.014878]},"properties":{"wikidata":"Q110290749","name":"Hradiště Staré zámky","class":"hillfort","osm_tag_hint":"historic=archaeological_site + archaeological_site=fortification","coord_ref_stated_in":null,"coord_ref_imported_from":null}},{"type":"Feature","geometry":{"type":"Point","coordinates":[14.926382,50.378409]},"properties":{"wikidata":"Q110290703","name":"Hradiště Chlum","class":"hillfort","osm_tag_hint":"historic=archaeological_site + archaeological_site=fortification","coord_ref_stated_in":null,"coord_ref_imported_from":null}},{"type":"Feature","geometry":{"type":"Point","coordinates":[15.1519,50.0908]},"properties":{"wikidata":"Q12042493","name":"Oldříš","class":"hillfort","osm_tag_hint":"historic=archaeological_site + archaeological_site=fortification","coord_ref_stated_in":null,"coord_ref_imported_from":"Q191168"}},{"type":"Feature","geometry":{"type":"Point","coordinates":[17.047,49.384]},"properties":{"wikidata":"Q12041995","name":"Obrova noha","class":"hillfort","osm_tag_hint":"historic=archaeological_site + archaeological_site=fortification","coord_ref_stated_in":null,"coord_ref_imported_from":"Q191168"}},{"type":"Feature","geometry":{"type":"Point","coordinates":[17.585569,49.502662]},"properties":{"wikidata":"Q12019760","name":"Hlinsko","class":"hillfort","osm_tag_hint":"historic=archaeological_site + archaeological_site=fortification","coord_ref_stated_in":null,"coord_ref_imported_from":null}},{"type":"Feature","geometry":{"type":"Point","coordinates":[16.190359,50.016115]},"properties":{"wikidata":"Q11774285","name":"Darebnice","class":"hillfort","osm_tag_hint":"historic=archaeological_site + archaeological_site=fortification","coord_ref_stated_in":null,"coord_ref_imported_from":"Q191168"}},{"type":"Feature","geometry":{"type":"Point","coordinates":[16.248963,49.136379]},"properties":{"wikidata":"Q112057609","name":"hradiště Senorady","class":"hillfort","osm_tag_hint":"historic=archaeological_site + archaeological_site=fortification","coord_ref_stated_in":null,"coord_ref_imported_from":null}},{"type":"Feature","geometry":{"type":"Point","coordinates":[16.074827,49.708539]},"properties":{"wikidata":"Q116664623","name":"Zkamenělý zámek","class":"hillfort","osm_tag_hint":"historic=archaeological_site + archaeological_site=fortification","coord_ref_stated_in":null,"coord_ref_imported_from":null}},{"type":"Feature","geometry":{"type":"Point","coordinates":[13.714417,50.214719]},"properties":{"wikidata":"Q11863555","name":"Džbán","class":"hillfort","osm_tag_hint":"historic=archaeological_site + archaeological_site=fortification","coord_ref_stated_in":null,"coord_ref_imported_from":"Q48183"}},{"type":"Feature","geometry":{"type":"Point","coordinates":[14.924426,49.847244]},"properties":{"wikidata":"Q11937889","name":"Vraník","class":"hillfort","osm_tag_hint":"historic=archaeological_site + archaeological_site=fortification","coord_ref_stated_in":null,"coord_ref_imported_from":null}},{"type":"Feature","geometry":{"type":"Point","coordinates":[14.192,49.4394]},"properties":{"wikidata":"Q10861651","name":"Zvíkov","class":"hillfort","osm_tag_hint":"historic=archaeological_site + archaeological_site=fortification","coord_ref_stated_in":null,"coord_ref_imported_from":"Q191168"}},{"type":"Feature","geometry":{"type":"Point","coordinates":[13.9461,49.0336]},"properties":{"wikidata":"Q12020826","name":"Hrádek nad Podedvorským mlýnem","class":"hillfort","osm_tag_hint":"historic=archaeological_site + archaeological_site=fortification","coord_ref_stated_in":null,"coord_ref_imported_from":"Q191168"}},{"type":"Feature","geometry":{"type":"Point","coordinates":[14.727427,49.867122]},"properties":{"wikidata":"Q123144710","name":"Lštění","class":"hillfort","osm_tag_hint":"historic=archaeological_site + archaeological_site=fortification","coord_ref_stated_in":null,"coord_ref_imported_from":null}},{"type":"Feature","geometry":{"type":"Point","coordinates":[13.885382,49.19248]},"properties":{"wikidata":"Q12020568","name":"Hradec u Němětic","class":"hillfort","osm_tag_hint":"historic=archaeological_site + archaeological_site=fortification","coord_ref_stated_in":null,"coord_ref_imported_from":null}},{"type":"Feature","geometry":{"type":"Point","coordinates":[13.9225,49.2886]},"properties":{"wikidata":"Q12020567","name":"Hradec u Řepice","class":"hillfort","osm_tag_hint":"historic=archaeological_site + archaeological_site=fortification","coord_ref_stated_in":null,"coord_ref_imported_from":"Q191168"}},{"type":"Feature","geometry":{"type":"Point","coordinates":[14.991024,50.000084]},"properties":{"wikidata":"Q12326652","name":"Stará Kouřim","class":"hillfort","osm_tag_hint":"historic=archaeological_site + archaeological_site=fortification","coord_ref_stated_in":null,"coord_ref_imported_from":null}},{"type":"Feature","geometry":{"type":"Point","coordinates":[13.810707,49.281386]},"properties":{"wikidata":"Q12029678","name":"Kněží hora","class":"hillfort","osm_tag_hint":"historic=archaeological_site + archaeological_site=fortification","coord_ref_stated_in":null,"coord_ref_imported_from":null}},{"type":"Feature","geometry":{"type":"Point","coordinates":[14.403372,50.173969]},"properties":{"wikidata":"Q12046884","name":"Pravý Hradec","class":"hillfort","osm_tag_hint":"historic=archaeological_site + archaeological_site=fortification","coord_ref_stated_in":null,"coord_ref_imported_from":"Q191168"}},{"type":"Feature","geometry":{"type":"Point","coordinates":[14.0369,50.1617]},"properties":{"wikidata":"Q12033430","name":"Libušín","class":"hillfort","osm_tag_hint":"historic=archaeological_site + archaeological_site=fortification","coord_ref_stated_in":null,"coord_ref_imported_from":"Q191168"}},{"type":"Feature","geometry":{"type":"Point","coordinates":[17.979752,49.557073]},"properties":{"wikidata":"Q10856812","name":"Požaha","class":"hillfort","osm_tag_hint":"historic=archaeological_site + archaeological_site=fortification","coord_ref_stated_in":"Q41593640","coord_ref_imported_from":null}},{"type":"Feature","geometry":{"type":"Point","coordinates":[15.05543,50.296409]},"properties":{"wikidata":"Q116767081","name":"Hradiště nad Studci","class":"hillfort","osm_tag_hint":"historic=archaeological_site + archaeological_site=fortification","coord_ref_stated_in":null,"coord_ref_imported_from":null}},{"type":"Feature","geometry":{"type":"Point","coordinates":[14.105921,49.949661]},"properties":{"wikidata":"Q106585787","name":"hradiště Tetín","class":"hillfort","osm_tag_hint":"historic=archaeological_site + archaeological_site=fortification","coord_ref_stated_in":null,"coord_ref_imported_from":null}},{"type":"Feature","geometry":{"type":"Point","coordinates":[13.874251,49.220141]},"properties":{"wikidata":"Q12020602","name":"Hradiště u Libětic","class":"hillfort","osm_tag_hint":"historic=archaeological_site + archaeological_site=fortification","coord_ref_stated_in":null,"coord_ref_imported_from":null}},{"type":"Feature","geometry":{"type":"Point","coordinates":[15.046125,50.293877]},"properties":{"wikidata":"Q116767082","name":"Hradiště nad Sychrovem","class":"hillfort","osm_tag_hint":"historic=archaeological_site + archaeological_site=fortification","coord_ref_stated_in":null,"coord_ref_imported_from":null}},{"type":"Feature","geometry":{"type":"Point","coordinates":[15.383695,50.467378]},"properties":{"wikidata":"Q123758150","name":"Železnice","class":"hillfort","osm_tag_hint":"historic=archaeological_site + archaeological_site=fortification","coord_ref_stated_in":null,"coord_ref_imported_from":null}},{"type":"Feature","geometry":{"type":"Point","coordinates":[13.4308,50.1722]},"properties":{"wikidata":"Q12031668","name":"Kryry","class":"hillfort","osm_tag_hint":"historic=archaeological_site + archaeological_site=fortification","coord_ref_stated_in":null,"coord_ref_imported_from":"Q191168"}},{"type":"Feature","geometry":{"type":"Point","coordinates":[15.224903,50.146465]},"properties":{"wikidata":"Q116767159","name":"Hradiště na Hřebínku","class":"hillfort","osm_tag_hint":"historic=archaeological_site + archaeological_site=fortification","coord_ref_stated_in":null,"coord_ref_imported_from":null}},{"type":"Feature","geometry":{"type":"Point","coordinates":[15.224903,50.146465]},"properties":{"wikidata":"Q116767200","name":"Hradiště na Kostelíčku","class":"hillfort","osm_tag_hint":"historic=archaeological_site + archaeological_site=fortification","coord_ref_stated_in":null,"coord_ref_imported_from":null}},{"type":"Feature","geometry":{"type":"Point","coordinates":[17.0868,48.8041]},"properties":{"wikidata":"Q11007554","name":"Slovanské hradiště Mikulčice","class":"hillfort","osm_tag_hint":"historic=archaeological_site + archaeological_site=fortification","coord_ref_stated_in":null,"coord_ref_imported_from":"Q191168"}},{"type":"Feature","geometry":{"type":"Point","coordinates":[17.84281,49.081362]},"properties":{"wikidata":"Q12018413","name":"Gradca","class":"hillfort","osm_tag_hint":"historic=archaeological_site + archaeological_site=fortification","coord_ref_stated_in":null,"coord_ref_imported_from":null}},{"type":"Feature","geometry":{"type":"Point","coordinates":[13.569461,49.190383]},"properties":{"wikidata":"Q12020600","name":"Hradiště na Sedle","class":"hillfort","osm_tag_hint":"historic=archaeological_site + archaeological_site=fortification","coord_ref_stated_in":null,"coord_ref_imported_from":null}},{"type":"Feature","geometry":{"type":"Point","coordinates":[15.684434,48.960794]},"properties":{"wikidata":"Q12043558","name":"Palliardiho hradisko","class":"hillfort","osm_tag_hint":"historic=archaeological_site + archaeological_site=fortification","coord_ref_stated_in":null,"coord_ref_imported_from":null}},{"type":"Feature","geometry":{"type":"Point","coordinates":[14.5871,50.0557]},"properties":{"wikidata":"Q106630428","name":"Výšinné neopevněné sídliště u Dubečku","class":"hillfort","osm_tag_hint":"historic=archaeological_site + archaeological_site=fortification","coord_ref_stated_in":null,"coord_ref_imported_from":null}},{"type":"Feature","geometry":{"type":"Point","coordinates":[13.825833,50.2475]},"properties":{"wikidata":"Q11863138","name":"Dřevíč","class":"hillfort","osm_tag_hint":"historic=archaeological_site + archaeological_site=fortification","coord_ref_stated_in":null,"coord_ref_imported_from":"Q48183"}},{"type":"Feature","geometry":{"type":"Point","coordinates":[15.665514,48.992021]},"properties":{"wikidata":"Q117486053","name":"hradiště Hornice","class":"hillfort","osm_tag_hint":"historic=archaeological_site + archaeological_site=fortification","coord_ref_stated_in":null,"coord_ref_imported_from":null,"osm_api_check_2026_09_27":"nothing nearby"}},{"type":"Feature","geometry":{"type":"Point","coordinates":[15.977272,48.815749]},"properties":{"wikidata":"Q123204947","name":"Šobes","class":"hillfort","osm_tag_hint":"historic=archaeological_site + archaeological_site=fortification","coord_ref_stated_in":null,"coord_ref_imported_from":null}},{"type":"Feature","geometry":{"type":"Point","coordinates":[16.896642,48.728982]},"properties":{"wikidata":"Q12046031","name":"Hradiště Pohansko","class":"hillfort","osm_tag_hint":"historic=archaeological_site + archaeological_site=fortification","coord_ref_stated_in":null,"coord_ref_imported_from":"Q191168"}},{"type":"Feature","geometry":{"type":"Point","coordinates":[14.202872,49.051761]},"properties":{"wikidata":"Q10855083","name":"Netolice","class":"hillfort","osm_tag_hint":"historic=archaeological_site + archaeological_site=fortification","coord_ref_stated_in":"Q41593640","coord_ref_imported_from":null}},{"type":"Feature","geometry":{"type":"Point","coordinates":[14.209283,48.937954]},"properties":{"wikidata":"Q112079740","name":"hradiště na vrchu Stržíšek","class":"hillfort","osm_tag_hint":"historic=archaeological_site + archaeological_site=fortification","coord_ref_stated_in":null,"coord_ref_imported_from":null,"osm_api_check_2026_09_27":"nothing nearby"}},{"type":"Feature","geometry":{"type":"Point","coordinates":[13.653826,50.258021]},"properties":{"wikidata":"Q11997044","name":"Výrov","class":"hillfort","osm_tag_hint":"historic=archaeological_site + archaeological_site=fortification","coord_ref_stated_in":null,"coord_ref_imported_from":null}},{"type":"Feature","geometry":{"type":"Point","coordinates":[14.048204,50.549615]},"properties":{"wikidata":"Q12020816","name":"Hrádek","class":"hillfort","osm_tag_hint":"historic=archaeological_site + archaeological_site=fortification","coord_ref_stated_in":null,"coord_ref_imported_from":"Q191168"}},{"type":"Feature","geometry":{"type":"Point","coordinates":[14.585965,50.134743]},"properties":{"wikidata":"Q12020596","name":"Vinoř","class":"hillfort","osm_tag_hint":"historic=archaeological_site + archaeological_site=fortification","coord_ref_stated_in":null,"coord_ref_imported_from":"Q191168"}},{"type":"Feature","geometry":{"type":"Point","coordinates":[15.69692,49.17154]},"properties":{"wikidata":"Q26215091","name":"Dašovice","class":"hillfort","osm_tag_hint":"historic=archaeological_site + archaeological_site=fortification","coord_ref_stated_in":null,"coord_ref_imported_from":"Q191168"}},{"type":"Feature","geometry":{"type":"Point","coordinates":[15.628,50.448]},"properties":{"wikidata":"Q37338302","name":"Hradiště Kal","class":"hillfort","osm_tag_hint":"historic=archaeological_site + archaeological_site=fortification","coord_ref_stated_in":null,"coord_ref_imported_from":"Q191168"}},{"type":"Feature","geometry":{"type":"Point","coordinates":[14.399198,49.94376]},"properties":{"wikidata":"Q38228660","name":"Zvolská homole","class":"hillfort","osm_tag_hint":"historic=archaeological_site + archaeological_site=fortification","coord_ref_stated_in":null,"coord_ref_imported_from":"Q191168"}},{"type":"Feature","geometry":{"type":"Point","coordinates":[16.290903,49.995781]},"properties":{"wikidata":"Q38140804","name":"Hradiště Orlík","class":"hillfort","osm_tag_hint":"historic=archaeological_site + archaeological_site=fortification","coord_ref_stated_in":null,"coord_ref_imported_from":"Q191168"}},{"type":"Feature","geometry":{"type":"Point","coordinates":[15.555868,50.379448]},"properties":{"wikidata":"Q38044575","name":"Ostroměř","class":"hillfort","osm_tag_hint":"historic=archaeological_site + archaeological_site=fortification","coord_ref_stated_in":"Q41593640","coord_ref_imported_from":null}},{"type":"Feature","geometry":{"type":"Point","coordinates":[17.700883,49.377781]},"properties":{"wikidata":"Q37162597","name":"Hradiště","class":"hillfort","osm_tag_hint":"historic=archaeological_site + archaeological_site=fortification","coord_ref_stated_in":null,"coord_ref_imported_from":"Q191168"}},{"type":"Feature","geometry":{"type":"Point","coordinates":[15.126877,50.061793]},"properties":{"wikidata":"Q38187307","name":"Skalka","class":"hillfort","osm_tag_hint":"historic=archaeological_site + archaeological_site=fortification","coord_ref_stated_in":"Q41593640","coord_ref_imported_from":null}},{"type":"Feature","geometry":{"type":"Point","coordinates":[15.373533,50.045819]},"properties":{"wikidata":"Q38150471","name":"hradiště Kolo","class":"hillfort","osm_tag_hint":"historic=archaeological_site + archaeological_site=fortification","coord_ref_stated_in":"Q41593640","coord_ref_imported_from":null}},{"type":"Feature","geometry":{"type":"Point","coordinates":[15.906307,49.008443]},"properties":{"wikidata":"Q37288269","name":"Hradiště","class":"hillfort","osm_tag_hint":"historic=archaeological_site + archaeological_site=fortification","coord_ref_stated_in":null,"coord_ref_imported_from":"Q191168"}},{"type":"Feature","geometry":{"type":"Point","coordinates":[16.235761,48.78913]},"properties":{"wikidata":"Q37337022","name":"Hradiště","class":"hillfort","osm_tag_hint":"historic=archaeological_site + archaeological_site=fortification","coord_ref_stated_in":"Q41593640","coord_ref_imported_from":null}},{"type":"Feature","geometry":{"type":"Point","coordinates":[14.458832,49.277274]},"properties":{"wikidata":"Q38037987","name":"Halštatské a středověké hradiště","class":"hillfort","osm_tag_hint":"historic=archaeological_site + archaeological_site=fortification","coord_ref_stated_in":"Q41593640","coord_ref_imported_from":null}},{"type":"Feature","geometry":{"type":"Point","coordinates":[16.729071,48.93322]},"properties":{"wikidata":"Q37296151","name":"Hradiště Homolí kopec","class":"hillfort","osm_tag_hint":"historic=archaeological_site + archaeological_site=fortification","coord_ref_stated_in":null,"coord_ref_imported_from":"Q191168"}},{"type":"Feature","geometry":{"type":"Point","coordinates":[17.943684,49.205867]},"properties":{"wikidata":"Q37014886","name":"Hradiště Kláštov","class":"hillfort","osm_tag_hint":"historic=archaeological_site + archaeological_site=fortification","coord_ref_stated_in":"Q41593640","coord_ref_imported_from":null}},{"type":"Feature","geometry":{"type":"Point","coordinates":[15.042193,50.632614]},"properties":{"wikidata":"Q37171784","name":"Hradiště","class":"hillfort","osm_tag_hint":"historic=archaeological_site + archaeological_site=fortification","coord_ref_stated_in":null,"coord_ref_imported_from":"Q191168"}},{"type":"Feature","geometry":{"type":"Point","coordinates":[14.99263,49.95951]},"properties":{"wikidata":"Q37180036","name":"Hradiště Na Šancích – Doubravčany I","class":"hillfort","osm_tag_hint":"historic=archaeological_site + archaeological_site=fortification","coord_ref_stated_in":null,"coord_ref_imported_from":"Q191168"}},{"type":"Feature","geometry":{"type":"Point","coordinates":[13.297499,50.02495]},"properties":{"wikidata":"Q42296288","name":"Kotaneč","class":"hillfort","osm_tag_hint":"historic=archaeological_site + archaeological_site=fortification","coord_ref_stated_in":null,"coord_ref_imported_from":null}},{"type":"Feature","geometry":{"type":"Point","coordinates":[14.390643,50.120178]},"properties":{"wikidata":"Q37171807","name":"Hradiště Baba","class":"hillfort","osm_tag_hint":"historic=archaeological_site + archaeological_site=fortification","coord_ref_stated_in":null,"coord_ref_imported_from":"Q191168"}},{"type":"Feature","geometry":{"type":"Point","coordinates":[14.382439,49.241632]},"properties":{"wikidata":"Q37289044","name":"hradiště Kořensko","class":"hillfort","osm_tag_hint":"historic=archaeological_site + archaeological_site=fortification","coord_ref_stated_in":null,"coord_ref_imported_from":null}},{"type":"Feature","geometry":{"type":"Point","coordinates":[14.405268,50.129198]},"properties":{"wikidata":"Q38149314","name":"Hradiště Na Farkách","class":"hillfort","osm_tag_hint":"historic=archaeological_site + archaeological_site=fortification","coord_ref_stated_in":null,"coord_ref_imported_from":"Q191168"}},{"type":"Feature","geometry":{"type":"Point","coordinates":[15.00871,49.962068]},"properties":{"wikidata":"Q37180049","name":"Hradiště Na Hradišťanech – Doubravčany II","class":"hillfort","osm_tag_hint":"historic=archaeological_site + archaeological_site=fortification","coord_ref_stated_in":null,"coord_ref_imported_from":"Q191168"}},{"type":"Feature","geometry":{"type":"Point","coordinates":[13.477535,49.704353]},"properties":{"wikidata":"Q27664958","name":"Hůrka","class":"hillfort","osm_tag_hint":"historic=archaeological_site + archaeological_site=fortification","coord_ref_stated_in":null,"coord_ref_imported_from":null}},{"type":"Feature","geometry":{"type":"Point","coordinates":[15.384003,49.910722]},"properties":{"wikidata":"Q36863640","name":"Čáslav","class":"hillfort","osm_tag_hint":"historic=archaeological_site + archaeological_site=fortification","coord_ref_stated_in":"Q41593640","coord_ref_imported_from":null}},{"type":"Feature","geometry":{"type":"Point","coordinates":[14.273233,49.991536]},"properties":{"wikidata":"Q37160247","name":"Hradiště Na Zámkách","class":"hillfort","osm_tag_hint":"historic=archaeological_site + archaeological_site=fortification","coord_ref_stated_in":null,"coord_ref_imported_from":"Q191168"}},{"type":"Feature","geometry":{"type":"Point","coordinates":[13.26166,49.447234]},"properties":{"wikidata":"Q37817324","name":"Malechov","class":"hillfort","osm_tag_hint":"historic=archaeological_site + archaeological_site=fortification","coord_ref_stated_in":"Q41593640","coord_ref_imported_from":null}},{"type":"Feature","geometry":{"type":"Point","coordinates":[14.418205,49.253899]},"properties":{"wikidata":"Q37424762","name":"hradiště Koloděje nad Lužnicí","class":"hillfort","osm_tag_hint":"historic=archaeological_site + archaeological_site=fortification","coord_ref_stated_in":"Q41593640","coord_ref_imported_from":null}},{"type":"Feature","geometry":{"type":"Point","coordinates":[15.224903,50.146465]},"properties":{"wikidata":"Q38039094","name":"Hradiště na Hřebínku, na Kostelíčku, zaniklá středověká ves Oškobrhy","class":"hillfort","osm_tag_hint":"historic=archaeological_site + archaeological_site=fortification","coord_ref_stated_in":"Q41593640","coord_ref_imported_from":null}},{"type":"Feature","geometry":{"type":"Point","coordinates":[14.63055,50.04389]},"properties":{"wikidata":"Q15179049","name":"Hradiště Šance","class":"hillfort","osm_tag_hint":"historic=archaeological_site + archaeological_site=fortification","coord_ref_stated_in":null,"coord_ref_imported_from":"Q565"}},{"type":"Feature","geometry":{"type":"Point","coordinates":[13.94863,49.863318]},"properties":{"wikidata":"Q38044844","name":"Otmíče","class":"hillfort","osm_tag_hint":"historic=archaeological_site + archaeological_site=fortification","coord_ref_stated_in":"Q41593640","coord_ref_imported_from":null}},{"type":"Feature","geometry":{"type":"Point","coordinates":[17.388448,49.495367]},"properties":{"wikidata":"Q37424380","name":"Hradiště","class":"hillfort","osm_tag_hint":"historic=archaeological_site + archaeological_site=fortification","coord_ref_stated_in":"Q41593640","coord_ref_imported_from":null}},{"type":"Feature","geometry":{"type":"Point","coordinates":[12.918948,49.888972]},"properties":{"wikidata":"Q37424224","name":"Hradiště Milkovské Čihadlo","class":"hillfort","osm_tag_hint":"historic=archaeological_site + archaeological_site=fortification","coord_ref_stated_in":"Q41593640","coord_ref_imported_from":null}},{"type":"Feature","geometry":{"type":"Point","coordinates":[14.005278,49.555]},"properties":{"wikidata":"Q15115268","name":"Hrochův hrádek","class":"hillfort","osm_tag_hint":"historic=archaeological_site + archaeological_site=fortification","coord_ref_stated_in":null,"coord_ref_imported_from":"Q48183"}},{"type":"Feature","geometry":{"type":"Point","coordinates":[14.132695,48.964857]},"properties":{"wikidata":"Q37335298","name":"Slovanské hradiště","class":"hillfort","osm_tag_hint":"historic=archaeological_site + archaeological_site=fortification","coord_ref_stated_in":"Q41593640","coord_ref_imported_from":null}},{"type":"Feature","geometry":{"type":"Point","coordinates":[13.473691,49.910159]},"properties":{"wikidata":"Q30160594","name":"Koryta","class":"hillfort","osm_tag_hint":"historic=archaeological_site + archaeological_site=fortification","coord_ref_stated_in":null,"coord_ref_imported_from":null}},{"type":"Feature","geometry":{"type":"Point","coordinates":[12.98896,49.873554]},"properties":{"wikidata":"Q27634394","name":"Okrouhlé Hradiště","class":"hillfort","osm_tag_hint":"historic=archaeological_site + archaeological_site=fortification","coord_ref_stated_in":null,"coord_ref_imported_from":null}},{"type":"Feature","geometry":{"type":"Point","coordinates":[13.247148,49.325075]},"properties":{"wikidata":"Q37306233","name":"Hradiště","class":"hillfort","osm_tag_hint":"historic=archaeological_site + archaeological_site=fortification","coord_ref_stated_in":null,"coord_ref_imported_from":"Q191168"}},{"type":"Feature","geometry":{"type":"Point","coordinates":[16.915009,49.255363]},"properties":{"wikidata":"Q37812570","name":"Starý zámek","class":"hillfort","osm_tag_hint":"historic=archaeological_site + archaeological_site=fortification","coord_ref_stated_in":null,"coord_ref_imported_from":null}},{"type":"Feature","geometry":{"type":"Point","coordinates":[14.159351,49.541737]},"properties":{"wikidata":"Q38193661","name":"Hradeň","class":"hillfort","osm_tag_hint":"historic=archaeological_site + archaeological_site=fortification","coord_ref_stated_in":"Q41593640","coord_ref_imported_from":null}},{"type":"Feature","geometry":{"type":"Point","coordinates":[14.340197,49.945287]},"properties":{"wikidata":"Q37335346","name":"Hradiště Pod Humenskou","class":"hillfort","osm_tag_hint":"historic=archaeological_site + archaeological_site=fortification","coord_ref_stated_in":null,"coord_ref_imported_from":"Q191168"}},{"type":"Feature","geometry":{"type":"Point","coordinates":[15.123019,50.028317]},"properties":{"wikidata":"Q37335656","name":"Křečhoř","class":"hillfort","osm_tag_hint":"historic=archaeological_site + archaeological_site=fortification","coord_ref_stated_in":"Q41593640","coord_ref_imported_from":null}},{"type":"Feature","geometry":{"type":"Point","coordinates":[15.032819,50.315137]},"properties":{"wikidata":"Q37302874","name":"Hradiště Hrádek","class":"hillfort","osm_tag_hint":"historic=archaeological_site + archaeological_site=fortification","coord_ref_stated_in":"Q41593640","coord_ref_imported_from":null}},{"type":"Feature","geometry":{"type":"Point","coordinates":[17.033073,49.943958]},"properties":{"wikidata":"Q38037847","name":"Hradiště – zbytky valu","class":"hillfort","osm_tag_hint":"historic=archaeological_site + archaeological_site=fortification","coord_ref_stated_in":null,"coord_ref_imported_from":"Q191168"}},{"type":"Feature","geometry":{"type":"Point","coordinates":[14.028204,49.45918]},"properties":{"wikidata":"Q37013507","name":"Boudy","class":"hillfort","osm_tag_hint":"historic=archaeological_site + archaeological_site=fortification","coord_ref_stated_in":"Q41593640","coord_ref_imported_from":null}},{"type":"Feature","geometry":{"type":"Point","coordinates":[13.404783,49.674095]},"properties":{"wikidata":"Q43766559","name":"Štěnovice","class":"hillfort","osm_tag_hint":"historic=archaeological_site + archaeological_site=fortification","coord_ref_stated_in":null,"coord_ref_imported_from":null}},{"type":"Feature","geometry":{"type":"Point","coordinates":[12.844512,50.244408]},"properties":{"wikidata":"Q37340567","name":"Hradiště","class":"hillfort","osm_tag_hint":"historic=archaeological_site + archaeological_site=fortification","coord_ref_stated_in":null,"coord_ref_imported_from":"Q191168"}},{"type":"Feature","geometry":{"type":"Point","coordinates":[14.720656,50.461478]},"properties":{"wikidata":"Q37180255","name":"Sellnerovo hradiště","class":"hillfort","osm_tag_hint":"historic=archaeological_site + archaeological_site=fortification","coord_ref_stated_in":"Q41593640","coord_ref_imported_from":null}},{"type":"Feature","geometry":{"type":"Point","coordinates":[15.012645,50.55731]},"properties":{"wikidata":"Q37291082","name":"Hradiště Hradec nad Jizerou","class":"hillfort","osm_tag_hint":"historic=archaeological_site + archaeological_site=fortification","coord_ref_stated_in":"Q41593640","coord_ref_imported_from":null}},{"type":"Feature","geometry":{"type":"Point","coordinates":[15.29601,50.467739]},"properties":{"wikidata":"Q38050909","name":"Hradiště Prachov","class":"hillfort","osm_tag_hint":"historic=archaeological_site + archaeological_site=fortification","coord_ref_stated_in":"Q41593640","coord_ref_imported_from":null}},{"type":"Feature","geometry":{"type":"Point","coordinates":[15.94,49.305]},"properties":{"wikidata":"Q38190920","name":"Hradiště","class":"hillfort","osm_tag_hint":"historic=archaeological_site + archaeological_site=fortification","coord_ref_stated_in":null,"coord_ref_imported_from":"Q191168","osm_api_check_2026_09_27":"nothing nearby"}},{"type":"Feature","geometry":{"type":"Point","coordinates":[13.830829,50.322093]},"properties":{"wikidata":"Q37015348","name":"Hradiště","class":"hillfort","osm_tag_hint":"historic=archaeological_site + archaeological_site=fortification","coord_ref_stated_in":null,"coord_ref_imported_from":"Q191168"}},{"type":"Feature","geometry":{"type":"Point","coordinates":[14.011981,49.32141]},"properties":{"wikidata":"Q37015321","name":"Žižkův vrch","class":"hillfort","osm_tag_hint":"historic=archaeological_site + archaeological_site=fortification","coord_ref_stated_in":"Q41593640","coord_ref_imported_from":null}},{"type":"Feature","geometry":{"type":"Point","coordinates":[12.429688,50.065395]},"properties":{"wikidata":"Q37169904","name":"Hradiště Burgholz","class":"hillfort","osm_tag_hint":"historic=archaeological_site + archaeological_site=fortification","coord_ref_stated_in":null,"coord_ref_imported_from":"Q191168"}},{"type":"Feature","geometry":{"type":"Point","coordinates":[13.65109,49.821296]},"properties":{"wikidata":"Q38095514","name":"Bílá skála","class":"hillfort","osm_tag_hint":"historic=archaeological_site + archaeological_site=fortification","coord_ref_stated_in":null,"coord_ref_imported_from":null}},{"type":"Feature","geometry":{"type":"Point","coordinates":[14.90925,50.09819]},"properties":{"wikidata":"Q37421847","name":"Hradiště Klučov – Na Ptáčku","class":"hillfort","osm_tag_hint":"historic=archaeological_site + archaeological_site=fortification","coord_ref_stated_in":null,"coord_ref_imported_from":"Q191168"}},{"type":"Feature","geometry":{"type":"Point","coordinates":[13.079,50.187]},"properties":{"wikidata":"Q37015179","name":"Hradiště","class":"hillfort","osm_tag_hint":"historic=archaeological_site + archaeological_site=fortification","coord_ref_stated_in":null,"coord_ref_imported_from":"Q191168"}},{"type":"Feature","geometry":{"type":"Point","coordinates":[14.854646,49.685175]},"properties":{"wikidata":"Q37292986","name":"Hradiště s kostelem Nejsvětější Trojice","class":"hillfort","osm_tag_hint":"historic=archaeological_site + archaeological_site=fortification","coord_ref_stated_in":null,"coord_ref_imported_from":null}},{"type":"Feature","geometry":{"type":"Point","coordinates":[14.120945,49.304767]},"properties":{"wikidata":"Q37292972","name":"Hradiště u Písku","class":"hillfort","osm_tag_hint":"historic=archaeological_site + archaeological_site=fortification","coord_ref_stated_in":"Q41593640","coord_ref_imported_from":null}},{"type":"Feature","geometry":{"type":"Point","coordinates":[14.382723,49.242972]},"properties":{"wikidata":"Q38035306","name":"rovinné neopevněné sídliště","class":"hillfort","osm_tag_hint":"historic=archaeological_site + archaeological_site=fortification","coord_ref_stated_in":"Q41593640","coord_ref_imported_from":null}},{"type":"Feature","geometry":{"type":"Point","coordinates":[14.368173,49.236436]},"properties":{"wikidata":"Q38035317","name":"Hradiště","class":"hillfort","osm_tag_hint":"historic=archaeological_site + archaeological_site=fortification","coord_ref_stated_in":"Q41593640","coord_ref_imported_from":null}},{"type":"Feature","geometry":{"type":"Point","coordinates":[13.400735,49.713674]},"properties":{"wikidata":"Q37292924","name":"Hradiště","class":"hillfort","osm_tag_hint":"historic=archaeological_site + archaeological_site=fortification","coord_ref_stated_in":"Q41593640","coord_ref_imported_from":null}},{"type":"Feature","geometry":{"type":"Point","coordinates":[13.71132,50.61573]},"properties":{"wikidata":"Q38041257","name":"Hradiště","class":"hillfort","osm_tag_hint":"historic=archaeological_site + archaeological_site=fortification","coord_ref_stated_in":null,"coord_ref_imported_from":"Q191168"}},{"type":"Feature","geometry":{"type":"Point","coordinates":[14.011059,50.002651]},"properties":{"wikidata":"Q38035479","name":"Hradiště Na Žlubinci","class":"hillfort","osm_tag_hint":"historic=archaeological_site + archaeological_site=fortification","coord_ref_stated_in":null,"coord_ref_imported_from":"Q191168"}},{"type":"Feature","geometry":{"type":"Point","coordinates":[13.376481,49.32968]},"properties":{"wikidata":"Q37292885","name":"Hradiště Na skále","class":"hillfort","osm_tag_hint":"historic=archaeological_site + archaeological_site=fortification","coord_ref_stated_in":"Q41593640","coord_ref_imported_from":null}},{"type":"Feature","geometry":{"type":"Point","coordinates":[16.9333,49.3333]},"properties":{"wikidata":"Q132734468","name":"Valy u Rychtářova","class":"hillfort","osm_tag_hint":"historic=archaeological_site + archaeological_site=fortification","coord_ref_stated_in":null,"coord_ref_imported_from":null}},{"type":"Feature","geometry":{"type":"Point","coordinates":[17.874961,49.865588]},"properties":{"wikidata":"Q37292748","name":"Slovanské hradiště, osada lidu kultury s kanel. keramikou a popelnicových polí","class":"hillfort","osm_tag_hint":"historic=archaeological_site + archaeological_site=fortification","coord_ref_stated_in":"Q41593640","coord_ref_imported_from":null}},{"type":"Feature","geometry":{"type":"Point","coordinates":[16.641481,49.718922]},"properties":{"wikidata":"Q37172579","name":"Dlouhá Loučka","class":"hillfort","osm_tag_hint":"historic=archaeological_site + archaeological_site=fortification","coord_ref_stated_in":"Q41593640","coord_ref_imported_from":null}},{"type":"Feature","geometry":{"type":"Point","coordinates":[13.735514,50.280069]},"properties":{"wikidata":"Q26161551","name":"Hřivice","class":"hillfort","osm_tag_hint":"historic=archaeological_site + archaeological_site=fortification","coord_ref_stated_in":null,"coord_ref_imported_from":null}},{"type":"Feature","geometry":{"type":"Point","coordinates":[13.658472,49.737886]},"properties":{"wikidata":"Q30223974","name":"Žďár","class":"hillfort","osm_tag_hint":"historic=archaeological_site + archaeological_site=fortification","coord_ref_stated_in":null,"coord_ref_imported_from":null}},{"type":"Feature","geometry":{"type":"Point","coordinates":[14.539552,48.738809]},"properties":{"wikidata":"Q37292856","name":"Hradec u Kaplice","class":"hillfort","osm_tag_hint":"historic=archaeological_site + archaeological_site=fortification","coord_ref_stated_in":"Q41593640","coord_ref_imported_from":null}},{"type":"Feature","geometry":{"type":"Point","coordinates":[16.979967,49.757507]},"properties":{"wikidata":"Q38138611","name":"Hradiště","class":"hillfort","osm_tag_hint":"historic=archaeological_site + archaeological_site=fortification","coord_ref_stated_in":"Q41593640","coord_ref_imported_from":null}},{"type":"Feature","geometry":{"type":"Point","coordinates":[14.916604,49.738552]},"properties":{"wikidata":"Q37294937","name":"Hradiště Hrádek","class":"hillfort","osm_tag_hint":"historic=archaeological_site + archaeological_site=fortification","coord_ref_stated_in":"Q41593640","coord_ref_imported_from":null}},{"type":"Feature","geometry":{"type":"Point","coordinates":[14.765247,50.430578]},"properties":{"wikidata":"Q23662061","name":"Hrádek u Sudoměře","class":"hillfort","osm_tag_hint":"historic=archaeological_site + archaeological_site=fortification","coord_ref_stated_in":null,"coord_ref_imported_from":"Q191168"}},{"type":"Feature","geometry":{"type":"Point","coordinates":[13.184572,49.540258]},"properties":{"wikidata":"Q43470772","name":"Buková","class":"hillfort","osm_tag_hint":"historic=archaeological_site + archaeological_site=fortification","coord_ref_stated_in":null,"coord_ref_imported_from":null}},{"type":"Feature","geometry":{"type":"Point","coordinates":[14.989953,49.930284]},"properties":{"wikidata":"Q37294909","name":"Hryzely","class":"hillfort","osm_tag_hint":"historic=archaeological_site + archaeological_site=fortification","coord_ref_stated_in":"Q41593640","coord_ref_imported_from":null}},{"type":"Feature","geometry":{"type":"Point","coordinates":[13.50533,49.690898]},"properties":{"wikidata":"Q38229973","name":"Hradiště Sedlecká skála","class":"hillfort","osm_tag_hint":"historic=archaeological_site + archaeological_site=fortification","coord_ref_stated_in":null,"coord_ref_imported_from":"Q191168"}},{"type":"Feature","geometry":{"type":"Point","coordinates":[13.699474,49.262725]},"properties":{"wikidata":"Q37341917","name":"Hradiště","class":"hillfort","osm_tag_hint":"historic=archaeological_site + archaeological_site=fortification","coord_ref_stated_in":"Q41593640","coord_ref_imported_from":null}},{"type":"Feature","geometry":{"type":"Point","coordinates":[13.15283,49.803626]},"properties":{"wikidata":"Q42284513","name":"Třebobuz","class":"hillfort","osm_tag_hint":"historic=archaeological_site + archaeological_site=fortification","coord_ref_stated_in":null,"coord_ref_imported_from":null}},{"type":"Feature","geometry":{"type":"Point","coordinates":[16.773478,48.97684]},"properties":{"wikidata":"Q37172228","name":"Halštatské hradiště","class":"hillfort","osm_tag_hint":"historic=archaeological_site + archaeological_site=fortification","coord_ref_stated_in":null,"coord_ref_imported_from":"Q191168"}},{"type":"Feature","geometry":{"type":"Point","coordinates":[14.945155,49.969696]},"properties":{"wikidata":"Q38233042","name":"Ždánice","class":"hillfort","osm_tag_hint":"historic=archaeological_site + archaeological_site=fortification","coord_ref_stated_in":"Q41593640","coord_ref_imported_from":null}},{"type":"Feature","geometry":{"type":"Point","coordinates":[16.645072,48.891517]},"properties":{"wikidata":"Q15980482","name":"Vysoká zahrada","class":"hillfort","osm_tag_hint":"historic=archaeological_site + archaeological_site=fortification","coord_ref_stated_in":null,"coord_ref_imported_from":null}},{"type":"Feature","geometry":{"type":"Point","coordinates":[14.885775,49.866895]},"properties":{"wikidata":"Q38142627","name":"Dojetřice","class":"hillfort","osm_tag_hint":"historic=archaeological_site + archaeological_site=fortification","coord_ref_stated_in":"Q41593640","coord_ref_imported_from":null,"osm_api_check_2026_09_27":"nothing nearby"}},{"type":"Feature","geometry":{"type":"Point","coordinates":[14.328203,49.307577]},"properties":{"wikidata":"Q38089725","name":"hradiště Písecká Smoleč","class":"hillfort","osm_tag_hint":"historic=archaeological_site + archaeological_site=fortification","coord_ref_stated_in":"Q41593640","coord_ref_imported_from":null}},{"type":"Feature","geometry":{"type":"Point","coordinates":[15.541109,49.120695]},"properties":{"wikidata":"Q36858156","name":"Hradiště Červený Hrádek","class":"hillfort","osm_tag_hint":"historic=archaeological_site + archaeological_site=fortification","coord_ref_stated_in":null,"coord_ref_imported_from":"Q191168"}},{"type":"Feature","geometry":{"type":"Point","coordinates":[13.127538,49.602976]},"properties":{"wikidata":"Q43262698","name":"Holýšov","class":"hillfort","osm_tag_hint":"historic=archaeological_site + archaeological_site=fortification","coord_ref_stated_in":null,"coord_ref_imported_from":null,"osm_api_check_2026_09_27":"nothing nearby"}},{"type":"Feature","geometry":{"type":"Point","coordinates":[16.160634,50.347568]},"properties":{"wikidata":"Q38486617","name":"Nové Město nad Metují","class":"hillfort","osm_tag_hint":"historic=archaeological_site + archaeological_site=fortification","coord_ref_stated_in":null,"coord_ref_imported_from":"Q191168"}},{"type":"Feature","geometry":{"type":"Point","coordinates":[12.949401,49.754799]},"properties":{"wikidata":"Q43374247","name":"Otročín","class":"hillfort","osm_tag_hint":"historic=archaeological_site + archaeological_site=fortification","coord_ref_stated_in":null,"coord_ref_imported_from":null}},{"type":"Feature","geometry":{"type":"Point","coordinates":[14.482015,49.084467]},"properties":{"wikidata":"Q37173206","name":"Hradec","class":"hillfort","osm_tag_hint":"historic=archaeological_site + archaeological_site=fortification","coord_ref_stated_in":"Q41593640","coord_ref_imported_from":null}},{"type":"Feature","geometry":{"type":"Point","coordinates":[14.9603,50.084098]},"properties":{"wikidata":"Q38095596","name":"Skramníky","class":"hillfort","osm_tag_hint":"historic=archaeological_site + archaeological_site=fortification","coord_ref_stated_in":null,"coord_ref_imported_from":"Q191168"}},{"type":"Feature","geometry":{"type":"Point","coordinates":[14.584043,50.431357]},"properties":{"wikidata":"Q21039092","name":"Hradsko","class":"hillfort","osm_tag_hint":"historic=archaeological_site + archaeological_site=fortification","coord_ref_stated_in":null,"coord_ref_imported_from":"Q191168"}},{"type":"Feature","geometry":{"type":"Point","coordinates":[17.10093,49.834177]},"properties":{"wikidata":"Q38035774","name":"Halštatské hradiště","class":"hillfort","osm_tag_hint":"historic=archaeological_site + archaeological_site=fortification","coord_ref_stated_in":"Q41593640","coord_ref_imported_from":null}},{"type":"Feature","geometry":{"type":"Point","coordinates":[14.093762,49.168902]},"properties":{"wikidata":"Q38095523","name":"Skočický hrad","class":"hillfort","osm_tag_hint":"historic=archaeological_site + archaeological_site=fortification","coord_ref_stated_in":"Q41593640","coord_ref_imported_from":null}},{"type":"Feature","geometry":{"type":"Point","coordinates":[14.884246,50.455599]},"properties":{"wikidata":"Q37293507","name":"Hrdlořezy","class":"hillfort","osm_tag_hint":"historic=archaeological_site + archaeological_site=fortification","coord_ref_stated_in":"Q41593640","coord_ref_imported_from":null}},{"type":"Feature","geometry":{"type":"Point","coordinates":[13.342847,50.45646]},"properties":{"wikidata":"Q29855145","name":"Černovice","class":"hillfort","osm_tag_hint":"historic=archaeological_site + archaeological_site=fortification","coord_ref_stated_in":null,"coord_ref_imported_from":null}},{"type":"Feature","geometry":{"type":"Point","coordinates":[14.160148,49.338169]},"properties":{"wikidata":"Q38192887","name":"Vrcovice","class":"hillfort","osm_tag_hint":"historic=archaeological_site + archaeological_site=fortification","coord_ref_stated_in":"Q41593640","coord_ref_imported_from":null}},{"type":"Feature","geometry":{"type":"Point","coordinates":[14.042844,50.155914]},"properties":{"wikidata":"Q37460604","name":"Hradiště Na starých zámcích","class":"hillfort","osm_tag_hint":"historic=archaeological_site + archaeological_site=fortification","coord_ref_stated_in":"Q41593640","coord_ref_imported_from":null}},{"type":"Feature","geometry":{"type":"Point","coordinates":[14.290944,50.214753]},"properties":{"wikidata":"Q37820794","name":"Minice","class":"hillfort","osm_tag_hint":"historic=archaeological_site + archaeological_site=fortification","coord_ref_stated_in":"Q41593640","coord_ref_imported_from":null}},{"type":"Feature","geometry":{"type":"Point","coordinates":[13.133443,49.800048]},"properties":{"wikidata":"Q37806783","name":"Luhov","class":"hillfort","osm_tag_hint":"historic=archaeological_site + archaeological_site=fortification","coord_ref_stated_in":"Q41593640","coord_ref_imported_from":null}},{"type":"Feature","geometry":{"type":"Point","coordinates":[12.869602,49.630876]},"properties":{"wikidata":"Q43474466","name":"Darmyšl","class":"hillfort","osm_tag_hint":"historic=archaeological_site + archaeological_site=fortification","coord_ref_stated_in":null,"coord_ref_imported_from":null}},{"type":"Feature","geometry":{"type":"Point","coordinates":[12.965074,49.55678]},"properties":{"wikidata":"Q38049060","name":"Hradiště Na zámku","class":"hillfort","osm_tag_hint":"historic=archaeological_site + archaeological_site=fortification","coord_ref_stated_in":"Q41593640","coord_ref_imported_from":null}},{"type":"Feature","geometry":{"type":"Point","coordinates":[13.065387,49.279292]},"properties":{"wikidata":"Q38141121","name":"Hradiště Hradčany","class":"hillfort","osm_tag_hint":"historic=archaeological_site + archaeological_site=fortification","coord_ref_stated_in":"Q41593640","coord_ref_imported_from":null}},{"type":"Feature","geometry":{"type":"Point","coordinates":[13.115326,49.434313]},"properties":{"wikidata":"Q18630332","name":"Ruchomperk","class":"hillfort","osm_tag_hint":"historic=archaeological_site + archaeological_site=fortification","coord_ref_stated_in":null,"coord_ref_imported_from":null}},{"type":"Feature","geometry":{"type":"Point","coordinates":[12.996796,50.278356]},"properties":{"wikidata":"Q28064721","name":"Radošov","class":"hillfort","osm_tag_hint":"historic=archaeological_site + archaeological_site=fortification","coord_ref_stated_in":null,"coord_ref_imported_from":null}},{"type":"Feature","geometry":{"type":"Point","coordinates":[14.497517,48.853872]},"properties":{"wikidata":"Q37014602","name":"Branišovice","class":"hillfort","osm_tag_hint":"historic=archaeological_site + archaeological_site=fortification","coord_ref_stated_in":"Q41593640","coord_ref_imported_from":null}},{"type":"Feature","geometry":{"type":"Point","coordinates":[17.729189,50.067191]},"properties":{"wikidata":"Q38235036","name":"Hradiště lužické kultury","class":"hillfort","osm_tag_hint":"historic=archaeological_site + archaeological_site=fortification","coord_ref_stated_in":"Q41593640","coord_ref_imported_from":null,"osm_api_check_2026_09_27":"OSM object nearby"}},{"type":"Feature","geometry":{"type":"Point","coordinates":[13.586319,49.829961]},"properties":{"wikidata":"Q38489754","name":"Výšinné neopevněné sídliště Křemenáč","class":"hillfort","osm_tag_hint":"historic=archaeological_site + archaeological_site=fortification","coord_ref_stated_in":null,"coord_ref_imported_from":null}},{"type":"Feature","geometry":{"type":"Point","coordinates":[13.080958,49.822208]},"properties":{"wikidata":"Q42568568","name":"Pernarec","class":"hillfort","osm_tag_hint":"historic=archaeological_site + archaeological_site=fortification","coord_ref_stated_in":null,"coord_ref_imported_from":null}},{"type":"Feature","geometry":{"type":"Point","coordinates":[13.497742,49.815783]},"properties":{"wikidata":"Q29811902","name":"Kozel","class":"hillfort","osm_tag_hint":"historic=archaeological_site + archaeological_site=fortification","coord_ref_stated_in":null,"coord_ref_imported_from":null}},{"type":"Feature","geometry":{"type":"Point","coordinates":[13.530942,49.815603]},"properties":{"wikidata":"Q29733421","name":"Nadryby","class":"hillfort","osm_tag_hint":"historic=archaeological_site + archaeological_site=fortification","coord_ref_stated_in":null,"coord_ref_imported_from":null}},{"type":"Feature","geometry":{"type":"Point","coordinates":[16.914439,49.309519]},"properties":{"wikidata":"Q37322269","name":"Hradiště Na zbitých","class":"hillfort","osm_tag_hint":"historic=archaeological_site + archaeological_site=fortification","coord_ref_stated_in":"Q41593640","coord_ref_imported_from":null}},{"type":"Feature","geometry":{"type":"Point","coordinates":[13.506314,49.916572]},"properties":{"wikidata":"Q29886364","name":"Dolní Hradiště","class":"hillfort","osm_tag_hint":"historic=archaeological_site + archaeological_site=fortification","coord_ref_stated_in":null,"coord_ref_imported_from":null,"osm_api_check_2026_09_27":"nothing nearby"}},{"type":"Feature","geometry":{"type":"Point","coordinates":[14.721994,50.168448]},"properties":{"wikidata":"Q37813095","name":"Hradiště Na Hradišti","class":"hillfort","osm_tag_hint":"historic=archaeological_site + archaeological_site=fortification","coord_ref_stated_in":"Q41593640","coord_ref_imported_from":null}},{"type":"Feature","geometry":{"type":"Point","coordinates":[13.174388,49.79536]},"properties":{"wikidata":"Q29908754","name":"Staré Lipno","class":"hillfort","osm_tag_hint":"historic=archaeological_site + archaeological_site=fortification","coord_ref_stated_in":null,"coord_ref_imported_from":null}},{"type":"Feature","geometry":{"type":"Point","coordinates":[15.300449,50.070065]},"properties":{"wikidata":"Q37027585","name":"Hradiště","class":"hillfort","osm_tag_hint":"historic=archaeological_site + archaeological_site=fortification","coord_ref_stated_in":null,"coord_ref_imported_from":"Q191168"}},{"type":"Feature","geometry":{"type":"Point","coordinates":[13.985833,49.546667]},"properties":{"wikidata":"Q15052173","name":"Bozeň","class":"hillfort","osm_tag_hint":"historic=archaeological_site + archaeological_site=fortification","coord_ref_stated_in":null,"coord_ref_imported_from":"Q48183"}},{"type":"Feature","geometry":{"type":"Point","coordinates":[13.9544,50.5]},"properties":{"wikidata":"Q15703363","name":"Vlastislav","class":"hillfort","osm_tag_hint":"historic=archaeological_site + archaeological_site=fortification","coord_ref_stated_in":null,"coord_ref_imported_from":"Q191168"}},{"type":"Feature","geometry":{"type":"Point","coordinates":[13.983611,50.386389]},"properties":{"wikidata":"Q15703345","name":"Levousy","class":"hillfort","osm_tag_hint":"historic=archaeological_site + archaeological_site=fortification","coord_ref_stated_in":null,"coord_ref_imported_from":null}},{"type":"Feature","geometry":{"type":"Point","coordinates":[16.989112,49.526918]},"properties":{"wikidata":"Q37026923","name":"Hrad u Bílovic","class":"hillfort","osm_tag_hint":"historic=archaeological_site + archaeological_site=fortification","coord_ref_stated_in":"Q41593640","coord_ref_imported_from":null}},{"type":"Feature","geometry":{"type":"Point","coordinates":[13.831565,50.006522]},"properties":{"wikidata":"Q37014758","name":"Propadený zámek","class":"hillfort","osm_tag_hint":"historic=archaeological_site + archaeological_site=fortification","coord_ref_stated_in":null,"coord_ref_imported_from":"Q191168"}},{"type":"Feature","geometry":{"type":"Point","coordinates":[16.015671,48.939496]},"properties":{"wikidata":"Q37275291","name":"Hradiště Královec","class":"hillfort","osm_tag_hint":"historic=archaeological_site + archaeological_site=fortification","coord_ref_stated_in":"Q41593640","coord_ref_imported_from":null}},{"type":"Feature","geometry":{"type":"Point","coordinates":[14.871518,50.402157]},"properties":{"wikidata":"Q37821259","name":"Hradiště V chobotech","class":"hillfort","osm_tag_hint":"historic=archaeological_site + archaeological_site=fortification","coord_ref_stated_in":"Q41593640","coord_ref_imported_from":null}},{"type":"Feature","geometry":{"type":"Point","coordinates":[17.701247,49.583277]},"properties":{"wikidata":"Q38489105","name":"Slovanské hradiště","class":"hillfort","osm_tag_hint":"historic=archaeological_site + archaeological_site=fortification","coord_ref_stated_in":"Q41593640","coord_ref_imported_from":null}},{"type":"Feature","geometry":{"type":"Point","coordinates":[13.118589,49.63463]},"properties":{"wikidata":"Q29877148","name":"Hradec u Stoda","class":"hillfort","osm_tag_hint":"historic=archaeological_site + archaeological_site=fortification","coord_ref_stated_in":null,"coord_ref_imported_from":null}},{"type":"Feature","geometry":{"type":"Point","coordinates":[13.989167,49.811389]},"properties":{"wikidata":"Q29867008","name":"Plešivec","class":"hillfort","osm_tag_hint":"historic=archaeological_site + archaeological_site=fortification","coord_ref_stated_in":null,"coord_ref_imported_from":null}},{"type":"Feature","geometry":{"type":"Point","coordinates":[14.388668,49.974938]},"properties":{"wikidata":"Q38227480","name":"Hradiště Havlín","class":"hillfort","osm_tag_hint":"historic=archaeological_site + archaeological_site=fortification","coord_ref_stated_in":"Q41593640","coord_ref_imported_from":null}},{"type":"Feature","geometry":{"type":"Point","coordinates":[16.060779,49.915376]},"properties":{"wikidata":"Q38135449","name":"Výšinné opevněné sídliště - hradiště","class":"hillfort","osm_tag_hint":"historic=archaeological_site + archaeological_site=fortification","coord_ref_stated_in":"Q41593640","coord_ref_imported_from":null}},{"type":"Feature","geometry":{"type":"Point","coordinates":[16.576659,49.821688]},"properties":{"wikidata":"Q37821096","name":"Mladějov","class":"hillfort","osm_tag_hint":"historic=archaeological_site + archaeological_site=fortification","coord_ref_stated_in":"Q41593640","coord_ref_imported_from":null}},{"type":"Feature","geometry":{"type":"Point","coordinates":[14.126939,49.951474]},"properties":{"wikidata":"Q37005483","name":"Kozel","class":"hillfort","osm_tag_hint":"historic=archaeological_site + archaeological_site=fortification","coord_ref_stated_in":"Q41593640","coord_ref_imported_from":null}},{"type":"Feature","geometry":{"type":"Point","coordinates":[13.943721,49.53113]},"properties":{"wikidata":"Q37819133","name":"Hradec u Hudčic","class":"hillfort","osm_tag_hint":"historic=archaeological_site + archaeological_site=fortification","coord_ref_stated_in":"Q41593640","coord_ref_imported_from":null}},{"type":"Feature","geometry":{"type":"Point","coordinates":[14.873333,49.64185]},"properties":{"wikidata":"Q37805393","name":"Hradiště Velký Blaník","class":"hillfort","osm_tag_hint":"historic=archaeological_site + archaeological_site=fortification","coord_ref_stated_in":null,"coord_ref_imported_from":"Q191168"}},{"type":"Feature","geometry":{"type":"Point","coordinates":[13.870019,50.508586]},"properties":{"wikidata":"Q22905381","name":"Mukov","class":"hillfort","osm_tag_hint":"historic=archaeological_site + archaeological_site=fortification","coord_ref_stated_in":null,"coord_ref_imported_from":null}},{"type":"Feature","geometry":{"type":"Point","coordinates":[13.691873,50.232512]},"properties":{"wikidata":"Q22905670","name":"Na Rovinách","class":"hillfort","osm_tag_hint":"historic=archaeological_site + archaeological_site=fortification","coord_ref_stated_in":"Q12035233","coord_ref_imported_from":null}},{"type":"Feature","geometry":{"type":"Point","coordinates":[15.055149,50.295436]},"properties":{"wikidata":"Q37819428","name":"hradiště Nad Studci a tzv. Malé hradiště","class":"hillfort","osm_tag_hint":"historic=archaeological_site + archaeological_site=fortification","coord_ref_stated_in":"Q41593640","coord_ref_imported_from":null,"osm_api_check_2026_09_27":"nothing nearby"}},{"type":"Feature","geometry":{"type":"Point","coordinates":[14.862878,49.629297]},"properties":{"wikidata":"Q37805398","name":"Hradiště Malý Blaník","class":"hillfort","osm_tag_hint":"historic=archaeological_site + archaeological_site=fortification","coord_ref_stated_in":null,"coord_ref_imported_from":"Q191168"}},{"type":"Feature","geometry":{"type":"Point","coordinates":[14.036968,50.329105]},"properties":{"wikidata":"Q38192449","name":"Hradiště na Čertovce","class":"hillfort","osm_tag_hint":"historic=archaeological_site + archaeological_site=fortification","coord_ref_stated_in":null,"coord_ref_imported_from":"Q191168"}},{"type":"Feature","geometry":{"type":"Point","coordinates":[13.487491,49.323586]},"properties":{"wikidata":"Q38234819","name":"Ústaleč","class":"hillfort","osm_tag_hint":"historic=archaeological_site + archaeological_site=fortification","coord_ref_stated_in":null,"coord_ref_imported_from":"Q191168"}},{"type":"Feature","geometry":{"type":"Point","coordinates":[13.93214,49.06566]},"properties":{"wikidata":"Q37176661","name":"Hradiště","class":"hillfort","osm_tag_hint":"historic=archaeological_site + archaeological_site=fortification","coord_ref_stated_in":null,"coord_ref_imported_from":"Q191168"}},{"type":"Feature","geometry":{"type":"Point","coordinates":[13.9697,50.3717]},"properties":{"wikidata":"Q14971579","name":"Stradonice","class":"hillfort","osm_tag_hint":"historic=archaeological_site + archaeological_site=fortification","coord_ref_stated_in":null,"coord_ref_imported_from":"Q191168"}},{"type":"Feature","geometry":{"type":"Point","coordinates":[13.484215,50.130645]},"properties":{"wikidata":"Q22829799","name":"Hradiště u Bílence","class":"hillfort","osm_tag_hint":"historic=archaeological_site + archaeological_site=fortification","coord_ref_stated_in":null,"coord_ref_imported_from":null}},{"type":"Feature","geometry":{"type":"Point","coordinates":[15.519984,49.963766]},"properties":{"wikidata":"Q34201887","name":"Hradiště nad Semtěší","class":"hillfort","osm_tag_hint":"historic=archaeological_site + archaeological_site=fortification","coord_ref_stated_in":null,"coord_ref_imported_from":null}},{"type":"Feature","geometry":{"type":"Point","coordinates":[13.099024,50.240112]},"properties":{"wikidata":"Q37176974","name":"Hradiště","class":"hillfort","osm_tag_hint":"historic=archaeological_site + archaeological_site=fortification","coord_ref_stated_in":null,"coord_ref_imported_from":"Q191168"}},{"type":"Feature","geometry":{"type":"Point","coordinates":[15.931218,49.141851]},"properties":{"wikidata":"Q38091249","name":"Hradiště Proklaky","class":"hillfort","osm_tag_hint":"historic=archaeological_site + archaeological_site=fortification","coord_ref_stated_in":"Q41593640","coord_ref_imported_from":null}},{"type":"Feature","geometry":{"type":"Point","coordinates":[13.368323,49.947312]},"properties":{"wikidata":"Q29555256","name":"Plasy","class":"hillfort","osm_tag_hint":"historic=archaeological_site + archaeological_site=fortification","coord_ref_stated_in":null,"coord_ref_imported_from":null}},{"type":"Feature","geometry":{"type":"Point","coordinates":[17.118871,49.048629]},"properties":{"wikidata":"Q37010294","name":"Tvrz","class":"hillfort","osm_tag_hint":"historic=archaeological_site + archaeological_site=fortification","coord_ref_stated_in":"Q41593640","coord_ref_imported_from":null}},{"type":"Feature","geometry":{"type":"Point","coordinates":[13.266802,50.121555]},"properties":{"wikidata":"Q29540643","name":"Podštěly","class":"hillfort","osm_tag_hint":"historic=archaeological_site + archaeological_site=fortification","coord_ref_stated_in":null,"coord_ref_imported_from":null}},{"type":"Feature","geometry":{"type":"Point","coordinates":[13.233637,50.097416]},"properties":{"wikidata":"Q29548962","name":"Chyše","class":"hillfort","osm_tag_hint":"historic=archaeological_site + archaeological_site=fortification","coord_ref_stated_in":null,"coord_ref_imported_from":null}},{"type":"Feature","geometry":{"type":"Point","coordinates":[15.163915,49.973982]},"properties":{"wikidata":"Q37008749","name":"Bořetice","class":"hillfort","osm_tag_hint":"historic=archaeological_site + archaeological_site=fortification","coord_ref_stated_in":"Q41593640","coord_ref_imported_from":null}},{"type":"Feature","geometry":{"type":"Point","coordinates":[16.021818,48.92339]},"properties":{"wikidata":"Q37275206","name":"Hradiště Nivky","class":"hillfort","osm_tag_hint":"historic=archaeological_site + archaeological_site=fortification","coord_ref_stated_in":"Q41593640","coord_ref_imported_from":null}},{"type":"Feature","geometry":{"type":"Point","coordinates":[16.721699,49.238704]},"properties":{"wikidata":"Q37021744","name":"Hradisko Chochola","class":"hillfort","osm_tag_hint":"historic=archaeological_site + archaeological_site=fortification","coord_ref_stated_in":"Q41593640","coord_ref_imported_from":null}},{"type":"Feature","geometry":{"type":"Point","coordinates":[14.451849,49.07474]},"properties":{"wikidata":"Q37275001","name":"Hradiště Baba","class":"hillfort","osm_tag_hint":"historic=archaeological_site + archaeological_site=fortification","coord_ref_stated_in":null,"coord_ref_imported_from":null}},{"type":"Feature","geometry":{"type":"Point","coordinates":[15.842,49.414]},"properties":{"wikidata":"Q37819772","name":"Hradiště","class":"hillfort","osm_tag_hint":"historic=archaeological_site + archaeological_site=fortification","coord_ref_stated_in":null,"coord_ref_imported_from":null}},{"type":"Feature","geometry":{"type":"Point","coordinates":[13.121452,50.380448]},"properties":{"wikidata":"Q38047303","name":"Hradiště Burgberk","class":"hillfort","osm_tag_hint":"historic=archaeological_site + archaeological_site=fortification","coord_ref_stated_in":"Q22250265","coord_ref_imported_from":"Q191168"}},{"type":"Feature","geometry":{"type":"Point","coordinates":[14.448926,49.165419]},"properties":{"wikidata":"Q37465323","name":"Hradiště Na hradu","class":"hillfort","osm_tag_hint":"historic=archaeological_site + archaeological_site=fortification","coord_ref_stated_in":"Q41593640","coord_ref_imported_from":null}},{"type":"Feature","geometry":{"type":"Point","coordinates":[16.356145,49.204441]},"properties":{"wikidata":"Q37465462","name":"Hradisko Kozí hřbet","class":"hillfort","osm_tag_hint":"historic=archaeological_site + archaeological_site=fortification","coord_ref_stated_in":null,"coord_ref_imported_from":"Q191168"}},{"type":"Feature","geometry":{"type":"Point","coordinates":[15.883447,49.735087]},"properties":{"wikidata":"Q38140160","name":"Hradiště","class":"hillfort","osm_tag_hint":"historic=archaeological_site + archaeological_site=fortification","coord_ref_stated_in":"Q41593640","coord_ref_imported_from":null}},{"type":"Feature","geometry":{"type":"Point","coordinates":[13.534078,49.599847]},"properties":{"wikidata":"Q37008321","name":"Hradiště Chudinka","class":"hillfort","osm_tag_hint":"historic=archaeological_site + archaeological_site=fortification","coord_ref_stated_in":"Q41593640","coord_ref_imported_from":null}},{"type":"Feature","geometry":{"type":"Point","coordinates":[17.421,49.505]},"properties":{"wikidata":"Q36855327","name":"Staroslovanské hradiště","class":"hillfort","osm_tag_hint":"historic=archaeological_site + archaeological_site=fortification","coord_ref_stated_in":null,"coord_ref_imported_from":"Q191168"}},{"type":"Feature","geometry":{"type":"Point","coordinates":[13.530142,49.812924]},"properties":{"wikidata":"Q29654605","name":"Střapole","class":"hillfort","osm_tag_hint":"historic=archaeological_site + archaeological_site=fortification","coord_ref_stated_in":null,"coord_ref_imported_from":null}},{"type":"Feature","geometry":{"type":"Point","coordinates":[14.179402,49.535622]},"properties":{"wikidata":"Q38191788","name":"Žíkovec","class":"hillfort","osm_tag_hint":"historic=archaeological_site + archaeological_site=fortification","coord_ref_stated_in":"Q41593640","coord_ref_imported_from":null}},{"type":"Feature","geometry":{"type":"Point","coordinates":[16.967096,49.089014]},"properties":{"wikidata":"Q37273868","name":"Hradisko Kepkov","class":"hillfort","osm_tag_hint":"historic=archaeological_site + archaeological_site=fortification","coord_ref_stated_in":"Q41593640","coord_ref_imported_from":null}},{"type":"Feature","geometry":{"type":"Point","coordinates":[13.213997,49.850204]},"properties":{"wikidata":"Q29648142","name":"Všeruby","class":"hillfort","osm_tag_hint":"historic=archaeological_site + archaeological_site=fortification","coord_ref_stated_in":null,"coord_ref_imported_from":null}},{"type":"Feature","geometry":{"type":"Point","coordinates":[13.394913,49.324542]},"properties":{"wikidata":"Q37008896","name":"Hradiště","class":"hillfort","osm_tag_hint":"historic=archaeological_site + archaeological_site=fortification","coord_ref_stated_in":"Q41593640","coord_ref_imported_from":null}},{"type":"Feature","geometry":{"type":"Point","coordinates":[15.307784,49.869803]},"properties":{"wikidata":"Q37468679","name":"Hrádek u Třebonína","class":"hillfort","osm_tag_hint":"historic=archaeological_site + archaeological_site=fortification","coord_ref_stated_in":"Q41593640","coord_ref_imported_from":null}},{"type":"Feature","geometry":{"type":"Point","coordinates":[13.692132,50.352689]},"properties":{"wikidata":"Q22829738","name":"Drahúš","class":"hillfort","osm_tag_hint":"historic=archaeological_site + archaeological_site=fortification","coord_ref_stated_in":null,"coord_ref_imported_from":null}},{"type":"Feature","geometry":{"type":"Point","coordinates":[12.808144,50.211296]},"properties":{"wikidata":"Q26430309","name":"Tašovice","class":"hillfort","osm_tag_hint":"historic=archaeological_site + archaeological_site=fortification","coord_ref_stated_in":null,"coord_ref_imported_from":null}},{"type":"Feature","geometry":{"type":"Point","coordinates":[13.787317,50.607368]},"properties":{"wikidata":"Q22829747","name":"Zabrušany","class":"hillfort","osm_tag_hint":"historic=archaeological_site + archaeological_site=fortification","coord_ref_stated_in":null,"coord_ref_imported_from":null}},{"type":"Feature","geometry":{"type":"Point","coordinates":[15.834366,49.966351]},"properties":{"wikidata":"Q38148521","name":"Topol","class":"hillfort","osm_tag_hint":"historic=archaeological_site + archaeological_site=fortification","coord_ref_stated_in":"Q41593640","coord_ref_imported_from":null}},{"type":"Feature","geometry":{"type":"Point","coordinates":[16.104601,49.139288]},"properties":{"wikidata":"Q37431036","name":"Hradiště","class":"hillfort","osm_tag_hint":"historic=archaeological_site + archaeological_site=fortification","coord_ref_stated_in":null,"coord_ref_imported_from":"Q191168"}},{"type":"Feature","geometry":{"type":"Point","coordinates":[17.666932,50.089514]},"properties":{"wikidata":"Q37432398","name":"Hradiště","class":"hillfort","osm_tag_hint":"historic=archaeological_site + archaeological_site=fortification","coord_ref_stated_in":null,"coord_ref_imported_from":"Q191168"}},{"type":"Feature","geometry":{"type":"Point","coordinates":[13.362148,49.952723]},"properties":{"wikidata":"Q37283873","name":"Hradiště","class":"hillfort","osm_tag_hint":"historic=archaeological_site + archaeological_site=fortification","coord_ref_stated_in":"Q41593640","coord_ref_imported_from":null}},{"type":"Feature","geometry":{"type":"Point","coordinates":[12.675292,50.19122]},"properties":{"wikidata":"Q37443308","name":"Burgberk","class":"hillfort","osm_tag_hint":"historic=archaeological_site + archaeological_site=fortification","coord_ref_stated_in":"Q41593640","coord_ref_imported_from":null}},{"type":"Feature","geometry":{"type":"Point","coordinates":[18.115886,49.581784]},"properties":{"wikidata":"Q125535252","name":"Kotouč","class":"hillfort","osm_tag_hint":"historic=archaeological_site + archaeological_site=fortification","coord_ref_stated_in":null,"coord_ref_imported_from":null}},{"type":"Feature","geometry":{"type":"Point","coordinates":[13.721545,50.355772]},"properties":{"wikidata":"Q27020527","name":"Březno","class":"hillfort","osm_tag_hint":"historic=archaeological_site + archaeological_site=fortification","coord_ref_stated_in":null,"coord_ref_imported_from":null}},{"type":"Feature","geometry":{"type":"Point","coordinates":[17.623637,50.190673]},"properties":{"wikidata":"Q38193818","name":"Slovanské hradiště","class":"hillfort","osm_tag_hint":"historic=archaeological_site + archaeological_site=fortification","coord_ref_stated_in":"Q41593640","coord_ref_imported_from":null}},{"type":"Feature","geometry":{"type":"Point","coordinates":[14.692703,49.267252]},"properties":{"wikidata":"Q38134691","name":"Svákov","class":"hillfort","osm_tag_hint":"historic=archaeological_site + archaeological_site=fortification","coord_ref_stated_in":null,"coord_ref_imported_from":"Q191168"}},{"type":"Feature","geometry":{"type":"Point","coordinates":[13.526409,49.857961]},"properties":{"wikidata":"Q26912264","name":"Radná","class":"hillfort","osm_tag_hint":"historic=archaeological_site + archaeological_site=fortification","coord_ref_stated_in":null,"coord_ref_imported_from":null}},{"type":"Feature","geometry":{"type":"Point","coordinates":[13.982975,49.849258]},"properties":{"wikidata":"Q26911565","name":"Lochovice","class":"hillfort","osm_tag_hint":"historic=archaeological_site + archaeological_site=fortification","coord_ref_stated_in":null,"coord_ref_imported_from":null}},{"type":"Feature","geometry":{"type":"Point","coordinates":[14.049192,49.916187]},"properties":{"wikidata":"Q38148475","name":"Kotýz","class":"hillfort","osm_tag_hint":"historic=archaeological_site + archaeological_site=fortification","coord_ref_stated_in":"Q41593640","coord_ref_imported_from":null}},{"type":"Feature","geometry":{"type":"Point","coordinates":[14.229301,48.819104]},"properties":{"wikidata":"Q37011139","name":"Raciberk","class":"hillfort","osm_tag_hint":"historic=archaeological_site + archaeological_site=fortification","coord_ref_stated_in":"Q41593640","coord_ref_imported_from":null}},{"type":"Feature","geometry":{"type":"Point","coordinates":[15.581956,50.379013]},"properties":{"wikidata":"Q37281231","name":"Slovanské hradiště","class":"hillfort","osm_tag_hint":"historic=archaeological_site + archaeological_site=fortification","coord_ref_stated_in":"Q41593640","coord_ref_imported_from":null}},{"type":"Feature","geometry":{"type":"Point","coordinates":[12.99872,50.28382]},"properties":{"wikidata":"Q28060252","name":"Velichov","class":"hillfort","osm_tag_hint":"historic=archaeological_site + archaeological_site=fortification","coord_ref_stated_in":null,"coord_ref_imported_from":null}},{"type":"Feature","geometry":{"type":"Point","coordinates":[14.196869,49.07405]},"properties":{"wikidata":"Q37817587","name":"Hradiště","class":"hillfort","osm_tag_hint":"historic=archaeological_site + archaeological_site=fortification","coord_ref_stated_in":"Q41593640","coord_ref_imported_from":null}},{"type":"Feature","geometry":{"type":"Point","coordinates":[16.067582,49.915502]},"properties":{"wikidata":"Q38045017","name":"Pěšice","class":"hillfort","osm_tag_hint":"historic=archaeological_site + archaeological_site=fortification","coord_ref_stated_in":"Q41593640","coord_ref_imported_from":null}},{"type":"Feature","geometry":{"type":"Point","coordinates":[14.58448,50.143606]},"properties":{"wikidata":"Q38190690","name":"Hradiště V obůrkách","class":"hillfort","osm_tag_hint":"historic=archaeological_site + archaeological_site=fortification","coord_ref_stated_in":"Q41593640","coord_ref_imported_from":null}},{"type":"Feature","geometry":{"type":"Point","coordinates":[16.058775,48.937795]},"properties":{"wikidata":"Q38047999","name":"Hallstattské hradisko","class":"hillfort","osm_tag_hint":"historic=archaeological_site + archaeological_site=fortification","coord_ref_stated_in":"Q41593640","coord_ref_imported_from":null}},{"type":"Feature","geometry":{"type":"Point","coordinates":[17.948148,49.924284]},"properties":{"wikidata":"Q37425318","name":"Hradiště","class":"hillfort","osm_tag_hint":"historic=archaeological_site + archaeological_site=fortification","coord_ref_stated_in":"Q41593640","coord_ref_imported_from":null}},{"type":"Feature","geometry":{"type":"Point","coordinates":[14.145998,49.924801]},"properties":{"wikidata":"Q37426200","name":"Hradiště Na Brdláku","class":"hillfort","osm_tag_hint":"historic=archaeological_site + archaeological_site=fortification","coord_ref_stated_in":"Q41593640","coord_ref_imported_from":null,"osm_api_check_2026_09_27":"nothing nearby"}},{"type":"Feature","geometry":{"type":"Point","coordinates":[12.907629,50.235009]},"properties":{"wikidata":"Q29549657","name":"Drahovice","class":"hillfort","osm_tag_hint":"historic=archaeological_site + archaeological_site=fortification","coord_ref_stated_in":null,"coord_ref_imported_from":null}},{"type":"Feature","geometry":{"type":"Point","coordinates":[13.89282,49.060478]},"properties":{"wikidata":"Q37851611","name":"Hradiště na Bělči","class":"hillfort","osm_tag_hint":"historic=archaeological_site + archaeological_site=fortification","coord_ref_stated_in":null,"coord_ref_imported_from":"Q191168"}},{"type":"Feature","geometry":{"type":"Point","coordinates":[14.699843,50.02254]},"properties":{"wikidata":"Q36998854","name":"hradiště Březí","class":"hillfort","osm_tag_hint":"historic=archaeological_site + archaeological_site=fortification","coord_ref_stated_in":"Q41593640","coord_ref_imported_from":null}},{"type":"Feature","geometry":{"type":"Point","coordinates":[13.876802,50.536582]},"properties":{"wikidata":"Q37812505","name":"Štěpánov","class":"hillfort","osm_tag_hint":"historic=archaeological_site + archaeological_site=fortification","coord_ref_stated_in":"Q41593640","coord_ref_imported_from":null}},{"type":"Feature","geometry":{"type":"Point","coordinates":[14.98037,50.000381]},"properties":{"wikidata":"Q37428225","name":"Hradiště u svatého Jiří","class":"hillfort","osm_tag_hint":"historic=archaeological_site + archaeological_site=fortification","coord_ref_stated_in":"Q41593640","coord_ref_imported_from":null}},{"type":"Feature","geometry":{"type":"Point","coordinates":[14.987081,49.996047]},"properties":{"wikidata":"Q37428239","name":"U svatého Vojtěcha","class":"hillfort","osm_tag_hint":"historic=archaeological_site + archaeological_site=fortification","coord_ref_stated_in":"Q41593640","coord_ref_imported_from":null}},{"type":"Feature","geometry":{"type":"Point","coordinates":[13.326586,50.365442]},"properties":{"wikidata":"Q21858409","name":"Hradec u Kadaně","class":"hillfort","osm_tag_hint":"historic=archaeological_site + archaeological_site=fortification","coord_ref_stated_in":null,"coord_ref_imported_from":null}},{"type":"Feature","geometry":{"type":"Point","coordinates":[13.779757,50.546567]},"properties":{"wikidata":"Q21858412","name":"Bílina","class":"hillfort","osm_tag_hint":"historic=archaeological_site + archaeological_site=fortification","coord_ref_stated_in":null,"coord_ref_imported_from":null}},{"type":"Feature","geometry":{"type":"Point","coordinates":[14.554104,50.245571]},"properties":{"wikidata":"Q37429152","name":"Kozly","class":"hillfort","osm_tag_hint":"historic=archaeological_site + archaeological_site=fortification","coord_ref_stated_in":null,"coord_ref_imported_from":"Q191168"}},{"type":"Feature","geometry":{"type":"Point","coordinates":[13.607961,50.337306]},"properties":{"wikidata":"Q38093173","name":"Hradiště","class":"hillfort","osm_tag_hint":"historic=archaeological_site + archaeological_site=fortification","coord_ref_stated_in":null,"coord_ref_imported_from":"Q191168"}},{"type":"Feature","geometry":{"type":"Point","coordinates":[13.591744,49.103639]},"properties":{"wikidata":"Q1384201","name":"Obří hrad","class":"hillfort","osm_tag_hint":"historic=archaeological_site + archaeological_site=fortification","coord_ref_stated_in":null,"coord_ref_imported_from":"Q48183"}},{"type":"Feature","geometry":{"type":"Point","coordinates":[13.447744,49.771741]},"properties":{"wikidata":"Q29938103","name":"Bukovec","class":"hillfort","osm_tag_hint":"historic=archaeological_site + archaeological_site=fortification","coord_ref_stated_in":null,"coord_ref_imported_from":null}},{"type":"Feature","geometry":{"type":"Point","coordinates":[16.646396,49.672858]},"properties":{"wikidata":"Q38197646","name":"Hradiště u Mařína","class":"hillfort","osm_tag_hint":"historic=archaeological_site + archaeological_site=fortification","coord_ref_stated_in":"Q41593640","coord_ref_imported_from":null}},{"type":"Feature","geometry":{"type":"Point","coordinates":[13.879437,49.068915]},"properties":{"wikidata":"Q37453718","name":"Hradiště","class":"hillfort","osm_tag_hint":"historic=archaeological_site + archaeological_site=fortification","coord_ref_stated_in":"Q41593640","coord_ref_imported_from":null}},{"type":"Feature","geometry":{"type":"Point","coordinates":[13.013332,50.292133]},"properties":{"wikidata":"Q38191623","name":"Burgstadt","class":"hillfort","osm_tag_hint":"historic=archaeological_site + archaeological_site=fortification","coord_ref_stated_in":"Q41593640","coord_ref_imported_from":null}},{"type":"Feature","geometry":{"type":"Point","coordinates":[14.294071,49.333925]},"properties":{"wikidata":"Q37028028","name":"Chřešťovice","class":"hillfort","osm_tag_hint":"historic=archaeological_site + archaeological_site=fortification","coord_ref_stated_in":"Q41593640","coord_ref_imported_from":null}},{"type":"Feature","geometry":{"type":"Point","coordinates":[17.638374,49.326137]},"properties":{"wikidata":"Q38046337","name":"Hradiště Hrádek","class":"hillfort","osm_tag_hint":"historic=archaeological_site + archaeological_site=fortification","coord_ref_stated_in":"Q41593640","coord_ref_imported_from":null}},{"type":"Feature","geometry":{"type":"Point","coordinates":[13.508967,49.475654]},"properties":{"wikidata":"Q29938037","name":"Obrovo hradiště","class":"hillfort","osm_tag_hint":"historic=archaeological_site + archaeological_site=fortification","coord_ref_stated_in":null,"coord_ref_imported_from":null}},{"type":"Feature","geometry":{"type":"Point","coordinates":[13.031558,49.881644]},"properties":{"wikidata":"Q29938006","name":"Ostrov u Bezdružic","class":"hillfort","osm_tag_hint":"historic=archaeological_site + archaeological_site=fortification","coord_ref_stated_in":null,"coord_ref_imported_from":null}},{"type":"Feature","geometry":{"type":"Point","coordinates":[14.14629,49.015778]},"properties":{"wikidata":"Q38144734","name":"Velký hrádeček","class":"hillfort","osm_tag_hint":"historic=archaeological_site + archaeological_site=fortification","coord_ref_stated_in":null,"coord_ref_imported_from":"Q191168"}},{"type":"Feature","geometry":{"type":"Point","coordinates":[16.445644,49.147997]},"properties":{"wikidata":"Q38148254","name":"hradiště Tetčice","class":"hillfort","osm_tag_hint":"historic=archaeological_site + archaeological_site=fortification","coord_ref_stated_in":null,"coord_ref_imported_from":null}},{"type":"Feature","geometry":{"type":"Point","coordinates":[13.943506,50.084533]},"properties":{"wikidata":"Q37456314","name":"Hradiště Šance","class":"hillfort","osm_tag_hint":"historic=archaeological_site + archaeological_site=fortification","coord_ref_stated_in":"Q41593640","coord_ref_imported_from":null}},{"type":"Feature","geometry":{"type":"Point","coordinates":[14.283674,50.607338]},"properties":{"wikidata":"Q37457007","name":"Hradiště Hradec","class":"hillfort","osm_tag_hint":"historic=archaeological_site + archaeological_site=fortification","coord_ref_stated_in":"Q41593640","coord_ref_imported_from":null}},{"type":"Feature","geometry":{"type":"Point","coordinates":[13.260573,49.491753]},"properties":{"wikidata":"Q37457024","name":"Lhovice","class":"hillfort","osm_tag_hint":"historic=archaeological_site + archaeological_site=fortification","coord_ref_stated_in":"Q41593640","coord_ref_imported_from":null,"osm_api_check_2026_09_27":"OSM object nearby"}},{"type":"Feature","geometry":{"type":"Point","coordinates":[13.834708,49.331688]},"properties":{"wikidata":"Q38145996","name":"Zámek","class":"hillfort","osm_tag_hint":"historic=archaeological_site + archaeological_site=fortification","coord_ref_stated_in":"Q41593640","coord_ref_imported_from":null}},{"type":"Feature","geometry":{"type":"Point","coordinates":[16.092177,49.969896]},"properties":{"wikidata":"Q38141364","name":"Vraclav","class":"hillfort","osm_tag_hint":"historic=archaeological_site + archaeological_site=fortification","coord_ref_stated_in":"Q41593640","coord_ref_imported_from":null}},{"type":"Feature","geometry":{"type":"Point","coordinates":[13.620023,49.811176]},"properties":{"wikidata":"Q29950783","name":"Březina","class":"hillfort","osm_tag_hint":"historic=archaeological_site + archaeological_site=fortification","coord_ref_stated_in":null,"coord_ref_imported_from":null}},{"type":"Feature","geometry":{"type":"Point","coordinates":[14.927554,50.390786]},"properties":{"wikidata":"Q37029194","name":"Hradiště Švédské šance","class":"hillfort","osm_tag_hint":"historic=archaeological_site + archaeological_site=fortification","coord_ref_stated_in":"Q41593640","coord_ref_imported_from":null}},{"type":"Feature","geometry":{"type":"Point","coordinates":[13.67875,49.599387]},"properties":{"wikidata":"Q38236634","name":"Hradiště Kokšín","class":"hillfort","osm_tag_hint":"historic=archaeological_site + archaeological_site=fortification","coord_ref_stated_in":"Q41593640","coord_ref_imported_from":null}},{"type":"Feature","geometry":{"type":"Point","coordinates":[14.445103,49.962847]},"properties":{"wikidata":"Q37175546","name":"Hradišťátko","class":"hillfort","osm_tag_hint":"historic=archaeological_site + archaeological_site=fortification","coord_ref_stated_in":null,"coord_ref_imported_from":"Q191168"}},{"type":"Feature","geometry":{"type":"Point","coordinates":[14.996846,50.067629]},"properties":{"wikidata":"Q38090405","name":"Radim","class":"hillfort","osm_tag_hint":"historic=archaeological_site + archaeological_site=fortification","coord_ref_stated_in":"Q41593640","coord_ref_imported_from":null}},{"type":"Feature","geometry":{"type":"Point","coordinates":[15.252442,49.92891]},"properties":{"wikidata":"Q37450401","name":"Dänemark","class":"hillfort","osm_tag_hint":"historic=archaeological_site + archaeological_site=fortification","coord_ref_stated_in":"Q41593640","coord_ref_imported_from":null}},{"type":"Feature","geometry":{"type":"Point","coordinates":[13.286067,49.958312]},"properties":{"wikidata":"Q37279725","name":"Hodovíz","class":"hillfort","osm_tag_hint":"historic=archaeological_site + archaeological_site=fortification","coord_ref_stated_in":"Q41593640","coord_ref_imported_from":null}},{"type":"Feature","geometry":{"type":"Point","coordinates":[16.4224,48.8205]},"properties":{"wikidata":"Q125590384","name":"Hradiště u Hrušovan nad Jevišovkou","class":"hillfort","osm_tag_hint":"historic=archaeological_site + archaeological_site=fortification","coord_ref_stated_in":null,"coord_ref_imported_from":null}},{"type":"Feature","geometry":{"type":"Point","coordinates":[15.472093,49.148982]},"properties":{"wikidata":"Q38090425","name":"Kočičí zámek","class":"hillfort","osm_tag_hint":"historic=archaeological_site + archaeological_site=fortification","coord_ref_stated_in":"Q41593640","coord_ref_imported_from":null}},{"type":"Feature","geometry":{"type":"Point","coordinates":[14.881332,50.056441]},"properties":{"wikidata":"Q38045811","name":"Přistoupim","class":"hillfort","osm_tag_hint":"historic=archaeological_site + archaeological_site=fortification","coord_ref_stated_in":"Q41593640","coord_ref_imported_from":null}},{"type":"Feature","geometry":{"type":"Point","coordinates":[12.824108,49.566513]},"properties":{"wikidata":"Q29964036","name":"Tasnovice","class":"hillfort","osm_tag_hint":"historic=archaeological_site + archaeological_site=fortification","coord_ref_stated_in":null,"coord_ref_imported_from":null}},{"type":"Feature","geometry":{"type":"Point","coordinates":[14.468083,49.291506]},"properties":{"wikidata":"Q2240221","name":"zámek Bechyně","class":"hillfort","osm_tag_hint":"historic=archaeological_site + archaeological_site=fortification","coord_ref_stated_in":null,"coord_ref_imported_from":"Q48183"}},{"type":"Feature","geometry":{"type":"Point","coordinates":[13.385687,49.545794]},"properties":{"wikidata":"Q38090450","name":"Hradiště Jindřín","class":"hillfort","osm_tag_hint":"historic=archaeological_site + archaeological_site=fortification","coord_ref_stated_in":"Q41593640","coord_ref_imported_from":null,"osm_api_check_2026_09_27":"OSM object nearby"}},{"type":"Feature","geometry":{"type":"Point","coordinates":[13.868213,49.099328]},"properties":{"wikidata":"Q37452504","name":"Věnec","class":"hillfort","osm_tag_hint":"historic=archaeological_site + archaeological_site=fortification","coord_ref_stated_in":"Q41593640","coord_ref_imported_from":null}},{"type":"Feature","geometry":{"type":"Point","coordinates":[14.817852,50.052842]},"properties":{"wikidata":"Q38148384","name":"Tismice","class":"hillfort","osm_tag_hint":"historic=archaeological_site + archaeological_site=fortification","coord_ref_stated_in":"Q41593640","coord_ref_imported_from":null}},{"type":"Feature","geometry":{"type":"Point","coordinates":[14.06575,50.059111]},"properties":{"wikidata":"Q37818321","name":"Hradiště Na vysokém vrchu","class":"hillfort","osm_tag_hint":"historic=archaeological_site + archaeological_site=fortification","coord_ref_stated_in":"Q41593640","coord_ref_imported_from":null}},{"type":"Feature","geometry":{"type":"Point","coordinates":[15.304791,49.966787]},"properties":{"wikidata":"Q37818432","name":"Slavníkovské hradiště","class":"hillfort","osm_tag_hint":"historic=archaeological_site + archaeological_site=fortification","coord_ref_stated_in":"Q41593640","coord_ref_imported_from":null}},{"type":"Feature","geometry":{"type":"Point","coordinates":[15.795551,49.951504]},"properties":{"wikidata":"Q99693293","name":"Chrudim","class":"hillfort","osm_tag_hint":"historic=archaeological_site + archaeological_site=fortification","coord_ref_stated_in":null,"coord_ref_imported_from":null}},{"type":"Feature","geometry":{"type":"Point","coordinates":[14.0954,50.2318]},"properties":{"wikidata":"Q62026611","name":"Slánská hora","class":"hillfort","osm_tag_hint":"historic=archaeological_site + archaeological_site=fortification","coord_ref_stated_in":null,"coord_ref_imported_from":null}},{"type":"Feature","geometry":{"type":"Point","coordinates":[14.812535,49.404878]},"properties":{"wikidata":"Q95947426","name":"Chýnov","class":"hillfort","osm_tag_hint":"historic=archaeological_site + archaeological_site=fortification","coord_ref_stated_in":null,"coord_ref_imported_from":null}},{"type":"Feature","geometry":{"type":"Point","coordinates":[13.903617,49.672475]},"properties":{"wikidata":"Q62075679","name":"Hradiště na Zavírce","class":"hillfort","osm_tag_hint":"historic=archaeological_site + archaeological_site=fortification","coord_ref_stated_in":null,"coord_ref_imported_from":null}},{"type":"Feature","geometry":{"type":"Point","coordinates":[13.543254,50.331405]},"properties":{"wikidata":"Q96213122","name":"Žatec","class":"hillfort","osm_tag_hint":"historic=archaeological_site + archaeological_site=fortification","coord_ref_stated_in":null,"coord_ref_imported_from":null}},{"type":"Feature","geometry":{"type":"Point","coordinates":[12.756094,49.569189]},"properties":{"wikidata":"Q50879109","name":"Svržno","class":"hillfort","osm_tag_hint":"historic=archaeological_site + archaeological_site=fortification","coord_ref_stated_in":null,"coord_ref_imported_from":null}},{"type":"Feature","geometry":{"type":"Point","coordinates":[18.589162,49.788156]},"properties":{"wikidata":"Q9344291","name":"Starý Těšín","class":"hillfort","osm_tag_hint":"historic=archaeological_site + archaeological_site=fortification","coord_ref_stated_in":"Q41593640","coord_ref_imported_from":null}},{"type":"Feature","geometry":{"type":"Point","coordinates":[12.903911,49.612579]},"properties":{"wikidata":"Q46379765","name":"Mířkov","class":"hillfort","osm_tag_hint":"historic=archaeological_site + archaeological_site=fortification","coord_ref_stated_in":null,"coord_ref_imported_from":null}},{"type":"Feature","geometry":{"type":"Point","coordinates":[16.396346,49.30097]},"properties":{"wikidata":"Q57262657","name":"hradiště Lažánky","class":"hillfort","osm_tag_hint":"historic=archaeological_site + archaeological_site=fortification","coord_ref_stated_in":null,"coord_ref_imported_from":null}},{"type":"Feature","geometry":{"type":"Point","coordinates":[15.130088,50.217062]},"properties":{"wikidata":"Q56055229","name":"Havraň","class":"hillfort","osm_tag_hint":"historic=archaeological_site + archaeological_site=fortification","coord_ref_stated_in":null,"coord_ref_imported_from":null}},{"type":"Feature","geometry":{"type":"Point","coordinates":[15.832012,50.210916]},"properties":{"wikidata":"Q99481889","name":"Hradec Králové (hradiště)","class":"hillfort","osm_tag_hint":"historic=archaeological_site + archaeological_site=fortification","coord_ref_stated_in":null,"coord_ref_imported_from":null}},{"type":"Feature","geometry":{"type":"Point","coordinates":[14.127946,50.532442]},"properties":{"wikidata":"Q99693587","name":"Litoměřice","class":"hillfort","osm_tag_hint":"historic=archaeological_site + archaeological_site=fortification","coord_ref_stated_in":null,"coord_ref_imported_from":null}},{"type":"Feature","geometry":{"type":"Point","coordinates":[16.324244,49.132794]},"properties":{"wikidata":"Q97312911","name":"Dvorek","class":"hillfort","osm_tag_hint":"historic=archaeological_site + archaeological_site=fortification","coord_ref_stated_in":null,"coord_ref_imported_from":null}},{"type":"Feature","geometry":{"type":"Point","coordinates":[15.33096,50.381582]},"properties":{"wikidata":"Q96637929","name":"Kostelec","class":"hillfort","osm_tag_hint":"historic=archaeological_site + archaeological_site=fortification","coord_ref_stated_in":null,"coord_ref_imported_from":null}},{"type":"Feature","geometry":{"type":"Point","coordinates":[15.319741,50.372377]},"properties":{"wikidata":"Q96636873","name":"Dolany","class":"hillfort","osm_tag_hint":"historic=archaeological_site + archaeological_site=fortification","coord_ref_stated_in":null,"coord_ref_imported_from":"Q191168"}},{"type":"Feature","geometry":{"type":"Point","coordinates":[17.017017,49.590725]},"properties":{"wikidata":"Q92392604","name":"Rmíz","class":"hillfort","osm_tag_hint":"historic=archaeological_site + archaeological_site=fortification","coord_ref_stated_in":null,"coord_ref_imported_from":null}},{"type":"Feature","geometry":{"type":"Point","coordinates":[16.32816,49.12908]},"properties":{"wikidata":"Q96621137","name":"Náporky","class":"hillfort","osm_tag_hint":"historic=archaeological_site + archaeological_site=fortification","coord_ref_stated_in":null,"coord_ref_imported_from":null}},{"type":"Feature","geometry":{"type":"Point","coordinates":[15.815544,49.954698]},"properties":{"wikidata":"Q96480374","name":"Pumberka","class":"hillfort","osm_tag_hint":"historic=archaeological_site + archaeological_site=fortification","coord_ref_stated_in":null,"coord_ref_imported_from":null}},{"type":"Feature","geometry":{"type":"Point","coordinates":[13.349532,49.963658]},"properties":{"wikidata":"Q96279785","name":"Ondřejov","class":"hillfort","osm_tag_hint":"historic=archaeological_site + archaeological_site=fortification","coord_ref_stated_in":null,"coord_ref_imported_from":null}},{"type":"Feature","geometry":{"type":"Point","coordinates":[14.631164,49.770958]},"properties":{"wikidata":"Q90885445","name":"hradiště Chvojen","class":"hillfort","osm_tag_hint":"historic=archaeological_site + archaeological_site=fortification","coord_ref_stated_in":null,"coord_ref_imported_from":null}},{"type":"Feature","geometry":{"type":"Point","coordinates":[14.04486,49.863233]},"properties":{"wikidata":"Q56692030","name":"Košík","class":"hillfort","osm_tag_hint":"historic=archaeological_site + archaeological_site=fortification","coord_ref_stated_in":null,"coord_ref_imported_from":null}},{"type":"Feature","geometry":{"type":"Point","coordinates":[12.963036,49.420343]},"properties":{"wikidata":"Q51618086","name":"Tuhošť","class":"hillfort","osm_tag_hint":"historic=archaeological_site + archaeological_site=fortification","coord_ref_stated_in":null,"coord_ref_imported_from":null,"osm_api_check_2026_09_27":"nothing nearby"}},{"type":"Feature","geometry":{"type":"Point","coordinates":[13.123897,49.512461]},"properties":{"wikidata":"Q47013128","name":"Srbice","class":"hillfort","osm_tag_hint":"historic=archaeological_site + archaeological_site=fortification","coord_ref_stated_in":null,"coord_ref_imported_from":null}},{"type":"Feature","geometry":{"type":"Point","coordinates":[13.51383,49.761134]},"properties":{"wikidata":"Q47035482","name":"Dýšina","class":"hillfort","osm_tag_hint":"historic=archaeological_site + archaeological_site=fortification","coord_ref_stated_in":null,"coord_ref_imported_from":null}},{"type":"Feature","geometry":{"type":"Point","coordinates":[13.746205,49.945984]},"properties":{"wikidata":"Q47013883","name":"Čilá","class":"hillfort","osm_tag_hint":"historic=archaeological_site + archaeological_site=fortification","coord_ref_stated_in":null,"coord_ref_imported_from":null}},{"type":"Feature","geometry":{"type":"Point","coordinates":[13.118068,49.553579]},"properties":{"wikidata":"Q47088309","name":"Krchleby","class":"hillfort","osm_tag_hint":"historic=archaeological_site + archaeological_site=fortification","coord_ref_stated_in":null,"coord_ref_imported_from":null}},{"type":"Feature","geometry":{"type":"Point","coordinates":[13.17163,49.611096]},"properties":{"wikidata":"Q47145453","name":"Líšina","class":"hillfort","osm_tag_hint":"historic=archaeological_site + archaeological_site=fortification","coord_ref_stated_in":null,"coord_ref_imported_from":null}},{"type":"Feature","geometry":{"type":"Point","coordinates":[13.177544,49.500554]},"properties":{"wikidata":"Q47155536","name":"Přetín","class":"hillfort","osm_tag_hint":"historic=archaeological_site + archaeological_site=fortification","coord_ref_stated_in":null,"coord_ref_imported_from":null}},{"type":"Feature","geometry":{"type":"Point","coordinates":[13.860271,50.597787]},"properties":{"wikidata":"Q97435013","name":"Dolánky","class":"hillfort","osm_tag_hint":"historic=archaeological_site + archaeological_site=fortification","coord_ref_stated_in":null,"coord_ref_imported_from":null}},{"type":"Feature","geometry":{"type":"Point","coordinates":[12.891282,49.512911]},"properties":{"wikidata":"Q47012835","name":"Meclov","class":"hillfort","osm_tag_hint":"historic=archaeological_site + archaeological_site=fortification","coord_ref_stated_in":null,"coord_ref_imported_from":null}},{"type":"Feature","geometry":{"type":"Point","coordinates":[13.695713,50.270708]},"properties":{"wikidata":"Q97435520","name":"Markvarec","class":"hillfort","osm_tag_hint":"historic=archaeological_site + archaeological_site=fortification","coord_ref_stated_in":null,"coord_ref_imported_from":null}},{"type":"Feature","geometry":{"type":"Point","coordinates":[16.362431,49.069088]},"properties":{"wikidata":"Q52159930","name":"Hradiště Budkovice","class":"hillfort","osm_tag_hint":"historic=archaeological_site + archaeological_site=fortification","coord_ref_stated_in":null,"coord_ref_imported_from":null}},{"type":"Feature","geometry":{"type":"Point","coordinates":[15.43349,50.321755]},"properties":{"wikidata":"Q71525522","name":"Velešice","class":"hillfort","osm_tag_hint":"historic=archaeological_site + archaeological_site=fortification","coord_ref_stated_in":null,"coord_ref_imported_from":null}},{"type":"Feature","geometry":{"type":"Point","coordinates":[14.016944,49.322121]},"properties":{"wikidata":"Q98553611","name":"Žižkův vrch","class":"hillfort","osm_tag_hint":"historic=archaeological_site + archaeological_site=fortification","coord_ref_stated_in":null,"coord_ref_imported_from":null}},{"type":"Feature","geometry":{"type":"Point","coordinates":[16.318919,49.066158]},"properties":{"wikidata":"Q12049646","name":"Rokyten","class":"hillfort","osm_tag_hint":"historic=archaeological_site + archaeological_site=fortification","coord_ref_stated_in":null,"coord_ref_imported_from":null}},{"type":"Feature","geometry":{"type":"Point","coordinates":[13.999983,49.994091]},"properties":{"wikidata":"Q110291420","name":"Hradiště","class":"hillfort","osm_tag_hint":"historic=archaeological_site + archaeological_site=fortification","coord_ref_stated_in":null,"coord_ref_imported_from":null}},{"type":"Feature","geometry":{"type":"Point","coordinates":[14.356127,50.039936]},"properties":{"wikidata":"Q38486639","name":"Hradiště Butovice","class":"hillfort","osm_tag_hint":"historic=archaeological_site + archaeological_site=fortification","coord_ref_stated_in":null,"coord_ref_imported_from":"Q191168"}},{"type":"Feature","geometry":{"type":"Point","coordinates":[15.241723,49.935294]},"properties":{"wikidata":"Q28152342","name":"neolitický sídelní areál Bylany","class":"hillfort","osm_tag_hint":"historic=archaeological_site + archaeological_site=fortification","coord_ref_stated_in":null,"coord_ref_imported_from":null}},{"type":"Feature","geometry":{"type":"Point","coordinates":[16.635873,48.805109]},"properties":{"wikidata":"Q55766475","name":"Aškenázská synagoga","class":"synagogue","osm_tag_hint":"building=synagogue / amenity=place_of_worship + religion=jewish","coord_ref_stated_in":null,"coord_ref_imported_from":null}},{"type":"Feature","geometry":{"type":"Point","coordinates":[18.762514,49.576069]},"properties":{"wikidata":"Q136276774","name":"Židovský dům v Jablunkově","class":"synagogue","osm_tag_hint":"building=synagogue / amenity=place_of_worship + religion=jewish","coord_ref_stated_in":null,"coord_ref_imported_from":null}},{"type":"Feature","geometry":{"type":"Point","coordinates":[13.8992,50.1519]},"properties":{"wikidata":"Q12432522","name":"Synagoga v Novém Strašecí","class":"synagogue","osm_tag_hint":"building=synagogue / amenity=place_of_worship + religion=jewish","coord_ref_stated_in":null,"coord_ref_imported_from":"Q191168"}},{"type":"Feature","geometry":{"type":"Point","coordinates":[14.4916,49.3781]},"properties":{"wikidata":"Q12057943","name":"Synagoga ve Stádlci","class":"synagogue","osm_tag_hint":"building=synagogue / amenity=place_of_worship + religion=jewish","coord_ref_stated_in":null,"coord_ref_imported_from":"Q191168"}},{"type":"Feature","geometry":{"type":"Point","coordinates":[13.3907,49.2648]},"properties":{"wikidata":"Q12057948","name":"synagoga ve Velharticích","class":"synagogue","osm_tag_hint":"building=synagogue / amenity=place_of_worship + religion=jewish","coord_ref_stated_in":null,"coord_ref_imported_from":"Q191168"}},{"type":"Feature","geometry":{"type":"Point","coordinates":[13.1209,49.7786]},"properties":{"wikidata":"Q12057917","name":"synagoga v Pňovanech","class":"synagogue","osm_tag_hint":"building=synagogue / amenity=place_of_worship + religion=jewish","coord_ref_stated_in":null,"coord_ref_imported_from":"Q191168"}},{"type":"Feature","geometry":{"type":"Point","coordinates":[14.1036,50.1462]},"properties":{"wikidata":"Q12057840","name":"Synagoga v Kladně","class":"synagogue","osm_tag_hint":"building=synagogue / amenity=place_of_worship + religion=jewish","coord_ref_stated_in":null,"coord_ref_imported_from":"Q191168"}},{"type":"Feature","geometry":{"type":"Point","coordinates":[13.5408,49.5825]},"properties":{"wikidata":"Q12057845","name":"Synagoga v Blovicích","class":"synagogue","osm_tag_hint":"building=synagogue / amenity=place_of_worship + religion=jewish","coord_ref_stated_in":null,"coord_ref_imported_from":"Q191168"}},{"type":"Feature","geometry":{"type":"Point","coordinates":[14.896,49.4683]},"properties":{"wikidata":"Q12057842","name":"Synagoga v Babčicích","class":"synagogue","osm_tag_hint":"building=synagogue / amenity=place_of_worship + religion=jewish","coord_ref_stated_in":null,"coord_ref_imported_from":"Q191168"}},{"type":"Feature","geometry":{"type":"Point","coordinates":[12.801,49.6277]},"properties":{"wikidata":"Q12057844","name":"Synagoga v Bernarticích","class":"synagogue","osm_tag_hint":"building=synagogue / amenity=place_of_worship + religion=jewish","coord_ref_stated_in":null,"coord_ref_imported_from":"Q191168"}},{"type":"Feature","geometry":{"type":"Point","coordinates":[15.499794,49.513072]},"properties":{"wikidata":"Q12057930","name":"Synagoga v Úsobí","class":"synagogue","osm_tag_hint":"building=synagogue / amenity=place_of_worship + religion=jewish","coord_ref_stated_in":null,"coord_ref_imported_from":"Q191168"}},{"type":"Feature","geometry":{"type":"Point","coordinates":[14.0389,50.6583]},"properties":{"wikidata":"Q12057931","name":"Synagoga v Ústí nad Labem","class":"synagogue","osm_tag_hint":"building=synagogue / amenity=place_of_worship + religion=jewish","coord_ref_stated_in":null,"coord_ref_imported_from":"Q191168"}},{"type":"Feature","geometry":{"type":"Point","coordinates":[16.3139,48.9453]},"properties":{"wikidata":"Q12432499","name":"Synagoga v Miroslavi","class":"synagogue","osm_tag_hint":"building=synagogue / amenity=place_of_worship + religion=jewish","coord_ref_stated_in":null,"coord_ref_imported_from":"Q191168"}},{"type":"Feature","geometry":{"type":"Point","coordinates":[12.8804,49.506]},"properties":{"wikidata":"Q12057899","name":"Synagoga v Meclově","class":"synagogue","osm_tag_hint":"building=synagogue / amenity=place_of_worship + religion=jewish","coord_ref_stated_in":null,"coord_ref_imported_from":"Q191168"}},{"type":"Feature","geometry":{"type":"Point","coordinates":[15.405378,49.667772]},"properties":{"wikidata":"Q12057945","name":"Synagoga ve Světlé nad Sázavou","class":"synagogue","osm_tag_hint":"building=synagogue / amenity=place_of_worship + religion=jewish","coord_ref_stated_in":null,"coord_ref_imported_from":"Q191168"}},{"type":"Feature","geometry":{"type":"Point","coordinates":[12.910094,49.765621]},"properties":{"wikidata":"Q12057946","name":"Synagoga ve Svojšíně","class":"synagogue","osm_tag_hint":"building=synagogue / amenity=place_of_worship + religion=jewish","coord_ref_stated_in":null,"coord_ref_imported_from":null,"osm_api_check_2026_09_27":"nothing nearby"}},{"type":"Feature","geometry":{"type":"Point","coordinates":[13.6177,49.28]},"properties":{"wikidata":"Q12057916","name":"Synagoga v Rabí","class":"synagogue","osm_tag_hint":"building=synagogue / amenity=place_of_worship + religion=jewish","coord_ref_stated_in":null,"coord_ref_imported_from":"Q191168","osm_api_check_2026_09_27":"nothing nearby"}},{"type":"Feature","geometry":{"type":"Point","coordinates":[15.297557,50.205939]},"properties":{"wikidata":"Q110222814","name":"Husův sbor Městec Králové","class":"synagogue","osm_tag_hint":"building=synagogue / amenity=place_of_worship + religion=jewish","coord_ref_stated_in":null,"coord_ref_imported_from":null}},{"type":"Feature","geometry":{"type":"Point","coordinates":[13.534051,50.266493]},"properties":{"wikidata":"Q12056174","name":"Stará synagoga v Měcholupech","class":"synagogue","osm_tag_hint":"building=synagogue / amenity=place_of_worship + religion=jewish","coord_ref_stated_in":null,"coord_ref_imported_from":null}},{"type":"Feature","geometry":{"type":"Point","coordinates":[17.3993,49.2984]},"properties":{"wikidata":"Q12057954","name":"Synagogy v Kroměříži","class":"synagogue","osm_tag_hint":"building=synagogue / amenity=place_of_worship + religion=jewish","coord_ref_stated_in":null,"coord_ref_imported_from":"Q191168"}},{"type":"Feature","geometry":{"type":"Point","coordinates":[16.0156,49.3547]},"properties":{"wikidata":"Q12056177","name":"Stará synagoga ve Velkém Meziříčí","class":"synagogue","osm_tag_hint":"building=synagogue / amenity=place_of_worship + religion=jewish","coord_ref_stated_in":null,"coord_ref_imported_from":"Q191168"}},{"type":"Feature","geometry":{"type":"Point","coordinates":[13.9021,50.4564]},"properties":{"wikidata":"Q12057926","name":"Synagoga v Třebívlicích","class":"synagogue","osm_tag_hint":"building=synagogue / amenity=place_of_worship + religion=jewish","coord_ref_stated_in":null,"coord_ref_imported_from":"Q191168"}},{"type":"Feature","geometry":{"type":"Point","coordinates":[13.3743,49.7442]},"properties":{"wikidata":"Q12046338","name":"Pomocná synagoga v Plzni","class":"synagogue","osm_tag_hint":"building=synagogue / amenity=place_of_worship + religion=jewish","coord_ref_stated_in":null,"coord_ref_imported_from":"Q191168"}},{"type":"Feature","geometry":{"type":"Point","coordinates":[13.3774,49.4862]},"properties":{"wikidata":"Q12057898","name":"Synagoga v Malinci","class":"synagogue","osm_tag_hint":"building=synagogue / amenity=place_of_worship + religion=jewish","coord_ref_stated_in":null,"coord_ref_imported_from":"Q191168"}},{"type":"Feature","geometry":{"type":"Point","coordinates":[16.0472,48.8594]},"properties":{"wikidata":"Q12057953","name":"Synagoga ve Znojmě","class":"synagogue","osm_tag_hint":"building=synagogue / amenity=place_of_worship + religion=jewish","coord_ref_stated_in":null,"coord_ref_imported_from":"Q191168","osm_api_check_2026_09_27":"nothing nearby"}},{"type":"Feature","geometry":{"type":"Point","coordinates":[14.600889,50.030278]},"properties":{"wikidata":"Q12057928","name":"Synagoga v Uhříněvsi","class":"synagogue","osm_tag_hint":"building=synagogue / amenity=place_of_worship + religion=jewish","coord_ref_stated_in":"Q28793803","coord_ref_imported_from":null}},{"type":"Feature","geometry":{"type":"Point","coordinates":[14.7167,49.2603]},"properties":{"wikidata":"Q12057921","name":"Synagoga v Soběslavi","class":"synagogue","osm_tag_hint":"building=synagogue / amenity=place_of_worship + religion=jewish","coord_ref_stated_in":null,"coord_ref_imported_from":"Q191168","osm_api_check_2026_09_27":"nothing nearby"}},{"type":"Feature","geometry":{"type":"Point","coordinates":[14.0104,49.1093]},"properties":{"wikidata":"Q10817851","name":"Synagoga v Dubu","class":"synagogue","osm_tag_hint":"building=synagogue / amenity=place_of_worship + religion=jewish","coord_ref_stated_in":null,"coord_ref_imported_from":"Q191168"}},{"type":"Feature","geometry":{"type":"Point","coordinates":[13.141769,49.293519]},"properties":{"wikidata":"Q101433871","name":"synagoga v Nýrsku","class":"synagogue","osm_tag_hint":"building=synagogue / amenity=place_of_worship + religion=jewish","coord_ref_stated_in":null,"coord_ref_imported_from":null}},{"type":"Feature","geometry":{"type":"Point","coordinates":[13.110736,49.871503]},"properties":{"wikidata":"Q12057920","name":"Synagoga v Skupči","class":"synagogue","osm_tag_hint":"building=synagogue / amenity=place_of_worship + religion=jewish","coord_ref_stated_in":null,"coord_ref_imported_from":null}},{"type":"Feature","geometry":{"type":"Point","coordinates":[14.265361,49.866556]},"properties":{"wikidata":"Q110947933","name":"Bývalá synagoga Mníšek pod Brdy","class":"synagogue","osm_tag_hint":"building=synagogue / amenity=place_of_worship + religion=jewish","coord_ref_stated_in":"Q28793803","coord_ref_imported_from":null}},{"type":"Feature","geometry":{"type":"Point","coordinates":[14.2544,50.4275]},"properties":{"wikidata":"Q12057919","name":"Synagoga v Roudnici nad Labem","class":"synagogue","osm_tag_hint":"building=synagogue / amenity=place_of_worship + religion=jewish","coord_ref_stated_in":null,"coord_ref_imported_from":"Q191168"}},{"type":"Feature","geometry":{"type":"Point","coordinates":[14.8443,49.3714]},"properties":{"wikidata":"Q12057918","name":"Synagoga v Radeníně","class":"synagogue","osm_tag_hint":"building=synagogue / amenity=place_of_worship + religion=jewish","coord_ref_stated_in":null,"coord_ref_imported_from":"Q191168"}},{"type":"Feature","geometry":{"type":"Point","coordinates":[18.27144,49.81311]},"properties":{"wikidata":"Q12057952","name":"Synagoga ve Vítkovicích","class":"synagogue","osm_tag_hint":"building=synagogue / amenity=place_of_worship + religion=jewish","coord_ref_stated_in":null,"coord_ref_imported_from":null}},{"type":"Feature","geometry":{"type":"Point","coordinates":[13.3599,49.5116]},"properties":{"wikidata":"Q12057951","name":"Synagoga ve Vlčí","class":"synagogue","osm_tag_hint":"building=synagogue / amenity=place_of_worship + religion=jewish","coord_ref_stated_in":null,"coord_ref_imported_from":"Q191168"}},{"type":"Feature","geometry":{"type":"Point","coordinates":[13.6223,50.2915]},"properties":{"wikidata":"Q12057893","name":"Synagoga v Liběšicích","class":"synagogue","osm_tag_hint":"building=synagogue / amenity=place_of_worship + religion=jewish","coord_ref_stated_in":null,"coord_ref_imported_from":"Q191168"}},{"type":"Feature","geometry":{"type":"Point","coordinates":[13.96,49.0802]},"properties":{"wikidata":"Q12057950","name":"Synagoga ve Vlachově Březí","class":"synagogue","osm_tag_hint":"building=synagogue / amenity=place_of_worship + religion=jewish","coord_ref_stated_in":null,"coord_ref_imported_from":"Q191168"}},{"type":"Feature","geometry":{"type":"Point","coordinates":[15.028154,49.952476]},"properties":{"wikidata":"Q120108827","name":"kaple","class":"synagogue","osm_tag_hint":"building=synagogue / amenity=place_of_worship + religion=jewish","coord_ref_stated_in":null,"coord_ref_imported_from":null}},{"type":"Feature","geometry":{"type":"Point","coordinates":[18.305,49.3622]},"properties":{"wikidata":"Q12057949","name":"Synagoga ve Velkých Karlovicích","class":"synagogue","osm_tag_hint":"building=synagogue / amenity=place_of_worship + religion=jewish","coord_ref_stated_in":null,"coord_ref_imported_from":"Q191168"}},{"type":"Feature","geometry":{"type":"Point","coordinates":[13.037,49.3904]},"properties":{"wikidata":"Q12057939","name":"Synagoga ve Kdyni","class":"synagogue","osm_tag_hint":"building=synagogue / amenity=place_of_worship + religion=jewish","coord_ref_stated_in":null,"coord_ref_imported_from":"Q191168"}},{"type":"Feature","geometry":{"type":"Point","coordinates":[13.3846,50.2811]},"properties":{"wikidata":"Q12057936","name":"Synagoga v Širokých Třebčicích","class":"synagogue","osm_tag_hint":"building=synagogue / amenity=place_of_worship + religion=jewish","coord_ref_stated_in":null,"coord_ref_imported_from":"Q191168"}},{"type":"Feature","geometry":{"type":"Point","coordinates":[13.5952,49.7788]},"properties":{"wikidata":"Q12057906","name":"Synagoga v Oseku u Rokycan","class":"synagogue","osm_tag_hint":"building=synagogue / amenity=place_of_worship + religion=jewish","coord_ref_stated_in":null,"coord_ref_imported_from":"Q191168"}},{"type":"Feature","geometry":{"type":"Point","coordinates":[14.2134,49.5539]},"properties":{"wikidata":"Q12057878","name":"Synagoga v Klučenicích","class":"synagogue","osm_tag_hint":"building=synagogue / amenity=place_of_worship + religion=jewish","coord_ref_stated_in":null,"coord_ref_imported_from":"Q191168"}},{"type":"Feature","geometry":{"type":"Point","coordinates":[14.404722,50.09]},"properties":{"wikidata":"Q11789312","name":"Nejstarší synagoga v Praze","class":"synagogue","osm_tag_hint":"building=synagogue / amenity=place_of_worship + religion=jewish","coord_ref_stated_in":null,"coord_ref_imported_from":null}},{"type":"Feature","geometry":{"type":"Point","coordinates":[12.5408,49.7541]},"properties":{"wikidata":"Q12057890","name":"Synagoga v Lesné","class":"synagogue","osm_tag_hint":"building=synagogue / amenity=place_of_worship + religion=jewish","coord_ref_stated_in":null,"coord_ref_imported_from":"Q191168"}},{"type":"Feature","geometry":{"type":"Point","coordinates":[16.8581,48.9956]},"properties":{"wikidata":"Q12057877","name":"Synagoga v Kloboukách u Brna","class":"synagogue","osm_tag_hint":"building=synagogue / amenity=place_of_worship + religion=jewish","coord_ref_stated_in":null,"coord_ref_imported_from":"Q191168"}},{"type":"Feature","geometry":{"type":"Point","coordinates":[13.2914,49.3968]},"properties":{"wikidata":"Q12057876","name":"Synagoga v Klatovech","class":"synagogue","osm_tag_hint":"building=synagogue / amenity=place_of_worship + religion=jewish","coord_ref_stated_in":null,"coord_ref_imported_from":"Q191168"}},{"type":"Feature","geometry":{"type":"Point","coordinates":[15.2188,50.2267]},"properties":{"wikidata":"Q12057935","name":"Synagoga v Činěvsi","class":"synagogue","osm_tag_hint":"building=synagogue / amenity=place_of_worship + religion=jewish","coord_ref_stated_in":null,"coord_ref_imported_from":"Q191168"}},{"type":"Feature","geometry":{"type":"Point","coordinates":[13.7383,49.4628]},"properties":{"wikidata":"Q12057875","name":"Synagoga v Kasejovicích","class":"synagogue","osm_tag_hint":"building=synagogue / amenity=place_of_worship + religion=jewish","coord_ref_stated_in":null,"coord_ref_imported_from":"Q191168","osm_api_check_2026_09_27":"OSM object nearby"}},{"type":"Feature","geometry":{"type":"Point","coordinates":[13.1969,49.5597]},"properties":{"wikidata":"Q12057901","name":"Synagoga v Merklíně","class":"synagogue","osm_tag_hint":"building=synagogue / amenity=place_of_worship + religion=jewish","coord_ref_stated_in":null,"coord_ref_imported_from":"Q191168"}},{"type":"Feature","geometry":{"type":"Point","coordinates":[15.1191,49.4183]},"properties":{"wikidata":"Q12057905","name":"Synagoga v Nové Cerekvi","class":"synagogue","osm_tag_hint":"building=synagogue / amenity=place_of_worship + religion=jewish","coord_ref_stated_in":null,"coord_ref_imported_from":"Q191168"}},{"type":"Feature","geometry":{"type":"Point","coordinates":[15.075326,49.300024]},"properties":{"wikidata":"Q12057874","name":"Synagoga v Kamenici nad Lipou","class":"synagogue","osm_tag_hint":"building=synagogue / amenity=place_of_worship + religion=jewish","coord_ref_stated_in":null,"coord_ref_imported_from":null}},{"type":"Feature","geometry":{"type":"Point","coordinates":[16.615395,49.197375]},"properties":{"wikidata":"Q11793443","name":"Nová synagoga","class":"synagogue","osm_tag_hint":"building=synagogue / amenity=place_of_worship + religion=jewish","coord_ref_stated_in":null,"coord_ref_imported_from":null}},{"type":"Feature","geometry":{"type":"Point","coordinates":[13.4521,50.5014]},"properties":{"wikidata":"Q12057873","name":"Synagoga v Jirkově","class":"synagogue","osm_tag_hint":"building=synagogue / amenity=place_of_worship + religion=jewish","coord_ref_stated_in":null,"coord_ref_imported_from":"Q191168"}},{"type":"Feature","geometry":{"type":"Point","coordinates":[13.7446,49.3888]},"properties":{"wikidata":"Q12057940","name":"Synagoga ve Slatině","class":"synagogue","osm_tag_hint":"building=synagogue / amenity=place_of_worship + religion=jewish","coord_ref_stated_in":null,"coord_ref_imported_from":"Q191168"}},{"type":"Feature","geometry":{"type":"Point","coordinates":[15.5861,49.3958]},"properties":{"wikidata":"Q12057872","name":"Synagoga v Jihlavě","class":"synagogue","osm_tag_hint":"building=synagogue / amenity=place_of_worship + religion=jewish","coord_ref_stated_in":null,"coord_ref_imported_from":"Q191168"}},{"type":"Feature","geometry":{"type":"Point","coordinates":[13.2185,49.3442]},"properties":{"wikidata":"Q12057871","name":"Synagoga v Janovicích nad Úhlavou","class":"synagogue","osm_tag_hint":"building=synagogue / amenity=place_of_worship + religion=jewish","coord_ref_stated_in":null,"coord_ref_imported_from":"Q191168"}},{"type":"Feature","geometry":{"type":"Point","coordinates":[15.172543,50.722469]},"properties":{"wikidata":"Q12057870","name":"Synagoga v Jablonci nad Nisou","class":"synagogue","osm_tag_hint":"building=synagogue / amenity=place_of_worship + religion=jewish","coord_ref_stated_in":null,"coord_ref_imported_from":"Q48183"}},{"type":"Feature","geometry":{"type":"Point","coordinates":[15.1164,49.5572]},"properties":{"wikidata":"Q12057884","name":"Synagoga v Košeticích","class":"synagogue","osm_tag_hint":"building=synagogue / amenity=place_of_worship + religion=jewish","coord_ref_stated_in":null,"coord_ref_imported_from":"Q191168"}},{"type":"Feature","geometry":{"type":"Point","coordinates":[13.5358,50.2692]},"properties":{"wikidata":"Q12041285","name":"Nová synagoga v Měcholupech","class":"synagogue","osm_tag_hint":"building=synagogue / amenity=place_of_worship + religion=jewish","coord_ref_stated_in":null,"coord_ref_imported_from":"Q191168"}},{"type":"Feature","geometry":{"type":"Point","coordinates":[15.3688,50.0686]},"properties":{"wikidata":"Q12057885","name":"Synagoga v Krakovanech","class":"synagogue","osm_tag_hint":"building=synagogue / amenity=place_of_worship + religion=jewish","coord_ref_stated_in":null,"coord_ref_imported_from":"Q191168"}},{"type":"Feature","geometry":{"type":"Point","coordinates":[15.0716,50.1689]},"properties":{"wikidata":"Q12057882","name":"Synagoga v Kovanicích","class":"synagogue","osm_tag_hint":"building=synagogue / amenity=place_of_worship + religion=jewish","coord_ref_stated_in":null,"coord_ref_imported_from":"Q191168"}},{"type":"Feature","geometry":{"type":"Point","coordinates":[16.7371,48.9414]},"properties":{"wikidata":"Q12057869","name":"Synagoga v Hustopečích","class":"synagogue","osm_tag_hint":"building=synagogue / amenity=place_of_worship + religion=jewish","coord_ref_stated_in":null,"coord_ref_imported_from":"Q191168"}},{"type":"Feature","geometry":{"type":"Point","coordinates":[15.1376,50.265253]},"properties":{"wikidata":"Q12057888","name":"Synagoga v Křinci","class":"synagogue","osm_tag_hint":"building=synagogue / amenity=place_of_worship + religion=jewish","coord_ref_stated_in":null,"coord_ref_imported_from":null}},{"type":"Feature","geometry":{"type":"Point","coordinates":[15.8076,49.0564]},"properties":{"wikidata":"Q12057904","name":"Synagoga v Moravských Budějovicích","class":"synagogue","osm_tag_hint":"building=synagogue / amenity=place_of_worship + religion=jewish","coord_ref_stated_in":null,"coord_ref_imported_from":"Q191168"}},{"type":"Feature","geometry":{"type":"Point","coordinates":[13.4404,49.2992]},"properties":{"wikidata":"Q12057879","name":"Synagoga v Kolinci","class":"synagogue","osm_tag_hint":"building=synagogue / amenity=place_of_worship + religion=jewish","coord_ref_stated_in":null,"coord_ref_imported_from":"Q191168"}},{"type":"Feature","geometry":{"type":"Point","coordinates":[13.2514,49.7756]},"properties":{"wikidata":"Q12057903","name":"Synagoga v Městě Touškově","class":"synagogue","osm_tag_hint":"building=synagogue / amenity=place_of_worship + religion=jewish","coord_ref_stated_in":null,"coord_ref_imported_from":"Q191168"}},{"type":"Feature","geometry":{"type":"Point","coordinates":[12.348117,50.1225]},"properties":{"wikidata":"Q12057937","name":"Synagoga ve Františkových Lázních","class":"synagogue","osm_tag_hint":"building=synagogue / amenity=place_of_worship + religion=jewish","coord_ref_stated_in":null,"coord_ref_imported_from":null}},{"type":"Feature","geometry":{"type":"Point","coordinates":[14.657439,49.412278]},"properties":{"wikidata":"Q104842034","name":"Synagoga v Táboře","class":"synagogue","osm_tag_hint":"building=synagogue / amenity=place_of_worship + religion=jewish","coord_ref_stated_in":null,"coord_ref_imported_from":null}},{"type":"Feature","geometry":{"type":"Point","coordinates":[14.878191,49.789013]},"properties":{"wikidata":"Q124378736","name":"stará synagoga v Divišově","class":"synagogue","osm_tag_hint":"building=synagogue / amenity=place_of_worship + religion=jewish","coord_ref_stated_in":null,"coord_ref_imported_from":null}},{"type":"Feature","geometry":{"type":"Point","coordinates":[12.9789,49.8291]},"properties":{"wikidata":"Q12057852","name":"Synagoga v Cebivi","class":"synagogue","osm_tag_hint":"building=synagogue / amenity=place_of_worship + religion=jewish","coord_ref_stated_in":null,"coord_ref_imported_from":"Q191168"}},{"type":"Feature","geometry":{"type":"Point","coordinates":[14.419578,50.089338]},"properties":{"wikidata":"Q11793458","name":"Nová synagoga","class":"synagogue","osm_tag_hint":"building=synagogue / amenity=place_of_worship + religion=jewish","coord_ref_stated_in":null,"coord_ref_imported_from":"Q191168"}},{"type":"Feature","geometry":{"type":"Point","coordinates":[15.672314,49.714986]},"properties":{"wikidata":"Q12057856","name":"Synagoga v Chotěboři","class":"synagogue","osm_tag_hint":"building=synagogue / amenity=place_of_worship + religion=jewish","coord_ref_stated_in":null,"coord_ref_imported_from":"Q191168"}},{"type":"Feature","geometry":{"type":"Point","coordinates":[17.250556,49.590556]},"properties":{"wikidata":"Q1163232","name":"Synagoga v Olomouci","class":"synagogue","osm_tag_hint":"building=synagogue / amenity=place_of_worship + religion=jewish","coord_ref_stated_in":null,"coord_ref_imported_from":"Q48183"}},{"type":"Feature","geometry":{"type":"Point","coordinates":[13.4194,50.4631]},"properties":{"wikidata":"Q12057855","name":"Synagoga v Chomutově","class":"synagogue","osm_tag_hint":"building=synagogue / amenity=place_of_worship + religion=jewish","coord_ref_stated_in":null,"coord_ref_imported_from":"Q191168"}},{"type":"Feature","geometry":{"type":"Point","coordinates":[13.5783,49.2311]},"properties":{"wikidata":"Q12057911","name":"Synagoga v Podmoklech","class":"synagogue","osm_tag_hint":"building=synagogue / amenity=place_of_worship + religion=jewish","coord_ref_stated_in":null,"coord_ref_imported_from":"Q191168"}},{"type":"Feature","geometry":{"type":"Point","coordinates":[15.6289,48.9631]},"properties":{"wikidata":"Q12057912","name":"Synagoga v Polici","class":"synagogue","osm_tag_hint":"building=synagogue / amenity=place_of_worship + religion=jewish","coord_ref_stated_in":null,"coord_ref_imported_from":"Q191168"}},{"type":"Feature","geometry":{"type":"Point","coordinates":[12.730425,49.892497]},"properties":{"wikidata":"Q12057854","name":"Synagoga v Chodové Plané","class":"synagogue","osm_tag_hint":"building=synagogue / amenity=place_of_worship + religion=jewish","coord_ref_stated_in":null,"coord_ref_imported_from":"Q191168"}},{"type":"Feature","geometry":{"type":"Point","coordinates":[12.3658,50.0775]},"properties":{"wikidata":"Q12057853","name":"Synagoga v Chebu","class":"synagogue","osm_tag_hint":"building=synagogue / amenity=place_of_worship + religion=jewish","coord_ref_stated_in":null,"coord_ref_imported_from":"Q191168"}},{"type":"Feature","geometry":{"type":"Point","coordinates":[14.03992,50.405351]},"properties":{"wikidata":"Q122472059","name":"synagoga v Libochovicích","class":"synagogue","osm_tag_hint":"building=synagogue / amenity=place_of_worship + religion=jewish","coord_ref_stated_in":null,"coord_ref_imported_from":null}},{"type":"Feature","geometry":{"type":"Point","coordinates":[14.0208,49.8071]},"properties":{"wikidata":"Q12057850","name":"Synagoga v Běštíně","class":"synagogue","osm_tag_hint":"building=synagogue / amenity=place_of_worship + religion=jewish","coord_ref_stated_in":null,"coord_ref_imported_from":"Q191168"}},{"type":"Feature","geometry":{"type":"Point","coordinates":[13.5063,50.4237]},"properties":{"wikidata":"Q12057849","name":"Synagoga v Bílencích","class":"synagogue","osm_tag_hint":"building=synagogue / amenity=place_of_worship + religion=jewish","coord_ref_stated_in":null,"coord_ref_imported_from":"Q191168"}},{"type":"Feature","geometry":{"type":"Point","coordinates":[13.7761,50.5508]},"properties":{"wikidata":"Q12057848","name":"Synagoga v Bílině","class":"synagogue","osm_tag_hint":"building=synagogue / amenity=place_of_worship + religion=jewish","coord_ref_stated_in":null,"coord_ref_imported_from":"Q191168"}},{"type":"Feature","geometry":{"type":"Point","coordinates":[15.7223,49.4852]},"properties":{"wikidata":"Q12057913","name":"Synagoga v Polné","class":"synagogue","osm_tag_hint":"building=synagogue / amenity=place_of_worship + religion=jewish","coord_ref_stated_in":null,"coord_ref_imported_from":"Q191168"}},{"type":"Feature","geometry":{"type":"Point","coordinates":[13.205965,49.712958]},"properties":{"wikidata":"Q107540260","name":"synagoga","class":"synagogue","osm_tag_hint":"building=synagogue / amenity=place_of_worship + religion=jewish","coord_ref_stated_in":null,"coord_ref_imported_from":null}},{"type":"Feature","geometry":{"type":"Point","coordinates":[12.8981,49.6534]},"properties":{"wikidata":"Q12057914","name":"Synagoga v Prostiboři","class":"synagogue","osm_tag_hint":"building=synagogue / amenity=place_of_worship + religion=jewish","coord_ref_stated_in":null,"coord_ref_imported_from":"Q191168"}},{"type":"Feature","geometry":{"type":"Point","coordinates":[14.1268,50.4066]},"properties":{"wikidata":"Q12057847","name":"Synagoga v Budyni nad Ohří","class":"synagogue","osm_tag_hint":"building=synagogue / amenity=place_of_worship + religion=jewish","coord_ref_stated_in":null,"coord_ref_imported_from":"Q191168"}},{"type":"Feature","geometry":{"type":"Point","coordinates":[15.651201,49.361276]},"properties":{"wikidata":"Q12057915","name":"Synagoga v Puklicích","class":"synagogue","osm_tag_hint":"building=synagogue / amenity=place_of_worship + religion=jewish","coord_ref_stated_in":null,"coord_ref_imported_from":"Q191168"}},{"type":"Feature","geometry":{"type":"Point","coordinates":[13.3429,49.6016]},"properties":{"wikidata":"Q12057861","name":"Synagoga v Dolní Lukavici","class":"synagogue","osm_tag_hint":"building=synagogue / amenity=place_of_worship + religion=jewish","coord_ref_stated_in":null,"coord_ref_imported_from":"Q191168"}},{"type":"Feature","geometry":{"type":"Point","coordinates":[15.493,50.242074]},"properties":{"wikidata":"Q11994063","name":"synagoga v Novém Bydžově","class":"synagogue","osm_tag_hint":"building=synagogue / amenity=place_of_worship + religion=jewish","coord_ref_stated_in":null,"coord_ref_imported_from":null}},{"type":"Feature","geometry":{"type":"Point","coordinates":[13.902878,49.834894]},"properties":{"wikidata":"Q12057867","name":"Synagoga v Hořovicích","class":"synagogue","osm_tag_hint":"building=synagogue / amenity=place_of_worship + religion=jewish","coord_ref_stated_in":null,"coord_ref_imported_from":null}},{"type":"Feature","geometry":{"type":"Point","coordinates":[14.9036,49.0699]},"properties":{"wikidata":"Q12057941","name":"Synagoga ve Stráži nad Nežárkou","class":"synagogue","osm_tag_hint":"building=synagogue / amenity=place_of_worship + religion=jewish","coord_ref_stated_in":null,"coord_ref_imported_from":"Q191168"}},{"type":"Feature","geometry":{"type":"Point","coordinates":[13.0061,49.7537]},"properties":{"wikidata":"Q12057944","name":"Synagoga ve Stříbře","class":"synagogue","osm_tag_hint":"building=synagogue / amenity=place_of_worship + religion=jewish","coord_ref_stated_in":null,"coord_ref_imported_from":"Q191168"}},{"type":"Feature","geometry":{"type":"Point","coordinates":[13.4141,50.2283]},"properties":{"wikidata":"Q12057909","name":"Synagoga v Podbořanech","class":"synagogue","osm_tag_hint":"building=synagogue / amenity=place_of_worship + religion=jewish","coord_ref_stated_in":null,"coord_ref_imported_from":"Q191168"}},{"type":"Feature","geometry":{"type":"Point","coordinates":[14.803,50.4053]},"properties":{"wikidata":"Q12057860","name":"Synagoga v Dolním Cetnu","class":"synagogue","osm_tag_hint":"building=synagogue / amenity=place_of_worship + religion=jewish","coord_ref_stated_in":null,"coord_ref_imported_from":"Q191168"}},{"type":"Feature","geometry":{"type":"Point","coordinates":[15.7697,50.0358]},"properties":{"wikidata":"Q12057910","name":"Synagoga v Pardubicích","class":"synagogue","osm_tag_hint":"building=synagogue / amenity=place_of_worship + religion=jewish","coord_ref_stated_in":null,"coord_ref_imported_from":"Q191168","osm_api_check_2026_09_27":"nothing nearby"}},{"type":"Feature","geometry":{"type":"Point","coordinates":[14.4172,50.0897]},"properties":{"wikidata":"Q11836260","name":"Stará Klausová synagoga","class":"synagogue","osm_tag_hint":"building=synagogue / amenity=place_of_worship + religion=jewish","coord_ref_stated_in":null,"coord_ref_imported_from":"Q191168"}},{"type":"Feature","geometry":{"type":"Point","coordinates":[14.4688,49.296549]},"properties":{"wikidata":"Q2374937","name":"Synagoga v Bechyni","class":"synagogue","osm_tag_hint":"building=synagogue / amenity=place_of_worship + religion=jewish","coord_ref_stated_in":null,"coord_ref_imported_from":"Q48183"}},{"type":"Feature","geometry":{"type":"Point","coordinates":[13.6446,50.5274]},"properties":{"wikidata":"Q22442880","name":"Synagoga Most","class":"synagogue","osm_tag_hint":"building=synagogue / amenity=place_of_worship + religion=jewish","coord_ref_stated_in":null,"coord_ref_imported_from":"Q48183"}},{"type":"Feature","geometry":{"type":"Point","coordinates":[13.905033,49.257844]},"properties":{"wikidata":"Q2375333","name":"Synagoga ve Strakonicích","class":"synagogue","osm_tag_hint":"building=synagogue / amenity=place_of_worship + religion=jewish","coord_ref_stated_in":null,"coord_ref_imported_from":"Q48183"}},{"type":"Feature","geometry":{"type":"Point","coordinates":[15.6334,50.37041]},"properties":{"wikidata":"Q23016140","name":"synagoga v Hořicích","class":"synagogue","osm_tag_hint":"building=synagogue / amenity=place_of_worship + religion=jewish","coord_ref_stated_in":null,"coord_ref_imported_from":"Q48183"}},{"type":"Feature","geometry":{"type":"Point","coordinates":[15.032734,50.051744]},"properties":{"wikidata":"Q28758197","name":"bývalá synagoga v Plaňanech","class":"synagogue","osm_tag_hint":"building=synagogue / amenity=place_of_worship + religion=jewish","coord_ref_stated_in":null,"coord_ref_imported_from":"Q191168"}},{"type":"Feature","geometry":{"type":"Point","coordinates":[13.6177,49.280044]},"properties":{"wikidata":"Q19309734","name":"synagoga ve Strážově","class":"synagogue","osm_tag_hint":"building=synagogue / amenity=place_of_worship + religion=jewish","coord_ref_stated_in":null,"coord_ref_imported_from":"Q48183"}},{"type":"Feature","geometry":{"type":"Point","coordinates":[14.53453,49.752478]},"properties":{"wikidata":"Q38035105","name":"synagoga v Neveklově","class":"synagogue","osm_tag_hint":"building=synagogue / amenity=place_of_worship + religion=jewish","coord_ref_stated_in":null,"coord_ref_imported_from":"Q191168"}},{"type":"Feature","geometry":{"type":"Point","coordinates":[15.114205,50.144477]},"properties":{"wikidata":"Q129278301","name":"bývalá synagoga v Poděbradech","class":"synagogue","osm_tag_hint":"building=synagogue / amenity=place_of_worship + religion=jewish","coord_ref_stated_in":null,"coord_ref_imported_from":null}},{"type":"Feature","geometry":{"type":"Point","coordinates":[14.419671,49.253283]},"properties":{"wikidata":"Q134716166","name":"synagoga Koloděje nad Lužnicí","class":"synagogue","osm_tag_hint":"building=synagogue / amenity=place_of_worship + religion=jewish","coord_ref_stated_in":"Q67080044","coord_ref_imported_from":null}},{"type":"Feature","geometry":{"type":"Point","coordinates":[14.434414,49.049272]},"properties":{"wikidata":"Q2375106","name":"Synagoga v Hluboké nad Vltavou","class":"synagogue","osm_tag_hint":"building=synagogue / amenity=place_of_worship + religion=jewish","coord_ref_stated_in":null,"coord_ref_imported_from":"Q48183"}},{"type":"Feature","geometry":{"type":"Point","coordinates":[14.944275,49.637622]},"properties":{"wikidata":"Q13434923","name":"Synagoga v Pravoníně","class":"synagogue","osm_tag_hint":"building=synagogue / amenity=place_of_worship + religion=jewish","coord_ref_stated_in":null,"coord_ref_imported_from":null}},{"type":"Feature","geometry":{"type":"Point","coordinates":[15.002183,49.14518]},"properties":{"wikidata":"Q2375126","name":"Synagoga v Jindřichově Hradci","class":"synagogue","osm_tag_hint":"building=synagogue / amenity=place_of_worship + religion=jewish","coord_ref_stated_in":null,"coord_ref_imported_from":"Q48183"}},{"type":"Feature","geometry":{"type":"Point","coordinates":[13.578365,50.137704]},"properties":{"wikidata":"Q28745998","name":"Synagoga ve Zderaze","class":"synagogue","osm_tag_hint":"building=synagogue / amenity=place_of_worship + religion=jewish","coord_ref_stated_in":null,"coord_ref_imported_from":"Q191168"}},{"type":"Feature","geometry":{"type":"Point","coordinates":[14.108105,49.874324]},"properties":{"wikidata":"Q28745755","name":"Husitský kostel ve Všeradicích","class":"synagogue","osm_tag_hint":"building=synagogue / amenity=place_of_worship + religion=jewish","coord_ref_stated_in":null,"coord_ref_imported_from":"Q191168"}},{"type":"Feature","geometry":{"type":"Point","coordinates":[14.677263,49.948081]},"properties":{"wikidata":"Q28745506","name":"synagoga","class":"synagogue","osm_tag_hint":"building=synagogue / amenity=place_of_worship + religion=jewish","coord_ref_stated_in":null,"coord_ref_imported_from":null}},{"type":"Feature","geometry":{"type":"Point","coordinates":[16.617978,49.191686]},"properties":{"wikidata":"Q28100280","name":"Polský templ","class":"synagogue","osm_tag_hint":"building=synagogue / amenity=place_of_worship + religion=jewish","coord_ref_stated_in":null,"coord_ref_imported_from":null}},{"type":"Feature","geometry":{"type":"Point","coordinates":[14.23698,50.27809]},"properties":{"wikidata":"Q28745562","name":"Bývalá synagoga Velvary","class":"synagogue","osm_tag_hint":"building=synagogue / amenity=place_of_worship + religion=jewish","coord_ref_stated_in":null,"coord_ref_imported_from":"Q191168"}},{"type":"Feature","geometry":{"type":"Point","coordinates":[14.134869,50.533187]},"properties":{"wikidata":"Q125940046","name":"Nová synagoga v Litoměřicích","class":"synagogue","osm_tag_hint":"building=synagogue / amenity=place_of_worship + religion=jewish","coord_ref_stated_in":null,"coord_ref_imported_from":null}},{"type":"Feature","geometry":{"type":"Point","coordinates":[15.954876,50.414839]},"properties":{"wikidata":"Q133857055","name":"synagoga Velká Bukovina / Malá Bukovina","class":"synagogue","osm_tag_hint":"building=synagogue / amenity=place_of_worship + religion=jewish","coord_ref_stated_in":null,"coord_ref_imported_from":null}},{"type":"Feature","geometry":{"type":"Point","coordinates":[17.287292,49.429535]},"properties":{"wikidata":"Q133857053","name":"synagoga Tovačov I-Město","class":"synagogue","osm_tag_hint":"building=synagogue / amenity=place_of_worship + religion=jewish","coord_ref_stated_in":null,"coord_ref_imported_from":null}},{"type":"Feature","geometry":{"type":"Point","coordinates":[12.910092,49.765687]},"properties":{"wikidata":"Q133857052","name":"synagoga Svojšín","class":"synagogue","osm_tag_hint":"building=synagogue / amenity=place_of_worship + religion=jewish","coord_ref_stated_in":null,"coord_ref_imported_from":null}},{"type":"Feature","geometry":{"type":"Point","coordinates":[14.380567,49.23207]},"properties":{"wikidata":"Q133857051","name":"synagoga Neznašov","class":"synagogue","osm_tag_hint":"building=synagogue / amenity=place_of_worship + religion=jewish","coord_ref_stated_in":null,"coord_ref_imported_from":null}},{"type":"Feature","geometry":{"type":"Point","coordinates":[15.299555,49.972571]},"properties":{"wikidata":"Q133857050","name":"synagoga Malín","class":"synagogue","osm_tag_hint":"building=synagogue / amenity=place_of_worship + religion=jewish","coord_ref_stated_in":null,"coord_ref_imported_from":null}},{"type":"Feature","geometry":{"type":"Point","coordinates":[14.200169,50.11544]},"properties":{"wikidata":"Q133857049","name":"synagoga Hostouň","class":"synagogue","osm_tag_hint":"building=synagogue / amenity=place_of_worship + religion=jewish","coord_ref_stated_in":null,"coord_ref_imported_from":null}},{"type":"Feature","geometry":{"type":"Point","coordinates":[12.64306,50.18194]},"properties":{"wikidata":"Q25392587","name":"Synagoga v Sokolově","class":"synagogue","osm_tag_hint":"building=synagogue / amenity=place_of_worship + religion=jewish","coord_ref_stated_in":null,"coord_ref_imported_from":null}},{"type":"Feature","geometry":{"type":"Point","coordinates":[13.780281,49.055706]},"properties":{"wikidata":"Q125973380","name":"Synagoga ve Vimperku","class":"synagogue","osm_tag_hint":"building=synagogue / amenity=place_of_worship + religion=jewish","coord_ref_stated_in":null,"coord_ref_imported_from":null}},{"type":"Feature","geometry":{"type":"Point","coordinates":[14.688522,49.783474]},"properties":{"wikidata":"Q125964906","name":"Synagoga v Benešově","class":"synagogue","osm_tag_hint":"building=synagogue / amenity=place_of_worship + religion=jewish","coord_ref_stated_in":null,"coord_ref_imported_from":null}},{"type":"Feature","geometry":{"type":"Point","coordinates":[15.038715,50.185507]},"properties":{"wikidata":"Q125963487","name":"Synagoga v Nymburce","class":"synagogue","osm_tag_hint":"building=synagogue / amenity=place_of_worship + religion=jewish","coord_ref_stated_in":null,"coord_ref_imported_from":null}},{"type":"Feature","geometry":{"type":"Point","coordinates":[14.052095,50.515463]},"properties":{"wikidata":"Q125944530","name":"Synagoga v Lovosicích","class":"synagogue","osm_tag_hint":"building=synagogue / amenity=place_of_worship + religion=jewish","coord_ref_stated_in":null,"coord_ref_imported_from":null}},{"type":"Feature","geometry":{"type":"Point","coordinates":[14.37415,50.297234]},"properties":{"wikidata":"Q133857056","name":"synagoga Vojkovice","class":"synagogue","osm_tag_hint":"building=synagogue / amenity=place_of_worship + religion=jewish","coord_ref_stated_in":null,"coord_ref_imported_from":null}},{"type":"Feature","geometry":{"type":"Point","coordinates":[17.57636,49.33331]},"properties":{"wikidata":"Q125888616","name":"Nová synagoga v Holešově","class":"synagogue","osm_tag_hint":"building=synagogue / amenity=place_of_worship + religion=jewish","coord_ref_stated_in":null,"coord_ref_imported_from":null}},{"type":"Feature","geometry":{"type":"Point","coordinates":[17.12278,49.01056]},"properties":{"wikidata":"Q25392612","name":"Synagoga v Kyjově","class":"synagogue","osm_tag_hint":"building=synagogue / amenity=place_of_worship + religion=jewish","coord_ref_stated_in":null,"coord_ref_imported_from":null}},{"type":"Feature","geometry":{"type":"Point","coordinates":[15.22528,49.43167]},"properties":{"wikidata":"Q25392715","name":"Synagoga v Pelhřimově","class":"synagogue","osm_tag_hint":"building=synagogue / amenity=place_of_worship + religion=jewish","coord_ref_stated_in":null,"coord_ref_imported_from":null}},{"type":"Feature","geometry":{"type":"Point","coordinates":[13.27274,50.37941]},"properties":{"wikidata":"Q25392723","name":"Synagoga v Kadani","class":"synagogue","osm_tag_hint":"building=synagogue / amenity=place_of_worship + religion=jewish","coord_ref_stated_in":null,"coord_ref_imported_from":null}},{"type":"Feature","geometry":{"type":"Point","coordinates":[17.00472,49.14972]},"properties":{"wikidata":"Q22694207","name":"Synagoga v Bučovicích","class":"synagogue","osm_tag_hint":"building=synagogue / amenity=place_of_worship + religion=jewish","coord_ref_stated_in":null,"coord_ref_imported_from":null}},{"type":"Feature","geometry":{"type":"Point","coordinates":[18.27167,49.8505]},"properties":{"wikidata":"Q22694215","name":"Synagoga v Přívoze","class":"synagogue","osm_tag_hint":"building=synagogue / amenity=place_of_worship + religion=jewish","coord_ref_stated_in":null,"coord_ref_imported_from":null}},{"type":"Feature","geometry":{"type":"Point","coordinates":[16.162128,50.292275]},"properties":{"wikidata":"Q22975801","name":"synagoga v Dobrušce","class":"synagogue","osm_tag_hint":"building=synagogue / amenity=place_of_worship + religion=jewish","coord_ref_stated_in":null,"coord_ref_imported_from":"Q48183"}},{"type":"Feature","geometry":{"type":"Point","coordinates":[18.3543,49.9053]},"properties":{"wikidata":"Q25392919","name":"Synagoga v Bohumíně","class":"synagogue","osm_tag_hint":"building=synagogue / amenity=place_of_worship + religion=jewish","coord_ref_stated_in":null,"coord_ref_imported_from":null}},{"type":"Feature","geometry":{"type":"Point","coordinates":[15.218541,50.37309]},"properties":{"wikidata":"Q29951807","name":"Synagoga v Libáni","class":"synagogue","osm_tag_hint":"building=synagogue / amenity=place_of_worship + religion=jewish","coord_ref_stated_in":null,"coord_ref_imported_from":null}},{"type":"Feature","geometry":{"type":"Point","coordinates":[13.5125,49.19667]},"properties":{"wikidata":"Q26772717","name":"Dlouhá Ves-synagoga","class":"synagogue","osm_tag_hint":"building=synagogue / amenity=place_of_worship + religion=jewish","coord_ref_stated_in":null,"coord_ref_imported_from":null}},{"type":"Feature","geometry":{"type":"Point","coordinates":[14.8075,49.53361]},"properties":{"wikidata":"Q19309729","name":"synagoga v Mladé Vožici","class":"synagogue","osm_tag_hint":"building=synagogue / amenity=place_of_worship + religion=jewish","coord_ref_stated_in":null,"coord_ref_imported_from":null}},{"type":"Feature","geometry":{"type":"Point","coordinates":[13.85389,50.66056]},"properties":{"wikidata":"Q26774250","name":"Teplice-Sobědruhy - synagoga","class":"synagogue","osm_tag_hint":"building=synagogue / amenity=place_of_worship + religion=jewish","coord_ref_stated_in":null,"coord_ref_imported_from":null}},{"type":"Feature","geometry":{"type":"Point","coordinates":[14.9054,49.6068]},"properties":{"wikidata":"Q13434920","name":"Synagoga v Načeradci","class":"synagogue","osm_tag_hint":"building=synagogue / amenity=place_of_worship + religion=jewish","coord_ref_stated_in":null,"coord_ref_imported_from":"Q191168"}},{"type":"Feature","geometry":{"type":"Point","coordinates":[15.66892,49.94763]},"properties":{"wikidata":"Q22997792","name":"synagoga v Heřmanově Městci","class":"synagogue","osm_tag_hint":"building=synagogue / amenity=place_of_worship + religion=jewish","coord_ref_stated_in":null,"coord_ref_imported_from":"Q48183","osm_api_check_2026_09_27":"OSM object nearby"}},{"type":"Feature","geometry":{"type":"Point","coordinates":[13.9815,49.8522]},"properties":{"wikidata":"Q14375755","name":"Synagoga v Lochovicích","class":"synagogue","osm_tag_hint":"building=synagogue / amenity=place_of_worship + religion=jewish","coord_ref_stated_in":null,"coord_ref_imported_from":"Q191168"}},{"type":"Feature","geometry":{"type":"Point","coordinates":[13.5296,50.0388]},"properties":{"wikidata":"Q14375758","name":"Synagoga v Kůzové","class":"synagogue","osm_tag_hint":"building=synagogue / amenity=place_of_worship + religion=jewish","coord_ref_stated_in":null,"coord_ref_imported_from":"Q191168"}},{"type":"Feature","geometry":{"type":"Point","coordinates":[14.8437,50.2025]},"properties":{"wikidata":"Q14435368","name":"Synagoga v Lysé nad Labem","class":"synagogue","osm_tag_hint":"building=synagogue / amenity=place_of_worship + religion=jewish","coord_ref_stated_in":null,"coord_ref_imported_from":"Q191168"}},{"type":"Feature","geometry":{"type":"Point","coordinates":[18.548257,49.852554]},"properties":{"wikidata":"Q126285761","name":"Synagoga ve Fryštátě","class":"synagogue","osm_tag_hint":"building=synagogue / amenity=place_of_worship + religion=jewish","coord_ref_stated_in":null,"coord_ref_imported_from":null,"osm_api_check_2026_09_27":"nothing nearby"}},{"type":"Feature","geometry":{"type":"Point","coordinates":[14.90278,50.41194]},"properties":{"wikidata":"Q26791332","name":"Synagoga v Mladé Boleslavi","class":"synagogue","osm_tag_hint":"building=synagogue / amenity=place_of_worship + religion=jewish","coord_ref_stated_in":null,"coord_ref_imported_from":null}},{"type":"Feature","geometry":{"type":"Point","coordinates":[17.12861,48.84722]},"properties":{"wikidata":"Q26791458","name":"synagoga","class":"synagogue","osm_tag_hint":"building=synagogue / amenity=place_of_worship + religion=jewish","coord_ref_stated_in":null,"coord_ref_imported_from":null,"osm_api_check_2026_09_27":"nothing nearby"}},{"type":"Feature","geometry":{"type":"Point","coordinates":[14.770678,49.002658]},"properties":{"wikidata":"Q4027112","name":"Synagoga v Třeboni","class":"synagogue","osm_tag_hint":"building=synagogue / amenity=place_of_worship + religion=jewish","coord_ref_stated_in":null,"coord_ref_imported_from":"Q48183"}},{"type":"Feature","geometry":{"type":"Point","coordinates":[15.35287,48.99809]},"properties":{"wikidata":"Q14912371","name":"synagoga ve Slavonicích","class":"synagogue","osm_tag_hint":"building=synagogue / amenity=place_of_worship + religion=jewish","coord_ref_stated_in":null,"coord_ref_imported_from":"Q48183","osm_api_check_2026_09_27":"nothing nearby"}},{"type":"Feature","geometry":{"type":"Point","coordinates":[14.374104,50.29723]},"properties":{"wikidata":"Q38191625","name":"Zbytky synagogy","class":"synagogue","osm_tag_hint":"building=synagogue / amenity=place_of_worship + religion=jewish","coord_ref_stated_in":"Q41593640","coord_ref_imported_from":null}},{"type":"Feature","geometry":{"type":"Point","coordinates":[14.177519,49.148472]},"properties":{"wikidata":"Q4027113","name":"Synagoga ve Vodňanech","class":"synagogue","osm_tag_hint":"building=synagogue / amenity=place_of_worship + religion=jewish","coord_ref_stated_in":null,"coord_ref_imported_from":"Q48183"}},{"type":"Feature","geometry":{"type":"Point","coordinates":[14.873533,50.373118]},"properties":{"wikidata":"Q140914788","name":"Synagoga v Zámostí","class":"synagogue","osm_tag_hint":"building=synagogue / amenity=place_of_worship + religion=jewish","coord_ref_stated_in":null,"coord_ref_imported_from":null}},{"type":"Feature","geometry":{"type":"Point","coordinates":[16.466299,50.164174]},"properties":{"wikidata":"Q136404983","name":"Synagoga v Rokytnici v Orlických horách","class":"synagogue","osm_tag_hint":"building=synagogue / amenity=place_of_worship + religion=jewish","coord_ref_stated_in":null,"coord_ref_imported_from":null}},{"type":"Feature","geometry":{"type":"Point","coordinates":[18.443,49.847]},"properties":{"wikidata":"Q27866225","name":"Synagoga v Orlové","class":"synagogue","osm_tag_hint":"building=synagogue / amenity=place_of_worship + religion=jewish","coord_ref_stated_in":null,"coord_ref_imported_from":"Q48183"}},{"type":"Feature","geometry":{"type":"Point","coordinates":[17.451655,49.453727]},"properties":{"wikidata":"Q29017643","name":"kostel svatého Cyrila a Metoděje","class":"synagogue","osm_tag_hint":"building=synagogue / amenity=place_of_worship + religion=jewish","coord_ref_stated_in":null,"coord_ref_imported_from":null}},{"type":"Feature","geometry":{"type":"Point","coordinates":[13.286281,49.481486]},"properties":{"wikidata":"Q140763749","name":"Synagoga","class":"synagogue","osm_tag_hint":"building=synagogue / amenity=place_of_worship + religion=jewish","coord_ref_stated_in":null,"coord_ref_imported_from":null}},{"type":"Feature","geometry":{"type":"Point","coordinates":[14.209935,49.953255]},"properties":{"wikidata":"Q19368388","name":"Synagoga v Mořině","class":"synagogue","osm_tag_hint":"building=synagogue / amenity=place_of_worship + religion=jewish","coord_ref_stated_in":null,"coord_ref_imported_from":"Q48183"}},{"type":"Feature","geometry":{"type":"Point","coordinates":[17.301131,49.353466]},"properties":{"wikidata":"Q18812918","name":"bývalá synagoga v Kojetíně","class":"synagogue","osm_tag_hint":"building=synagogue / amenity=place_of_worship + religion=jewish","coord_ref_stated_in":null,"coord_ref_imported_from":"Q48183"}},{"type":"Feature","geometry":{"type":"Point","coordinates":[15.816142,50.430443]},"properties":{"wikidata":"Q136379182","name":"Synagoga ve Dvoře Králové nad Labem","class":"synagogue","osm_tag_hint":"building=synagogue / amenity=place_of_worship + religion=jewish","coord_ref_stated_in":null,"coord_ref_imported_from":null}},{"type":"Feature","geometry":{"type":"Point","coordinates":[14.197111,50.776083]},"properties":{"wikidata":"Q1522474","name":"Synagoga v Děčíně-Podmoklech","class":"synagogue","osm_tag_hint":"building=synagogue / amenity=place_of_worship + religion=jewish","coord_ref_stated_in":null,"coord_ref_imported_from":"Q48183"}},{"type":"Feature","geometry":{"type":"Point","coordinates":[18.186113,49.897956]},"properties":{"wikidata":"Q29015535","name":"Synagoga v Hlučíně","class":"synagogue","osm_tag_hint":"building=synagogue / amenity=place_of_worship + religion=jewish","coord_ref_stated_in":null,"coord_ref_imported_from":null}},{"type":"Feature","geometry":{"type":"Point","coordinates":[15.458333,50.154444]},"properties":{"wikidata":"Q28791962","name":"synagoga v Chlumci nad Cidlinou","class":"synagogue","osm_tag_hint":"building=synagogue / amenity=place_of_worship + religion=jewish","coord_ref_stated_in":null,"coord_ref_imported_from":"Q191168"}},{"type":"Feature","geometry":{"type":"Point","coordinates":[14.206638,49.992202]},"properties":{"wikidata":"Q140915858","name":"Synagoga ve Vysokém Újezdu","class":"synagogue","osm_tag_hint":"building=synagogue / amenity=place_of_worship + religion=jewish","coord_ref_stated_in":null,"coord_ref_imported_from":null}},{"type":"Feature","geometry":{"type":"Point","coordinates":[14.583876,50.227046]},"properties":{"wikidata":"Q18807513","name":"Synagoga v Kostelci nad Labem","class":"synagogue","osm_tag_hint":"building=synagogue / amenity=place_of_worship + religion=jewish","coord_ref_stated_in":null,"coord_ref_imported_from":"Q48183","osm_api_check_2026_09_27":"nothing nearby"}},{"type":"Feature","geometry":{"type":"Point","coordinates":[13.828192,49.113647]},"properties":{"wikidata":"Q3893501","name":"synagoga ve Čkyni","class":"synagogue","osm_tag_hint":"building=synagogue / amenity=place_of_worship + religion=jewish","coord_ref_stated_in":null,"coord_ref_imported_from":"Q48183"}},{"type":"Feature","geometry":{"type":"Point","coordinates":[14.38595,50.2324]},"properties":{"wikidata":"Q28758231","name":"Synagoga v Postřižíně","class":"synagogue","osm_tag_hint":"building=synagogue / amenity=place_of_worship + religion=jewish","coord_ref_stated_in":null,"coord_ref_imported_from":"Q48183"}},{"type":"Feature","geometry":{"type":"Point","coordinates":[14.677678,49.878664]},"properties":{"wikidata":"Q18920182","name":"Synagoga Pyšely","class":"synagogue","osm_tag_hint":"building=synagogue / amenity=place_of_worship + religion=jewish","coord_ref_stated_in":null,"coord_ref_imported_from":"Q48183"}},{"type":"Feature","geometry":{"type":"Point","coordinates":[15.064328,49.880031]},"properties":{"wikidata":"Q19941880","name":"Synagoga v Uhlířských Janovicích","class":"synagogue","osm_tag_hint":"building=synagogue / amenity=place_of_worship + religion=jewish","coord_ref_stated_in":null,"coord_ref_imported_from":"Q191168"}},{"type":"Feature","geometry":{"type":"Point","coordinates":[14.336969,49.553103]},"properties":{"wikidata":"Q26461468","name":"Synagoga v Petrovicích","class":"synagogue","osm_tag_hint":"building=synagogue / amenity=place_of_worship + religion=jewish","coord_ref_stated_in":null,"coord_ref_imported_from":null}},{"type":"Feature","geometry":{"type":"Point","coordinates":[16.712157,49.633773]},"properties":{"wikidata":"Q22911677","name":"synagoga v Jevíčku","class":"synagogue","osm_tag_hint":"building=synagogue / amenity=place_of_worship + religion=jewish","coord_ref_stated_in":null,"coord_ref_imported_from":"Q48183"}},{"type":"Feature","geometry":{"type":"Point","coordinates":[14.876435,50.056496]},"properties":{"wikidata":"Q23070977","name":"Bývalá synagoga v Přistoupimi","class":"synagogue","osm_tag_hint":"building=synagogue / amenity=place_of_worship + religion=jewish","coord_ref_stated_in":"Q12035233","coord_ref_imported_from":null}},{"type":"Feature","geometry":{"type":"Point","coordinates":[15.560558,50.038699]},"properties":{"wikidata":"Q131056418","name":"synagoga v Přelouči","class":"synagogue","osm_tag_hint":"building=synagogue / amenity=place_of_worship + religion=jewish","coord_ref_stated_in":null,"coord_ref_imported_from":null}},{"type":"Feature","geometry":{"type":"Point","coordinates":[14.47224,50.10554]},"properties":{"wikidata":"Q2424136","name":"Stará synagoga","class":"synagogue","osm_tag_hint":"building=synagogue / amenity=place_of_worship + religion=jewish","coord_ref_stated_in":null,"coord_ref_imported_from":"Q191168"}},{"type":"Feature","geometry":{"type":"Point","coordinates":[13.950541,49.558494]},"properties":{"wikidata":"Q19368649","name":"Synagoga v Březnici","class":"synagogue","osm_tag_hint":"building=synagogue / amenity=place_of_worship + religion=jewish","coord_ref_stated_in":null,"coord_ref_imported_from":"Q191168"}},{"type":"Feature","geometry":{"type":"Point","coordinates":[15.077111,49.300502]},"properties":{"wikidata":"Q98917863","name":"stará synagoga v Kamenici nad Lipou","class":"synagogue","osm_tag_hint":"building=synagogue / amenity=place_of_worship + religion=jewish","coord_ref_stated_in":null,"coord_ref_imported_from":null}},{"type":"Feature","geometry":{"type":"Point","coordinates":[13.832556,50.641502]},"properties":{"wikidata":"Q997735","name":"Nová synagoga v Teplicích","class":"synagogue","osm_tag_hint":"building=synagogue / amenity=place_of_worship + religion=jewish","coord_ref_stated_in":null,"coord_ref_imported_from":"Q48183"}},{"type":"Feature","geometry":{"type":"Point","coordinates":[15.990682,49.882064]},"properties":{"wikidata":"Q55753837","name":"synagoga v Hroubovicích","class":"synagogue","osm_tag_hint":"building=synagogue / amenity=place_of_worship + religion=jewish","coord_ref_stated_in":null,"coord_ref_imported_from":null}},{"type":"Feature","geometry":{"type":"Point","coordinates":[14.384103,50.068081]},"properties":{"wikidata":"Q9349238","name":"Košířská synagoga","class":"synagogue","osm_tag_hint":"building=synagogue / amenity=place_of_worship + religion=jewish","coord_ref_stated_in":null,"coord_ref_imported_from":null}},{"type":"Feature","geometry":{"type":"Point","coordinates":[15.0584,50.7715]},"properties":{"wikidata":"Q5652053","name":"Stará synagoga v Liberci","class":"synagogue","osm_tag_hint":"building=synagogue / amenity=place_of_worship + religion=jewish","coord_ref_stated_in":null,"coord_ref_imported_from":"Q191168"}},{"type":"Feature","geometry":{"type":"Point","coordinates":[14.745623,49.299191]},"properties":{"wikidata":"Q65245607","name":"synagoga v Myslkovicích","class":"synagogue","osm_tag_hint":"building=synagogue / amenity=place_of_worship + religion=jewish","coord_ref_stated_in":null,"coord_ref_imported_from":"Q191168"}},{"type":"Feature","geometry":{"type":"Point","coordinates":[16.307735,49.873811]},"properties":{"wikidata":"Q9349885","name":"Synagoga v Litomyšli","class":"synagogue","osm_tag_hint":"building=synagogue / amenity=place_of_worship + religion=jewish","coord_ref_stated_in":null,"coord_ref_imported_from":null}},{"type":"Feature","geometry":{"type":"Point","coordinates":[15.396556,49.314361]},"properties":{"wikidata":"Q5307962","name":"Synagoga v Batelově","class":"synagogue","osm_tag_hint":"building=synagogue / amenity=place_of_worship + religion=jewish","coord_ref_stated_in":null,"coord_ref_imported_from":"Q48183"}},{"type":"Feature","geometry":{"type":"Point","coordinates":[17.57715,49.33422]},"properties":{"wikidata":"Q8042888","name":"Šachova synagoga","class":"synagogue","osm_tag_hint":"building=synagogue / amenity=place_of_worship + religion=jewish","coord_ref_stated_in":null,"coord_ref_imported_from":"Q48183","osm_api_check_2026_09_27":"OSM object nearby"}},{"type":"Feature","geometry":{"type":"Point","coordinates":[14.4726,48.9707]},"properties":{"wikidata":"Q8311756","name":"Synagoga v Českých Budějovicích","class":"synagogue","osm_tag_hint":"building=synagogue / amenity=place_of_worship + religion=jewish","coord_ref_stated_in":null,"coord_ref_imported_from":"Q191168"}},{"type":"Feature","geometry":{"type":"Point","coordinates":[17.1647,49.1071]},"properties":{"wikidata":"Q9349839","name":"Synagoga v Koryčanech","class":"synagogue","osm_tag_hint":"building=synagogue / amenity=place_of_worship + religion=jewish","coord_ref_stated_in":null,"coord_ref_imported_from":"Q191168"}},{"type":"Feature","geometry":{"type":"Point","coordinates":[13.328889,49.573889]},"properties":{"wikidata":"Q68590299","name":"Synagoga v Přešticích","class":"synagogue","osm_tag_hint":"building=synagogue / amenity=place_of_worship + religion=jewish","coord_ref_stated_in":null,"coord_ref_imported_from":null}},{"type":"Feature","geometry":{"type":"Point","coordinates":[12.8781,50.2258]},"properties":{"wikidata":"Q9349815","name":"Synagoga v Karlových Varech","class":"synagogue","osm_tag_hint":"building=synagogue / amenity=place_of_worship + religion=jewish","coord_ref_stated_in":null,"coord_ref_imported_from":"Q191168"}},{"type":"Feature","geometry":{"type":"Point","coordinates":[17.0933,49.3039]},"properties":{"wikidata":"Q9349793","name":"Synagoga v Ivanovicích na Hané","class":"synagogue","osm_tag_hint":"building=synagogue / amenity=place_of_worship + religion=jewish","coord_ref_stated_in":null,"coord_ref_imported_from":"Q191168"}},{"type":"Feature","geometry":{"type":"Point","coordinates":[15.8378,50.2117]},"properties":{"wikidata":"Q9349787","name":"Synagoga v Hradci Králové","class":"synagogue","osm_tag_hint":"building=synagogue / amenity=place_of_worship + religion=jewish","coord_ref_stated_in":null,"coord_ref_imported_from":"Q191168"}},{"type":"Feature","geometry":{"type":"Point","coordinates":[16.259486,50.107392]},"properties":{"wikidata":"Q9349738","name":"synagoga","class":"synagogue","osm_tag_hint":"building=synagogue / amenity=place_of_worship + religion=jewish","coord_ref_stated_in":null,"coord_ref_imported_from":null}},{"type":"Feature","geometry":{"type":"Point","coordinates":[14.17,49.7818]},"properties":{"wikidata":"Q8303287","name":"Stará synagoga v Dobříši","class":"synagogue","osm_tag_hint":"building=synagogue / amenity=place_of_worship + religion=jewish","coord_ref_stated_in":null,"coord_ref_imported_from":"Q191168"}},{"type":"Feature","geometry":{"type":"Point","coordinates":[13.520208,49.231161]},"properties":{"wikidata":"Q65245609","name":"synagoga v Sušici","class":"synagogue","osm_tag_hint":"building=synagogue / amenity=place_of_worship + religion=jewish","coord_ref_stated_in":null,"coord_ref_imported_from":"Q191168"}},{"type":"Feature","geometry":{"type":"Point","coordinates":[18.623638,49.746721]},"properties":{"wikidata":"Q9349724","name":"Synagoga v Českém Těšíně","class":"synagogue","osm_tag_hint":"building=synagogue / amenity=place_of_worship + religion=jewish","coord_ref_stated_in":null,"coord_ref_imported_from":"Q191168"}},{"type":"Feature","geometry":{"type":"Point","coordinates":[14.4208,50.0903]},"properties":{"wikidata":"Q9343900","name":"Stará škola","class":"synagogue","osm_tag_hint":"building=synagogue / amenity=place_of_worship + religion=jewish","coord_ref_stated_in":null,"coord_ref_imported_from":"Q191168"}},{"type":"Feature","geometry":{"type":"Point","coordinates":[12.633553,49.794547]},"properties":{"wikidata":"Q87487373","name":"nová synagoga v Tachově","class":"synagogue","osm_tag_hint":"building=synagogue / amenity=place_of_worship + religion=jewish","coord_ref_stated_in":null,"coord_ref_imported_from":null}},{"type":"Feature","geometry":{"type":"Point","coordinates":[14.54015,50.68464]},"properties":{"wikidata":"Q9349723","name":"Synagoga v České Lípě","class":"synagogue","osm_tag_hint":"building=synagogue / amenity=place_of_worship + religion=jewish","coord_ref_stated_in":null,"coord_ref_imported_from":"Q48183"}},{"type":"Feature","geometry":{"type":"Point","coordinates":[14.41923,50.09074]},"properties":{"wikidata":"Q9349070","name":"Cikánova synagoga","class":"synagogue","osm_tag_hint":"building=synagogue / amenity=place_of_worship + religion=jewish","coord_ref_stated_in":null,"coord_ref_imported_from":null}},{"type":"Feature","geometry":{"type":"Point","coordinates":[18.619978,49.746766]},"properties":{"wikidata":"Q9349286","name":"synagoga Český Těšín","class":"synagogue","osm_tag_hint":"building=synagogue / amenity=place_of_worship + religion=jewish","coord_ref_stated_in":null,"coord_ref_imported_from":null}},{"type":"Feature","geometry":{"type":"Point","coordinates":[14.417014,50.090861]},"properties":{"wikidata":"Q9349410","name":"Popperova synagoga","class":"synagogue","osm_tag_hint":"building=synagogue / amenity=place_of_worship + religion=jewish","coord_ref_stated_in":null,"coord_ref_imported_from":null}},{"type":"Feature","geometry":{"type":"Point","coordinates":[14.4181,50.0919]},"properties":{"wikidata":"Q9349506","name":"Velkodvorská synagoga","class":"synagogue","osm_tag_hint":"building=synagogue / amenity=place_of_worship + religion=jewish","coord_ref_stated_in":null,"coord_ref_imported_from":"Q191168"}},{"type":"Feature","geometry":{"type":"Point","coordinates":[14.4405,50.0744]},"properties":{"wikidata":"Q9349513","name":"Vinohradská synagoga","class":"synagogue","osm_tag_hint":"building=synagogue / amenity=place_of_worship + religion=jewish","coord_ref_stated_in":null,"coord_ref_imported_from":"Q191168"}},{"type":"Feature","geometry":{"type":"Point","coordinates":[14.01167,49.68889]},"properties":{"wikidata":"Q87491389","name":"synagoga v Příbrami","class":"synagogue","osm_tag_hint":"building=synagogue / amenity=place_of_worship + religion=jewish","coord_ref_stated_in":null,"coord_ref_imported_from":null}},{"type":"Feature","geometry":{"type":"Point","coordinates":[13.247686,50.103828]},"properties":{"wikidata":"Q9349710","name":"synagoga v Chyši","class":"synagogue","osm_tag_hint":"building=synagogue / amenity=place_of_worship + religion=jewish","coord_ref_stated_in":null,"coord_ref_imported_from":null}},{"type":"Feature","geometry":{"type":"Point","coordinates":[17.2653,48.975]},"properties":{"wikidata":"Q9349695","name":"Synagoga v Bzenci","class":"synagogue","osm_tag_hint":"building=synagogue / amenity=place_of_worship + religion=jewish","coord_ref_stated_in":null,"coord_ref_imported_from":"Q191168"}},{"type":"Feature","geometry":{"type":"Point","coordinates":[16.523956,48.980222]},"properties":{"wikidata":"Q50755407","name":"synagoga","class":"synagogue","osm_tag_hint":"building=synagogue / amenity=place_of_worship + religion=jewish","coord_ref_stated_in":null,"coord_ref_imported_from":null}},{"type":"Feature","geometry":{"type":"Point","coordinates":[17.01041,49.80087]},"properties":{"wikidata":"Q9350238","name":"Synagoga v Úsově","class":"synagogue","osm_tag_hint":"building=synagogue / amenity=place_of_worship + religion=jewish","coord_ref_stated_in":null,"coord_ref_imported_from":"Q48183"}},{"type":"Feature","geometry":{"type":"Point","coordinates":[16.4639,50.0889]},"properties":{"wikidata":"Q9350283","name":"Synagoga v Žamberku","class":"synagogue","osm_tag_hint":"building=synagogue / amenity=place_of_worship + religion=jewish","coord_ref_stated_in":null,"coord_ref_imported_from":"Q191168"}},{"type":"Feature","geometry":{"type":"Point","coordinates":[17.0014,49.2769]},"properties":{"wikidata":"Q9350175","name":"sbor Dr. Karla Farského","class":"synagogue","osm_tag_hint":"building=synagogue / amenity=place_of_worship + religion=jewish","coord_ref_stated_in":null,"coord_ref_imported_from":"Q191168"}},{"type":"Feature","geometry":{"type":"Point","coordinates":[18.345,49.6881]},"properties":{"wikidata":"Q9350287","name":"Synagoga ve Frýdku","class":"synagogue","osm_tag_hint":"building=synagogue / amenity=place_of_worship + religion=jewish","coord_ref_stated_in":null,"coord_ref_imported_from":"Q191168"}},{"type":"Feature","geometry":{"type":"Point","coordinates":[17.3787,48.9525]},"properties":{"wikidata":"Q9350173","name":"synagoga ve Veselí nad Moravou","class":"synagogue","osm_tag_hint":"building=synagogue / amenity=place_of_worship + religion=jewish","coord_ref_stated_in":null,"coord_ref_imported_from":"Q191168"}},{"type":"Feature","geometry":{"type":"Point","coordinates":[17.4619,49.0703]},"properties":{"wikidata":"Q9350167","name":"Synagoga v Uherském Hradišti","class":"synagogue","osm_tag_hint":"building=synagogue / amenity=place_of_worship + religion=jewish","coord_ref_stated_in":null,"coord_ref_imported_from":"Q191168"}},{"type":"Feature","geometry":{"type":"Point","coordinates":[14.147069,50.510457]},"properties":{"wikidata":"Q9350152","name":"Synagoga v Terezíně","class":"synagogue","osm_tag_hint":"building=synagogue / amenity=place_of_worship + religion=jewish","coord_ref_stated_in":null,"coord_ref_imported_from":null}},{"type":"Feature","geometry":{"type":"Point","coordinates":[16.8752,49.1525]},"properties":{"wikidata":"Q9350137","name":"Synagoga ve Slavkově u Brna","class":"synagogue","osm_tag_hint":"building=synagogue / amenity=place_of_worship + religion=jewish","coord_ref_stated_in":null,"coord_ref_imported_from":"Q191168"}},{"type":"Feature","geometry":{"type":"Point","coordinates":[18.00864,49.59592]},"properties":{"wikidata":"Q51880058","name":"Synagoga v Novém Jičíně","class":"synagogue","osm_tag_hint":"building=synagogue / amenity=place_of_worship + religion=jewish","coord_ref_stated_in":null,"coord_ref_imported_from":null}},{"type":"Feature","geometry":{"type":"Point","coordinates":[16.026833,49.893108]},"properties":{"wikidata":"Q9349900","name":"synagoga v Luži","class":"synagogue","osm_tag_hint":"building=synagogue / amenity=place_of_worship + religion=jewish","coord_ref_stated_in":null,"coord_ref_imported_from":null}},{"type":"Feature","geometry":{"type":"Point","coordinates":[16.166667,50.4]},"properties":{"wikidata":"Q9349955","name":"Synagoga v Náchodě","class":"synagogue","osm_tag_hint":"building=synagogue / amenity=place_of_worship + religion=jewish","coord_ref_stated_in":null,"coord_ref_imported_from":null}},{"type":"Feature","geometry":{"type":"Point","coordinates":[13.6061,49.8563]},"properties":{"wikidata":"Q9350033","name":"Synagoga v Radnicích","class":"synagogue","osm_tag_hint":"building=synagogue / amenity=place_of_worship + religion=jewish","coord_ref_stated_in":null,"coord_ref_imported_from":"Q191168"}},{"type":"Feature","geometry":{"type":"Point","coordinates":[16.61603,49.19035]},"properties":{"wikidata":"Q9372842","name":"Velká synagoga","class":"synagogue","osm_tag_hint":"building=synagogue / amenity=place_of_worship + religion=jewish","coord_ref_stated_in":null,"coord_ref_imported_from":"Q565"}},{"type":"Feature","geometry":{"type":"Point","coordinates":[15.954847,50.414914]},"properties":{"wikidata":"Q29951480","name":"synagoga ve Velké Bukovině","class":"synagogue","osm_tag_hint":"building=synagogue / amenity=place_of_worship + religion=jewish","coord_ref_stated_in":null,"coord_ref_imported_from":null}},{"type":"Feature","geometry":{"type":"Point","coordinates":[17.8969,49.9392]},"properties":{"wikidata":"Q3505015","name":"Synagoga v Opavě","class":"synagogue","osm_tag_hint":"building=synagogue / amenity=place_of_worship + religion=jewish","coord_ref_stated_in":null,"coord_ref_imported_from":"Q191168"}},{"type":"Feature","geometry":{"type":"Point","coordinates":[14.042635,50.671438]},"properties":{"wikidata":"Q118920289","name":"Stříbrnický vodopád","class":"waterfall","osm_tag_hint":"waterway=waterfall","coord_ref_stated_in":null,"coord_ref_imported_from":null}},{"type":"Feature","geometry":{"type":"Point","coordinates":[13.35896,50.24702]},"properties":{"wikidata":"Q120174932","name":"Velké kaskády","class":"waterfall","osm_tag_hint":"waterway=waterfall","coord_ref_stated_in":null,"coord_ref_imported_from":null}},{"type":"Feature","geometry":{"type":"Point","coordinates":[16.185752,50.326493]},"properties":{"wikidata":"Q107695876","name":"Zákraví","class":"waterfall","osm_tag_hint":"waterway=waterfall","coord_ref_stated_in":null,"coord_ref_imported_from":null}},{"type":"Feature","geometry":{"type":"Point","coordinates":[17.42632,49.543981]},"properties":{"wikidata":"Q110016510","name":"Tršický vodopád","class":"waterfall","osm_tag_hint":"waterway=waterfall","coord_ref_stated_in":null,"coord_ref_imported_from":null}},{"type":"Feature","geometry":{"type":"Point","coordinates":[14.453694,48.998833]},"properties":{"wikidata":"Q136221937","name":"Vodopád Krčínova","class":"waterfall","osm_tag_hint":"waterway=waterfall","coord_ref_stated_in":null,"coord_ref_imported_from":null}},{"type":"Feature","geometry":{"type":"Point","coordinates":[13.299028,50.022425]},"properties":{"wikidata":"Q123190972","name":"Kotanečský vodopád","class":"waterfall","osm_tag_hint":"waterway=waterfall","coord_ref_stated_in":"Q123115713","coord_ref_imported_from":null}},{"type":"Feature","geometry":{"type":"Point","coordinates":[13.393939,49.991038]},"properties":{"wikidata":"Q123190969","name":"Řemešínský vodopád","class":"waterfall","osm_tag_hint":"waterway=waterfall","coord_ref_stated_in":"Q123115713","coord_ref_imported_from":null}},{"type":"Feature","geometry":{"type":"Point","coordinates":[15.225797,50.654498]},"properties":{"wikidata":"Q123191202","name":"Splzovský vodopád","class":"waterfall","osm_tag_hint":"waterway=waterfall","coord_ref_stated_in":"Q123115713","coord_ref_imported_from":null}},{"type":"Feature","geometry":{"type":"Point","coordinates":[13.281757,50.040403]},"properties":{"wikidata":"Q123190970","name":"Rabštejnské vodopády","class":"waterfall","osm_tag_hint":"waterway=waterfall","coord_ref_stated_in":"Q123115713","coord_ref_imported_from":null}},{"type":"Feature","geometry":{"type":"Point","coordinates":[15.32761,50.666462]},"properties":{"wikidata":"Q123191201","name":"Strážnické vodopády","class":"waterfall","osm_tag_hint":"waterway=waterfall","coord_ref_stated_in":"Q123115713","coord_ref_imported_from":null}},{"type":"Feature","geometry":{"type":"Point","coordinates":[13.350808,49.963306]},"properties":{"wikidata":"Q123190971","name":"Ondřejovské vodopády","class":"waterfall","osm_tag_hint":"waterway=waterfall","coord_ref_stated_in":"Q123115713","coord_ref_imported_from":null}},{"type":"Feature","geometry":{"type":"Point","coordinates":[15.319106,50.691023]},"properties":{"wikidata":"Q123191204","name":"Držkovské vodopády","class":"waterfall","osm_tag_hint":"waterway=waterfall","coord_ref_stated_in":null,"coord_ref_imported_from":null}},{"type":"Feature","geometry":{"type":"Point","coordinates":[14.624695,49.413319]},"properties":{"wikidata":"Q123190935","name":"Vodopád pod Chlumem","class":"waterfall","osm_tag_hint":"waterway=waterfall","coord_ref_stated_in":"Q123115713","coord_ref_imported_from":null}},{"type":"Feature","geometry":{"type":"Point","coordinates":[13.473868,49.905474]},"properties":{"wikidata":"Q123190973","name":"Vodopády u Koryt","class":"waterfall","osm_tag_hint":"waterway=waterfall","coord_ref_stated_in":"Q123115713","coord_ref_imported_from":null}},{"type":"Feature","geometry":{"type":"Point","coordinates":[13.358867,49.950086]},"properties":{"wikidata":"Q123190974","name":"Korýtkovské vodopády","class":"waterfall","osm_tag_hint":"waterway=waterfall","coord_ref_stated_in":"Q123115713","coord_ref_imported_from":null}},{"type":"Feature","geometry":{"type":"Point","coordinates":[13.522194,49.917114]},"properties":{"wikidata":"Q123190978","name":"Vodopády Boreckého potoka","class":"waterfall","osm_tag_hint":"waterway=waterfall","coord_ref_stated_in":"Q123115713","coord_ref_imported_from":null}},{"type":"Feature","geometry":{"type":"Point","coordinates":[17.13143,50.178767]},"properties":{"wikidata":"Q109933957","name":"vodopády Bystrého potoka","class":"waterfall","osm_tag_hint":"waterway=waterfall","coord_ref_stated_in":"Q123115713","coord_ref_imported_from":null}},{"type":"Feature","geometry":{"type":"Point","coordinates":[15.237056,49.483025]},"properties":{"wikidata":"Q123190941","name":"Prasátkové vodopády","class":"waterfall","osm_tag_hint":"waterway=waterfall","coord_ref_stated_in":"Q123115713","coord_ref_imported_from":null}},{"type":"Feature","geometry":{"type":"Point","coordinates":[15.32407,50.672617]},"properties":{"wikidata":"Q123191203","name":"Matouškův vodopád","class":"waterfall","osm_tag_hint":"waterway=waterfall","coord_ref_stated_in":"Q123115713","coord_ref_imported_from":null}},{"type":"Feature","geometry":{"type":"Point","coordinates":[14.547742,49.38428]},"properties":{"wikidata":"Q123190939","name":"Bečický vodopád","class":"waterfall","osm_tag_hint":"waterway=waterfall","coord_ref_stated_in":"Q123115713","coord_ref_imported_from":null}},{"type":"Feature","geometry":{"type":"Point","coordinates":[14.449776,49.848489]},"properties":{"wikidata":"Q105635512","name":"Kletecký vodopád","class":"waterfall","osm_tag_hint":"waterway=waterfall","coord_ref_stated_in":"Q12035233,Q123115713","coord_ref_imported_from":null}},{"type":"Feature","geometry":{"type":"Point","coordinates":[15.789756,49.858947]},"properties":{"wikidata":"Q123190943","name":"Hradišťský vodopád","class":"waterfall","osm_tag_hint":"waterway=waterfall","coord_ref_stated_in":"Q123115713","coord_ref_imported_from":null}},{"type":"Feature","geometry":{"type":"Point","coordinates":[15.697164,49.719039]},"properties":{"wikidata":"Q123190944","name":"Geologický vodopád","class":"waterfall","osm_tag_hint":"waterway=waterfall","coord_ref_stated_in":"Q123115713","coord_ref_imported_from":null}},{"type":"Feature","geometry":{"type":"Point","coordinates":[14.58627,49.396997]},"properties":{"wikidata":"Q123190938","name":"Dražičkovské vodopády","class":"waterfall","osm_tag_hint":"waterway=waterfall","coord_ref_stated_in":"Q123115713","coord_ref_imported_from":null}},{"type":"Feature","geometry":{"type":"Point","coordinates":[14.594819,49.4066]},"properties":{"wikidata":"Q123190936","name":"Vodopád pod Hlavinami","class":"waterfall","osm_tag_hint":"waterway=waterfall","coord_ref_stated_in":"Q123115713","coord_ref_imported_from":null}},{"type":"Feature","geometry":{"type":"Point","coordinates":[16.371129,49.375858]},"properties":{"wikidata":"Q123190962","name":"Vodopády Kalského potoka","class":"waterfall","osm_tag_hint":"waterway=waterfall","coord_ref_stated_in":"Q123115713","coord_ref_imported_from":null}},{"type":"Feature","geometry":{"type":"Point","coordinates":[16.330536,49.407003]},"properties":{"wikidata":"Q123190963","name":"Boračské vodopády","class":"waterfall","osm_tag_hint":"waterway=waterfall","coord_ref_stated_in":"Q123115713","coord_ref_imported_from":null}},{"type":"Feature","geometry":{"type":"Point","coordinates":[13.737405,50.073753]},"properties":{"wikidata":"Q123190964","name":"Pavlíkovské vodopády","class":"waterfall","osm_tag_hint":"waterway=waterfall","coord_ref_stated_in":"Q123115713","coord_ref_imported_from":null}},{"type":"Feature","geometry":{"type":"Point","coordinates":[13.381164,49.949361]},"properties":{"wikidata":"Q123190965","name":"Žebnický vodopád","class":"waterfall","osm_tag_hint":"waterway=waterfall","coord_ref_stated_in":"Q123115713","coord_ref_imported_from":null}},{"type":"Feature","geometry":{"type":"Point","coordinates":[13.279245,50.049434]},"properties":{"wikidata":"Q123190966","name":"Vodopád Za Můstkem","class":"waterfall","osm_tag_hint":"waterway=waterfall","coord_ref_stated_in":"Q123115713","coord_ref_imported_from":null}},{"type":"Feature","geometry":{"type":"Point","coordinates":[14.6245,49.407956]},"properties":{"wikidata":"Q123190937","name":"Vodopád u Harachovky","class":"waterfall","osm_tag_hint":"waterway=waterfall","coord_ref_stated_in":"Q123115713","coord_ref_imported_from":null}},{"type":"Feature","geometry":{"type":"Point","coordinates":[13.309667,49.984972]},"properties":{"wikidata":"Q123190967","name":"Štichovické vodopády","class":"waterfall","osm_tag_hint":"waterway=waterfall","coord_ref_stated_in":"Q123115713","coord_ref_imported_from":null}},{"type":"Feature","geometry":{"type":"Point","coordinates":[13.700714,49.958683]},"properties":{"wikidata":"Q123191002","name":"Vodopády Na Čůráčkách","class":"waterfall","osm_tag_hint":"waterway=waterfall","coord_ref_stated_in":"Q123115713","coord_ref_imported_from":null}},{"type":"Feature","geometry":{"type":"Point","coordinates":[13.5855,49.950822]},"properties":{"wikidata":"Q123190992","name":"Krašovské vodopády","class":"waterfall","osm_tag_hint":"waterway=waterfall","coord_ref_stated_in":"Q123115713","coord_ref_imported_from":null}},{"type":"Feature","geometry":{"type":"Point","coordinates":[15.651855,50.72614]},"properties":{"wikidata":"Q123191193","name":"Kaskáda dolského potoka","class":"waterfall","osm_tag_hint":"waterway=waterfall","coord_ref_stated_in":"Q123115713","coord_ref_imported_from":null}},{"type":"Feature","geometry":{"type":"Point","coordinates":[15.784014,50.733618]},"properties":{"wikidata":"Q123191192","name":"Doubravův vodopád","class":"waterfall","osm_tag_hint":"waterway=waterfall","coord_ref_stated_in":"Q123115713","coord_ref_imported_from":null}},{"type":"Feature","geometry":{"type":"Point","coordinates":[14.256753,49.899631]},"properties":{"wikidata":"Q123190996","name":"Vodopád na Kejné","class":"waterfall","osm_tag_hint":"waterway=waterfall","coord_ref_stated_in":"Q123115713","coord_ref_imported_from":null}},{"type":"Feature","geometry":{"type":"Point","coordinates":[13.527442,49.84264]},"properties":{"wikidata":"Q123190997","name":"Vodopády Kašpara Šternberka","class":"waterfall","osm_tag_hint":"waterway=waterfall","coord_ref_stated_in":"Q123115713","coord_ref_imported_from":null}},{"type":"Feature","geometry":{"type":"Point","coordinates":[13.771013,49.976292]},"properties":{"wikidata":"Q123190998","name":"Karáskův vodopád","class":"waterfall","osm_tag_hint":"waterway=waterfall","coord_ref_stated_in":"Q123115713","coord_ref_imported_from":null}},{"type":"Feature","geometry":{"type":"Point","coordinates":[15.583786,50.752733]},"properties":{"wikidata":"Q123191191","name":"Dvorské vodopády","class":"waterfall","osm_tag_hint":"waterway=waterfall","coord_ref_stated_in":"Q123115713","coord_ref_imported_from":null}},{"type":"Feature","geometry":{"type":"Point","coordinates":[13.511586,49.831503]},"properties":{"wikidata":"Q123191001","name":"Darovský vodopád","class":"waterfall","osm_tag_hint":"waterway=waterfall","coord_ref_stated_in":"Q123115713","coord_ref_imported_from":null}},{"type":"Feature","geometry":{"type":"Point","coordinates":[15.612561,50.747767]},"properties":{"wikidata":"Q123191194","name":"Vodopády na Červeném potoce","class":"waterfall","osm_tag_hint":"waterway=waterfall","coord_ref_stated_in":"Q123115713","coord_ref_imported_from":null}},{"type":"Feature","geometry":{"type":"Point","coordinates":[14.131637,49.92942]},"properties":{"wikidata":"Q123191003","name":"Vodopád v Císařské rokli","class":"waterfall","osm_tag_hint":"waterway=waterfall","coord_ref_stated_in":"Q123115713","coord_ref_imported_from":null}},{"type":"Feature","geometry":{"type":"Point","coordinates":[13.576439,49.919942]},"properties":{"wikidata":"Q123191004","name":"Bujesilské kaskády","class":"waterfall","osm_tag_hint":"waterway=waterfall","coord_ref_stated_in":"Q123115713","coord_ref_imported_from":null}},{"type":"Feature","geometry":{"type":"Point","coordinates":[15.547667,50.759578]},"properties":{"wikidata":"Q123191190","name":"Hančův vodopád","class":"waterfall","osm_tag_hint":"waterway=waterfall","coord_ref_stated_in":"Q123115713","coord_ref_imported_from":null}},{"type":"Feature","geometry":{"type":"Point","coordinates":[13.443172,49.77022]},"properties":{"wikidata":"Q123191005","name":"Bukovecký vodopád","class":"waterfall","osm_tag_hint":"waterway=waterfall","coord_ref_stated_in":"Q123115713","coord_ref_imported_from":null}},{"type":"Feature","geometry":{"type":"Point","coordinates":[15.632852,50.720138]},"properties":{"wikidata":"Q123191189","name":"Vodopády Hluboké strouhy","class":"waterfall","osm_tag_hint":"waterway=waterfall","coord_ref_stated_in":"Q123115713","coord_ref_imported_from":null}},{"type":"Feature","geometry":{"type":"Point","coordinates":[14.153981,49.948347]},"properties":{"wikidata":"Q123191006","name":"Bubovické vodopády","class":"waterfall","osm_tag_hint":"waterway=waterfall","coord_ref_stated_in":"Q123115713","coord_ref_imported_from":null}},{"type":"Feature","geometry":{"type":"Point","coordinates":[15.66175,50.7255]},"properties":{"wikidata":"Q123191188","name":"Vodopády Hrazeného potoka","class":"waterfall","osm_tag_hint":"waterway=waterfall","coord_ref_stated_in":"Q123115713","coord_ref_imported_from":null}},{"type":"Feature","geometry":{"type":"Point","coordinates":[13.60193,49.960039]},"properties":{"wikidata":"Q123191007","name":"Baborův vodopád","class":"waterfall","osm_tag_hint":"waterway=waterfall","coord_ref_stated_in":"Q123115713","coord_ref_imported_from":null}},{"type":"Feature","geometry":{"type":"Point","coordinates":[12.833112,49.824784]},"properties":{"wikidata":"Q123191008","name":"Třebelské vodopády","class":"waterfall","osm_tag_hint":"waterway=waterfall","coord_ref_stated_in":"Q123115713","coord_ref_imported_from":null}},{"type":"Feature","geometry":{"type":"Point","coordinates":[15.745042,50.667253]},"properties":{"wikidata":"Q123191187","name":"Javoří vodopády","class":"waterfall","osm_tag_hint":"waterway=waterfall","coord_ref_stated_in":"Q123115713","coord_ref_imported_from":null}},{"type":"Feature","geometry":{"type":"Point","coordinates":[14.029841,49.986509]},"properties":{"wikidata":"Q123190982","name":"Stradonické vodopády","class":"waterfall","osm_tag_hint":"waterway=waterfall","coord_ref_stated_in":"Q123115713","coord_ref_imported_from":null}},{"type":"Feature","geometry":{"type":"Point","coordinates":[13.176068,50.019823]},"properties":{"wikidata":"Q123190976","name":"Domašínský vodopád","class":"waterfall","osm_tag_hint":"waterway=waterfall","coord_ref_stated_in":"Q123115713","coord_ref_imported_from":null}},{"type":"Feature","geometry":{"type":"Point","coordinates":[15.325508,50.668425]},"properties":{"wikidata":"Q123191200","name":"Vlastibořský vodopád","class":"waterfall","osm_tag_hint":"waterway=waterfall","coord_ref_stated_in":"Q123115713","coord_ref_imported_from":null}},{"type":"Feature","geometry":{"type":"Point","coordinates":[13.264417,50.096597]},"properties":{"wikidata":"Q123190977","name":"Čichořický vodopády","class":"waterfall","osm_tag_hint":"waterway=waterfall","coord_ref_stated_in":"Q123115713","coord_ref_imported_from":null}},{"type":"Feature","geometry":{"type":"Point","coordinates":[15.261582,50.857183]},"properties":{"wikidata":"Q123191209","name":"Vodopády Smědé","class":"waterfall","osm_tag_hint":"waterway=waterfall","coord_ref_stated_in":"Q123115713","coord_ref_imported_from":null}},{"type":"Feature","geometry":{"type":"Point","coordinates":[13.235033,50.083964]},"properties":{"wikidata":"Q123190979","name":"Bohuslavské vodopády","class":"waterfall","osm_tag_hint":"waterway=waterfall","coord_ref_stated_in":"Q123115713","coord_ref_imported_from":null}},{"type":"Feature","geometry":{"type":"Point","coordinates":[15.642974,50.740866]},"properties":{"wikidata":"Q123191199","name":"Vodopády Bílého Labe","class":"waterfall","osm_tag_hint":"waterway=waterfall","coord_ref_stated_in":"Q123115713","coord_ref_imported_from":null}},{"type":"Feature","geometry":{"type":"Point","coordinates":[13.790349,49.974001]},"properties":{"wikidata":"Q123190980","name":"Týřovské vodopády","class":"waterfall","osm_tag_hint":"waterway=waterfall","coord_ref_stated_in":"Q123115713","coord_ref_imported_from":null}},{"type":"Feature","geometry":{"type":"Point","coordinates":[13.613111,49.941667]},"properties":{"wikidata":"Q123190981","name":"Třímanský vodopád","class":"waterfall","osm_tag_hint":"waterway=waterfall","coord_ref_stated_in":"Q123115713","coord_ref_imported_from":null}},{"type":"Feature","geometry":{"type":"Point","coordinates":[15.653664,50.721111]},"properties":{"wikidata":"Q123191198","name":"Vodopády Borůvkové strouhy","class":"waterfall","osm_tag_hint":"waterway=waterfall","coord_ref_stated_in":"Q123115713","coord_ref_imported_from":null}},{"type":"Feature","geometry":{"type":"Point","coordinates":[13.305639,50.025949]},"properties":{"wikidata":"Q123190975","name":"Vodopád Hlubokého potoka","class":"waterfall","osm_tag_hint":"waterway=waterfall","coord_ref_stated_in":"Q123115713","coord_ref_imported_from":null}},{"type":"Feature","geometry":{"type":"Point","coordinates":[15.76728,50.649554]},"properties":{"wikidata":"Q123191196","name":"Černohorské vodopády","class":"waterfall","osm_tag_hint":"waterway=waterfall","coord_ref_stated_in":"Q123115713","coord_ref_imported_from":null}},{"type":"Feature","geometry":{"type":"Point","coordinates":[13.861319,50.029375]},"properties":{"wikidata":"Q123190983","name":"Roztocké vodopády","class":"waterfall","osm_tag_hint":"waterway=waterfall","coord_ref_stated_in":"Q123115713","coord_ref_imported_from":null}},{"type":"Feature","geometry":{"type":"Point","coordinates":[13.631794,49.922142]},"properties":{"wikidata":"Q123190984","name":"vodopády Radubice","class":"waterfall","osm_tag_hint":"waterway=waterfall","coord_ref_stated_in":"Q123115713","coord_ref_imported_from":null}},{"type":"Feature","geometry":{"type":"Point","coordinates":[13.587124,49.907665]},"properties":{"wikidata":"Q123190985","name":"vodopády u Radnického potoka","class":"waterfall","osm_tag_hint":"waterway=waterfall","coord_ref_stated_in":null,"coord_ref_imported_from":null}},{"type":"Feature","geometry":{"type":"Point","coordinates":[13.529781,49.877722]},"properties":{"wikidata":"Q123190987","name":"Olešenské vodopády","class":"waterfall","osm_tag_hint":"waterway=waterfall","coord_ref_stated_in":"Q123115713","coord_ref_imported_from":null}},{"type":"Feature","geometry":{"type":"Point","coordinates":[15.622548,50.718692]},"properties":{"wikidata":"Q123191195","name":"Vodopády Černé strouhy","class":"waterfall","osm_tag_hint":"waterway=waterfall","coord_ref_stated_in":"Q123115713","coord_ref_imported_from":null}},{"type":"Feature","geometry":{"type":"Point","coordinates":[13.533468,49.808507]},"properties":{"wikidata":"Q123190988","name":"Lužnické kaskády","class":"waterfall","osm_tag_hint":"waterway=waterfall","coord_ref_stated_in":null,"coord_ref_imported_from":null}},{"type":"Feature","geometry":{"type":"Point","coordinates":[13.539325,49.919754]},"properties":{"wikidata":"Q123190989","name":"Loužecký vodopád","class":"waterfall","osm_tag_hint":"waterway=waterfall","coord_ref_stated_in":"Q123115713","coord_ref_imported_from":null}},{"type":"Feature","geometry":{"type":"Point","coordinates":[13.545795,49.897686]},"properties":{"wikidata":"Q123190990","name":"Libštejnský vodopád","class":"waterfall","osm_tag_hint":"waterway=waterfall","coord_ref_stated_in":"Q123115713","coord_ref_imported_from":null}},{"type":"Feature","geometry":{"type":"Point","coordinates":[13.545639,49.821997]},"properties":{"wikidata":"Q123190991","name":"Kříšský vodopád","class":"waterfall","osm_tag_hint":"waterway=waterfall","coord_ref_stated_in":"Q123115713","coord_ref_imported_from":null}},{"type":"Feature","geometry":{"type":"Point","coordinates":[14.210103,50.840503]},"properties":{"wikidata":"Q123191230","name":"Dolnožlebské vodopády","class":"waterfall","osm_tag_hint":"waterway=waterfall","coord_ref_stated_in":"Q123115713","coord_ref_imported_from":null}},{"type":"Feature","geometry":{"type":"Point","coordinates":[14.163216,50.7726]},"properties":{"wikidata":"Q123191240","name":"Jelení vodopády","class":"waterfall","osm_tag_hint":"waterway=waterfall","coord_ref_stated_in":"Q123115713","coord_ref_imported_from":null}},{"type":"Feature","geometry":{"type":"Point","coordinates":[14.578533,50.833711]},"properties":{"wikidata":"Q123191239","name":"Vodopád u Bukové skály","class":"waterfall","osm_tag_hint":"waterway=waterfall","coord_ref_stated_in":"Q123115713","coord_ref_imported_from":null}},{"type":"Feature","geometry":{"type":"Point","coordinates":[14.634776,50.825332]},"properties":{"wikidata":"Q123191238","name":"Hamerský vodopád","class":"waterfall","osm_tag_hint":"waterway=waterfall","coord_ref_stated_in":"Q123115713","coord_ref_imported_from":null}},{"type":"Feature","geometry":{"type":"Point","coordinates":[14.715167,50.812722]},"properties":{"wikidata":"Q123191237","name":"Heřmanický vodopád","class":"waterfall","osm_tag_hint":"waterway=waterfall","coord_ref_stated_in":"Q123115713","coord_ref_imported_from":null}},{"type":"Feature","geometry":{"type":"Point","coordinates":[14.579566,50.846372]},"properties":{"wikidata":"Q123191236","name":"Míšeňské vodopády","class":"waterfall","osm_tag_hint":"waterway=waterfall","coord_ref_stated_in":"Q123115713","coord_ref_imported_from":null}},{"type":"Feature","geometry":{"type":"Point","coordinates":[14.485409,50.835974]},"properties":{"wikidata":"Q123191235","name":"Pod Širokým kopcem","class":"waterfall","osm_tag_hint":"waterway=waterfall","coord_ref_stated_in":"Q123115713","coord_ref_imported_from":null}},{"type":"Feature","geometry":{"type":"Point","coordinates":[14.309406,50.862983]},"properties":{"wikidata":"Q123191233","name":"Kachní vodopád","class":"waterfall","osm_tag_hint":"waterway=waterfall","coord_ref_stated_in":"Q123115713","coord_ref_imported_from":null}},{"type":"Feature","geometry":{"type":"Point","coordinates":[14.282294,50.870266]},"properties":{"wikidata":"Q123191232","name":"umělý vodopád v Tiché soutěsce","class":"waterfall","osm_tag_hint":"waterway=waterfall","coord_ref_stated_in":"Q123115713","coord_ref_imported_from":null}},{"type":"Feature","geometry":{"type":"Point","coordinates":[17.158189,50.143685]},"properties":{"wikidata":"Q109924284","name":"Páteční vodopád","class":"waterfall","osm_tag_hint":"waterway=waterfall","coord_ref_stated_in":"Q123115713","coord_ref_imported_from":"Q191168"}},{"type":"Feature","geometry":{"type":"Point","coordinates":[14.273496,50.869646]},"properties":{"wikidata":"Q123191231","name":"vodopád v Pískové rokli","class":"waterfall","osm_tag_hint":"waterway=waterfall","coord_ref_stated_in":"Q123115713","coord_ref_imported_from":null}},{"type":"Feature","geometry":{"type":"Point","coordinates":[14.468007,50.776086]},"properties":{"wikidata":"Q123191241","name":"Šenovský vodopády","class":"waterfall","osm_tag_hint":"waterway=waterfall","coord_ref_stated_in":"Q123115713","coord_ref_imported_from":null}},{"type":"Feature","geometry":{"type":"Point","coordinates":[14.450194,50.929306]},"properties":{"wikidata":"Q123191229","name":"Panský vodopád","class":"waterfall","osm_tag_hint":"waterway=waterfall","coord_ref_stated_in":"Q123115713","coord_ref_imported_from":null}},{"type":"Feature","geometry":{"type":"Point","coordinates":[14.487725,50.659619]},"properties":{"wikidata":"Q123191227","name":"Kvítkovský vodopád","class":"waterfall","osm_tag_hint":"waterway=waterfall","coord_ref_stated_in":"Q123115713","coord_ref_imported_from":null}},{"type":"Feature","geometry":{"type":"Point","coordinates":[14.468194,50.65275]},"properties":{"wikidata":"Q123191226","name":"Skleněné vodopády","class":"waterfall","osm_tag_hint":"waterway=waterfall","coord_ref_stated_in":"Q123115713","coord_ref_imported_from":null}},{"type":"Feature","geometry":{"type":"Point","coordinates":[14.620305,50.724444]},"properties":{"wikidata":"Q123191225","name":"Svojkovský vodopád","class":"waterfall","osm_tag_hint":"waterway=waterfall","coord_ref_stated_in":"Q123115713","coord_ref_imported_from":null}},{"type":"Feature","geometry":{"type":"Point","coordinates":[14.65,50.7]},"properties":{"wikidata":"Q123191224","name":"Velenický vodopád","class":"waterfall","osm_tag_hint":"waterway=waterfall","coord_ref_stated_in":"Q123115713","coord_ref_imported_from":null}},{"type":"Feature","geometry":{"type":"Point","coordinates":[15.155494,50.961903]},"properties":{"wikidata":"Q123191223","name":"Arnoltický vodopád","class":"waterfall","osm_tag_hint":"waterway=waterfall","coord_ref_stated_in":"Q123115713","coord_ref_imported_from":null}},{"type":"Feature","geometry":{"type":"Point","coordinates":[15.658567,48.972889]},"properties":{"wikidata":"Q121086638","name":"vodopád na Bihance","class":"waterfall","osm_tag_hint":"waterway=waterfall","coord_ref_stated_in":null,"coord_ref_imported_from":null}},{"type":"Feature","geometry":{"type":"Point","coordinates":[15.292917,50.779931]},"properties":{"wikidata":"Q123191220","name":"Bílá Desná","class":"waterfall","osm_tag_hint":"waterway=waterfall","coord_ref_stated_in":"Q123115713","coord_ref_imported_from":null}},{"type":"Feature","geometry":{"type":"Point","coordinates":[15.317935,50.78457]},"properties":{"wikidata":"Q123191219","name":"Vodopády Černé Desné","class":"waterfall","osm_tag_hint":"waterway=waterfall","coord_ref_stated_in":"Q123115713","coord_ref_imported_from":null}},{"type":"Feature","geometry":{"type":"Point","coordinates":[14.161454,50.647165]},"properties":{"wikidata":"Q123191250","name":"Byňovské vodopády","class":"waterfall","osm_tag_hint":"waterway=waterfall","coord_ref_stated_in":"Q123115713","coord_ref_imported_from":null}},{"type":"Feature","geometry":{"type":"Point","coordinates":[14.096119,50.655497]},"properties":{"wikidata":"Q123191261","name":"Budovský vodopád","class":"waterfall","osm_tag_hint":"waterway=waterfall","coord_ref_stated_in":"Q123115713","coord_ref_imported_from":null}},{"type":"Feature","geometry":{"type":"Point","coordinates":[14.063092,50.675042]},"properties":{"wikidata":"Q123191258","name":"Dobětické vodopády","class":"waterfall","osm_tag_hint":"waterway=waterfall","coord_ref_stated_in":"Q123115713","coord_ref_imported_from":null}},{"type":"Feature","geometry":{"type":"Point","coordinates":[14.122175,50.685825]},"properties":{"wikidata":"Q123191257","name":"Mojžířské vodopády","class":"waterfall","osm_tag_hint":"waterway=waterfall","coord_ref_stated_in":"Q123115713","coord_ref_imported_from":null}},{"type":"Feature","geometry":{"type":"Point","coordinates":[14.115389,50.685611]},"properties":{"wikidata":"Q123191256","name":"Vodopády na Kamenném potoce","class":"waterfall","osm_tag_hint":"waterway=waterfall","coord_ref_stated_in":"Q123115713","coord_ref_imported_from":null}},{"type":"Feature","geometry":{"type":"Point","coordinates":[14.216817,50.66675]},"properties":{"wikidata":"Q123191254","name":"Vodopád Načina","class":"waterfall","osm_tag_hint":"waterway=waterfall","coord_ref_stated_in":"Q123115713","coord_ref_imported_from":null}},{"type":"Feature","geometry":{"type":"Point","coordinates":[14.107644,50.684097]},"properties":{"wikidata":"Q123191253","name":"Blanský vodopád","class":"waterfall","osm_tag_hint":"waterway=waterfall","coord_ref_stated_in":"Q123115713","coord_ref_imported_from":null}},{"type":"Feature","geometry":{"type":"Point","coordinates":[14.489482,50.822926]},"properties":{"wikidata":"Q12034462","name":"Luční vodopád","class":"waterfall","osm_tag_hint":"waterway=waterfall","coord_ref_stated_in":null,"coord_ref_imported_from":null}},{"type":"Feature","geometry":{"type":"Point","coordinates":[14.14888,50.637864]},"properties":{"wikidata":"Q123191251","name":"Zálezelský vodopád","class":"waterfall","osm_tag_hint":"waterway=waterfall","coord_ref_stated_in":null,"coord_ref_imported_from":null}},{"type":"Feature","geometry":{"type":"Point","coordinates":[13.059948,49.771554]},"properties":{"wikidata":"Q105940027","name":"Butovský vodopád","class":"waterfall","osm_tag_hint":"waterway=waterfall","coord_ref_stated_in":"Q123115713","coord_ref_imported_from":null}},{"type":"Feature","geometry":{"type":"Point","coordinates":[14.125056,50.700305]},"properties":{"wikidata":"Q123191249","name":"Vodopády pod Lysou","class":"waterfall","osm_tag_hint":"waterway=waterfall","coord_ref_stated_in":"Q123115713","coord_ref_imported_from":null}},{"type":"Feature","geometry":{"type":"Point","coordinates":[14.133333,50.683333]},"properties":{"wikidata":"Q123191248","name":"Vodopády u Petrova Mlýna a Českého Bukova","class":"waterfall","osm_tag_hint":"waterway=waterfall","coord_ref_stated_in":"Q123115713","coord_ref_imported_from":null,"osm_api_check_2026_09_27":"nothing nearby"}},{"type":"Feature","geometry":{"type":"Point","coordinates":[14.106817,49.949529]},"properties":{"wikidata":"Q115582728","name":"Tetínský vodopád","class":"waterfall","osm_tag_hint":"waterway=waterfall","coord_ref_stated_in":"Q12035233","coord_ref_imported_from":null}},{"type":"Feature","geometry":{"type":"Point","coordinates":[14.026036,50.591783]},"properties":{"wikidata":"Q123191246","name":"Vodopády Dubiny","class":"waterfall","osm_tag_hint":"waterway=waterfall","coord_ref_stated_in":"Q123115713","coord_ref_imported_from":null}},{"type":"Feature","geometry":{"type":"Point","coordinates":[14.022055,50.555306]},"properties":{"wikidata":"Q123191245","name":"Vodopády Pod Dubičkami","class":"waterfall","osm_tag_hint":"waterway=waterfall","coord_ref_stated_in":"Q123115713","coord_ref_imported_from":null}},{"type":"Feature","geometry":{"type":"Point","coordinates":[14.259889,50.733667]},"properties":{"wikidata":"Q123191244","name":"Veleňské kaskády","class":"waterfall","osm_tag_hint":"waterway=waterfall","coord_ref_stated_in":"Q123115713","coord_ref_imported_from":null}},{"type":"Feature","geometry":{"type":"Point","coordinates":[14.2805,50.731083]},"properties":{"wikidata":"Q123191243","name":"Hartmanův vodopád","class":"waterfall","osm_tag_hint":"waterway=waterfall","coord_ref_stated_in":"Q123115713","coord_ref_imported_from":null}},{"type":"Feature","geometry":{"type":"Point","coordinates":[14.252083,50.736722]},"properties":{"wikidata":"Q123191242","name":"Tambušské vodopády","class":"waterfall","osm_tag_hint":"waterway=waterfall","coord_ref_stated_in":"Q123115713","coord_ref_imported_from":null}},{"type":"Feature","geometry":{"type":"Point","coordinates":[14.5095,48.896919]},"properties":{"wikidata":"Q123191016","name":"Vodopád Pod Zahrádkami","class":"waterfall","osm_tag_hint":"waterway=waterfall","coord_ref_stated_in":"Q123115713","coord_ref_imported_from":null}},{"type":"Feature","geometry":{"type":"Point","coordinates":[15.40176,50.770697]},"properties":{"wikidata":"Q123191210","name":"Vodopád Jizery","class":"waterfall","osm_tag_hint":"waterway=waterfall","coord_ref_stated_in":"Q123115713","coord_ref_imported_from":null}},{"type":"Feature","geometry":{"type":"Point","coordinates":[14.827834,49.887319]},"properties":{"wikidata":"Q123190920","name":"Vodopády pod Hájenkou","class":"waterfall","osm_tag_hint":"waterway=waterfall","coord_ref_stated_in":"Q123115713","coord_ref_imported_from":null}},{"type":"Feature","geometry":{"type":"Point","coordinates":[14.91787,49.881433]},"properties":{"wikidata":"Q123190921","name":"Nechybský vodopád","class":"waterfall","osm_tag_hint":"waterway=waterfall","coord_ref_stated_in":"Q123115713","coord_ref_imported_from":null}},{"type":"Feature","geometry":{"type":"Point","coordinates":[14.512553,49.855007]},"properties":{"wikidata":"Q123190922","name":"Novoveský vodopád","class":"waterfall","osm_tag_hint":"waterway=waterfall","coord_ref_stated_in":"Q123115713","coord_ref_imported_from":null}},{"type":"Feature","geometry":{"type":"Point","coordinates":[14.748308,49.887619]},"properties":{"wikidata":"Q123190923","name":"Lensedelské vodopády","class":"waterfall","osm_tag_hint":"waterway=waterfall","coord_ref_stated_in":"Q123115713","coord_ref_imported_from":null}},{"type":"Feature","geometry":{"type":"Point","coordinates":[14.497075,49.867661]},"properties":{"wikidata":"Q123190924","name":"Hostěradické vodopády","class":"waterfall","osm_tag_hint":"waterway=waterfall","coord_ref_stated_in":"Q123115713","coord_ref_imported_from":null}},{"type":"Feature","geometry":{"type":"Point","coordinates":[14.915985,49.827939]},"properties":{"wikidata":"Q123190925","name":"Drahňovické kaskády","class":"waterfall","osm_tag_hint":"waterway=waterfall","coord_ref_stated_in":"Q123115713","coord_ref_imported_from":null}},{"type":"Feature","geometry":{"type":"Point","coordinates":[14.948188,49.805253]},"properties":{"wikidata":"Q123190927","name":"Vodopád pod Dubinou","class":"waterfall","osm_tag_hint":"waterway=waterfall","coord_ref_stated_in":"Q123115713","coord_ref_imported_from":null}},{"type":"Feature","geometry":{"type":"Point","coordinates":[14.917044,49.850794]},"properties":{"wikidata":"Q123190928","name":"Bělokozelské vodopády","class":"waterfall","osm_tag_hint":"waterway=waterfall","coord_ref_stated_in":"Q123115713","coord_ref_imported_from":null}},{"type":"Feature","geometry":{"type":"Point","coordinates":[14.919175,49.807177]},"properties":{"wikidata":"Q123190919","name":"Šternovské vodopády","class":"waterfall","osm_tag_hint":"waterway=waterfall","coord_ref_stated_in":"Q123115713","coord_ref_imported_from":null}},{"type":"Feature","geometry":{"type":"Point","coordinates":[14.591331,49.404905]},"properties":{"wikidata":"Q123190929","name":"Vlásenický vodopád","class":"waterfall","osm_tag_hint":"waterway=waterfall","coord_ref_stated_in":"Q123115713","coord_ref_imported_from":null}},{"type":"Feature","geometry":{"type":"Point","coordinates":[14.627122,49.407481]},"properties":{"wikidata":"Q123190930","name":"Větrovské kaskády","class":"waterfall","osm_tag_hint":"waterway=waterfall","coord_ref_stated_in":"Q123115713","coord_ref_imported_from":null}},{"type":"Feature","geometry":{"type":"Point","coordinates":[15.162225,50.856156]},"properties":{"wikidata":"Q123191208","name":"Malý (Bílý) Štolpich","class":"waterfall","osm_tag_hint":"waterway=waterfall","coord_ref_stated_in":"Q123115713","coord_ref_imported_from":null}},{"type":"Feature","geometry":{"type":"Point","coordinates":[14.336317,49.281216]},"properties":{"wikidata":"Q123190931","name":"Údražský vodopád","class":"waterfall","osm_tag_hint":"waterway=waterfall","coord_ref_stated_in":"Q123115713","coord_ref_imported_from":null}},{"type":"Feature","geometry":{"type":"Point","coordinates":[14.522694,49.370197]},"properties":{"wikidata":"Q123190932","name":"Kaskády u Řetězového mostu","class":"waterfall","osm_tag_hint":"waterway=waterfall","coord_ref_stated_in":"Q123115713","coord_ref_imported_from":null}},{"type":"Feature","geometry":{"type":"Point","coordinates":[15.194917,50.851125]},"properties":{"wikidata":"Q123191207","name":"Velký (Černý) Štolpich","class":"waterfall","osm_tag_hint":"waterway=waterfall","coord_ref_stated_in":"Q123115713","coord_ref_imported_from":null}},{"type":"Feature","geometry":{"type":"Point","coordinates":[14.565856,49.38795]},"properties":{"wikidata":"Q123190933","name":"Příběnické vodopády","class":"waterfall","osm_tag_hint":"waterway=waterfall","coord_ref_stated_in":"Q123115713","coord_ref_imported_from":null}},{"type":"Feature","geometry":{"type":"Point","coordinates":[14.604725,49.414064]},"properties":{"wikidata":"Q123190934","name":"Kaskády pod Kamennými poli","class":"waterfall","osm_tag_hint":"waterway=waterfall","coord_ref_stated_in":"Q123115713","coord_ref_imported_from":null}},{"type":"Feature","geometry":{"type":"Point","coordinates":[14.42268,49.907278]},"properties":{"wikidata":"Q123190912","name":"Budulínkův vodopád","class":"waterfall","osm_tag_hint":"waterway=waterfall","coord_ref_stated_in":"Q123115713","coord_ref_imported_from":null}},{"type":"Feature","geometry":{"type":"Point","coordinates":[15.095161,50.797969]},"properties":{"wikidata":"Q123191218","name":"Vodopády Černé Nisy","class":"waterfall","osm_tag_hint":"waterway=waterfall","coord_ref_stated_in":null,"coord_ref_imported_from":null}},{"type":"Feature","geometry":{"type":"Point","coordinates":[15.218855,50.850417]},"properties":{"wikidata":"Q123191217","name":"Vodopády Černého potoka","class":"waterfall","osm_tag_hint":"waterway=waterfall","coord_ref_stated_in":"Q123115713","coord_ref_imported_from":null}},{"type":"Feature","geometry":{"type":"Point","coordinates":[14.409239,49.940463]},"properties":{"wikidata":"Q123190906","name":"Zvolské vodopády","class":"waterfall","osm_tag_hint":"waterway=waterfall","coord_ref_stated_in":"Q123115713","coord_ref_imported_from":null}},{"type":"Feature","geometry":{"type":"Point","coordinates":[14.454667,49.822514]},"properties":{"wikidata":"Q123190908","name":"Teletínské vodopády","class":"waterfall","osm_tag_hint":"waterway=waterfall","coord_ref_stated_in":"Q123115713","coord_ref_imported_from":null}},{"type":"Feature","geometry":{"type":"Point","coordinates":[14.281043,49.702793]},"properties":{"wikidata":"Q123190909","name":"Pirátský vodopád","class":"waterfall","osm_tag_hint":"waterway=waterfall","coord_ref_stated_in":"Q123115713","coord_ref_imported_from":null}},{"type":"Feature","geometry":{"type":"Point","coordinates":[15.252987,50.877151]},"properties":{"wikidata":"Q123191215","name":"Hájený potok","class":"waterfall","osm_tag_hint":"waterway=waterfall","coord_ref_stated_in":"Q123115713","coord_ref_imported_from":null}},{"type":"Feature","geometry":{"type":"Point","coordinates":[14.431546,49.735269]},"properties":{"wikidata":"Q123190910","name":"Nahorubský vodopád","class":"waterfall","osm_tag_hint":"waterway=waterfall","coord_ref_stated_in":"Q123115713","coord_ref_imported_from":null}},{"type":"Feature","geometry":{"type":"Point","coordinates":[14.430583,49.791889]},"properties":{"wikidata":"Q123190911","name":"Měřínský vodopád","class":"waterfall","osm_tag_hint":"waterway=waterfall","coord_ref_stated_in":"Q123115713","coord_ref_imported_from":null}},{"type":"Feature","geometry":{"type":"Point","coordinates":[15.327817,50.646636]},"properties":{"wikidata":"Q123191205","name":"Bozkovské vodopády","class":"waterfall","osm_tag_hint":"waterway=waterfall","coord_ref_stated_in":"Q123115713","coord_ref_imported_from":null}},{"type":"Feature","geometry":{"type":"Point","coordinates":[14.453553,49.844888]},"properties":{"wikidata":"Q123190913","name":"Krňanský vodopád","class":"waterfall","osm_tag_hint":"waterway=waterfall","coord_ref_stated_in":"Q123115713","coord_ref_imported_from":null}},{"type":"Feature","geometry":{"type":"Point","coordinates":[14.392052,49.747493]},"properties":{"wikidata":"Q123190914","name":"Javorový vodopád","class":"waterfall","osm_tag_hint":"waterway=waterfall","coord_ref_stated_in":"Q123115713","coord_ref_imported_from":null}},{"type":"Feature","geometry":{"type":"Point","coordinates":[14.382063,49.872028]},"properties":{"wikidata":"Q123190915","name":"Hvozdnické vodopády","class":"waterfall","osm_tag_hint":"waterway=waterfall","coord_ref_stated_in":"Q123115713","coord_ref_imported_from":null}},{"type":"Feature","geometry":{"type":"Point","coordinates":[14.391665,49.748506]},"properties":{"wikidata":"Q123190916","name":"Drtinovy vodopády","class":"waterfall","osm_tag_hint":"waterway=waterfall","coord_ref_stated_in":"Q123115713","coord_ref_imported_from":null}},{"type":"Feature","geometry":{"type":"Point","coordinates":[14.918897,49.848958]},"properties":{"wikidata":"Q123190917","name":"Vranické vodopády","class":"waterfall","osm_tag_hint":"waterway=waterfall","coord_ref_stated_in":"Q123115713","coord_ref_imported_from":null}},{"type":"Feature","geometry":{"type":"Point","coordinates":[14.99858,49.784953]},"properties":{"wikidata":"Q123190918","name":"Tichonický vodopád","class":"waterfall","osm_tag_hint":"waterway=waterfall","coord_ref_stated_in":"Q123115713","coord_ref_imported_from":null}},{"type":"Feature","geometry":{"type":"Point","coordinates":[15.103511,50.842036]},"properties":{"wikidata":"Q123191211","name":"Kaskády Jeřice","class":"waterfall","osm_tag_hint":"waterway=waterfall","coord_ref_stated_in":"Q123115713","coord_ref_imported_from":null}},{"type":"Feature","geometry":{"type":"Point","coordinates":[15.595778,50.679778]},"properties":{"wikidata":"Q123191180","name":"Krahulčí vodopády","class":"waterfall","osm_tag_hint":"waterway=waterfall","coord_ref_stated_in":"Q123115713","coord_ref_imported_from":null}},{"type":"Feature","geometry":{"type":"Point","coordinates":[17.24712,50.088219]},"properties":{"wikidata":"Q123191111","name":"Vodopády Sokolího potoka","class":"waterfall","osm_tag_hint":"waterway=waterfall","coord_ref_stated_in":"Q123115713","coord_ref_imported_from":null}},{"type":"Feature","geometry":{"type":"Point","coordinates":[17.297695,50.1265]},"properties":{"wikidata":"Q123191112","name":"vodopád Skalního potoka","class":"waterfall","osm_tag_hint":"waterway=waterfall","coord_ref_stated_in":"Q123115713","coord_ref_imported_from":null}},{"type":"Feature","geometry":{"type":"Point","coordinates":[17.130881,50.164172]},"properties":{"wikidata":"Q123191113","name":"Rudohorské vodopády","class":"waterfall","osm_tag_hint":"waterway=waterfall","coord_ref_stated_in":"Q123115713","coord_ref_imported_from":null}},{"type":"Feature","geometry":{"type":"Point","coordinates":[17.096373,50.13143]},"properties":{"wikidata":"Q123191114","name":"Vodopád na Poniklém potoce","class":"waterfall","osm_tag_hint":"waterway=waterfall","coord_ref_stated_in":"Q123115713","coord_ref_imported_from":null}},{"type":"Feature","geometry":{"type":"Point","coordinates":[17.239713,50.054131]},"properties":{"wikidata":"Q123191116","name":"Vodopády na Moravici","class":"waterfall","osm_tag_hint":"waterway=waterfall","coord_ref_stated_in":null,"coord_ref_imported_from":null,"osm_api_check_2026_09_27":"OSM object nearby"}},{"type":"Feature","geometry":{"type":"Point","coordinates":[17.180369,50.053917]},"properties":{"wikidata":"Q123191118","name":"Vodopád Merty","class":"waterfall","osm_tag_hint":"waterway=waterfall","coord_ref_stated_in":"Q123115713","coord_ref_imported_from":null}},{"type":"Feature","geometry":{"type":"Point","coordinates":[17.236552,50.099625]},"properties":{"wikidata":"Q123191119","name":"Královský vodopád","class":"waterfall","osm_tag_hint":"waterway=waterfall","coord_ref_stated_in":"Q123115713","coord_ref_imported_from":null}},{"type":"Feature","geometry":{"type":"Point","coordinates":[15.748786,50.728256]},"properties":{"wikidata":"Q123191181","name":"Koulový vodopád","class":"waterfall","osm_tag_hint":"waterway=waterfall","coord_ref_stated_in":"Q123115713","coord_ref_imported_from":null}},{"type":"Feature","geometry":{"type":"Point","coordinates":[15.517075,50.731186]},"properties":{"wikidata":"Q123191182","name":"Kozelský vodopád","class":"waterfall","osm_tag_hint":"waterway=waterfall","coord_ref_stated_in":"Q123115713","coord_ref_imported_from":null}},{"type":"Feature","geometry":{"type":"Point","coordinates":[17.119858,50.179461]},"properties":{"wikidata":"Q123191122","name":"Keprnické vodopády","class":"waterfall","osm_tag_hint":"waterway=waterfall","coord_ref_stated_in":"Q123115713","coord_ref_imported_from":null}},{"type":"Feature","geometry":{"type":"Point","coordinates":[17.199693,50.025005]},"properties":{"wikidata":"Q123191123","name":"Vodopád pod Josefínkou","class":"waterfall","osm_tag_hint":"waterway=waterfall","coord_ref_stated_in":"Q123115713","coord_ref_imported_from":null}},{"type":"Feature","geometry":{"type":"Point","coordinates":[17.173205,50.080758]},"properties":{"wikidata":"Q123191124","name":"Jezerní vodopády","class":"waterfall","osm_tag_hint":"waterway=waterfall","coord_ref_stated_in":"Q123115713","coord_ref_imported_from":null,"osm_api_check_2026_09_27":"nothing nearby"}},{"type":"Feature","geometry":{"type":"Point","coordinates":[15.723125,50.732825]},"properties":{"wikidata":"Q123191178","name":"Vodopád Lavinové strouhy","class":"waterfall","osm_tag_hint":"waterway=waterfall","coord_ref_stated_in":"Q123115713","coord_ref_imported_from":null}},{"type":"Feature","geometry":{"type":"Point","coordinates":[17.189036,50.127908]},"properties":{"wikidata":"Q123191126","name":"Javorové vodopády","class":"waterfall","osm_tag_hint":"waterway=waterfall","coord_ref_stated_in":"Q123115713","coord_ref_imported_from":null}},{"type":"Feature","geometry":{"type":"Point","coordinates":[17.068889,50.149914]},"properties":{"wikidata":"Q123191127","name":"Vodopád Hučavy","class":"waterfall","osm_tag_hint":"waterway=waterfall","coord_ref_stated_in":"Q123115713","coord_ref_imported_from":null}},{"type":"Feature","geometry":{"type":"Point","coordinates":[17.187842,50.100099]},"properties":{"wikidata":"Q123191128","name":"Vodopád u Hladového potoka","class":"waterfall","osm_tag_hint":"waterway=waterfall","coord_ref_stated_in":"Q123115713","coord_ref_imported_from":null}},{"type":"Feature","geometry":{"type":"Point","coordinates":[17.137722,50.121653]},"properties":{"wikidata":"Q123191129","name":"Vodopády Divokého potoka","class":"waterfall","osm_tag_hint":"waterway=waterfall","coord_ref_stated_in":"Q123115713","coord_ref_imported_from":null}},{"type":"Feature","geometry":{"type":"Point","coordinates":[17.200086,50.079372]},"properties":{"wikidata":"Q123191130","name":"Divoký kámen","class":"waterfall","osm_tag_hint":"waterway=waterfall","coord_ref_stated_in":"Q123115713","coord_ref_imported_from":null}},{"type":"Feature","geometry":{"type":"Point","coordinates":[16.867468,50.147832]},"properties":{"wikidata":"Q123191099","name":"Lenčiny vodopády","class":"waterfall","osm_tag_hint":"waterway=waterfall","coord_ref_stated_in":"Q123115713","coord_ref_imported_from":null}},{"type":"Feature","geometry":{"type":"Point","coordinates":[17.378523,49.716185]},"properties":{"wikidata":"Q123191091","name":"Kaskáda pod Korunou","class":"waterfall","osm_tag_hint":"waterway=waterfall","coord_ref_stated_in":"Q123115713","coord_ref_imported_from":null}},{"type":"Feature","geometry":{"type":"Point","coordinates":[17.071836,50.256861]},"properties":{"wikidata":"Q123191092","name":"Ztracený vodopád","class":"waterfall","osm_tag_hint":"waterway=waterfall","coord_ref_stated_in":"Q123115713","coord_ref_imported_from":null}},{"type":"Feature","geometry":{"type":"Point","coordinates":[17.052494,50.274047]},"properties":{"wikidata":"Q123191093","name":"Nýznerovské vodopády (Vodopády Stříbrného potoka)","class":"waterfall","osm_tag_hint":"waterway=waterfall","coord_ref_stated_in":"Q123115713","coord_ref_imported_from":null}},{"type":"Feature","geometry":{"type":"Point","coordinates":[14.461164,49.996771]},"properties":{"wikidata":"Q111371842","name":"Waterfall in Písnický potok","class":"waterfall","osm_tag_hint":"waterway=waterfall","coord_ref_stated_in":null,"coord_ref_imported_from":null}},{"type":"Feature","geometry":{"type":"Point","coordinates":[17.050005,50.271311]},"properties":{"wikidata":"Q123191095","name":"Bučínský vodopád","class":"waterfall","osm_tag_hint":"waterway=waterfall","coord_ref_stated_in":"Q123115713","coord_ref_imported_from":null}},{"type":"Feature","geometry":{"type":"Point","coordinates":[14.0285,50.5994]},"properties":{"wikidata":"Q12038613","name":"Moravanský vodopád","class":"waterfall","osm_tag_hint":"waterway=waterfall","coord_ref_stated_in":"Q123115713","coord_ref_imported_from":"Q191168"}},{"type":"Feature","geometry":{"type":"Point","coordinates":[16.910703,50.091803]},"properties":{"wikidata":"Q123191096","name":"Žlebský vodopád","class":"waterfall","osm_tag_hint":"waterway=waterfall","coord_ref_stated_in":"Q123115713","coord_ref_imported_from":null}},{"type":"Feature","geometry":{"type":"Point","coordinates":[16.908567,50.034161]},"properties":{"wikidata":"Q123191097","name":"Raškovský vodopád","class":"waterfall","osm_tag_hint":"waterway=waterfall","coord_ref_stated_in":"Q123115713","coord_ref_imported_from":null}},{"type":"Feature","geometry":{"type":"Point","coordinates":[16.866202,50.155478]},"properties":{"wikidata":"Q123191098","name":"Prudký potok","class":"waterfall","osm_tag_hint":"waterway=waterfall","coord_ref_stated_in":"Q123115713","coord_ref_imported_from":null}},{"type":"Feature","geometry":{"type":"Point","coordinates":[17.209171,50.094521]},"properties":{"wikidata":"Q123191131","name":"Vodopád Česnekového dolu","class":"waterfall","osm_tag_hint":"waterway=waterfall","coord_ref_stated_in":"Q123115713","coord_ref_imported_from":null}},{"type":"Feature","geometry":{"type":"Point","coordinates":[16.821646,50.170551]},"properties":{"wikidata":"Q123191100","name":"Vodopády Hlubokého potoka","class":"waterfall","osm_tag_hint":"waterway=waterfall","coord_ref_stated_in":"Q123115713","coord_ref_imported_from":null}},{"type":"Feature","geometry":{"type":"Point","coordinates":[17.162442,50.020965]},"properties":{"wikidata":"Q123191101","name":"Vodopády Ztraceného potoka","class":"waterfall","osm_tag_hint":"waterway=waterfall","coord_ref_stated_in":null,"coord_ref_imported_from":null}},{"type":"Feature","geometry":{"type":"Point","coordinates":[17.231349,50.04436]},"properties":{"wikidata":"Q123191102","name":"Vodopády Volárky","class":"waterfall","osm_tag_hint":"waterway=waterfall","coord_ref_stated_in":"Q123115713","coord_ref_imported_from":null}},{"type":"Feature","geometry":{"type":"Point","coordinates":[17.162264,49.933333]},"properties":{"wikidata":"Q123191105","name":"Kaskády Oskavy","class":"waterfall","osm_tag_hint":"waterway=waterfall","coord_ref_stated_in":"Q123115713","coord_ref_imported_from":null}},{"type":"Feature","geometry":{"type":"Point","coordinates":[17.09778,50.194033]},"properties":{"wikidata":"Q123191106","name":"Vodopád u Obřích skal","class":"waterfall","osm_tag_hint":"waterway=waterfall","coord_ref_stated_in":"Q123115713","coord_ref_imported_from":null}},{"type":"Feature","geometry":{"type":"Point","coordinates":[17.262303,50.170656]},"properties":{"wikidata":"Q123191107","name":"Šumný vodopád","class":"waterfall","osm_tag_hint":"waterway=waterfall","coord_ref_stated_in":"Q123115713","coord_ref_imported_from":null}},{"type":"Feature","geometry":{"type":"Point","coordinates":[17.132753,50.132981]},"properties":{"wikidata":"Q123191108","name":"Šindelné vodopády","class":"waterfall","osm_tag_hint":"waterway=waterfall","coord_ref_stated_in":"Q123115713","coord_ref_imported_from":null}},{"type":"Feature","geometry":{"type":"Point","coordinates":[17.222561,50.112936]},"properties":{"wikidata":"Q123191109","name":"Stříškový vodopád","class":"waterfall","osm_tag_hint":"waterway=waterfall","coord_ref_stated_in":"Q123115713","coord_ref_imported_from":null,"osm_api_check_2026_09_27":"nothing nearby"}},{"type":"Feature","geometry":{"type":"Point","coordinates":[15.617142,50.718928]},"properties":{"wikidata":"Q123191158","name":"Vodopád Vysoké strouhy","class":"waterfall","osm_tag_hint":"waterway=waterfall","coord_ref_stated_in":"Q123115713","coord_ref_imported_from":null}},{"type":"Feature","geometry":{"type":"Point","coordinates":[15.495849,50.638632]},"properties":{"wikidata":"Q123191151","name":"Víchovské vodopády","class":"waterfall","osm_tag_hint":"waterway=waterfall","coord_ref_stated_in":"Q123115713","coord_ref_imported_from":null}},{"type":"Feature","geometry":{"type":"Point","coordinates":[15.694399,50.718251]},"properties":{"wikidata":"Q123191172","name":"Modrodolský vodopád","class":"waterfall","osm_tag_hint":"waterway=waterfall","coord_ref_stated_in":"Q123115713","coord_ref_imported_from":null}},{"type":"Feature","geometry":{"type":"Point","coordinates":[15.217372,50.516817]},"properties":{"wikidata":"Q123191152","name":"Tachovský vodopád","class":"waterfall","osm_tag_hint":"waterway=waterfall","coord_ref_stated_in":"Q123115713","coord_ref_imported_from":null}},{"type":"Feature","geometry":{"type":"Point","coordinates":[15.563683,50.493619]},"properties":{"wikidata":"Q123191153","name":"Sýkornické vodopády","class":"waterfall","osm_tag_hint":"waterway=waterfall","coord_ref_stated_in":"Q123115713","coord_ref_imported_from":null}},{"type":"Feature","geometry":{"type":"Point","coordinates":[15.404173,50.771418]},"properties":{"wikidata":"Q123191171","name":"Pilařova kaskáda","class":"waterfall","osm_tag_hint":"waterway=waterfall","coord_ref_stated_in":"Q123115713","coord_ref_imported_from":null}},{"type":"Feature","geometry":{"type":"Point","coordinates":[15.142464,50.535694]},"properties":{"wikidata":"Q123191154","name":"Skalanský vodopád","class":"waterfall","osm_tag_hint":"waterway=waterfall","coord_ref_stated_in":"Q123115713","coord_ref_imported_from":null}},{"type":"Feature","geometry":{"type":"Point","coordinates":[15.690194,50.70825]},"properties":{"wikidata":"Q123191155","name":"Vodopády Zeleného potoka","class":"waterfall","osm_tag_hint":"waterway=waterfall","coord_ref_stated_in":"Q123115713","coord_ref_imported_from":null}},{"type":"Feature","geometry":{"type":"Point","coordinates":[15.783333,50.733333]},"properties":{"wikidata":"Q123191156","name":"Závojový vodopád","class":"waterfall","osm_tag_hint":"waterway=waterfall","coord_ref_stated_in":"Q123115713","coord_ref_imported_from":null}},{"type":"Feature","geometry":{"type":"Point","coordinates":[15.424306,50.746806]},"properties":{"wikidata":"Q123191170","name":"Vodopád Prudkého ručeje","class":"waterfall","osm_tag_hint":"waterway=waterfall","coord_ref_stated_in":"Q123115713","coord_ref_imported_from":null}},{"type":"Feature","geometry":{"type":"Point","coordinates":[16.343894,50.071889]},"properties":{"wikidata":"Q123191150","name":"Vodopád Kamarád","class":"waterfall","osm_tag_hint":"waterway=waterfall","coord_ref_stated_in":"Q123115713","coord_ref_imported_from":null}},{"type":"Feature","geometry":{"type":"Point","coordinates":[15.775028,50.676528]},"properties":{"wikidata":"Q123191159","name":"Vodopády Vavřincova dolu","class":"waterfall","osm_tag_hint":"waterway=waterfall","coord_ref_stated_in":"Q123115713","coord_ref_imported_from":null}},{"type":"Feature","geometry":{"type":"Point","coordinates":[15.724083,50.737417]},"properties":{"wikidata":"Q123191160","name":"Vodopády Úpičky","class":"waterfall","osm_tag_hint":"waterway=waterfall","coord_ref_stated_in":"Q123115713","coord_ref_imported_from":null}},{"type":"Feature","geometry":{"type":"Point","coordinates":[15.727385,50.729741]},"properties":{"wikidata":"Q123191161","name":"Dolní vodopády Úpy","class":"waterfall","osm_tag_hint":"waterway=waterfall","coord_ref_stated_in":"Q123115713","coord_ref_imported_from":null}},{"type":"Feature","geometry":{"type":"Point","coordinates":[15.716944,50.735936]},"properties":{"wikidata":"Q123191162","name":"Horní Úpský vodopád","class":"waterfall","osm_tag_hint":"waterway=waterfall","coord_ref_stated_in":"Q123115713","coord_ref_imported_from":null}},{"type":"Feature","geometry":{"type":"Point","coordinates":[15.648498,50.727191]},"properties":{"wikidata":"Q123191163","name":"Tetřeví vodopád","class":"waterfall","osm_tag_hint":"waterway=waterfall","coord_ref_stated_in":"Q123115713","coord_ref_imported_from":null}},{"type":"Feature","geometry":{"type":"Point","coordinates":[15.670962,50.724771]},"properties":{"wikidata":"Q123191169","name":"Pramenný a Luční vodopád","class":"waterfall","osm_tag_hint":"waterway=waterfall","coord_ref_stated_in":"Q123115713","coord_ref_imported_from":null}},{"type":"Feature","geometry":{"type":"Point","coordinates":[15.71425,50.681278]},"properties":{"wikidata":"Q123191164","name":"Temný vodopád","class":"waterfall","osm_tag_hint":"waterway=waterfall","coord_ref_stated_in":"Q123115713","coord_ref_imported_from":null}},{"type":"Feature","geometry":{"type":"Point","coordinates":[15.806545,50.688669]},"properties":{"wikidata":"Q123191165","name":"Stružkový vodopád","class":"waterfall","osm_tag_hint":"waterway=waterfall","coord_ref_stated_in":"Q123115713","coord_ref_imported_from":null}},{"type":"Feature","geometry":{"type":"Point","coordinates":[15.790911,50.737944]},"properties":{"wikidata":"Q123191166","name":"Soví vodopád","class":"waterfall","osm_tag_hint":"waterway=waterfall","coord_ref_stated_in":"Q123115713","coord_ref_imported_from":null}},{"type":"Feature","geometry":{"type":"Point","coordinates":[15.734417,50.733083]},"properties":{"wikidata":"Q123191167","name":"Vodopády Rudného potoka","class":"waterfall","osm_tag_hint":"waterway=waterfall","coord_ref_stated_in":"Q123115713","coord_ref_imported_from":null}},{"type":"Feature","geometry":{"type":"Point","coordinates":[15.581299,50.750201]},"properties":{"wikidata":"Q123191173","name":"Medvědínský vodopád","class":"waterfall","osm_tag_hint":"waterway=waterfall","coord_ref_stated_in":"Q123115713","coord_ref_imported_from":null}},{"type":"Feature","geometry":{"type":"Point","coordinates":[15.544844,50.677353]},"properties":{"wikidata":"Q123191177","name":"Levínecký vodopád","class":"waterfall","osm_tag_hint":"waterway=waterfall","coord_ref_stated_in":"Q123115713","coord_ref_imported_from":null}},{"type":"Feature","geometry":{"type":"Point","coordinates":[17.191353,50.125564]},"properties":{"wikidata":"Q123191132","name":"Bukové vodopády","class":"waterfall","osm_tag_hint":"waterway=waterfall","coord_ref_stated_in":"Q123115713","coord_ref_imported_from":null}},{"type":"Feature","geometry":{"type":"Point","coordinates":[17.096271,50.111927]},"properties":{"wikidata":"Q123191133","name":"Andělský vodopád","class":"waterfall","osm_tag_hint":"waterway=waterfall","coord_ref_stated_in":"Q123115713","coord_ref_imported_from":null}},{"type":"Feature","geometry":{"type":"Point","coordinates":[16.023265,50.584993]},"properties":{"wikidata":"Q123191134","name":"Chvalečský vodopád","class":"waterfall","osm_tag_hint":"waterway=waterfall","coord_ref_stated_in":"Q123115713","coord_ref_imported_from":null}},{"type":"Feature","geometry":{"type":"Point","coordinates":[15.708986,50.698414]},"properties":{"wikidata":"Q123191176","name":"Liščí vodopád","class":"waterfall","osm_tag_hint":"waterway=waterfall","coord_ref_stated_in":"Q123115713","coord_ref_imported_from":null}},{"type":"Feature","geometry":{"type":"Point","coordinates":[16.117881,50.602866]},"properties":{"wikidata":"Q123191135","name":"Vodopády ve Vlčí rokli","class":"waterfall","osm_tag_hint":"waterway=waterfall","coord_ref_stated_in":"Q123115713","coord_ref_imported_from":null}},{"type":"Feature","geometry":{"type":"Point","coordinates":[15.655524,50.725504]},"properties":{"wikidata":"Q123191175","name":"Lovecké vodopády","class":"waterfall","osm_tag_hint":"waterway=waterfall","coord_ref_stated_in":"Q123115713","coord_ref_imported_from":null}},{"type":"Feature","geometry":{"type":"Point","coordinates":[16.126325,50.598092]},"properties":{"wikidata":"Q123191136","name":"Vlčí vodopád","class":"waterfall","osm_tag_hint":"waterway=waterfall","coord_ref_stated_in":"Q123115713","coord_ref_imported_from":null}},{"type":"Feature","geometry":{"type":"Point","coordinates":[15.66832,50.720903]},"properties":{"wikidata":"Q123191174","name":"Luční kaskády","class":"waterfall","osm_tag_hint":"waterway=waterfall","coord_ref_stated_in":"Q123115713","coord_ref_imported_from":null}},{"type":"Feature","geometry":{"type":"Point","coordinates":[16.121128,50.589633]},"properties":{"wikidata":"Q123191137","name":"Teplické vodopády","class":"waterfall","osm_tag_hint":"waterway=waterfall","coord_ref_stated_in":"Q123115713","coord_ref_imported_from":null}},{"type":"Feature","geometry":{"type":"Point","coordinates":[17.427569,49.646553]},"properties":{"wikidata":"Q123191089","name":"Nepřívazský vodopád","class":"waterfall","osm_tag_hint":"waterway=waterfall","coord_ref_stated_in":"Q123115713","coord_ref_imported_from":null,"osm_api_check_2026_09_27":"OSM object nearby"}},{"type":"Feature","geometry":{"type":"Point","coordinates":[16.280636,50.546194]},"properties":{"wikidata":"Q123191138","name":"Suchdolská Niagára","class":"waterfall","osm_tag_hint":"waterway=waterfall","coord_ref_stated_in":"Q123115713","coord_ref_imported_from":null}},{"type":"Feature","geometry":{"type":"Point","coordinates":[16.115847,50.607244]},"properties":{"wikidata":"Q123191140","name":"Adršpašské vodopády","class":"waterfall","osm_tag_hint":"waterway=waterfall","coord_ref_stated_in":"Q123115713","coord_ref_imported_from":null}},{"type":"Feature","geometry":{"type":"Point","coordinates":[16.033425,50.438422]},"properties":{"wikidata":"Q123191141","name":"Zlámaný potok","class":"waterfall","osm_tag_hint":"waterway=waterfall","coord_ref_stated_in":"Q123115713","coord_ref_imported_from":null}},{"type":"Feature","geometry":{"type":"Point","coordinates":[16.064586,50.454075]},"properties":{"wikidata":"Q123191142","name":"Žebrácký vodopád","class":"waterfall","osm_tag_hint":"waterway=waterfall","coord_ref_stated_in":"Q123115713","coord_ref_imported_from":null}},{"type":"Feature","geometry":{"type":"Point","coordinates":[16.065531,50.465633]},"properties":{"wikidata":"Q123191144","name":"Stolínské vodopády","class":"waterfall","osm_tag_hint":"waterway=waterfall","coord_ref_stated_in":"Q123115713","coord_ref_imported_from":null}},{"type":"Feature","geometry":{"type":"Point","coordinates":[16.0461,50.463006]},"properties":{"wikidata":"Q123191145","name":"Končinský vodopád","class":"waterfall","osm_tag_hint":"waterway=waterfall","coord_ref_stated_in":"Q123115713","coord_ref_imported_from":null}},{"type":"Feature","geometry":{"type":"Point","coordinates":[16.244595,50.001799]},"properties":{"wikidata":"Q123191146","name":"Sezónní vodopád v Pelinách","class":"waterfall","osm_tag_hint":"waterway=waterfall","coord_ref_stated_in":"Q123115713","coord_ref_imported_from":null}},{"type":"Feature","geometry":{"type":"Point","coordinates":[16.631576,50.049078]},"properties":{"wikidata":"Q123191147","name":"Kobylí kaskáda","class":"waterfall","osm_tag_hint":"waterway=waterfall","coord_ref_stated_in":"Q123115713","coord_ref_imported_from":null}},{"type":"Feature","geometry":{"type":"Point","coordinates":[16.457487,50.09869]},"properties":{"wikidata":"Q123191148","name":"Žamberské vodopády","class":"waterfall","osm_tag_hint":"waterway=waterfall","coord_ref_stated_in":"Q123115713","coord_ref_imported_from":null}},{"type":"Feature","geometry":{"type":"Point","coordinates":[16.413072,50.312468]},"properties":{"wikidata":"Q123191149","name":"Trčkovský vodopád","class":"waterfall","osm_tag_hint":"waterway=waterfall","coord_ref_stated_in":"Q123115713","coord_ref_imported_from":null}},{"type":"Feature","geometry":{"type":"Point","coordinates":[14.039537,48.966866]},"properties":{"wikidata":"Q123191039","name":"Flanelový vodopád","class":"waterfall","osm_tag_hint":"waterway=waterfall","coord_ref_stated_in":"Q123115713","coord_ref_imported_from":null}},{"type":"Feature","geometry":{"type":"Point","coordinates":[13.468804,49.109487]},"properties":{"wikidata":"Q123191029","name":"Sedelský vodopád","class":"waterfall","osm_tag_hint":"waterway=waterfall","coord_ref_stated_in":"Q123115713","coord_ref_imported_from":null}},{"type":"Feature","geometry":{"type":"Point","coordinates":[13.45825,49.09571]},"properties":{"wikidata":"Q123191030","name":"Vodopád na Sekerském potoce","class":"waterfall","osm_tag_hint":"waterway=waterfall","coord_ref_stated_in":"Q123115713","coord_ref_imported_from":null}},{"type":"Feature","geometry":{"type":"Point","coordinates":[13.47216,49.133066]},"properties":{"wikidata":"Q123191031","name":"Vodopád Pěkného potoka","class":"waterfall","osm_tag_hint":"waterway=waterfall","coord_ref_stated_in":"Q123115713","coord_ref_imported_from":null,"osm_api_check_2026_09_27":"nothing nearby"}},{"type":"Feature","geometry":{"type":"Point","coordinates":[13.471611,49.115111]},"properties":{"wikidata":"Q123191032","name":"Vodopády na Paštěckém potoce","class":"waterfall","osm_tag_hint":"waterway=waterfall","coord_ref_stated_in":"Q123115713","coord_ref_imported_from":null}},{"type":"Feature","geometry":{"type":"Point","coordinates":[13.458015,49.102406]},"properties":{"wikidata":"Q123191033","name":"Nový vodopád","class":"waterfall","osm_tag_hint":"waterway=waterfall","coord_ref_stated_in":"Q123115713","coord_ref_imported_from":null}},{"type":"Feature","geometry":{"type":"Point","coordinates":[13.431956,49.113638]},"properties":{"wikidata":"Q123191034","name":"Mlýnská kaskáda","class":"waterfall","osm_tag_hint":"waterway=waterfall","coord_ref_stated_in":"Q123115713","coord_ref_imported_from":null}},{"type":"Feature","geometry":{"type":"Point","coordinates":[13.168746,49.200421]},"properties":{"wikidata":"Q123191035","name":"Lukášovy vodopády","class":"waterfall","osm_tag_hint":"waterway=waterfall","coord_ref_stated_in":"Q123115713","coord_ref_imported_from":null}},{"type":"Feature","geometry":{"type":"Point","coordinates":[13.365377,49.199534]},"properties":{"wikidata":"Q123191036","name":"Kepelský vodopád","class":"waterfall","osm_tag_hint":"waterway=waterfall","coord_ref_stated_in":"Q123115713","coord_ref_imported_from":null}},{"type":"Feature","geometry":{"type":"Point","coordinates":[13.874299,48.798255]},"properties":{"wikidata":"Q123191037","name":"Jezerní vodopád","class":"waterfall","osm_tag_hint":"waterway=waterfall","coord_ref_stated_in":"Q123115713","coord_ref_imported_from":null,"osm_api_check_2026_09_27":"OSM object nearby"}},{"type":"Feature","geometry":{"type":"Point","coordinates":[13.24327,49.229568]},"properties":{"wikidata":"Q123191038","name":"Kaskády a vodopády Jelenky","class":"waterfall","osm_tag_hint":"waterway=waterfall","coord_ref_stated_in":null,"coord_ref_imported_from":null}},{"type":"Feature","geometry":{"type":"Point","coordinates":[13.263316,49.216492]},"properties":{"wikidata":"Q123191028","name":"Vodopády Šukačky","class":"waterfall","osm_tag_hint":"waterway=waterfall","coord_ref_stated_in":"Q123115713","coord_ref_imported_from":null}},{"type":"Feature","geometry":{"type":"Point","coordinates":[13.503181,49.022905]},"properties":{"wikidata":"Q123191040","name":"Filipohuťské kaskády","class":"waterfall","osm_tag_hint":"waterway=waterfall","coord_ref_stated_in":"Q123115713","coord_ref_imported_from":null}},{"type":"Feature","geometry":{"type":"Point","coordinates":[13.196255,49.187269]},"properties":{"wikidata":"Q123191041","name":"Černá strž","class":"waterfall","osm_tag_hint":"waterway=waterfall","coord_ref_stated_in":"Q123115713","coord_ref_imported_from":null}},{"type":"Feature","geometry":{"type":"Point","coordinates":[12.823925,50.053538]},"properties":{"wikidata":"Q123191042","name":"Loucký vodopád","class":"waterfall","osm_tag_hint":"waterway=waterfall","coord_ref_stated_in":"Q123115713","coord_ref_imported_from":null}},{"type":"Feature","geometry":{"type":"Point","coordinates":[12.691033,50.185512]},"properties":{"wikidata":"Q123191043","name":"Těšovický vodopád","class":"waterfall","osm_tag_hint":"waterway=waterfall","coord_ref_stated_in":"Q123115713","coord_ref_imported_from":null}},{"type":"Feature","geometry":{"type":"Point","coordinates":[12.988812,50.307902]},"properties":{"wikidata":"Q123191045","name":"Mořičovský vodopád","class":"waterfall","osm_tag_hint":"waterway=waterfall","coord_ref_stated_in":"Q123115713","coord_ref_imported_from":null}},{"type":"Feature","geometry":{"type":"Point","coordinates":[13.093878,50.413854]},"properties":{"wikidata":"Q123191046","name":"Bečovská kaskáda","class":"waterfall","osm_tag_hint":"waterway=waterfall","coord_ref_stated_in":"Q123115713","coord_ref_imported_from":null}},{"type":"Feature","geometry":{"type":"Point","coordinates":[13.127,50.332]},"properties":{"wikidata":"Q123191047","name":"vodopády na Bublavě","class":"waterfall","osm_tag_hint":"waterway=waterfall","coord_ref_stated_in":"Q123115713","coord_ref_imported_from":null}},{"type":"Feature","geometry":{"type":"Point","coordinates":[13.056312,50.288057]},"properties":{"wikidata":"Q123191048","name":"Petrovské vodopády","class":"waterfall","osm_tag_hint":"waterway=waterfall","coord_ref_stated_in":"Q123115713","coord_ref_imported_from":null}},{"type":"Feature","geometry":{"type":"Point","coordinates":[13.032174,50.257113]},"properties":{"wikidata":"Q123191050","name":"Vodopád u Pstružného potoka","class":"waterfall","osm_tag_hint":"waterway=waterfall","coord_ref_stated_in":"Q123115713","coord_ref_imported_from":null}},{"type":"Feature","geometry":{"type":"Point","coordinates":[14.31033,48.755314]},"properties":{"wikidata":"Q123191019","name":"Vodopády sv. Václava","class":"waterfall","osm_tag_hint":"waterway=waterfall","coord_ref_stated_in":"Q123115713","coord_ref_imported_from":null}},{"type":"Feature","geometry":{"type":"Point","coordinates":[15.4846,49.8861]},"properties":{"wikidata":"Q11924807","name":"vodopád Hostačovky","class":"waterfall","osm_tag_hint":"waterway=waterfall","coord_ref_stated_in":null,"coord_ref_imported_from":"Q191168"}},{"type":"Feature","geometry":{"type":"Point","coordinates":[14.4267,50.6503]},"properties":{"wikidata":"Q11924868","name":"Vodopád na Kolenském potoce","class":"waterfall","osm_tag_hint":"waterway=waterfall","coord_ref_stated_in":"Q123115713","coord_ref_imported_from":"Q191168"}},{"type":"Feature","geometry":{"type":"Point","coordinates":[13.017825,49.885344]},"properties":{"wikidata":"Q123191011","name":"Falkenštejnský vodopád","class":"waterfall","osm_tag_hint":"waterway=waterfall","coord_ref_stated_in":"Q123115713","coord_ref_imported_from":null}},{"type":"Feature","geometry":{"type":"Point","coordinates":[12.535695,49.821889]},"properties":{"wikidata":"Q123191012","name":"Vodopád Branka","class":"waterfall","osm_tag_hint":"waterway=waterfall","coord_ref_stated_in":"Q123115713","coord_ref_imported_from":null,"osm_api_check_2026_09_27":"nothing nearby"}},{"type":"Feature","geometry":{"type":"Point","coordinates":[12.816555,49.859361]},"properties":{"wikidata":"Q123191013","name":"Vodopád u Čertovky","class":"waterfall","osm_tag_hint":"waterway=waterfall","coord_ref_stated_in":"Q123115713","coord_ref_imported_from":null}},{"type":"Feature","geometry":{"type":"Point","coordinates":[14.470345,48.826858]},"properties":{"wikidata":"Q123191014","name":"Velešínské vodopády","class":"waterfall","osm_tag_hint":"waterway=waterfall","coord_ref_stated_in":"Q123115713","coord_ref_imported_from":null}},{"type":"Feature","geometry":{"type":"Point","coordinates":[14.508914,48.884367]},"properties":{"wikidata":"Q123191015","name":"Kaskáda U Mareše","class":"waterfall","osm_tag_hint":"waterway=waterfall","coord_ref_stated_in":"Q123115713","coord_ref_imported_from":null}},{"type":"Feature","geometry":{"type":"Point","coordinates":[14.229419,50.862369]},"properties":{"wikidata":"Q123191234","name":"Vodopády Suché Kamenice","class":"waterfall","osm_tag_hint":"waterway=waterfall","coord_ref_stated_in":"Q123115713","coord_ref_imported_from":null}},{"type":"Feature","geometry":{"type":"Point","coordinates":[14.493907,48.8073]},"properties":{"wikidata":"Q123191018","name":"Podhorský vodopád","class":"waterfall","osm_tag_hint":"waterway=waterfall","coord_ref_stated_in":"Q123115713","coord_ref_imported_from":null}},{"type":"Feature","geometry":{"type":"Point","coordinates":[13.004285,50.238619]},"properties":{"wikidata":"Q123191051","name":"Horní Svatoborský vodopád","class":"waterfall","osm_tag_hint":"waterway=waterfall","coord_ref_stated_in":"Q123115713","coord_ref_imported_from":null}},{"type":"Feature","geometry":{"type":"Point","coordinates":[14.293727,48.773578]},"properties":{"wikidata":"Q123191020","name":"Heřmanské vodopády","class":"waterfall","osm_tag_hint":"waterway=waterfall","coord_ref_stated_in":"Q123115713","coord_ref_imported_from":null}},{"type":"Feature","geometry":{"type":"Point","coordinates":[14.348122,48.889422]},"properties":{"wikidata":"Q123191021","name":"Keltský vodopád","class":"waterfall","osm_tag_hint":"waterway=waterfall","coord_ref_stated_in":"Q123115713","coord_ref_imported_from":null}},{"type":"Feature","geometry":{"type":"Point","coordinates":[15.212245,50.856588]},"properties":{"wikidata":"Q11924891","name":"Vodopád na Černém potoce","class":"waterfall","osm_tag_hint":"waterway=waterfall","coord_ref_stated_in":null,"coord_ref_imported_from":"Q191168"}},{"type":"Feature","geometry":{"type":"Point","coordinates":[14.127829,48.62822]},"properties":{"wikidata":"Q123191023","name":"Bukový vodopád","class":"waterfall","osm_tag_hint":"waterway=waterfall","coord_ref_stated_in":"Q123115713","coord_ref_imported_from":null}},{"type":"Feature","geometry":{"type":"Point","coordinates":[14.358577,48.65535]},"properties":{"wikidata":"Q123191024","name":"Jílovické kaskády","class":"waterfall","osm_tag_hint":"waterway=waterfall","coord_ref_stated_in":"Q123115713","coord_ref_imported_from":null}},{"type":"Feature","geometry":{"type":"Point","coordinates":[13.694572,48.912382]},"properties":{"wikidata":"Q123191025","name":"Vodopády Časté","class":"waterfall","osm_tag_hint":"waterway=waterfall","coord_ref_stated_in":"Q123115713","coord_ref_imported_from":null}},{"type":"Feature","geometry":{"type":"Point","coordinates":[17.2583,50.078]},"properties":{"wikidata":"Q11924944","name":"Vodopády Bílé Opavy","class":"waterfall","osm_tag_hint":"waterway=waterfall","coord_ref_stated_in":"Q123115713","coord_ref_imported_from":"Q191168"}},{"type":"Feature","geometry":{"type":"Point","coordinates":[13.52056,49.08355]},"properties":{"wikidata":"Q123191026","name":"Vodopád na Zhůřském potoce","class":"waterfall","osm_tag_hint":"waterway=waterfall","coord_ref_stated_in":"Q123115713","coord_ref_imported_from":null}},{"type":"Feature","geometry":{"type":"Point","coordinates":[13.413696,49.053679]},"properties":{"wikidata":"Q123191027","name":"Kaskáda Tmavého potoka","class":"waterfall","osm_tag_hint":"waterway=waterfall","coord_ref_stated_in":"Q123115713","coord_ref_imported_from":null}},{"type":"Feature","geometry":{"type":"Point","coordinates":[15.397333,50.746445]},"properties":{"wikidata":"Q123191184","name":"Vodopády Klokotivého potoka","class":"waterfall","osm_tag_hint":"waterway=waterfall","coord_ref_stated_in":"Q123115713","coord_ref_imported_from":null}},{"type":"Feature","geometry":{"type":"Point","coordinates":[18.477858,49.570692]},"properties":{"wikidata":"Q123191071","name":"Tošanovský vodopád","class":"waterfall","osm_tag_hint":"waterway=waterfall","coord_ref_stated_in":"Q123115713","coord_ref_imported_from":null}},{"type":"Feature","geometry":{"type":"Point","coordinates":[18.383046,49.551227]},"properties":{"wikidata":"Q123191072","name":"Vodopád Ostravice","class":"waterfall","osm_tag_hint":"waterway=waterfall","coord_ref_stated_in":"Q123115713","coord_ref_imported_from":null,"osm_api_check_2026_09_27":"OSM object nearby"}},{"type":"Feature","geometry":{"type":"Point","coordinates":[18.571123,49.575476]},"properties":{"wikidata":"Q123191073","name":"Suché vodopády","class":"waterfall","osm_tag_hint":"waterway=waterfall","coord_ref_stated_in":"Q123115713","coord_ref_imported_from":null}},{"type":"Feature","geometry":{"type":"Point","coordinates":[18.419967,49.566844]},"properties":{"wikidata":"Q123191074","name":"Vodopád na Satině","class":"waterfall","osm_tag_hint":"waterway=waterfall","coord_ref_stated_in":"Q123115713","coord_ref_imported_from":null}},{"type":"Feature","geometry":{"type":"Point","coordinates":[18.231591,49.495892]},"properties":{"wikidata":"Q123191075","name":"Radhoštnický vodopád","class":"waterfall","osm_tag_hint":"waterway=waterfall","coord_ref_stated_in":"Q123115713","coord_ref_imported_from":null}},{"type":"Feature","geometry":{"type":"Point","coordinates":[18.477062,49.570332]},"properties":{"wikidata":"Q123191076","name":"Mohelnický vodopád","class":"waterfall","osm_tag_hint":"waterway=waterfall","coord_ref_stated_in":"Q123115713","coord_ref_imported_from":null}},{"type":"Feature","geometry":{"type":"Point","coordinates":[18.437404,49.535227]},"properties":{"wikidata":"Q123191077","name":"vodopády na Mazáku","class":"waterfall","osm_tag_hint":"waterway=waterfall","coord_ref_stated_in":"Q123115713","coord_ref_imported_from":null}},{"type":"Feature","geometry":{"type":"Point","coordinates":[18.077518,49.572889]},"properties":{"wikidata":"Q123191078","name":"Libotínský vodopád","class":"waterfall","osm_tag_hint":"waterway=waterfall","coord_ref_stated_in":"Q123115713","coord_ref_imported_from":null}},{"type":"Feature","geometry":{"type":"Point","coordinates":[18.44475,49.527833]},"properties":{"wikidata":"Q123191079","name":"vodopády na Kobylíku","class":"waterfall","osm_tag_hint":"waterway=waterfall","coord_ref_stated_in":"Q123115713","coord_ref_imported_from":null}},{"type":"Feature","geometry":{"type":"Point","coordinates":[18.140785,49.523047]},"properties":{"wikidata":"Q123191080","name":"Vodopád Jičínky","class":"waterfall","osm_tag_hint":"waterway=waterfall","coord_ref_stated_in":"Q123115713","coord_ref_imported_from":null}},{"type":"Feature","geometry":{"type":"Point","coordinates":[18.615797,49.626765]},"properties":{"wikidata":"Q123191082","name":"Gutské vodopády","class":"waterfall","osm_tag_hint":"waterway=waterfall","coord_ref_stated_in":"Q123115713","coord_ref_imported_from":null}},{"type":"Feature","geometry":{"type":"Point","coordinates":[18.296871,49.499586]},"properties":{"wikidata":"Q123191083","name":"Bystrý vodopád","class":"waterfall","osm_tag_hint":"waterway=waterfall","coord_ref_stated_in":"Q123115713","coord_ref_imported_from":null}},{"type":"Feature","geometry":{"type":"Point","coordinates":[17.874818,49.844375]},"properties":{"wikidata":"Q123191084","name":"Kajlovecký vodopád","class":"waterfall","osm_tag_hint":"waterway=waterfall","coord_ref_stated_in":"Q123115713","coord_ref_imported_from":null}},{"type":"Feature","geometry":{"type":"Point","coordinates":[15.668167,50.689055]},"properties":{"wikidata":"Q123191183","name":"Kotelský vodopád","class":"waterfall","osm_tag_hint":"waterway=waterfall","coord_ref_stated_in":"Q123115713","coord_ref_imported_from":null}},{"type":"Feature","geometry":{"type":"Point","coordinates":[17.85,49.65]},"properties":{"wikidata":"Q123191085","name":"Vodopád Zlatého potoka","class":"waterfall","osm_tag_hint":"waterway=waterfall","coord_ref_stated_in":"Q123115713","coord_ref_imported_from":null}},{"type":"Feature","geometry":{"type":"Point","coordinates":[17.4,49.661139]},"properties":{"wikidata":"Q123191087","name":"Vodopád pod Vráblem","class":"waterfall","osm_tag_hint":"waterway=waterfall","coord_ref_stated_in":"Q123115713","coord_ref_imported_from":null}},{"type":"Feature","geometry":{"type":"Point","coordinates":[14.461071,50.622676]},"properties":{"wikidata":"Q111362769","name":"Dolanský vodopád","class":"waterfall","osm_tag_hint":"waterway=waterfall","coord_ref_stated_in":null,"coord_ref_imported_from":null}},{"type":"Feature","geometry":{"type":"Point","coordinates":[17.600522,49.501283]},"properties":{"wikidata":"Q123191088","name":"vodopád u Podhůry","class":"waterfall","osm_tag_hint":"waterway=waterfall","coord_ref_stated_in":"Q123115713","coord_ref_imported_from":null}},{"type":"Feature","geometry":{"type":"Point","coordinates":[13.32135,50.5068]},"properties":{"wikidata":"Q123191060","name":"Dolní vodopád Chomutovky","class":"waterfall","osm_tag_hint":"waterway=waterfall","coord_ref_stated_in":"Q123115713","coord_ref_imported_from":null}},{"type":"Feature","geometry":{"type":"Point","coordinates":[12.99907,50.235787]},"properties":{"wikidata":"Q123191052","name":"Lučinsko - svatoborské vodopády","class":"waterfall","osm_tag_hint":"waterway=waterfall","coord_ref_stated_in":"Q123115713","coord_ref_imported_from":null}},{"type":"Feature","geometry":{"type":"Point","coordinates":[13.125156,50.337902]},"properties":{"wikidata":"Q123191053","name":"Horský vodopád","class":"waterfall","osm_tag_hint":"waterway=waterfall","coord_ref_stated_in":"Q123115713","coord_ref_imported_from":null}},{"type":"Feature","geometry":{"type":"Point","coordinates":[13.660726,50.636781]},"properties":{"wikidata":"Q123191054","name":"Rýzmburský vodopád","class":"waterfall","osm_tag_hint":"waterway=waterfall","coord_ref_stated_in":"Q123115713","coord_ref_imported_from":null}},{"type":"Feature","geometry":{"type":"Point","coordinates":[15.763997,50.732244]},"properties":{"wikidata":"Q123191186","name":"Vodopády Jeleního potoka","class":"waterfall","osm_tag_hint":"waterway=waterfall","coord_ref_stated_in":"Q123115713","coord_ref_imported_from":null}},{"type":"Feature","geometry":{"type":"Point","coordinates":[12.737002,50.38016]},"properties":{"wikidata":"Q123191055","name":"Miluščin vodopád","class":"waterfall","osm_tag_hint":"waterway=waterfall","coord_ref_stated_in":"Q123115713","coord_ref_imported_from":null}},{"type":"Feature","geometry":{"type":"Point","coordinates":[13.093878,50.413854]},"properties":{"wikidata":"Q123191057","name":"Malodolské vodopády","class":"waterfall","osm_tag_hint":"waterway=waterfall","coord_ref_stated_in":"Q123115713","coord_ref_imported_from":null}},{"type":"Feature","geometry":{"type":"Point","coordinates":[12.519813,50.384191]},"properties":{"wikidata":"Q123191058","name":"Jelení kaskáda","class":"waterfall","osm_tag_hint":"waterway=waterfall","coord_ref_stated_in":"Q123115713","coord_ref_imported_from":null}},{"type":"Feature","geometry":{"type":"Point","coordinates":[13.015616,50.373082]},"properties":{"wikidata":"Q123191059","name":"Jaruščin vodopád","class":"waterfall","osm_tag_hint":"waterway=waterfall","coord_ref_stated_in":"Q123115713","coord_ref_imported_from":null}},{"type":"Feature","geometry":{"type":"Point","coordinates":[15.639129,50.700255]},"properties":{"wikidata":"Q123191185","name":"Vodopád Klínového potoka","class":"waterfall","osm_tag_hint":"waterway=waterfall","coord_ref_stated_in":"Q123115713","coord_ref_imported_from":null}},{"type":"Feature","geometry":{"type":"Point","coordinates":[13.505717,50.567218]},"properties":{"wikidata":"Q123191063","name":"Albrechtický vodopád","class":"waterfall","osm_tag_hint":"waterway=waterfall","coord_ref_stated_in":"Q123115713","coord_ref_imported_from":null,"osm_api_check_2026_09_27":"nothing nearby"}},{"type":"Feature","geometry":{"type":"Point","coordinates":[17.421955,49.192823]},"properties":{"wikidata":"Q123191064","name":"Poscaný vodopád","class":"waterfall","osm_tag_hint":"waterway=waterfall","coord_ref_stated_in":"Q123115713","coord_ref_imported_from":null}},{"type":"Feature","geometry":{"type":"Point","coordinates":[17.56956,48.863685]},"properties":{"wikidata":"Q123191065","name":"Havraní vodopád","class":"waterfall","osm_tag_hint":"waterway=waterfall","coord_ref_stated_in":"Q123115713","coord_ref_imported_from":null}},{"type":"Feature","geometry":{"type":"Point","coordinates":[17.760746,49.369424]},"properties":{"wikidata":"Q123191066","name":"Vodopád pod Čeňavou","class":"waterfall","osm_tag_hint":"waterway=waterfall","coord_ref_stated_in":"Q123115713","coord_ref_imported_from":null}},{"type":"Feature","geometry":{"type":"Point","coordinates":[17.7503,49.37123]},"properties":{"wikidata":"Q123191067","name":"Kaskády a vodopády Bystřičky","class":"waterfall","osm_tag_hint":"waterway=waterfall","coord_ref_stated_in":"Q123115713","coord_ref_imported_from":null}},{"type":"Feature","geometry":{"type":"Point","coordinates":[18.468814,49.543433]},"properties":{"wikidata":"Q123191068","name":"Zimný vodopád","class":"waterfall","osm_tag_hint":"waterway=waterfall","coord_ref_stated_in":"Q123115713","coord_ref_imported_from":null}},{"type":"Feature","geometry":{"type":"Point","coordinates":[18.5055,49.616667]},"properties":{"wikidata":"Q123191069","name":"Vysutý vodopád","class":"waterfall","osm_tag_hint":"waterway=waterfall","coord_ref_stated_in":"Q123115713","coord_ref_imported_from":null}},{"type":"Feature","geometry":{"type":"Point","coordinates":[16.310325,49.376752]},"properties":{"wikidata":"Q123191352","name":"Mechový vodopád","class":"waterfall","osm_tag_hint":"waterway=waterfall","coord_ref_stated_in":"Q123115713","coord_ref_imported_from":null}},{"type":"Feature","geometry":{"type":"Point","coordinates":[14.605,50.7156]},"properties":{"wikidata":"Q12057662","name":"Svojkovský vodopád","class":"waterfall","osm_tag_hint":"waterway=waterfall","coord_ref_stated_in":null,"coord_ref_imported_from":"Q191168"}},{"type":"Feature","geometry":{"type":"Point","coordinates":[16.636219,49.307623]},"properties":{"wikidata":"Q123191351","name":"Pytlácký vodopád","class":"waterfall","osm_tag_hint":"waterway=waterfall","coord_ref_stated_in":"Q123115713","coord_ref_imported_from":null}},{"type":"Feature","geometry":{"type":"Point","coordinates":[18.076055,49.226978]},"properties":{"wikidata":"Q109232472","name":"Pulčínský vodopád","class":"waterfall","osm_tag_hint":"waterway=waterfall","coord_ref_stated_in":"Q123115713","coord_ref_imported_from":null}},{"type":"Feature","geometry":{"type":"Point","coordinates":[14.475719,49.865889]},"properties":{"wikidata":"Q103838580","name":"Ovčínské vodopády","class":"waterfall","osm_tag_hint":"waterway=waterfall","coord_ref_stated_in":"Q123115713","coord_ref_imported_from":null}},{"type":"Feature","geometry":{"type":"Point","coordinates":[16.324233,49.477121]},"properties":{"wikidata":"Q123191353","name":"Lískovecké vodopády","class":"waterfall","osm_tag_hint":"waterway=waterfall","coord_ref_stated_in":"Q123115713","coord_ref_imported_from":null}},{"type":"Feature","geometry":{"type":"Point","coordinates":[14.500833,50.8625]},"properties":{"wikidata":"Q111460958","name":"Chřibské vodopády","class":"waterfall","osm_tag_hint":"waterway=waterfall","coord_ref_stated_in":"Q123115713","coord_ref_imported_from":null}},{"type":"Feature","geometry":{"type":"Point","coordinates":[16.340953,49.5502]},"properties":{"wikidata":"Q123191347","name":"Vodopád u přehrady Vír 2","class":"waterfall","osm_tag_hint":"waterway=waterfall","coord_ref_stated_in":"Q123115713","coord_ref_imported_from":null}},{"type":"Feature","geometry":{"type":"Point","coordinates":[14.253898,50.875077]},"properties":{"wikidata":"Q123998402","name":"vodopád u parkoviště U vodopádu v Hřensku","class":"waterfall","osm_tag_hint":"waterway=waterfall","coord_ref_stated_in":null,"coord_ref_imported_from":null}},{"type":"Feature","geometry":{"type":"Point","coordinates":[14.319579,50.729656]},"properties":{"wikidata":"Q103984601","name":"Vodopády u Františkova","class":"waterfall","osm_tag_hint":"waterway=waterfall","coord_ref_stated_in":"Q123115713","coord_ref_imported_from":null}},{"type":"Feature","geometry":{"type":"Point","coordinates":[14.466187,49.860242]},"properties":{"wikidata":"Q103838576","name":"Třebsínský vodopád","class":"waterfall","osm_tag_hint":"waterway=waterfall","coord_ref_stated_in":"Q123115713","coord_ref_imported_from":null,"osm_api_check_2026_09_27":"OSM object nearby"}},{"type":"Feature","geometry":{"type":"Point","coordinates":[13.007528,49.754139]},"properties":{"wikidata":"Q110387674","name":"Stříbrské vodopády","class":"waterfall","osm_tag_hint":"waterway=waterfall","coord_ref_stated_in":"Q123115713","coord_ref_imported_from":null}},{"type":"Feature","geometry":{"type":"Point","coordinates":[16.848102,50.135398]},"properties":{"wikidata":"Q111820570","name":"vodopád Malé Moravy","class":"waterfall","osm_tag_hint":"waterway=waterfall","coord_ref_stated_in":"Q123115713","coord_ref_imported_from":null}},{"type":"Feature","geometry":{"type":"Point","coordinates":[16.375471,49.428047]},"properties":{"wikidata":"Q123191355","name":"Vodopád Křeptovského potoka","class":"waterfall","osm_tag_hint":"waterway=waterfall","coord_ref_stated_in":"Q123115713","coord_ref_imported_from":null}},{"type":"Feature","geometry":{"type":"Point","coordinates":[17.254904,49.802463]},"properties":{"wikidata":"Q108701571","name":"Pasecký vodopád","class":"waterfall","osm_tag_hint":"waterway=waterfall","coord_ref_stated_in":"Q123115713","coord_ref_imported_from":null}},{"type":"Feature","geometry":{"type":"Point","coordinates":[16.418163,49.597461]},"properties":{"wikidata":"Q123191354","name":"Vodopád u Křetínky","class":"waterfall","osm_tag_hint":"waterway=waterfall","coord_ref_stated_in":"Q123115713","coord_ref_imported_from":null}},{"type":"Feature","geometry":{"type":"Point","coordinates":[14.453217,49.998522]},"properties":{"wikidata":"Q108293873","name":"Vodopády v Modřanské rokli","class":"waterfall","osm_tag_hint":"waterway=waterfall","coord_ref_stated_in":"Q123115713","coord_ref_imported_from":null}},{"type":"Feature","geometry":{"type":"Point","coordinates":[14.456781,50.888692]},"properties":{"wikidata":"Q106039792","name":"Doubický vodopád","class":"waterfall","osm_tag_hint":"waterway=waterfall","coord_ref_stated_in":null,"coord_ref_imported_from":null}},{"type":"Feature","geometry":{"type":"Point","coordinates":[16.199262,49.093482]},"properties":{"wikidata":"Q123191337","name":"Dukovanský vodopád","class":"waterfall","osm_tag_hint":"waterway=waterfall","coord_ref_stated_in":"Q123115713","coord_ref_imported_from":null}},{"type":"Feature","geometry":{"type":"Point","coordinates":[18.689807,49.516374]},"properties":{"wikidata":"Q110417473","name":"Jestřábí vodopád","class":"waterfall","osm_tag_hint":"waterway=waterfall","coord_ref_stated_in":"Q123115713","coord_ref_imported_from":null}},{"type":"Feature","geometry":{"type":"Point","coordinates":[16.327,49.058933]},"properties":{"wikidata":"Q123191335","name":"Vodopád u Rokytné","class":"waterfall","osm_tag_hint":"waterway=waterfall","coord_ref_stated_in":"Q123115713","coord_ref_imported_from":null}},{"type":"Feature","geometry":{"type":"Point","coordinates":[15.714395,49.713872]},"properties":{"wikidata":"Q123191332","name":"Vodopád Doubravy","class":"waterfall","osm_tag_hint":"waterway=waterfall","coord_ref_stated_in":"Q123115713","coord_ref_imported_from":null}},{"type":"Feature","geometry":{"type":"Point","coordinates":[16.0164,50.6303]},"properties":{"wikidata":"Q11143667","name":"Bečkovský vodopád","class":"waterfall","osm_tag_hint":"waterway=waterfall","coord_ref_stated_in":"Q123115713","coord_ref_imported_from":"Q191168"}},{"type":"Feature","geometry":{"type":"Point","coordinates":[16.8339,50.1869]},"properties":{"wikidata":"Q11878092","name":"vodopád Pod Strašidly","class":"waterfall","osm_tag_hint":"waterway=waterfall","coord_ref_stated_in":"Q123115713","coord_ref_imported_from":"Q191168"}},{"type":"Feature","geometry":{"type":"Point","coordinates":[17.646222,49.574684]},"properties":{"wikidata":"Q106533599","name":"Žabnický vodopád","class":"waterfall","osm_tag_hint":"waterway=waterfall","coord_ref_stated_in":"Q123115713","coord_ref_imported_from":null}},{"type":"Feature","geometry":{"type":"Point","coordinates":[13.865126,50.010411]},"properties":{"wikidata":"Q122111426","name":"Vodopády Klučné","class":"waterfall","osm_tag_hint":"waterway=waterfall","coord_ref_stated_in":"Q12035233,Q123115713","coord_ref_imported_from":null}},{"type":"Feature","geometry":{"type":"Point","coordinates":[14.33347,49.82014]},"properties":{"wikidata":"Q108029516","name":"Lečický vodopád","class":"waterfall","osm_tag_hint":"waterway=waterfall","coord_ref_stated_in":null,"coord_ref_imported_from":null}},{"type":"Feature","geometry":{"type":"Point","coordinates":[16.571453,49.366205]},"properties":{"wikidata":"Q123191340","name":"Milonické vodopády na Lažánce","class":"waterfall","osm_tag_hint":"waterway=waterfall","coord_ref_stated_in":"Q123115713","coord_ref_imported_from":null}},{"type":"Feature","geometry":{"type":"Point","coordinates":[16.715561,49.370608]},"properties":{"wikidata":"Q123191341","name":"Vodopády u Štajgrovy díry","class":"waterfall","osm_tag_hint":"waterway=waterfall","coord_ref_stated_in":"Q123115713","coord_ref_imported_from":null}},{"type":"Feature","geometry":{"type":"Point","coordinates":[16.688408,49.3613]},"properties":{"wikidata":"Q123191342","name":"Vodopád u Boří","class":"waterfall","osm_tag_hint":"waterway=waterfall","coord_ref_stated_in":"Q123115713","coord_ref_imported_from":null}},{"type":"Feature","geometry":{"type":"Point","coordinates":[16.353557,49.389776]},"properties":{"wikidata":"Q123191345","name":"Vrbské vodopády","class":"waterfall","osm_tag_hint":"waterway=waterfall","coord_ref_stated_in":"Q123115713","coord_ref_imported_from":null}},{"type":"Feature","geometry":{"type":"Point","coordinates":[15.5672,50.7578]},"properties":{"wikidata":"Q12047586","name":"Pudlavský vodopád","class":"waterfall","osm_tag_hint":"waterway=waterfall","coord_ref_stated_in":"Q123115713","coord_ref_imported_from":"Q191168"}},{"type":"Feature","geometry":{"type":"Point","coordinates":[16.215142,49.101617]},"properties":{"wikidata":"Q123191338","name":"Vodopád na Mohelničce","class":"waterfall","osm_tag_hint":"waterway=waterfall","coord_ref_stated_in":"Q123115713","coord_ref_imported_from":null}},{"type":"Feature","geometry":{"type":"Point","coordinates":[14.0841,50.6538]},"properties":{"wikidata":"Q12042605","name":"Olšinský vodopád","class":"waterfall","osm_tag_hint":"waterway=waterfall","coord_ref_stated_in":"Q123115713","coord_ref_imported_from":"Q191168"}},{"type":"Feature","geometry":{"type":"Point","coordinates":[16.757961,49.377535]},"properties":{"wikidata":"Q123191343","name":"Lopačské podzemní vodpády","class":"waterfall","osm_tag_hint":"waterway=waterfall","coord_ref_stated_in":"Q123115713","coord_ref_imported_from":null}},{"type":"Feature","geometry":{"type":"Point","coordinates":[17.707059,49.616083]},"properties":{"wikidata":"Q107467309","name":"Partutovický vodopád","class":"waterfall","osm_tag_hint":"waterway=waterfall","coord_ref_stated_in":"Q123115713","coord_ref_imported_from":"Q191168"}},{"type":"Feature","geometry":{"type":"Point","coordinates":[15.718052,50.735797]},"properties":{"wikidata":"Q19834981","name":"Úpské vodopády","class":"waterfall","osm_tag_hint":"waterway=waterfall","coord_ref_stated_in":null,"coord_ref_imported_from":null}},{"type":"Feature","geometry":{"type":"Point","coordinates":[16.157472,49.157521]},"properties":{"wikidata":"Q135442396","name":"vodopády na Cihelně","class":"waterfall","osm_tag_hint":"waterway=waterfall","coord_ref_stated_in":null,"coord_ref_imported_from":null}},{"type":"Feature","geometry":{"type":"Point","coordinates":[15.212303,50.00866]},"properties":{"wikidata":"Q131455929","name":"Polepský vodopád","class":"waterfall","osm_tag_hint":"waterway=waterfall","coord_ref_stated_in":"Q12035233","coord_ref_imported_from":null}},{"type":"Feature","geometry":{"type":"Point","coordinates":[15.715238,49.17671]},"properties":{"wikidata":"Q138828598","name":"malý vodopád na Dašovském potoce","class":"waterfall","osm_tag_hint":"waterway=waterfall","coord_ref_stated_in":null,"coord_ref_imported_from":null}},{"type":"Feature","geometry":{"type":"Point","coordinates":[15.975658,49.176059]},"properties":{"wikidata":"Q134435330","name":"vodopád u Slaviček","class":"waterfall","osm_tag_hint":"waterway=waterfall","coord_ref_stated_in":null,"coord_ref_imported_from":null}},{"type":"Feature","geometry":{"type":"Point","coordinates":[15.660334,49.242417]},"properties":{"wikidata":"Q140668024","name":"vodopád Zlatomlýn","class":"waterfall","osm_tag_hint":"waterway=waterfall","coord_ref_stated_in":null,"coord_ref_imported_from":null}},{"type":"Feature","geometry":{"type":"Point","coordinates":[16.115869,50.607305]},"properties":{"wikidata":"Q130342741","name":"Velký Adršpašský vodopád","class":"waterfall","osm_tag_hint":"waterway=waterfall","coord_ref_stated_in":"Q12035233","coord_ref_imported_from":null,"osm_api_check_2026_09_27":"OSM object nearby"}},{"type":"Feature","geometry":{"type":"Point","coordinates":[15.8917,49.6793]},"properties":{"wikidata":"Q13416097","name":"Vojnoměstecký vodopád","class":"waterfall","osm_tag_hint":"waterway=waterfall","coord_ref_stated_in":"Q123115713","coord_ref_imported_from":"Q191168"}},{"type":"Feature","geometry":{"type":"Point","coordinates":[16.116382,50.607933]},"properties":{"wikidata":"Q130342689","name":"Malý Adršpašský vodopád","class":"waterfall","osm_tag_hint":"waterway=waterfall","coord_ref_stated_in":"Q12035233","coord_ref_imported_from":null}},{"type":"Feature","geometry":{"type":"Point","coordinates":[16.842832,50.199209]},"properties":{"wikidata":"Q137003401","name":"Malý vodopád v Dolní Moravě","class":"waterfall","osm_tag_hint":"waterway=waterfall","coord_ref_stated_in":null,"coord_ref_imported_from":null}},{"type":"Feature","geometry":{"type":"Point","coordinates":[16.734977,49.33204]},"properties":{"wikidata":"Q89188991","name":"Rudické propadání","class":"waterfall","osm_tag_hint":"waterway=waterfall","coord_ref_stated_in":"Q123115713","coord_ref_imported_from":null}},{"type":"Feature","geometry":{"type":"Point","coordinates":[14.542823,49.983383]},"properties":{"wikidata":"Q90024837","name":"Průhonický vodopád","class":"waterfall","osm_tag_hint":"waterway=waterfall","coord_ref_stated_in":null,"coord_ref_imported_from":null}},{"type":"Feature","geometry":{"type":"Point","coordinates":[15.824635,48.904402]},"properties":{"wikidata":"Q47744002","name":"Stříbrné vodopády","class":"waterfall","osm_tag_hint":"waterway=waterfall","coord_ref_stated_in":"Q123115713","coord_ref_imported_from":null}},{"type":"Feature","geometry":{"type":"Point","coordinates":[14.489355,49.300029]},"properties":{"wikidata":"Q66104107","name":"vodopád Pod Libuší","class":"waterfall","osm_tag_hint":"waterway=waterfall","coord_ref_stated_in":"Q123115713","coord_ref_imported_from":null}},{"type":"Feature","geometry":{"type":"Point","coordinates":[15.570631,50.754527]},"properties":{"wikidata":"Q58783233","name":"Malý Labský vodopád","class":"waterfall","osm_tag_hint":"waterway=waterfall","coord_ref_stated_in":"Q123115713","coord_ref_imported_from":null}},{"type":"Feature","geometry":{"type":"Point","coordinates":[16.358603,49.270837]},"properties":{"wikidata":"Q63092021","name":"Maršovské vodopády","class":"waterfall","osm_tag_hint":"waterway=waterfall","coord_ref_stated_in":"Q123115713","coord_ref_imported_from":null}},{"type":"Feature","geometry":{"type":"Point","coordinates":[14.512946,50.820776]},"properties":{"wikidata":"Q98504688","name":"Bělské vodopády","class":"waterfall","osm_tag_hint":"waterway=waterfall","coord_ref_stated_in":null,"coord_ref_imported_from":null}},{"type":"Feature","geometry":{"type":"Point","coordinates":[18.27607,49.8689]},"properties":{"wikidata":"Q110929602","name":null,"class":"bunker","osm_tag_hint":"military=bunker","coord_ref_stated_in":null,"coord_ref_imported_from":null}},{"type":"Feature","geometry":{"type":"Point","coordinates":[18.204948,49.84131]},"properties":{"wikidata":"Q105825676","name":null,"class":"bunker","osm_tag_hint":"military=bunker","coord_ref_stated_in":null,"coord_ref_imported_from":"Q191168"}},{"type":"Feature","geometry":{"type":"Point","coordinates":[18.164445,49.80002]},"properties":{"wikidata":"Q106784709","name":null,"class":"bunker","osm_tag_hint":"military=bunker","coord_ref_stated_in":null,"coord_ref_imported_from":"Q191168"}},{"type":"Feature","geometry":{"type":"Point","coordinates":[14.485653,49.029958]},"properties":{"wikidata":"Q113950042","name":null,"class":"bunker","osm_tag_hint":"military=bunker","coord_ref_stated_in":null,"coord_ref_imported_from":null}},{"type":"Feature","geometry":{"type":"Point","coordinates":[14.507423,48.934377]},"properties":{"wikidata":"Q113949980","name":null,"class":"bunker","osm_tag_hint":"military=bunker","coord_ref_stated_in":null,"coord_ref_imported_from":null}},{"type":"Feature","geometry":{"type":"Point","coordinates":[14.305621,50.242243]},"properties":{"wikidata":"Q140368794","name":null,"class":"bunker","osm_tag_hint":"military=bunker","coord_ref_stated_in":"Q12035233","coord_ref_imported_from":null}},{"type":"Feature","geometry":{"type":"Point","coordinates":[15.181567,50.030233]},"properties":{"wikidata":"Q130493909","name":null,"class":"bunker","osm_tag_hint":"military=bunker","coord_ref_stated_in":null,"coord_ref_imported_from":null}},{"type":"Feature","geometry":{"type":"Point","coordinates":[17.43548,49.48466]},"properties":{"wikidata":"Q141458704","name":null,"class":"bunker","osm_tag_hint":"military=bunker","coord_ref_stated_in":null,"coord_ref_imported_from":null}},{"type":"Feature","geometry":{"type":"Point","coordinates":[18.181052,49.912399]},"properties":{"wikidata":"Q106341565","name":null,"class":"bunker","osm_tag_hint":"military=bunker","coord_ref_stated_in":null,"coord_ref_imported_from":"Q191168"}},{"type":"Feature","geometry":{"type":"Point","coordinates":[15.910783,50.629889]},"properties":{"wikidata":"Q12058111","name":null,"class":"bunker","osm_tag_hint":"military=bunker","coord_ref_stated_in":null,"coord_ref_imported_from":null}},{"type":"Feature","geometry":{"type":"Point","coordinates":[15.914058,50.622547]},"properties":{"wikidata":"Q12156733","name":null,"class":"bunker","osm_tag_hint":"military=bunker","coord_ref_stated_in":null,"coord_ref_imported_from":null}},{"type":"Feature","geometry":{"type":"Point","coordinates":[16.517708,50.196028]},"properties":{"wikidata":"Q29563367","name":null,"class":"bunker","osm_tag_hint":"military=bunker","coord_ref_stated_in":null,"coord_ref_imported_from":null}},{"type":"Feature","geometry":{"type":"Point","coordinates":[16.293145,50.354603]},"properties":{"wikidata":"Q62427275","name":null,"class":"bunker","osm_tag_hint":"military=bunker","coord_ref_stated_in":null,"coord_ref_imported_from":null}},{"type":"Feature","geometry":{"type":"Point","coordinates":[16.767846,50.095671]},"properties":{"wikidata":"Q69352550","name":null,"class":"bunker","osm_tag_hint":"military=bunker","coord_ref_stated_in":null,"coord_ref_imported_from":null}},{"type":"Feature","geometry":{"type":"Point","coordinates":[17.77741,49.9537]},"properties":{"wikidata":"Q98593681","name":null,"class":"bunker","osm_tag_hint":"military=bunker","coord_ref_stated_in":null,"coord_ref_imported_from":null}},{"type":"Feature","geometry":{"type":"Point","coordinates":[16.010489,50.584939]},"properties":{"wikidata":"Q61851926","name":null,"class":"bunker","osm_tag_hint":"military=bunker","coord_ref_stated_in":null,"coord_ref_imported_from":null}},{"type":"Feature","geometry":{"type":"Point","coordinates":[16.198306,50.404772]},"properties":{"wikidata":"Q62592314","name":null,"class":"bunker","osm_tag_hint":"military=bunker","coord_ref_stated_in":null,"coord_ref_imported_from":null}},{"type":"Feature","geometry":{"type":"Point","coordinates":[18.21625,49.92905]},"properties":{"wikidata":"Q98636595","name":null,"class":"bunker","osm_tag_hint":"military=bunker","coord_ref_stated_in":null,"coord_ref_imported_from":null}},{"type":"Feature","geometry":{"type":"Point","coordinates":[16.15845,50.490044]},"properties":{"wikidata":"Q62663272","name":null,"class":"bunker","osm_tag_hint":"military=bunker","coord_ref_stated_in":null,"coord_ref_imported_from":null}},{"type":"Feature","geometry":{"type":"Point","coordinates":[17.26722,50.19416]},"properties":{"wikidata":"Q98649372","name":null,"class":"bunker","osm_tag_hint":"military=bunker","coord_ref_stated_in":null,"coord_ref_imported_from":null}},{"type":"Feature","geometry":{"type":"Point","coordinates":[16.683326,50.074471]},"properties":{"wikidata":"Q69520559","name":null,"class":"bunker","osm_tag_hint":"military=bunker","coord_ref_stated_in":null,"coord_ref_imported_from":null}},{"type":"Feature","geometry":{"type":"Point","coordinates":[16.604974,50.111808]},"properties":{"wikidata":"Q69680885","name":null,"class":"bunker","osm_tag_hint":"military=bunker","coord_ref_stated_in":null,"coord_ref_imported_from":null}},{"type":"Feature","geometry":{"type":"Point","coordinates":[18.08114,49.89626]},"properties":{"wikidata":"Q98645664","name":null,"class":"bunker","osm_tag_hint":"military=bunker","coord_ref_stated_in":null,"coord_ref_imported_from":null}},{"type":"Feature","geometry":{"type":"Point","coordinates":[15.906525,50.630214]},"properties":{"wikidata":"Q12058114","name":null,"class":"bunker","osm_tag_hint":"military=bunker","coord_ref_stated_in":null,"coord_ref_imported_from":null}},{"type":"Feature","geometry":{"type":"Point","coordinates":[15.91,50.626956]},"properties":{"wikidata":"Q12058115","name":null,"class":"bunker","osm_tag_hint":"military=bunker","coord_ref_stated_in":null,"coord_ref_imported_from":null}},{"type":"Feature","geometry":{"type":"Point","coordinates":[16.515636,50.196806]},"properties":{"wikidata":"Q29563385","name":null,"class":"bunker","osm_tag_hint":"military=bunker","coord_ref_stated_in":null,"coord_ref_imported_from":null}},{"type":"Feature","geometry":{"type":"Point","coordinates":[16.195844,50.404297]},"properties":{"wikidata":"Q62592315","name":null,"class":"bunker","osm_tag_hint":"military=bunker","coord_ref_stated_in":null,"coord_ref_imported_from":null}},{"type":"Feature","geometry":{"type":"Point","coordinates":[16.606174,50.110348]},"properties":{"wikidata":"Q69681879","name":null,"class":"bunker","osm_tag_hint":"military=bunker","coord_ref_stated_in":null,"coord_ref_imported_from":null}},{"type":"Feature","geometry":{"type":"Point","coordinates":[16.157655,50.488856]},"properties":{"wikidata":"Q62663273","name":null,"class":"bunker","osm_tag_hint":"military=bunker","coord_ref_stated_in":null,"coord_ref_imported_from":null}},{"type":"Feature","geometry":{"type":"Point","coordinates":[16.1529,50.49342]},"properties":{"wikidata":"Q62663395","name":null,"class":"bunker","osm_tag_hint":"military=bunker","coord_ref_stated_in":null,"coord_ref_imported_from":null}},{"type":"Feature","geometry":{"type":"Point","coordinates":[16.602752,50.111193]},"properties":{"wikidata":"Q69681886","name":null,"class":"bunker","osm_tag_hint":"military=bunker","coord_ref_stated_in":null,"coord_ref_imported_from":null}},{"type":"Feature","geometry":{"type":"Point","coordinates":[16.288575,50.350933]},"properties":{"wikidata":"Q62427282","name":null,"class":"bunker","osm_tag_hint":"military=bunker","coord_ref_stated_in":null,"coord_ref_imported_from":null}},{"type":"Feature","geometry":{"type":"Point","coordinates":[16.00662,50.584019]},"properties":{"wikidata":"Q61851928","name":null,"class":"bunker","osm_tag_hint":"military=bunker","coord_ref_stated_in":null,"coord_ref_imported_from":null}},{"type":"Feature","geometry":{"type":"Point","coordinates":[16.0091,50.583081]},"properties":{"wikidata":"Q61851929","name":null,"class":"bunker","osm_tag_hint":"military=bunker","coord_ref_stated_in":null,"coord_ref_imported_from":null}},{"type":"Feature","geometry":{"type":"Point","coordinates":[17.77161,49.9504]},"properties":{"wikidata":"Q98593684","name":null,"class":"bunker","osm_tag_hint":"military=bunker","coord_ref_stated_in":null,"coord_ref_imported_from":null}},{"type":"Feature","geometry":{"type":"Point","coordinates":[16.7696,50.094676]},"properties":{"wikidata":"Q69352548","name":null,"class":"bunker","osm_tag_hint":"military=bunker","coord_ref_stated_in":null,"coord_ref_imported_from":null}},{"type":"Feature","geometry":{"type":"Point","coordinates":[17.77902,49.94886]},"properties":{"wikidata":"Q98593683","name":null,"class":"bunker","osm_tag_hint":"military=bunker","coord_ref_stated_in":null,"coord_ref_imported_from":null}},{"type":"Feature","geometry":{"type":"Point","coordinates":[15.910122,50.624825]},"properties":{"wikidata":"Q12058118","name":null,"class":"bunker","osm_tag_hint":"military=bunker","coord_ref_stated_in":null,"coord_ref_imported_from":null}},{"type":"Feature","geometry":{"type":"Point","coordinates":[16.509697,50.196511]},"properties":{"wikidata":"Q29563402","name":null,"class":"bunker","osm_tag_hint":"military=bunker","coord_ref_stated_in":null,"coord_ref_imported_from":null,"osm_api_check_2026_09_27":"OSM object nearby"}},{"type":"Feature","geometry":{"type":"Point","coordinates":[16.1489,50.493425]},"properties":{"wikidata":"Q62663399","name":null,"class":"bunker","osm_tag_hint":"military=bunker","coord_ref_stated_in":null,"coord_ref_imported_from":null}},{"type":"Feature","geometry":{"type":"Point","coordinates":[16.278739,50.348692]},"properties":{"wikidata":"Q62427287","name":null,"class":"bunker","osm_tag_hint":"military=bunker","coord_ref_stated_in":null,"coord_ref_imported_from":null}},{"type":"Feature","geometry":{"type":"Point","coordinates":[18.08002,49.8924]},"properties":{"wikidata":"Q98645666","name":null,"class":"bunker","osm_tag_hint":"military=bunker","coord_ref_stated_in":null,"coord_ref_imported_from":null}},{"type":"Feature","geometry":{"type":"Point","coordinates":[18.21594,49.92519]},"properties":{"wikidata":"Q98636596","name":null,"class":"bunker","osm_tag_hint":"military=bunker","coord_ref_stated_in":null,"coord_ref_imported_from":null}},{"type":"Feature","geometry":{"type":"Point","coordinates":[16.20225,50.399195]},"properties":{"wikidata":"Q62592317","name":null,"class":"bunker","osm_tag_hint":"military=bunker","coord_ref_stated_in":null,"coord_ref_imported_from":null}},{"type":"Feature","geometry":{"type":"Point","coordinates":[17.77823,49.94095]},"properties":{"wikidata":"Q98593685","name":null,"class":"bunker","osm_tag_hint":"military=bunker","coord_ref_stated_in":null,"coord_ref_imported_from":null}},{"type":"Feature","geometry":{"type":"Point","coordinates":[16.603605,50.10993]},"properties":{"wikidata":"Q69681881","name":null,"class":"bunker","osm_tag_hint":"military=bunker","coord_ref_stated_in":null,"coord_ref_imported_from":null}},{"type":"Feature","geometry":{"type":"Point","coordinates":[16.677051,50.069375]},"properties":{"wikidata":"Q69520560","name":null,"class":"bunker","osm_tag_hint":"military=bunker","coord_ref_stated_in":null,"coord_ref_imported_from":null}},{"type":"Feature","geometry":{"type":"Point","coordinates":[16.003889,50.584539]},"properties":{"wikidata":"Q61851931","name":null,"class":"bunker","osm_tag_hint":"military=bunker","coord_ref_stated_in":null,"coord_ref_imported_from":null}},{"type":"Feature","geometry":{"type":"Point","coordinates":[16.769509,50.088452]},"properties":{"wikidata":"Q69352551","name":null,"class":"bunker","osm_tag_hint":"military=bunker","coord_ref_stated_in":null,"coord_ref_imported_from":null}},{"type":"Feature","geometry":{"type":"Point","coordinates":[16.731378,48.811908]},"properties":{"wikidata":"Q27861650","name":null,"class":"bunker","osm_tag_hint":"military=bunker","coord_ref_stated_in":null,"coord_ref_imported_from":null}},{"type":"Feature","geometry":{"type":"Point","coordinates":[16.638217,48.825764]},"properties":{"wikidata":"Q27861648","name":null,"class":"bunker","osm_tag_hint":"military=bunker","coord_ref_stated_in":null,"coord_ref_imported_from":null}},{"type":"Feature","geometry":{"type":"Point","coordinates":[15.949425,48.844869]},"properties":{"wikidata":"Q27861615","name":null,"class":"bunker","osm_tag_hint":"military=bunker","coord_ref_stated_in":null,"coord_ref_imported_from":null}},{"type":"Feature","geometry":{"type":"Point","coordinates":[16.017964,48.806461]},"properties":{"wikidata":"Q27861616","name":null,"class":"bunker","osm_tag_hint":"military=bunker","coord_ref_stated_in":null,"coord_ref_imported_from":null}},{"type":"Feature","geometry":{"type":"Point","coordinates":[16.511217,48.846628]},"properties":{"wikidata":"Q27861644","name":null,"class":"bunker","osm_tag_hint":"military=bunker","coord_ref_stated_in":null,"coord_ref_imported_from":null}},{"type":"Feature","geometry":{"type":"Point","coordinates":[16.274272,48.776608]},"properties":{"wikidata":"Q27861629","name":null,"class":"bunker","osm_tag_hint":"military=bunker","coord_ref_stated_in":null,"coord_ref_imported_from":null}},{"type":"Feature","geometry":{"type":"Point","coordinates":[16.224281,48.797839]},"properties":{"wikidata":"Q27861627","name":null,"class":"bunker","osm_tag_hint":"military=bunker","coord_ref_stated_in":null,"coord_ref_imported_from":null}},{"type":"Feature","geometry":{"type":"Point","coordinates":[16.397264,48.811511]},"properties":{"wikidata":"Q27861641","name":null,"class":"bunker","osm_tag_hint":"military=bunker","coord_ref_stated_in":null,"coord_ref_imported_from":null}},{"type":"Feature","geometry":{"type":"Point","coordinates":[17.43071,50.05832]},"properties":{"wikidata":"Q98594691","name":null,"class":"bunker","osm_tag_hint":"military=bunker","coord_ref_stated_in":null,"coord_ref_imported_from":null}},{"type":"Feature","geometry":{"type":"Point","coordinates":[17.27055,50.19638]},"properties":{"wikidata":"Q98649371","name":null,"class":"bunker","osm_tag_hint":"military=bunker","coord_ref_stated_in":null,"coord_ref_imported_from":null}},{"type":"Feature","geometry":{"type":"Point","coordinates":[17.47351,50.02601]},"properties":{"wikidata":"Q98594685","name":null,"class":"bunker","osm_tag_hint":"military=bunker","coord_ref_stated_in":null,"coord_ref_imported_from":null}},{"type":"Feature","geometry":{"type":"Point","coordinates":[17.64392,49.96311]},"properties":{"wikidata":"Q98594624","name":null,"class":"bunker","osm_tag_hint":"military=bunker","coord_ref_stated_in":null,"coord_ref_imported_from":null,"osm_api_check_2026_09_27":"nothing nearby"}},{"type":"Feature","geometry":{"type":"Point","coordinates":[17.64108,49.96663]},"properties":{"wikidata":"Q98594625","name":null,"class":"bunker","osm_tag_hint":"military=bunker","coord_ref_stated_in":null,"coord_ref_imported_from":null}},{"type":"Feature","geometry":{"type":"Point","coordinates":[17.03046,50.15842]},"properties":{"wikidata":"Q98602214","name":null,"class":"bunker","osm_tag_hint":"military=bunker","coord_ref_stated_in":null,"coord_ref_imported_from":null}},{"type":"Feature","geometry":{"type":"Point","coordinates":[15.801389,50.69323]},"properties":{"wikidata":"Q61883827","name":null,"class":"bunker","osm_tag_hint":"military=bunker","coord_ref_stated_in":null,"coord_ref_imported_from":null}},{"type":"Feature","geometry":{"type":"Point","coordinates":[18.347381,49.843544]},"properties":{"wikidata":"Q115339963","name":null,"class":"bunker","osm_tag_hint":"military=bunker","coord_ref_stated_in":null,"coord_ref_imported_from":null}},{"type":"Feature","geometry":{"type":"Point","coordinates":[18.669391,49.684339]},"properties":{"wikidata":"Q136463424","name":null,"class":"bunker","osm_tag_hint":"military=bunker","coord_ref_stated_in":null,"coord_ref_imported_from":null}},{"type":"Feature","geometry":{"type":"Point","coordinates":[18.669841,49.684856]},"properties":{"wikidata":"Q136458864","name":null,"class":"bunker","osm_tag_hint":"military=bunker","coord_ref_stated_in":null,"coord_ref_imported_from":null}},{"type":"Feature","geometry":{"type":"Point","coordinates":[16.60817,49.19009]},"properties":{"wikidata":"Q102347068","name":null,"class":"bunker","osm_tag_hint":"military=bunker","coord_ref_stated_in":null,"coord_ref_imported_from":null}},{"type":"Feature","geometry":{"type":"Point","coordinates":[16.59249,49.20204]},"properties":{"wikidata":"Q102347015","name":null,"class":"bunker","osm_tag_hint":"military=bunker","coord_ref_stated_in":null,"coord_ref_imported_from":null}},{"type":"Feature","geometry":{"type":"Point","coordinates":[16.58525,49.20369]},"properties":{"wikidata":"Q102346961","name":null,"class":"bunker","osm_tag_hint":"military=bunker","coord_ref_stated_in":null,"coord_ref_imported_from":null}},{"type":"Feature","geometry":{"type":"Point","coordinates":[16.608177,49.190168]},"properties":{"wikidata":"Q133157142","name":null,"class":"bunker","osm_tag_hint":"military=bunker","coord_ref_stated_in":null,"coord_ref_imported_from":null}},{"type":"Feature","geometry":{"type":"Point","coordinates":[16.604343,49.19401]},"properties":{"wikidata":"Q62085784","name":null,"class":"bunker","osm_tag_hint":"military=bunker","coord_ref_stated_in":"Q5903248","coord_ref_imported_from":null,"osm_api_check_2026_09_27":"OSM object nearby"}},{"type":"Feature","geometry":{"type":"Point","coordinates":[15.889281,50.639506]},"properties":{"wikidata":"Q12058107","name":null,"class":"bunker","osm_tag_hint":"military=bunker","coord_ref_stated_in":null,"coord_ref_imported_from":null}},{"type":"Feature","geometry":{"type":"Point","coordinates":[16.509072,50.186403]},"properties":{"wikidata":"Q11832957","name":null,"class":"bunker","osm_tag_hint":"military=bunker","coord_ref_stated_in":null,"coord_ref_imported_from":null}},{"type":"Feature","geometry":{"type":"Point","coordinates":[15.913986,50.617483]},"properties":{"wikidata":"Q12058103","name":null,"class":"bunker","osm_tag_hint":"military=bunker","coord_ref_stated_in":null,"coord_ref_imported_from":null}},{"type":"Feature","geometry":{"type":"Point","coordinates":[18.3499,49.92007]},"properties":{"wikidata":"Q11765018","name":null,"class":"bunker","osm_tag_hint":"military=bunker","coord_ref_stated_in":null,"coord_ref_imported_from":null}},{"type":"Feature","geometry":{"type":"Point","coordinates":[15.899775,50.637097]},"properties":{"wikidata":"Q12058104","name":null,"class":"bunker","osm_tag_hint":"military=bunker","coord_ref_stated_in":null,"coord_ref_imported_from":null}},{"type":"Feature","geometry":{"type":"Point","coordinates":[18.27304,49.90847]},"properties":{"wikidata":"Q12352124","name":null,"class":"bunker","osm_tag_hint":"military=bunker","coord_ref_stated_in":null,"coord_ref_imported_from":null}},{"type":"Feature","geometry":{"type":"Point","coordinates":[18.22835,49.92407]},"properties":{"wikidata":"Q12352126","name":null,"class":"bunker","osm_tag_hint":"military=bunker","coord_ref_stated_in":null,"coord_ref_imported_from":null}},{"type":"Feature","geometry":{"type":"Point","coordinates":[18.22122,49.92526]},"properties":{"wikidata":"Q12352127","name":null,"class":"bunker","osm_tag_hint":"military=bunker","coord_ref_stated_in":null,"coord_ref_imported_from":null}},{"type":"Feature","geometry":{"type":"Point","coordinates":[15.930142,50.617881]},"properties":{"wikidata":"Q12058102","name":null,"class":"bunker","osm_tag_hint":"military=bunker","coord_ref_stated_in":null,"coord_ref_imported_from":null}},{"type":"Feature","geometry":{"type":"Point","coordinates":[15.901042,50.635036]},"properties":{"wikidata":"Q12058105","name":null,"class":"bunker","osm_tag_hint":"military=bunker","coord_ref_stated_in":null,"coord_ref_imported_from":null}},{"type":"Feature","geometry":{"type":"Point","coordinates":[18.35356,49.93004]},"properties":{"wikidata":"Q11765017","name":null,"class":"bunker","osm_tag_hint":"military=bunker","coord_ref_stated_in":null,"coord_ref_imported_from":null}},{"type":"Feature","geometry":{"type":"Point","coordinates":[18.36777,49.93641]},"properties":{"wikidata":"Q11765016","name":null,"class":"bunker","osm_tag_hint":"military=bunker","coord_ref_stated_in":null,"coord_ref_imported_from":null}},{"type":"Feature","geometry":{"type":"Point","coordinates":[16.553347,50.146294]},"properties":{"wikidata":"Q29509372","name":null,"class":"bunker","osm_tag_hint":"military=bunker","coord_ref_stated_in":null,"coord_ref_imported_from":null}},{"type":"Feature","geometry":{"type":"Point","coordinates":[16.644983,48.7903]},"properties":{"wikidata":"Q27777565","name":null,"class":"bunker","osm_tag_hint":"military=bunker","coord_ref_stated_in":null,"coord_ref_imported_from":null}},{"type":"Feature","geometry":{"type":"Point","coordinates":[15.982853,48.802036]},"properties":{"wikidata":"Q27669964","name":null,"class":"bunker","osm_tag_hint":"military=bunker","coord_ref_stated_in":null,"coord_ref_imported_from":null}},{"type":"Feature","geometry":{"type":"Point","coordinates":[16.548772,50.149553]},"properties":{"wikidata":"Q29509385","name":null,"class":"bunker","osm_tag_hint":"military=bunker","coord_ref_stated_in":null,"coord_ref_imported_from":null}},{"type":"Feature","geometry":{"type":"Point","coordinates":[16.697031,48.782581]},"properties":{"wikidata":"Q27777576","name":null,"class":"bunker","osm_tag_hint":"military=bunker","coord_ref_stated_in":null,"coord_ref_imported_from":null,"osm_api_check_2026_09_27":"nothing nearby"}},{"type":"Feature","geometry":{"type":"Point","coordinates":[15.80107,48.892372]},"properties":{"wikidata":"Q27969362","name":null,"class":"bunker","osm_tag_hint":"military=bunker","coord_ref_stated_in":null,"coord_ref_imported_from":null}},{"type":"Feature","geometry":{"type":"Point","coordinates":[16.513094,50.215844]},"properties":{"wikidata":"Q20479413","name":null,"class":"bunker","osm_tag_hint":"military=bunker","coord_ref_stated_in":null,"coord_ref_imported_from":null}},{"type":"Feature","geometry":{"type":"Point","coordinates":[16.8395,48.74765]},"properties":{"wikidata":"Q27777763","name":null,"class":"bunker","osm_tag_hint":"military=bunker","coord_ref_stated_in":null,"coord_ref_imported_from":null}},{"type":"Feature","geometry":{"type":"Point","coordinates":[16.503075,48.828911]},"properties":{"wikidata":"Q27685340","name":null,"class":"bunker","osm_tag_hint":"military=bunker","coord_ref_stated_in":null,"coord_ref_imported_from":null,"osm_api_check_2026_09_27":"nothing nearby"}},{"type":"Feature","geometry":{"type":"Point","coordinates":[16.560581,50.14473]},"properties":{"wikidata":"Q29509316","name":null,"class":"bunker","osm_tag_hint":"military=bunker","coord_ref_stated_in":null,"coord_ref_imported_from":null}},{"type":"Feature","geometry":{"type":"Point","coordinates":[16.174589,48.782047]},"properties":{"wikidata":"Q27670025","name":null,"class":"bunker","osm_tag_hint":"military=bunker","coord_ref_stated_in":null,"coord_ref_imported_from":null}},{"type":"Feature","geometry":{"type":"Point","coordinates":[16.534256,48.819111]},"properties":{"wikidata":"Q27685365","name":null,"class":"bunker","osm_tag_hint":"military=bunker","coord_ref_stated_in":null,"coord_ref_imported_from":null}},{"type":"Feature","geometry":{"type":"Point","coordinates":[16.466697,48.813125]},"properties":{"wikidata":"Q27685278","name":null,"class":"bunker","osm_tag_hint":"military=bunker","coord_ref_stated_in":null,"coord_ref_imported_from":null}},{"type":"Feature","geometry":{"type":"Point","coordinates":[16.543911,50.150425]},"properties":{"wikidata":"Q29509397","name":null,"class":"bunker","osm_tag_hint":"military=bunker","coord_ref_stated_in":null,"coord_ref_imported_from":null}},{"type":"Feature","geometry":{"type":"Point","coordinates":[16.523203,48.824517]},"properties":{"wikidata":"Q27685349","name":null,"class":"bunker","osm_tag_hint":"military=bunker","coord_ref_stated_in":null,"coord_ref_imported_from":null}},{"type":"Feature","geometry":{"type":"Point","coordinates":[15.966769,48.812586]},"properties":{"wikidata":"Q27669950","name":null,"class":"bunker","osm_tag_hint":"military=bunker","coord_ref_stated_in":null,"coord_ref_imported_from":null}},{"type":"Feature","geometry":{"type":"Point","coordinates":[16.539581,50.15092]},"properties":{"wikidata":"Q29509413","name":null,"class":"bunker","osm_tag_hint":"military=bunker","coord_ref_stated_in":null,"coord_ref_imported_from":null}},{"type":"Feature","geometry":{"type":"Point","coordinates":[16.533606,50.152731]},"properties":{"wikidata":"Q29509427","name":null,"class":"bunker","osm_tag_hint":"military=bunker","coord_ref_stated_in":null,"coord_ref_imported_from":null}},{"type":"Feature","geometry":{"type":"Point","coordinates":[16.530772,50.155853]},"properties":{"wikidata":"Q29509457","name":null,"class":"bunker","osm_tag_hint":"military=bunker","coord_ref_stated_in":null,"coord_ref_imported_from":null}},{"type":"Feature","geometry":{"type":"Point","coordinates":[16.106744,48.790639]},"properties":{"wikidata":"Q27670002","name":null,"class":"bunker","osm_tag_hint":"military=bunker","coord_ref_stated_in":null,"coord_ref_imported_from":null}},{"type":"Feature","geometry":{"type":"Point","coordinates":[16.279628,48.759611]},"properties":{"wikidata":"Q27670037","name":null,"class":"bunker","osm_tag_hint":"military=bunker","coord_ref_stated_in":null,"coord_ref_imported_from":null}},{"type":"Feature","geometry":{"type":"Point","coordinates":[16.257222,48.770228]},"properties":{"wikidata":"Q27670034","name":null,"class":"bunker","osm_tag_hint":"military=bunker","coord_ref_stated_in":null,"coord_ref_imported_from":null}},{"type":"Feature","geometry":{"type":"Point","coordinates":[16.527011,50.156631]},"properties":{"wikidata":"Q29515060","name":null,"class":"bunker","osm_tag_hint":"military=bunker","coord_ref_stated_in":null,"coord_ref_imported_from":null}},{"type":"Feature","geometry":{"type":"Point","coordinates":[16.743572,48.777103]},"properties":{"wikidata":"Q27777581","name":null,"class":"bunker","osm_tag_hint":"military=bunker","coord_ref_stated_in":null,"coord_ref_imported_from":null}},{"type":"Feature","geometry":{"type":"Point","coordinates":[16.523897,50.159308]},"properties":{"wikidata":"Q29515078","name":null,"class":"bunker","osm_tag_hint":"military=bunker","coord_ref_stated_in":null,"coord_ref_imported_from":null}},{"type":"Feature","geometry":{"type":"Point","coordinates":[16.160833,48.788056]},"properties":{"wikidata":"Q27670020","name":null,"class":"bunker","osm_tag_hint":"military=bunker","coord_ref_stated_in":null,"coord_ref_imported_from":null}},{"type":"Feature","geometry":{"type":"Point","coordinates":[15.800533,48.906761]},"properties":{"wikidata":"Q27969374","name":null,"class":"bunker","osm_tag_hint":"military=bunker","coord_ref_stated_in":null,"coord_ref_imported_from":null}},{"type":"Feature","geometry":{"type":"Point","coordinates":[16.081331,48.791739]},"properties":{"wikidata":"Q27669995","name":null,"class":"bunker","osm_tag_hint":"military=bunker","coord_ref_stated_in":null,"coord_ref_imported_from":null}},{"type":"Feature","geometry":{"type":"Point","coordinates":[16.067308,48.790478]},"properties":{"wikidata":"Q27669991","name":null,"class":"bunker","osm_tag_hint":"military=bunker","coord_ref_stated_in":null,"coord_ref_imported_from":null}},{"type":"Feature","geometry":{"type":"Point","coordinates":[16.617733,48.800833]},"properties":{"wikidata":"Q27777557","name":null,"class":"bunker","osm_tag_hint":"military=bunker","coord_ref_stated_in":null,"coord_ref_imported_from":null}},{"type":"Feature","geometry":{"type":"Point","coordinates":[16.55212,48.811767]},"properties":{"wikidata":"Q27685374","name":null,"class":"bunker","osm_tag_hint":"military=bunker","coord_ref_stated_in":null,"coord_ref_imported_from":null}},{"type":"Feature","geometry":{"type":"Point","coordinates":[16.802389,48.773928]},"properties":{"wikidata":"Q27777745","name":null,"class":"bunker","osm_tag_hint":"military=bunker","coord_ref_stated_in":null,"coord_ref_imported_from":null}},{"type":"Feature","geometry":{"type":"Point","coordinates":[16.49343,48.823069]},"properties":{"wikidata":"Q27685321","name":null,"class":"bunker","osm_tag_hint":"military=bunker","coord_ref_stated_in":null,"coord_ref_imported_from":null}},{"type":"Feature","geometry":{"type":"Point","coordinates":[16.573831,50.135731]},"properties":{"wikidata":"Q29509057","name":null,"class":"bunker","osm_tag_hint":"military=bunker","coord_ref_stated_in":null,"coord_ref_imported_from":null}},{"type":"Feature","geometry":{"type":"Point","coordinates":[16.431036,48.784936]},"properties":{"wikidata":"Q27685238","name":null,"class":"bunker","osm_tag_hint":"military=bunker","coord_ref_stated_in":null,"coord_ref_imported_from":null}},{"type":"Feature","geometry":{"type":"Point","coordinates":[16.813444,48.766508]},"properties":{"wikidata":"Q27777751","name":null,"class":"bunker","osm_tag_hint":"military=bunker","coord_ref_stated_in":null,"coord_ref_imported_from":null}},{"type":"Feature","geometry":{"type":"Point","coordinates":[16.570742,50.13715]},"properties":{"wikidata":"Q29509210","name":null,"class":"bunker","osm_tag_hint":"military=bunker","coord_ref_stated_in":null,"coord_ref_imported_from":null}},{"type":"Feature","geometry":{"type":"Point","coordinates":[16.567881,50.138556]},"properties":{"wikidata":"Q29509263","name":null,"class":"bunker","osm_tag_hint":"military=bunker","coord_ref_stated_in":null,"coord_ref_imported_from":null}},{"type":"Feature","geometry":{"type":"Point","coordinates":[16.365972,48.740728]},"properties":{"wikidata":"Q27685183","name":null,"class":"bunker","osm_tag_hint":"military=bunker","coord_ref_stated_in":null,"coord_ref_imported_from":null}},{"type":"Feature","geometry":{"type":"Point","coordinates":[16.63435,48.794069]},"properties":{"wikidata":"Q27777562","name":null,"class":"bunker","osm_tag_hint":"military=bunker","coord_ref_stated_in":null,"coord_ref_imported_from":null}},{"type":"Feature","geometry":{"type":"Point","coordinates":[15.799886,48.897111]},"properties":{"wikidata":"Q27969368","name":null,"class":"bunker","osm_tag_hint":"military=bunker","coord_ref_stated_in":null,"coord_ref_imported_from":null}},{"type":"Feature","geometry":{"type":"Point","coordinates":[16.486717,50.232394]},"properties":{"wikidata":"Q29573753","name":null,"class":"bunker","osm_tag_hint":"military=bunker","coord_ref_stated_in":null,"coord_ref_imported_from":null}},{"type":"Feature","geometry":{"type":"Point","coordinates":[16.031081,48.792864]},"properties":{"wikidata":"Q27669978","name":null,"class":"bunker","osm_tag_hint":"military=bunker","coord_ref_stated_in":null,"coord_ref_imported_from":null}},{"type":"Feature","geometry":{"type":"Point","coordinates":[16.57335,48.808617]},"properties":{"wikidata":"Q27685391","name":null,"class":"bunker","osm_tag_hint":"military=bunker","coord_ref_stated_in":null,"coord_ref_imported_from":null}},{"type":"Feature","geometry":{"type":"Point","coordinates":[16.562975,50.142044]},"properties":{"wikidata":"Q29509292","name":null,"class":"bunker","osm_tag_hint":"military=bunker","coord_ref_stated_in":null,"coord_ref_imported_from":null}},{"type":"Feature","geometry":{"type":"Point","coordinates":[16.83225,48.754589]},"properties":{"wikidata":"Q27777760","name":null,"class":"bunker","osm_tag_hint":"military=bunker","coord_ref_stated_in":null,"coord_ref_imported_from":null}},{"type":"Feature","geometry":{"type":"Point","coordinates":[16.403397,48.752442]},"properties":{"wikidata":"Q27685199","name":null,"class":"bunker","osm_tag_hint":"military=bunker","coord_ref_stated_in":null,"coord_ref_imported_from":null}},{"type":"Feature","geometry":{"type":"Point","coordinates":[16.511583,50.205911]},"properties":{"wikidata":"Q29573398","name":null,"class":"bunker","osm_tag_hint":"military=bunker","coord_ref_stated_in":null,"coord_ref_imported_from":null}},{"type":"Feature","geometry":{"type":"Point","coordinates":[16.847389,48.739731]},"properties":{"wikidata":"Q27777772","name":null,"class":"bunker","osm_tag_hint":"military=bunker","coord_ref_stated_in":null,"coord_ref_imported_from":null}},{"type":"Feature","geometry":{"type":"Point","coordinates":[16.199639,48.774531]},"properties":{"wikidata":"Q27670030","name":null,"class":"bunker","osm_tag_hint":"military=bunker","coord_ref_stated_in":null,"coord_ref_imported_from":null}},{"type":"Feature","geometry":{"type":"Point","coordinates":[16.677769,48.783819]},"properties":{"wikidata":"Q27777570","name":null,"class":"bunker","osm_tag_hint":"military=bunker","coord_ref_stated_in":null,"coord_ref_imported_from":null}},{"type":"Feature","geometry":{"type":"Point","coordinates":[16.513778,50.192361]},"properties":{"wikidata":"Q29563227","name":null,"class":"bunker","osm_tag_hint":"military=bunker","coord_ref_stated_in":null,"coord_ref_imported_from":null}},{"type":"Feature","geometry":{"type":"Point","coordinates":[16.857406,48.732897]},"properties":{"wikidata":"Q27777780","name":null,"class":"bunker","osm_tag_hint":"military=bunker","coord_ref_stated_in":null,"coord_ref_imported_from":null}},{"type":"Feature","geometry":{"type":"Point","coordinates":[16.86817,48.725494]},"properties":{"wikidata":"Q27777786","name":null,"class":"bunker","osm_tag_hint":"military=bunker","coord_ref_stated_in":null,"coord_ref_imported_from":null}},{"type":"Feature","geometry":{"type":"Point","coordinates":[16.510961,50.200553]},"properties":{"wikidata":"Q29563427","name":null,"class":"bunker","osm_tag_hint":"military=bunker","coord_ref_stated_in":null,"coord_ref_imported_from":null}},{"type":"Feature","geometry":{"type":"Point","coordinates":[16.657719,48.788739]},"properties":{"wikidata":"Q27777566","name":null,"class":"bunker","osm_tag_hint":"military=bunker","coord_ref_stated_in":null,"coord_ref_imported_from":null}},{"type":"Feature","geometry":{"type":"Point","coordinates":[16.519556,50.166806]},"properties":{"wikidata":"Q29515099","name":null,"class":"bunker","osm_tag_hint":"military=bunker","coord_ref_stated_in":null,"coord_ref_imported_from":null}},{"type":"Feature","geometry":{"type":"Point","coordinates":[16.511745,50.211428]},"properties":{"wikidata":"Q29573412","name":null,"class":"bunker","osm_tag_hint":"military=bunker","coord_ref_stated_in":null,"coord_ref_imported_from":null}},{"type":"Feature","geometry":{"type":"Point","coordinates":[16.512469,50.2165]},"properties":{"wikidata":"Q29573443","name":null,"class":"bunker","osm_tag_hint":"military=bunker","coord_ref_stated_in":null,"coord_ref_imported_from":null}},{"type":"Feature","geometry":{"type":"Point","coordinates":[16.506733,50.220061]},"properties":{"wikidata":"Q29573462","name":null,"class":"bunker","osm_tag_hint":"military=bunker","coord_ref_stated_in":null,"coord_ref_imported_from":null}},{"type":"Feature","geometry":{"type":"Point","coordinates":[16.498639,50.225853]},"properties":{"wikidata":"Q29573692","name":null,"class":"bunker","osm_tag_hint":"military=bunker","coord_ref_stated_in":null,"coord_ref_imported_from":null}},{"type":"Feature","geometry":{"type":"Point","coordinates":[16.589661,48.80852]},"properties":{"wikidata":"Q27685404","name":null,"class":"bunker","osm_tag_hint":"military=bunker","coord_ref_stated_in":null,"coord_ref_imported_from":null}},{"type":"Feature","geometry":{"type":"Point","coordinates":[16.131053,48.786242]},"properties":{"wikidata":"Q27670012","name":null,"class":"bunker","osm_tag_hint":"military=bunker","coord_ref_stated_in":null,"coord_ref_imported_from":null}},{"type":"Feature","geometry":{"type":"Point","coordinates":[16.491708,50.228161]},"properties":{"wikidata":"Q29573702","name":null,"class":"bunker","osm_tag_hint":"military=bunker","coord_ref_stated_in":null,"coord_ref_imported_from":null}},{"type":"Feature","geometry":{"type":"Point","coordinates":[16.487825,50.231411]},"properties":{"wikidata":"Q29573749","name":null,"class":"bunker","osm_tag_hint":"military=bunker","coord_ref_stated_in":null,"coord_ref_imported_from":null}},{"type":"Feature","geometry":{"type":"Point","coordinates":[16.51103,50.178239]},"properties":{"wikidata":"Q29515132","name":null,"class":"bunker","osm_tag_hint":"military=bunker","coord_ref_stated_in":null,"coord_ref_imported_from":null}},{"type":"Feature","geometry":{"type":"Point","coordinates":[16.510103,50.180297]},"properties":{"wikidata":"Q29515136","name":null,"class":"bunker","osm_tag_hint":"military=bunker","coord_ref_stated_in":null,"coord_ref_imported_from":null}},{"type":"Feature","geometry":{"type":"Point","coordinates":[16.451108,48.801314]},"properties":{"wikidata":"Q27685256","name":null,"class":"bunker","osm_tag_hint":"military=bunker","coord_ref_stated_in":null,"coord_ref_imported_from":null}},{"type":"Feature","geometry":{"type":"Point","coordinates":[16.515028,50.173475]},"properties":{"wikidata":"Q29515122","name":null,"class":"bunker","osm_tag_hint":"military=bunker","coord_ref_stated_in":null,"coord_ref_imported_from":null}},{"type":"Feature","geometry":{"type":"Point","coordinates":[16.218978,48.777061]},"properties":{"wikidata":"Q27670031","name":null,"class":"bunker","osm_tag_hint":"military=bunker","coord_ref_stated_in":null,"coord_ref_imported_from":null}},{"type":"Feature","geometry":{"type":"Point","coordinates":[16.510197,50.183631]},"properties":{"wikidata":"Q29515142","name":null,"class":"bunker","osm_tag_hint":"military=bunker","coord_ref_stated_in":null,"coord_ref_imported_from":null}},{"type":"Feature","geometry":{"type":"Point","coordinates":[16.519236,50.169889]},"properties":{"wikidata":"Q29515111","name":null,"class":"bunker","osm_tag_hint":"military=bunker","coord_ref_stated_in":null,"coord_ref_imported_from":null}},{"type":"Feature","geometry":{"type":"Point","coordinates":[16.521364,50.163044]},"properties":{"wikidata":"Q29515089","name":null,"class":"bunker","osm_tag_hint":"military=bunker","coord_ref_stated_in":null,"coord_ref_imported_from":null}},{"type":"Feature","geometry":{"type":"Point","coordinates":[16.653061,50.087989]},"properties":{"wikidata":"Q69577872","name":null,"class":"bunker","osm_tag_hint":"military=bunker","coord_ref_stated_in":null,"coord_ref_imported_from":null}},{"type":"Feature","geometry":{"type":"Point","coordinates":[16.650593,50.091468]},"properties":{"wikidata":"Q69577875","name":null,"class":"bunker","osm_tag_hint":"military=bunker","coord_ref_stated_in":null,"coord_ref_imported_from":null}},{"type":"Feature","geometry":{"type":"Point","coordinates":[16.654834,50.085889]},"properties":{"wikidata":"Q69577870","name":null,"class":"bunker","osm_tag_hint":"military=bunker","coord_ref_stated_in":null,"coord_ref_imported_from":null}},{"type":"Feature","geometry":{"type":"Point","coordinates":[16.588561,50.124919]},"properties":{"wikidata":"Q70633289","name":null,"class":"bunker","osm_tag_hint":"military=bunker","coord_ref_stated_in":null,"coord_ref_imported_from":null}},{"type":"Feature","geometry":{"type":"Point","coordinates":[16.658095,50.082086]},"properties":{"wikidata":"Q69577868","name":null,"class":"bunker","osm_tag_hint":"military=bunker","coord_ref_stated_in":null,"coord_ref_imported_from":null}},{"type":"Feature","geometry":{"type":"Point","coordinates":[16.660682,50.078627]},"properties":{"wikidata":"Q69577867","name":null,"class":"bunker","osm_tag_hint":"military=bunker","coord_ref_stated_in":null,"coord_ref_imported_from":null}},{"type":"Feature","geometry":{"type":"Point","coordinates":[16.644977,50.096259]},"properties":{"wikidata":"Q69578656","name":null,"class":"bunker","osm_tag_hint":"military=bunker","coord_ref_stated_in":null,"coord_ref_imported_from":null}},{"type":"Feature","geometry":{"type":"Point","coordinates":[16.63459,50.098453]},"properties":{"wikidata":"Q69578664","name":null,"class":"bunker","osm_tag_hint":"military=bunker","coord_ref_stated_in":null,"coord_ref_imported_from":null}},{"type":"Feature","geometry":{"type":"Point","coordinates":[16.626434,50.101666]},"properties":{"wikidata":"Q69578666","name":null,"class":"bunker","osm_tag_hint":"military=bunker","coord_ref_stated_in":null,"coord_ref_imported_from":null}},{"type":"Feature","geometry":{"type":"Point","coordinates":[16.17588,50.447536]},"properties":{"wikidata":"Q62625120","name":null,"class":"bunker","osm_tag_hint":"military=bunker","coord_ref_stated_in":null,"coord_ref_imported_from":null}},{"type":"Feature","geometry":{"type":"Point","coordinates":[16.41,50.299889]},"properties":{"wikidata":"Q62274073","name":null,"class":"bunker","osm_tag_hint":"military=bunker","coord_ref_stated_in":null,"coord_ref_imported_from":null}},{"type":"Feature","geometry":{"type":"Point","coordinates":[16.623046,50.103287]},"properties":{"wikidata":"Q69578668","name":null,"class":"bunker","osm_tag_hint":"military=bunker","coord_ref_stated_in":null,"coord_ref_imported_from":null}},{"type":"Feature","geometry":{"type":"Point","coordinates":[16.618342,50.106311]},"properties":{"wikidata":"Q69578670","name":null,"class":"bunker","osm_tag_hint":"military=bunker","coord_ref_stated_in":null,"coord_ref_imported_from":null}},{"type":"Feature","geometry":{"type":"Point","coordinates":[16.615403,50.10813]},"properties":{"wikidata":"Q69679155","name":null,"class":"bunker","osm_tag_hint":"military=bunker","coord_ref_stated_in":null,"coord_ref_imported_from":null}},{"type":"Feature","geometry":{"type":"Point","coordinates":[16.613423,50.109203]},"properties":{"wikidata":"Q69679160","name":null,"class":"bunker","osm_tag_hint":"military=bunker","coord_ref_stated_in":null,"coord_ref_imported_from":null}},{"type":"Feature","geometry":{"type":"Point","coordinates":[16.596987,50.116503]},"properties":{"wikidata":"Q69679177","name":null,"class":"bunker","osm_tag_hint":"military=bunker","coord_ref_stated_in":null,"coord_ref_imported_from":null}},{"type":"Feature","geometry":{"type":"Point","coordinates":[15.828881,50.677081]},"properties":{"wikidata":"Q61883584","name":null,"class":"bunker","osm_tag_hint":"military=bunker","coord_ref_stated_in":null,"coord_ref_imported_from":null}},{"type":"Feature","geometry":{"type":"Point","coordinates":[16.593096,50.118969]},"properties":{"wikidata":"Q70633280","name":null,"class":"bunker","osm_tag_hint":"military=bunker","coord_ref_stated_in":null,"coord_ref_imported_from":null}},{"type":"Feature","geometry":{"type":"Point","coordinates":[16.589853,50.121295]},"properties":{"wikidata":"Q70633284","name":null,"class":"bunker","osm_tag_hint":"military=bunker","coord_ref_stated_in":null,"coord_ref_imported_from":null}},{"type":"Feature","geometry":{"type":"Point","coordinates":[15.785864,50.701469]},"properties":{"wikidata":"Q61883653","name":null,"class":"bunker","osm_tag_hint":"military=bunker","coord_ref_stated_in":null,"coord_ref_imported_from":null}},{"type":"Feature","geometry":{"type":"Point","coordinates":[16.405278,50.303056]},"properties":{"wikidata":"Q62274074","name":null,"class":"bunker","osm_tag_hint":"military=bunker","coord_ref_stated_in":null,"coord_ref_imported_from":null}},{"type":"Feature","geometry":{"type":"Point","coordinates":[16.792939,50.107082]},"properties":{"wikidata":"Q69126885","name":null,"class":"bunker","osm_tag_hint":"military=bunker","coord_ref_stated_in":null,"coord_ref_imported_from":null}},{"type":"Feature","geometry":{"type":"Point","coordinates":[15.850895,50.661494]},"properties":{"wikidata":"Q61875878","name":null,"class":"bunker","osm_tag_hint":"military=bunker","coord_ref_stated_in":null,"coord_ref_imported_from":null}},{"type":"Feature","geometry":{"type":"Point","coordinates":[16.77819,50.101149]},"properties":{"wikidata":"Q69126905","name":null,"class":"bunker","osm_tag_hint":"military=bunker","coord_ref_stated_in":null,"coord_ref_imported_from":null}},{"type":"Feature","geometry":{"type":"Point","coordinates":[15.84863,50.662514]},"properties":{"wikidata":"Q61875879","name":null,"class":"bunker","osm_tag_hint":"military=bunker","coord_ref_stated_in":null,"coord_ref_imported_from":null}},{"type":"Feature","geometry":{"type":"Point","coordinates":[15.8449,50.665725]},"properties":{"wikidata":"Q61875880","name":null,"class":"bunker","osm_tag_hint":"military=bunker","coord_ref_stated_in":null,"coord_ref_imported_from":null}},{"type":"Feature","geometry":{"type":"Point","coordinates":[15.842361,50.668386]},"properties":{"wikidata":"Q61875881","name":null,"class":"bunker","osm_tag_hint":"military=bunker","coord_ref_stated_in":null,"coord_ref_imported_from":null}},{"type":"Feature","geometry":{"type":"Point","coordinates":[15.838886,50.673464]},"properties":{"wikidata":"Q61875883","name":null,"class":"bunker","osm_tag_hint":"military=bunker","coord_ref_stated_in":null,"coord_ref_imported_from":null}},{"type":"Feature","geometry":{"type":"Point","coordinates":[17.6923,49.97052]},"properties":{"wikidata":"Q98592030","name":null,"class":"bunker","osm_tag_hint":"military=bunker","coord_ref_stated_in":null,"coord_ref_imported_from":null}},{"type":"Feature","geometry":{"type":"Point","coordinates":[16.398889,50.308611]},"properties":{"wikidata":"Q62387873","name":null,"class":"bunker","osm_tag_hint":"military=bunker","coord_ref_stated_in":null,"coord_ref_imported_from":null}},{"type":"Feature","geometry":{"type":"Point","coordinates":[16.402778,50.305556]},"properties":{"wikidata":"Q62387871","name":null,"class":"bunker","osm_tag_hint":"military=bunker","coord_ref_stated_in":null,"coord_ref_imported_from":null}},{"type":"Feature","geometry":{"type":"Point","coordinates":[17.68077,49.97397]},"properties":{"wikidata":"Q98592032","name":null,"class":"bunker","osm_tag_hint":"military=bunker","coord_ref_stated_in":null,"coord_ref_imported_from":null}},{"type":"Feature","geometry":{"type":"Point","coordinates":[15.836664,50.675569]},"properties":{"wikidata":"Q61883582","name":null,"class":"bunker","osm_tag_hint":"military=bunker","coord_ref_stated_in":null,"coord_ref_imported_from":null}},{"type":"Feature","geometry":{"type":"Point","coordinates":[17.67611,49.97666]},"properties":{"wikidata":"Q98592033","name":null,"class":"bunker","osm_tag_hint":"military=bunker","coord_ref_stated_in":null,"coord_ref_imported_from":null}},{"type":"Feature","geometry":{"type":"Point","coordinates":[15.832289,50.67575]},"properties":{"wikidata":"Q61883583","name":null,"class":"bunker","osm_tag_hint":"military=bunker","coord_ref_stated_in":null,"coord_ref_imported_from":null}},{"type":"Feature","geometry":{"type":"Point","coordinates":[16.169011,50.456419]},"properties":{"wikidata":"Q62625124","name":null,"class":"bunker","osm_tag_hint":"military=bunker","coord_ref_stated_in":null,"coord_ref_imported_from":null}},{"type":"Feature","geometry":{"type":"Point","coordinates":[17.67388,49.97722]},"properties":{"wikidata":"Q98592036","name":null,"class":"bunker","osm_tag_hint":"military=bunker","coord_ref_stated_in":null,"coord_ref_imported_from":null}},{"type":"Feature","geometry":{"type":"Point","coordinates":[16.170544,50.455453]},"properties":{"wikidata":"Q62625122","name":null,"class":"bunker","osm_tag_hint":"military=bunker","coord_ref_stated_in":null,"coord_ref_imported_from":null}},{"type":"Feature","geometry":{"type":"Point","coordinates":[16.745603,50.091579]},"properties":{"wikidata":"Q69423234","name":null,"class":"bunker","osm_tag_hint":"military=bunker","coord_ref_stated_in":null,"coord_ref_imported_from":null}},{"type":"Feature","geometry":{"type":"Point","coordinates":[16.73699,50.086518]},"properties":{"wikidata":"Q69423237","name":null,"class":"bunker","osm_tag_hint":"military=bunker","coord_ref_stated_in":null,"coord_ref_imported_from":null}},{"type":"Feature","geometry":{"type":"Point","coordinates":[16.726026,50.082693]},"properties":{"wikidata":"Q69423241","name":null,"class":"bunker","osm_tag_hint":"military=bunker","coord_ref_stated_in":null,"coord_ref_imported_from":null}},{"type":"Feature","geometry":{"type":"Point","coordinates":[16.712426,50.079423]},"properties":{"wikidata":"Q69423965","name":null,"class":"bunker","osm_tag_hint":"military=bunker","coord_ref_stated_in":null,"coord_ref_imported_from":null}},{"type":"Feature","geometry":{"type":"Point","coordinates":[16.698648,50.076688]},"properties":{"wikidata":"Q69423969","name":null,"class":"bunker","osm_tag_hint":"military=bunker","coord_ref_stated_in":null,"coord_ref_imported_from":null}},{"type":"Feature","geometry":{"type":"Point","coordinates":[16.689859,50.075387]},"properties":{"wikidata":"Q69423972","name":null,"class":"bunker","osm_tag_hint":"military=bunker","coord_ref_stated_in":null,"coord_ref_imported_from":null}},{"type":"Feature","geometry":{"type":"Point","coordinates":[16.216492,50.399731]},"properties":{"wikidata":"Q62590721","name":null,"class":"bunker","osm_tag_hint":"military=bunker","coord_ref_stated_in":null,"coord_ref_imported_from":null}},{"type":"Feature","geometry":{"type":"Point","coordinates":[16.173892,50.449436]},"properties":{"wikidata":"Q62625121","name":null,"class":"bunker","osm_tag_hint":"military=bunker","coord_ref_stated_in":null,"coord_ref_imported_from":null}},{"type":"Feature","geometry":{"type":"Point","coordinates":[16.438611,50.272639]},"properties":{"wikidata":"Q62273739","name":null,"class":"bunker","osm_tag_hint":"military=bunker","coord_ref_stated_in":null,"coord_ref_imported_from":null}},{"type":"Feature","geometry":{"type":"Point","coordinates":[16.1875,50.426389]},"properties":{"wikidata":"Q62624290","name":null,"class":"bunker","osm_tag_hint":"military=bunker","coord_ref_stated_in":null,"coord_ref_imported_from":null}},{"type":"Feature","geometry":{"type":"Point","coordinates":[16.443611,50.262389]},"properties":{"wikidata":"Q62273735","name":null,"class":"bunker","osm_tag_hint":"military=bunker","coord_ref_stated_in":null,"coord_ref_imported_from":null}},{"type":"Feature","geometry":{"type":"Point","coordinates":[16.20312,50.411328]},"properties":{"wikidata":"Q62590725","name":null,"class":"bunker","osm_tag_hint":"military=bunker","coord_ref_stated_in":null,"coord_ref_imported_from":null}},{"type":"Feature","geometry":{"type":"Point","coordinates":[16.417417,50.291944]},"properties":{"wikidata":"Q62274012","name":null,"class":"bunker","osm_tag_hint":"military=bunker","coord_ref_stated_in":null,"coord_ref_imported_from":null}},{"type":"Feature","geometry":{"type":"Point","coordinates":[16.441833,50.265139]},"properties":{"wikidata":"Q62273736","name":null,"class":"bunker","osm_tag_hint":"military=bunker","coord_ref_stated_in":null,"coord_ref_imported_from":null}},{"type":"Feature","geometry":{"type":"Point","coordinates":[17.76533,49.95848]},"properties":{"wikidata":"Q98593686","name":null,"class":"bunker","osm_tag_hint":"military=bunker","coord_ref_stated_in":null,"coord_ref_imported_from":null}},{"type":"Feature","geometry":{"type":"Point","coordinates":[16.440555,50.267695]},"properties":{"wikidata":"Q62273738","name":null,"class":"bunker","osm_tag_hint":"military=bunker","coord_ref_stated_in":null,"coord_ref_imported_from":null}},{"type":"Feature","geometry":{"type":"Point","coordinates":[16.199739,50.411414]},"properties":{"wikidata":"Q62590980","name":null,"class":"bunker","osm_tag_hint":"military=bunker","coord_ref_stated_in":null,"coord_ref_imported_from":null}},{"type":"Feature","geometry":{"type":"Point","coordinates":[17.89688,49.95811]},"properties":{"wikidata":"Q98582585","name":null,"class":"bunker","osm_tag_hint":"military=bunker","coord_ref_stated_in":null,"coord_ref_imported_from":null}},{"type":"Feature","geometry":{"type":"Point","coordinates":[17.94939,49.94737]},"properties":{"wikidata":"Q98582481","name":null,"class":"bunker","osm_tag_hint":"military=bunker","coord_ref_stated_in":null,"coord_ref_imported_from":null}},{"type":"Feature","geometry":{"type":"Point","coordinates":[17.76508,49.95937]},"properties":{"wikidata":"Q98593687","name":null,"class":"bunker","osm_tag_hint":"military=bunker","coord_ref_stated_in":null,"coord_ref_imported_from":null}},{"type":"Feature","geometry":{"type":"Point","coordinates":[16.194892,50.41792]},"properties":{"wikidata":"Q62590983","name":null,"class":"bunker","osm_tag_hint":"military=bunker","coord_ref_stated_in":null,"coord_ref_imported_from":null}},{"type":"Feature","geometry":{"type":"Point","coordinates":[16.445278,50.257639]},"properties":{"wikidata":"Q62273734","name":null,"class":"bunker","osm_tag_hint":"military=bunker","coord_ref_stated_in":null,"coord_ref_imported_from":null}},{"type":"Feature","geometry":{"type":"Point","coordinates":[16.424167,50.288611]},"properties":{"wikidata":"Q62274011","name":null,"class":"bunker","osm_tag_hint":"military=bunker","coord_ref_stated_in":null,"coord_ref_imported_from":null}},{"type":"Feature","geometry":{"type":"Point","coordinates":[16.428167,50.284444]},"properties":{"wikidata":"Q62274009","name":null,"class":"bunker","osm_tag_hint":"military=bunker","coord_ref_stated_in":null,"coord_ref_imported_from":null}},{"type":"Feature","geometry":{"type":"Point","coordinates":[16.429444,50.282972]},"properties":{"wikidata":"Q62274008","name":null,"class":"bunker","osm_tag_hint":"military=bunker","coord_ref_stated_in":null,"coord_ref_imported_from":null,"osm_api_check_2026_09_27":"nothing nearby"}},{"type":"Feature","geometry":{"type":"Point","coordinates":[17.66765,49.97822]},"properties":{"wikidata":"Q98593891","name":null,"class":"bunker","osm_tag_hint":"military=bunker","coord_ref_stated_in":null,"coord_ref_imported_from":null}},{"type":"Feature","geometry":{"type":"Point","coordinates":[17.90603,49.95506]},"properties":{"wikidata":"Q98582584","name":null,"class":"bunker","osm_tag_hint":"military=bunker","coord_ref_stated_in":null,"coord_ref_imported_from":null}},{"type":"Feature","geometry":{"type":"Point","coordinates":[16.434444,50.278611]},"properties":{"wikidata":"Q62274007","name":null,"class":"bunker","osm_tag_hint":"military=bunker","coord_ref_stated_in":null,"coord_ref_imported_from":null}},{"type":"Feature","geometry":{"type":"Point","coordinates":[17.94234,49.94885]},"properties":{"wikidata":"Q98582482","name":null,"class":"bunker","osm_tag_hint":"military=bunker","coord_ref_stated_in":null,"coord_ref_imported_from":null}},{"type":"Feature","geometry":{"type":"Point","coordinates":[17.65415,49.97826]},"properties":{"wikidata":"Q98593893","name":null,"class":"bunker","osm_tag_hint":"military=bunker","coord_ref_stated_in":null,"coord_ref_imported_from":null}},{"type":"Feature","geometry":{"type":"Point","coordinates":[17.9108,49.95571]},"properties":{"wikidata":"Q98582581","name":null,"class":"bunker","osm_tag_hint":"military=bunker","coord_ref_stated_in":null,"coord_ref_imported_from":null}},{"type":"Feature","geometry":{"type":"Point","coordinates":[17.64425,49.97894]},"properties":{"wikidata":"Q98593894","name":null,"class":"bunker","osm_tag_hint":"military=bunker","coord_ref_stated_in":null,"coord_ref_imported_from":null}},{"type":"Feature","geometry":{"type":"Point","coordinates":[17.93453,49.95179]},"properties":{"wikidata":"Q98582483","name":null,"class":"bunker","osm_tag_hint":"military=bunker","coord_ref_stated_in":null,"coord_ref_imported_from":null}},{"type":"Feature","geometry":{"type":"Point","coordinates":[17.92012,49.95307]},"properties":{"wikidata":"Q98582485","name":null,"class":"bunker","osm_tag_hint":"military=bunker","coord_ref_stated_in":null,"coord_ref_imported_from":null}},{"type":"Feature","geometry":{"type":"Point","coordinates":[17.92385,49.95202]},"properties":{"wikidata":"Q98582484","name":null,"class":"bunker","osm_tag_hint":"military=bunker","coord_ref_stated_in":null,"coord_ref_imported_from":null}},{"type":"Feature","geometry":{"type":"Point","coordinates":[15.803336,50.69458]},"properties":{"wikidata":"Q61883649","name":null,"class":"bunker","osm_tag_hint":"military=bunker","coord_ref_stated_in":null,"coord_ref_imported_from":null}},{"type":"Feature","geometry":{"type":"Point","coordinates":[16.583488,50.129408]},"properties":{"wikidata":"Q70634998","name":null,"class":"bunker","osm_tag_hint":"military=bunker","coord_ref_stated_in":null,"coord_ref_imported_from":null}},{"type":"Feature","geometry":{"type":"Point","coordinates":[16.580098,50.132888]},"properties":{"wikidata":"Q70635003","name":null,"class":"bunker","osm_tag_hint":"military=bunker","coord_ref_stated_in":null,"coord_ref_imported_from":null}},{"type":"Feature","geometry":{"type":"Point","coordinates":[16.57849,50.134977]},"properties":{"wikidata":"Q70635005","name":null,"class":"bunker","osm_tag_hint":"military=bunker","coord_ref_stated_in":null,"coord_ref_imported_from":null}},{"type":"Feature","geometry":{"type":"Point","coordinates":[16.4825,50.233889]},"properties":{"wikidata":"Q62273646","name":null,"class":"bunker","osm_tag_hint":"military=bunker","coord_ref_stated_in":null,"coord_ref_imported_from":null}},{"type":"Feature","geometry":{"type":"Point","coordinates":[16.578091,50.135088]},"properties":{"wikidata":"Q70635009","name":null,"class":"bunker","osm_tag_hint":"military=bunker","coord_ref_stated_in":null,"coord_ref_imported_from":null}},{"type":"Feature","geometry":{"type":"Point","coordinates":[15.823636,50.681644]},"properties":{"wikidata":"Q61883585","name":null,"class":"bunker","osm_tag_hint":"military=bunker","coord_ref_stated_in":null,"coord_ref_imported_from":null}},{"type":"Feature","geometry":{"type":"Point","coordinates":[16.215489,50.400031]},"properties":{"wikidata":"Q62590722","name":null,"class":"bunker","osm_tag_hint":"military=bunker","coord_ref_stated_in":null,"coord_ref_imported_from":null}},{"type":"Feature","geometry":{"type":"Point","coordinates":[16.471111,50.237222]},"properties":{"wikidata":"Q62273647","name":null,"class":"bunker","osm_tag_hint":"military=bunker","coord_ref_stated_in":null,"coord_ref_imported_from":null}},{"type":"Feature","geometry":{"type":"Point","coordinates":[15.819239,50.685556]},"properties":{"wikidata":"Q61883586","name":null,"class":"bunker","osm_tag_hint":"military=bunker","coord_ref_stated_in":null,"coord_ref_imported_from":null}},{"type":"Feature","geometry":{"type":"Point","coordinates":[15.815061,50.690189]},"properties":{"wikidata":"Q61883587","name":null,"class":"bunker","osm_tag_hint":"military=bunker","coord_ref_stated_in":null,"coord_ref_imported_from":null}},{"type":"Feature","geometry":{"type":"Point","coordinates":[16.464722,50.238056]},"properties":{"wikidata":"Q62273648","name":null,"class":"bunker","osm_tag_hint":"military=bunker","coord_ref_stated_in":null,"coord_ref_imported_from":null}},{"type":"Feature","geometry":{"type":"Point","coordinates":[15.814606,50.691689]},"properties":{"wikidata":"Q61883589","name":null,"class":"bunker","osm_tag_hint":"military=bunker","coord_ref_stated_in":null,"coord_ref_imported_from":null}},{"type":"Feature","geometry":{"type":"Point","coordinates":[15.812969,50.691919]},"properties":{"wikidata":"Q61883590","name":null,"class":"bunker","osm_tag_hint":"military=bunker","coord_ref_stated_in":null,"coord_ref_imported_from":null}},{"type":"Feature","geometry":{"type":"Point","coordinates":[16.587588,50.126059]},"properties":{"wikidata":"Q70633293","name":null,"class":"bunker","osm_tag_hint":"military=bunker","coord_ref_stated_in":null,"coord_ref_imported_from":null}},{"type":"Feature","geometry":{"type":"Point","coordinates":[15.798169,50.69582]},"properties":{"wikidata":"Q61883650","name":null,"class":"bunker","osm_tag_hint":"military=bunker","coord_ref_stated_in":null,"coord_ref_imported_from":null}},{"type":"Feature","geometry":{"type":"Point","coordinates":[15.7943,50.696986]},"properties":{"wikidata":"Q61883651","name":null,"class":"bunker","osm_tag_hint":"military=bunker","coord_ref_stated_in":null,"coord_ref_imported_from":null,"osm_api_check_2026_09_27":"nothing nearby"}},{"type":"Feature","geometry":{"type":"Point","coordinates":[16.458055,50.2425]},"properties":{"wikidata":"Q62273649","name":null,"class":"bunker","osm_tag_hint":"military=bunker","coord_ref_stated_in":null,"coord_ref_imported_from":null}},{"type":"Feature","geometry":{"type":"Point","coordinates":[16.413611,50.297139]},"properties":{"wikidata":"Q62274072","name":null,"class":"bunker","osm_tag_hint":"military=bunker","coord_ref_stated_in":null,"coord_ref_imported_from":null}},{"type":"Feature","geometry":{"type":"Point","coordinates":[15.789619,50.698794]},"properties":{"wikidata":"Q61883652","name":null,"class":"bunker","osm_tag_hint":"military=bunker","coord_ref_stated_in":null,"coord_ref_imported_from":null}},{"type":"Feature","geometry":{"type":"Point","coordinates":[15.859611,50.655794]},"properties":{"wikidata":"Q61875876","name":null,"class":"bunker","osm_tag_hint":"military=bunker","coord_ref_stated_in":null,"coord_ref_imported_from":null}},{"type":"Feature","geometry":{"type":"Point","coordinates":[16.453889,50.245972]},"properties":{"wikidata":"Q62273650","name":null,"class":"bunker","osm_tag_hint":"military=bunker","coord_ref_stated_in":null,"coord_ref_imported_from":null}},{"type":"Feature","geometry":{"type":"Point","coordinates":[15.702914,50.731361]},"properties":{"wikidata":"Q61883654","name":null,"class":"bunker","osm_tag_hint":"military=bunker","coord_ref_stated_in":null,"coord_ref_imported_from":null}},{"type":"Feature","geometry":{"type":"Point","coordinates":[16.179197,50.435081]},"properties":{"wikidata":"Q62624295","name":null,"class":"bunker","osm_tag_hint":"military=bunker","coord_ref_stated_in":null,"coord_ref_imported_from":null}},{"type":"Feature","geometry":{"type":"Point","coordinates":[16.449722,50.250278]},"properties":{"wikidata":"Q62273651","name":null,"class":"bunker","osm_tag_hint":"military=bunker","coord_ref_stated_in":null,"coord_ref_imported_from":null}},{"type":"Feature","geometry":{"type":"Point","coordinates":[16.181442,50.430867]},"properties":{"wikidata":"Q62624294","name":null,"class":"bunker","osm_tag_hint":"military=bunker","coord_ref_stated_in":null,"coord_ref_imported_from":null}},{"type":"Feature","geometry":{"type":"Point","coordinates":[16.186469,50.428492]},"properties":{"wikidata":"Q62624291","name":null,"class":"bunker","osm_tag_hint":"military=bunker","coord_ref_stated_in":null,"coord_ref_imported_from":null}},{"type":"Feature","geometry":{"type":"Point","coordinates":[15.679645,50.732369]},"properties":{"wikidata":"Q61883655","name":null,"class":"bunker","osm_tag_hint":"military=bunker","coord_ref_stated_in":null,"coord_ref_imported_from":null}},{"type":"Feature","geometry":{"type":"Point","coordinates":[16.447222,50.2535]},"properties":{"wikidata":"Q62273733","name":null,"class":"bunker","osm_tag_hint":"military=bunker","coord_ref_stated_in":null,"coord_ref_imported_from":null}},{"type":"Feature","geometry":{"type":"Point","coordinates":[16.095472,50.526767]},"properties":{"wikidata":"Q61829981","name":null,"class":"bunker","osm_tag_hint":"military=bunker","coord_ref_stated_in":null,"coord_ref_imported_from":null}},{"type":"Feature","geometry":{"type":"Point","coordinates":[16.073419,50.540689]},"properties":{"wikidata":"Q61830770","name":null,"class":"bunker","osm_tag_hint":"military=bunker","coord_ref_stated_in":null,"coord_ref_imported_from":null}},{"type":"Feature","geometry":{"type":"Point","coordinates":[16.082331,50.538881]},"properties":{"wikidata":"Q61830769","name":null,"class":"bunker","osm_tag_hint":"military=bunker","coord_ref_stated_in":null,"coord_ref_imported_from":null}},{"type":"Feature","geometry":{"type":"Point","coordinates":[16.261642,50.368136]},"properties":{"wikidata":"Q62395113","name":null,"class":"bunker","osm_tag_hint":"military=bunker","coord_ref_stated_in":null,"coord_ref_imported_from":null}},{"type":"Feature","geometry":{"type":"Point","coordinates":[16.08638,50.538289]},"properties":{"wikidata":"Q61830768","name":null,"class":"bunker","osm_tag_hint":"military=bunker","coord_ref_stated_in":null,"coord_ref_imported_from":null}},{"type":"Feature","geometry":{"type":"Point","coordinates":[16.260764,50.368875]},"properties":{"wikidata":"Q62395114","name":null,"class":"bunker","osm_tag_hint":"military=bunker","coord_ref_stated_in":null,"coord_ref_imported_from":null}},{"type":"Feature","geometry":{"type":"Point","coordinates":[16.089861,50.535108]},"properties":{"wikidata":"Q61830766","name":null,"class":"bunker","osm_tag_hint":"military=bunker","coord_ref_stated_in":null,"coord_ref_imported_from":null}},{"type":"Feature","geometry":{"type":"Point","coordinates":[16.09135,50.53155]},"properties":{"wikidata":"Q61829984","name":null,"class":"bunker","osm_tag_hint":"military=bunker","coord_ref_stated_in":null,"coord_ref_imported_from":null}},{"type":"Feature","geometry":{"type":"Point","coordinates":[16.223869,50.393453]},"properties":{"wikidata":"Q62530961","name":null,"class":"bunker","osm_tag_hint":"military=bunker","coord_ref_stated_in":null,"coord_ref_imported_from":null}},{"type":"Feature","geometry":{"type":"Point","coordinates":[16.266272,50.365233]},"properties":{"wikidata":"Q62395112","name":null,"class":"bunker","osm_tag_hint":"military=bunker","coord_ref_stated_in":null,"coord_ref_imported_from":null}},{"type":"Feature","geometry":{"type":"Point","coordinates":[16.099233,50.521992]},"properties":{"wikidata":"Q61829979","name":null,"class":"bunker","osm_tag_hint":"military=bunker","coord_ref_stated_in":null,"coord_ref_imported_from":null}},{"type":"Feature","geometry":{"type":"Point","coordinates":[16.104114,50.519419]},"properties":{"wikidata":"Q61829978","name":null,"class":"bunker","osm_tag_hint":"military=bunker","coord_ref_stated_in":null,"coord_ref_imported_from":null}},{"type":"Feature","geometry":{"type":"Point","coordinates":[16.108147,50.518122]},"properties":{"wikidata":"Q61829977","name":null,"class":"bunker","osm_tag_hint":"military=bunker","coord_ref_stated_in":null,"coord_ref_imported_from":null}},{"type":"Feature","geometry":{"type":"Point","coordinates":[16.109125,50.517658]},"properties":{"wikidata":"Q61829976","name":null,"class":"bunker","osm_tag_hint":"military=bunker","coord_ref_stated_in":null,"coord_ref_imported_from":null}},{"type":"Feature","geometry":{"type":"Point","coordinates":[16.229672,50.390947]},"properties":{"wikidata":"Q62530959","name":null,"class":"bunker","osm_tag_hint":"military=bunker","coord_ref_stated_in":null,"coord_ref_imported_from":null}},{"type":"Feature","geometry":{"type":"Point","coordinates":[16.11155,50.516133]},"properties":{"wikidata":"Q61829975","name":null,"class":"bunker","osm_tag_hint":"military=bunker","coord_ref_stated_in":null,"coord_ref_imported_from":null}},{"type":"Feature","geometry":{"type":"Point","coordinates":[16.439028,50.274444]},"properties":{"wikidata":"Q62274005","name":null,"class":"bunker","osm_tag_hint":"military=bunker","coord_ref_stated_in":null,"coord_ref_imported_from":null}},{"type":"Feature","geometry":{"type":"Point","coordinates":[16.118039,50.510781]},"properties":{"wikidata":"Q61829973","name":null,"class":"bunker","osm_tag_hint":"military=bunker","coord_ref_stated_in":null,"coord_ref_imported_from":null}},{"type":"Feature","geometry":{"type":"Point","coordinates":[16.052219,50.552681]},"properties":{"wikidata":"Q61830776","name":null,"class":"bunker","osm_tag_hint":"military=bunker","coord_ref_stated_in":null,"coord_ref_imported_from":null}},{"type":"Feature","geometry":{"type":"Point","coordinates":[16.13847,50.502681]},"properties":{"wikidata":"Q62663065","name":null,"class":"bunker","osm_tag_hint":"military=bunker","coord_ref_stated_in":null,"coord_ref_imported_from":null}},{"type":"Feature","geometry":{"type":"Point","coordinates":[16.322189,50.350139]},"properties":{"wikidata":"Q62394528","name":null,"class":"bunker","osm_tag_hint":"military=bunker","coord_ref_stated_in":null,"coord_ref_imported_from":null}},{"type":"Feature","geometry":{"type":"Point","coordinates":[16.033339,50.562625]},"properties":{"wikidata":"Q61835930","name":null,"class":"bunker","osm_tag_hint":"military=bunker","coord_ref_stated_in":null,"coord_ref_imported_from":null}},{"type":"Feature","geometry":{"type":"Point","coordinates":[16.038058,50.558164]},"properties":{"wikidata":"Q61835929","name":null,"class":"bunker","osm_tag_hint":"military=bunker","coord_ref_stated_in":null,"coord_ref_imported_from":null}},{"type":"Feature","geometry":{"type":"Point","coordinates":[18.00493,49.91997]},"properties":{"wikidata":"Q98582401","name":null,"class":"bunker","osm_tag_hint":"military=bunker","coord_ref_stated_in":null,"coord_ref_imported_from":null}},{"type":"Feature","geometry":{"type":"Point","coordinates":[16.314517,50.347344]},"properties":{"wikidata":"Q62394530","name":null,"class":"bunker","osm_tag_hint":"military=bunker","coord_ref_stated_in":null,"coord_ref_imported_from":null}},{"type":"Feature","geometry":{"type":"Point","coordinates":[16.041839,50.555978]},"properties":{"wikidata":"Q61835928","name":null,"class":"bunker","osm_tag_hint":"military=bunker","coord_ref_stated_in":null,"coord_ref_imported_from":null}},{"type":"Feature","geometry":{"type":"Point","coordinates":[16.048405,50.554567]},"properties":{"wikidata":"Q61835926","name":null,"class":"bunker","osm_tag_hint":"military=bunker","coord_ref_stated_in":null,"coord_ref_imported_from":null}},{"type":"Feature","geometry":{"type":"Point","coordinates":[16.307492,50.349675]},"properties":{"wikidata":"Q62394531","name":null,"class":"bunker","osm_tag_hint":"military=bunker","coord_ref_stated_in":null,"coord_ref_imported_from":null}},{"type":"Feature","geometry":{"type":"Point","coordinates":[16.057561,50.5485]},"properties":{"wikidata":"Q61830774","name":null,"class":"bunker","osm_tag_hint":"military=bunker","coord_ref_stated_in":null,"coord_ref_imported_from":null}},{"type":"Feature","geometry":{"type":"Point","coordinates":[16.061781,50.546419]},"properties":{"wikidata":"Q61830772","name":null,"class":"bunker","osm_tag_hint":"military=bunker","coord_ref_stated_in":null,"coord_ref_imported_from":null}},{"type":"Feature","geometry":{"type":"Point","coordinates":[16.282208,50.3596]},"properties":{"wikidata":"Q62395109","name":null,"class":"bunker","osm_tag_hint":"military=bunker","coord_ref_stated_in":null,"coord_ref_imported_from":null}},{"type":"Feature","geometry":{"type":"Point","coordinates":[16.220672,50.395728]},"properties":{"wikidata":"Q62530964","name":null,"class":"bunker","osm_tag_hint":"military=bunker","coord_ref_stated_in":null,"coord_ref_imported_from":null}},{"type":"Feature","geometry":{"type":"Point","coordinates":[16.278222,50.359042]},"properties":{"wikidata":"Q62395110","name":null,"class":"bunker","osm_tag_hint":"military=bunker","coord_ref_stated_in":null,"coord_ref_imported_from":null}},{"type":"Feature","geometry":{"type":"Point","coordinates":[16.269003,50.362842]},"properties":{"wikidata":"Q62395111","name":null,"class":"bunker","osm_tag_hint":"military=bunker","coord_ref_stated_in":null,"coord_ref_imported_from":null}},{"type":"Feature","geometry":{"type":"Point","coordinates":[16.068311,50.543531]},"properties":{"wikidata":"Q61830771","name":null,"class":"bunker","osm_tag_hint":"military=bunker","coord_ref_stated_in":null,"coord_ref_imported_from":null}},{"type":"Feature","geometry":{"type":"Point","coordinates":[17.95943,49.92856]},"properties":{"wikidata":"Q98582431","name":null,"class":"bunker","osm_tag_hint":"military=bunker","coord_ref_stated_in":null,"coord_ref_imported_from":null}},{"type":"Feature","geometry":{"type":"Point","coordinates":[15.353158,50.777025]},"properties":{"wikidata":"Q61793932","name":null,"class":"bunker","osm_tag_hint":"military=bunker","coord_ref_stated_in":null,"coord_ref_imported_from":null}},{"type":"Feature","geometry":{"type":"Point","coordinates":[15.029061,50.838328]},"properties":{"wikidata":"Q61786621","name":null,"class":"bunker","osm_tag_hint":"military=bunker","coord_ref_stated_in":null,"coord_ref_imported_from":null}},{"type":"Feature","geometry":{"type":"Point","coordinates":[15.025692,50.835211]},"properties":{"wikidata":"Q61786622","name":null,"class":"bunker","osm_tag_hint":"military=bunker","coord_ref_stated_in":null,"coord_ref_imported_from":null}},{"type":"Feature","geometry":{"type":"Point","coordinates":[15.023183,50.832339]},"properties":{"wikidata":"Q61786625","name":null,"class":"bunker","osm_tag_hint":"military=bunker","coord_ref_stated_in":null,"coord_ref_imported_from":null}},{"type":"Feature","geometry":{"type":"Point","coordinates":[15.022817,50.830619]},"properties":{"wikidata":"Q61786626","name":null,"class":"bunker","osm_tag_hint":"military=bunker","coord_ref_stated_in":null,"coord_ref_imported_from":null}},{"type":"Feature","geometry":{"type":"Point","coordinates":[15.021389,50.823333]},"properties":{"wikidata":"Q61786628","name":null,"class":"bunker","osm_tag_hint":"military=bunker","coord_ref_stated_in":null,"coord_ref_imported_from":null}},{"type":"Feature","geometry":{"type":"Point","coordinates":[15.34788,50.785039]},"properties":{"wikidata":"Q61793934","name":null,"class":"bunker","osm_tag_hint":"military=bunker","coord_ref_stated_in":null,"coord_ref_imported_from":null}},{"type":"Feature","geometry":{"type":"Point","coordinates":[15.351153,50.778981]},"properties":{"wikidata":"Q61793933","name":null,"class":"bunker","osm_tag_hint":"military=bunker","coord_ref_stated_in":null,"coord_ref_imported_from":null}},{"type":"Feature","geometry":{"type":"Point","coordinates":[15.031164,50.838936]},"properties":{"wikidata":"Q61786619","name":null,"class":"bunker","osm_tag_hint":"military=bunker","coord_ref_stated_in":null,"coord_ref_imported_from":null}},{"type":"Feature","geometry":{"type":"Point","coordinates":[15.354444,50.775158]},"properties":{"wikidata":"Q61793931","name":null,"class":"bunker","osm_tag_hint":"military=bunker","coord_ref_stated_in":null,"coord_ref_imported_from":null}},{"type":"Feature","geometry":{"type":"Point","coordinates":[15.357519,50.770064]},"properties":{"wikidata":"Q61793930","name":null,"class":"bunker","osm_tag_hint":"military=bunker","coord_ref_stated_in":null,"coord_ref_imported_from":null}},{"type":"Feature","geometry":{"type":"Point","coordinates":[15.542658,50.755211]},"properties":{"wikidata":"Q61793858","name":null,"class":"bunker","osm_tag_hint":"military=bunker","coord_ref_stated_in":null,"coord_ref_imported_from":null}},{"type":"Feature","geometry":{"type":"Point","coordinates":[15.526511,50.756395]},"properties":{"wikidata":"Q61793859","name":null,"class":"bunker","osm_tag_hint":"military=bunker","coord_ref_stated_in":null,"coord_ref_imported_from":null}},{"type":"Feature","geometry":{"type":"Point","coordinates":[15.446236,50.764475]},"properties":{"wikidata":"Q61793861","name":null,"class":"bunker","osm_tag_hint":"military=bunker","coord_ref_stated_in":null,"coord_ref_imported_from":null}},{"type":"Feature","geometry":{"type":"Point","coordinates":[15.440108,50.764111]},"properties":{"wikidata":"Q61793862","name":null,"class":"bunker","osm_tag_hint":"military=bunker","coord_ref_stated_in":null,"coord_ref_imported_from":null}},{"type":"Feature","geometry":{"type":"Point","coordinates":[15.410978,50.755344]},"properties":{"wikidata":"Q61793863","name":null,"class":"bunker","osm_tag_hint":"military=bunker","coord_ref_stated_in":null,"coord_ref_imported_from":null}},{"type":"Feature","geometry":{"type":"Point","coordinates":[15.364847,50.753208]},"properties":{"wikidata":"Q61793864","name":null,"class":"bunker","osm_tag_hint":"military=bunker","coord_ref_stated_in":null,"coord_ref_imported_from":null}},{"type":"Feature","geometry":{"type":"Point","coordinates":[15.360489,50.761578]},"properties":{"wikidata":"Q61793865","name":null,"class":"bunker","osm_tag_hint":"military=bunker","coord_ref_stated_in":null,"coord_ref_imported_from":null}},{"type":"Feature","geometry":{"type":"Point","coordinates":[14.984603,50.803197]},"properties":{"wikidata":"Q61782167","name":null,"class":"bunker","osm_tag_hint":"military=bunker","coord_ref_stated_in":null,"coord_ref_imported_from":null}},{"type":"Feature","geometry":{"type":"Point","coordinates":[16.236758,50.389075]},"properties":{"wikidata":"Q62530957","name":null,"class":"bunker","osm_tag_hint":"military=bunker","coord_ref_stated_in":null,"coord_ref_imported_from":null}},{"type":"Feature","geometry":{"type":"Point","coordinates":[16.238492,50.388514]},"properties":{"wikidata":"Q62530954","name":null,"class":"bunker","osm_tag_hint":"military=bunker","coord_ref_stated_in":null,"coord_ref_imported_from":null}},{"type":"Feature","geometry":{"type":"Point","coordinates":[17.95523,49.93735]},"properties":{"wikidata":"Q98582480","name":null,"class":"bunker","osm_tag_hint":"military=bunker","coord_ref_stated_in":null,"coord_ref_imported_from":null}},{"type":"Feature","geometry":{"type":"Point","coordinates":[14.987736,50.803989]},"properties":{"wikidata":"Q61782166","name":null,"class":"bunker","osm_tag_hint":"military=bunker","coord_ref_stated_in":null,"coord_ref_imported_from":null}},{"type":"Feature","geometry":{"type":"Point","coordinates":[16.329542,50.350931]},"properties":{"wikidata":"Q62394527","name":null,"class":"bunker","osm_tag_hint":"military=bunker","coord_ref_stated_in":null,"coord_ref_imported_from":null}},{"type":"Feature","geometry":{"type":"Point","coordinates":[14.973144,50.800814]},"properties":{"wikidata":"Q61782168","name":null,"class":"bunker","osm_tag_hint":"military=bunker","coord_ref_stated_in":null,"coord_ref_imported_from":null}},{"type":"Feature","geometry":{"type":"Point","coordinates":[14.968933,50.799014]},"properties":{"wikidata":"Q61782169","name":null,"class":"bunker","osm_tag_hint":"military=bunker","coord_ref_stated_in":null,"coord_ref_imported_from":null}},{"type":"Feature","geometry":{"type":"Point","coordinates":[14.965306,50.798153]},"properties":{"wikidata":"Q61782170","name":null,"class":"bunker","osm_tag_hint":"military=bunker","coord_ref_stated_in":null,"coord_ref_imported_from":null}},{"type":"Feature","geometry":{"type":"Point","coordinates":[14.955875,50.798153]},"properties":{"wikidata":"Q61782171","name":null,"class":"bunker","osm_tag_hint":"military=bunker","coord_ref_stated_in":null,"coord_ref_imported_from":null}},{"type":"Feature","geometry":{"type":"Point","coordinates":[15.037744,50.852836]},"properties":{"wikidata":"Q61786612","name":null,"class":"bunker","osm_tag_hint":"military=bunker","coord_ref_stated_in":null,"coord_ref_imported_from":null}},{"type":"Feature","geometry":{"type":"Point","coordinates":[15.034769,50.848]},"properties":{"wikidata":"Q61786616","name":null,"class":"bunker","osm_tag_hint":"military=bunker","coord_ref_stated_in":null,"coord_ref_imported_from":null}},{"type":"Feature","geometry":{"type":"Point","coordinates":[15.032922,50.843692]},"properties":{"wikidata":"Q61786617","name":null,"class":"bunker","osm_tag_hint":"military=bunker","coord_ref_stated_in":null,"coord_ref_imported_from":null}},{"type":"Feature","geometry":{"type":"Point","coordinates":[16.366389,50.317778]},"properties":{"wikidata":"Q62387996","name":null,"class":"bunker","osm_tag_hint":"military=bunker","coord_ref_stated_in":null,"coord_ref_imported_from":null}},{"type":"Feature","geometry":{"type":"Point","coordinates":[15.880356,50.646536]},"properties":{"wikidata":"Q61875872","name":null,"class":"bunker","osm_tag_hint":"military=bunker","coord_ref_stated_in":null,"coord_ref_imported_from":null}},{"type":"Feature","geometry":{"type":"Point","coordinates":[15.881411,50.646111]},"properties":{"wikidata":"Q61875871","name":null,"class":"bunker","osm_tag_hint":"military=bunker","coord_ref_stated_in":null,"coord_ref_imported_from":null}},{"type":"Feature","geometry":{"type":"Point","coordinates":[17.74529,49.96117]},"properties":{"wikidata":"Q98592021","name":null,"class":"bunker","osm_tag_hint":"military=bunker","coord_ref_stated_in":null,"coord_ref_imported_from":null}},{"type":"Feature","geometry":{"type":"Point","coordinates":[16.374444,50.309444]},"properties":{"wikidata":"Q62387991","name":null,"class":"bunker","osm_tag_hint":"military=bunker","coord_ref_stated_in":null,"coord_ref_imported_from":null}},{"type":"Feature","geometry":{"type":"Point","coordinates":[15.887325,50.643539]},"properties":{"wikidata":"Q61875870","name":null,"class":"bunker","osm_tag_hint":"military=bunker","coord_ref_stated_in":null,"coord_ref_imported_from":null}},{"type":"Feature","geometry":{"type":"Point","coordinates":[16.371667,50.310278]},"properties":{"wikidata":"Q62387992","name":null,"class":"bunker","osm_tag_hint":"military=bunker","coord_ref_stated_in":null,"coord_ref_imported_from":null}},{"type":"Feature","geometry":{"type":"Point","coordinates":[16.164822,50.468839]},"properties":{"wikidata":"Q62656916","name":null,"class":"bunker","osm_tag_hint":"military=bunker","coord_ref_stated_in":null,"coord_ref_imported_from":null}},{"type":"Feature","geometry":{"type":"Point","coordinates":[16.369722,50.313056]},"properties":{"wikidata":"Q62387995","name":null,"class":"bunker","osm_tag_hint":"military=bunker","coord_ref_stated_in":null,"coord_ref_imported_from":null}},{"type":"Feature","geometry":{"type":"Point","coordinates":[16.379722,50.308889]},"properties":{"wikidata":"Q62387990","name":null,"class":"bunker","osm_tag_hint":"military=bunker","coord_ref_stated_in":null,"coord_ref_imported_from":null}},{"type":"Feature","geometry":{"type":"Point","coordinates":[16.366111,50.320833]},"properties":{"wikidata":"Q62388108","name":null,"class":"bunker","osm_tag_hint":"military=bunker","coord_ref_stated_in":null,"coord_ref_imported_from":null}},{"type":"Feature","geometry":{"type":"Point","coordinates":[15.935725,50.614778]},"properties":{"wikidata":"Q61857921","name":null,"class":"bunker","osm_tag_hint":"military=bunker","coord_ref_stated_in":null,"coord_ref_imported_from":null}},{"type":"Feature","geometry":{"type":"Point","coordinates":[15.937722,50.614014]},"properties":{"wikidata":"Q61857919","name":null,"class":"bunker","osm_tag_hint":"military=bunker","coord_ref_stated_in":null,"coord_ref_imported_from":null}},{"type":"Feature","geometry":{"type":"Point","coordinates":[16.359978,50.3275]},"properties":{"wikidata":"Q62388109","name":null,"class":"bunker","osm_tag_hint":"military=bunker","coord_ref_stated_in":null,"coord_ref_imported_from":null}},{"type":"Feature","geometry":{"type":"Point","coordinates":[16.163919,50.47375]},"properties":{"wikidata":"Q62656918","name":null,"class":"bunker","osm_tag_hint":"military=bunker","coord_ref_stated_in":null,"coord_ref_imported_from":null}},{"type":"Feature","geometry":{"type":"Point","coordinates":[16.358883,50.328514]},"properties":{"wikidata":"Q62388110","name":null,"class":"bunker","osm_tag_hint":"military=bunker","coord_ref_stated_in":null,"coord_ref_imported_from":null}},{"type":"Feature","geometry":{"type":"Point","coordinates":[16.356147,50.333047]},"properties":{"wikidata":"Q62388111","name":null,"class":"bunker","osm_tag_hint":"military=bunker","coord_ref_stated_in":null,"coord_ref_imported_from":null}},{"type":"Feature","geometry":{"type":"Point","coordinates":[16.165017,50.479039]},"properties":{"wikidata":"Q62656920","name":null,"class":"bunker","osm_tag_hint":"military=bunker","coord_ref_stated_in":null,"coord_ref_imported_from":null}},{"type":"Feature","geometry":{"type":"Point","coordinates":[15.940147,50.613328]},"properties":{"wikidata":"Q61857918","name":null,"class":"bunker","osm_tag_hint":"military=bunker","coord_ref_stated_in":null,"coord_ref_imported_from":null}},{"type":"Feature","geometry":{"type":"Point","coordinates":[15.866014,50.650161]},"properties":{"wikidata":"Q61875874","name":null,"class":"bunker","osm_tag_hint":"military=bunker","coord_ref_stated_in":null,"coord_ref_imported_from":null}},{"type":"Feature","geometry":{"type":"Point","coordinates":[16.814303,50.115674]},"properties":{"wikidata":"Q69124551","name":null,"class":"bunker","osm_tag_hint":"military=bunker","coord_ref_stated_in":null,"coord_ref_imported_from":null}},{"type":"Feature","geometry":{"type":"Point","coordinates":[16.817054,50.120547]},"properties":{"wikidata":"Q69124538","name":null,"class":"bunker","osm_tag_hint":"military=bunker","coord_ref_stated_in":null,"coord_ref_imported_from":null}},{"type":"Feature","geometry":{"type":"Point","coordinates":[16.818664,50.122491]},"properties":{"wikidata":"Q69124526","name":null,"class":"bunker","osm_tag_hint":"military=bunker","coord_ref_stated_in":null,"coord_ref_imported_from":null}},{"type":"Feature","geometry":{"type":"Point","coordinates":[17.70719,49.96722]},"properties":{"wikidata":"Q98592028","name":null,"class":"bunker","osm_tag_hint":"military=bunker","coord_ref_stated_in":null,"coord_ref_imported_from":null}},{"type":"Feature","geometry":{"type":"Point","coordinates":[16.395556,50.309722]},"properties":{"wikidata":"Q62387874","name":null,"class":"bunker","osm_tag_hint":"military=bunker","coord_ref_stated_in":null,"coord_ref_imported_from":null}},{"type":"Feature","geometry":{"type":"Point","coordinates":[15.855989,50.659211]},"properties":{"wikidata":"Q61875877","name":null,"class":"bunker","osm_tag_hint":"military=bunker","coord_ref_stated_in":null,"coord_ref_imported_from":null}},{"type":"Feature","geometry":{"type":"Point","coordinates":[17.72395,49.96379]},"properties":{"wikidata":"Q98592026","name":null,"class":"bunker","osm_tag_hint":"military=bunker","coord_ref_stated_in":null,"coord_ref_imported_from":null}},{"type":"Feature","geometry":{"type":"Point","coordinates":[15.358903,50.762383]},"properties":{"wikidata":"Q61793929","name":null,"class":"bunker","osm_tag_hint":"military=bunker","coord_ref_stated_in":null,"coord_ref_imported_from":null}},{"type":"Feature","geometry":{"type":"Point","coordinates":[16.397111,50.314444]},"properties":{"wikidata":"Q62387875","name":null,"class":"bunker","osm_tag_hint":"military=bunker","coord_ref_stated_in":null,"coord_ref_imported_from":null}},{"type":"Feature","geometry":{"type":"Point","coordinates":[17.75591,49.96115]},"properties":{"wikidata":"Q98592019","name":null,"class":"bunker","osm_tag_hint":"military=bunker","coord_ref_stated_in":null,"coord_ref_imported_from":null}},{"type":"Feature","geometry":{"type":"Point","coordinates":[16.395278,50.316111]},"properties":{"wikidata":"Q62387876","name":null,"class":"bunker","osm_tag_hint":"military=bunker","coord_ref_stated_in":null,"coord_ref_imported_from":null}},{"type":"Feature","geometry":{"type":"Point","coordinates":[16.388778,50.31]},"properties":{"wikidata":"Q62387877","name":null,"class":"bunker","osm_tag_hint":"military=bunker","coord_ref_stated_in":null,"coord_ref_imported_from":null}},{"type":"Feature","geometry":{"type":"Point","coordinates":[17.72867,49.96283]},"properties":{"wikidata":"Q98592024","name":null,"class":"bunker","osm_tag_hint":"military=bunker","coord_ref_stated_in":null,"coord_ref_imported_from":null}},{"type":"Feature","geometry":{"type":"Point","coordinates":[16.386389,50.309167]},"properties":{"wikidata":"Q62387989","name":null,"class":"bunker","osm_tag_hint":"military=bunker","coord_ref_stated_in":null,"coord_ref_imported_from":null}},{"type":"Feature","geometry":{"type":"Point","coordinates":[17.7338,49.96164]},"properties":{"wikidata":"Q98592023","name":null,"class":"bunker","osm_tag_hint":"military=bunker","coord_ref_stated_in":null,"coord_ref_imported_from":null}},{"type":"Feature","geometry":{"type":"Point","coordinates":[15.87415,50.648189]},"properties":{"wikidata":"Q61875873","name":null,"class":"bunker","osm_tag_hint":"military=bunker","coord_ref_stated_in":null,"coord_ref_imported_from":null}},{"type":"Feature","geometry":{"type":"Point","coordinates":[16.164703,50.462414]},"properties":{"wikidata":"Q62656914","name":null,"class":"bunker","osm_tag_hint":"military=bunker","coord_ref_stated_in":null,"coord_ref_imported_from":null}},{"type":"Feature","geometry":{"type":"Point","coordinates":[15.988497,50.588142]},"properties":{"wikidata":"Q61852370","name":null,"class":"bunker","osm_tag_hint":"military=bunker","coord_ref_stated_in":null,"coord_ref_imported_from":null}},{"type":"Feature","geometry":{"type":"Point","coordinates":[15.961953,50.601383]},"properties":{"wikidata":"Q61852377","name":null,"class":"bunker","osm_tag_hint":"military=bunker","coord_ref_stated_in":null,"coord_ref_imported_from":null}},{"type":"Feature","geometry":{"type":"Point","coordinates":[16.344758,50.347006]},"properties":{"wikidata":"Q62388175","name":null,"class":"bunker","osm_tag_hint":"military=bunker","coord_ref_stated_in":null,"coord_ref_imported_from":null}},{"type":"Feature","geometry":{"type":"Point","coordinates":[15.970167,50.596992]},"properties":{"wikidata":"Q61852376","name":null,"class":"bunker","osm_tag_hint":"military=bunker","coord_ref_stated_in":null,"coord_ref_imported_from":null}},{"type":"Feature","geometry":{"type":"Point","coordinates":[15.9716,50.596072]},"properties":{"wikidata":"Q61852375","name":null,"class":"bunker","osm_tag_hint":"military=bunker","coord_ref_stated_in":null,"coord_ref_imported_from":null}},{"type":"Feature","geometry":{"type":"Point","coordinates":[17.83806,49.95182]},"properties":{"wikidata":"Q98592010","name":null,"class":"bunker","osm_tag_hint":"military=bunker","coord_ref_stated_in":null,"coord_ref_imported_from":null}},{"type":"Feature","geometry":{"type":"Point","coordinates":[15.975456,50.596192]},"properties":{"wikidata":"Q61852374","name":null,"class":"bunker","osm_tag_hint":"military=bunker","coord_ref_stated_in":null,"coord_ref_imported_from":null}},{"type":"Feature","geometry":{"type":"Point","coordinates":[15.982311,50.593136]},"properties":{"wikidata":"Q61852373","name":null,"class":"bunker","osm_tag_hint":"military=bunker","coord_ref_stated_in":null,"coord_ref_imported_from":null}},{"type":"Feature","geometry":{"type":"Point","coordinates":[16.337628,50.348794]},"properties":{"wikidata":"Q62388176","name":null,"class":"bunker","osm_tag_hint":"military=bunker","coord_ref_stated_in":null,"coord_ref_imported_from":null}},{"type":"Feature","geometry":{"type":"Point","coordinates":[15.984494,50.591672]},"properties":{"wikidata":"Q61852372","name":null,"class":"bunker","osm_tag_hint":"military=bunker","coord_ref_stated_in":null,"coord_ref_imported_from":null}},{"type":"Feature","geometry":{"type":"Point","coordinates":[15.959406,50.602319]},"properties":{"wikidata":"Q61852378","name":null,"class":"bunker","osm_tag_hint":"military=bunker","coord_ref_stated_in":null,"coord_ref_imported_from":null}},{"type":"Feature","geometry":{"type":"Point","coordinates":[15.99503,50.586972]},"properties":{"wikidata":"Q61852369","name":null,"class":"bunker","osm_tag_hint":"military=bunker","coord_ref_stated_in":null,"coord_ref_imported_from":null}},{"type":"Feature","geometry":{"type":"Point","coordinates":[15.999875,50.586619]},"properties":{"wikidata":"Q61852368","name":null,"class":"bunker","osm_tag_hint":"military=bunker","coord_ref_stated_in":null,"coord_ref_imported_from":null}},{"type":"Feature","geometry":{"type":"Point","coordinates":[16.149439,50.49655]},"properties":{"wikidata":"Q62663063","name":null,"class":"bunker","osm_tag_hint":"military=bunker","coord_ref_stated_in":null,"coord_ref_imported_from":null}},{"type":"Feature","geometry":{"type":"Point","coordinates":[16.011853,50.579656]},"properties":{"wikidata":"Q61835935","name":null,"class":"bunker","osm_tag_hint":"military=bunker","coord_ref_stated_in":null,"coord_ref_imported_from":null}},{"type":"Feature","geometry":{"type":"Point","coordinates":[16.14547,50.499661]},"properties":{"wikidata":"Q62663064","name":null,"class":"bunker","osm_tag_hint":"military=bunker","coord_ref_stated_in":null,"coord_ref_imported_from":null}},{"type":"Feature","geometry":{"type":"Point","coordinates":[16.015183,50.576331]},"properties":{"wikidata":"Q61835933","name":null,"class":"bunker","osm_tag_hint":"military=bunker","coord_ref_stated_in":null,"coord_ref_imported_from":null}},{"type":"Feature","geometry":{"type":"Point","coordinates":[16.019317,50.571992]},"properties":{"wikidata":"Q61835932","name":null,"class":"bunker","osm_tag_hint":"military=bunker","coord_ref_stated_in":null,"coord_ref_imported_from":null}},{"type":"Feature","geometry":{"type":"Point","coordinates":[16.025908,50.567111]},"properties":{"wikidata":"Q61835931","name":null,"class":"bunker","osm_tag_hint":"military=bunker","coord_ref_stated_in":null,"coord_ref_imported_from":null}},{"type":"Feature","geometry":{"type":"Point","coordinates":[16.331683,50.350267]},"properties":{"wikidata":"Q62394526","name":null,"class":"bunker","osm_tag_hint":"military=bunker","coord_ref_stated_in":null,"coord_ref_imported_from":null}},{"type":"Feature","geometry":{"type":"Point","coordinates":[16.354053,50.345467]},"properties":{"wikidata":"Q62388172","name":null,"class":"bunker","osm_tag_hint":"military=bunker","coord_ref_stated_in":null,"coord_ref_imported_from":null}},{"type":"Feature","geometry":{"type":"Point","coordinates":[16.358408,50.336897]},"properties":{"wikidata":"Q62388113","name":null,"class":"bunker","osm_tag_hint":"military=bunker","coord_ref_stated_in":null,"coord_ref_imported_from":null}},{"type":"Feature","geometry":{"type":"Point","coordinates":[16.358258,50.338155]},"properties":{"wikidata":"Q62388114","name":null,"class":"bunker","osm_tag_hint":"military=bunker","coord_ref_stated_in":null,"coord_ref_imported_from":null}},{"type":"Feature","geometry":{"type":"Point","coordinates":[16.167306,50.483597]},"properties":{"wikidata":"Q62657239","name":null,"class":"bunker","osm_tag_hint":"military=bunker","coord_ref_stated_in":null,"coord_ref_imported_from":null}},{"type":"Feature","geometry":{"type":"Point","coordinates":[17.79315,49.95449]},"properties":{"wikidata":"Q98592017","name":null,"class":"bunker","osm_tag_hint":"military=bunker","coord_ref_stated_in":null,"coord_ref_imported_from":null}},{"type":"Feature","geometry":{"type":"Point","coordinates":[16.166428,50.486128]},"properties":{"wikidata":"Q62657241","name":null,"class":"bunker","osm_tag_hint":"military=bunker","coord_ref_stated_in":null,"coord_ref_imported_from":null}},{"type":"Feature","geometry":{"type":"Point","coordinates":[16.356,50.341097]},"properties":{"wikidata":"Q62388171","name":null,"class":"bunker","osm_tag_hint":"military=bunker","coord_ref_stated_in":null,"coord_ref_imported_from":null}},{"type":"Feature","geometry":{"type":"Point","coordinates":[15.94087,50.612731]},"properties":{"wikidata":"Q61857917","name":null,"class":"bunker","osm_tag_hint":"military=bunker","coord_ref_stated_in":null,"coord_ref_imported_from":null}},{"type":"Feature","geometry":{"type":"Point","coordinates":[17.80793,49.95558]},"properties":{"wikidata":"Q98592016","name":null,"class":"bunker","osm_tag_hint":"military=bunker","coord_ref_stated_in":null,"coord_ref_imported_from":null}},{"type":"Feature","geometry":{"type":"Point","coordinates":[15.9457,50.610783]},"properties":{"wikidata":"Q61857916","name":null,"class":"bunker","osm_tag_hint":"military=bunker","coord_ref_stated_in":null,"coord_ref_imported_from":null}},{"type":"Feature","geometry":{"type":"Point","coordinates":[16.796877,50.107855]},"properties":{"wikidata":"Q69126875","name":null,"class":"bunker","osm_tag_hint":"military=bunker","coord_ref_stated_in":null,"coord_ref_imported_from":null}},{"type":"Feature","geometry":{"type":"Point","coordinates":[17.82253,49.95697]},"properties":{"wikidata":"Q98592014","name":null,"class":"bunker","osm_tag_hint":"military=bunker","coord_ref_stated_in":null,"coord_ref_imported_from":null}},{"type":"Feature","geometry":{"type":"Point","coordinates":[15.948631,50.607692]},"properties":{"wikidata":"Q61857915","name":null,"class":"bunker","osm_tag_hint":"military=bunker","coord_ref_stated_in":null,"coord_ref_imported_from":null}},{"type":"Feature","geometry":{"type":"Point","coordinates":[15.95282,50.602917]},"properties":{"wikidata":"Q61857913","name":null,"class":"bunker","osm_tag_hint":"military=bunker","coord_ref_stated_in":null,"coord_ref_imported_from":null}},{"type":"Feature","geometry":{"type":"Point","coordinates":[17.82928,49.95501]},"properties":{"wikidata":"Q98592012","name":null,"class":"bunker","osm_tag_hint":"military=bunker","coord_ref_stated_in":null,"coord_ref_imported_from":null}},{"type":"Feature","geometry":{"type":"Point","coordinates":[15.956083,50.603436]},"properties":{"wikidata":"Q61857912","name":null,"class":"bunker","osm_tag_hint":"military=bunker","coord_ref_stated_in":null,"coord_ref_imported_from":null}},{"type":"Feature","geometry":{"type":"Point","coordinates":[16.125136,50.507864]},"properties":{"wikidata":"Q62657243","name":null,"class":"bunker","osm_tag_hint":"military=bunker","coord_ref_stated_in":null,"coord_ref_imported_from":null}},{"type":"Feature","geometry":{"type":"Point","coordinates":[16.352078,50.345842]},"properties":{"wikidata":"Q62388174","name":null,"class":"bunker","osm_tag_hint":"military=bunker","coord_ref_stated_in":null,"coord_ref_imported_from":null}},{"type":"Feature","geometry":{"type":"Point","coordinates":[17.5775,49.99833]},"properties":{"wikidata":"Q98593906","name":null,"class":"bunker","osm_tag_hint":"military=bunker","coord_ref_stated_in":null,"coord_ref_imported_from":null}},{"type":"Feature","geometry":{"type":"Point","coordinates":[17.06777,50.17638]},"properties":{"wikidata":"Q98605491","name":null,"class":"bunker","osm_tag_hint":"military=bunker","coord_ref_stated_in":null,"coord_ref_imported_from":null}},{"type":"Feature","geometry":{"type":"Point","coordinates":[18.01861,49.91805]},"properties":{"wikidata":"Q98594548","name":null,"class":"bunker","osm_tag_hint":"military=bunker","coord_ref_stated_in":null,"coord_ref_imported_from":null}},{"type":"Feature","geometry":{"type":"Point","coordinates":[17.99361,49.92055]},"properties":{"wikidata":"Q98594549","name":null,"class":"bunker","osm_tag_hint":"military=bunker","coord_ref_stated_in":null,"coord_ref_imported_from":null}},{"type":"Feature","geometry":{"type":"Point","coordinates":[17.97666,49.92166]},"properties":{"wikidata":"Q98594550","name":null,"class":"bunker","osm_tag_hint":"military=bunker","coord_ref_stated_in":null,"coord_ref_imported_from":null}},{"type":"Feature","geometry":{"type":"Point","coordinates":[16.88166,50.16888]},"properties":{"wikidata":"Q98605448","name":null,"class":"bunker","osm_tag_hint":"military=bunker","coord_ref_stated_in":null,"coord_ref_imported_from":null}},{"type":"Feature","geometry":{"type":"Point","coordinates":[16.87719,50.16848]},"properties":{"wikidata":"Q98605447","name":null,"class":"bunker","osm_tag_hint":"military=bunker","coord_ref_stated_in":null,"coord_ref_imported_from":null}},{"type":"Feature","geometry":{"type":"Point","coordinates":[16.87331,50.16713]},"properties":{"wikidata":"Q98605446","name":null,"class":"bunker","osm_tag_hint":"military=bunker","coord_ref_stated_in":null,"coord_ref_imported_from":null}},{"type":"Feature","geometry":{"type":"Point","coordinates":[16.86298,50.17232]},"properties":{"wikidata":"Q98605445","name":null,"class":"bunker","osm_tag_hint":"military=bunker","coord_ref_stated_in":null,"coord_ref_imported_from":null}},{"type":"Feature","geometry":{"type":"Point","coordinates":[16.86187,50.17329]},"properties":{"wikidata":"Q98605444","name":null,"class":"bunker","osm_tag_hint":"military=bunker","coord_ref_stated_in":null,"coord_ref_imported_from":null}},{"type":"Feature","geometry":{"type":"Point","coordinates":[16.85125,50.16855]},"properties":{"wikidata":"Q98605443","name":null,"class":"bunker","osm_tag_hint":"military=bunker","coord_ref_stated_in":null,"coord_ref_imported_from":null}},{"type":"Feature","geometry":{"type":"Point","coordinates":[17.0725,50.17777]},"properties":{"wikidata":"Q98605492","name":null,"class":"bunker","osm_tag_hint":"military=bunker","coord_ref_stated_in":null,"coord_ref_imported_from":null}},{"type":"Feature","geometry":{"type":"Point","coordinates":[16.84764,50.1644]},"properties":{"wikidata":"Q98605442","name":null,"class":"bunker","osm_tag_hint":"military=bunker","coord_ref_stated_in":null,"coord_ref_imported_from":null}},{"type":"Feature","geometry":{"type":"Point","coordinates":[16.84612,50.15858]},"properties":{"wikidata":"Q98605441","name":null,"class":"bunker","osm_tag_hint":"military=bunker","coord_ref_stated_in":null,"coord_ref_imported_from":null}},{"type":"Feature","geometry":{"type":"Point","coordinates":[16.84127,50.15234]},"properties":{"wikidata":"Q98605439","name":null,"class":"bunker","osm_tag_hint":"military=bunker","coord_ref_stated_in":null,"coord_ref_imported_from":null}},{"type":"Feature","geometry":{"type":"Point","coordinates":[16.84006,50.1418]},"properties":{"wikidata":"Q98605438","name":null,"class":"bunker","osm_tag_hint":"military=bunker","coord_ref_stated_in":null,"coord_ref_imported_from":null}},{"type":"Feature","geometry":{"type":"Point","coordinates":[17.51166,50.031]},"properties":{"wikidata":"Q98594680","name":null,"class":"bunker","osm_tag_hint":"military=bunker","coord_ref_stated_in":null,"coord_ref_imported_from":null}},{"type":"Feature","geometry":{"type":"Point","coordinates":[16.82777,50.1305]},"properties":{"wikidata":"Q98605437","name":null,"class":"bunker","osm_tag_hint":"military=bunker","coord_ref_stated_in":null,"coord_ref_imported_from":null}},{"type":"Feature","geometry":{"type":"Point","coordinates":[17.51166,50.04055]},"properties":{"wikidata":"Q98594681","name":null,"class":"bunker","osm_tag_hint":"military=bunker","coord_ref_stated_in":null,"coord_ref_imported_from":null}},{"type":"Feature","geometry":{"type":"Point","coordinates":[17.06298,50.1733]},"properties":{"wikidata":"Q98602221","name":null,"class":"bunker","osm_tag_hint":"military=bunker","coord_ref_stated_in":null,"coord_ref_imported_from":null}},{"type":"Feature","geometry":{"type":"Point","coordinates":[17.05075,50.16948]},"properties":{"wikidata":"Q98602218","name":null,"class":"bunker","osm_tag_hint":"military=bunker","coord_ref_stated_in":null,"coord_ref_imported_from":null}},{"type":"Feature","geometry":{"type":"Point","coordinates":[17.505,50.04138]},"properties":{"wikidata":"Q98594682","name":null,"class":"bunker","osm_tag_hint":"military=bunker","coord_ref_stated_in":null,"coord_ref_imported_from":null}},{"type":"Feature","geometry":{"type":"Point","coordinates":[17.10208,50.185]},"properties":{"wikidata":"Q98605499","name":null,"class":"bunker","osm_tag_hint":"military=bunker","coord_ref_stated_in":null,"coord_ref_imported_from":null}},{"type":"Feature","geometry":{"type":"Point","coordinates":[17.19638,50.19416]},"properties":{"wikidata":"Q98605552","name":null,"class":"bunker","osm_tag_hint":"military=bunker","coord_ref_stated_in":null,"coord_ref_imported_from":null}},{"type":"Feature","geometry":{"type":"Point","coordinates":[17.185,50.19388]},"properties":{"wikidata":"Q98605551","name":null,"class":"bunker","osm_tag_hint":"military=bunker","coord_ref_stated_in":null,"coord_ref_imported_from":null}},{"type":"Feature","geometry":{"type":"Point","coordinates":[17.17777,50.19166]},"properties":{"wikidata":"Q98605550","name":null,"class":"bunker","osm_tag_hint":"military=bunker","coord_ref_stated_in":null,"coord_ref_imported_from":null}},{"type":"Feature","geometry":{"type":"Point","coordinates":[17.17638,50.19138]},"properties":{"wikidata":"Q98605549","name":null,"class":"bunker","osm_tag_hint":"military=bunker","coord_ref_stated_in":null,"coord_ref_imported_from":null}},{"type":"Feature","geometry":{"type":"Point","coordinates":[17.17222,50.19055]},"properties":{"wikidata":"Q98605548","name":null,"class":"bunker","osm_tag_hint":"military=bunker","coord_ref_stated_in":null,"coord_ref_imported_from":null,"osm_api_check_2026_09_27":"nothing nearby"}},{"type":"Feature","geometry":{"type":"Point","coordinates":[17.16388,50.18666]},"properties":{"wikidata":"Q98605547","name":null,"class":"bunker","osm_tag_hint":"military=bunker","coord_ref_stated_in":null,"coord_ref_imported_from":null}},{"type":"Feature","geometry":{"type":"Point","coordinates":[17.16055,50.1875]},"properties":{"wikidata":"Q98605546","name":null,"class":"bunker","osm_tag_hint":"military=bunker","coord_ref_stated_in":null,"coord_ref_imported_from":null}},{"type":"Feature","geometry":{"type":"Point","coordinates":[17.11111,50.18416]},"properties":{"wikidata":"Q98605502","name":null,"class":"bunker","osm_tag_hint":"military=bunker","coord_ref_stated_in":null,"coord_ref_imported_from":null}},{"type":"Feature","geometry":{"type":"Point","coordinates":[17.10722,50.18611]},"properties":{"wikidata":"Q98605501","name":null,"class":"bunker","osm_tag_hint":"military=bunker","coord_ref_stated_in":null,"coord_ref_imported_from":null}},{"type":"Feature","geometry":{"type":"Point","coordinates":[17.10562,50.18644]},"properties":{"wikidata":"Q98605500","name":null,"class":"bunker","osm_tag_hint":"military=bunker","coord_ref_stated_in":null,"coord_ref_imported_from":null}},{"type":"Feature","geometry":{"type":"Point","coordinates":[17.03854,50.17004]},"properties":{"wikidata":"Q98602216","name":null,"class":"bunker","osm_tag_hint":"military=bunker","coord_ref_stated_in":null,"coord_ref_imported_from":null,"osm_api_check_2026_09_27":"nothing nearby"}},{"type":"Feature","geometry":{"type":"Point","coordinates":[17.27361,50.19833]},"properties":{"wikidata":"Q98649368","name":null,"class":"bunker","osm_tag_hint":"military=bunker","coord_ref_stated_in":null,"coord_ref_imported_from":null}},{"type":"Feature","geometry":{"type":"Point","coordinates":[17.09888,50.18444]},"properties":{"wikidata":"Q98605498","name":null,"class":"bunker","osm_tag_hint":"military=bunker","coord_ref_stated_in":null,"coord_ref_imported_from":null}},{"type":"Feature","geometry":{"type":"Point","coordinates":[17.27147,50.19669]},"properties":{"wikidata":"Q98649370","name":null,"class":"bunker","osm_tag_hint":"military=bunker","coord_ref_stated_in":null,"coord_ref_imported_from":null}},{"type":"Feature","geometry":{"type":"Point","coordinates":[17.09388,50.18416]},"properties":{"wikidata":"Q98605497","name":null,"class":"bunker","osm_tag_hint":"military=bunker","coord_ref_stated_in":null,"coord_ref_imported_from":null}},{"type":"Feature","geometry":{"type":"Point","coordinates":[17.09055,50.18416]},"properties":{"wikidata":"Q98605496","name":null,"class":"bunker","osm_tag_hint":"military=bunker","coord_ref_stated_in":null,"coord_ref_imported_from":null}},{"type":"Feature","geometry":{"type":"Point","coordinates":[17.08861,50.18333]},"properties":{"wikidata":"Q98605495","name":null,"class":"bunker","osm_tag_hint":"military=bunker","coord_ref_stated_in":null,"coord_ref_imported_from":null}},{"type":"Feature","geometry":{"type":"Point","coordinates":[17.07944,50.18013]},"properties":{"wikidata":"Q98605494","name":null,"class":"bunker","osm_tag_hint":"military=bunker","coord_ref_stated_in":null,"coord_ref_imported_from":null}},{"type":"Feature","geometry":{"type":"Point","coordinates":[17.07861,50.18]},"properties":{"wikidata":"Q98605493","name":null,"class":"bunker","osm_tag_hint":"military=bunker","coord_ref_stated_in":null,"coord_ref_imported_from":null}},{"type":"Feature","geometry":{"type":"Point","coordinates":[18.02944,49.91638]},"properties":{"wikidata":"Q98594547","name":null,"class":"bunker","osm_tag_hint":"military=bunker","coord_ref_stated_in":null,"coord_ref_imported_from":null}},{"type":"Feature","geometry":{"type":"Point","coordinates":[16.92307,50.17554]},"properties":{"wikidata":"Q98601489","name":null,"class":"bunker","osm_tag_hint":"military=bunker","coord_ref_stated_in":null,"coord_ref_imported_from":null,"osm_api_check_2026_09_27":"nothing nearby"}},{"type":"Feature","geometry":{"type":"Point","coordinates":[17.45927,50.06725]},"properties":{"wikidata":"Q98594689","name":null,"class":"bunker","osm_tag_hint":"military=bunker","coord_ref_stated_in":null,"coord_ref_imported_from":null}},{"type":"Feature","geometry":{"type":"Point","coordinates":[16.94955,50.1719]},"properties":{"wikidata":"Q98601496","name":null,"class":"bunker","osm_tag_hint":"military=bunker","coord_ref_stated_in":null,"coord_ref_imported_from":null}},{"type":"Feature","geometry":{"type":"Point","coordinates":[17.45543,50.07148]},"properties":{"wikidata":"Q98594690","name":null,"class":"bunker","osm_tag_hint":"military=bunker","coord_ref_stated_in":null,"coord_ref_imported_from":null}},{"type":"Feature","geometry":{"type":"Point","coordinates":[17.4575,50.10138]},"properties":{"wikidata":"Q98594692","name":null,"class":"bunker","osm_tag_hint":"military=bunker","coord_ref_stated_in":null,"coord_ref_imported_from":null}},{"type":"Feature","geometry":{"type":"Point","coordinates":[17.45444,50.10888]},"properties":{"wikidata":"Q98594693","name":null,"class":"bunker","osm_tag_hint":"military=bunker","coord_ref_stated_in":null,"coord_ref_imported_from":null}},{"type":"Feature","geometry":{"type":"Point","coordinates":[17.45,50.11444]},"properties":{"wikidata":"Q98594694","name":null,"class":"bunker","osm_tag_hint":"military=bunker","coord_ref_stated_in":null,"coord_ref_imported_from":null}},{"type":"Feature","geometry":{"type":"Point","coordinates":[17.38166,50.15916]},"properties":{"wikidata":"Q98594695","name":null,"class":"bunker","osm_tag_hint":"military=bunker","coord_ref_stated_in":null,"coord_ref_imported_from":null}},{"type":"Feature","geometry":{"type":"Point","coordinates":[16.94921,50.17151]},"properties":{"wikidata":"Q98601494","name":null,"class":"bunker","osm_tag_hint":"military=bunker","coord_ref_stated_in":null,"coord_ref_imported_from":null}},{"type":"Feature","geometry":{"type":"Point","coordinates":[16.93987,50.17097]},"properties":{"wikidata":"Q98601492","name":null,"class":"bunker","osm_tag_hint":"military=bunker","coord_ref_stated_in":null,"coord_ref_imported_from":null}},{"type":"Feature","geometry":{"type":"Point","coordinates":[16.93335,50.17424]},"properties":{"wikidata":"Q98601490","name":null,"class":"bunker","osm_tag_hint":"military=bunker","coord_ref_stated_in":null,"coord_ref_imported_from":null}},{"type":"Feature","geometry":{"type":"Point","coordinates":[16.95661,50.17282]},"properties":{"wikidata":"Q98601579","name":null,"class":"bunker","osm_tag_hint":"military=bunker","coord_ref_stated_in":null,"coord_ref_imported_from":null}},{"type":"Feature","geometry":{"type":"Point","coordinates":[16.90731,50.17209]},"properties":{"wikidata":"Q98601488","name":null,"class":"bunker","osm_tag_hint":"military=bunker","coord_ref_stated_in":null,"coord_ref_imported_from":null}},{"type":"Feature","geometry":{"type":"Point","coordinates":[16.90022,50.17021]},"properties":{"wikidata":"Q98601487","name":null,"class":"bunker","osm_tag_hint":"military=bunker","coord_ref_stated_in":null,"coord_ref_imported_from":null}},{"type":"Feature","geometry":{"type":"Point","coordinates":[16.89846,50.16998]},"properties":{"wikidata":"Q98601486","name":null,"class":"bunker","osm_tag_hint":"military=bunker","coord_ref_stated_in":null,"coord_ref_imported_from":null}},{"type":"Feature","geometry":{"type":"Point","coordinates":[16.8902,50.1694]},"properties":{"wikidata":"Q98601485","name":null,"class":"bunker","osm_tag_hint":"military=bunker","coord_ref_stated_in":null,"coord_ref_imported_from":null}},{"type":"Feature","geometry":{"type":"Point","coordinates":[17.60833,49.98722]},"properties":{"wikidata":"Q98593901","name":null,"class":"bunker","osm_tag_hint":"military=bunker","coord_ref_stated_in":null,"coord_ref_imported_from":null}},{"type":"Feature","geometry":{"type":"Point","coordinates":[17.37083,50.16055]},"properties":{"wikidata":"Q98594696","name":null,"class":"bunker","osm_tag_hint":"military=bunker","coord_ref_stated_in":null,"coord_ref_imported_from":null}},{"type":"Feature","geometry":{"type":"Point","coordinates":[16.88568,50.16918]},"properties":{"wikidata":"Q98601484","name":null,"class":"bunker","osm_tag_hint":"military=bunker","coord_ref_stated_in":null,"coord_ref_imported_from":null}},{"type":"Feature","geometry":{"type":"Point","coordinates":[17.36222,50.16055]},"properties":{"wikidata":"Q98594697","name":null,"class":"bunker","osm_tag_hint":"military=bunker","coord_ref_stated_in":null,"coord_ref_imported_from":null}},{"type":"Feature","geometry":{"type":"Point","coordinates":[17.59972,49.99111]},"properties":{"wikidata":"Q98593904","name":null,"class":"bunker","osm_tag_hint":"military=bunker","coord_ref_stated_in":null,"coord_ref_imported_from":null}},{"type":"Feature","geometry":{"type":"Point","coordinates":[16.99632,50.17154]},"properties":{"wikidata":"Q98601586","name":null,"class":"bunker","osm_tag_hint":"military=bunker","coord_ref_stated_in":null,"coord_ref_imported_from":null}},{"type":"Feature","geometry":{"type":"Point","coordinates":[17.02641,50.16564]},"properties":{"wikidata":"Q98602213","name":null,"class":"bunker","osm_tag_hint":"military=bunker","coord_ref_stated_in":null,"coord_ref_imported_from":null}},{"type":"Feature","geometry":{"type":"Point","coordinates":[17.58532,49.99499]},"properties":{"wikidata":"Q98593905","name":null,"class":"bunker","osm_tag_hint":"military=bunker","coord_ref_stated_in":null,"coord_ref_imported_from":null}},{"type":"Feature","geometry":{"type":"Point","coordinates":[17.02805,50.17089]},"properties":{"wikidata":"Q98602210","name":null,"class":"bunker","osm_tag_hint":"military=bunker","coord_ref_stated_in":null,"coord_ref_imported_from":null}},{"type":"Feature","geometry":{"type":"Point","coordinates":[17.02608,50.1717]},"properties":{"wikidata":"Q98602207","name":null,"class":"bunker","osm_tag_hint":"military=bunker","coord_ref_stated_in":null,"coord_ref_imported_from":null}},{"type":"Feature","geometry":{"type":"Point","coordinates":[17.02503,50.17249]},"properties":{"wikidata":"Q98602205","name":null,"class":"bunker","osm_tag_hint":"military=bunker","coord_ref_stated_in":null,"coord_ref_imported_from":null}},{"type":"Feature","geometry":{"type":"Point","coordinates":[17.49277,50.04472]},"properties":{"wikidata":"Q98594683","name":null,"class":"bunker","osm_tag_hint":"military=bunker","coord_ref_stated_in":null,"coord_ref_imported_from":null}},{"type":"Feature","geometry":{"type":"Point","coordinates":[17.47861,50.04666]},"properties":{"wikidata":"Q98594684","name":null,"class":"bunker","osm_tag_hint":"military=bunker","coord_ref_stated_in":null,"coord_ref_imported_from":null}},{"type":"Feature","geometry":{"type":"Point","coordinates":[17.01462,50.17465]},"properties":{"wikidata":"Q98601589","name":null,"class":"bunker","osm_tag_hint":"military=bunker","coord_ref_stated_in":null,"coord_ref_imported_from":null}},{"type":"Feature","geometry":{"type":"Point","coordinates":[17.0105,50.1754]},"properties":{"wikidata":"Q98601588","name":null,"class":"bunker","osm_tag_hint":"military=bunker","coord_ref_stated_in":null,"coord_ref_imported_from":null}},{"type":"Feature","geometry":{"type":"Point","coordinates":[17.00619,50.17451]},"properties":{"wikidata":"Q98601587","name":null,"class":"bunker","osm_tag_hint":"military=bunker","coord_ref_stated_in":null,"coord_ref_imported_from":null}},{"type":"Feature","geometry":{"type":"Point","coordinates":[17.56194,50.00472]},"properties":{"wikidata":"Q98593915","name":null,"class":"bunker","osm_tag_hint":"military=bunker","coord_ref_stated_in":null,"coord_ref_imported_from":null}},{"type":"Feature","geometry":{"type":"Point","coordinates":[16.99296,50.17168]},"properties":{"wikidata":"Q98601585","name":null,"class":"bunker","osm_tag_hint":"military=bunker","coord_ref_stated_in":null,"coord_ref_imported_from":null}},{"type":"Feature","geometry":{"type":"Point","coordinates":[16.98248,50.172]},"properties":{"wikidata":"Q98601584","name":null,"class":"bunker","osm_tag_hint":"military=bunker","coord_ref_stated_in":null,"coord_ref_imported_from":null}},{"type":"Feature","geometry":{"type":"Point","coordinates":[17.47277,50.04916]},"properties":{"wikidata":"Q98594686","name":null,"class":"bunker","osm_tag_hint":"military=bunker","coord_ref_stated_in":null,"coord_ref_imported_from":null}},{"type":"Feature","geometry":{"type":"Point","coordinates":[17.465,50.05694]},"properties":{"wikidata":"Q98594687","name":null,"class":"bunker","osm_tag_hint":"military=bunker","coord_ref_stated_in":null,"coord_ref_imported_from":null}},{"type":"Feature","geometry":{"type":"Point","coordinates":[16.97721,50.17226]},"properties":{"wikidata":"Q98601583","name":null,"class":"bunker","osm_tag_hint":"military=bunker","coord_ref_stated_in":null,"coord_ref_imported_from":null}},{"type":"Feature","geometry":{"type":"Point","coordinates":[17.46527,50.06444]},"properties":{"wikidata":"Q98594688","name":null,"class":"bunker","osm_tag_hint":"military=bunker","coord_ref_stated_in":null,"coord_ref_imported_from":null}},{"type":"Feature","geometry":{"type":"Point","coordinates":[16.97515,50.17259]},"properties":{"wikidata":"Q98601582","name":null,"class":"bunker","osm_tag_hint":"military=bunker","coord_ref_stated_in":null,"coord_ref_imported_from":null}},{"type":"Feature","geometry":{"type":"Point","coordinates":[16.9681,50.17308]},"properties":{"wikidata":"Q98601581","name":null,"class":"bunker","osm_tag_hint":"military=bunker","coord_ref_stated_in":null,"coord_ref_imported_from":null}},{"type":"Feature","geometry":{"type":"Point","coordinates":[16.96252,50.17314]},"properties":{"wikidata":"Q98601580","name":null,"class":"bunker","osm_tag_hint":"military=bunker","coord_ref_stated_in":null,"coord_ref_imported_from":null}},{"type":"Feature","geometry":{"type":"Point","coordinates":[17.55833,50.00583]},"properties":{"wikidata":"Q98593920","name":null,"class":"bunker","osm_tag_hint":"military=bunker","coord_ref_stated_in":null,"coord_ref_imported_from":null}},{"type":"Feature","geometry":{"type":"Point","coordinates":[16.8754,50.16818]},"properties":{"wikidata":"Q98605684","name":null,"class":"bunker","osm_tag_hint":"military=bunker","coord_ref_stated_in":null,"coord_ref_imported_from":null}},{"type":"Feature","geometry":{"type":"Point","coordinates":[16.83895,50.13934]},"properties":{"wikidata":"Q98605673","name":null,"class":"bunker","osm_tag_hint":"military=bunker","coord_ref_stated_in":null,"coord_ref_imported_from":null}},{"type":"Feature","geometry":{"type":"Point","coordinates":[17.52653,50.0101]},"properties":{"wikidata":"Q98593927","name":null,"class":"bunker","osm_tag_hint":"military=bunker","coord_ref_stated_in":null,"coord_ref_imported_from":null}},{"type":"Feature","geometry":{"type":"Point","coordinates":[17.53583,50.0125]},"properties":{"wikidata":"Q98593926","name":null,"class":"bunker","osm_tag_hint":"military=bunker","coord_ref_stated_in":null,"coord_ref_imported_from":null}},{"type":"Feature","geometry":{"type":"Point","coordinates":[16.83345,50.1349]},"properties":{"wikidata":"Q98605672","name":null,"class":"bunker","osm_tag_hint":"military=bunker","coord_ref_stated_in":null,"coord_ref_imported_from":null}},{"type":"Feature","geometry":{"type":"Point","coordinates":[17.24601,50.19641]},"properties":{"wikidata":"Q98605559","name":null,"class":"bunker","osm_tag_hint":"military=bunker","coord_ref_stated_in":null,"coord_ref_imported_from":null}},{"type":"Feature","geometry":{"type":"Point","coordinates":[17.56416,50.00388]},"properties":{"wikidata":"Q98593910","name":null,"class":"bunker","osm_tag_hint":"military=bunker","coord_ref_stated_in":null,"coord_ref_imported_from":null}},{"type":"Feature","geometry":{"type":"Point","coordinates":[17.54222,50.00972]},"properties":{"wikidata":"Q98593925","name":null,"class":"bunker","osm_tag_hint":"military=bunker","coord_ref_stated_in":null,"coord_ref_imported_from":null}},{"type":"Feature","geometry":{"type":"Point","coordinates":[18.19874,49.93182]},"properties":{"wikidata":"Q98636458","name":null,"class":"bunker","osm_tag_hint":"military=bunker","coord_ref_stated_in":null,"coord_ref_imported_from":null}},{"type":"Feature","geometry":{"type":"Point","coordinates":[17.23989,50.196]},"properties":{"wikidata":"Q98605558","name":null,"class":"bunker","osm_tag_hint":"military=bunker","coord_ref_stated_in":null,"coord_ref_imported_from":null}},{"type":"Feature","geometry":{"type":"Point","coordinates":[17.23498,50.19649]},"properties":{"wikidata":"Q98605557","name":null,"class":"bunker","osm_tag_hint":"military=bunker","coord_ref_stated_in":null,"coord_ref_imported_from":null}},{"type":"Feature","geometry":{"type":"Point","coordinates":[16.84038,50.14327]},"properties":{"wikidata":"Q98605674","name":null,"class":"bunker","osm_tag_hint":"military=bunker","coord_ref_stated_in":null,"coord_ref_imported_from":null}},{"type":"Feature","geometry":{"type":"Point","coordinates":[16.84246,50.1483]},"properties":{"wikidata":"Q98605675","name":null,"class":"bunker","osm_tag_hint":"military=bunker","coord_ref_stated_in":null,"coord_ref_imported_from":null}},{"type":"Feature","geometry":{"type":"Point","coordinates":[16.86908,50.16658]},"properties":{"wikidata":"Q98605683","name":null,"class":"bunker","osm_tag_hint":"military=bunker","coord_ref_stated_in":null,"coord_ref_imported_from":null}},{"type":"Feature","geometry":{"type":"Point","coordinates":[16.83969,50.15467]},"properties":{"wikidata":"Q98605676","name":null,"class":"bunker","osm_tag_hint":"military=bunker","coord_ref_stated_in":null,"coord_ref_imported_from":null}},{"type":"Feature","geometry":{"type":"Point","coordinates":[16.84397,50.15606]},"properties":{"wikidata":"Q98605677","name":null,"class":"bunker","osm_tag_hint":"military=bunker","coord_ref_stated_in":null,"coord_ref_imported_from":null}},{"type":"Feature","geometry":{"type":"Point","coordinates":[16.863,50.17341]},"properties":{"wikidata":"Q98605682","name":null,"class":"bunker","osm_tag_hint":"military=bunker","coord_ref_stated_in":null,"coord_ref_imported_from":null}},{"type":"Feature","geometry":{"type":"Point","coordinates":[18.19362,49.93346]},"properties":{"wikidata":"Q98636460","name":null,"class":"bunker","osm_tag_hint":"military=bunker","coord_ref_stated_in":null,"coord_ref_imported_from":null}},{"type":"Feature","geometry":{"type":"Point","coordinates":[17.5198,50.0139]},"properties":{"wikidata":"Q98593928","name":null,"class":"bunker","osm_tag_hint":"military=bunker","coord_ref_stated_in":null,"coord_ref_imported_from":null}},{"type":"Feature","geometry":{"type":"Point","coordinates":[16.84764,50.16361]},"properties":{"wikidata":"Q98605678","name":null,"class":"bunker","osm_tag_hint":"military=bunker","coord_ref_stated_in":null,"coord_ref_imported_from":null}},{"type":"Feature","geometry":{"type":"Point","coordinates":[17.51805,50.02083]},"properties":{"wikidata":"Q98593929","name":null,"class":"bunker","osm_tag_hint":"military=bunker","coord_ref_stated_in":null,"coord_ref_imported_from":null}},{"type":"Feature","geometry":{"type":"Point","coordinates":[16.8489,50.16531]},"properties":{"wikidata":"Q98605679","name":null,"class":"bunker","osm_tag_hint":"military=bunker","coord_ref_stated_in":null,"coord_ref_imported_from":null}},{"type":"Feature","geometry":{"type":"Point","coordinates":[18.17181,49.93317]},"properties":{"wikidata":"Q98636462","name":null,"class":"bunker","osm_tag_hint":"military=bunker","coord_ref_stated_in":null,"coord_ref_imported_from":null}},{"type":"Feature","geometry":{"type":"Point","coordinates":[16.8561,50.17018]},"properties":{"wikidata":"Q98605680","name":null,"class":"bunker","osm_tag_hint":"military=bunker","coord_ref_stated_in":null,"coord_ref_imported_from":null}},{"type":"Feature","geometry":{"type":"Point","coordinates":[18.17863,49.9324]},"properties":{"wikidata":"Q98636461","name":null,"class":"bunker","osm_tag_hint":"military=bunker","coord_ref_stated_in":null,"coord_ref_imported_from":null}},{"type":"Feature","geometry":{"type":"Point","coordinates":[16.86267,50.17361]},"properties":{"wikidata":"Q98605681","name":null,"class":"bunker","osm_tag_hint":"military=bunker","coord_ref_stated_in":null,"coord_ref_imported_from":null}},{"type":"Feature","geometry":{"type":"Point","coordinates":[17.54722,50.00805]},"properties":{"wikidata":"Q98593924","name":null,"class":"bunker","osm_tag_hint":"military=bunker","coord_ref_stated_in":null,"coord_ref_imported_from":null}},{"type":"Feature","geometry":{"type":"Point","coordinates":[17.63222,49.98277]},"properties":{"wikidata":"Q98593896","name":null,"class":"bunker","osm_tag_hint":"military=bunker","coord_ref_stated_in":null,"coord_ref_imported_from":null}},{"type":"Feature","geometry":{"type":"Point","coordinates":[17.62546,49.98457]},"properties":{"wikidata":"Q98593898","name":null,"class":"bunker","osm_tag_hint":"military=bunker","coord_ref_stated_in":null,"coord_ref_imported_from":null}},{"type":"Feature","geometry":{"type":"Point","coordinates":[18.31248,49.90785]},"properties":{"wikidata":"Q98633026","name":null,"class":"bunker","osm_tag_hint":"military=bunker","coord_ref_stated_in":null,"coord_ref_imported_from":null}},{"type":"Feature","geometry":{"type":"Point","coordinates":[18.24815,49.91659]},"properties":{"wikidata":"Q98633885","name":null,"class":"bunker","osm_tag_hint":"military=bunker","coord_ref_stated_in":null,"coord_ref_imported_from":null}},{"type":"Feature","geometry":{"type":"Point","coordinates":[18.25578,49.91196]},"properties":{"wikidata":"Q98633884","name":null,"class":"bunker","osm_tag_hint":"military=bunker","coord_ref_stated_in":null,"coord_ref_imported_from":null}},{"type":"Feature","geometry":{"type":"Point","coordinates":[18.2623,49.91104]},"properties":{"wikidata":"Q98633882","name":null,"class":"bunker","osm_tag_hint":"military=bunker","coord_ref_stated_in":null,"coord_ref_imported_from":null,"osm_api_check_2026_09_27":"OSM object nearby"}},{"type":"Feature","geometry":{"type":"Point","coordinates":[18.26658,49.90979]},"properties":{"wikidata":"Q98633881","name":null,"class":"bunker","osm_tag_hint":"military=bunker","coord_ref_stated_in":null,"coord_ref_imported_from":null}},{"type":"Feature","geometry":{"type":"Point","coordinates":[18.27987,49.90881]},"properties":{"wikidata":"Q98633879","name":null,"class":"bunker","osm_tag_hint":"military=bunker","coord_ref_stated_in":null,"coord_ref_imported_from":null}},{"type":"Feature","geometry":{"type":"Point","coordinates":[18.09224,49.90429]},"properties":{"wikidata":"Q98645048","name":null,"class":"bunker","osm_tag_hint":"military=bunker","coord_ref_stated_in":null,"coord_ref_imported_from":null}},{"type":"Feature","geometry":{"type":"Point","coordinates":[17.20527,50.19444]},"properties":{"wikidata":"Q98605553","name":null,"class":"bunker","osm_tag_hint":"military=bunker","coord_ref_stated_in":null,"coord_ref_imported_from":null}},{"type":"Feature","geometry":{"type":"Point","coordinates":[17.61222,49.98472]},"properties":{"wikidata":"Q98593900","name":null,"class":"bunker","osm_tag_hint":"military=bunker","coord_ref_stated_in":null,"coord_ref_imported_from":null}},{"type":"Feature","geometry":{"type":"Point","coordinates":[18.31791,49.90911]},"properties":{"wikidata":"Q98633021","name":null,"class":"bunker","osm_tag_hint":"military=bunker","coord_ref_stated_in":null,"coord_ref_imported_from":null}},{"type":"Feature","geometry":{"type":"Point","coordinates":[17.55055,50.00583]},"properties":{"wikidata":"Q98593922","name":null,"class":"bunker","osm_tag_hint":"military=bunker","coord_ref_stated_in":null,"coord_ref_imported_from":null}},{"type":"Feature","geometry":{"type":"Point","coordinates":[18.04694,49.91305]},"properties":{"wikidata":"Q98594546","name":null,"class":"bunker","osm_tag_hint":"military=bunker","coord_ref_stated_in":null,"coord_ref_imported_from":null}},{"type":"Feature","geometry":{"type":"Point","coordinates":[18.2896,49.90881]},"properties":{"wikidata":"Q98633878","name":null,"class":"bunker","osm_tag_hint":"military=bunker","coord_ref_stated_in":null,"coord_ref_imported_from":null}},{"type":"Feature","geometry":{"type":"Point","coordinates":[17.57361,50.00055]},"properties":{"wikidata":"Q98593907","name":null,"class":"bunker","osm_tag_hint":"military=bunker","coord_ref_stated_in":null,"coord_ref_imported_from":null}},{"type":"Feature","geometry":{"type":"Point","coordinates":[18.24081,49.91929]},"properties":{"wikidata":"Q98633887","name":null,"class":"bunker","osm_tag_hint":"military=bunker","coord_ref_stated_in":null,"coord_ref_imported_from":null}},{"type":"Feature","geometry":{"type":"Point","coordinates":[17.22611,50.19694]},"properties":{"wikidata":"Q98605556","name":null,"class":"bunker","osm_tag_hint":"military=bunker","coord_ref_stated_in":null,"coord_ref_imported_from":null}},{"type":"Feature","geometry":{"type":"Point","coordinates":[18.14146,49.91727]},"properties":{"wikidata":"Q98645044","name":null,"class":"bunker","osm_tag_hint":"military=bunker","coord_ref_stated_in":null,"coord_ref_imported_from":null}},{"type":"Feature","geometry":{"type":"Point","coordinates":[18.07638,49.90722]},"properties":{"wikidata":"Q98594544","name":null,"class":"bunker","osm_tag_hint":"military=bunker","coord_ref_stated_in":null,"coord_ref_imported_from":null}},{"type":"Feature","geometry":{"type":"Point","coordinates":[17.2225,50.19694]},"properties":{"wikidata":"Q98605555","name":null,"class":"bunker","osm_tag_hint":"military=bunker","coord_ref_stated_in":null,"coord_ref_imported_from":null}},{"type":"Feature","geometry":{"type":"Point","coordinates":[18.13301,49.91307]},"properties":{"wikidata":"Q98645045","name":null,"class":"bunker","osm_tag_hint":"military=bunker","coord_ref_stated_in":null,"coord_ref_imported_from":null}},{"type":"Feature","geometry":{"type":"Point","coordinates":[18.3037,49.90837]},"properties":{"wikidata":"Q98633030","name":null,"class":"bunker","osm_tag_hint":"military=bunker","coord_ref_stated_in":null,"coord_ref_imported_from":null}},{"type":"Feature","geometry":{"type":"Point","coordinates":[18.05916,49.90833]},"properties":{"wikidata":"Q98594545","name":null,"class":"bunker","osm_tag_hint":"military=bunker","coord_ref_stated_in":null,"coord_ref_imported_from":null}},{"type":"Feature","geometry":{"type":"Point","coordinates":[18.20656,49.92815]},"properties":{"wikidata":"Q98636457","name":null,"class":"bunker","osm_tag_hint":"military=bunker","coord_ref_stated_in":null,"coord_ref_imported_from":null}},{"type":"Feature","geometry":{"type":"Point","coordinates":[18.12223,49.91062]},"properties":{"wikidata":"Q98645046","name":null,"class":"bunker","osm_tag_hint":"military=bunker","coord_ref_stated_in":null,"coord_ref_imported_from":null}},{"type":"Feature","geometry":{"type":"Point","coordinates":[17.63914,49.98099]},"properties":{"wikidata":"Q98593895","name":null,"class":"bunker","osm_tag_hint":"military=bunker","coord_ref_stated_in":null,"coord_ref_imported_from":null}},{"type":"Feature","geometry":{"type":"Point","coordinates":[18.10477,49.90483]},"properties":{"wikidata":"Q98645047","name":null,"class":"bunker","osm_tag_hint":"military=bunker","coord_ref_stated_in":null,"coord_ref_imported_from":null}},{"type":"Feature","geometry":{"type":"Point","coordinates":[18.23149,49.92448]},"properties":{"wikidata":"Q98636456","name":null,"class":"bunker","osm_tag_hint":"military=bunker","coord_ref_stated_in":null,"coord_ref_imported_from":null}},{"type":"Feature","geometry":{"type":"Point","coordinates":[17.21416,50.19583]},"properties":{"wikidata":"Q98605554","name":null,"class":"bunker","osm_tag_hint":"military=bunker","coord_ref_stated_in":null,"coord_ref_imported_from":null}},{"type":"Feature","geometry":{"type":"Point","coordinates":[18.14519,49.92222]},"properties":{"wikidata":"Q98645043","name":null,"class":"bunker","osm_tag_hint":"military=bunker","coord_ref_stated_in":null,"coord_ref_imported_from":null}},{"type":"Feature","geometry":{"type":"Point","coordinates":[15.91525,50.622281]},"properties":{"wikidata":"Q12058106","name":null,"class":"bunker","osm_tag_hint":"military=bunker","coord_ref_stated_in":null,"coord_ref_imported_from":null}},{"type":"Feature","geometry":{"type":"Point","coordinates":[15.907889,50.631747]},"properties":{"wikidata":"Q12058110","name":null,"class":"bunker","osm_tag_hint":"military=bunker","coord_ref_stated_in":null,"coord_ref_imported_from":null}},{"type":"Feature","geometry":{"type":"Point","coordinates":[18.21571,49.92753]},"properties":{"wikidata":"Q12352128","name":null,"class":"bunker","osm_tag_hint":"military=bunker","coord_ref_stated_in":null,"coord_ref_imported_from":null}},{"type":"Feature","geometry":{"type":"Point","coordinates":[15.911892,50.63055]},"properties":{"wikidata":"Q12058109","name":null,"class":"bunker","osm_tag_hint":"military=bunker","coord_ref_stated_in":null,"coord_ref_imported_from":null}},{"type":"Feature","geometry":{"type":"Point","coordinates":[15.91248,50.627189]},"properties":{"wikidata":"Q12058108","name":null,"class":"bunker","osm_tag_hint":"military=bunker","coord_ref_stated_in":null,"coord_ref_imported_from":null}},{"type":"Feature","geometry":{"type":"Point","coordinates":[16.517253,50.195169]},"properties":{"wikidata":"Q29563300","name":null,"class":"bunker","osm_tag_hint":"military=bunker","coord_ref_stated_in":null,"coord_ref_imported_from":null}},{"type":"Feature","geometry":{"type":"Point","coordinates":[16.517511,50.196761]},"properties":{"wikidata":"Q29563361","name":null,"class":"bunker","osm_tag_hint":"military=bunker","coord_ref_stated_in":null,"coord_ref_imported_from":null}},{"type":"Feature","geometry":{"type":"Point","coordinates":[16.514511,50.19755]},"properties":{"wikidata":"Q29563414","name":null,"class":"bunker","osm_tag_hint":"military=bunker","coord_ref_stated_in":null,"coord_ref_imported_from":null}},{"type":"Feature","geometry":{"type":"Point","coordinates":[17.77895,49.9543]},"properties":{"wikidata":"Q98593678","name":null,"class":"bunker","osm_tag_hint":"military=bunker","coord_ref_stated_in":null,"coord_ref_imported_from":null}},{"type":"Feature","geometry":{"type":"Point","coordinates":[17.77482,49.95587]},"properties":{"wikidata":"Q98593679","name":null,"class":"bunker","osm_tag_hint":"military=bunker","coord_ref_stated_in":null,"coord_ref_imported_from":null}},{"type":"Feature","geometry":{"type":"Point","coordinates":[16.162019,50.489114]},"properties":{"wikidata":"Q62663268","name":null,"class":"bunker","osm_tag_hint":"military=bunker","coord_ref_stated_in":null,"coord_ref_imported_from":null}},{"type":"Feature","geometry":{"type":"Point","coordinates":[16.158156,50.491536]},"properties":{"wikidata":"Q62663269","name":null,"class":"bunker","osm_tag_hint":"military=bunker","coord_ref_stated_in":null,"coord_ref_imported_from":null}},{"type":"Feature","geometry":{"type":"Point","coordinates":[16.683361,50.075418]},"properties":{"wikidata":"Q69520563","name":null,"class":"bunker","osm_tag_hint":"military=bunker","coord_ref_stated_in":null,"coord_ref_imported_from":null}},{"type":"Feature","geometry":{"type":"Point","coordinates":[16.678169,50.073019]},"properties":{"wikidata":"Q69520566","name":null,"class":"bunker","osm_tag_hint":"military=bunker","coord_ref_stated_in":null,"coord_ref_imported_from":null}},{"type":"Feature","geometry":{"type":"Point","coordinates":[16.766693,50.096318]},"properties":{"wikidata":"Q69352554","name":null,"class":"bunker","osm_tag_hint":"military=bunker","coord_ref_stated_in":null,"coord_ref_imported_from":null}},{"type":"Feature","geometry":{"type":"Point","coordinates":[16.151189,50.495511]},"properties":{"wikidata":"Q62663401","name":null,"class":"bunker","osm_tag_hint":"military=bunker","coord_ref_stated_in":null,"coord_ref_imported_from":null}},{"type":"Feature","geometry":{"type":"Point","coordinates":[16.292681,50.356875]},"properties":{"wikidata":"Q62427270","name":null,"class":"bunker","osm_tag_hint":"military=bunker","coord_ref_stated_in":null,"coord_ref_imported_from":null}},{"type":"Feature","geometry":{"type":"Point","coordinates":[16.296108,50.355028]},"properties":{"wikidata":"Q62427266","name":null,"class":"bunker","osm_tag_hint":"military=bunker","coord_ref_stated_in":null,"coord_ref_imported_from":null}},{"type":"Feature","geometry":{"type":"Point","coordinates":[16.609059,50.112045]},"properties":{"wikidata":"Q69680877","name":null,"class":"bunker","osm_tag_hint":"military=bunker","coord_ref_stated_in":null,"coord_ref_imported_from":null}},{"type":"Feature","geometry":{"type":"Point","coordinates":[18.07701,49.89675]},"properties":{"wikidata":"Q98645665","name":null,"class":"bunker","osm_tag_hint":"military=bunker","coord_ref_stated_in":null,"coord_ref_imported_from":null,"osm_api_check_2026_09_27":"OSM object nearby"}},{"type":"Feature","geometry":{"type":"Point","coordinates":[16.604663,50.113321]},"properties":{"wikidata":"Q69680880","name":null,"class":"bunker","osm_tag_hint":"military=bunker","coord_ref_stated_in":null,"coord_ref_imported_from":null}},{"type":"Feature","geometry":{"type":"Point","coordinates":[16.77019,50.097426]},"properties":{"wikidata":"Q69352546","name":null,"class":"bunker","osm_tag_hint":"military=bunker","coord_ref_stated_in":null,"coord_ref_imported_from":null}},{"type":"Feature","geometry":{"type":"Point","coordinates":[16.602531,50.1128]},"properties":{"wikidata":"Q69680883","name":null,"class":"bunker","osm_tag_hint":"military=bunker","coord_ref_stated_in":null,"coord_ref_imported_from":null}},{"type":"Feature","geometry":{"type":"Point","coordinates":[16.0029,50.586331]},"properties":{"wikidata":"Q61851933","name":null,"class":"bunker","osm_tag_hint":"military=bunker","coord_ref_stated_in":null,"coord_ref_imported_from":null}},{"type":"Feature","geometry":{"type":"Point","coordinates":[16.006031,50.586281]},"properties":{"wikidata":"Q61851932","name":null,"class":"bunker","osm_tag_hint":"military=bunker","coord_ref_stated_in":null,"coord_ref_imported_from":null}},{"type":"Feature","geometry":{"type":"Point","coordinates":[16.00878,50.586961]},"properties":{"wikidata":"Q61851925","name":null,"class":"bunker","osm_tag_hint":"military=bunker","coord_ref_stated_in":null,"coord_ref_imported_from":null}},{"type":"Feature","geometry":{"type":"Point","coordinates":[16.012831,50.586569]},"properties":{"wikidata":"Q61851924","name":null,"class":"bunker","osm_tag_hint":"military=bunker","coord_ref_stated_in":null,"coord_ref_imported_from":null}},{"type":"Feature","geometry":{"type":"Point","coordinates":[16.011389,50.5834]},"properties":{"wikidata":"Q61851826","name":null,"class":"bunker","osm_tag_hint":"military=bunker","coord_ref_stated_in":null,"coord_ref_imported_from":null}},{"type":"Feature","geometry":{"type":"Point","coordinates":[16.155514,50.492881]},"properties":{"wikidata":"Q62663271","name":null,"class":"bunker","osm_tag_hint":"military=bunker","coord_ref_stated_in":null,"coord_ref_imported_from":null}},{"type":"Feature","geometry":{"type":"Point","coordinates":[16.684671,50.074932]},"properties":{"wikidata":"Q69520539","name":null,"class":"bunker","osm_tag_hint":"military=bunker","coord_ref_stated_in":null,"coord_ref_imported_from":null}},{"type":"Feature","geometry":{"type":"Point","coordinates":[18.21497,49.92897]},"properties":{"wikidata":"Q98636593","name":null,"class":"bunker","osm_tag_hint":"military=bunker","coord_ref_stated_in":null,"coord_ref_imported_from":null}},{"type":"Feature","geometry":{"type":"Point","coordinates":[18.2173,49.92858]},"properties":{"wikidata":"Q98636592","name":null,"class":"bunker","osm_tag_hint":"military=bunker","coord_ref_stated_in":null,"coord_ref_imported_from":null}},{"type":"Feature","geometry":{"type":"Point","coordinates":[16.200014,50.408114]},"properties":{"wikidata":"Q62592312","name":null,"class":"bunker","osm_tag_hint":"military=bunker","coord_ref_stated_in":null,"coord_ref_imported_from":null}},{"type":"Feature","geometry":{"type":"Point","coordinates":[17.76997,49.95676]},"properties":{"wikidata":"Q98593680","name":null,"class":"bunker","osm_tag_hint":"military=bunker","coord_ref_stated_in":null,"coord_ref_imported_from":null}},{"type":"Feature","geometry":{"type":"Point","coordinates":[16.089281,48.804292]},"properties":{"wikidata":"Q27861620","name":null,"class":"bunker","osm_tag_hint":"military=bunker","coord_ref_stated_in":null,"coord_ref_imported_from":null}},{"type":"Feature","geometry":{"type":"Point","coordinates":[16.324342,48.771425]},"properties":{"wikidata":"Q27861636","name":null,"class":"bunker","osm_tag_hint":"military=bunker","coord_ref_stated_in":null,"coord_ref_imported_from":null}},{"type":"Feature","geometry":{"type":"Point","coordinates":[16.772747,48.793742]},"properties":{"wikidata":"Q27861657","name":null,"class":"bunker","osm_tag_hint":"military=bunker","coord_ref_stated_in":null,"coord_ref_imported_from":null}},{"type":"Feature","geometry":{"type":"Point","coordinates":[16.654044,48.810111]},"properties":{"wikidata":"Q27861654","name":null,"class":"bunker","osm_tag_hint":"military=bunker","coord_ref_stated_in":null,"coord_ref_imported_from":null}},{"type":"Feature","geometry":{"type":"Point","coordinates":[16.867642,48.733392]},"properties":{"wikidata":"Q27861660","name":null,"class":"bunker","osm_tag_hint":"military=bunker","coord_ref_stated_in":null,"coord_ref_imported_from":null}},{"type":"Feature","geometry":{"type":"Point","coordinates":[17.24611,50.19416]},"properties":{"wikidata":"Q98649374","name":null,"class":"bunker","osm_tag_hint":"military=bunker","coord_ref_stated_in":null,"coord_ref_imported_from":null}},{"type":"Feature","geometry":{"type":"Point","coordinates":[15.911956,50.623925]},"properties":{"wikidata":"Q12058117","name":null,"class":"bunker","osm_tag_hint":"military=bunker","coord_ref_stated_in":null,"coord_ref_imported_from":null}},{"type":"Feature","geometry":{"type":"Point","coordinates":[15.911544,50.62567]},"properties":{"wikidata":"Q12058116","name":null,"class":"bunker","osm_tag_hint":"military=bunker","coord_ref_stated_in":null,"coord_ref_imported_from":null}},{"type":"Feature","geometry":{"type":"Point","coordinates":[16.150556,50.492086]},"properties":{"wikidata":"Q62663397","name":null,"class":"bunker","osm_tag_hint":"military=bunker","coord_ref_stated_in":null,"coord_ref_imported_from":null}},{"type":"Feature","geometry":{"type":"Point","coordinates":[18.21708,49.92616]},"properties":{"wikidata":"Q98636594","name":null,"class":"bunker","osm_tag_hint":"military=bunker","coord_ref_stated_in":null,"coord_ref_imported_from":null}},{"type":"Feature","geometry":{"type":"Point","coordinates":[16.200972,50.404261]},"properties":{"wikidata":"Q62592316","name":null,"class":"bunker","osm_tag_hint":"military=bunker","coord_ref_stated_in":null,"coord_ref_imported_from":null}},{"type":"Feature","geometry":{"type":"Point","coordinates":[16.0077,50.585281]},"properties":{"wikidata":"Q61851930","name":null,"class":"bunker","osm_tag_hint":"military=bunker","coord_ref_stated_in":null,"coord_ref_imported_from":null}},{"type":"Feature","geometry":{"type":"Point","coordinates":[16.60479,50.110623]},"properties":{"wikidata":"Q69681882","name":null,"class":"bunker","osm_tag_hint":"military=bunker","coord_ref_stated_in":null,"coord_ref_imported_from":null}},{"type":"Feature","geometry":{"type":"Point","coordinates":[17.77602,49.9509]},"properties":{"wikidata":"Q98593682","name":null,"class":"bunker","osm_tag_hint":"military=bunker","coord_ref_stated_in":null,"coord_ref_imported_from":null}},{"type":"Feature","geometry":{"type":"Point","coordinates":[16.291067,50.352403]},"properties":{"wikidata":"Q62427277","name":null,"class":"bunker","osm_tag_hint":"military=bunker","coord_ref_stated_in":null,"coord_ref_imported_from":null}},{"type":"Feature","geometry":{"type":"Point","coordinates":[15.911189,50.614981]},"properties":{"wikidata":"Q12058112","name":null,"class":"bunker","osm_tag_hint":"military=bunker","coord_ref_stated_in":null,"coord_ref_imported_from":null}},{"type":"Feature","geometry":{"type":"Point","coordinates":[16.485986,50.231611]},"properties":{"wikidata":"Q29573778","name":null,"class":"bunker","osm_tag_hint":"military=bunker","coord_ref_stated_in":null,"coord_ref_imported_from":null}},{"type":"Feature","geometry":{"type":"Point","coordinates":[16.787694,50.095707]},"properties":{"wikidata":"Q69352553","name":null,"class":"bunker","osm_tag_hint":"military=bunker","coord_ref_stated_in":null,"coord_ref_imported_from":null}},{"type":"Feature","geometry":{"type":"Point","coordinates":[18.08285,49.89726]},"properties":{"wikidata":"Q98645667","name":null,"class":"bunker","osm_tag_hint":"military=bunker","coord_ref_stated_in":null,"coord_ref_imported_from":null}},{"type":"Feature","geometry":{"type":"Point","coordinates":[13.09982,49.80744]},"properties":{"wikidata":"Q109590678","name":null,"class":"bunker","osm_tag_hint":"military=bunker","coord_ref_stated_in":null,"coord_ref_imported_from":null}},{"type":"Feature","geometry":{"type":"Point","coordinates":[15.674473,50.65435]},"properties":{"wikidata":"Q124312354","name":null,"class":"bunker","osm_tag_hint":"military=bunker","coord_ref_stated_in":null,"coord_ref_imported_from":null}},{"type":"Feature","geometry":{"type":"Point","coordinates":[15.593292,49.395753]},"properties":{"wikidata":"Q12027639","name":null,"class":"bunker","osm_tag_hint":"military=bunker","coord_ref_stated_in":null,"coord_ref_imported_from":"Q191168"}},{"type":"Feature","geometry":{"type":"Point","coordinates":[14.452634,50.089892]},"properties":{"wikidata":"Q118460005","name":null,"class":"bunker","osm_tag_hint":"military=bunker","coord_ref_stated_in":null,"coord_ref_imported_from":null}},{"type":"Feature","geometry":{"type":"Point","coordinates":[16.634726,49.214814]},"properties":{"wikidata":"Q113451604","name":null,"class":"bunker","osm_tag_hint":"military=bunker","coord_ref_stated_in":null,"coord_ref_imported_from":null}},{"type":"Feature","geometry":{"type":"Point","coordinates":[14.528536,50.144929]},"properties":{"wikidata":"Q121769698","name":null,"class":"bunker","osm_tag_hint":"military=bunker","coord_ref_stated_in":null,"coord_ref_imported_from":null}},{"type":"Feature","geometry":{"type":"Point","coordinates":[13.58557,49.72759]},"properties":{"wikidata":"Q106195063","name":null,"class":"bunker","osm_tag_hint":"military=bunker","coord_ref_stated_in":null,"coord_ref_imported_from":null}},{"type":"Feature","geometry":{"type":"Point","coordinates":[13.65011,50.55629]},"properties":{"wikidata":"Q106249241","name":null,"class":"bunker","osm_tag_hint":"military=bunker","coord_ref_stated_in":null,"coord_ref_imported_from":null}},{"type":"Feature","geometry":{"type":"Point","coordinates":[13.68703,50.55071]},"properties":{"wikidata":"Q106291618","name":null,"class":"bunker","osm_tag_hint":"military=bunker","coord_ref_stated_in":null,"coord_ref_imported_from":null}},{"type":"Feature","geometry":{"type":"Point","coordinates":[16.29549,50.36547]},"properties":{"wikidata":"Q106291842","name":null,"class":"bunker","osm_tag_hint":"military=bunker","coord_ref_stated_in":null,"coord_ref_imported_from":null}},{"type":"Feature","geometry":{"type":"Point","coordinates":[17.564066,49.654721]},"properties":{"wikidata":"Q107467220","name":null,"class":"bunker","osm_tag_hint":"military=bunker","coord_ref_stated_in":null,"coord_ref_imported_from":"Q191168"}},{"type":"Feature","geometry":{"type":"Point","coordinates":[17.558951,49.658496]},"properties":{"wikidata":"Q107467339","name":null,"class":"bunker","osm_tag_hint":"military=bunker","coord_ref_stated_in":null,"coord_ref_imported_from":"Q191168"}},{"type":"Feature","geometry":{"type":"Point","coordinates":[17.535617,49.653469]},"properties":{"wikidata":"Q107467356","name":null,"class":"bunker","osm_tag_hint":"military=bunker","coord_ref_stated_in":null,"coord_ref_imported_from":"Q191168"}},{"type":"Feature","geometry":{"type":"Point","coordinates":[14.159737,50.229111]},"properties":{"wikidata":"Q110822172","name":null,"class":"bunker","osm_tag_hint":"military=bunker","coord_ref_stated_in":null,"coord_ref_imported_from":null}},{"type":"Feature","geometry":{"type":"Point","coordinates":[14.311669,50.096602]},"properties":{"wikidata":"Q118582507","name":null,"class":"bunker","osm_tag_hint":"military=bunker","coord_ref_stated_in":null,"coord_ref_imported_from":null}},{"type":"Feature","geometry":{"type":"Point","coordinates":[18.28704,49.86446]},"properties":{"wikidata":"Q137754460","name":null,"class":"bunker","osm_tag_hint":"military=bunker","coord_ref_stated_in":null,"coord_ref_imported_from":null}},{"type":"Feature","geometry":{"type":"Point","coordinates":[14.676372,48.911592]},"properties":{"wikidata":"Q135037513","name":null,"class":"bunker","osm_tag_hint":"military=bunker","coord_ref_stated_in":null,"coord_ref_imported_from":null}},{"type":"Feature","geometry":{"type":"Point","coordinates":[14.120095,50.674352]},"properties":{"wikidata":"Q136436768","name":null,"class":"bunker","osm_tag_hint":"military=bunker","coord_ref_stated_in":null,"coord_ref_imported_from":null}},{"type":"Feature","geometry":{"type":"Point","coordinates":[14.467127,48.967948]},"properties":{"wikidata":"Q134447442","name":null,"class":"bunker","osm_tag_hint":"military=bunker","coord_ref_stated_in":null,"coord_ref_imported_from":null}},{"type":"Feature","geometry":{"type":"Point","coordinates":[14.373889,50.0425]},"properties":{"wikidata":"Q22262500","name":null,"class":"bunker","osm_tag_hint":"military=bunker","coord_ref_stated_in":null,"coord_ref_imported_from":"Q191168"}},{"type":"Feature","geometry":{"type":"Point","coordinates":[17.490426,50.048965]},"properties":{"wikidata":"Q134973306","name":null,"class":"bunker","osm_tag_hint":"military=bunker","coord_ref_stated_in":null,"coord_ref_imported_from":null}},{"type":"Feature","geometry":{"type":"Point","coordinates":[17.44938,50.09618]},"properties":{"wikidata":"Q125984187","name":null,"class":"bunker","osm_tag_hint":"military=bunker","coord_ref_stated_in":null,"coord_ref_imported_from":null}},{"type":"Feature","geometry":{"type":"Point","coordinates":[18.306467,49.82822]},"properties":{"wikidata":"Q133307678","name":null,"class":"bunker","osm_tag_hint":"military=bunker","coord_ref_stated_in":null,"coord_ref_imported_from":null}},{"type":"Feature","geometry":{"type":"Point","coordinates":[14.098539,50.663683]},"properties":{"wikidata":"Q136436860","name":null,"class":"bunker","osm_tag_hint":"military=bunker","coord_ref_stated_in":null,"coord_ref_imported_from":null}},{"type":"Feature","geometry":{"type":"Point","coordinates":[16.315664,48.939954]},"properties":{"wikidata":"Q58627273","name":null,"class":"bunker","osm_tag_hint":"military=bunker","coord_ref_stated_in":null,"coord_ref_imported_from":null}},{"type":"Feature","geometry":{"type":"Point","coordinates":[16.9712,49.45673]},"properties":{"wikidata":"Q98665884","name":null,"class":"bunker","osm_tag_hint":"military=bunker","coord_ref_stated_in":null,"coord_ref_imported_from":null}},{"type":"Feature","geometry":{"type":"Point","coordinates":[16.9716,49.4567]},"properties":{"wikidata":"Q98665885","name":null,"class":"bunker","osm_tag_hint":"military=bunker","coord_ref_stated_in":null,"coord_ref_imported_from":null}},{"type":"Feature","geometry":{"type":"Point","coordinates":[14.881,50.273]},"properties":{"wikidata":"Q98665886","name":null,"class":"bunker","osm_tag_hint":"military=bunker","coord_ref_stated_in":null,"coord_ref_imported_from":null}}]}