{"type":"FeatureCollection","features":[{"type":"Feature","geometry":{"type":"Polygon","coordinates":[[[15.662177,49.408824],[15.662361,49.408664],[15.662693,49.408824],[15.662379,49.409107],[15.662394,49.409231],[15.662208,49.409381],[15.66185,49.409421],[15.661706,49.409325],[15.661691,49.409252],[15.662177,49.408824]]]},"properties":{"fid_zbg":"474215283","typzast_p":"vodojem zemní","in_osm":false,"proposed:man_made":"reservoir_covered"}},{"type":"Feature","geometry":{"type":"Polygon","coordinates":[[[15.762942,49.237274],[15.762848,49.23761],[15.762564,49.23757],[15.762655,49.237258],[15.762942,49.237274]]]},"properties":{"fid_zbg":"480935945","typzast_p":"vodojem zemní","osm_dist_m":366,"in_osm":false,"proposed:man_made":"reservoir_covered"}},{"type":"Feature","geometry":{"type":"Polygon","coordinates":[[[16.026103,49.355664],[16.026335,49.355873],[16.026369,49.355984],[16.026031,49.356152],[16.025734,49.355894],[16.025752,49.355826],[16.026103,49.355664]]]},"properties":{"fid_zbg":"477768980","typzast_p":"vodojem zemní","in_osm":false,"proposed:man_made":"reservoir_covered"}},{"type":"Feature","geometry":{"type":"Polygon","coordinates":[[[15.490603,49.290315],[15.490899,49.290276],[15.490929,49.290519],[15.490821,49.290551],[15.490684,49.290613],[15.490626,49.290462],[15.490603,49.290315]]]},"properties":{"fid_zbg":"477507640","typzast_p":"vodojem zemní","in_osm":false,"proposed:man_made":"reservoir_covered"}},{"type":"Feature","geometry":{"type":"Polygon","coordinates":[[[16.052642,49.418],[16.052938,49.41836],[16.052176,49.418606],[16.05208,49.418369],[16.052022,49.41827],[16.05175,49.41799],[16.052403,49.417709],[16.052642,49.418]]]},"properties":{"fid_zbg":"480453558","typzast_p":"vodojem zemní","in_osm":false,"proposed:man_made":"reservoir_covered"}},{"type":"Feature","geometry":{"type":"Polygon","coordinates":[[[15.877611,49.232605],[15.87712,49.232631],[15.877033,49.232009],[15.877705,49.23197],[15.877738,49.232172],[15.8778,49.232547],[15.877611,49.232605]]]},"properties":{"fid_zbg":"480118384","typzast_p":"vodojem zemní","osm_dist_m":27,"in_osm":true,"proposed:man_made":"reservoir_covered"}},{"type":"Feature","geometry":{"type":"Polygon","coordinates":[[[15.914951,49.53798],[15.914914,49.538251],[15.914555,49.538215],[15.914692,49.537922],[15.914951,49.53798]]]},"properties":{"fid_zbg":"477749590","typzast_p":"vodojem zemní","in_osm":false,"proposed:man_made":"reservoir_covered"}},{"type":"Feature","geometry":{"type":"Polygon","coordinates":[[[16.064385,49.403526],[16.064503,49.403425],[16.064724,49.40353],[16.065031,49.403697],[16.064992,49.403814],[16.064557,49.404081],[16.064107,49.403881],[16.064385,49.403526]]]},"properties":{"fid_zbg":"480448063","typzast_p":"vodojem zemní","in_osm":false,"proposed:man_made":"reservoir_covered"}},{"type":"Feature","geometry":{"type":"Polygon","coordinates":[[[15.890287,49.357933],[15.890434,49.358172],[15.890132,49.358248],[15.889982,49.35801],[15.890287,49.357933]]]},"properties":{"fid_zbg":"480113031","typzast_p":"vodojem zemní","in_osm":false,"proposed:man_made":"reservoir_covered"}},{"type":"Feature","geometry":{"type":"Polygon","coordinates":[[[15.719958,49.256046],[15.719985,49.256024],[15.720151,49.255907],[15.720314,49.255997],[15.720107,49.256138],[15.719958,49.256046]]]},"properties":{"fid_zbg":"479087268","typzast_p":"vodojem zemní","in_osm":false,"proposed:man_made":"reservoir_covered"}},{"type":"Feature","geometry":{"type":"Polygon","coordinates":[[[15.714348,49.34925],[15.714066,49.349278],[15.714024,49.349154],[15.714293,49.349122],[15.714324,49.349188],[15.714348,49.34925]]]},"properties":{"fid_zbg":"472266132","typzast_p":"vodojem zemní","in_osm":false,"proposed:man_made":"reservoir_covered"}},{"type":"Feature","geometry":{"type":"Polygon","coordinates":[[[15.76843,49.257902],[15.768775,49.257962],[15.768675,49.258248],[15.768325,49.258216],[15.768298,49.258121],[15.76843,49.257902]]]},"properties":{"fid_zbg":"476924934","typzast_p":"vodojem zemní","osm_dist_m":1049,"in_osm":false,"proposed:man_made":"reservoir_covered"}},{"type":"Feature","geometry":{"type":"Polygon","coordinates":[[[15.662307,49.437508],[15.662291,49.437462],[15.662273,49.437392],[15.662257,49.437315],[15.662631,49.437277],[15.662675,49.437461],[15.662307,49.437508]]]},"properties":{"fid_zbg":"474219467","typzast_p":"vodojem zemní","in_osm":false,"proposed:man_made":"reservoir_covered"}},{"type":"Feature","geometry":{"type":"Polygon","coordinates":[[[15.749985,49.716884],[15.750848,49.717161],[15.750101,49.717519],[15.749942,49.717378],[15.749853,49.71726],[15.749845,49.717139],[15.749985,49.716884]]]},"properties":{"fid_zbg":"476935320","typzast_p":"vodojem zemní","in_osm":false,"proposed:man_made":"reservoir_covered"}},{"type":"Feature","geometry":{"type":"Polygon","coordinates":[[[15.498882,49.621026],[15.498763,49.621009],[15.498834,49.620712],[15.498841,49.620687],[15.498943,49.620693],[15.499045,49.620699],[15.498989,49.620962],[15.498983,49.620966],[15.498945,49.620991],[15.498882,49.621026]]]},"properties":{"fid_zbg":"474818169","typzast_p":"vodojem zemní","in_osm":false,"proposed:man_made":"reservoir_covered"}},{"type":"Feature","geometry":{"type":"Polygon","coordinates":[[[16.162942,49.6201],[16.162813,49.620064],[16.162521,49.619991],[16.16265,49.619759],[16.162861,49.619805],[16.163053,49.619845],[16.162942,49.6201]]]},"properties":{"fid_zbg":"474074306","typzast_p":"vodojem zemní","osm_dist_m":4,"in_osm":true,"proposed:man_made":"reservoir_covered"}},{"type":"Feature","geometry":{"type":"Polygon","coordinates":[[[15.594294,49.232609],[15.594357,49.232794],[15.594038,49.232836],[15.593977,49.232651],[15.594294,49.232609]]]},"properties":{"fid_zbg":"477508900","typzast_p":"vodojem zemní","in_osm":false,"proposed:man_made":"reservoir_covered"}},{"type":"Feature","geometry":{"type":"Polygon","coordinates":[[[15.429602,49.629778],[15.428979,49.629595],[15.429173,49.62941],[15.429798,49.629597],[15.429602,49.629778]]]},"properties":{"fid_zbg":"474830691","typzast_p":"vodojem zemní","in_osm":false,"proposed:man_made":"reservoir_covered"}},{"type":"Feature","geometry":{"type":"Polygon","coordinates":[[[15.487003,49.637274],[15.487489,49.637242],[15.487541,49.637487],[15.487316,49.637501],[15.487186,49.637518],[15.487065,49.637536],[15.487003,49.637274]]]},"properties":{"fid_zbg":"474818979","typzast_p":"vodojem zemní","in_osm":false,"proposed:man_made":"reservoir_covered"}},{"type":"Feature","geometry":{"type":"Polygon","coordinates":[[[15.628253,49.386801],[15.628065,49.386708],[15.628243,49.386555],[15.628433,49.38666],[15.628253,49.386801]]]},"properties":{"fid_zbg":"473761045","typzast_p":"vodojem zemní","in_osm":false,"proposed:man_made":"reservoir_covered"}},{"type":"Feature","geometry":{"type":"Polygon","coordinates":[[[15.726095,49.775755],[15.72626,49.775646],[15.726363,49.775578],[15.726464,49.775523],[15.726578,49.77554],[15.727258,49.775592],[15.727252,49.775631],[15.727219,49.775886],[15.72677,49.776177],[15.726095,49.775755]]]},"properties":{"fid_zbg":"476936346","typzast_p":"vodojem zemní","in_osm":false,"proposed:man_made":"reservoir_covered"}},{"type":"Feature","geometry":{"type":"Polygon","coordinates":[[[15.732547,49.206612],[15.732589,49.20664],[15.732625,49.206687],[15.732656,49.206787],[15.73266,49.206834],[15.732676,49.206948],[15.732408,49.206969],[15.732314,49.206766],[15.732296,49.206607],[15.732547,49.206612]]]},"properties":{"fid_zbg":"480208099","typzast_p":"vodojem zemní","in_osm":false,"proposed:man_made":"reservoir_covered"}},{"type":"Feature","geometry":{"type":"Polygon","coordinates":[[[15.598022,49.591321],[15.598184,49.591206],[15.598319,49.591268],[15.598317,49.59131],[15.598184,49.591413],[15.598022,49.591321]]]},"properties":{"fid_zbg":"8393313421885440","typzast_p":"vodojem zemní","osm_dist_m":10,"in_osm":true,"proposed:man_made":"reservoir_covered"}},{"type":"Feature","geometry":{"type":"Polygon","coordinates":[[[15.579274,49.577695],[15.578989,49.577745],[15.578622,49.577732],[15.578748,49.577215],[15.578881,49.577224],[15.579343,49.577259],[15.57933,49.577342],[15.579323,49.577375],[15.579312,49.577432],[15.579274,49.577695]]]},"properties":{"fid_zbg":"474820203","typzast_p":"vodojem zemní","osm_dist_m":27,"in_osm":true,"proposed:man_made":"reservoir_covered"}},{"type":"Feature","geometry":{"type":"Polygon","coordinates":[[[15.716085,49.43821],[15.715686,49.438186],[15.715715,49.438012],[15.71612,49.438041],[15.716085,49.43821]]]},"properties":{"fid_zbg":"474209375","typzast_p":"vodojem zemní","in_osm":false,"proposed:man_made":"reservoir_covered"}},{"type":"Feature","geometry":{"type":"Polygon","coordinates":[[[15.967795,49.327275],[15.968116,49.327412],[15.968362,49.327507],[15.968336,49.327604],[15.968264,49.327869],[15.968187,49.327945],[15.9678,49.327932],[15.967722,49.327844],[15.967795,49.327275]]]},"properties":{"fid_zbg":"476930330","typzast_p":"vodojem zemní","in_osm":false,"proposed:man_made":"reservoir_covered"}},{"type":"Feature","geometry":{"type":"Polygon","coordinates":[[[15.978344,49.648048],[15.978454,49.648284],[15.978326,49.648312],[15.978119,49.648357],[15.977999,49.648112],[15.978092,49.648095],[15.978247,49.648065],[15.978344,49.648048]]]},"properties":{"fid_zbg":"474090421","typzast_p":"vodojem zemní","in_osm":false,"proposed:man_made":"reservoir_covered"}},{"type":"Feature","geometry":{"type":"Polygon","coordinates":[[[15.720204,49.351],[15.72026,49.350805],[15.720514,49.350829],[15.720461,49.351073],[15.720204,49.351]]]},"properties":{"fid_zbg":"472268200","typzast_p":"vodojem zemní","in_osm":false,"proposed:man_made":"reservoir_covered"}},{"type":"Feature","geometry":{"type":"Polygon","coordinates":[[[15.741279,49.441882],[15.740646,49.441764],[15.740573,49.441608],[15.740608,49.441554],[15.741132,49.441601],[15.741117,49.441686],[15.741287,49.441743],[15.741279,49.441882]]]},"properties":{"fid_zbg":"474208219","typzast_p":"vodojem zemní","in_osm":false,"proposed:man_made":"reservoir_covered"}},{"type":"Feature","geometry":{"type":"Polygon","coordinates":[[[15.495456,49.232532],[15.49546,49.232585],[15.495474,49.232742],[15.495256,49.232761],[15.495213,49.23272],[15.49518,49.232574],[15.495215,49.232545],[15.495239,49.232543],[15.495456,49.232532]]]},"properties":{"fid_zbg":"471872239","typzast_p":"vodojem zemní","in_osm":false,"proposed:man_made":"reservoir_covered"}},{"type":"Feature","geometry":{"type":"Polygon","coordinates":[[[15.639163,49.358691],[15.639024,49.358881],[15.638667,49.358748],[15.638786,49.358646],[15.638912,49.358607],[15.639163,49.358691]]]},"properties":{"fid_zbg":"472272092","typzast_p":"vodojem zemní","in_osm":false,"proposed:man_made":"reservoir_covered"}},{"type":"Feature","geometry":{"type":"Polygon","coordinates":[[[15.889902,49.22987],[15.890364,49.229754],[15.890548,49.230121],[15.890159,49.230198],[15.889902,49.22987]]]},"properties":{"fid_zbg":"480118296","typzast_p":"vodojem zemní","in_osm":false,"proposed:man_made":"reservoir_covered"}},{"type":"Feature","geometry":{"type":"Polygon","coordinates":[[[15.493339,49.333601],[15.493376,49.333659],[15.493465,49.333766],[15.493196,49.333837],[15.493092,49.333724],[15.493339,49.333601]]]},"properties":{"fid_zbg":"471870790","typzast_p":"vodojem zemní","in_osm":false,"proposed:man_made":"reservoir_covered"}},{"type":"Feature","geometry":{"type":"Polygon","coordinates":[[[15.895051,49.735577],[15.894518,49.735804],[15.894064,49.735361],[15.8946,49.735134],[15.895051,49.735577]]]},"properties":{"fid_zbg":"476935662","typzast_p":"vodojem zemní","osm_dist_m":6,"in_osm":true,"proposed:man_made":"reservoir_covered"}},{"type":"Feature","geometry":{"type":"Polygon","coordinates":[[[16.141389,49.499839],[16.141607,49.500029],[16.141213,49.500228],[16.14109,49.500114],[16.1411,49.500026],[16.141174,49.499942],[16.141389,49.499839]]]},"properties":{"fid_zbg":"477953775","typzast_p":"vodojem zemní","in_osm":false,"proposed:man_made":"reservoir_covered"}},{"type":"Feature","geometry":{"type":"Polygon","coordinates":[[[16.044828,49.555245],[16.045074,49.555128],[16.045298,49.555323],[16.04505,49.555439],[16.044828,49.555245]]]},"properties":{"fid_zbg":"472945966","typzast_p":"vodojem zemní","in_osm":false,"proposed:man_made":"reservoir_covered"}},{"type":"Feature","geometry":{"type":"Polygon","coordinates":[[[15.683208,49.762464],[15.682698,49.762197],[15.683325,49.761712],[15.683823,49.761934],[15.683416,49.762538],[15.683208,49.762464]]]},"properties":{"fid_zbg":"476935700","typzast_p":"vodojem zemní","in_osm":false,"proposed:man_made":"reservoir_covered"}},{"type":"Feature","geometry":{"type":"Polygon","coordinates":[[[16.142443,49.654851],[16.142442,49.654591],[16.142717,49.654587],[16.142722,49.654849],[16.142443,49.654851]]]},"properties":{"fid_zbg":"456065771","typzast_p":"vodojem zemní","osm_dist_m":3,"in_osm":true,"proposed:man_made":"reservoir_covered"}},{"type":"Feature","geometry":{"type":"Polygon","coordinates":[[[15.756224,49.737103],[15.756363,49.737102],[15.756599,49.737193],[15.756396,49.737398],[15.756136,49.737295],[15.756183,49.737252],[15.756208,49.737223],[15.756233,49.737194],[15.756252,49.73716],[15.756253,49.737138],[15.756243,49.737122],[15.756224,49.737103]]]},"properties":{"fid_zbg":"476936618","typzast_p":"vodojem zemní","osm_dist_m":1328,"in_osm":false,"proposed:man_made":"reservoir_covered"}},{"type":"Feature","geometry":{"type":"Polygon","coordinates":[[[16.182513,49.411017],[16.182525,49.410776],[16.182812,49.410786],[16.182793,49.410972],[16.182513,49.411017]]]},"properties":{"fid_zbg":"480447752","typzast_p":"vodojem zemní","in_osm":false,"proposed:man_made":"reservoir_covered"}},{"type":"Feature","geometry":{"type":"Polygon","coordinates":[[[15.961824,49.581236],[15.961972,49.581184],[15.96219,49.581106],[15.962236,49.58116],[15.962305,49.581242],[15.962393,49.581343],[15.962267,49.581385],[15.962229,49.581403],[15.962125,49.58144],[15.962029,49.581472],[15.961824,49.581236]]]},"properties":{"fid_zbg":"474082112","typzast_p":"vodojem zemní","in_osm":false,"proposed:man_made":"reservoir_covered"}},{"type":"Feature","geometry":{"type":"Polygon","coordinates":[[[15.50725,49.25977],[15.506933,49.259681],[15.507166,49.259458],[15.507327,49.259482],[15.507563,49.259548],[15.50725,49.25977]]]},"properties":{"fid_zbg":"477508442","typzast_p":"vodojem zemní","in_osm":false,"proposed:man_made":"reservoir_covered"}},{"type":"Feature","geometry":{"type":"Polygon","coordinates":[[[16.186988,49.585727],[16.186629,49.58572],[16.186626,49.585602],[16.186623,49.585476],[16.186933,49.585439],[16.186988,49.585727]]]},"properties":{"fid_zbg":"456064947","typzast_p":"vodojem zemní","in_osm":false,"proposed:man_made":"reservoir_covered"}},{"type":"Feature","geometry":{"type":"Polygon","coordinates":[[[15.983442,49.219111],[15.983173,49.219248],[15.982963,49.219083],[15.983244,49.218932],[15.983442,49.219111]]]},"properties":{"fid_zbg":"480118771","typzast_p":"vodojem zemní","osm_dist_m":1677,"in_osm":false,"proposed:man_made":"reservoir_covered"}},{"type":"Feature","geometry":{"type":"Polygon","coordinates":[[[16.006372,49.34802],[16.006666,49.347941],[16.006802,49.348192],[16.006046,49.348363],[16.005926,49.348131],[16.006372,49.34802]]]},"properties":{"fid_zbg":"477769372","typzast_p":"vodojem zemní","in_osm":false,"proposed:man_made":"reservoir_covered"}},{"type":"Feature","geometry":{"type":"Polygon","coordinates":[[[15.43062,49.24054],[15.430782,49.240445],[15.430936,49.240555],[15.430771,49.240658],[15.43062,49.24054]]]},"properties":{"fid_zbg":"471875307","typzast_p":"vodojem zemní","in_osm":false,"proposed:man_made":"reservoir_covered"}},{"type":"Feature","geometry":{"type":"Polygon","coordinates":[[[15.738708,49.527239],[15.738742,49.527056],[15.739059,49.527065],[15.739057,49.527264],[15.738708,49.527239]]]},"properties":{"fid_zbg":"485954185","typzast_p":"vodojem zemní","in_osm":false,"proposed:man_made":"reservoir_covered"}},{"type":"Feature","geometry":{"type":"Polygon","coordinates":[[[15.661628,49.739537],[15.661589,49.73953],[15.661705,49.739196],[15.661904,49.739221],[15.661982,49.739321],[15.661911,49.739524],[15.661798,49.739561],[15.661628,49.739537]]]},"properties":{"fid_zbg":"474722506","typzast_p":"vodojem zemní","osm_dist_m":2050,"in_osm":false,"proposed:man_made":"reservoir_covered"}},{"type":"Feature","geometry":{"type":"Polygon","coordinates":[[[15.720077,49.750442],[15.720194,49.750305],[15.720442,49.750392],[15.720325,49.750526],[15.720077,49.750442]]]},"properties":{"fid_zbg":"476936554","typzast_p":"vodojem zemní","in_osm":false,"proposed:man_made":"reservoir_covered"}},{"type":"Feature","geometry":{"type":"Polygon","coordinates":[[[15.670394,49.771717],[15.670351,49.771741],[15.670172,49.771604],[15.670293,49.771537],[15.670384,49.771487],[15.670564,49.771624],[15.670394,49.771717]]]},"properties":{"fid_zbg":"476935710","typzast_p":"vodojem zemní","in_osm":false,"proposed:man_made":"reservoir_covered"}},{"type":"Feature","geometry":{"type":"Polygon","coordinates":[[[16.018789,49.389573],[16.018698,49.389398],[16.019042,49.389321],[16.019106,49.389452],[16.01915,49.389542],[16.018813,49.389618],[16.018789,49.389573]]]},"properties":{"fid_zbg":"478620464","typzast_p":"vodojem zemní","osm_dist_m":170,"in_osm":false,"proposed:man_made":"reservoir_covered"}},{"type":"Feature","geometry":{"type":"Polygon","coordinates":[[[15.461425,49.605415],[15.46123,49.605389],[15.461274,49.605242],[15.461408,49.605257],[15.461415,49.605237],[15.461459,49.605242],[15.461438,49.605323],[15.461448,49.605324],[15.461425,49.605415]]]},"properties":{"fid_zbg":"474819597","typzast_p":"vodojem zemní","in_osm":false,"proposed:man_made":"reservoir_covered"}},{"type":"Feature","geometry":{"type":"Polygon","coordinates":[[[15.434275,49.643488],[15.434442,49.643408],[15.434556,49.643409],[15.434614,49.64344],[15.434629,49.643484],[15.434619,49.643523],[15.434444,49.64362],[15.434275,49.643488]]]},"properties":{"fid_zbg":"13195584001277952","typzast_p":"vodojem zemní","osm_dist_m":2,"in_osm":true,"proposed:man_made":"reservoir_covered"}},{"type":"Feature","geometry":{"type":"Polygon","coordinates":[[[16.119807,49.796235],[16.119295,49.796097],[16.119481,49.795762],[16.119907,49.795863],[16.119964,49.795878],[16.119807,49.796235]]]},"properties":{"fid_zbg":"8244508508553216","typzast_p":"vodojem zemní","in_osm":false,"proposed:man_made":"reservoir_covered"}},{"type":"Feature","geometry":{"type":"Polygon","coordinates":[[[15.527146,49.372784],[15.526796,49.37299],[15.526289,49.372697],[15.526337,49.372666],[15.526756,49.37248],[15.527146,49.372784]]]},"properties":{"fid_zbg":"473760577","typzast_p":"vodojem zemní","osm_dist_m":2045,"in_osm":false,"proposed:man_made":"reservoir_covered"}},{"type":"Feature","geometry":{"type":"Polygon","coordinates":[[[15.536716,49.402327],[15.536638,49.402135],[15.53695,49.402077],[15.537003,49.402303],[15.536716,49.402327]]]},"properties":{"fid_zbg":"476855803","typzast_p":"vodojem zemní","in_osm":false,"proposed:man_made":"reservoir_covered"}},{"type":"Feature","geometry":{"type":"Polygon","coordinates":[[[16.079102,49.573878],[16.079145,49.57369],[16.07928,49.573473],[16.079599,49.57359],[16.07947,49.573907],[16.079118,49.573889],[16.079102,49.573878]]]},"properties":{"fid_zbg":"474075352","typzast_p":"vodojem zemní","in_osm":false,"proposed:man_made":"reservoir_covered"}},{"type":"Feature","geometry":{"type":"Polygon","coordinates":[[[16.083571,49.579122],[16.083593,49.579031],[16.083638,49.57885],[16.084027,49.57892],[16.08395,49.579164],[16.083571,49.579122]]]},"properties":{"fid_zbg":"474075006","typzast_p":"vodojem zemní","osm_dist_m":2167,"in_osm":false,"proposed:man_made":"reservoir_covered"}},{"type":"Feature","geometry":{"type":"Polygon","coordinates":[[[15.537746,49.349672],[15.53764,49.349556],[15.537811,49.349486],[15.537908,49.349599],[15.537746,49.349672]]]},"properties":{"fid_zbg":"471876683","typzast_p":"vodojem zemní","osm_dist_m":1357,"in_osm":false,"proposed:man_made":"reservoir_covered"}},{"type":"Feature","geometry":{"type":"Polygon","coordinates":[[[15.694204,49.450737],[15.694192,49.450635],[15.694184,49.45058],[15.694477,49.450463],[15.694556,49.450593],[15.694204,49.450737]]]},"properties":{"fid_zbg":"474217039","typzast_p":"vodojem zemní","in_osm":false,"proposed:man_made":"reservoir_covered"}},{"type":"Feature","geometry":{"type":"Polygon","coordinates":[[[15.544201,49.71115],[15.544337,49.710891],[15.544422,49.710886],[15.544646,49.710878],[15.54469,49.710864],[15.544735,49.710826],[15.544734,49.710795],[15.544726,49.710603],[15.544759,49.710354],[15.544749,49.710339],[15.544563,49.710289],[15.544501,49.710267],[15.54445,49.710237],[15.544397,49.710187],[15.545435,49.709003],[15.545771,49.708669],[15.54669,49.708955],[15.545368,49.711438],[15.544201,49.71115]]]},"properties":{"fid_zbg":"474727448","typzast_p":"vodojem zemní","in_osm":false,"proposed:man_made":"reservoir_covered"}},{"type":"Feature","geometry":{"type":"Polygon","coordinates":[[[15.845575,49.464156],[15.845342,49.464059],[15.84551,49.463886],[15.845742,49.463981],[15.845678,49.464048],[15.845575,49.464156]]]},"properties":{"fid_zbg":"485948412","typzast_p":"vodojem zemní","osm_dist_m":1574,"in_osm":false,"proposed:man_made":"reservoir_covered"}},{"type":"Feature","geometry":{"type":"Polygon","coordinates":[[[15.465975,49.692257],[15.465625,49.692296],[15.465576,49.692115],[15.465927,49.692083],[15.465975,49.692257]]]},"properties":{"fid_zbg":"474836183","typzast_p":"vodojem zemní","in_osm":false,"proposed:man_made":"reservoir_covered"}},{"type":"Feature","geometry":{"type":"Polygon","coordinates":[[[16.093299,49.521117],[16.093774,49.520945],[16.093913,49.521122],[16.093443,49.521289],[16.093299,49.521117]]]},"properties":{"fid_zbg":"477576357","typzast_p":"vodojem zemní","in_osm":false,"proposed:man_made":"reservoir_covered"}},{"type":"Feature","geometry":{"type":"Polygon","coordinates":[[[15.772837,49.315958],[15.772449,49.316029],[15.772244,49.315564],[15.772649,49.315487],[15.772837,49.315958]]]},"properties":{"fid_zbg":"480204993","typzast_p":"vodojem zemní","in_osm":false,"proposed:man_made":"reservoir_covered"}},{"type":"Feature","geometry":{"type":"Polygon","coordinates":[[[15.722833,49.592499],[15.722919,49.592645],[15.722758,49.592712],[15.722676,49.592735],[15.722603,49.592723],[15.722564,49.592707],[15.722536,49.592682],[15.722535,49.592648],[15.722573,49.5926],[15.722803,49.592511],[15.722833,49.592499]]]},"properties":{"fid_zbg":"474080980","typzast_p":"vodojem zemní","in_osm":false,"proposed:man_made":"reservoir_covered"}},{"type":"Feature","geometry":{"type":"Polygon","coordinates":[[[15.715493,49.374203],[15.715327,49.373754],[15.715814,49.373695],[15.715893,49.373927],[15.715562,49.374194],[15.715493,49.374203]]]},"properties":{"fid_zbg":"474208815","typzast_p":"vodojem zemní","osm_dist_m":530,"in_osm":false,"proposed:man_made":"reservoir_covered"}},{"type":"Feature","geometry":{"type":"Polygon","coordinates":[[[15.500223,49.292521],[15.499717,49.292753],[15.499365,49.292459],[15.499465,49.292422],[15.499567,49.292368],[15.499664,49.292327],[15.499802,49.292268],[15.499941,49.292257],[15.500223,49.292521]]]},"properties":{"fid_zbg":"477509704","typzast_p":"vodojem zemní","in_osm":false,"proposed:man_made":"reservoir_covered"}},{"type":"Feature","geometry":{"type":"Polygon","coordinates":[[[15.965198,49.532267],[15.965334,49.532102],[15.965535,49.532151],[15.965396,49.532317],[15.965198,49.532267]]]},"properties":{"fid_zbg":"479026784","typzast_p":"vodojem zemní","osm_dist_m":4,"in_osm":true,"proposed:man_made":"reservoir_covered"}},{"type":"Feature","geometry":{"type":"Polygon","coordinates":[[[15.802137,49.283782],[15.802253,49.283756],[15.80257,49.283996],[15.802264,49.28411],[15.802145,49.284112],[15.801901,49.284124],[15.80178,49.283996],[15.801824,49.283853],[15.802137,49.283782]]]},"properties":{"fid_zbg":"480445459","typzast_p":"vodojem zemní","in_osm":false,"proposed:man_made":"reservoir_covered"}},{"type":"Feature","geometry":{"type":"Polygon","coordinates":[[[15.772961,49.611443],[15.773229,49.611302],[15.773383,49.611427],[15.773125,49.611561],[15.772961,49.611443]]]},"properties":{"fid_zbg":"474081464","typzast_p":"vodojem zemní","in_osm":false,"proposed:man_made":"reservoir_covered"}},{"type":"Feature","geometry":{"type":"Polygon","coordinates":[[[16.154646,49.753005],[16.15456,49.752935],[16.154516,49.752902],[16.154405,49.752828],[16.154424,49.75281],[16.154473,49.752762],[16.154515,49.752725],[16.154651,49.752613],[16.154683,49.752588],[16.154803,49.752592],[16.154875,49.752625],[16.154916,49.752702],[16.154646,49.753005]]]},"properties":{"fid_zbg":"8244522030989312","typzast_p":"vodojem zemní","osm_dist_m":1026,"in_osm":false,"proposed:man_made":"reservoir_covered"}},{"type":"Feature","geometry":{"type":"Polygon","coordinates":[[[15.702021,49.768516],[15.70225,49.768529],[15.702686,49.768514],[15.702813,49.768808],[15.702877,49.768958],[15.701732,49.769376],[15.701565,49.769076],[15.702024,49.768838],[15.702021,49.768516]]]},"properties":{"fid_zbg":"476935272","typzast_p":"vodojem zemní","in_osm":false,"proposed:man_made":"reservoir_covered"}},{"type":"Feature","geometry":{"type":"Polygon","coordinates":[[[15.586975,49.428948],[15.587096,49.428945],[15.587117,49.429265],[15.586691,49.429273],[15.586669,49.428933],[15.58677,49.428952],[15.58685,49.428957],[15.586975,49.428948]]]},"properties":{"fid_zbg":"473760595","typzast_p":"vodojem zemní","in_osm":false,"proposed:man_made":"reservoir_covered"}},{"type":"Feature","geometry":{"type":"Polygon","coordinates":[[[15.94895,49.393945],[15.948634,49.394002],[15.948554,49.393793],[15.948876,49.393735],[15.94895,49.393945]]]},"properties":{"fid_zbg":"479081147","typzast_p":"vodojem zemní","in_osm":false,"proposed:man_made":"reservoir_covered"}},{"type":"Feature","geometry":{"type":"Polygon","coordinates":[[[15.697211,49.517914],[15.697431,49.517868],[15.697532,49.518041],[15.697365,49.518085],[15.697167,49.518138],[15.696991,49.51796],[15.697211,49.517914]]]},"properties":{"fid_zbg":"474217619","typzast_p":"vodojem zemní","in_osm":false,"proposed:man_made":"reservoir_covered"}},{"type":"Feature","geometry":{"type":"Polygon","coordinates":[[[15.450318,49.462323],[15.45023,49.462376],[15.450137,49.46232],[15.450213,49.462264],[15.450318,49.462323]]]},"properties":{"fid_zbg":"476853525","typzast_p":"vodojem zemní","in_osm":false,"proposed:man_made":"reservoir_covered"}},{"type":"Feature","geometry":{"type":"Polygon","coordinates":[[[15.784538,49.74399],[15.784361,49.744146],[15.784249,49.74409],[15.784409,49.74395],[15.784538,49.74399]]]},"properties":{"fid_zbg":"8487341832273920","typzast_p":"vodojem zemní","osm_dist_m":2,"in_osm":true,"proposed:man_made":"reservoir_covered"}},{"type":"Feature","geometry":{"type":"Polygon","coordinates":[[[15.685961,49.772531],[15.686159,49.772602],[15.686092,49.772683],[15.685898,49.772626],[15.685914,49.772592],[15.685961,49.772531]]]},"properties":{"fid_zbg":"476935952","typzast_p":"vodojem zemní","in_osm":false,"proposed:man_made":"reservoir_covered"}},{"type":"Feature","geometry":{"type":"Polygon","coordinates":[[[15.947956,49.3348],[15.948052,49.334815],[15.948133,49.334884],[15.947985,49.334993],[15.947808,49.334946],[15.947821,49.334854],[15.947911,49.334773],[15.947934,49.334786],[15.947956,49.3348]]]},"properties":{"fid_zbg":"479118942","typzast_p":"vodojem zemní","in_osm":false,"proposed:man_made":"reservoir_covered"}},{"type":"Feature","geometry":{"type":"Polygon","coordinates":[[[15.815292,49.498414],[15.815466,49.49852],[15.815482,49.498548],[15.815475,49.498575],[15.815456,49.498592],[15.815371,49.49864],[15.815332,49.498655],[15.815254,49.498647],[15.815085,49.498551],[15.815292,49.498414]]]},"properties":{"fid_zbg":"485949682","typzast_p":"vodojem zemní","in_osm":false,"proposed:man_made":"reservoir_covered"}},{"type":"Feature","geometry":{"type":"Polygon","coordinates":[[[15.441436,49.255996],[15.441325,49.255947],[15.441453,49.255839],[15.441558,49.255895],[15.441436,49.255996]]]},"properties":{"fid_zbg":"471875317","typzast_p":"vodojem zemní","in_osm":false,"proposed:man_made":"reservoir_covered"}},{"type":"Feature","geometry":{"type":"Polygon","coordinates":[[[15.649409,49.508217],[15.649193,49.508253],[15.649116,49.508217],[15.649028,49.50799],[15.6493,49.507949],[15.649409,49.508217]]]},"properties":{"fid_zbg":"445286808","typzast_p":"vodojem zemní","osm_dist_m":14,"in_osm":true,"proposed:man_made":"reservoir_covered"}},{"type":"Feature","geometry":{"type":"Polygon","coordinates":[[[15.854522,49.690654],[15.854664,49.690584],[15.854623,49.690541],[15.854707,49.69051],[15.854855,49.690455],[15.855017,49.690411],[15.85514,49.690625],[15.854652,49.690778],[15.854605,49.690733],[15.854555,49.690686],[15.854522,49.690654]]]},"properties":{"fid_zbg":"468103850","typzast_p":"vodojem zemní","in_osm":false,"proposed:man_made":"reservoir_covered"}},{"type":"Feature","geometry":{"type":"Polygon","coordinates":[[[15.525465,49.373714],[15.52563,49.373594],[15.525659,49.373575],[15.525851,49.373679],[15.525656,49.373815],[15.525465,49.373714]]]},"properties":{"fid_zbg":"473758791","typzast_p":"vodojem zemní","osm_dist_m":1994,"in_osm":false,"proposed:man_made":"reservoir_covered"}},{"type":"Feature","geometry":{"type":"Polygon","coordinates":[[[15.454364,49.463653],[15.454489,49.463711],[15.454315,49.46387],[15.454082,49.46376],[15.454255,49.463608],[15.454364,49.463653]]]},"properties":{"fid_zbg":"476853473","typzast_p":"vodojem zemní","in_osm":false,"proposed:man_made":"reservoir_covered"}},{"type":"Feature","geometry":{"type":"Polygon","coordinates":[[[15.749374,49.715117],[15.749326,49.715107],[15.748586,49.714957],[15.748646,49.714845],[15.748801,49.714536],[15.74927,49.714606],[15.74934,49.714614],[15.749427,49.714613],[15.749472,49.714606],[15.749489,49.7146],[15.749496,49.714592],[15.749606,49.714606],[15.749573,49.714809],[15.749542,49.715038],[15.749535,49.715067],[15.749374,49.715117]]]},"properties":{"fid_zbg":"476939524","typzast_p":"vodojem zemní","in_osm":false,"proposed:man_made":"reservoir_covered"}},{"type":"Feature","geometry":{"type":"Polygon","coordinates":[[[15.69514,49.68214],[15.695328,49.682274],[15.695492,49.682391],[15.69524,49.682532],[15.694905,49.682294],[15.69514,49.68214]]]},"properties":{"fid_zbg":"474089473","typzast_p":"vodojem zemní","in_osm":false,"proposed:man_made":"reservoir_covered"}},{"type":"Feature","geometry":{"type":"Polygon","coordinates":[[[15.686897,49.453931],[15.687313,49.453869],[15.687488,49.454171],[15.687116,49.454252],[15.686894,49.454084],[15.686897,49.453931]]]},"properties":{"fid_zbg":"474216351","typzast_p":"vodojem zemní","in_osm":false,"proposed:man_made":"reservoir_covered"}},{"type":"Feature","geometry":{"type":"Polygon","coordinates":[[[15.683917,49.380038],[15.684017,49.379988],[15.684354,49.379856],[15.684616,49.380095],[15.684191,49.380261],[15.683917,49.380038]]]},"properties":{"fid_zbg":"474211987","typzast_p":"vodojem zemní","in_osm":false,"proposed:man_made":"reservoir_covered"}},{"type":"Feature","geometry":{"type":"Polygon","coordinates":[[[15.872276,49.651326],[15.872175,49.651067],[15.872584,49.650997],[15.872671,49.651259],[15.872276,49.651326]]]},"properties":{"fid_zbg":"476952358","typzast_p":"vodojem zemní","in_osm":false,"proposed:man_made":"reservoir_covered"}},{"type":"Feature","geometry":{"type":"Polygon","coordinates":[[[16.198069,49.445248],[16.19825,49.445341],[16.198003,49.445513],[16.197823,49.445407],[16.198069,49.445248]]]},"properties":{"fid_zbg":"480452252","typzast_p":"vodojem zemní","in_osm":false,"proposed:man_made":"reservoir_covered"}},{"type":"Feature","geometry":{"type":"Polygon","coordinates":[[[16.198027,49.534469],[16.197994,49.53472],[16.197649,49.534702],[16.197682,49.534447],[16.198027,49.534469]]]},"properties":{"fid_zbg":"477953629","typzast_p":"vodojem zemní","osm_dist_m":860,"in_osm":false,"proposed:man_made":"reservoir_covered"}},{"type":"Feature","geometry":{"type":"Polygon","coordinates":[[[15.827435,49.787465],[15.827353,49.787909],[15.827011,49.78791],[15.826905,49.78791],[15.826998,49.787418],[15.827435,49.787465]]]},"properties":{"fid_zbg":"476939258","typzast_p":"vodojem zemní","osm_dist_m":11,"in_osm":true,"proposed:man_made":"reservoir_covered"}},{"type":"Feature","geometry":{"type":"Polygon","coordinates":[[[15.636483,49.610953],[15.636703,49.610753],[15.63714,49.610914],[15.637153,49.610969],[15.637112,49.611044],[15.637089,49.611108],[15.637104,49.611139],[15.636483,49.610953]]]},"properties":{"fid_zbg":"474820455","typzast_p":"vodojem zemní","in_osm":false,"proposed:man_made":"reservoir_covered"}},{"type":"Feature","geometry":{"type":"Polygon","coordinates":[[[15.444989,49.525922],[15.445034,49.525824],[15.445095,49.525675],[15.445128,49.525656],[15.44538,49.52576],[15.445432,49.525956],[15.445431,49.526073],[15.445279,49.52612],[15.445219,49.526114],[15.445095,49.526059],[15.444989,49.525922]]]},"properties":{"fid_zbg":"473760323","typzast_p":"vodojem zemní","in_osm":false,"proposed:man_made":"reservoir_covered"}},{"type":"Feature","geometry":{"type":"Polygon","coordinates":[[[15.68177,49.639338],[15.681927,49.639205],[15.682172,49.639253],[15.682264,49.639371],[15.681994,49.639474],[15.68177,49.639338]]]},"properties":{"fid_zbg":"474089041","typzast_p":"vodojem zemní","osm_dist_m":3,"in_osm":true,"proposed:man_made":"reservoir_covered"}},{"type":"Feature","geometry":{"type":"Polygon","coordinates":[[[15.999043,49.453788],[15.999064,49.453653],[15.999463,49.453674],[15.999445,49.453809],[15.999043,49.453788]]]},"properties":{"fid_zbg":"478858636","typzast_p":"vodojem zemní","in_osm":false,"proposed:man_made":"reservoir_covered"}},{"type":"Feature","geometry":{"type":"Polygon","coordinates":[[[15.852006,49.209191],[15.852273,49.209201],[15.852253,49.209432],[15.852148,49.209427],[15.852108,49.209414],[15.852007,49.20934],[15.852006,49.209191]]]},"properties":{"fid_zbg":"480935849","typzast_p":"vodojem zemní","in_osm":false,"proposed:man_made":"reservoir_covered"}},{"type":"Feature","geometry":{"type":"Polygon","coordinates":[[[15.560787,49.408483],[15.561432,49.408338],[15.561555,49.408566],[15.560934,49.408728],[15.560787,49.408483]]]},"properties":{"fid_zbg":"476854415","typzast_p":"vodojem zemní","in_osm":false,"proposed:man_made":"reservoir_covered"}},{"type":"Feature","geometry":{"type":"Polygon","coordinates":[[[16.097651,49.750269],[16.097327,49.750115],[16.097776,49.749794],[16.098059,49.749913],[16.097651,49.750269]]]},"properties":{"fid_zbg":"8243990361014272","typzast_p":"vodojem zemní","osm_dist_m":4,"in_osm":true,"proposed:man_made":"reservoir_covered"}},{"type":"Feature","geometry":{"type":"Polygon","coordinates":[[[15.672645,49.300598],[15.672719,49.300786],[15.672233,49.300878],[15.672146,49.300701],[15.672492,49.300631],[15.672645,49.300598]]]},"properties":{"fid_zbg":"474232556","typzast_p":"vodojem zemní","osm_dist_m":1594,"in_osm":false,"proposed:man_made":"reservoir_covered"}},{"type":"Feature","geometry":{"type":"Polygon","coordinates":[[[15.669888,49.312287],[15.669944,49.312216],[15.6702,49.312299],[15.670035,49.312517],[15.669777,49.312429],[15.669888,49.312287]]]},"properties":{"fid_zbg":"474230496","typzast_p":"vodojem zemní","osm_dist_m":301,"in_osm":false,"proposed:man_made":"reservoir_covered"}},{"type":"Feature","geometry":{"type":"Polygon","coordinates":[[[15.562329,49.233165],[15.562249,49.233351],[15.561983,49.233301],[15.562061,49.233115],[15.562329,49.233165]]]},"properties":{"fid_zbg":"477507216","typzast_p":"vodojem zemní","in_osm":false,"proposed:man_made":"reservoir_covered"}},{"type":"Feature","geometry":{"type":"Polygon","coordinates":[[[15.787101,49.392164],[15.787203,49.392331],[15.786957,49.392396],[15.786848,49.392229],[15.787101,49.392164]]]},"properties":{"fid_zbg":"485948480","typzast_p":"vodojem zemní","in_osm":false,"proposed:man_made":"reservoir_covered"}},{"type":"Feature","geometry":{"type":"Polygon","coordinates":[[[16.005312,49.475245],[16.005092,49.475016],[16.005119,49.475006],[16.005043,49.474929],[16.005285,49.474837],[16.005586,49.475132],[16.005312,49.475245]]]},"properties":{"fid_zbg":"478858843","typzast_p":"vodojem zemní","in_osm":false,"proposed:man_made":"reservoir_covered"}},{"type":"Feature","geometry":{"type":"Polygon","coordinates":[[[15.566081,49.294377],[15.566086,49.294217],[15.566346,49.294223],[15.566329,49.294391],[15.566081,49.294377]]]},"properties":{"fid_zbg":"481136481","typzast_p":"vodojem zemní","in_osm":false,"proposed:man_made":"reservoir_covered"}},{"type":"Feature","geometry":{"type":"Polygon","coordinates":[[[15.639274,49.395906],[15.639259,49.395966],[15.639255,49.396014],[15.639032,49.39605],[15.638997,49.39595],[15.639274,49.395906]]]},"properties":{"fid_zbg":"473762117","typzast_p":"vodojem zemní","in_osm":false,"proposed:man_made":"reservoir_covered"}},{"type":"Feature","geometry":{"type":"Polygon","coordinates":[[[15.430573,49.677215],[15.430357,49.677126],[15.430629,49.676861],[15.430856,49.676961],[15.430573,49.677215]]]},"properties":{"fid_zbg":"474819601","typzast_p":"vodojem zemní","in_osm":false,"proposed:man_made":"reservoir_covered"}},{"type":"Feature","geometry":{"type":"Polygon","coordinates":[[[15.716008,49.752978],[15.71599,49.753128],[15.715773,49.753115],[15.715817,49.752937],[15.715856,49.752948],[15.715991,49.752974],[15.716008,49.752978]]]},"properties":{"fid_zbg":"476936622","typzast_p":"vodojem zemní","in_osm":false,"proposed:man_made":"reservoir_covered"}},{"type":"Feature","geometry":{"type":"Polygon","coordinates":[[[15.910844,49.403026],[15.910644,49.403139],[15.910498,49.40302],[15.910692,49.402909],[15.910844,49.403026]]]},"properties":{"fid_zbg":"485948912","typzast_p":"vodojem zemní","in_osm":false,"proposed:man_made":"reservoir_covered"}},{"type":"Feature","geometry":{"type":"Polygon","coordinates":[[[16.146522,49.411849],[16.146263,49.411807],[16.146261,49.411696],[16.146531,49.411692],[16.146522,49.411849]]]},"properties":{"fid_zbg":"480450291","typzast_p":"vodojem zemní","in_osm":false,"proposed:man_made":"reservoir_covered"}},{"type":"Feature","geometry":{"type":"Polygon","coordinates":[[[15.527377,49.495564],[15.527398,49.495378],[15.527668,49.495396],[15.527638,49.495584],[15.527377,49.495564]]]},"properties":{"fid_zbg":"473760801","typzast_p":"vodojem zemní","in_osm":false,"proposed:man_made":"reservoir_covered"}},{"type":"Feature","geometry":{"type":"Polygon","coordinates":[[[15.519063,49.212262],[15.519234,49.212224],[15.519306,49.212359],[15.519141,49.212398],[15.519063,49.212262]]]},"properties":{"fid_zbg":"472428510","typzast_p":"vodojem zemní","in_osm":false,"proposed:man_made":"reservoir_covered"}},{"type":"Feature","geometry":{"type":"Polygon","coordinates":[[[15.424878,49.382732],[15.425134,49.382638],[15.425231,49.382747],[15.424974,49.382839],[15.424878,49.382732]]]},"properties":{"fid_zbg":"473758703","typzast_p":"vodojem zemní","in_osm":false,"proposed:man_made":"reservoir_covered"}},{"type":"Feature","geometry":{"type":"Polygon","coordinates":[[[15.439855,49.343815],[15.440671,49.343795],[15.440702,49.344129],[15.440288,49.344146],[15.439886,49.344157],[15.439855,49.343815]]]},"properties":{"fid_zbg":"471869804","typzast_p":"vodojem zemní","in_osm":false,"proposed:man_made":"reservoir_covered"}},{"type":"Feature","geometry":{"type":"Polygon","coordinates":[[[16.031778,49.58245],[16.031807,49.582266],[16.032081,49.582282],[16.032079,49.582305],[16.032054,49.582462],[16.031778,49.58245]]]},"properties":{"fid_zbg":"473060497","typzast_p":"vodojem zemní","in_osm":false,"proposed:man_made":"reservoir_covered"}},{"type":"Feature","geometry":{"type":"Polygon","coordinates":[[[15.589845,49.451946],[15.589459,49.452125],[15.589302,49.451986],[15.589678,49.451798],[15.589845,49.451946]]]},"properties":{"fid_zbg":"473767337","typzast_p":"vodojem zemní","in_osm":false,"proposed:man_made":"reservoir_covered"}},{"type":"Feature","geometry":{"type":"Polygon","coordinates":[[[15.634296,49.399113],[15.634444,49.398975],[15.634611,49.399048],[15.634409,49.399172],[15.634296,49.399113]]]},"properties":{"fid_zbg":"473758721","typzast_p":"vodojem zemní","in_osm":false,"proposed:man_made":"reservoir_covered"}},{"type":"Feature","geometry":{"type":"Polygon","coordinates":[[[15.854243,49.581521],[15.854489,49.581756],[15.854152,49.581908],[15.854074,49.581833],[15.853901,49.581669],[15.854243,49.581521]]]},"properties":{"fid_zbg":"476951252","typzast_p":"vodojem zemní","in_osm":false,"proposed:man_made":"reservoir_covered"}},{"type":"Feature","geometry":{"type":"Polygon","coordinates":[[[15.88247,49.683256],[15.883077,49.68355],[15.882965,49.683666],[15.882882,49.683712],[15.882404,49.683577],[15.882276,49.683434],[15.88247,49.683256]]]},"properties":{"fid_zbg":"474089593","typzast_p":"vodojem zemní","in_osm":false,"proposed:man_made":"reservoir_covered"}},{"type":"Feature","geometry":{"type":"Polygon","coordinates":[[[15.630103,49.325677],[15.630166,49.325627],[15.630249,49.325561],[15.630452,49.325694],[15.630322,49.32578],[15.630166,49.32571],[15.630103,49.325677]]]},"properties":{"fid_zbg":"477507136","typzast_p":"vodojem zemní","osm_dist_m":940,"in_osm":false,"proposed:man_made":"reservoir_covered"}},{"type":"Feature","geometry":{"type":"Polygon","coordinates":[[[15.935141,49.771384],[15.935293,49.771119],[15.93555,49.771198],[15.935399,49.771457],[15.935141,49.771384]]]},"properties":{"fid_zbg":"8304925024976896","typzast_p":"vodojem zemní","osm_dist_m":208,"in_osm":false,"proposed:man_made":"reservoir_covered"}},{"type":"Feature","geometry":{"type":"Polygon","coordinates":[[[15.815354,49.534419],[15.81537,49.53445],[15.815415,49.534493],[15.815311,49.534641],[15.815234,49.534648],[15.815161,49.534617],[15.815145,49.53457],[15.815172,49.53453],[15.815303,49.534434],[15.815354,49.534419]]]},"properties":{"fid_zbg":"478044629","typzast_p":"vodojem zemní","in_osm":false,"proposed:man_made":"reservoir_covered"}},{"type":"Feature","geometry":{"type":"Polygon","coordinates":[[[15.644365,49.794849],[15.644241,49.794918],[15.644176,49.794939],[15.644068,49.794971],[15.644012,49.794992],[15.643936,49.794906],[15.644099,49.79487],[15.644057,49.794829],[15.644243,49.794747],[15.644365,49.794849]]]},"properties":{"fid_zbg":"474721996","typzast_p":"vodojem zemní","in_osm":false,"proposed:man_made":"reservoir_covered"}},{"type":"Feature","geometry":{"type":"Polygon","coordinates":[[[15.683114,49.765175],[15.683262,49.765103],[15.683407,49.765182],[15.683392,49.765285],[15.68323,49.765274],[15.683114,49.765175]]]},"properties":{"fid_zbg":"476935674","typzast_p":"vodojem zemní","in_osm":false,"proposed:man_made":"reservoir_covered"}},{"type":"Feature","geometry":{"type":"Polygon","coordinates":[[[15.698292,49.767171],[15.698656,49.767192],[15.699018,49.767237],[15.699588,49.767344],[15.700214,49.767622],[15.70023,49.767812],[15.700145,49.76841],[15.699504,49.768151],[15.698548,49.767817],[15.698063,49.767679],[15.698263,49.767243],[15.698292,49.767171]]]},"properties":{"fid_zbg":"476939346","typzast_p":"vodojem zemní","in_osm":false,"proposed:man_made":"reservoir_covered"}},{"type":"Feature","geometry":{"type":"Polygon","coordinates":[[[15.834739,49.228627],[15.834666,49.228418],[15.83495,49.228366],[15.835041,49.228575],[15.834739,49.228627]]]},"properties":{"fid_zbg":"476924228","typzast_p":"vodojem zemní","osm_dist_m":962,"in_osm":false,"proposed:man_made":"reservoir_covered"}},{"type":"Feature","geometry":{"type":"Polygon","coordinates":[[[15.733365,49.217987],[15.733605,49.218082],[15.733472,49.218225],[15.73326,49.218144],[15.733365,49.217987]]]},"properties":{"fid_zbg":"474233458","typzast_p":"vodojem zemní","in_osm":false,"proposed:man_made":"reservoir_covered"}},{"type":"Feature","geometry":{"type":"Polygon","coordinates":[[[15.526412,49.643658],[15.527076,49.643582],[15.527145,49.643742],[15.52637,49.643872],[15.526183,49.643681],[15.526412,49.643658]]]},"properties":{"fid_zbg":"474820105","typzast_p":"vodojem zemní","in_osm":false,"proposed:man_made":"reservoir_covered"}},{"type":"Feature","geometry":{"type":"Polygon","coordinates":[[[15.434817,49.510753],[15.434669,49.510617],[15.434847,49.510517],[15.435016,49.510634],[15.434817,49.510753]]]},"properties":{"fid_zbg":"473759315","typzast_p":"vodojem zemní","in_osm":false,"proposed:man_made":"reservoir_covered"}},{"type":"Feature","geometry":{"type":"Polygon","coordinates":[[[15.700656,49.584576],[15.700668,49.584742],[15.700537,49.58474],[15.70053,49.584575],[15.700656,49.584576]]]},"properties":{"fid_zbg":"474083242","typzast_p":"vodojem zemní","in_osm":false,"proposed:man_made":"reservoir_covered"}},{"type":"Feature","geometry":{"type":"Polygon","coordinates":[[[16.068593,49.597896],[16.06856,49.597846],[16.068542,49.597781],[16.068598,49.597753],[16.068696,49.597704],[16.068845,49.597787],[16.068763,49.597838],[16.068746,49.597879],[16.068734,49.59792],[16.068593,49.597896]]]},"properties":{"fid_zbg":"474074260","typzast_p":"vodojem zemní","osm_dist_m":463,"in_osm":false,"proposed:man_made":"reservoir_covered"}},{"type":"Feature","geometry":{"type":"Polygon","coordinates":[[[15.499986,49.29193],[15.500149,49.291988],[15.500215,49.292054],[15.500059,49.29215],[15.499882,49.292224],[15.499755,49.292124],[15.499758,49.2921],[15.499762,49.292075],[15.499986,49.29193]]]},"properties":{"fid_zbg":"9660268694994944","typzast_p":"vodojem zemní","in_osm":false,"proposed:man_made":"reservoir_covered"}},{"type":"Feature","geometry":{"type":"Polygon","coordinates":[[[15.4271,49.262302],[15.427025,49.262324],[15.426967,49.262322],[15.426904,49.262317],[15.426838,49.262306],[15.426772,49.262287],[15.426728,49.262261],[15.426706,49.262208],[15.426716,49.262159],[15.426721,49.262137],[15.426774,49.262102],[15.426834,49.262083],[15.426891,49.262069],[15.426987,49.262059],[15.427028,49.262061],[15.427112,49.262069],[15.42717,49.262088],[15.4272,49.262127],[15.427196,49.262165],[15.427151,49.262233],[15.4271,49.262302]]]},"properties":{"fid_zbg":"471874451","typzast_p":"vodojem zemní","in_osm":false,"proposed:man_made":"reservoir_covered"}},{"type":"Feature","geometry":{"type":"Polygon","coordinates":[[[15.953676,49.458724],[15.953197,49.458922],[15.952962,49.458695],[15.953488,49.458465],[15.953676,49.458724]]]},"properties":{"fid_zbg":"479032281","typzast_p":"vodojem zemní","in_osm":false,"proposed:man_made":"reservoir_covered"}},{"type":"Feature","geometry":{"type":"Polygon","coordinates":[[[15.577993,49.363766],[15.578093,49.363985],[15.577756,49.364068],[15.577649,49.363854],[15.577993,49.363766]]]},"properties":{"fid_zbg":"471879203","typzast_p":"vodojem zemní","in_osm":false,"proposed:man_made":"reservoir_covered"}},{"type":"Feature","geometry":{"type":"Polygon","coordinates":[[[15.701593,49.764969],[15.702269,49.764851],[15.702414,49.765223],[15.701748,49.765333],[15.701593,49.764969]]]},"properties":{"fid_zbg":"476936138","typzast_p":"vodojem zemní","in_osm":false,"proposed:man_made":"reservoir_covered"}},{"type":"Feature","geometry":{"type":"Polygon","coordinates":[[[15.874081,49.344604],[15.874125,49.34438],[15.874532,49.344414],[15.874493,49.344637],[15.874081,49.344604]]]},"properties":{"fid_zbg":"476924222","typzast_p":"vodojem zemní","in_osm":false,"proposed:man_made":"reservoir_covered"}},{"type":"Feature","geometry":{"type":"Polygon","coordinates":[[[15.619358,49.38871],[15.619387,49.388846],[15.618679,49.388889],[15.618642,49.388506],[15.618715,49.388485],[15.618797,49.388464],[15.618899,49.388446],[15.619015,49.388431],[15.619096,49.388427],[15.619283,49.388428],[15.619358,49.38871]]]},"properties":{"fid_zbg":"473770253","typzast_p":"vodojem zemní","in_osm":false,"proposed:man_made":"reservoir_covered"}},{"type":"Feature","geometry":{"type":"Polygon","coordinates":[[[15.993667,49.401554],[15.993935,49.401373],[15.99418,49.401532],[15.99389,49.401722],[15.993765,49.401625],[15.993667,49.401554]]]},"properties":{"fid_zbg":"477520731","typzast_p":"vodojem zemní","in_osm":false,"proposed:man_made":"reservoir_covered"}},{"type":"Feature","geometry":{"type":"Polygon","coordinates":[[[15.758296,49.586962],[15.758504,49.58688],[15.758548,49.586892],[15.758643,49.586858],[15.758651,49.586826],[15.758861,49.586746],[15.759089,49.586997],[15.758524,49.587209],[15.758296,49.586962]]]},"properties":{"fid_zbg":"474084816","typzast_p":"vodojem zemní","in_osm":false,"proposed:man_made":"reservoir_covered"}},{"type":"Feature","geometry":{"type":"Polygon","coordinates":[[[15.58158,49.583839],[15.582,49.583892],[15.582151,49.584163],[15.581968,49.584395],[15.581439,49.584093],[15.581454,49.584071],[15.581479,49.584029],[15.581505,49.58398],[15.581538,49.583917],[15.58158,49.583839]]]},"properties":{"fid_zbg":"474819837","typzast_p":"vodojem zemní","osm_dist_m":720,"in_osm":false,"proposed:man_made":"reservoir_covered"}},{"type":"Feature","geometry":{"type":"Polygon","coordinates":[[[15.589877,49.609306],[15.589815,49.609114],[15.589896,49.60903],[15.590149,49.608997],[15.590175,49.609086],[15.590192,49.609147],[15.590224,49.609255],[15.589877,49.609306]]]},"properties":{"fid_zbg":"475034250","typzast_p":"vodojem zemní","osm_dist_m":2048,"in_osm":false,"proposed:man_made":"reservoir_covered"}},{"type":"Feature","geometry":{"type":"Polygon","coordinates":[[[15.850583,49.508016],[15.850727,49.507834],[15.851026,49.507929],[15.850857,49.508113],[15.850583,49.508016]]]},"properties":{"fid_zbg":"485948844","typzast_p":"vodojem zemní","in_osm":false,"proposed:man_made":"reservoir_covered"}},{"type":"Feature","geometry":{"type":"Polygon","coordinates":[[[16.008993,49.433762],[16.009092,49.433547],[16.00913,49.433559],[16.009366,49.433607],[16.009263,49.433821],[16.009026,49.433773],[16.008993,49.433762]]]},"properties":{"fid_zbg":"478858243","typzast_p":"vodojem zemní","in_osm":false,"proposed:man_made":"reservoir_covered"}},{"type":"Feature","geometry":{"type":"Polygon","coordinates":[[[15.77248,49.543865],[15.772266,49.543742],[15.77248,49.543601],[15.772687,49.543695],[15.77248,49.543865]]]},"properties":{"fid_zbg":"478687787","typzast_p":"vodojem zemní","in_osm":false,"proposed:man_made":"reservoir_covered"}},{"type":"Feature","geometry":{"type":"Polygon","coordinates":[[[15.438953,49.401052],[15.438928,49.401209],[15.43872,49.401197],[15.438644,49.401511],[15.438279,49.401488],[15.438317,49.401268],[15.438606,49.401098],[15.438615,49.40103],[15.438953,49.401052]]]},"properties":{"fid_zbg":"476857283","typzast_p":"vodojem zemní","in_osm":false,"proposed:man_made":"reservoir_covered"}},{"type":"Feature","geometry":{"type":"Polygon","coordinates":[[[15.46689,49.273373],[15.467075,49.273577],[15.466655,49.273747],[15.466475,49.273543],[15.46689,49.273373]]]},"properties":{"fid_zbg":"471870182","typzast_p":"vodojem zemní","osm_dist_m":18,"in_osm":true,"proposed:man_made":"reservoir_covered"}},{"type":"Feature","geometry":{"type":"Polygon","coordinates":[[[15.723142,49.373232],[15.723179,49.373251],[15.723217,49.373275],[15.723283,49.373336],[15.723402,49.373444],[15.723102,49.373569],[15.722995,49.373501],[15.72285,49.373341],[15.723142,49.373232]]]},"properties":{"fid_zbg":"474214815","typzast_p":"vodojem zemní","osm_dist_m":9,"in_osm":true,"proposed:man_made":"reservoir_covered"}},{"type":"Feature","geometry":{"type":"Polygon","coordinates":[[[16.146706,49.637826],[16.146604,49.638236],[16.146023,49.638044],[16.146264,49.637806],[16.146346,49.63781],[16.146483,49.637817],[16.146706,49.637826]]]},"properties":{"fid_zbg":"473195126","typzast_p":"vodojem zemní","osm_dist_m":15,"in_osm":true,"proposed:man_made":"reservoir_covered"}},{"type":"Feature","geometry":{"type":"Polygon","coordinates":[[[15.560372,49.32759],[15.560147,49.327487],[15.560335,49.327318],[15.560496,49.327394],[15.560554,49.32742],[15.560372,49.32759]]]},"properties":{"fid_zbg":"477507200","typzast_p":"vodojem zemní","in_osm":false,"proposed:man_made":"reservoir_covered"}},{"type":"Feature","geometry":{"type":"Polygon","coordinates":[[[15.816329,49.535141],[15.816485,49.535009],[15.816539,49.534964],[15.816811,49.535098],[15.816603,49.535277],[15.816329,49.535141]]]},"properties":{"fid_zbg":"478044705","typzast_p":"vodojem zemní","in_osm":false,"proposed:man_made":"reservoir_covered"}},{"type":"Feature","geometry":{"type":"Polygon","coordinates":[[[15.531258,49.576943],[15.531182,49.576914],[15.531337,49.576718],[15.531636,49.576813],[15.531473,49.577012],[15.531258,49.576943]]]},"properties":{"fid_zbg":"474818197","typzast_p":"vodojem zemní","in_osm":false,"proposed:man_made":"reservoir_covered"}},{"type":"Feature","geometry":{"type":"Polygon","coordinates":[[[15.861681,49.203612],[15.861717,49.203931],[15.861729,49.204088],[15.861026,49.204129],[15.860912,49.203463],[15.861501,49.203464],[15.86165,49.203467],[15.861681,49.203612]]]},"properties":{"fid_zbg":"480915305","typzast_p":"vodojem zemní","osm_dist_m":1069,"in_osm":false,"proposed:man_made":"reservoir_covered"}},{"type":"Feature","geometry":{"type":"Polygon","coordinates":[[[15.580089,49.555911],[15.58036,49.555971],[15.580254,49.556144],[15.579982,49.55609],[15.580089,49.555911]]]},"properties":{"fid_zbg":"474823849","typzast_p":"vodojem zemní","osm_dist_m":882,"in_osm":false,"proposed:man_made":"reservoir_covered"}},{"type":"Feature","geometry":{"type":"Polygon","coordinates":[[[15.645585,49.740318],[15.645523,49.740106],[15.645731,49.740082],[15.645791,49.740284],[15.645585,49.740318]]]},"properties":{"fid_zbg":"474722372","typzast_p":"vodojem zemní","in_osm":false,"proposed:man_made":"reservoir_covered"}},{"type":"Feature","geometry":{"type":"Polygon","coordinates":[[[15.451941,49.716855],[15.452146,49.716767],[15.452247,49.716861],[15.45204,49.716952],[15.451941,49.716855]]]},"properties":{"fid_zbg":"457043784","typzast_p":"vodojem zemní","in_osm":false,"proposed:man_made":"reservoir_covered"}},{"type":"Feature","geometry":{"type":"Polygon","coordinates":[[[15.843566,49.412806],[15.843869,49.412713],[15.844008,49.412899],[15.84371,49.412998],[15.843566,49.412806]]]},"properties":{"fid_zbg":"485952133","typzast_p":"vodojem zemní","in_osm":false,"proposed:man_made":"reservoir_covered"}},{"type":"Feature","geometry":{"type":"Polygon","coordinates":[[[15.408196,49.310888],[15.408286,49.311033],[15.408017,49.311107],[15.407975,49.311039],[15.407934,49.310972],[15.407985,49.310958],[15.407976,49.310945],[15.408196,49.310888]]]},"properties":{"fid_zbg":"471873965","typzast_p":"vodojem zemní","in_osm":false,"proposed:man_made":"reservoir_covered"}},{"type":"Feature","geometry":{"type":"Polygon","coordinates":[[[15.711174,49.345508],[15.710837,49.345644],[15.71062,49.345507],[15.710955,49.345391],[15.711022,49.345367],[15.711174,49.345508]]]},"properties":{"fid_zbg":"472265594","typzast_p":"vodojem zemní","in_osm":false,"proposed:man_made":"reservoir_covered"}},{"type":"Feature","geometry":{"type":"Polygon","coordinates":[[[15.500442,49.706152],[15.501145,49.705848],[15.501587,49.705681],[15.502207,49.706318],[15.502393,49.706534],[15.502064,49.70665],[15.501515,49.706842],[15.501268,49.70692],[15.50083,49.706519],[15.500669,49.706365],[15.500442,49.706152]]]},"properties":{"fid_zbg":"474726388","typzast_p":"vodojem zemní","in_osm":false,"proposed:man_made":"reservoir_covered"}},{"type":"Feature","geometry":{"type":"Polygon","coordinates":[[[16.107949,49.484336],[16.107911,49.484613],[16.10758,49.48459],[16.107347,49.484573],[16.107377,49.48433],[16.107391,49.484213],[16.107963,49.484243],[16.107949,49.484336]]]},"properties":{"fid_zbg":"477857017","typzast_p":"vodojem zemní","in_osm":false,"proposed:man_made":"reservoir_covered"}},{"type":"Feature","geometry":{"type":"Polygon","coordinates":[[[15.878749,49.429532],[15.87894,49.429518],[15.878989,49.429645],[15.878788,49.429661],[15.878749,49.429532]]]},"properties":{"fid_zbg":"485948690","typzast_p":"vodojem zemní","in_osm":false,"proposed:man_made":"reservoir_covered"}},{"type":"Feature","geometry":{"type":"Polygon","coordinates":[[[15.81938,49.296495],[15.81955,49.29645],[15.81966,49.296413],[15.81979,49.296362],[15.819806,49.29638],[15.819895,49.296496],[15.819741,49.296723],[15.819472,49.29667],[15.81938,49.296495]]]},"properties":{"fid_zbg":"480130160","typzast_p":"vodojem zemní","in_osm":false,"proposed:man_made":"reservoir_covered"}},{"type":"Feature","geometry":{"type":"Polygon","coordinates":[[[16.004694,49.363725],[16.004472,49.363857],[16.00425,49.363666],[16.004509,49.363522],[16.004807,49.363657],[16.004694,49.363725]]]},"properties":{"fid_zbg":"478621892","typzast_p":"vodojem zemní","in_osm":false,"proposed:man_made":"reservoir_covered"}},{"type":"Feature","geometry":{"type":"Polygon","coordinates":[[[15.933725,49.780329],[15.934038,49.780421],[15.93388,49.780658],[15.933481,49.780713],[15.93361,49.780505],[15.933725,49.780329]]]},"properties":{"fid_zbg":"8304912458842112","typzast_p":"vodojem zemní","osm_dist_m":5,"in_osm":true,"proposed:man_made":"reservoir_covered"}},{"type":"Feature","geometry":{"type":"Polygon","coordinates":[[[15.563083,49.551174],[15.562482,49.551971],[15.562236,49.551893],[15.562056,49.551836],[15.561745,49.551738],[15.561835,49.551618],[15.561876,49.551557],[15.562319,49.550926],[15.562795,49.551082],[15.563083,49.551174]]]},"properties":{"fid_zbg":"474820051","typzast_p":"vodojem zemní","osm_dist_m":1819,"in_osm":false,"proposed:man_made":"reservoir_covered"}},{"type":"Feature","geometry":{"type":"Polygon","coordinates":[[[15.598903,49.575924],[15.599063,49.575653],[15.59919,49.575699],[15.599318,49.575736],[15.59964,49.575816],[15.599494,49.576064],[15.598903,49.575924]]]},"properties":{"fid_zbg":"474818421","typzast_p":"vodojem zemní","in_osm":false,"proposed:man_made":"reservoir_covered"}},{"type":"Feature","geometry":{"type":"Polygon","coordinates":[[[15.857774,49.465732],[15.857653,49.465824],[15.857537,49.465819],[15.857425,49.465753],[15.857436,49.465693],[15.857563,49.465588],[15.857649,49.465586],[15.857731,49.465649],[15.857774,49.465732]]]},"properties":{"fid_zbg":"485954363","typzast_p":"vodojem zemní","in_osm":false,"proposed:man_made":"reservoir_covered"}},{"type":"Feature","geometry":{"type":"Polygon","coordinates":[[[15.642966,49.324088],[15.642912,49.32416],[15.64279,49.324208],[15.642538,49.324113],[15.64271,49.324023],[15.642966,49.324088]]]},"properties":{"fid_zbg":"477507086","typzast_p":"vodojem zemní","osm_dist_m":173,"in_osm":false,"proposed:man_made":"reservoir_covered"}},{"type":"Feature","geometry":{"type":"Polygon","coordinates":[[[15.659567,49.542275],[15.659678,49.542301],[15.659556,49.542558],[15.659397,49.542512],[15.65939,49.54249],[15.659447,49.542417],[15.659567,49.542275]]]},"properties":{"fid_zbg":"443705671","typzast_p":"vodojem zemní","osm_dist_m":382,"in_osm":false,"proposed:man_made":"reservoir_covered"}},{"type":"Feature","geometry":{"type":"Polygon","coordinates":[[[16.154133,49.547877],[16.154335,49.547879],[16.154329,49.547989],[16.154123,49.54798],[16.154133,49.547877]]]},"properties":{"fid_zbg":"471993952","typzast_p":"vodojem zemní","in_osm":false,"proposed:man_made":"reservoir_covered"}},{"type":"Feature","geometry":{"type":"Polygon","coordinates":[[[15.506645,49.300107],[15.506602,49.300195],[15.506542,49.300281],[15.505946,49.30023],[15.506067,49.300012],[15.506645,49.300107]]]},"properties":{"fid_zbg":"477506888","typzast_p":"vodojem zemní","in_osm":false,"proposed:man_made":"reservoir_covered"}},{"type":"Feature","geometry":{"type":"Polygon","coordinates":[[[15.486632,49.267845],[15.486358,49.267694],[15.486514,49.267516],[15.486753,49.267636],[15.486698,49.267793],[15.486632,49.267845]]]},"properties":{"fid_zbg":"471877505","typzast_p":"vodojem zemní","in_osm":false,"proposed:man_made":"reservoir_covered"}},{"type":"Feature","geometry":{"type":"Polygon","coordinates":[[[15.499704,49.356875],[15.500457,49.356945],[15.500508,49.357048],[15.500296,49.357615],[15.499675,49.357524],[15.499564,49.357505],[15.499603,49.357413],[15.499671,49.357038],[15.499704,49.356875]]]},"properties":{"fid_zbg":"471870026","typzast_p":"vodojem zemní","osm_dist_m":38,"in_osm":true,"proposed:man_made":"reservoir_covered"}},{"type":"Feature","geometry":{"type":"Polygon","coordinates":[[[15.925928,49.773526],[15.925706,49.77368],[15.925006,49.773265],[15.925218,49.77311],[15.925928,49.773526]]]},"properties":{"fid_zbg":"476934878","typzast_p":"vodojem zemní","osm_dist_m":18,"in_osm":true,"proposed:man_made":"reservoir_covered"}},{"type":"Feature","geometry":{"type":"Polygon","coordinates":[[[15.616661,49.403022],[15.616947,49.402984],[15.616977,49.403113],[15.616702,49.403174],[15.616661,49.403022]]]},"properties":{"fid_zbg":"473760877","typzast_p":"vodojem zemní","osm_dist_m":8,"in_osm":true,"proposed:man_made":"reservoir_covered"}},{"type":"Feature","geometry":{"type":"Polygon","coordinates":[[[15.847904,49.453463],[15.84777,49.453462],[15.847634,49.453461],[15.847632,49.453255],[15.8479,49.453254],[15.847904,49.453463]]]},"properties":{"fid_zbg":"485948344","typzast_p":"vodojem zemní","in_osm":false,"proposed:man_made":"reservoir_covered"}},{"type":"Feature","geometry":{"type":"Polygon","coordinates":[[[15.672619,49.457549],[15.672259,49.457486],[15.672362,49.457278],[15.672718,49.457343],[15.672619,49.457549]]]},"properties":{"fid_zbg":"474208571","typzast_p":"vodojem zemní","in_osm":false,"proposed:man_made":"reservoir_covered"}},{"type":"Feature","geometry":{"type":"Polygon","coordinates":[[[15.492738,49.549693],[15.491602,49.548863],[15.492907,49.548114],[15.49363,49.548177],[15.494836,49.548419],[15.494814,49.548421],[15.494751,49.548426],[15.494715,49.54843],[15.494684,49.548435],[15.49466,49.548441],[15.49463,49.54845],[15.494606,49.548461],[15.494584,49.548474],[15.494567,49.548486],[15.494553,49.5485],[15.494546,49.54851],[15.49454,49.548523],[15.49453,49.54855],[15.494526,49.548568],[15.494511,49.548647],[15.494488,49.548768],[15.494468,49.548875],[15.494461,49.548902],[15.494449,49.54893],[15.494439,49.548945],[15.494431,49.548954],[15.494418,49.548963],[15.494376,49.548986],[15.494313,49.549009],[15.494209,49.549048],[15.493804,49.549223],[15.493379,49.54941],[15.493022,49.549569],[15.492738,49.549693]]]},"properties":{"fid_zbg":"474822415","typzast_p":"vodojem zemní","in_osm":false,"proposed:man_made":"reservoir_covered"}},{"type":"Feature","geometry":{"type":"Polygon","coordinates":[[[15.972655,49.68446],[15.972936,49.684493],[15.972799,49.684828],[15.972519,49.684797],[15.972655,49.68446]]]},"properties":{"fid_zbg":"445005119","typzast_p":"vodojem zemní","in_osm":false,"proposed:man_made":"reservoir_covered"}},{"type":"Feature","geometry":{"type":"Polygon","coordinates":[[[15.790313,49.63247],[15.790553,49.632715],[15.790517,49.632732],[15.790362,49.632781],[15.790308,49.632798],[15.790263,49.63274],[15.790231,49.632749],[15.790156,49.632648],[15.790083,49.632547],[15.790313,49.63247]]]},"properties":{"fid_zbg":"474081330","typzast_p":"vodojem zemní","osm_dist_m":4,"in_osm":true,"proposed:man_made":"reservoir_covered"}},{"type":"Feature","geometry":{"type":"Polygon","coordinates":[[[15.994778,49.560434],[15.994996,49.560352],[15.995154,49.560503],[15.99493,49.560598],[15.994778,49.560434]]]},"properties":{"fid_zbg":"445005577","typzast_p":"vodojem zemní","in_osm":false,"proposed:man_made":"reservoir_covered"}},{"type":"Feature","geometry":{"type":"Polygon","coordinates":[[[15.627553,49.36959],[15.627187,49.369667],[15.627096,49.369491],[15.62738,49.369427],[15.627455,49.36941],[15.627553,49.36959]]]},"properties":{"fid_zbg":"471879213","typzast_p":"vodojem zemní","in_osm":false,"proposed:man_made":"reservoir_covered"}},{"type":"Feature","geometry":{"type":"Polygon","coordinates":[[[15.914072,49.750089],[15.914121,49.749655],[15.914797,49.749687],[15.914803,49.749703],[15.914917,49.749816],[15.914878,49.750126],[15.914072,49.750089]]]},"properties":{"fid_zbg":"476938956","typzast_p":"vodojem zemní","osm_dist_m":1,"in_osm":true,"proposed:man_made":"reservoir_covered"}},{"type":"Feature","geometry":{"type":"Polygon","coordinates":[[[15.631988,49.415047],[15.632,49.414835],[15.632306,49.414842],[15.632293,49.415055],[15.631988,49.415047]]]},"properties":{"fid_zbg":"473759137","typzast_p":"vodojem zemní","osm_dist_m":9,"in_osm":true,"proposed:man_made":"reservoir_covered"}},{"type":"Feature","geometry":{"type":"Polygon","coordinates":[[[16.023516,49.341286],[16.023729,49.341456],[16.023478,49.341581],[16.02325,49.341424],[16.023516,49.341286]]]},"properties":{"fid_zbg":"474341018","typzast_p":"vodojem zemní","in_osm":false,"proposed:man_made":"reservoir_covered"}},{"type":"Feature","geometry":{"type":"Polygon","coordinates":[[[15.480845,49.482167],[15.48097,49.482405],[15.480653,49.48245],[15.480582,49.482265],[15.480654,49.482255],[15.480638,49.482206],[15.480845,49.482167]]]},"properties":{"fid_zbg":"476855665","typzast_p":"vodojem zemní","osm_dist_m":1409,"in_osm":false,"proposed:man_made":"reservoir_covered"}},{"type":"Feature","geometry":{"type":"Polygon","coordinates":[[[15.454086,49.568221],[15.454191,49.568114],[15.454412,49.568205],[15.454379,49.56824],[15.454367,49.568252],[15.454356,49.568264],[15.454309,49.568312],[15.454086,49.568221]]]},"properties":{"fid_zbg":"474829669","typzast_p":"vodojem zemní","in_osm":false,"proposed:man_made":"reservoir_covered"}},{"type":"Feature","geometry":{"type":"Polygon","coordinates":[[[15.438619,49.326735],[15.438596,49.326577],[15.43878,49.326561],[15.438818,49.326652],[15.43875,49.326723],[15.438619,49.326735]]]},"properties":{"fid_zbg":"471869806","typzast_p":"vodojem zemní","in_osm":false,"proposed:man_made":"reservoir_covered"}},{"type":"Feature","geometry":{"type":"Polygon","coordinates":[[[15.712748,49.762341],[15.712729,49.762335],[15.71265,49.762308],[15.712535,49.762255],[15.712461,49.762223],[15.712583,49.762036],[15.712892,49.76212],[15.712748,49.762341]]]},"properties":{"fid_zbg":"476942358","typzast_p":"vodojem zemní","in_osm":false,"proposed:man_made":"reservoir_covered"}},{"type":"Feature","geometry":{"type":"Polygon","coordinates":[[[15.572999,49.722269],[15.572041,49.722163],[15.572061,49.720594],[15.572956,49.72068],[15.573075,49.720689],[15.573757,49.720756],[15.573409,49.722257],[15.5734,49.722299],[15.572999,49.722269]]]},"properties":{"fid_zbg":"474727240","typzast_p":"vodojem zemní","in_osm":false,"proposed:man_made":"reservoir_covered"}},{"type":"Feature","geometry":{"type":"Polygon","coordinates":[[[15.942163,49.754318],[15.942407,49.75438],[15.941934,49.755441],[15.941897,49.755437],[15.941608,49.755394],[15.942057,49.754359],[15.942163,49.754318]]]},"properties":{"fid_zbg":"8304918649634816","typzast_p":"vodojem zemní","osm_dist_m":42,"in_osm":true,"proposed:man_made":"reservoir_covered"}},{"type":"Feature","geometry":{"type":"Polygon","coordinates":[[[15.932986,49.793027],[15.933001,49.793012],[15.93302,49.793001],[15.933046,49.792995],[15.933069,49.792993],[15.933109,49.792997],[15.933148,49.793006],[15.933178,49.793021],[15.933198,49.793039],[15.933203,49.793059],[15.933198,49.793076],[15.933186,49.793095],[15.933168,49.79311],[15.933129,49.793124],[15.933077,49.793127],[15.933023,49.793118],[15.932996,49.793099],[15.932979,49.793072],[15.932978,49.793052],[15.932986,49.793027]]]},"properties":{"fid_zbg":"25535357466443776","typzast_p":"vodojem zemní","osm_dist_m":6,"in_osm":true,"proposed:man_made":"reservoir_covered"}},{"type":"Feature","geometry":{"type":"Polygon","coordinates":[[[15.890093,49.221933],[15.890184,49.222285],[15.889515,49.222349],[15.889178,49.222386],[15.889078,49.222068],[15.889377,49.222031],[15.890093,49.221933]]]},"properties":{"fid_zbg":"480741167","typzast_p":"vodojem zemní","osm_dist_m":1391,"in_osm":false,"proposed:man_made":"reservoir_covered"}},{"type":"Feature","geometry":{"type":"Polygon","coordinates":[[[16.032285,49.357907],[16.032422,49.358003],[16.032171,49.358165],[16.031984,49.358051],[16.031934,49.357922],[16.032087,49.357819],[16.032285,49.357907]]]},"properties":{"fid_zbg":"467580881","typzast_p":"vodojem zemní","in_osm":false,"proposed:man_made":"reservoir_covered"}},{"type":"Feature","geometry":{"type":"Polygon","coordinates":[[[15.956146,49.56093],[15.956189,49.561183],[15.955689,49.561174],[15.955645,49.560973],[15.956146,49.56093]]]},"properties":{"fid_zbg":"474080470","typzast_p":"vodojem zemní","in_osm":false,"proposed:man_made":"reservoir_covered"}},{"type":"Feature","geometry":{"type":"Polygon","coordinates":[[[15.793251,49.3629],[15.792978,49.362752],[15.793169,49.362631],[15.79343,49.362773],[15.793251,49.3629]]]},"properties":{"fid_zbg":"472264708","typzast_p":"vodojem zemní","in_osm":false,"proposed:man_made":"reservoir_covered"}},{"type":"Feature","geometry":{"type":"Polygon","coordinates":[[[15.547649,49.428042],[15.547741,49.427916],[15.547971,49.427977],[15.54788,49.42811],[15.547649,49.428042]]]},"properties":{"fid_zbg":"476853497","typzast_p":"vodojem zemní","osm_dist_m":47,"in_osm":true,"proposed:man_made":"reservoir_covered"}},{"type":"Feature","geometry":{"type":"Polygon","coordinates":[[[15.45375,49.393035],[15.453987,49.392995],[15.454039,49.393144],[15.453802,49.393175],[15.45375,49.393035]]]},"properties":{"fid_zbg":"473760143","typzast_p":"vodojem zemní","in_osm":false,"proposed:man_made":"reservoir_covered"}},{"type":"Feature","geometry":{"type":"Polygon","coordinates":[[[15.995358,49.279736],[15.995427,49.279619],[15.995395,49.279427],[15.995665,49.279373],[15.995961,49.279462],[15.99621,49.279728],[15.996055,49.27975],[15.995855,49.279769],[15.995633,49.279781],[15.995507,49.279772],[15.995358,49.279736]]]},"properties":{"fid_zbg":"479581695","typzast_p":"vodojem zemní","osm_dist_m":2103,"in_osm":false,"proposed:man_made":"reservoir_covered"}},{"type":"Feature","geometry":{"type":"Polygon","coordinates":[[[16.009261,49.376687],[16.009522,49.376497],[16.009664,49.376557],[16.009688,49.376859],[16.00963,49.376838],[16.009457,49.376769],[16.009261,49.376687]]]},"properties":{"fid_zbg":"478621525","typzast_p":"vodojem zemní","osm_dist_m":1332,"in_osm":false,"proposed:man_made":"reservoir_covered"}},{"type":"Feature","geometry":{"type":"Polygon","coordinates":[[[15.95515,49.788449],[15.955445,49.788127],[15.955689,49.788218],[15.955411,49.788516],[15.95515,49.788449]]]},"properties":{"fid_zbg":"8304909271171072","typzast_p":"vodojem zemní","in_osm":false,"proposed:man_made":"reservoir_covered"}},{"type":"Feature","geometry":{"type":"Polygon","coordinates":[[[15.442367,49.255813],[15.442085,49.255668],[15.442104,49.25564],[15.44221,49.255586],[15.44226,49.255568],[15.442297,49.255565],[15.442404,49.255599],[15.442491,49.255631],[15.442563,49.255665],[15.442499,49.255717],[15.442367,49.255813]]]},"properties":{"fid_zbg":"471880019","typzast_p":"vodojem zemní","in_osm":false,"proposed:man_made":"reservoir_covered"}},{"type":"Feature","geometry":{"type":"Polygon","coordinates":[[[15.441755,49.310915],[15.442043,49.311061],[15.441922,49.311171],[15.441628,49.311022],[15.441755,49.310915]]]},"properties":{"fid_zbg":"471870782","typzast_p":"vodojem zemní","in_osm":false,"proposed:man_made":"reservoir_covered"}},{"type":"Feature","geometry":{"type":"Polygon","coordinates":[[[15.534803,49.554491],[15.534594,49.55425],[15.534967,49.554113],[15.535192,49.554347],[15.534803,49.554491]]]},"properties":{"fid_zbg":"474820317","typzast_p":"vodojem zemní","in_osm":false,"proposed:man_made":"reservoir_covered"}},{"type":"Feature","geometry":{"type":"Polygon","coordinates":[[[15.874889,49.210776],[15.874634,49.210534],[15.87511,49.210311],[15.87518,49.210283],[15.875194,49.210306],[15.875217,49.210336],[15.875128,49.210658],[15.874889,49.210776]]]},"properties":{"fid_zbg":"481834163","typzast_p":"vodojem zemní","osm_dist_m":174,"in_osm":false,"proposed:man_made":"reservoir_covered"}},{"type":"Feature","geometry":{"type":"Polygon","coordinates":[[[16.169776,49.696943],[16.169812,49.696896],[16.169783,49.696854],[16.169744,49.696799],[16.169756,49.69676],[16.169831,49.696708],[16.169932,49.696681],[16.16999,49.696678],[16.170046,49.696646],[16.170087,49.696612],[16.170267,49.696692],[16.170356,49.696728],[16.170582,49.696668],[16.17064,49.69666],[16.170694,49.696672],[16.170728,49.696687],[16.170755,49.696768],[16.170785,49.69689],[16.170801,49.697007],[16.17079,49.697033],[16.170771,49.697068],[16.170664,49.697184],[16.169776,49.696943]]]},"properties":{"fid_zbg":"482595352","typzast_p":"vodojem zemní","in_osm":false,"proposed:man_made":"reservoir_covered"}},{"type":"Feature","geometry":{"type":"Polygon","coordinates":[[[16.012783,49.325807],[16.013111,49.325821],[16.013098,49.32594],[16.012772,49.325937],[16.012783,49.325807]]]},"properties":{"fid_zbg":"477629954","typzast_p":"vodojem zemní","in_osm":false,"proposed:man_made":"reservoir_covered"}},{"type":"Feature","geometry":{"type":"Polygon","coordinates":[[[15.767442,49.401479],[15.767396,49.401305],[15.767655,49.401271],[15.767802,49.401252],[15.767864,49.401424],[15.767442,49.401479]]]},"properties":{"fid_zbg":"10509449999417344","typzast_p":"vodojem zemní","in_osm":false,"proposed:man_made":"reservoir_covered"}},{"type":"Feature","geometry":{"type":"Polygon","coordinates":[[[15.902827,49.446602],[15.90269,49.44647],[15.902787,49.446356],[15.902867,49.446385],[15.902949,49.446371],[15.903021,49.446411],[15.903088,49.446487],[15.902827,49.446602]]]},"properties":{"fid_zbg":"485952401","typzast_p":"vodojem zemní","in_osm":false,"proposed:man_made":"reservoir_covered"}},{"type":"Feature","geometry":{"type":"Polygon","coordinates":[[[15.416764,49.439712],[15.4168,49.439752],[15.41682,49.439827],[15.416831,49.439895],[15.416448,49.439885],[15.416503,49.439709],[15.416764,49.439712]]]},"properties":{"fid_zbg":"473765077","typzast_p":"vodojem zemní","osm_dist_m":1,"in_osm":true,"proposed:man_made":"reservoir_covered"}},{"type":"Feature","geometry":{"type":"Polygon","coordinates":[[[15.790086,49.333179],[15.789837,49.333158],[15.789837,49.333057],[15.790178,49.33302],[15.790188,49.333186],[15.790086,49.333179]]]},"properties":{"fid_zbg":"480444788","typzast_p":"vodojem zemní","in_osm":false,"proposed:man_made":"reservoir_covered"}},{"type":"Feature","geometry":{"type":"Polygon","coordinates":[[[15.796853,49.318199],[15.796856,49.318398],[15.796564,49.318407],[15.796553,49.318211],[15.796853,49.318199]]]},"properties":{"fid_zbg":"480205238","typzast_p":"vodojem zemní","in_osm":false,"proposed:man_made":"reservoir_covered"}},{"type":"Feature","geometry":{"type":"Polygon","coordinates":[[[15.933755,49.356619],[15.933891,49.356531],[15.934023,49.356597],[15.933943,49.356676],[15.93391,49.356711],[15.933755,49.356619]]]},"properties":{"fid_zbg":"480112075","typzast_p":"vodojem zemní","in_osm":false,"proposed:man_made":"reservoir_covered"}},{"type":"Feature","geometry":{"type":"Polygon","coordinates":[[[15.694606,49.485642],[15.693946,49.485701],[15.693839,49.485296],[15.694399,49.485173],[15.694436,49.485245],[15.694606,49.485642]]]},"properties":{"fid_zbg":"474213771","typzast_p":"vodojem zemní","osm_dist_m":1781,"in_osm":false,"proposed:man_made":"reservoir_covered"}},{"type":"Feature","geometry":{"type":"Polygon","coordinates":[[[15.866361,49.557465],[15.86593,49.557396],[15.866089,49.557033],[15.866523,49.557107],[15.866361,49.557465]]]},"properties":{"fid_zbg":"474088185","typzast_p":"vodojem zemní","in_osm":false,"proposed:man_made":"reservoir_covered"}},{"type":"Feature","geometry":{"type":"Polygon","coordinates":[[[15.447748,49.474073],[15.447749,49.47402],[15.447746,49.473868],[15.448129,49.473869],[15.448112,49.474077],[15.447748,49.474073]]]},"properties":{"fid_zbg":"476853597","typzast_p":"vodojem zemní","in_osm":false,"proposed:man_made":"reservoir_covered"}},{"type":"Feature","geometry":{"type":"Polygon","coordinates":[[[15.72361,49.231143],[15.723544,49.231045],[15.723743,49.230953],[15.723881,49.231088],[15.723726,49.231162],[15.72361,49.231143]]]},"properties":{"fid_zbg":"480594566","typzast_p":"vodojem zemní","in_osm":false,"proposed:man_made":"reservoir_covered"}},{"type":"Feature","geometry":{"type":"Polygon","coordinates":[[[15.570563,49.443129],[15.570351,49.443316],[15.570159,49.443232],[15.570359,49.443047],[15.570563,49.443129]]]},"properties":{"fid_zbg":"476853823","typzast_p":"vodojem zemní","in_osm":false,"proposed:man_made":"reservoir_covered"}},{"type":"Feature","geometry":{"type":"Polygon","coordinates":[[[15.763224,49.423001],[15.763075,49.423011],[15.763051,49.42282],[15.763297,49.422806],[15.763323,49.422997],[15.763224,49.423001]]]},"properties":{"fid_zbg":"485950128","typzast_p":"vodojem zemní","in_osm":false,"proposed:man_made":"reservoir_covered"}},{"type":"Feature","geometry":{"type":"Polygon","coordinates":[[[15.824335,49.567286],[15.824283,49.567387],[15.824176,49.567432],[15.824055,49.567413],[15.823994,49.56734],[15.824062,49.56724],[15.824172,49.567208],[15.824256,49.567225],[15.824335,49.567286]]]},"properties":{"fid_zbg":"476952286","typzast_p":"vodojem zemní","in_osm":false,"proposed:man_made":"reservoir_covered"}},{"type":"Feature","geometry":{"type":"Polygon","coordinates":[[[15.441931,49.326352],[15.442123,49.326247],[15.442295,49.32639],[15.442106,49.326488],[15.441931,49.326352]]]},"properties":{"fid_zbg":"471869882","typzast_p":"vodojem zemní","in_osm":false,"proposed:man_made":"reservoir_covered"}},{"type":"Feature","geometry":{"type":"Polygon","coordinates":[[[15.520904,49.540982],[15.521023,49.540903],[15.521169,49.540999],[15.521048,49.541077],[15.520904,49.540982]]]},"properties":{"fid_zbg":"474819379","typzast_p":"vodojem zemní","in_osm":false,"proposed:man_made":"reservoir_covered"}},{"type":"Feature","geometry":{"type":"Polygon","coordinates":[[[15.883805,49.233321],[15.88395,49.233434],[15.883853,49.233485],[15.883691,49.233352],[15.883805,49.233321]]]},"properties":{"fid_zbg":"8244781071204352","typzast_p":"vodojem zemní","osm_dist_m":447,"in_osm":false,"proposed:man_made":"reservoir_covered"}},{"type":"Feature","geometry":{"type":"Polygon","coordinates":[[[15.950504,49.364252],[15.950322,49.364104],[15.950559,49.363897],[15.950705,49.363966],[15.950767,49.364056],[15.95073,49.364111],[15.950504,49.364252]]]},"properties":{"fid_zbg":"479021525","typzast_p":"vodojem zemní","in_osm":false,"proposed:man_made":"reservoir_covered"}},{"type":"Feature","geometry":{"type":"Polygon","coordinates":[[[16.044127,49.476807],[16.04448,49.476529],[16.044965,49.476795],[16.044604,49.477077],[16.044127,49.476807]]]},"properties":{"fid_zbg":"478858849","typzast_p":"vodojem zemní","osm_dist_m":2,"in_osm":true,"proposed:man_made":"reservoir_covered"}},{"type":"Feature","geometry":{"type":"Polygon","coordinates":[[[15.484902,49.567795],[15.484674,49.567795],[15.484694,49.567664],[15.484742,49.56737],[15.48597,49.567458],[15.486392,49.567489],[15.486288,49.567917],[15.484902,49.567795]]]},"properties":{"fid_zbg":"474819865","typzast_p":"vodojem zemní","in_osm":false,"proposed:man_made":"reservoir_covered"}},{"type":"Feature","geometry":{"type":"Polygon","coordinates":[[[15.591468,49.545407],[15.591413,49.545244],[15.591403,49.545206],[15.591607,49.545179],[15.591661,49.545386],[15.591468,49.545407]]]},"properties":{"fid_zbg":"474818825","typzast_p":"vodojem zemní","in_osm":false,"proposed:man_made":"reservoir_covered"}},{"type":"Feature","geometry":{"type":"Polygon","coordinates":[[[15.887896,49.398147],[15.888232,49.397989],[15.888456,49.398208],[15.888123,49.398372],[15.887896,49.398147]]]},"properties":{"fid_zbg":"485949060","typzast_p":"vodojem zemní","in_osm":false,"proposed:man_made":"reservoir_covered"}},{"type":"Feature","geometry":{"type":"Polygon","coordinates":[[[15.514633,49.281922],[15.514955,49.281946],[15.514919,49.282139],[15.514612,49.282113],[15.514633,49.281922]]]},"properties":{"fid_zbg":"477508428","typzast_p":"vodojem zemní","in_osm":false,"proposed:man_made":"reservoir_covered"}},{"type":"Feature","geometry":{"type":"Polygon","coordinates":[[[15.462726,49.28808],[15.462672,49.288034],[15.462675,49.287944],[15.462735,49.287903],[15.462822,49.287892],[15.462879,49.287892],[15.462936,49.287904],[15.462995,49.287933],[15.463004,49.287973],[15.462966,49.28803],[15.46293,49.288064],[15.462857,49.288117],[15.462801,49.288114],[15.462726,49.28808]]]},"properties":{"fid_zbg":"471870480","typzast_p":"vodojem zemní","osm_dist_m":1601,"in_osm":false,"proposed:man_made":"reservoir_covered"}},{"type":"Feature","geometry":{"type":"Polygon","coordinates":[[[15.899025,49.451553],[15.898954,49.451456],[15.89914,49.451392],[15.899219,49.451516],[15.899025,49.451553]]]},"properties":{"fid_zbg":"485948658","typzast_p":"vodojem zemní","in_osm":false,"proposed:man_made":"reservoir_covered"}},{"type":"Feature","geometry":{"type":"Polygon","coordinates":[[[15.741599,49.613833],[15.741754,49.613768],[15.741865,49.613875],[15.741717,49.613941],[15.741599,49.613833]]]},"properties":{"fid_zbg":"474080444","typzast_p":"vodojem zemní","in_osm":false,"proposed:man_made":"reservoir_covered"}},{"type":"Feature","geometry":{"type":"Polygon","coordinates":[[[15.852371,49.256785],[15.852707,49.25669],[15.852756,49.256798],[15.852811,49.256891],[15.852528,49.256965],[15.852371,49.256785]]]},"properties":{"fid_zbg":"480114166","typzast_p":"vodojem zemní","osm_dist_m":16,"in_osm":true,"proposed:man_made":"reservoir_covered"}},{"type":"Feature","geometry":{"type":"Polygon","coordinates":[[[15.42668,49.711523],[15.426746,49.711262],[15.427219,49.711288],[15.427156,49.711427],[15.427148,49.711475],[15.427173,49.71151],[15.426843,49.711524],[15.42668,49.711523]]]},"properties":{"fid_zbg":"457044372","typzast_p":"vodojem zemní","in_osm":false,"proposed:man_made":"reservoir_covered"}},{"type":"Feature","geometry":{"type":"Polygon","coordinates":[[[15.775581,49.373883],[15.775607,49.373574],[15.775642,49.373416],[15.775894,49.373392],[15.775936,49.373388],[15.776104,49.373444],[15.776154,49.373508],[15.77612,49.373833],[15.775581,49.373883]]]},"properties":{"fid_zbg":"474218729","typzast_p":"vodojem zemní","osm_dist_m":54,"in_osm":true,"proposed:man_made":"reservoir_covered"}},{"type":"Feature","geometry":{"type":"Polygon","coordinates":[[[15.778577,49.532814],[15.778803,49.532698],[15.778909,49.53279],[15.778685,49.532903],[15.778577,49.532814]]]},"properties":{"fid_zbg":"478687789","typzast_p":"vodojem zemní","in_osm":false,"proposed:man_made":"reservoir_covered"}},{"type":"Feature","geometry":{"type":"Polygon","coordinates":[[[15.653479,49.763123],[15.653483,49.763096],[15.6535,49.762939],[15.653617,49.762941],[15.653727,49.762949],[15.653719,49.762997],[15.653713,49.763032],[15.653697,49.763135],[15.653479,49.763123]]]},"properties":{"fid_zbg":"476950318","typzast_p":"vodojem zemní","in_osm":false,"proposed:man_made":"reservoir_covered"}},{"type":"Feature","geometry":{"type":"Polygon","coordinates":[[[15.777468,49.720261],[15.777403,49.720115],[15.777314,49.719878],[15.777676,49.719823],[15.77773,49.719814],[15.777829,49.719922],[15.77792,49.720018],[15.777955,49.72005],[15.777976,49.720066],[15.778109,49.720161],[15.777972,49.720229],[15.777666,49.720249],[15.777468,49.720261]],[[15.777574,49.720078],[15.77757,49.720076],[15.777566,49.720076],[15.777561,49.720075],[15.777554,49.720076],[15.777477,49.720111],[15.777474,49.720114],[15.777473,49.720119],[15.777478,49.720123],[15.777486,49.720128],[15.777671,49.720236],[15.777684,49.720231],[15.777734,49.720189],[15.777574,49.720078]]]},"properties":{"fid_zbg":"476939146","typzast_p":"vodojem zemní","in_osm":false,"proposed:man_made":"reservoir_covered"}},{"type":"Feature","geometry":{"type":"Polygon","coordinates":[[[16.120962,49.6558],[16.121299,49.655749],[16.121485,49.656101],[16.12123,49.656194],[16.120962,49.6558]]]},"properties":{"fid_zbg":"456065391","typzast_p":"vodojem zemní","in_osm":false,"proposed:man_made":"reservoir_covered"}},{"type":"Feature","geometry":{"type":"Polygon","coordinates":[[[16.099594,49.736204],[16.099996,49.736172],[16.100034,49.736363],[16.099661,49.736398],[16.099633,49.736321],[16.099594,49.736204]]]},"properties":{"fid_zbg":"486770177","typzast_p":"vodojem zemní","osm_dist_m":1522,"in_osm":false,"proposed:man_made":"reservoir_covered"}},{"type":"Feature","geometry":{"type":"Polygon","coordinates":[[[16.009518,49.607951],[16.009859,49.607923],[16.009895,49.608108],[16.009551,49.608133],[16.009518,49.607951]]]},"properties":{"fid_zbg":"386099193","typzast_p":"vodojem zemní","in_osm":false,"proposed:man_made":"reservoir_covered"}},{"type":"Feature","geometry":{"type":"Polygon","coordinates":[[[15.968363,49.619957],[15.968164,49.619702],[15.968554,49.619572],[15.968734,49.619799],[15.968567,49.619871],[15.968363,49.619957]]]},"properties":{"fid_zbg":"474086023","typzast_p":"vodojem zemní","in_osm":false,"proposed:man_made":"reservoir_covered"}},{"type":"Feature","geometry":{"type":"Polygon","coordinates":[[[15.517925,49.728609],[15.517881,49.728732],[15.517589,49.728682],[15.517658,49.728535],[15.517692,49.728538],[15.517829,49.728563],[15.517925,49.728609]]]},"properties":{"fid_zbg":"8245688366268416","typzast_p":"vodojem zemní","osm_dist_m":1865,"in_osm":false,"proposed:man_made":"reservoir_covered"}},{"type":"Feature","geometry":{"type":"Polygon","coordinates":[[[16.183956,49.536228],[16.184015,49.536257],[16.18388,49.536388],[16.183687,49.536296],[16.183828,49.536166],[16.183956,49.536228]]]},"properties":{"fid_zbg":"11211614959173632","typzast_p":"vodojem zemní","osm_dist_m":233,"in_osm":false,"proposed:man_made":"reservoir_covered"}},{"type":"Feature","geometry":{"type":"Polygon","coordinates":[[[15.778891,49.387929],[15.778771,49.387726],[15.779099,49.387668],[15.779204,49.387857],[15.778891,49.387929]]]},"properties":{"fid_zbg":"10915028207140864","typzast_p":"vodojem zemní","osm_dist_m":1573,"in_osm":false,"proposed:man_made":"reservoir_covered"}},{"type":"Feature","geometry":{"type":"Polygon","coordinates":[[[15.814642,49.271516],[15.814606,49.271317],[15.81489,49.271293],[15.81492,49.271477],[15.815064,49.271471],[15.81509,49.271681],[15.814875,49.271691],[15.814832,49.271504],[15.814642,49.271516]]]},"properties":{"fid_zbg":"476931736","typzast_p":"vodojem zemní","in_osm":false,"proposed:man_made":"reservoir_covered"}},{"type":"Feature","geometry":{"type":"Polygon","coordinates":[[[15.792272,49.362452],[15.792151,49.362587],[15.791843,49.362459],[15.791915,49.362317],[15.792002,49.36235],[15.792272,49.362452]]]},"properties":{"fid_zbg":"480444731","typzast_p":"vodojem zemní","in_osm":false,"proposed:man_made":"reservoir_covered"}},{"type":"Feature","geometry":{"type":"Polygon","coordinates":[[[15.894812,49.255276],[15.894332,49.25546],[15.89423,49.255353],[15.894103,49.255214],[15.893976,49.255072],[15.894088,49.255009],[15.894059,49.254979],[15.893974,49.254907],[15.893822,49.254775],[15.893734,49.254686],[15.893699,49.254643],[15.89386,49.254575],[15.894181,49.254461],[15.894308,49.254588],[15.894377,49.254691],[15.894499,49.254883],[15.894812,49.255276]]]},"properties":{"fid_zbg":"476930084","typzast_p":"vodojem zemní","in_osm":false,"proposed:man_made":"reservoir_covered"}},{"type":"Feature","geometry":{"type":"Polygon","coordinates":[[[15.991918,49.537743],[15.99182,49.537719],[15.991868,49.537633],[15.992011,49.537666],[15.991981,49.53772],[15.99196,49.537755],[15.991918,49.537743]]]},"properties":{"fid_zbg":"8247331828793344","typzast_p":"vodojem zemní","in_osm":false,"proposed:man_made":"reservoir_covered"}},{"type":"Feature","geometry":{"type":"Polygon","coordinates":[[[16.082664,49.294214],[16.082934,49.294415],[16.082691,49.294561],[16.082412,49.294361],[16.082664,49.294214]]]},"properties":{"fid_zbg":"8249152022511616","typzast_p":"vodojem zemní","in_osm":false,"proposed:man_made":"reservoir_covered"}},{"type":"Feature","geometry":{"type":"Polygon","coordinates":[[[16.128767,49.320365],[16.128692,49.320645],[16.128471,49.320599],[16.128447,49.320609],[16.128376,49.320589],[16.128348,49.320571],[16.128195,49.320543],[16.128157,49.320518],[16.128111,49.320472],[16.128141,49.320396],[16.128446,49.320213],[16.128482,49.320214],[16.128788,49.320256],[16.128767,49.320365]]]},"properties":{"fid_zbg":"8249170695553024","typzast_p":"vodojem zemní","in_osm":false,"proposed:man_made":"reservoir_covered"}},{"type":"Feature","geometry":{"type":"Polygon","coordinates":[[[16.089246,49.328319],[16.088781,49.328626],[16.088536,49.328458],[16.088509,49.328438],[16.088504,49.328361],[16.088499,49.328313],[16.088975,49.328117],[16.089246,49.328319]]]},"properties":{"fid_zbg":"8249175628054528","typzast_p":"vodojem zemní","in_osm":false,"proposed:man_made":"reservoir_covered"}},{"type":"Feature","geometry":{"type":"Polygon","coordinates":[[[16.157686,49.315536],[16.157914,49.315732],[16.157237,49.316114],[16.157157,49.316158],[16.156898,49.315955],[16.157686,49.315536]]]},"properties":{"fid_zbg":"8249119172722688","typzast_p":"vodojem zemní","osm_dist_m":485,"in_osm":false,"proposed:man_made":"reservoir_covered"}},{"type":"Feature","geometry":{"type":"Polygon","coordinates":[[[16.148708,49.299092],[16.1489,49.298936],[16.149086,49.299021],[16.148898,49.299177],[16.148708,49.299092]]]},"properties":{"fid_zbg":"8249183546900480","typzast_p":"vodojem zemní","in_osm":false,"proposed:man_made":"reservoir_covered"}},{"type":"Feature","geometry":{"type":"Polygon","coordinates":[[[16.139439,49.234831],[16.139257,49.234666],[16.139556,49.234498],[16.139778,49.234681],[16.139439,49.234831]]]},"properties":{"fid_zbg":"8249090836004864","typzast_p":"vodojem zemní","in_osm":false,"proposed:man_made":"reservoir_covered"}},{"type":"Feature","geometry":{"type":"Polygon","coordinates":[[[16.117515,49.227612],[16.117667,49.227637],[16.117637,49.227662],[16.117662,49.227669],[16.117691,49.227695],[16.117698,49.227719],[16.117742,49.227713],[16.11773,49.227816],[16.117599,49.227871],[16.117452,49.227857],[16.117364,49.227776],[16.117383,49.227673],[16.117515,49.227612]]]},"properties":{"fid_zbg":"8249078353756160","typzast_p":"vodojem zemní","in_osm":false,"proposed:man_made":"reservoir_covered"}},{"type":"Feature","geometry":{"type":"Polygon","coordinates":[[[16.162342,49.28683],[16.162494,49.286807],[16.162577,49.286909],[16.162381,49.286978],[16.162342,49.28683]]]},"properties":{"fid_zbg":"8249093033820160","typzast_p":"vodojem zemní","in_osm":false,"proposed:man_made":"reservoir_covered"}},{"type":"Feature","geometry":{"type":"Polygon","coordinates":[[[16.135979,49.317889],[16.13597,49.31771],[16.136288,49.317707],[16.136278,49.317868],[16.135979,49.317889]]]},"properties":{"fid_zbg":"8249178413072384","typzast_p":"vodojem zemní","in_osm":false,"proposed:man_made":"reservoir_covered"}},{"type":"Feature","geometry":{"type":"Polygon","coordinates":[[[16.108408,49.581179],[16.108498,49.581119],[16.108555,49.581079],[16.108618,49.581042],[16.108805,49.580932],[16.108912,49.58086],[16.109209,49.581051],[16.109984,49.581551],[16.109483,49.581877],[16.108408,49.581179]]]},"properties":{"fid_zbg":"474075960","typzast_p":"vodojem zemní","osm_dist_m":6,"in_osm":true,"proposed:man_made":"reservoir_covered"}},{"type":"Feature","geometry":{"type":"Polygon","coordinates":[[[16.174001,49.652829],[16.174086,49.652742],[16.174313,49.652831],[16.174226,49.652921],[16.174001,49.652829]]]},"properties":{"fid_zbg":"11733093748572160","typzast_p":"vodojem zemní","in_osm":false,"proposed:man_made":"reservoir_covered"}},{"type":"Feature","geometry":{"type":"Polygon","coordinates":[[[16.033891,49.774525],[16.033748,49.774609],[16.033639,49.774527],[16.033575,49.774477],[16.033889,49.774286],[16.034065,49.77442],[16.033891,49.774525]]]},"properties":{"fid_zbg":"8245631273402368","typzast_p":"vodojem zemní","in_osm":false,"proposed:man_made":"reservoir_covered"}},{"type":"Feature","geometry":{"type":"Polygon","coordinates":[[[15.76608,49.747647],[15.765813,49.747568],[15.765959,49.747416],[15.766181,49.747487],[15.76608,49.747647]]]},"properties":{"fid_zbg":"476942756","typzast_p":"vodojem zemní","osm_dist_m":11,"in_osm":true,"proposed:man_made":"reservoir_covered"}},{"type":"Feature","geometry":{"type":"Polygon","coordinates":[[[15.431441,49.398564],[15.431613,49.3986],[15.431564,49.398692],[15.431493,49.398839],[15.431367,49.398808],[15.431353,49.39875],[15.431441,49.398564]]]},"properties":{"fid_zbg":"11868588289818624","typzast_p":"vodojem zemní","in_osm":false,"proposed:man_made":"reservoir_covered"}},{"type":"Feature","geometry":{"type":"Polygon","coordinates":[[[15.635802,49.291815],[15.636047,49.291725],[15.636172,49.291886],[15.635933,49.291979],[15.635802,49.291815]]]},"properties":{"fid_zbg":"477508528","typzast_p":"vodojem zemní","in_osm":false,"proposed:man_made":"reservoir_covered"}},{"type":"Feature","geometry":{"type":"Polygon","coordinates":[[[15.727241,49.696617],[15.727488,49.696745],[15.727244,49.696942],[15.72697,49.696782],[15.727241,49.696617]]]},"properties":{"fid_zbg":"445005321","typzast_p":"vodojem zemní","in_osm":false,"proposed:man_made":"reservoir_covered"}},{"type":"Feature","geometry":{"type":"Polygon","coordinates":[[[15.467568,49.671349],[15.467626,49.671364],[15.467639,49.671405],[15.467674,49.671403],[15.467715,49.6714],[15.467715,49.671355],[15.468127,49.671434],[15.467919,49.671783],[15.467765,49.671774],[15.467655,49.671764],[15.467667,49.671578],[15.467597,49.671577],[15.467538,49.671499],[15.467506,49.671487],[15.467568,49.671349]]]},"properties":{"fid_zbg":"474819045","typzast_p":"vodojem zemní","in_osm":false,"proposed:man_made":"reservoir_covered"}},{"type":"Feature","geometry":{"type":"Polygon","coordinates":[[[15.492588,49.66812],[15.492606,49.668079],[15.492625,49.668038],[15.492668,49.667993],[15.492746,49.667958],[15.492826,49.66795],[15.492866,49.667955],[15.492903,49.667972],[15.49293,49.66799],[15.49294,49.668015],[15.492941,49.668049],[15.492947,49.668111],[15.492933,49.668158],[15.492874,49.66815],[15.492588,49.66812]]]},"properties":{"fid_zbg":"474826239","typzast_p":"vodojem zemní","in_osm":false,"proposed:man_made":"reservoir_covered"}},{"type":"Feature","geometry":{"type":"Polygon","coordinates":[[[15.877232,49.560085],[15.877005,49.560023],[15.876897,49.559887],[15.876988,49.559753],[15.877246,49.559809],[15.877327,49.559953],[15.877232,49.560085]]]},"properties":{"fid_zbg":"12052526236958720","typzast_p":"vodojem zemní","in_osm":false,"proposed:man_made":"reservoir_covered"}},{"type":"Feature","geometry":{"type":"Polygon","coordinates":[[[15.553672,49.678239],[15.553339,49.678293],[15.55317,49.678283],[15.55308,49.678268],[15.553037,49.67824],[15.553027,49.678218],[15.553034,49.678185],[15.553085,49.678166],[15.553449,49.678074],[15.553538,49.678046],[15.553672,49.678239]]]},"properties":{"fid_zbg":"75883878664896512","typzast_p":"vodojem zemní","in_osm":false,"proposed:man_made":"reservoir_covered"}},{"type":"Feature","geometry":{"type":"Polygon","coordinates":[[[16.121098,49.529047],[16.121392,49.529023],[16.12141,49.529123],[16.12136,49.529178],[16.121159,49.529212],[16.121098,49.529047]]]},"properties":{"fid_zbg":"477954078","typzast_p":"vodojem zemní","in_osm":false,"proposed:man_made":"reservoir_covered"}},{"type":"Feature","geometry":{"type":"Polygon","coordinates":[[[16.081949,49.358365],[16.0819,49.358163],[16.08211,49.358126],[16.082394,49.358083],[16.082442,49.358295],[16.082344,49.358331],[16.081949,49.358365]]]},"properties":{"fid_zbg":"8273062323552256","typzast_p":"vodojem zemní","in_osm":false,"proposed:man_made":"reservoir_covered"}},{"type":"Feature","geometry":{"type":"Polygon","coordinates":[[[16.082358,49.411177],[16.082442,49.411116],[16.082572,49.411188],[16.082487,49.41125],[16.082358,49.411177]]]},"properties":{"fid_zbg":"29139965040394240","typzast_p":"vodojem zemní","in_osm":false,"proposed:man_made":"reservoir_covered"}},{"type":"Feature","geometry":{"type":"Polygon","coordinates":[[[15.732758,49.799784],[15.732629,49.799657],[15.732842,49.799591],[15.732947,49.799717],[15.732758,49.799784]]]},"properties":{"fid_zbg":"29300499526189056","typzast_p":"vodojem zemní","in_osm":false,"proposed:man_made":"reservoir_covered"}},{"type":"Feature","geometry":{"type":"Polygon","coordinates":[[[16.036079,49.573887],[16.03607,49.573987],[16.035896,49.573987],[16.035904,49.573881],[16.036079,49.573887]]]},"properties":{"fid_zbg":"29462221369114624","typzast_p":"vodojem zemní","in_osm":false,"proposed:man_made":"reservoir_covered"}},{"type":"Feature","geometry":{"type":"Polygon","coordinates":[[[15.529308,49.759029],[15.529522,49.759001],[15.529567,49.759186],[15.529368,49.759219],[15.529308,49.759029]]]},"properties":{"fid_zbg":"29536352924073984","typzast_p":"vodojem zemní","in_osm":false,"proposed:man_made":"reservoir_covered"}},{"type":"Feature","geometry":{"type":"Polygon","coordinates":[[[15.516756,49.742101],[15.517131,49.741985],[15.517302,49.742205],[15.516929,49.742318],[15.516756,49.742101]]]},"properties":{"fid_zbg":"29536352957628416","typzast_p":"vodojem zemní","in_osm":false,"proposed:man_made":"reservoir_covered"}},{"type":"Feature","geometry":{"type":"Polygon","coordinates":[[[16.125004,49.573944],[16.124969,49.574213],[16.124549,49.574184],[16.124589,49.573904],[16.125004,49.573944]]]},"properties":{"fid_zbg":"474074716","typzast_p":"vodojem zemní","osm_dist_m":6,"in_osm":true,"proposed:man_made":"reservoir_covered"}},{"type":"Feature","geometry":{"type":"Polygon","coordinates":[[[15.83665,49.532706],[15.836979,49.532473],[15.837252,49.532628],[15.83693,49.532862],[15.83665,49.532706]]]},"properties":{"fid_zbg":"29393801432793088","typzast_p":"vodojem zemní","in_osm":false,"proposed:man_made":"reservoir_covered"}},{"type":"Feature","geometry":{"type":"Polygon","coordinates":[[[15.905867,49.52457],[15.905992,49.524509],[15.906076,49.524581],[15.905949,49.524642],[15.905867,49.52457]]]},"properties":{"fid_zbg":"29650312952283136","typzast_p":"vodojem zemní","osm_dist_m":1152,"in_osm":false,"proposed:man_made":"reservoir_covered"}},{"type":"Feature","geometry":{"type":"Polygon","coordinates":[[[15.996827,49.58251],[15.996964,49.582385],[15.997109,49.582451],[15.996973,49.582573],[15.996827,49.58251]]]},"properties":{"fid_zbg":"474082504","typzast_p":"vodojem zemní","in_osm":false,"proposed:man_made":"reservoir_covered"}},{"type":"Feature","geometry":{"type":"Polygon","coordinates":[[[16.063834,49.705843],[16.064133,49.705759],[16.064228,49.705955],[16.06396,49.706016],[16.063834,49.705843]]]},"properties":{"fid_zbg":"30074647097638912","typzast_p":"vodojem zemní","osm_dist_m":10,"in_osm":true,"proposed:man_made":"reservoir_covered"}},{"type":"Feature","geometry":{"type":"Polygon","coordinates":[[[15.573661,49.352995],[15.573354,49.353127],[15.573142,49.352907],[15.573431,49.352786],[15.573661,49.352995]]]},"properties":{"fid_zbg":"30833229455949824","typzast_p":"vodojem zemní","in_osm":false,"proposed:man_made":"reservoir_covered"}},{"type":"Feature","geometry":{"type":"Polygon","coordinates":[[[16.187181,49.602689],[16.187202,49.60251],[16.187233,49.602438],[16.187437,49.602451],[16.187469,49.602673],[16.187181,49.602689]]]},"properties":{"fid_zbg":"474073092","typzast_p":"vodojem zemní","in_osm":false,"proposed:man_made":"reservoir_covered"}},{"type":"Feature","geometry":{"type":"Polygon","coordinates":[[[15.530108,49.776761],[15.530133,49.776637],[15.530435,49.776658],[15.53041,49.776785],[15.530108,49.776761]]]},"properties":{"fid_zbg":"32423845478531072","typzast_p":"vodojem zemní","in_osm":false,"proposed:man_made":"reservoir_covered"}},{"type":"Feature","geometry":{"type":"Polygon","coordinates":[[[16.037247,49.569079],[16.037466,49.568993],[16.037574,49.569096],[16.037382,49.569208],[16.037247,49.569079]]]},"properties":{"fid_zbg":"439724370","typzast_p":"vodojem zemní","in_osm":false,"proposed:man_made":"reservoir_covered"}},{"type":"Feature","geometry":{"type":"Polygon","coordinates":[[[15.663028,49.264774],[15.663428,49.264691],[15.663528,49.264964],[15.663121,49.265022],[15.663028,49.264774]]]},"properties":{"fid_zbg":"472263892","typzast_p":"vodojem zemní","in_osm":false,"proposed:man_made":"reservoir_covered"}},{"type":"Feature","geometry":{"type":"Polygon","coordinates":[[[15.488432,49.668697],[15.488566,49.668531],[15.488755,49.668604],[15.488646,49.668771],[15.488432,49.668697]]]},"properties":{"fid_zbg":"48195866258833408","typzast_p":"vodojem zemní","in_osm":false,"proposed:man_made":"reservoir_covered"}},{"type":"Feature","geometry":{"type":"Polygon","coordinates":[[[15.851421,49.374996],[15.851659,49.374948],[15.851754,49.375135],[15.851506,49.375184],[15.851421,49.374996]]]},"properties":{"fid_zbg":"480219719","typzast_p":"vodojem zemní","in_osm":false,"proposed:man_made":"reservoir_covered"}},{"type":"Feature","geometry":{"type":"Polygon","coordinates":[[[16.060362,49.350094],[16.060529,49.349869],[16.060806,49.349985],[16.06066,49.350178],[16.060362,49.350094]]]},"properties":{"fid_zbg":"50431162744569856","typzast_p":"vodojem zemní","in_osm":false,"proposed:man_made":"reservoir_covered"}},{"type":"Feature","geometry":{"type":"Polygon","coordinates":[[[15.830199,49.70669],[15.830291,49.706634],[15.830458,49.706637],[15.830764,49.706861],[15.8306,49.706979],[15.83031,49.706966],[15.830207,49.706897],[15.830199,49.70669]]]},"properties":{"fid_zbg":"468098688","typzast_p":"vodojem zemní","in_osm":false,"proposed:man_made":"reservoir_covered"}},{"type":"Feature","geometry":{"type":"Polygon","coordinates":[[[15.860782,49.771119],[15.860746,49.771071],[15.860746,49.770988],[15.860915,49.770982],[15.860981,49.770976],[15.861031,49.770972],[15.861119,49.77097],[15.861128,49.771106],[15.860782,49.771119]]]},"properties":{"fid_zbg":"476937010","typzast_p":"vodojem zemní","osm_dist_m":4,"in_osm":true,"proposed:man_made":"reservoir_covered"}},{"type":"Feature","geometry":{"type":"Polygon","coordinates":[[[15.933555,49.589052],[15.933563,49.588944],[15.933729,49.588949],[15.933721,49.589057],[15.933555,49.589052]]]},"properties":{"fid_zbg":"474090253","typzast_p":"vodojem zemní","osm_dist_m":71,"in_osm":true,"proposed:man_made":"reservoir_covered"}},{"type":"Feature","geometry":{"type":"Polygon","coordinates":[[[15.806018,49.254551],[15.805548,49.254629],[15.805202,49.2544],[15.805244,49.254379],[15.805413,49.254295],[15.805549,49.254296],[15.805639,49.254312],[15.80576,49.254345],[15.805809,49.254376],[15.806018,49.254551]]]},"properties":{"fid_zbg":"480115333","typzast_p":"vodojem zemní","in_osm":false,"proposed:man_made":"reservoir_covered"}},{"type":"Feature","geometry":{"type":"Polygon","coordinates":[[[15.813589,49.373363],[15.813857,49.373281],[15.814,49.373535],[15.813689,49.373599],[15.813589,49.373363]]]},"properties":{"fid_zbg":"474208391","typzast_p":"vodojem zemní","in_osm":false,"proposed:man_made":"reservoir_covered"}},{"type":"Feature","geometry":{"type":"Polygon","coordinates":[[[15.865954,49.437706],[15.865758,49.43755],[15.866149,49.437341],[15.866346,49.43749],[15.866147,49.4376],[15.865954,49.437706]]]},"properties":{"fid_zbg":"485950987","typzast_p":"vodojem zemní","in_osm":false,"proposed:man_made":"reservoir_covered"}},{"type":"Feature","geometry":{"type":"Polygon","coordinates":[[[15.910551,49.403186],[15.910422,49.403231],[15.910311,49.403261],[15.910215,49.403282],[15.91011,49.40311],[15.910456,49.403015],[15.910551,49.403186]]]},"properties":{"fid_zbg":"485948404","typzast_p":"vodojem zemní","in_osm":false,"proposed:man_made":"reservoir_covered"}},{"type":"Feature","geometry":{"type":"Polygon","coordinates":[[[15.816212,49.700339],[15.816438,49.699996],[15.81661,49.700004],[15.816725,49.700031],[15.816916,49.700077],[15.817487,49.700212],[15.817167,49.700737],[15.816893,49.701219],[15.816351,49.701119],[15.815826,49.700994],[15.815968,49.700752],[15.81618,49.700395],[15.816212,49.700339]]]},"properties":{"fid_zbg":"468100856","typzast_p":"vodojem zemní","in_osm":false,"proposed:man_made":"reservoir_covered"}},{"type":"Feature","geometry":{"type":"Polygon","coordinates":[[[15.755411,49.585414],[15.755671,49.585329],[15.755807,49.585526],[15.756013,49.585824],[15.756194,49.586084],[15.755939,49.586177],[15.755818,49.585999],[15.755688,49.585815],[15.755621,49.585718],[15.755411,49.585414]]]},"properties":{"fid_zbg":"474084814","typzast_p":"vodojem zemní","in_osm":false,"proposed:man_made":"reservoir_covered"}},{"type":"Feature","geometry":{"type":"Polygon","coordinates":[[[15.440036,49.575321],[15.440065,49.575483],[15.439754,49.575506],[15.439727,49.575345],[15.439976,49.575326],[15.440004,49.575324],[15.440036,49.575321]]]},"properties":{"fid_zbg":"474819779","typzast_p":"vodojem zemní","in_osm":false,"proposed:man_made":"reservoir_covered"}},{"type":"Feature","geometry":{"type":"Polygon","coordinates":[[[15.828615,49.468239],[15.828589,49.468081],[15.828605,49.46808],[15.828823,49.468062],[15.828847,49.468103],[15.828856,49.468229],[15.828615,49.468239]]]},"properties":{"fid_zbg":"485956042","typzast_p":"vodojem zemní","osm_dist_m":656,"in_osm":false,"proposed:man_made":"reservoir_covered"}},{"type":"Feature","geometry":{"type":"Polygon","coordinates":[[[15.433305,49.464665],[15.433555,49.464472],[15.433571,49.464459],[15.433827,49.464625],[15.433675,49.464858],[15.433305,49.464665]]]},"properties":{"fid_zbg":"473759713","typzast_p":"vodojem zemní","in_osm":false,"proposed:man_made":"reservoir_covered"}},{"type":"Feature","geometry":{"type":"Polygon","coordinates":[[[15.567311,49.634172],[15.567442,49.633992],[15.567585,49.633808],[15.567834,49.633704],[15.568254,49.634172],[15.568471,49.634428],[15.567842,49.634699],[15.567311,49.634172]]]},"properties":{"fid_zbg":"474819281","typzast_p":"vodojem zemní","in_osm":false,"proposed:man_made":"reservoir_covered"}},{"type":"Feature","geometry":{"type":"Polygon","coordinates":[[[15.481415,49.763879],[15.481427,49.764132],[15.481129,49.764139],[15.481011,49.764141],[15.481005,49.76398],[15.481036,49.76398],[15.481034,49.763942],[15.481004,49.763942],[15.480995,49.763735],[15.481401,49.763748],[15.481415,49.763879]]]},"properties":{"fid_zbg":"474721752","typzast_p":"vodojem zemní","osm_dist_m":23,"in_osm":true,"proposed:man_made":"reservoir_covered"}},{"type":"Feature","geometry":{"type":"Polygon","coordinates":[[[15.951952,49.744416],[15.951798,49.744698],[15.95145,49.744665],[15.951517,49.744349],[15.951952,49.744416]]]},"properties":{"fid_zbg":"476939918","typzast_p":"vodojem zemní","osm_dist_m":1375,"in_osm":false,"proposed:man_made":"reservoir_covered"}},{"type":"Feature","geometry":{"type":"Polygon","coordinates":[[[15.665499,49.301444],[15.665505,49.301145],[15.66593,49.301133],[15.666427,49.301209],[15.666432,49.301453],[15.665499,49.301444]]]},"properties":{"fid_zbg":"477509336","typzast_p":"vodojem zemní","osm_dist_m":1512,"in_osm":false,"proposed:man_made":"reservoir_covered"}},{"type":"Feature","geometry":{"type":"Polygon","coordinates":[[[15.431799,49.729869],[15.431623,49.730066],[15.431539,49.730099],[15.431271,49.730069],[15.431229,49.730019],[15.431328,49.729845],[15.431799,49.729869]]]},"properties":{"fid_zbg":"457043920","typzast_p":"vodojem zemní","in_osm":false,"proposed:man_made":"reservoir_covered"}},{"type":"Feature","geometry":{"type":"Polygon","coordinates":[[[15.434277,49.463905],[15.43449,49.464028],[15.434204,49.464253],[15.434034,49.464157],[15.433992,49.464132],[15.434262,49.463917],[15.434277,49.463905]]]},"properties":{"fid_zbg":"473760257","typzast_p":"vodojem zemní","in_osm":false,"proposed:man_made":"reservoir_covered"}},{"type":"Feature","geometry":{"type":"Polygon","coordinates":[[[15.924605,49.614205],[15.924951,49.614169],[15.92511,49.614417],[15.924648,49.614518],[15.924679,49.614348],[15.924662,49.614289],[15.924637,49.614244],[15.924605,49.614205]]]},"properties":{"fid_zbg":"474080650","typzast_p":"vodojem zemní","osm_dist_m":1630,"in_osm":false,"proposed:man_made":"reservoir_covered"}},{"type":"Feature","geometry":{"type":"Polygon","coordinates":[[[15.489124,49.482736],[15.489302,49.483191],[15.488874,49.483269],[15.488834,49.483088],[15.488854,49.482941],[15.488869,49.482875],[15.489124,49.482736]]]},"properties":{"fid_zbg":"473758933","typzast_p":"vodojem zemní","osm_dist_m":1503,"in_osm":false,"proposed:man_made":"reservoir_covered"}},{"type":"Feature","geometry":{"type":"Polygon","coordinates":[[[16.024579,49.763111],[16.024023,49.763134],[16.023973,49.763027],[16.02394,49.762942],[16.023916,49.762894],[16.024535,49.762845],[16.024579,49.763111]]]},"properties":{"fid_zbg":"8304909438943232","typzast_p":"vodojem zemní","in_osm":false,"proposed:man_made":"reservoir_covered"}},{"type":"Feature","geometry":{"type":"Polygon","coordinates":[[[15.767545,49.604722],[15.767721,49.604945],[15.767238,49.605065],[15.767077,49.604837],[15.767545,49.604722]]]},"properties":{"fid_zbg":"474080786","typzast_p":"vodojem zemní","in_osm":false,"proposed:man_made":"reservoir_covered"}},{"type":"Feature","geometry":{"type":"Polygon","coordinates":[[[15.451177,49.728489],[15.450955,49.728721],[15.450729,49.728511],[15.451177,49.728489]]]},"properties":{"fid_zbg":"457047500","typzast_p":"vodojem zemní","in_osm":false,"proposed:man_made":"reservoir_covered"}},{"type":"Feature","geometry":{"type":"Polygon","coordinates":[[[15.873136,49.209459],[15.873254,49.209247],[15.873455,49.209195],[15.873653,49.209154],[15.873838,49.209308],[15.873839,49.209497],[15.87342,49.20952],[15.873366,49.209513],[15.873136,49.209459]]]},"properties":{"fid_zbg":"480741614","typzast_p":"vodojem zemní","osm_dist_m":8,"in_osm":true,"proposed:man_made":"reservoir_covered"}},{"type":"Feature","geometry":{"type":"Polygon","coordinates":[[[15.423965,49.441085],[15.424048,49.440811],[15.424417,49.440846],[15.424378,49.441004],[15.424352,49.441063],[15.4243,49.441137],[15.423965,49.441085]]]},"properties":{"fid_zbg":"473767845","typzast_p":"vodojem zemní","osm_dist_m":558,"in_osm":false,"proposed:man_made":"reservoir_covered"}},{"type":"Feature","geometry":{"type":"Polygon","coordinates":[[[15.541056,49.545981],[15.541008,49.546118],[15.540707,49.546078],[15.540794,49.545832],[15.541093,49.545866],[15.541056,49.545981]]]},"properties":{"fid_zbg":"474818743","typzast_p":"vodojem zemní","in_osm":false,"proposed:man_made":"reservoir_covered"}},{"type":"Feature","geometry":{"type":"Polygon","coordinates":[[[15.742691,49.738748],[15.742878,49.73852],[15.743191,49.738679],[15.74299,49.738908],[15.742691,49.738748]]]},"properties":{"fid_zbg":"476935900","typzast_p":"vodojem zemní","in_osm":false,"proposed:man_made":"reservoir_covered"}},{"type":"Feature","geometry":{"type":"Polygon","coordinates":[[[15.57708,49.266304],[15.576694,49.266382],[15.576512,49.266047],[15.576553,49.266038],[15.576962,49.265942],[15.577086,49.266021],[15.577126,49.266146],[15.57708,49.266304]]]},"properties":{"fid_zbg":"481136393","typzast_p":"vodojem zemní","in_osm":false,"proposed:man_made":"reservoir_covered"}},{"type":"Feature","geometry":{"type":"Polygon","coordinates":[[[16.004502,49.501493],[16.004161,49.501377],[16.004213,49.501317],[16.004229,49.501299],[16.004245,49.501281],[16.004605,49.501394],[16.004502,49.501493]]]},"properties":{"fid_zbg":"478953526","typzast_p":"vodojem zemní","in_osm":false,"proposed:man_made":"reservoir_covered"}},{"type":"Feature","geometry":{"type":"Polygon","coordinates":[[[16.042039,49.505078],[16.042299,49.504999],[16.042469,49.505251],[16.042216,49.505325],[16.042039,49.505078]]]},"properties":{"fid_zbg":"478954033","typzast_p":"vodojem zemní","in_osm":false,"proposed:man_made":"reservoir_covered"}},{"type":"Feature","geometry":{"type":"Polygon","coordinates":[[[15.920196,49.549994],[15.9201,49.54991],[15.920223,49.549852],[15.92032,49.549935],[15.920196,49.549994]]]},"properties":{"fid_zbg":"477749578","typzast_p":"vodojem zemní","osm_dist_m":642,"in_osm":false,"proposed:man_made":"reservoir_covered"}},{"type":"Feature","geometry":{"type":"Polygon","coordinates":[[[16.053705,49.716188],[16.053814,49.716305],[16.053521,49.716416],[16.053405,49.716306],[16.053705,49.716188]]]},"properties":{"fid_zbg":"8242201406472192","typzast_p":"vodojem zemní","osm_dist_m":1356,"in_osm":false,"proposed:man_made":"reservoir_covered"}},{"type":"Feature","geometry":{"type":"Polygon","coordinates":[[[16.00146,49.732768],[16.001241,49.732896],[16.001035,49.732745],[16.001242,49.732634],[16.00146,49.732768]]]},"properties":{"fid_zbg":"8242209962852352","typzast_p":"vodojem zemní","in_osm":false,"proposed:man_made":"reservoir_covered"}},{"type":"Feature","geometry":{"type":"Polygon","coordinates":[[[16.145308,49.655337],[16.145336,49.655214],[16.145538,49.655213],[16.145528,49.65531],[16.145449,49.655353],[16.145308,49.655337]]]},"properties":{"fid_zbg":"8248017782046720","typzast_p":"vodojem zemní","osm_dist_m":2,"in_osm":true,"proposed:man_made":"reservoir_covered"}},{"type":"Feature","geometry":{"type":"Polygon","coordinates":[[[16.051876,49.310621],[16.051825,49.310841],[16.051487,49.310813],[16.051519,49.310659],[16.051529,49.310597],[16.051876,49.310621]]]},"properties":{"fid_zbg":"8249148868395008","typzast_p":"vodojem zemní","osm_dist_m":15,"in_osm":true,"proposed:man_made":"reservoir_covered"}},{"type":"Feature","geometry":{"type":"Polygon","coordinates":[[[16.04978,49.327187],[16.049972,49.327051],[16.05028,49.327207],[16.050336,49.32729],[16.050175,49.327378],[16.049834,49.327317],[16.04978,49.327187]]]},"properties":{"fid_zbg":"8249167105228800","typzast_p":"vodojem zemní","osm_dist_m":1817,"in_osm":false,"proposed:man_made":"reservoir_covered"}},{"type":"Feature","geometry":{"type":"Polygon","coordinates":[[[15.972581,49.224327],[15.973017,49.224395],[15.972878,49.224677],[15.972547,49.224599],[15.972581,49.224327]]]},"properties":{"fid_zbg":"480118703","typzast_p":"vodojem zemní","in_osm":false,"proposed:man_made":"reservoir_covered"}},{"type":"Feature","geometry":{"type":"Polygon","coordinates":[[[15.984078,49.218358],[15.984129,49.218427],[15.984001,49.218638],[15.983554,49.218547],[15.983509,49.218482],[15.983551,49.218385],[15.983641,49.218263],[15.983876,49.218313],[15.984078,49.218358]]]},"properties":{"fid_zbg":"480114361","typzast_p":"vodojem zemní","osm_dist_m":1593,"in_osm":false,"proposed:man_made":"reservoir_covered"}},{"type":"Feature","geometry":{"type":"Polygon","coordinates":[[[16.012772,49.22438],[16.012791,49.224431],[16.012796,49.224489],[16.012796,49.224521],[16.012779,49.224558],[16.012763,49.224588],[16.012712,49.224627],[16.012481,49.22472],[16.012379,49.224734],[16.012278,49.224685],[16.012246,49.224625],[16.012256,49.224588],[16.012397,49.224521],[16.012461,49.224484],[16.012513,49.224439],[16.012532,49.224412],[16.012574,49.22439],[16.012647,49.224357],[16.0127,49.224353],[16.012734,49.22436],[16.012772,49.22438]]]},"properties":{"fid_zbg":"8248067643932672","typzast_p":"vodojem zemní","in_osm":false,"proposed:man_made":"reservoir_covered"}},{"type":"Feature","geometry":{"type":"Polygon","coordinates":[[[16.078595,49.356989],[16.078729,49.35688],[16.078904,49.356976],[16.078765,49.357082],[16.078595,49.356989]]]},"properties":{"fid_zbg":"8273062625542144","typzast_p":"vodojem zemní","in_osm":false,"proposed:man_made":"reservoir_covered"}},{"type":"Feature","geometry":{"type":"Polygon","coordinates":[[[16.17618,49.377475],[16.176219,49.377438],[16.176578,49.377628],[16.176411,49.377791],[16.176034,49.377611],[16.176126,49.377524],[16.17618,49.377475]]]},"properties":{"fid_zbg":"8273058632564736","typzast_p":"vodojem zemní","in_osm":false,"proposed:man_made":"reservoir_covered"}},{"type":"Feature","geometry":{"type":"Polygon","coordinates":[[[15.650554,49.257481],[15.650414,49.257583],[15.650319,49.257657],[15.650089,49.257544],[15.650176,49.257467],[15.650247,49.257416],[15.650355,49.257361],[15.650554,49.257481]]]},"properties":{"fid_zbg":"477509604","typzast_p":"vodojem zemní","in_osm":false,"proposed:man_made":"reservoir_covered"}},{"type":"Feature","geometry":{"type":"Polygon","coordinates":[[[16.18157,49.386413],[16.181617,49.386143],[16.182028,49.386166],[16.181995,49.386437],[16.181601,49.386451],[16.18157,49.386413]]]},"properties":{"fid_zbg":"8273122385985536","typzast_p":"vodojem zemní","in_osm":false,"proposed:man_made":"reservoir_covered"}},{"type":"Feature","geometry":{"type":"Polygon","coordinates":[[[16.153068,49.350232],[16.153514,49.350063],[16.153666,49.350256],[16.15323,49.350427],[16.153068,49.350232]]]},"properties":{"fid_zbg":"8273055881101312","typzast_p":"vodojem zemní","in_osm":false,"proposed:man_made":"reservoir_covered"}},{"type":"Feature","geometry":{"type":"Polygon","coordinates":[[[16.143544,49.347687],[16.143506,49.347702],[16.143433,49.34773],[16.143329,49.347766],[16.143201,49.347621],[16.143416,49.347542],[16.143544,49.347687]]]},"properties":{"fid_zbg":"8273055914655744","typzast_p":"vodojem zemní","in_osm":false,"proposed:man_made":"reservoir_covered"}},{"type":"Feature","geometry":{"type":"Polygon","coordinates":[[[16.188166,49.325137],[16.187911,49.324813],[16.188294,49.324709],[16.188525,49.325037],[16.188166,49.325137]]]},"properties":{"fid_zbg":"8273094602915840","typzast_p":"vodojem zemní","in_osm":false,"proposed:man_made":"reservoir_covered"}},{"type":"Feature","geometry":{"type":"Polygon","coordinates":[[[16.089847,49.373968],[16.089452,49.374019],[16.089351,49.37374],[16.089716,49.373664],[16.089847,49.373968]]]},"properties":{"fid_zbg":"8273065309896704","typzast_p":"vodojem zemní","in_osm":false,"proposed:man_made":"reservoir_covered"}},{"type":"Feature","geometry":{"type":"Polygon","coordinates":[[[16.099127,49.383089],[16.09918,49.383123],[16.098918,49.38335],[16.099068,49.383479],[16.098579,49.383729],[16.098204,49.383411],[16.098689,49.383157],[16.098703,49.383168],[16.098834,49.383278],[16.098865,49.383308],[16.099127,49.383089]]]},"properties":{"fid_zbg":"8273594513620992","typzast_p":"vodojem zemní","in_osm":false,"proposed:man_made":"reservoir_covered"}},{"type":"Feature","geometry":{"type":"Polygon","coordinates":[[[16.003891,49.362012],[16.003483,49.362049],[16.003783,49.361868],[16.003891,49.362012]]]},"properties":{"fid_zbg":"8301960524464128","typzast_p":"vodojem zemní","in_osm":false,"proposed:man_made":"reservoir_covered"}},{"type":"Feature","geometry":{"type":"Polygon","coordinates":[[[15.551106,49.662574],[15.551137,49.662557],[15.551386,49.662617],[15.551413,49.662756],[15.551168,49.662786],[15.551106,49.662574]]]},"properties":{"fid_zbg":"8302715415298048","typzast_p":"vodojem zemní","in_osm":false,"proposed:man_made":"reservoir_covered"}},{"type":"Feature","geometry":{"type":"Polygon","coordinates":[[[15.727243,49.661879],[15.727291,49.661797],[15.727432,49.661834],[15.727385,49.661913],[15.727243,49.661879]]]},"properties":{"fid_zbg":"8303205393891328","typzast_p":"vodojem zemní","in_osm":false,"proposed:man_made":"reservoir_covered"}},{"type":"Feature","geometry":{"type":"Polygon","coordinates":[[[15.684082,49.580924],[15.684159,49.580815],[15.684433,49.580894],[15.684361,49.581004],[15.684082,49.580924]]]},"properties":{"fid_zbg":"8335523579953152","typzast_p":"vodojem zemní","in_osm":false,"proposed:man_made":"reservoir_covered"}},{"type":"Feature","geometry":{"type":"Polygon","coordinates":[[[15.787917,49.54181],[15.788081,49.54173],[15.788183,49.541841],[15.788031,49.541911],[15.787917,49.54181]]]},"properties":{"fid_zbg":"8334990836236288","typzast_p":"vodojem zemní","in_osm":false,"proposed:man_made":"reservoir_covered"}},{"type":"Feature","geometry":{"type":"Polygon","coordinates":[[[15.73416,49.746821],[15.734068,49.746699],[15.734491,49.746583],[15.734531,49.746572],[15.734619,49.746694],[15.73416,49.746821]]]},"properties":{"fid_zbg":"476934800","typzast_p":"vodojem zemní","in_osm":false,"proposed:man_made":"reservoir_covered"}},{"type":"Feature","geometry":{"type":"Polygon","coordinates":[[[15.871756,49.648422],[15.871556,49.648298],[15.871704,49.648196],[15.871772,49.64819],[15.871839,49.648212],[15.871895,49.648263],[15.871912,49.648302],[15.871896,49.648339],[15.871756,49.648422]]]},"properties":{"fid_zbg":"476952290","typzast_p":"vodojem zemní","in_osm":false,"proposed:man_made":"reservoir_covered"}},{"type":"Feature","geometry":{"type":"Polygon","coordinates":[[[15.522344,49.647099],[15.522435,49.646831],[15.522832,49.646894],[15.522732,49.647163],[15.522344,49.647099]]]},"properties":{"fid_zbg":"474818159","typzast_p":"vodojem zemní","in_osm":false,"proposed:man_made":"reservoir_covered"}},{"type":"Feature","geometry":{"type":"Polygon","coordinates":[[[15.577132,49.503883],[15.577575,49.503936],[15.577535,49.504171],[15.577097,49.50414],[15.577068,49.504111],[15.577132,49.503883]]]},"properties":{"fid_zbg":"473760477","typzast_p":"vodojem zemní","in_osm":false,"proposed:man_made":"reservoir_covered"}},{"type":"Feature","geometry":{"type":"Polygon","coordinates":[[[15.488568,49.712813],[15.488355,49.712666],[15.488455,49.712616],[15.488552,49.712561],[15.488656,49.712502],[15.488722,49.712471],[15.488751,49.71246],[15.48879,49.712468],[15.488954,49.712605],[15.4886,49.712808],[15.488568,49.712813]]]},"properties":{"fid_zbg":"474727626","typzast_p":"vodojem zemní","osm_dist_m":20,"in_osm":true,"proposed:man_made":"reservoir_covered"}},{"type":"Feature","geometry":{"type":"Polygon","coordinates":[[[15.666965,49.784717],[15.666962,49.784549],[15.667012,49.784553],[15.667415,49.784576],[15.667412,49.784612],[15.667405,49.784687],[15.667274,49.784736],[15.666966,49.784738],[15.666965,49.784717]]]},"properties":{"fid_zbg":"476935706","typzast_p":"vodojem zemní","in_osm":false,"proposed:man_made":"reservoir_covered"}},{"type":"Feature","geometry":{"type":"Polygon","coordinates":[[[15.405754,49.443885],[15.405542,49.444019],[15.405342,49.443889],[15.405532,49.443752],[15.405754,49.443885]]]},"properties":{"fid_zbg":"473758785","typzast_p":"vodojem zemní","osm_dist_m":2,"in_osm":true,"proposed:man_made":"reservoir_covered"}},{"type":"Feature","geometry":{"type":"Polygon","coordinates":[[[15.500638,49.506223],[15.500677,49.506224],[15.500924,49.506212],[15.500909,49.506457],[15.500615,49.506461],[15.500638,49.506223]]]},"properties":{"fid_zbg":"473766787","typzast_p":"vodojem zemní","in_osm":false,"proposed:man_made":"reservoir_covered"}},{"type":"Feature","geometry":{"type":"Polygon","coordinates":[[[16.023742,49.734005],[16.02367,49.733547],[16.024058,49.733521],[16.02415,49.73398],[16.023986,49.734005],[16.023843,49.73401],[16.023742,49.734005]]]},"properties":{"fid_zbg":"8242207748259840","typzast_p":"vodojem zemní","in_osm":false,"proposed:man_made":"reservoir_covered"}},{"type":"Feature","geometry":{"type":"Polygon","coordinates":[[[16.132307,49.55042],[16.132419,49.550478],[16.132472,49.550508],[16.132263,49.550663],[16.132107,49.550577],[16.132307,49.55042]]]},"properties":{"fid_zbg":"472249036","typzast_p":"vodojem zemní","in_osm":false,"proposed:man_made":"reservoir_covered"}},{"type":"Feature","geometry":{"type":"Polygon","coordinates":[[[15.542589,49.388375],[15.542339,49.388547],[15.542118,49.388451],[15.542,49.388401],[15.541488,49.3882],[15.54193,49.387857],[15.542248,49.388011],[15.542415,49.387885],[15.542921,49.388147],[15.542589,49.388375]]]},"properties":{"fid_zbg":"473759481","typzast_p":"vodojem zemní","osm_dist_m":7,"in_osm":true,"proposed:man_made":"reservoir_covered"}},{"type":"Feature","geometry":{"type":"Polygon","coordinates":[[[15.547132,49.389052],[15.546685,49.388713],[15.547286,49.388413],[15.547733,49.388821],[15.547132,49.389052]]]},"properties":{"fid_zbg":"473759753","typzast_p":"vodojem zemní","osm_dist_m":321,"in_osm":false,"proposed:man_made":"reservoir_covered"}},{"type":"Feature","geometry":{"type":"Polygon","coordinates":[[[15.716843,49.763292],[15.716967,49.763475],[15.716599,49.763573],[15.716521,49.763378],[15.716843,49.763292]]]},"properties":{"fid_zbg":"476944316","typzast_p":"vodojem zemní","in_osm":false,"proposed:man_made":"reservoir_covered"}},{"type":"Feature","geometry":{"type":"Polygon","coordinates":[[[15.751012,49.278582],[15.75102,49.278711],[15.750816,49.278717],[15.750803,49.278593],[15.751012,49.278582]]]},"properties":{"fid_zbg":"476923222","typzast_p":"vodojem zemní","in_osm":false,"proposed:man_made":"reservoir_covered"}},{"type":"Feature","geometry":{"type":"Polygon","coordinates":[[[16.122453,49.41506],[16.122457,49.414888],[16.12246,49.414727],[16.122795,49.414731],[16.122786,49.415061],[16.122453,49.41506]]]},"properties":{"fid_zbg":"480453675","typzast_p":"vodojem zemní","in_osm":false,"proposed:man_made":"reservoir_covered"}},{"type":"Feature","geometry":{"type":"Polygon","coordinates":[[[15.772861,49.259584],[15.772514,49.259534],[15.772549,49.259354],[15.772637,49.259305],[15.772926,49.259361],[15.772861,49.259584]]]},"properties":{"fid_zbg":"476933844","typzast_p":"vodojem zemní","osm_dist_m":1264,"in_osm":false,"proposed:man_made":"reservoir_covered"}},{"type":"Feature","geometry":{"type":"Polygon","coordinates":[[[15.984772,49.453223],[15.984601,49.453106],[15.984769,49.452979],[15.984932,49.453095],[15.984772,49.453223]]]},"properties":{"fid_zbg":"474971627","typzast_p":"vodojem zemní","in_osm":false,"proposed:man_made":"reservoir_covered"}},{"type":"Feature","geometry":{"type":"Polygon","coordinates":[[[15.446788,49.402561],[15.446973,49.402526],[15.44708,49.402503],[15.447092,49.402525],[15.447167,49.402675],[15.446915,49.402734],[15.44689,49.402739],[15.446857,49.4027],[15.446831,49.402653],[15.446788,49.402561]]]},"properties":{"fid_zbg":"476857063","typzast_p":"vodojem zemní","in_osm":false,"proposed:man_made":"reservoir_covered"}},{"type":"Feature","geometry":{"type":"Polygon","coordinates":[[[15.912952,49.469438],[15.913092,49.469428],[15.913227,49.469417],[15.913257,49.469599],[15.912981,49.469619],[15.912952,49.469438]]]},"properties":{"fid_zbg":"485949354","typzast_p":"vodojem zemní","in_osm":false,"proposed:man_made":"reservoir_covered"}},{"type":"Feature","geometry":{"type":"Polygon","coordinates":[[[16.173874,49.256778],[16.174237,49.256677],[16.174376,49.256902],[16.17404,49.256999],[16.173874,49.256778]]]},"properties":{"fid_zbg":"8249171098206208","typzast_p":"vodojem zemní","in_osm":false,"proposed:man_made":"reservoir_covered"}},{"type":"Feature","geometry":{"type":"Polygon","coordinates":[[[15.955542,49.551726],[15.955649,49.551612],[15.955724,49.551603],[15.955816,49.551618],[15.95592,49.551641],[15.956004,49.551691],[15.955821,49.551856],[15.955542,49.551726]]]},"properties":{"fid_zbg":"474081296","typzast_p":"vodojem zemní","in_osm":false,"proposed:man_made":"reservoir_covered"}},{"type":"Feature","geometry":{"type":"Polygon","coordinates":[[[16.10363,49.451693],[16.103963,49.45163],[16.104045,49.45182],[16.103716,49.451876],[16.10363,49.451693]]]},"properties":{"fid_zbg":"477648357","typzast_p":"vodojem zemní","in_osm":false,"proposed:man_made":"reservoir_covered"}},{"type":"Feature","geometry":{"type":"Polygon","coordinates":[[[16.089225,49.799385],[16.089125,49.799603],[16.088875,49.799556],[16.088986,49.79933],[16.089225,49.799385]]]},"properties":{"fid_zbg":"8246862502952960","typzast_p":"vodojem zemní","in_osm":false,"proposed:man_made":"reservoir_covered"}},{"type":"Feature","geometry":{"type":"Polygon","coordinates":[[[15.935543,49.596664],[15.935203,49.596665],[15.935201,49.59644],[15.935562,49.596434],[15.935553,49.59649],[15.935555,49.596515],[15.935545,49.596622],[15.935543,49.596664]]]},"properties":{"fid_zbg":"474081264","typzast_p":"vodojem zemní","osm_dist_m":394,"in_osm":false,"proposed:man_made":"reservoir_covered"}},{"type":"Feature","geometry":{"type":"Polygon","coordinates":[[[16.090563,49.560092],[16.090414,49.559939],[16.0905,49.559685],[16.090616,49.559696],[16.091039,49.559735],[16.091071,49.559993],[16.090895,49.560062],[16.090758,49.560114],[16.090563,49.560092]]]},"properties":{"fid_zbg":"472946922","typzast_p":"vodojem zemní","osm_dist_m":17,"in_osm":true,"proposed:man_made":"reservoir_covered"}},{"type":"Feature","geometry":{"type":"Polygon","coordinates":[[[16.008692,49.535549],[16.00823,49.535593],[16.008198,49.535465],[16.008274,49.535284],[16.008402,49.53527],[16.008496,49.535257],[16.008661,49.535418],[16.008692,49.535549]]]},"properties":{"fid_zbg":"478953983","typzast_p":"vodojem zemní","in_osm":false,"proposed:man_made":"reservoir_covered"}},{"type":"Feature","geometry":{"type":"Polygon","coordinates":[[[15.529925,49.229134],[15.529767,49.229095],[15.529864,49.228925],[15.530117,49.228989],[15.530023,49.229158],[15.529925,49.229134]]]},"properties":{"fid_zbg":"477509238","typzast_p":"vodojem zemní","in_osm":false,"proposed:man_made":"reservoir_covered"}},{"type":"Feature","geometry":{"type":"Polygon","coordinates":[[[15.521955,49.582281],[15.521935,49.582204],[15.521896,49.582148],[15.521835,49.582081],[15.521776,49.582005],[15.521762,49.581971],[15.521756,49.581926],[15.521756,49.581869],[15.522083,49.581788],[15.522123,49.582098],[15.522102,49.582276],[15.522018,49.582279],[15.521955,49.582281]]]},"properties":{"fid_zbg":"474831753","typzast_p":"vodojem zemní","in_osm":false,"proposed:man_made":"reservoir_covered"}},{"type":"Feature","geometry":{"type":"Polygon","coordinates":[[[15.421094,49.519748],[15.421198,49.519803],[15.42098,49.51994],[15.420757,49.519814],[15.420965,49.519674],[15.421094,49.519748]]]},"properties":{"fid_zbg":"473759325","typzast_p":"vodojem zemní","in_osm":false,"proposed:man_made":"reservoir_covered"}},{"type":"Feature","geometry":{"type":"Polygon","coordinates":[[[15.800037,49.715872],[15.800265,49.715988],[15.80032,49.716015],[15.800361,49.716036],[15.800604,49.716051],[15.800653,49.716088],[15.800653,49.716129],[15.800628,49.716168],[15.80039,49.716339],[15.80031,49.716216],[15.800223,49.716134],[15.799931,49.715956],[15.800037,49.715872]]]},"properties":{"fid_zbg":"476946908","typzast_p":"vodojem zemní","in_osm":false,"proposed:man_made":"reservoir_covered"}},{"type":"Feature","geometry":{"type":"Polygon","coordinates":[[[15.95734,49.323254],[15.957331,49.323127],[15.957425,49.322963],[15.957559,49.323033],[15.957826,49.323145],[15.957771,49.323265],[15.957629,49.32328],[15.95734,49.323254]]]},"properties":{"fid_zbg":"479118980","typzast_p":"vodojem zemní","in_osm":false,"proposed:man_made":"reservoir_covered"}},{"type":"Feature","geometry":{"type":"Polygon","coordinates":[[[15.910021,49.618842],[15.91009,49.618836],[15.910158,49.618822],[15.910255,49.618804],[15.910332,49.618997],[15.910217,49.619019],[15.909954,49.619068],[15.90987,49.618878],[15.909862,49.618858],[15.910021,49.618842]]]},"properties":{"fid_zbg":"476951216","typzast_p":"vodojem zemní","in_osm":false,"proposed:man_made":"reservoir_covered"}},{"type":"Feature","geometry":{"type":"Polygon","coordinates":[[[15.66995,49.301018],[15.669967,49.301052],[15.669999,49.301492],[15.669606,49.301403],[15.669605,49.301104],[15.669733,49.301071],[15.66995,49.301018]]]},"properties":{"fid_zbg":"474230320","typzast_p":"vodojem zemní","osm_dist_m":1519,"in_osm":false,"proposed:man_made":"reservoir_covered"}},{"type":"Feature","geometry":{"type":"Polygon","coordinates":[[[15.723847,49.765797],[15.723787,49.765686],[15.723952,49.765651],[15.724011,49.765762],[15.72394,49.765778],[15.723847,49.765797]]]},"properties":{"fid_zbg":"476946168","typzast_p":"vodojem zemní","in_osm":false,"proposed:man_made":"reservoir_covered"}},{"type":"Feature","geometry":{"type":"Polygon","coordinates":[[[15.795071,49.364202],[15.795096,49.364161],[15.795165,49.364074],[15.795211,49.364032],[15.7954,49.364033],[15.795352,49.36412],[15.795334,49.364168],[15.795313,49.364202],[15.795279,49.364223],[15.795246,49.364228],[15.795176,49.364225],[15.795071,49.364202]]]},"properties":{"fid_zbg":"472271674","typzast_p":"vodojem zemní","in_osm":false,"proposed:man_made":"reservoir_covered"}},{"type":"Feature","geometry":{"type":"Polygon","coordinates":[[[16.083436,49.472019],[16.083733,49.471965],[16.083771,49.472146],[16.083464,49.472173],[16.083436,49.472019]]]},"properties":{"fid_zbg":"477857304","typzast_p":"vodojem zemní","osm_dist_m":6,"in_osm":true,"proposed:man_made":"reservoir_covered"}},{"type":"Feature","geometry":{"type":"Polygon","coordinates":[[[15.413301,49.527445],[15.413282,49.527635],[15.413034,49.527636],[15.413001,49.527636],[15.412966,49.527448],[15.413301,49.527445]]]},"properties":{"fid_zbg":"474836171","typzast_p":"vodojem zemní","in_osm":false,"proposed:man_made":"reservoir_covered"}},{"type":"Feature","geometry":{"type":"Polygon","coordinates":[[[15.900698,49.560073],[15.900925,49.56008],[15.900976,49.560082],[15.900952,49.560285],[15.90065,49.560275],[15.900698,49.560073]]]},"properties":{"fid_zbg":"474085108","typzast_p":"vodojem zemní","osm_dist_m":11,"in_osm":true,"proposed:man_made":"reservoir_covered"}},{"type":"Feature","geometry":{"type":"Polygon","coordinates":[[[15.690697,49.200737],[15.691049,49.200625],[15.691182,49.200811],[15.690848,49.200918],[15.690697,49.200737]]]},"properties":{"fid_zbg":"480116850","typzast_p":"vodojem zemní","in_osm":false,"proposed:man_made":"reservoir_covered"}},{"type":"Feature","geometry":{"type":"Polygon","coordinates":[[[15.669447,49.211937],[15.669391,49.211862],[15.669645,49.211802],[15.669717,49.211789],[15.669857,49.211932],[15.669616,49.212054],[15.669524,49.21199],[15.669447,49.211937]]]},"properties":{"fid_zbg":"480204506","typzast_p":"vodojem zemní","in_osm":false,"proposed:man_made":"reservoir_covered"}},{"type":"Feature","geometry":{"type":"Polygon","coordinates":[[[15.445917,49.27868],[15.44593,49.278574],[15.446204,49.278572],[15.446199,49.278684],[15.445917,49.27868]]]},"properties":{"fid_zbg":"471872251","typzast_p":"vodojem zemní","in_osm":false,"proposed:man_made":"reservoir_covered"}},{"type":"Feature","geometry":{"type":"Polygon","coordinates":[[[15.602995,49.698376],[15.602899,49.698338],[15.602887,49.698327],[15.602883,49.698313],[15.602898,49.698292],[15.602965,49.698219],[15.602979,49.698215],[15.603007,49.698211],[15.603047,49.698219],[15.603115,49.698245],[15.603144,49.698258],[15.603151,49.698268],[15.603135,49.698292],[15.603066,49.698366],[15.60305,49.698378],[15.60304,49.698382],[15.60302,49.698382],[15.602995,49.698376]]]},"properties":{"fid_zbg":"474819649","typzast_p":"vodojem zemní","in_osm":false,"proposed:man_made":"reservoir_covered"}},{"type":"Feature","geometry":{"type":"Polygon","coordinates":[[[15.831083,49.620863],[15.831618,49.620771],[15.831758,49.621078],[15.831559,49.621115],[15.831222,49.621176],[15.831083,49.620863]]]},"properties":{"fid_zbg":"476951426","typzast_p":"vodojem zemní","osm_dist_m":971,"in_osm":false,"proposed:man_made":"reservoir_covered"}},{"type":"Feature","geometry":{"type":"Polygon","coordinates":[[[15.971515,49.744422],[15.971238,49.744404],[15.971259,49.74418],[15.971535,49.744197],[15.971515,49.744422]]]},"properties":{"fid_zbg":"8242208553566208","typzast_p":"vodojem zemní","in_osm":false,"proposed:man_made":"reservoir_covered"}},{"type":"Feature","geometry":{"type":"Polygon","coordinates":[[[15.816232,49.333917],[15.816192,49.333908],[15.815958,49.33385],[15.816038,49.333683],[15.816287,49.333725],[15.816272,49.333777],[15.816232,49.333917]]]},"properties":{"fid_zbg":"476924434","typzast_p":"vodojem zemní","in_osm":false,"proposed:man_made":"reservoir_covered"}},{"type":"Feature","geometry":{"type":"Polygon","coordinates":[[[16.052173,49.568283],[16.052344,49.568112],[16.052616,49.568251],[16.05244,49.568412],[16.052173,49.568283]]]},"properties":{"fid_zbg":"472946828","typzast_p":"vodojem zemní","in_osm":false,"proposed:man_made":"reservoir_covered"}},{"type":"Feature","geometry":{"type":"Polygon","coordinates":[[[15.458004,49.413412],[15.458181,49.413472],[15.458098,49.413579],[15.457927,49.413518],[15.458004,49.413412]]]},"properties":{"fid_zbg":"476853783","typzast_p":"vodojem zemní","in_osm":false,"proposed:man_made":"reservoir_covered"}},{"type":"Feature","geometry":{"type":"Polygon","coordinates":[[[15.820329,49.615343],[15.82044,49.615299],[15.820477,49.615283],[15.820759,49.615558],[15.820449,49.615679],[15.820171,49.615406],[15.820329,49.615343]]]},"properties":{"fid_zbg":"476951168","typzast_p":"vodojem zemní","osm_dist_m":16,"in_osm":true,"proposed:man_made":"reservoir_covered"}},{"type":"Feature","geometry":{"type":"Polygon","coordinates":[[[16.028611,49.396623],[16.029097,49.396386],[16.029458,49.396699],[16.028957,49.396936],[16.028611,49.396623]]]},"properties":{"fid_zbg":"480452500","typzast_p":"vodojem zemní","osm_dist_m":10,"in_osm":true,"proposed:man_made":"reservoir_covered"}},{"type":"Feature","geometry":{"type":"Polygon","coordinates":[[[15.49053,49.238999],[15.49039,49.239022],[15.490265,49.238734],[15.49023,49.238656],[15.490743,49.23858],[15.490871,49.238944],[15.49053,49.238999]]]},"properties":{"fid_zbg":"471870106","typzast_p":"vodojem zemní","in_osm":false,"proposed:man_made":"reservoir_covered"}},{"type":"Feature","geometry":{"type":"Polygon","coordinates":[[[15.643936,49.399301],[15.644046,49.399191],[15.644257,49.399297],[15.644167,49.399409],[15.643936,49.399301]]]},"properties":{"fid_zbg":"414250816","typzast_p":"vodojem zemní","in_osm":false,"proposed:man_made":"reservoir_covered"}},{"type":"Feature","geometry":{"type":"Polygon","coordinates":[[[15.650637,49.652773],[15.650211,49.65239],[15.650537,49.652238],[15.65094,49.652595],[15.650637,49.652773]]]},"properties":{"fid_zbg":"474818403","typzast_p":"vodojem zemní","in_osm":false,"proposed:man_made":"reservoir_covered"}},{"type":"Feature","geometry":{"type":"Polygon","coordinates":[[[15.562082,49.617425],[15.561926,49.6172],[15.562265,49.617113],[15.562503,49.617462],[15.562175,49.617563],[15.562082,49.617425]]]},"properties":{"fid_zbg":"475034170","typzast_p":"vodojem zemní","osm_dist_m":25,"in_osm":true,"proposed:man_made":"reservoir_covered"}},{"type":"Feature","geometry":{"type":"Polygon","coordinates":[[[15.503558,49.406492],[15.503502,49.406407],[15.503636,49.406374],[15.50369,49.406453],[15.503558,49.406492]]]},"properties":{"fid_zbg":"476853369","typzast_p":"vodojem zemní","in_osm":false,"proposed:man_made":"reservoir_covered"}},{"type":"Feature","geometry":{"type":"Polygon","coordinates":[[[15.658778,49.612439],[15.658557,49.612496],[15.658419,49.612446],[15.658306,49.612217],[15.658625,49.612147],[15.658714,49.612338],[15.658778,49.612439]]]},"properties":{"fid_zbg":"474835333","typzast_p":"vodojem zemní","in_osm":false,"proposed:man_made":"reservoir_covered"}},{"type":"Feature","geometry":{"type":"Polygon","coordinates":[[[16.101966,49.736032],[16.102057,49.735849],[16.102412,49.735921],[16.102324,49.7361],[16.101966,49.736032]]]},"properties":{"fid_zbg":"486771021","typzast_p":"vodojem zemní","osm_dist_m":1580,"in_osm":false,"proposed:man_made":"reservoir_covered"}},{"type":"Feature","geometry":{"type":"Polygon","coordinates":[[[15.898144,49.2013],[15.89775,49.201349],[15.897653,49.201011],[15.897601,49.200815],[15.898211,49.200758],[15.89822,49.200809],[15.898226,49.200877],[15.898232,49.200934],[15.898246,49.20101],[15.898308,49.201277],[15.898144,49.2013]]]},"properties":{"fid_zbg":"480915274","typzast_p":"vodojem zemní","in_osm":false,"proposed:man_made":"reservoir_covered"}},{"type":"Feature","geometry":{"type":"Polygon","coordinates":[[[15.589819,49.618421],[15.589741,49.617842],[15.590161,49.617833],[15.590193,49.617762],[15.590192,49.617594],[15.59018,49.617489],[15.590182,49.61747],[15.590196,49.617453],[15.590217,49.617439],[15.590246,49.617435],[15.590337,49.617431],[15.590562,49.617427],[15.590712,49.617429],[15.590798,49.617441],[15.590823,49.617446],[15.590847,49.617464],[15.590853,49.617488],[15.59087,49.617549],[15.590878,49.617607],[15.590856,49.617803],[15.590836,49.617902],[15.590786,49.617919],[15.590761,49.61793],[15.590701,49.617942],[15.590372,49.618003],[15.590289,49.618424],[15.589905,49.618433],[15.589874,49.618434],[15.589819,49.618421]]]},"properties":{"fid_zbg":"474827001","typzast_p":"vodojem zemní","in_osm":false,"proposed:man_made":"reservoir_covered"}},{"type":"Feature","geometry":{"type":"Polygon","coordinates":[[[16.175815,49.727933],[16.175853,49.728079],[16.17553,49.728323],[16.175501,49.728309],[16.175435,49.728252],[16.175325,49.728127],[16.175431,49.728039],[16.175619,49.727889],[16.175815,49.727933]]]},"properties":{"fid_zbg":"481829283","typzast_p":"vodojem zemní","osm_dist_m":17,"in_osm":true,"proposed:man_made":"reservoir_covered"}},{"type":"Feature","geometry":{"type":"Polygon","coordinates":[[[15.960092,49.524173],[15.960088,49.524217],[15.960141,49.524272],[15.960125,49.524367],[15.960069,49.524396],[15.959877,49.524391],[15.959823,49.524354],[15.959866,49.524161],[15.960092,49.524173]]]},"properties":{"fid_zbg":"479471274","typzast_p":"vodojem zemní","osm_dist_m":951,"in_osm":false,"proposed:man_made":"reservoir_covered"}},{"type":"Feature","geometry":{"type":"Polygon","coordinates":[[[15.874718,49.258468],[15.874609,49.258539],[15.874545,49.258569],[15.874514,49.25858],[15.874472,49.258583],[15.874434,49.258579],[15.874408,49.258572],[15.874377,49.258555],[15.874347,49.258514],[15.874345,49.258495],[15.874359,49.258474],[15.874391,49.258454],[15.874462,49.258437],[15.874678,49.258399],[15.874718,49.258468]]]},"properties":{"fid_zbg":"480133639","typzast_p":"vodojem zemní","osm_dist_m":1,"in_osm":true,"proposed:man_made":"reservoir_covered"}},{"type":"Feature","geometry":{"type":"Polygon","coordinates":[[[15.711344,49.768787],[15.711358,49.768699],[15.711849,49.768405],[15.712132,49.768659],[15.711964,49.768753],[15.711744,49.768825],[15.711344,49.768787]]]},"properties":{"fid_zbg":"476936300","typzast_p":"vodojem zemní","in_osm":false,"proposed:man_made":"reservoir_covered"}},{"type":"Feature","geometry":{"type":"Polygon","coordinates":[[[15.890211,49.671684],[15.890437,49.671646],[15.89048,49.671847],[15.890295,49.671864],[15.890211,49.671684]]]},"properties":{"fid_zbg":"474082578","typzast_p":"vodojem zemní","in_osm":false,"proposed:man_made":"reservoir_covered"}},{"type":"Feature","geometry":{"type":"Polygon","coordinates":[[[15.578756,49.564119],[15.578844,49.563939],[15.57916,49.564007],[15.5791,49.564126],[15.578946,49.564202],[15.578933,49.564185],[15.57891,49.564158],[15.578756,49.564119]]]},"properties":{"fid_zbg":"474820169","typzast_p":"vodojem zemní","osm_dist_m":6,"in_osm":true,"proposed:man_made":"reservoir_covered"}},{"type":"Feature","geometry":{"type":"Polygon","coordinates":[[[16.08173,49.548205],[16.081837,49.548153],[16.082011,49.548139],[16.082143,49.548252],[16.082073,49.548374],[16.081889,49.548437],[16.081724,49.548333],[16.081731,49.548219],[16.08173,49.548205]]]},"properties":{"fid_zbg":"472945996","typzast_p":"vodojem zemní","osm_dist_m":1419,"in_osm":false,"proposed:man_made":"reservoir_covered"}},{"type":"Feature","geometry":{"type":"Polygon","coordinates":[[[15.624241,49.385231],[15.624168,49.385047],[15.624165,49.384984],[15.624282,49.384968],[15.624364,49.385027],[15.62435,49.385065],[15.624324,49.385114],[15.624299,49.385158],[15.624241,49.385231]]]},"properties":{"fid_zbg":"473768487","typzast_p":"vodojem zemní","in_osm":false,"proposed:man_made":"reservoir_covered"}},{"type":"Feature","geometry":{"type":"Polygon","coordinates":[[[15.585748,49.795858],[15.585802,49.795837],[15.586259,49.796257],[15.585809,49.796426],[15.585335,49.796042],[15.585748,49.795858]]]},"properties":{"fid_zbg":"474721702","typzast_p":"vodojem zemní","osm_dist_m":662,"in_osm":false,"proposed:man_made":"reservoir_covered"}},{"type":"Feature","geometry":{"type":"Polygon","coordinates":[[[16.139207,49.675898],[16.139347,49.675799],[16.139431,49.675784],[16.139531,49.67577],[16.13963,49.675824],[16.139589,49.675934],[16.139584,49.675984],[16.139593,49.676039],[16.139473,49.67601],[16.139375,49.675976],[16.139207,49.675898]]]},"properties":{"fid_zbg":"419782434","typzast_p":"vodojem zemní","osm_dist_m":10,"in_osm":true,"proposed:man_made":"reservoir_covered"}},{"type":"Feature","geometry":{"type":"Polygon","coordinates":[[[15.599103,49.399238],[15.599663,49.399188],[15.59967,49.399147],[15.599867,49.399141],[15.599893,49.399408],[15.599501,49.399678],[15.599263,49.399527],[15.599108,49.399372],[15.599103,49.399238]]]},"properties":{"fid_zbg":"476857191","typzast_p":"vodojem zemní","osm_dist_m":1290,"in_osm":false,"proposed:man_made":"reservoir_covered"}},{"type":"Feature","geometry":{"type":"Polygon","coordinates":[[[15.688375,49.632662],[15.688539,49.632626],[15.688754,49.633043],[15.688469,49.633106],[15.688263,49.632686],[15.68832,49.632674],[15.688375,49.632662]]]},"properties":{"fid_zbg":"474081544","typzast_p":"vodojem zemní","osm_dist_m":863,"in_osm":false,"proposed:man_made":"reservoir_covered"}},{"type":"Feature","geometry":{"type":"Polygon","coordinates":[[[15.501115,49.359122],[15.501468,49.359078],[15.501584,49.359277],[15.501612,49.359329],[15.501246,49.359407],[15.501115,49.359122]]]},"properties":{"fid_zbg":"471870492","typzast_p":"vodojem zemní","osm_dist_m":194,"in_osm":false,"proposed:man_made":"reservoir_covered"}},{"type":"Feature","geometry":{"type":"Polygon","coordinates":[[[16.125042,49.370269],[16.124921,49.370408],[16.124702,49.370325],[16.124825,49.370185],[16.125042,49.370269]]]},"properties":{"fid_zbg":"8273057491714048","typzast_p":"vodojem zemní","in_osm":false,"proposed:man_made":"reservoir_covered"}},{"type":"Feature","geometry":{"type":"Polygon","coordinates":[[[16.02825,49.712989],[16.028092,49.712949],[16.027891,49.712899],[16.027993,49.712707],[16.028,49.712694],[16.028356,49.712785],[16.028312,49.712866],[16.02825,49.712989]]]},"properties":{"fid_zbg":"8242198655008768","typzast_p":"vodojem zemní","osm_dist_m":12,"in_osm":true,"proposed:man_made":"reservoir_covered"}},{"type":"Feature","geometry":{"type":"Polygon","coordinates":[[[15.844676,49.592192],[15.844423,49.592285],[15.844293,49.592149],[15.844542,49.592053],[15.844676,49.592192]]]},"properties":{"fid_zbg":"476951436","typzast_p":"vodojem zemní","in_osm":false,"proposed:man_made":"reservoir_covered"}},{"type":"Feature","geometry":{"type":"Polygon","coordinates":[[[15.752524,49.709395],[15.752614,49.709537],[15.752672,49.709631],[15.752749,49.709751],[15.752801,49.709833],[15.752844,49.709902],[15.752869,49.709966],[15.752894,49.710017],[15.752882,49.710047],[15.752835,49.710078],[15.752711,49.710146],[15.752591,49.710207],[15.752524,49.71024],[15.752424,49.710274],[15.752285,49.710327],[15.752195,49.71036],[15.752143,49.710365],[15.752052,49.710362],[15.752004,49.710337],[15.751853,49.710388],[15.751425,49.709829],[15.751567,49.70979],[15.751724,49.709536],[15.752298,49.709348],[15.752362,49.709396],[15.752389,49.709417],[15.752524,49.709395]]]},"properties":{"fid_zbg":"476949664","typzast_p":"vodojem zemní","in_osm":false,"proposed:man_made":"reservoir_covered"}},{"type":"Feature","geometry":{"type":"Polygon","coordinates":[[[16.034226,49.620504],[16.034382,49.620426],[16.03456,49.620585],[16.034227,49.620741],[16.034061,49.620588],[16.034226,49.620504]]]},"properties":{"fid_zbg":"474073402","typzast_p":"vodojem zemní","osm_dist_m":16,"in_osm":true,"proposed:man_made":"reservoir_covered"}},{"type":"Feature","geometry":{"type":"Polygon","coordinates":[[[15.494538,49.31891],[15.494772,49.318956],[15.49473,49.319119],[15.494459,49.319091],[15.494538,49.31891]]]},"properties":{"fid_zbg":"477507052","typzast_p":"vodojem zemní","in_osm":false,"proposed:man_made":"reservoir_covered"}},{"type":"Feature","geometry":{"type":"Polygon","coordinates":[[[15.932852,49.639027],[15.932976,49.639001],[15.933277,49.639323],[15.933173,49.639354],[15.932852,49.639027]]]},"properties":{"fid_zbg":"474085840","typzast_p":"vodojem zemní","osm_dist_m":516,"in_osm":false,"proposed:man_made":"reservoir_covered"}},{"type":"Feature","geometry":{"type":"Polygon","coordinates":[[[15.928933,49.64324],[15.929746,49.64282],[15.930061,49.643058],[15.92977,49.643316],[15.929706,49.643413],[15.929401,49.643571],[15.929271,49.643479],[15.929202,49.643429],[15.928933,49.64324]]]},"properties":{"fid_zbg":"474087839","typzast_p":"vodojem zemní","osm_dist_m":5,"in_osm":true,"proposed:man_made":"reservoir_covered"}},{"type":"Feature","geometry":{"type":"Polygon","coordinates":[[[16.009366,49.608663],[16.009532,49.608808],[16.009352,49.608882],[16.0092,49.608944],[16.00904,49.608791],[16.009366,49.608663]]]},"properties":{"fid_zbg":"52516608257556480","typzast_p":"vodojem zemní","in_osm":false,"proposed:man_made":"reservoir_covered"}},{"type":"Feature","geometry":{"type":"Polygon","coordinates":[[[16.160574,49.212992],[16.160153,49.213045],[16.160108,49.212828],[16.160515,49.212777],[16.160574,49.212992]]]},"properties":{"fid_zbg":"8249100701007872","typzast_p":"vodojem zemní","osm_dist_m":15,"in_osm":true,"proposed:man_made":"reservoir_covered"}},{"type":"Feature","geometry":{"type":"Polygon","coordinates":[[[15.996881,49.552938],[15.997125,49.552786],[15.997353,49.552954],[15.997135,49.553112],[15.996881,49.552938]]]},"properties":{"fid_zbg":"8247332466327552","typzast_p":"vodojem zemní","in_osm":false,"proposed:man_made":"reservoir_covered"}},{"type":"Feature","geometry":{"type":"Polygon","coordinates":[[[15.43793,49.686871],[15.437949,49.686845],[15.438033,49.686717],[15.438429,49.68688],[15.438302,49.687009],[15.43793,49.686871]]]},"properties":{"fid_zbg":"55329502716231680","typzast_p":"vodojem zemní","in_osm":false,"proposed:man_made":"reservoir_covered"}},{"type":"Feature","geometry":{"type":"Polygon","coordinates":[[[15.958898,49.56133],[15.958915,49.561355],[15.958949,49.561422],[15.958973,49.56144],[15.959162,49.561541],[15.959178,49.561555],[15.959187,49.561581],[15.959187,49.561614],[15.959179,49.561653],[15.95916,49.561685],[15.959139,49.561714],[15.959118,49.561723],[15.95903,49.561804],[15.958926,49.561817],[15.958882,49.561825],[15.95884,49.561827],[15.958648,49.561844],[15.958553,49.561406],[15.958661,49.561369],[15.958898,49.56133]]]},"properties":{"fid_zbg":"474087527","typzast_p":"vodojem zemní","in_osm":false,"proposed:man_made":"reservoir_covered"}},{"type":"Feature","geometry":{"type":"Polygon","coordinates":[[[15.91787,49.579263],[15.917808,49.578725],[15.918504,49.578693],[15.918572,49.579229],[15.91787,49.579263]]]},"properties":{"fid_zbg":"476951976","typzast_p":"vodojem zemní","osm_dist_m":2415,"in_osm":false,"proposed:man_made":"reservoir_covered"}},{"type":"Feature","geometry":{"type":"Polygon","coordinates":[[[16.065637,49.601521],[16.06601,49.601813],[16.065496,49.602101],[16.065093,49.601756],[16.065637,49.601521]]]},"properties":{"fid_zbg":"474073318","typzast_p":"vodojem zemní","osm_dist_m":4,"in_osm":true,"proposed:man_made":"reservoir_covered"}},{"type":"Feature","geometry":{"type":"Polygon","coordinates":[[[15.859393,49.527475],[15.859059,49.52743],[15.859118,49.527201],[15.859448,49.527259],[15.859393,49.527475]]]},"properties":{"fid_zbg":"485955585","typzast_p":"vodojem zemní","in_osm":false,"proposed:man_made":"reservoir_covered"}},{"type":"Feature","geometry":{"type":"Polygon","coordinates":[[[16.132428,49.589644],[16.132442,49.589506],[16.13269,49.589504],[16.132679,49.589642],[16.132428,49.589644]]]},"properties":{"fid_zbg":"8247660259573760","typzast_p":"vodojem zemní","osm_dist_m":1797,"in_osm":false,"proposed:man_made":"reservoir_covered"}},{"type":"Feature","geometry":{"type":"Polygon","coordinates":[[[16.059839,49.549691],[16.05963,49.549821],[16.059458,49.549649],[16.059562,49.549584],[16.059707,49.549537],[16.059839,49.549691]]]},"properties":{"fid_zbg":"472945930","typzast_p":"vodojem zemní","in_osm":false,"proposed:man_made":"reservoir_covered"}},{"type":"Feature","geometry":{"type":"Polygon","coordinates":[[[15.643693,49.293748],[15.643982,49.293806],[15.643869,49.294042],[15.643576,49.293982],[15.643693,49.293748]]]},"properties":{"fid_zbg":"57582162446123008","typzast_p":"vodojem zemní","in_osm":false,"proposed:man_made":"reservoir_covered"}},{"type":"Feature","geometry":{"type":"Polygon","coordinates":[[[16.130903,49.590192],[16.13075,49.590241],[16.13066,49.590153],[16.130808,49.590097],[16.130903,49.590192]]]},"properties":{"fid_zbg":"58231951772876800","typzast_p":"vodojem zemní","in_osm":false,"proposed:man_made":"reservoir_covered"}},{"type":"Feature","geometry":{"type":"Polygon","coordinates":[[[15.736412,49.547125],[15.736636,49.547141],[15.736664,49.547155],[15.736651,49.547262],[15.736639,49.547268],[15.736412,49.547232],[15.736412,49.547125]]]},"properties":{"fid_zbg":"58373875561398272","typzast_p":"vodojem zemní","in_osm":false,"proposed:man_made":"reservoir_covered"}},{"type":"Feature","geometry":{"type":"Polygon","coordinates":[[[15.56581,49.62094],[15.565822,49.620962],[15.56584,49.620975],[15.565864,49.620985],[15.565832,49.621016],[15.565808,49.621088],[15.565815,49.621164],[15.565676,49.621172],[15.565435,49.621169],[15.565359,49.621134],[15.565316,49.620987],[15.56544,49.620926],[15.565608,49.620923],[15.56581,49.62094]]]},"properties":{"fid_zbg":"58850009025609728","typzast_p":"vodojem zemní","osm_dist_m":454,"in_osm":false,"proposed:man_made":"reservoir_covered"}},{"type":"Feature","geometry":{"type":"Polygon","coordinates":[[[15.610627,49.536692],[15.610405,49.536703],[15.6104,49.536623],[15.61062,49.536612],[15.610627,49.536692]]]},"properties":{"fid_zbg":"58267514823507968","typzast_p":"vodojem zemní","in_osm":false,"proposed:man_made":"reservoir_covered"}},{"type":"Feature","geometry":{"type":"Polygon","coordinates":[[[16.137725,49.618485],[16.137879,49.618418],[16.137995,49.618531],[16.137837,49.618601],[16.137725,49.618485]]]},"properties":{"fid_zbg":"59094072404475904","typzast_p":"vodojem zemní","osm_dist_m":9,"in_osm":true,"proposed:man_made":"reservoir_covered"}},{"type":"Feature","geometry":{"type":"Polygon","coordinates":[[[15.821144,49.494629],[15.821117,49.494627],[15.821082,49.494617],[15.821056,49.494605],[15.82102,49.494582],[15.821002,49.49456],[15.820999,49.494541],[15.821,49.494516],[15.821018,49.494482],[15.821064,49.494445],[15.821104,49.494437],[15.821144,49.494434],[15.82118,49.494435],[15.821217,49.49444],[15.821255,49.494454],[15.82128,49.494473],[15.821299,49.494495],[15.821307,49.494511],[15.821312,49.494541],[15.821303,49.494565],[15.821269,49.494592],[15.821235,49.494608],[15.821192,49.494621],[15.821144,49.494629]]]},"properties":{"fid_zbg":"59268170245996544","typzast_p":"vodojem zemní","in_osm":false,"proposed:man_made":"reservoir_covered"}},{"type":"Feature","geometry":{"type":"Polygon","coordinates":[[[16.0191,49.553875],[16.019225,49.553833],[16.019346,49.553978],[16.019221,49.554021],[16.0191,49.553875]]]},"properties":{"fid_zbg":"59268102986137600","typzast_p":"vodojem zemní","in_osm":false,"proposed:man_made":"reservoir_covered"}},{"type":"Feature","geometry":{"type":"Polygon","coordinates":[[[15.741866,49.462014],[15.7417,49.461918],[15.741716,49.461896],[15.741786,49.461846],[15.741852,49.461815],[15.742052,49.461783],[15.742108,49.461823],[15.741866,49.462014]]]},"properties":{"fid_zbg":"59338286778286080","typzast_p":"vodojem zemní","in_osm":false,"proposed:man_made":"reservoir_covered"}},{"type":"Feature","geometry":{"type":"Polygon","coordinates":[[[15.78579,49.255302],[15.785814,49.255217],[15.78622,49.255246],[15.78619,49.255381],[15.785983,49.255364],[15.78579,49.255302]]]},"properties":{"fid_zbg":"59373016252940288","typzast_p":"vodojem zemní","in_osm":false,"proposed:man_made":"reservoir_covered"}},{"type":"Feature","geometry":{"type":"Polygon","coordinates":[[[15.618677,49.515182],[15.618761,49.515093],[15.618831,49.515118],[15.618934,49.515157],[15.618976,49.515173],[15.618922,49.515347],[15.618677,49.515182]]]},"properties":{"fid_zbg":"473759215","typzast_p":"vodojem zemní","in_osm":false,"proposed:man_made":"reservoir_covered"}},{"type":"Feature","geometry":{"type":"Polygon","coordinates":[[[15.576683,49.652817],[15.576688,49.652911],[15.576542,49.652908],[15.576535,49.652822],[15.576683,49.652817]]]},"properties":{"fid_zbg":"59617127329431552","typzast_p":"vodojem zemní","in_osm":false,"proposed:man_made":"reservoir_covered"}},{"type":"Feature","geometry":{"type":"Polygon","coordinates":[[[15.595174,49.659259],[15.594964,49.659462],[15.594795,49.659625],[15.594417,49.659512],[15.594176,49.659434],[15.594562,49.659053],[15.595174,49.659259]]]},"properties":{"fid_zbg":"474819295","typzast_p":"vodojem zemní","in_osm":false,"proposed:man_made":"reservoir_covered"}},{"type":"Feature","geometry":{"type":"Polygon","coordinates":[[[15.606587,49.632527],[15.606448,49.632469],[15.606505,49.632407],[15.606643,49.632466],[15.606625,49.632487],[15.606596,49.632518],[15.606587,49.632527]]]},"properties":{"fid_zbg":"59617250440642560","typzast_p":"vodojem zemní","in_osm":false,"proposed:man_made":"reservoir_covered"}},{"type":"Feature","geometry":{"type":"Polygon","coordinates":[[[15.534589,49.596176],[15.534567,49.595877],[15.53479,49.595888],[15.534943,49.596179],[15.534589,49.596176]]]},"properties":{"fid_zbg":"59721241883312128","typzast_p":"vodojem zemní","in_osm":false,"proposed:man_made":"reservoir_covered"}},{"type":"Feature","geometry":{"type":"Polygon","coordinates":[[[15.631254,49.562265],[15.631322,49.56225],[15.631346,49.562299],[15.631195,49.562331],[15.631171,49.562286],[15.631196,49.56228],[15.631254,49.562265]]]},"properties":{"fid_zbg":"59024249658015744","typzast_p":"vodojem zemní","in_osm":false,"proposed:man_made":"reservoir_covered"}},{"type":"Feature","geometry":{"type":"Polygon","coordinates":[[[15.768947,49.66734],[15.769173,49.667174],[15.769259,49.667113],[15.769383,49.667017],[15.769479,49.667079],[15.769034,49.667387],[15.768947,49.66734]]]},"properties":{"fid_zbg":"59756458316660736","typzast_p":"vodojem zemní","in_osm":false,"proposed:man_made":"reservoir_covered"}},{"type":"Feature","geometry":{"type":"Polygon","coordinates":[[[15.782361,49.666049],[15.782248,49.66596],[15.7824,49.665886],[15.782505,49.665982],[15.782361,49.666049]]]},"properties":{"fid_zbg":"59756458400546816","typzast_p":"vodojem zemní","in_osm":false,"proposed:man_made":"reservoir_covered"}},{"type":"Feature","geometry":{"type":"Polygon","coordinates":[[[15.850888,49.369673],[15.850971,49.369507],[15.851238,49.369565],[15.851147,49.369737],[15.850888,49.369673]]]},"properties":{"fid_zbg":"59373260126552064","typzast_p":"vodojem zemní","in_osm":false,"proposed:man_made":"reservoir_covered"}},{"type":"Feature","geometry":{"type":"Polygon","coordinates":[[[15.860826,49.529873],[15.861001,49.529735],[15.861526,49.530028],[15.861342,49.530165],[15.860826,49.529873]]]},"properties":{"fid_zbg":"59756187498840064","typzast_p":"vodojem zemní","in_osm":false,"proposed:man_made":"reservoir_covered"}},{"type":"Feature","geometry":{"type":"Polygon","coordinates":[[[15.413493,49.528763],[15.413117,49.528826],[15.412962,49.528561],[15.413273,49.528479],[15.413337,49.528534],[15.413493,49.528763]]]},"properties":{"fid_zbg":"60108440583798784","typzast_p":"vodojem zemní","in_osm":false,"proposed:man_made":"reservoir_covered"}},{"type":"Feature","geometry":{"type":"Polygon","coordinates":[[[15.563218,49.313366],[15.563401,49.313473],[15.563102,49.313615],[15.562959,49.313485],[15.563218,49.313366]]]},"properties":{"fid_zbg":"59756565976055808","typzast_p":"vodojem zemní","in_osm":false,"proposed:man_made":"reservoir_covered"}},{"type":"Feature","geometry":{"type":"Polygon","coordinates":[[[15.624813,49.348686],[15.624575,49.348383],[15.624789,49.348302],[15.625063,49.348592],[15.624813,49.348686]]]},"properties":{"fid_zbg":"60605792142753792","typzast_p":"vodojem zemní","in_osm":false,"proposed:man_made":"reservoir_covered"}},{"type":"Feature","geometry":{"type":"Polygon","coordinates":[[[15.642976,49.325708],[15.642998,49.325673],[15.643048,49.325594],[15.643264,49.325505],[15.64348,49.325564],[15.64334,49.325784],[15.642976,49.325708]]]},"properties":{"fid_zbg":"477509898","typzast_p":"vodojem zemní","osm_dist_m":3,"in_osm":true,"proposed:man_made":"reservoir_covered"}},{"type":"Feature","geometry":{"type":"Polygon","coordinates":[[[15.618915,49.331817],[15.619232,49.331883],[15.619167,49.332014],[15.619066,49.332047],[15.61891,49.332011],[15.61887,49.33192],[15.618915,49.331817]]]},"properties":{"fid_zbg":"477507322","typzast_p":"vodojem zemní","in_osm":false,"proposed:man_made":"reservoir_covered"}},{"type":"Feature","geometry":{"type":"Polygon","coordinates":[[[15.64854,49.338991],[15.648397,49.338895],[15.648538,49.338856],[15.648605,49.338872],[15.648648,49.338887],[15.64861,49.338961],[15.64854,49.338991]]]},"properties":{"fid_zbg":"472278858","typzast_p":"vodojem zemní","osm_dist_m":1510,"in_osm":false,"proposed:man_made":"reservoir_covered"}},{"type":"Feature","geometry":{"type":"Polygon","coordinates":[[[15.680451,49.417722],[15.680589,49.417617],[15.680793,49.417561],[15.680952,49.417671],[15.680831,49.417752],[15.68086,49.417771],[15.680811,49.417801],[15.680678,49.417886],[15.680451,49.417722]]]},"properties":{"fid_zbg":"59617373937729536","typzast_p":"vodojem zemní","in_osm":false,"proposed:man_made":"reservoir_covered"}},{"type":"Feature","geometry":{"type":"Polygon","coordinates":[[[15.43544,49.381457],[15.435375,49.381383],[15.435543,49.381325],[15.435603,49.381395],[15.43544,49.381457]]]},"properties":{"fid_zbg":"61164639228002304","typzast_p":"vodojem zemní","in_osm":false,"proposed:man_made":"reservoir_covered"}},{"type":"Feature","geometry":{"type":"Polygon","coordinates":[[[15.675679,49.513684],[15.67565,49.513706],[15.675546,49.513792],[15.675293,49.513671],[15.67539,49.513579],[15.675417,49.513552],[15.675679,49.513684]]]},"properties":{"fid_zbg":"61378686724603904","typzast_p":"vodojem zemní","in_osm":false,"proposed:man_made":"reservoir_covered"}},{"type":"Feature","geometry":{"type":"Polygon","coordinates":[[[15.493444,49.433265],[15.493562,49.432928],[15.493714,49.43295],[15.493863,49.432969],[15.493984,49.432985],[15.493964,49.433053],[15.493884,49.433317],[15.493444,49.433265]]]},"properties":{"fid_zbg":"60569657911803904","typzast_p":"vodojem zemní","osm_dist_m":6,"in_osm":true,"proposed:man_made":"reservoir_covered"}},{"type":"Feature","geometry":{"type":"Polygon","coordinates":[[[16.119664,49.695522],[16.119481,49.695659],[16.119293,49.695544],[16.119265,49.695475],[16.119362,49.695418],[16.119524,49.69534],[16.119714,49.695312],[16.119834,49.695395],[16.119697,49.695498],[16.119664,49.695522]]]},"properties":{"fid_zbg":"61556494981660672","typzast_p":"vodojem zemní","in_osm":false,"proposed:man_made":"reservoir_covered"}},{"type":"Feature","geometry":{"type":"Polygon","coordinates":[[[15.46945,49.371741],[15.469524,49.371903],[15.469496,49.371913],[15.46947,49.371922],[15.46897,49.372094],[15.468782,49.371822],[15.469247,49.371627],[15.46945,49.371741]]]},"properties":{"fid_zbg":"62382290138824704","typzast_p":"vodojem zemní","osm_dist_m":537,"in_osm":false,"proposed:man_made":"reservoir_covered"}},{"type":"Feature","geometry":{"type":"Polygon","coordinates":[[[15.77762,49.719419],[15.777698,49.719381],[15.777781,49.719438],[15.777708,49.719484],[15.77762,49.719419]]]},"properties":{"fid_zbg":"62952610071576576","typzast_p":"vodojem zemní","in_osm":false,"proposed:man_made":"reservoir_covered"}},{"type":"Feature","geometry":{"type":"Polygon","coordinates":[[[15.510257,49.737704],[15.510385,49.737621],[15.510589,49.737749],[15.510444,49.737817],[15.510257,49.737704]]]},"properties":{"fid_zbg":"63056709609848832","typzast_p":"vodojem zemní","in_osm":false,"proposed:man_made":"reservoir_covered"}},{"type":"Feature","geometry":{"type":"Polygon","coordinates":[[[15.75717,49.761236],[15.757061,49.761105],[15.757093,49.761091],[15.757144,49.761068],[15.757314,49.761004],[15.757391,49.761081],[15.757296,49.761122],[15.757362,49.761196],[15.757251,49.76123],[15.757213,49.761222],[15.75717,49.761236]]]},"properties":{"fid_zbg":"63332573798989824","typzast_p":"vodojem zemní","in_osm":false,"proposed:man_made":"reservoir_covered"}},{"type":"Feature","geometry":{"type":"Polygon","coordinates":[[[16.044275,49.715174],[16.044553,49.715272],[16.044842,49.715374],[16.044649,49.715574],[16.04409,49.715387],[16.044275,49.715174]]]},"properties":{"fid_zbg":"8242204191490048","typzast_p":"vodojem zemní","osm_dist_m":1698,"in_osm":false,"proposed:man_made":"reservoir_covered"}}]}