{"type": "FeatureCollection", "features": [{"type": "Feature", "geometry": {"type": "Point", "coordinates": [17.5954774, 48.3795586]}, "properties": {"evuc_id": 40915, "druh": "ambulancia zubného lekárstva", "name": "Ambulancia zubného lekárstva, Trnava, (ARRIDENS s.r.o.)", "adresa": "Starohájska ulica 6755/2, 91701 Trnava, Slovenská republika", "obec": "Trnava", "poistovne": null, "opening_hours": null, "aktualizacia": "2023-06-09T12:10:10Z", "osm_healthcare_within_50m": true}}, {"type": "Feature", "geometry": {"type": "Point", "coordinates": [17.5954806, 48.3795524]}, "properties": {"evuc_id": 33204, "druh": "ambulancia klinickej psychológie", "name": "Ambulancia klinickej psychológie, Trnava, (B&B Psyche s.r.o.)", "adresa": "Starohájska ulica 2, 91701 Trnava, Slovenská republika", "obec": "Trnava", "poistovne": "VŠZP, Union", "opening_hours": "Tu-Th 07:00-17:00", "aktualizacia": "2023-06-09T12:10:10Z", "osm_healthcare_within_50m": true}}, {"type": "Feature", "geometry": {"type": "Point", "coordinates": [17.641038, 48.3579125]}, "properties": {"evuc_id": 20544, "druh": "ambulancia pracovného lekárstva", "name": "Ambulancia pracovného lekárstva, Zavar, (BOZPO, s.r.o.)", "adresa": "vysunuté pracovisko Faurecia Slovakia, s.r.o., o. z. Seating Trnava, Prílohy 579/50, 91701 Zavar, Slovenská republika", "obec": "Zavar", "poistovne": null, "opening_hours": null, "aktualizacia": "2023-06-09T12:10:10Z", "osm_healthcare_within_50m": false}}, {"type": "Feature", "geometry": {"type": "Point", "coordinates": [17.5739186, 48.3599694]}, "properties": {"evuc_id": 32610, "druh": "ambulancia pracovného lekárstva", "name": "Ambulancia pracovného lekárstva, Trnava, (BOZPO, s.r.o.)", "adresa": "Pracovisko HKS Forge, s.r.o. vysunuté pracovisko, Coburgova ulica 2263/84, 91702 Trnava, Slovenská republika", "obec": "Trnava", "poistovne": null, "opening_hours": null, "aktualizacia": "2023-06-09T12:10:10Z", "osm_healthcare_within_50m": false}}, {"type": "Feature", "geometry": {"type": "Point", "coordinates": [17.6086643, 48.3733896]}, "properties": {"evuc_id": 29254, "druh": "ambulancia zubného lekárstva", "name": "Ambulancia zubného lekárstva, Trnava, (Emadent s.r.o.)", "adresa": "Ulica Koniarekova 5881/20, 91701 Trnava, Slovenská republika", "obec": "Trnava", "poistovne": "Union", "opening_hours": "We 13:00-15:00", "aktualizacia": "2023-06-09T12:10:10Z", "osm_healthcare_within_50m": false}}, {"type": "Feature", "geometry": {"type": "Point", "coordinates": [17.6086643, 48.3733896]}, "properties": {"evuc_id": 16253, "druh": "ambulancia čeľustnej ortopédie", "name": "Ambulancia čeľustnej ortopédie, Trnava, (Emadent s.r.o.)", "adresa": "Ulica Koniarekova 5881/20, 91701 Trnava, Slovenská republika", "obec": "Trnava", "poistovne": null, "opening_hours": "We 13:00-15:00", "aktualizacia": "2023-06-09T12:10:10Z", "osm_healthcare_within_50m": false}}, {"type": "Feature", "geometry": {"type": "Point", "coordinates": [17.5941572, 48.3672356]}, "properties": {"evuc_id": 10821, "druh": "ambulancia plastickej chirurgie", "name": "Ambulancia plastickej chirurgie, Trnava, (EUROCLINIC, s.r.o.)", "adresa": "Ulica Tamaškovičova 2742/17, 91701 Trnava, Slovenská republika", "obec": "Trnava", "poistovne": null, "opening_hours": null, "aktualizacia": "2023-06-09T12:10:10Z", "osm_healthcare_within_50m": true}}, {"type": "Feature", "geometry": {"type": "Point", "coordinates": [17.5941572, 48.3672356]}, "properties": {"evuc_id": 33473, "druh": "zariadenie na poskytovanie jednodňovej zdravotnej starostlivosti", "name": "Jednodňová zdravotná starostlivosť, plastická chirurgia, Trnava, (EUROCLINIC, s.r.o.)", "adresa": "Ulica Tamaškovičova 2742/17, 91701 Trnava, Slovenská republika", "obec": "Trnava", "poistovne": null, "opening_hours": null, "aktualizacia": "2023-06-09T12:10:10Z", "osm_healthcare_within_50m": true}}, {"type": "Feature", "geometry": {"type": "Point", "coordinates": [17.5883355, 48.3683834]}, "properties": {"evuc_id": 31741, "druh": "zariadenie biomedicínskeho výskumu", "name": "Zariadenie biomedicínskeho výskumu, Trnava, (Fakultná nemocnica Trnava)", "adresa": "A. Žarnova 11, 91775 Trnava, Slovenská republika", "obec": "Trnava", "poistovne": null, "opening_hours": null, "aktualizacia": "2023-06-09T12:10:10Z", "osm_healthcare_within_50m": true}}, {"type": "Feature", "geometry": {"type": "Point", "coordinates": [17.5883006, 48.3683214]}, "properties": {"evuc_id": 34979, "druh": "ambulancia cievnej chirurgie", "name": "Ambulancia cievnej chirurgie, Trnava, (Fakultná nemocnica Trnava)", "adresa": "Ulica Andreja Žarnova 7507/11, 91702 Trnava, Slovenská republika", "obec": "Trnava", "poistovne": "VŠZP, Union, Dôvera", "opening_hours": null, "aktualizacia": "2023-06-09T12:10:10Z", "osm_healthcare_within_50m": true}}, {"type": "Feature", "geometry": {"type": "Point", "coordinates": [17.5883006, 48.3683214]}, "properties": {"evuc_id": 34982, "druh": "ambulancia klinickej farmakológie", "name": "Ambulancia klinickej farmakológie, Trnava, (Fakultná nemocnica Trnava)", "adresa": "Ulica Andreja Žarnova 7507/11, 91702 Trnava, Slovenská republika", "obec": "Trnava", "poistovne": "VŠZP, Union, Dôvera", "opening_hours": null, "aktualizacia": "2023-06-09T12:10:10Z", "osm_healthcare_within_50m": true}}, {"type": "Feature", "geometry": {"type": "Point", "coordinates": [17.5883006, 48.3683214]}, "properties": {"evuc_id": 37056, "druh": "ambulancia klinickej psychológie", "name": "Ambulancia klinickej psychológie, Trnava, (Fakultná nemocnica Trnava)", "adresa": "Ulica Andreja Žarnova 7507/11, 91702 Trnava, Slovenská republika", "obec": "Trnava", "poistovne": "VŠZP, Union, Dôvera", "opening_hours": null, "aktualizacia": "2023-06-09T12:10:10Z", "osm_healthcare_within_50m": true}}, {"type": "Feature", "geometry": {"type": "Point", "coordinates": [17.5883006, 48.3683214]}, "properties": {"evuc_id": 34986, "druh": "ambulancia pediatrickej gastroenterológie, hepatológie a výživy", "name": "Ambulancia pediatrickej gastroenterológie, hepatológie a výživy, Trnava, (Fakultná nemocnica Trnava)", "adresa": "Ulica Andreja Žarnova 7507/11, 91702 Trnava, Slovenská republika", "obec": "Trnava", "poistovne": "VŠZP, Union, Dôvera", "opening_hours": null, "aktualizacia": "2023-06-09T12:10:10Z", "osm_healthcare_within_50m": true}}, {"type": "Feature", "geometry": {"type": "Point", "coordinates": [17.5883006, 48.3683214]}, "properties": {"evuc_id": 34987, "druh": "ambulancia pediatrickej gynekológie", "name": "Ambulancia pediatrickej gynekológie, Trnava, (Fakultná nemocnica Trnava)", "adresa": "Ulica Andreja Žarnova 7507/11, 91702 Trnava, Slovenská republika", "obec": "Trnava", "poistovne": "VŠZP, Union, Dôvera", "opening_hours": null, "aktualizacia": "2023-06-09T12:10:10Z", "osm_healthcare_within_50m": true}}, {"type": "Feature", "geometry": {"type": "Point", "coordinates": [17.5883006, 48.3683214]}, "properties": {"evuc_id": 34988, "druh": "ambulancia pediatrickej nefrológie", "name": "Ambulancia pediatrickej nefrológie, Trnava, (Fakultná nemocnica Trnava)", "adresa": "Ulica Andreja Žarnova 7507/11, 91702 Trnava, Slovenská republika", "obec": "Trnava", "poistovne": "VŠZP, Union, Dôvera", "opening_hours": null, "aktualizacia": "2023-06-09T12:10:10Z", "osm_healthcare_within_50m": true}}, {"type": "Feature", "geometry": {"type": "Point", "coordinates": [17.5883006, 48.3683214]}, "properties": {"evuc_id": 34989, "druh": "ambulancia pediatrickej neurológie", "name": "Ambulancia pediatrickej neurológie, Trnava, (Fakultná nemocnica Trnava)", "adresa": "Ulica Andreja Žarnova 7507/11, 91702 Trnava, Slovenská republika", "obec": "Trnava", "poistovne": "VŠZP, Union, Dôvera", "opening_hours": null, "aktualizacia": "2023-06-09T12:10:10Z", "osm_healthcare_within_50m": true}}, {"type": "Feature", "geometry": {"type": "Point", "coordinates": [17.5883006, 48.3683214]}, "properties": {"evuc_id": 34993, "druh": "chirurgická ambulancia", "name": "Cievna chirurgická ambulancia, Trnava, (Fakultná nemocnica Trnava)", "adresa": "Ulica Andreja Žarnova 7507/11, 91702 Trnava, Slovenská republika", "obec": "Trnava", "poistovne": "VŠZP, Union, Dôvera", "opening_hours": null, "aktualizacia": "2023-06-09T12:10:10Z", "osm_healthcare_within_50m": true}}, {"type": "Feature", "geometry": {"type": "Point", "coordinates": [17.5883006, 48.3683214]}, "properties": {"evuc_id": 34994, "druh": "dermatovenerologická ambulancia", "name": "Dermatovenerologická ambulancia, Trnava, (Fakultná nemocnica Trnava)", "adresa": "Ulica Andreja Žarnova 7507/11, 91702 Trnava, Slovenská republika", "obec": "Trnava", "poistovne": "VŠZP, Union, Dôvera", "opening_hours": null, "aktualizacia": "2023-06-09T12:10:10Z", "osm_healthcare_within_50m": true}}, {"type": "Feature", "geometry": {"type": "Point", "coordinates": [17.5883006, 48.3683214]}, "properties": {"evuc_id": 34997, "druh": "gastroenterologická ambulancia", "name": "Gastroenterologická ambulancia, Trnava, (Fakultná nemocnica Trnava)", "adresa": "Ulica Andreja Žarnova 7507/11, 91702 Trnava, Slovenská republika", "obec": "Trnava", "poistovne": "VŠZP, Union, Dôvera", "opening_hours": null, "aktualizacia": "2023-06-09T12:10:10Z", "osm_healthcare_within_50m": true}}, {"type": "Feature", "geometry": {"type": "Point", "coordinates": [17.5954774, 48.3795586]}, "properties": {"evuc_id": 10788, "druh": "zariadenie spoločných vyšetrovacích a liečebných zložiek", "name": "SVaLZ, fyziatria, balneológia a liečebná rehabilitácia, Trnava, (AGAVE,s.r.o.)", "adresa": "Starohájska ulica 6755/2, 91701 Trnava, Slovenská republika", "obec": "Trnava", "poistovne": "VŠZP, Union, Dôvera", "opening_hours": null, "aktualizacia": "2023-06-09T12:10:10Z", "osm_healthcare_within_50m": true}}, {"type": "Feature", "geometry": {"type": "Point", "coordinates": [17.5954774, 48.3795586]}, "properties": {"evuc_id": 10863, "druh": "ambulancia vnútorného lekárstva", "name": "Ambulancia vnútorného lekárstva, Trnava, (AKIREUM s.r.o.)", "adresa": "Starohájska ulica 6755/2, 91701 Trnava, Slovenská republika", "obec": "Trnava", "poistovne": "VŠZP, Union, Dôvera", "opening_hours": null, "aktualizacia": "2023-06-09T12:10:10Z", "osm_healthcare_within_50m": true}}, {"type": "Feature", "geometry": {"type": "Point", "coordinates": [17.5954774, 48.3795586]}, "properties": {"evuc_id": 10864, "druh": "reumatologická ambulancia", "name": "Reumatologická ambulancia, Trnava, (AKIREUM s.r.o.)", "adresa": "Starohájska ulica 6755/2, 91701 Trnava, Slovenská republika", "obec": "Trnava", "poistovne": "VŠZP, Union, Dôvera", "opening_hours": null, "aktualizacia": "2023-06-09T12:10:10Z", "osm_healthcare_within_50m": true}}, {"type": "Feature", "geometry": {"type": "Point", "coordinates": [17.599659, 48.3843156]}, "properties": {"evuc_id": 40415, "druh": "gynekologicko-pôrodnícka ambulancia", "name": "Gynekologická ambulancia, Trnava, (ALLATURA, s.r.o.)", "adresa": "BC AQUAPOLIS, Ulica Piešťanská 8188/3, 91701 Trnava, Slovenská republika", "obec": "Trnava", "poistovne": "VŠZP, Union, Dôvera", "opening_hours": "Mo 11:00-17:00; Tu-We 07:30-14:00; Th 11:00-17:00; Fr 07:30-12:30", "aktualizacia": "2023-06-09T12:10:10Z", "osm_healthcare_within_50m": false}}, {"type": "Feature", "geometry": {"type": "Point", "coordinates": [17.5883006, 48.3683214]}, "properties": {"evuc_id": 10795, "druh": "zariadenie spoločných vyšetrovacích a liečebných zložiek", "name": "SVaLZ, klinická imunológia a alergológia, Trnava, (AnalytX s.r.o.)", "adresa": "Fakultná nemocnica Trnava, Ulica Andreja Žarnova 7507/11, 91702 Trnava, Slovenská republika", "obec": "Trnava", "poistovne": "VŠZP, Union, Dôvera", "opening_hours": "Mo-Fr 07:30-15:30", "aktualizacia": "2023-06-09T12:10:10Z", "osm_healthcare_within_50m": true}}, {"type": "Feature", "geometry": {"type": "Point", "coordinates": [17.5911586, 48.3805449]}, "properties": {"evuc_id": 42149, "druh": "psychiatrická ambulancia", "name": "Psychiatrická ambulancia, Trnava, (ANIMO Trnava s. r. o.)", "adresa": "Ulica Jeruzalemská 329/38, 91701 Trnava, Slovenská republika", "obec": "Trnava", "poistovne": "VŠZP, Union, Dôvera", "opening_hours": null, "aktualizacia": "2023-06-09T12:10:10Z", "osm_healthcare_within_50m": false}}, {"type": "Feature", "geometry": {"type": "Point", "coordinates": [17.5954774, 48.3795586]}, "properties": {"evuc_id": 10879, "druh": "ambulancia všeobecnej ambulantnej zdravotnej starostlivosti", "name": "Všeobecná ambulancia pre dospelých, Trnava, (AXE - MED s.r.o.)", "adresa": "Starohájska ulica 6755/2, 91701 Trnava, Slovenská republika", "obec": "Trnava", "poistovne": "VŠZP, Union, Dôvera", "opening_hours": "Mo 07:30-14:30; Tu-We 07:30-15:00; Th 07:30-14:30; Fr 07:30-13:30", "aktualizacia": "2023-06-09T12:10:10Z", "osm_healthcare_within_50m": true}}, {"type": "Feature", "geometry": {"type": "Point", "coordinates": [17.597022, 48.379419]}, "properties": {"evuc_id": 42823, "druh": "ambulancia zubného lekárstva", "name": "Ambulancia zubného lekárstva, Trnava, (BB dental studio, s. r. o.)", "adresa": "Starohájska ulica 8180/9B, 91701 Trnava, Slovenská republika", "obec": "Trnava", "poistovne": "VŠZP, Union, Dôvera", "opening_hours": "Mo-Th 08:00-15:00; Fr 08:00-13:00", "aktualizacia": "2023-06-09T12:10:10Z", "osm_healthcare_within_50m": false}}, {"type": "Feature", "geometry": {"type": "Point", "coordinates": [17.6086643, 48.3733896]}, "properties": {"evuc_id": 10973, "druh": "otorinolaryngologická ambulancia", "name": "Otorinolaryngologická ambulancia, Trnava, (BP ORL s.r.o.)", "adresa": "Ulica Koniarekova 5881/20, 91701 Trnava, Slovenská republika", "obec": "Trnava", "poistovne": "VŠZP, Union, Dôvera", "opening_hours": "Mo-Fr 07:30-15:00", "aktualizacia": "2023-06-09T12:10:10Z", "osm_healthcare_within_50m": false}}, {"type": "Feature", "geometry": {"type": "Point", "coordinates": [17.599659, 48.3843156]}, "properties": {"evuc_id": 28389, "druh": "psychiatrická ambulancia", "name": "Psychiatrická ambulancia, Trnava, (Centrum pre adiktológiu a duševné zdravie, n.o.)", "adresa": "AQUAPOLIS- Business centrum Trnava, Ulica Piešťanská 8188/3, 91701 Trnava, Slovenská republika", "obec": "Trnava", "poistovne": "VŠZP, Union, Dôvera", "opening_hours": "Mo-Th 08:00-14:30; Fr 08:00-14:00", "aktualizacia": "2023-06-09T12:10:10Z", "osm_healthcare_within_50m": false}}, {"type": "Feature", "geometry": {"type": "Point", "coordinates": [17.5619034, 48.2747349]}, "properties": {"evuc_id": 41639, "druh": "ambulancia zubného lekárstva", "name": "Ambulancia zubného lekárstva, Voderady, (Dantistmed s.r.o.)", "adresa": "Hlavná ulica 286/40, 91942 Voderady, Slovenská republika", "obec": "Voderady", "poistovne": "VŠZP, Union, Dôvera", "opening_hours": "Mo-Fr 08:00-16:00", "aktualizacia": "2023-06-09T12:10:10Z", "osm_healthcare_within_50m": true}}, {"type": "Feature", "geometry": {"type": "Point", "coordinates": [17.5868791, 48.3724313]}, "properties": {"evuc_id": 10873, "druh": "endokrinologická ambulancia", "name": "Endokrinologická ambulancia, Trnava, (EN - BIO, s.r.o.)", "adresa": "Ulica Andreja Žarnova 5260/1, 91702 Trnava, Slovenská republika", "obec": "Trnava", "poistovne": "VŠZP, Union, Dôvera", "opening_hours": "Mo 06:30-14:00; Tu 09:30-17:00; Th-Fr 06:30-14:00", "aktualizacia": "2023-06-09T12:10:10Z", "osm_healthcare_within_50m": true}}, {"type": "Feature", "geometry": {"type": "Point", "coordinates": [17.5883006, 48.3683214]}, "properties": {"evuc_id": 34980, "druh": "ambulancia diabetológie a porúch látkovej premeny a výživy", "name": "Ambulancia diabetológie a porúch látkovej premeny a výživy, Trnava, (Fakultná nemocnica Trnava)", "adresa": "Ulica Andreja Žarnova 7507/11, 91702 Trnava, Slovenská republika", "obec": "Trnava", "poistovne": "VŠZP, Union, Dôvera", "opening_hours": "Mo-Tu 07:00-15:00; Fr 07:00-15:00", "aktualizacia": "2023-06-09T12:10:10Z", "osm_healthcare_within_50m": true}}, {"type": "Feature", "geometry": {"type": "Point", "coordinates": [17.5883006, 48.3683214]}, "properties": {"evuc_id": 34981, "druh": "ambulancia fyziatrie, balneológie a liečebnej rehabilitácie", "name": "Ambulancia fyziatrie, balneológie a liečebnej rehabilitácie, Trnava, (Fakultná nemocnica Trnava)", "adresa": "Ulica Andreja Žarnova 7507/11, 91702 Trnava, Slovenská republika", "obec": "Trnava", "poistovne": "VŠZP, Union, Dôvera", "opening_hours": null, "aktualizacia": "2023-06-09T12:10:10Z", "osm_healthcare_within_50m": true}}, {"type": "Feature", "geometry": {"type": "Point", "coordinates": [17.5883006, 48.3683214]}, "properties": {"evuc_id": 34984, "druh": "ambulancia klinickej onkológie", "name": "MDS, Trnava, (Fakultná nemocnica Trnava)", "adresa": "Ulica Andreja Žarnova 7507/11, 91702 Trnava, Slovenská republika", "obec": "Trnava", "poistovne": "VŠZP, Union, Dôvera", "opening_hours": "Mo-Fr 07:30-14:30", "aktualizacia": "2023-06-09T12:10:10Z", "osm_healthcare_within_50m": true}}, {"type": "Feature", "geometry": {"type": "Point", "coordinates": [17.5883006, 48.3683214]}, "properties": {"evuc_id": 34985, "druh": "ambulancia klinickej psychológie", "name": "Ambulancia klinickej psychológie, Trnava, (Fakultná nemocnica Trnava)", "adresa": "Ulica Andreja Žarnova 7507/11, 91702 Trnava, Slovenská republika", "obec": "Trnava", "poistovne": "VŠZP, Union, Dôvera", "opening_hours": null, "aktualizacia": "2023-06-09T12:10:10Z", "osm_healthcare_within_50m": true}}, {"type": "Feature", "geometry": {"type": "Point", "coordinates": [17.5883006, 48.3683214]}, "properties": {"evuc_id": 34990, "druh": "ambulancia vnútorného lekárstva", "name": "Ambulancia vnútorného lekárstva, Trnava, (Fakultná nemocnica Trnava)", "adresa": "Ulica Andreja Žarnova 7507/11, 91702 Trnava, Slovenská republika", "obec": "Trnava", "poistovne": "VŠZP, Union, Dôvera", "opening_hours": "Mo-Fr 07:00-15:00", "aktualizacia": "2023-06-09T12:10:10Z", "osm_healthcare_within_50m": true}}, {"type": "Feature", "geometry": {"type": "Point", "coordinates": [17.588757, 48.3717831]}, "properties": {"evuc_id": 31295, "druh": "ambulancia poradenskej psychológie", "name": "Ambulancia poradenskej psychológie, Trnava, (Ministerstvo vnútra Slovenskej republiky)", "adresa": "Ulica Kollárova 31, 91701 Trnava, Slovenská republika", "obec": "Trnava", "poistovne": null, "opening_hours": null, "aktualizacia": "2023-06-09T12:10:10Z", "osm_healthcare_within_50m": false}}, {"type": "Feature", "geometry": {"type": "Point", "coordinates": [17.588757, 48.3717831]}, "properties": {"evuc_id": 31275, "druh": "ambulancia pracovnej a organizačnej psychológie", "name": "Ambulancia pracovnej a organizačnej psychológie, Trnava, (Ministerstvo vnútra Slovenskej republiky)", "adresa": "Ulica Kollárova 31, 91701 Trnava, Slovenská republika", "obec": "Trnava", "poistovne": null, "opening_hours": null, "aktualizacia": "2023-06-09T12:10:10Z", "osm_healthcare_within_50m": false}}, {"type": "Feature", "geometry": {"type": "Point", "coordinates": [17.5857372, 48.3741162]}, "properties": {"evuc_id": 35176, "druh": "špecializovaná ambulancia Hasičského záchranného zboru", "name": "Ambulancia Hasičského záchranného zboru, Ulica Vajanského, Trnava, (Ministerstvo vnútra Slovenskej republiky)", "adresa": "Ulica Vajanského 617/22, 91701 Trnava, Slovenská republika", "obec": "Trnava", "poistovne": null, "opening_hours": null, "aktualizacia": "2023-06-09T12:10:10Z", "osm_healthcare_within_50m": false}}, {"type": "Feature", "geometry": {"type": "Point", "coordinates": [17.6104693, 48.4396923]}, "properties": {"evuc_id": 16418, "druh": "ambulancia vnútorného lekárstva", "name": "Ambulancia vnútorného lekárstva, Špačince, (MUDr. Juraj Jánošík)", "adresa": "537, 91951 Špačince, Slovenská republika", "obec": "Špačince", "poistovne": null, "opening_hours": null, "aktualizacia": "2023-06-09T12:10:10Z", "osm_healthcare_within_50m": false}}, {"type": "Feature", "geometry": {"type": "Point", "coordinates": [17.7184817, 48.3309467]}, "properties": {"evuc_id": 11086, "druh": "ambulancia zubného lekárstva", "name": "Ambulancia zubného lekárstva, Šúrovce, (MUDr. Miloš Malovec)", "adresa": "Hlavná 1/22, 91925 Šúrovce, Slovenská republika", "obec": "Šúrovce", "poistovne": "VŠZP, Dôvera", "opening_hours": null, "aktualizacia": "2023-06-09T12:10:10Z", "osm_healthcare_within_50m": false}}, {"type": "Feature", "geometry": {"type": "Point", "coordinates": [17.5885556, 48.3860577]}, "properties": {"evuc_id": 11059, "druh": "ambulancia čeľustnej ortopédie", "name": "Ambulancia čeľustnej ortopédie, Trnava, (MUDr. Mária Škodáčková)", "adresa": "Ulica Jána Hajdóczyho 802/38, 91701 Trnava, Slovenská republika", "obec": "Trnava", "poistovne": null, "opening_hours": null, "aktualizacia": "2023-06-09T12:10:10Z", "osm_healthcare_within_50m": false}}, {"type": "Feature", "geometry": {"type": "Point", "coordinates": [17.567556, 48.351237]}, "properties": {"evuc_id": 32420, "druh": "psychiatrická ambulancia", "name": "Psychiatrická ambulancia, Hrnčiarovce nad Parnou, (Nemocnica pre obvinených a odsúdených a Ústav na výkon trestu odňatia slobody Trenčín)", "adresa": "ÚVTOS, Dlhé lúky 1, 91865 Hrnčiarovce nad Parnou, Slovenská republika", "obec": "Hrnčiarovce nad Parnou", "poistovne": "VŠZP, Union, Dôvera", "opening_hours": null, "aktualizacia": "2023-06-09T12:10:10Z", "osm_healthcare_within_50m": false}}, {"type": "Feature", "geometry": {"type": "Point", "coordinates": [17.567556, 48.351237]}, "properties": {"evuc_id": 32461, "druh": "stacionár", "name": "Stacionár, psychiatria, Hrnčiarovce nad Parnou, (Nemocnica pre obvinených a odsúdených a Ústav na výkon trestu odňatia slobody Trenčín)", "adresa": "ÚVTOS, Dlhé lúky 1, 91865 Hrnčiarovce nad Parnou, Slovenská republika", "obec": "Hrnčiarovce nad Parnou", "poistovne": "VŠZP, Union, Dôvera", "opening_hours": null, "aktualizacia": "2023-06-09T12:10:10Z", "osm_healthcare_within_50m": false}}, {"type": "Feature", "geometry": {"type": "Point", "coordinates": [17.5883006, 48.3683214]}, "properties": {"evuc_id": 35006, "druh": "nefrologická ambulancia", "name": "Nefrologická ambulancia, Trnava, (Fakultná nemocnica Trnava)", "adresa": "Ulica Andreja Žarnova 7507/11, 91702 Trnava, Slovenská republika", "obec": "Trnava", "poistovne": "VŠZP, Union, Dôvera", "opening_hours": "Mo-Tu 07:30-15:30; We 11:45-15:30", "aktualizacia": "2023-06-09T12:10:10Z", "osm_healthcare_within_50m": true}}, {"type": "Feature", "geometry": {"type": "Point", "coordinates": [17.5954774, 48.3795586]}, "properties": {"evuc_id": 34109, "druh": "zariadenie na poskytovanie jednodňovej zdravotnej starostlivosti", "name": "Jednodňová zdravotná starostlivosť, gastroenterológia, Trnava, (GEA s.r.o.)", "adresa": "Starohájska ulica 6755/2, 91701 Trnava, Slovenská republika", "obec": "Trnava", "poistovne": "VŠZP, Union", "opening_hours": "Mo 16:00-20:00", "aktualizacia": "2023-06-09T12:10:10Z", "osm_healthcare_within_50m": true}}, {"type": "Feature", "geometry": {"type": "Point", "coordinates": [17.6692691, 48.3476183]}, "properties": {"evuc_id": 16419, "druh": "ambulancia fyziatrie, balneológie a liečebnej rehabilitácie", "name": "Ambulancia fyziatrie, balneológie a liečebnej rehabilitácie, Zavar, (MAJATO s.r.o.)", "adresa": "Hlavná 121/60, 91926 Zavar, Slovenská republika", "obec": "Zavar", "poistovne": "VŠZP, Union, Dôvera", "opening_hours": "Mo-Th 14:00-19:00", "aktualizacia": "2023-06-09T12:10:10Z", "osm_healthcare_within_50m": false}}, {"type": "Feature", "geometry": {"type": "Point", "coordinates": [17.5658571, 48.3437852]}, "properties": {"evuc_id": 33842, "druh": "ambulancia vnútorného lekárstva", "name": "Ambulancia vnútorného lekárstva, MUDr.Ján Raffaj, Hrnčiarovce nad Parnou, (Nemocnica pre obvinených a odsúdených a Ústav na výkon trestu odňatia slobody Trenčín)", "adresa": "ÚVTOS, Dlhé lúky 1, 91865 Hrnčiarovce nad Parnou, Slovenská republika", "obec": "Hrnčiarovce nad Parnou", "poistovne": "VŠZP, Union, Dôvera", "opening_hours": "Mo 07:00-08:00; Tu-We 13:00-15:00", "aktualizacia": "2023-06-09T12:10:10Z", "osm_healthcare_within_50m": false}}, {"type": "Feature", "geometry": {"type": "Point", "coordinates": [17.5831036, 48.3784853]}, "properties": {"evuc_id": 10946, "druh": "oftalmologická ambulancia", "name": "Oftalmologická ambulancia, Trnava, (Očná ambulancia s.r.o.)", "adresa": "Ulica Františkánska 7517/4, 91701 Trnava, Slovenská republika", "obec": "Trnava", "poistovne": null, "opening_hours": "Mo-Tu 07:00-13:00; We 08:00-14:00; Th 07:00-13:00", "aktualizacia": "2023-06-09T12:10:10Z", "osm_healthcare_within_50m": true}}, {"type": "Feature", "geometry": {"type": "Point", "coordinates": [17.5876555, 48.3696211]}, "properties": {"evuc_id": 28003, "druh": "zariadenie na poskytovanie jednodňovej zdravotnej starostlivosti", "name": "Jednodňová zdravotná starostlivosť, gastroenterológia, Trnava, (EndoCorp s.r.o.)", "adresa": "Ulica Andreja Žarnova 16, 91702 Trnava, Slovenská republika", "obec": "Trnava", "poistovne": "Union", "opening_hours": null, "aktualizacia": "2023-06-09T12:10:10Z", "osm_healthcare_within_50m": true}}, {"type": "Feature", "geometry": {"type": "Point", "coordinates": [17.5954774, 48.3795586]}, "properties": {"evuc_id": 31257, "druh": "zariadenie spoločných vyšetrovacích a liečebných zložiek", "name": "SVaLZ, rádiológia, Trnava, (MRI, s.r.o.)", "adresa": "Starohájska ulica 6755/2, 91701 Trnava, Slovenská republika", "obec": "Trnava", "poistovne": "VŠZP, Union, Dôvera", "opening_hours": null, "aktualizacia": "2023-06-09T12:10:10Z", "osm_healthcare_within_50m": true}}, {"type": "Feature", "geometry": {"type": "Point", "coordinates": [17.5954774, 48.3795586]}, "properties": {"evuc_id": 31258, "druh": "zariadenie spoločných vyšetrovacích a liečebných zložiek", "name": "SVaLZ, rádiológia, Trnava, (MRI, s.r.o.)", "adresa": "Starohájska ulica 6755/2, 91701 Trnava, Slovenská republika", "obec": "Trnava", "poistovne": "VŠZP, Union, Dôvera", "opening_hours": "Mo-Fr 06:30-19:30", "aktualizacia": "2023-06-09T12:10:10Z", "osm_healthcare_within_50m": true}}, {"type": "Feature", "geometry": {"type": "Point", "coordinates": [17.5768724, 48.375625]}, "properties": {"evuc_id": 42980, "druh": "stacionár", "name": "Stacionár, všeobecné lekárstvo, Trnava, (Zdravá župa, s. r. o.)", "adresa": "Ulica Študentská 3579/16, 91701 Trnava, Slovenská republika", "obec": "Trnava", "poistovne": null, "opening_hours": "Mo-Fr 08:00-16:00", "aktualizacia": "2023-06-09T12:10:10Z", "osm_healthcare_within_50m": true}}, {"type": "Feature", "geometry": {"type": "Point", "coordinates": [17.5954774, 48.3795586]}, "properties": {"evuc_id": 10865, "druh": "ambulancia akupunktúry", "name": "Ambulancia akupunktúry, Trnava, (AKIREUM s.r.o.)", "adresa": "Starohájska ulica 6755/2, 91701 Trnava, Slovenská republika", "obec": "Trnava", "poistovne": null, "opening_hours": null, "aktualizacia": "2023-06-09T12:10:10Z", "osm_healthcare_within_50m": true}}, {"type": "Feature", "geometry": {"type": "Point", "coordinates": [17.5883006, 48.3683214]}, "properties": {"evuc_id": 42979, "druh": "mobilné odberové miesto", "name": "Mobilné odberové miesto, Trnava, (AnalytX s.r.o.)", "adresa": "mobilné unimobunky v zadnej časti areálu Fakultnej nemocnice v Trnave, Ulica Andreja Žarnova 7507/11, 91702 Trnava, Slovenská republika", "obec": "Trnava", "poistovne": null, "opening_hours": "Mo-Fr 08:00-10:00", "aktualizacia": "2023-06-09T12:10:10Z", "osm_healthcare_within_50m": true}}, {"type": "Feature", "geometry": {"type": "Point", "coordinates": [17.5890715, 48.376917]}, "properties": {"evuc_id": 43893, "druh": "ambulancia zubného lekárstva", "name": "Ambulancia zubného lekárstva, Trnava, (ANNDENTE s. r. o.)", "adresa": "Ulica Dolnopotočná 7374/5, 91701 Trnava, Slovenská republika", "obec": "Trnava", "poistovne": null, "opening_hours": null, "aktualizacia": "2023-06-09T12:10:10Z", "osm_healthcare_within_50m": false}}, {"type": "Feature", "geometry": {"type": "Point", "coordinates": [17.5954774, 48.3795586]}, "properties": {"evuc_id": 10940, "druh": "ambulancia zubného lekárstva", "name": "Ambulancia zubného lekárstva, Trnava, (DentArt, s.r.o.)", "adresa": "Starohájska ulica 6755/2, 91701 Trnava, Slovenská republika", "obec": "Trnava", "poistovne": null, "opening_hours": "Th 07:30-15:00; Fr 13:00-16:00", "aktualizacia": "2023-06-09T12:10:10Z", "osm_healthcare_within_50m": true}}, {"type": "Feature", "geometry": {"type": "Point", "coordinates": [17.599659, 48.3843156]}, "properties": {"evuc_id": 42790, "druh": "ambulancia zubného lekárstva", "name": "Ambulancia zubného lekárstva, Trnava, (Dina-Dent s. r. o.)", "adresa": "Ulica Piešťanská 8188/3, 91701 Trnava, Slovenská republika", "obec": "Trnava", "poistovne": null, "opening_hours": null, "aktualizacia": "2023-06-09T12:10:10Z", "osm_healthcare_within_50m": false}}, {"type": "Feature", "geometry": {"type": "Point", "coordinates": [17.5954774, 48.3795586]}, "properties": {"evuc_id": 10985, "druh": "ambulancia klinickej psychológie", "name": "Ambulancia klinickej psychológie, Trnava, (Grian, s.r.o.)", "adresa": "Starohájska ulica 6755/2, 91701 Trnava, Slovenská republika", "obec": "Trnava", "poistovne": null, "opening_hours": null, "aktualizacia": "2023-06-09T12:10:10Z", "osm_healthcare_within_50m": true}}, {"type": "Feature", "geometry": {"type": "Point", "coordinates": [17.5812468, 48.3734975]}, "properties": {"evuc_id": 10906, "druh": "ambulancia zubného lekárstva", "name": "Ambulancia zubného lekárstva, Trnava, (Lužák s.r.o.)", "adresa": "Ulica A. Sládkoviča 7161/4, 91701 Trnava, Slovenská republika", "obec": "Trnava", "poistovne": null, "opening_hours": null, "aktualizacia": "2023-06-09T12:10:10Z", "osm_healthcare_within_50m": false}}, {"type": "Feature", "geometry": {"type": "Point", "coordinates": [17.5677493, 48.3695175]}, "properties": {"evuc_id": 10891, "druh": "ambulancia zubného lekárstva", "name": "Ambulancia zubného lekárstva, Trnava, (MEDBEL, s.r.o.)", "adresa": "Ulica Mozartova 5906/3, 91708 Trnava, Slovenská republika", "obec": "Trnava", "poistovne": "VŠZP, Dôvera", "opening_hours": "Mo-Fr 08:00-14:00", "aktualizacia": "2023-06-09T12:10:10Z", "osm_healthcare_within_50m": true}}, {"type": "Feature", "geometry": {"type": "Point", "coordinates": [17.5906819, 48.3742666]}, "properties": {"evuc_id": 42896, "druh": "agentúra domácej ošetrovateľskej starostlivosti", "name": "ADOS, Dolné bašty, Trnava, (MEDCORP SLOVAKIA s.r.o.)", "adresa": "Dolné bašty 8833/14, 91701 Trnava, Slovenská republika", "obec": "Trnava", "poistovne": null, "opening_hours": "Mo-Fr 08:00-16:00", "aktualizacia": "2023-06-09T12:10:10Z", "osm_healthcare_within_50m": false}}, {"type": "Feature", "geometry": {"type": "Point", "coordinates": [17.5954774, 48.3795586]}, "properties": {"evuc_id": 10914, "druh": "ambulancia zubného lekárstva", "name": "Ambulancia zubného lekárstva, Trnava, (Medistom, s.r.o.)", "adresa": "Starohájska ulica 6755/2, 91701 Trnava, Slovenská republika", "obec": "Trnava", "poistovne": "VŠZP, Union, Dôvera", "opening_hours": null, "aktualizacia": "2023-06-09T12:10:10Z", "osm_healthcare_within_50m": true}}, {"type": "Feature", "geometry": {"type": "Point", "coordinates": [17.5954774, 48.3795586]}, "properties": {"evuc_id": 10842, "druh": "ambulancia všeobecnej ambulantnej zdravotnej starostlivosti", "name": "Všeobecná ambulancia pre dospelých, Trnava, (MEDIVIA s.r.o.)", "adresa": "Starohájska ulica 6755/2, 91701 Trnava, Slovenská republika", "obec": "Trnava", "poistovne": "VŠZP, Union, Dôvera", "opening_hours": "Mo 07:00-19:00; Tu-We 07:30-13:30; Th 11:00-17:00; Fr 07:30-12:30", "aktualizacia": "2023-06-09T12:10:10Z", "osm_healthcare_within_50m": true}}, {"type": "Feature", "geometry": {"type": "Point", "coordinates": [17.5954774, 48.3795586]}, "properties": {"evuc_id": 10815, "druh": "psychiatrická ambulancia", "name": "Psychiatrická ambulancia, Trnava, (MENTALSERVIS, s.r.o.)", "adresa": "Starohájska ulica 6755/2, 91701 Trnava, Slovenská republika", "obec": "Trnava", "poistovne": "VŠZP, Union, Dôvera", "opening_hours": "Mo 07:30-15:30; We 11:00-17:00; Th-Fr 07:30-15:30", "aktualizacia": "2023-06-09T12:10:10Z", "osm_healthcare_within_50m": true}}, {"type": "Feature", "geometry": {"type": "Point", "coordinates": [17.5954774, 48.3795586]}, "properties": {"evuc_id": 10825, "druh": "zariadenie spoločných vyšetrovacích a liečebných zložiek", "name": "SVaLZ, počítačová tomografia - CT, Trnava, (MRI, s.r.o.)", "adresa": "Starohájska ulica 6755/2, 91701 Trnava, Slovenská republika", "obec": "Trnava", "poistovne": "VŠZP, Union, Dôvera", "opening_hours": "Mo-Th 07:30-18:30; Fr 07:30-15:30", "aktualizacia": "2023-06-09T12:10:10Z", "osm_healthcare_within_50m": true}}, {"type": "Feature", "geometry": {"type": "Point", "coordinates": [17.644758, 48.4791839]}, "properties": {"evuc_id": 11052, "druh": "ambulancia všeobecnej ambulantnej zdravotnej starostlivosti", "name": "Všeobecná ambulancia pre dospelých, Jaslovské Bohunice, (MUDr. Branko Virth)", "adresa": "Hlavná Bohunice 33/4, 91930 Jaslovské Bohunice, Slovenská republika", "obec": "Jaslovské Bohunice", "poistovne": "VŠZP, Union, Dôvera", "opening_hours": "Mo 07:00-13:00; Tu 07:00-15:00; We 07:00-13:00; Th 07:00-16:00; Fr 07:00-13:00", "aktualizacia": "2023-06-09T12:10:10Z", "osm_healthcare_within_50m": false}}, {"type": "Feature", "geometry": {"type": "Point", "coordinates": [17.5883355, 48.3683834]}, "properties": {"evuc_id": 29543, "druh": "hematologická a transfúziologická ambulancia", "name": "Hematologická a transfúziologická ambulancia, Trnava, (Národná transfúzna služba SR)", "adresa": "Ulica Andreja Žarnova 11, 91775 Trnava, Slovenská republika", "obec": "Trnava", "poistovne": "VŠZP, Union, Dôvera", "opening_hours": null, "aktualizacia": "2023-06-09T12:10:10Z", "osm_healthcare_within_50m": true}}, {"type": "Feature", "geometry": {"type": "Point", "coordinates": [17.5883355, 48.3683834]}, "properties": {"evuc_id": 29547, "druh": "zariadenie spoločných vyšetrovacích a liečebných zložiek", "name": "SVaLZ, hematológia a transfuziológia, Trnava, (Národná transfúzna služba SR)", "adresa": "Ulica Andreja Žarnova 11, 91775 Trnava, Slovenská republika", "obec": "Trnava", "poistovne": "VŠZP, Union, Dôvera", "opening_hours": null, "aktualizacia": "2023-06-09T12:10:10Z", "osm_healthcare_within_50m": true}}, {"type": "Feature", "geometry": {"type": "Point", "coordinates": [17.5954774, 48.3795586]}, "properties": {"evuc_id": 29417, "druh": "ambulancia poradenskej psychológie", "name": "Ambulancia poradenskej psychológie, Trnava, (PhDr. Iveta Šefarová)", "adresa": "Starohájska ulica 6755/2, 91701 Trnava, Slovenská republika", "obec": "Trnava", "poistovne": null, "opening_hours": null, "aktualizacia": "2023-06-09T12:10:10Z", "osm_healthcare_within_50m": true}}, {"type": "Feature", "geometry": {"type": "Point", "coordinates": [17.599659, 48.3843156]}, "properties": {"evuc_id": 34473, "druh": "ambulancia neurochirurgická", "name": "Ambulancia neurochirurgická, Trnava, (PSYCH-MED s.r.o.)", "adresa": "BC AQUAPOLIS, Ulica Piešťanská 8188/3, 91701 Trnava, Slovenská republika", "obec": "Trnava", "poistovne": null, "opening_hours": "Tu 16:00-19:00", "aktualizacia": "2023-06-09T12:10:10Z", "osm_healthcare_within_50m": false}}, {"type": "Feature", "geometry": {"type": "Point", "coordinates": [17.5954774, 48.3795586]}, "properties": {"evuc_id": 10839, "druh": "reumatologická ambulancia", "name": "Reumatologická ambulancia, Trnava, (REUMA - GLOBAL s.r.o.)", "adresa": "Starohájska ulica 6755/2, 91701 Trnava, Slovenská republika", "obec": "Trnava", "poistovne": "VŠZP, Union, Dôvera", "opening_hours": "Tu-Th 07:00-12:00", "aktualizacia": "2023-06-09T12:10:10Z", "osm_healthcare_within_50m": true}}, {"type": "Feature", "geometry": {"type": "Point", "coordinates": [17.6579745, 48.3066621]}, "properties": {"evuc_id": 16528, "druh": "ambulancia všeobecnej ambulantnej zdravotnej starostlivosti", "name": "Všeobecná ambulancia pre dospelých, Vlčkovce, (SANABITUR, s.r.o.)", "adresa": "68, 91923 Vlčkovce, Slovenská republika", "obec": "Vlčkovce", "poistovne": "VŠZP, Union, Dôvera", "opening_hours": "Tu 07:00-14:30; Th 07:00-14:30", "aktualizacia": "2023-06-09T12:10:10Z", "osm_healthcare_within_50m": false}}, {"type": "Feature", "geometry": {"type": "Point", "coordinates": [17.7003804, 48.4178256]}, "properties": {"evuc_id": 34604, "druh": "ambulancia všeobecnej ambulantnej zdravotnej starostlivosti", "name": "Všeobecná ambulancia pre dospelých, Bučany, (Secret Miga, s. r. o.)", "adresa": "359, 91928 Bučany, Slovenská republika", "obec": "Bučany", "poistovne": "VŠZP, Union, Dôvera", "opening_hours": "Tu 12:00-15:30; We 06:30-08:30; Th 12:00-15:30", "aktualizacia": "2023-06-09T12:10:10Z", "osm_healthcare_within_50m": false}}, {"type": "Feature", "geometry": {"type": "Point", "coordinates": [17.606301, 48.3890187]}, "properties": {"evuc_id": 43604, "druh": "ambulancia zubno–lekárskej pohotovostnej služby", "name": "Zubno–lekárska pohotovostná služba, Novomestská ulica, Trnava, (SK Dental Trnava s.r.o.)", "adresa": "Novomestská ulica 9942/8, 91701 Trnava, Slovenská republika", "obec": "Trnava", "poistovne": null, "opening_hours": null, "aktualizacia": "2023-06-09T12:10:10Z", "osm_healthcare_within_50m": true}}, {"type": "Feature", "geometry": {"type": "Point", "coordinates": [17.606301, 48.3890187]}, "properties": {"evuc_id": 43602, "druh": "ambulancia zubného lekárstva", "name": "Ambulancia zubného lekárstva, Trnava, (SK Dental Trnava s.r.o.)", "adresa": "Novomestská ulica 9942/8, 91701 Trnava, Slovenská republika", "obec": "Trnava", "poistovne": null, "opening_hours": null, "aktualizacia": "2023-06-09T12:10:10Z", "osm_healthcare_within_50m": true}}, {"type": "Feature", "geometry": {"type": "Point", "coordinates": [17.5813596, 48.3779099]}, "properties": {"evuc_id": 41981, "druh": "ambulancia pracovného lekárstva", "name": "Ambulancia pracovného lekárstva, Trnava, (TeamPrevent Santé s. r. o.)", "adresa": "Ulica Hospodárska 3611/53, 91701 Trnava, Slovenská republika", "obec": "Trnava", "poistovne": null, "opening_hours": null, "aktualizacia": "2023-06-09T12:10:10Z", "osm_healthcare_within_50m": false}}, {"type": "Feature", "geometry": {"type": "Point", "coordinates": [17.5765312, 48.3565754]}, "properties": {"evuc_id": 36684, "druh": "ortopedická ambulancia", "name": "Ortopedická ambulancia, Trnava, (VIGEO, s.r.o.)", "adresa": "Bratislavská ulica 9355/74, 91702 Trnava, Slovenská republika", "obec": "Trnava", "poistovne": null, "opening_hours": null, "aktualizacia": "2023-06-09T12:10:10Z", "osm_healthcare_within_50m": false}}, {"type": "Feature", "geometry": {"type": "Point", "coordinates": [17.5969221, 48.3799444]}, "properties": {"evuc_id": 44135, "druh": "ambulancia zubného lekárstva", "name": "Ambulancia zubného lekárstva, Trnava, (VIP Family Dentistry s.r.o.)", "adresa": "Starohájska ulica 6641/7b, 91701 Trnava, Slovenská republika", "obec": "Trnava", "poistovne": null, "opening_hours": null, "aktualizacia": "2023-06-09T12:10:10Z", "osm_healthcare_within_50m": false}}, {"type": "Feature", "geometry": {"type": "Point", "coordinates": [17.5969221, 48.3799444]}, "properties": {"evuc_id": 44136, "druh": "ambulancia zubného lekárstva", "name": "Ambulancia zubného lekárstva, Trnava, (VIP Family Dentistry s.r.o.)", "adresa": "Starohájska ulica 6641/7b, 91701 Trnava, Slovenská republika", "obec": "Trnava", "poistovne": null, "opening_hours": null, "aktualizacia": "2023-06-09T12:10:10Z", "osm_healthcare_within_50m": false}}, {"type": "Feature", "geometry": {"type": "Point", "coordinates": [17.5969221, 48.3799444]}, "properties": {"evuc_id": 44137, "druh": "ambulancia zubného lekárstva", "name": "Ambulancia zubného lekárstva, Trnava, (VIP Family Dentistry s.r.o.)", "adresa": "Starohájska ulica 6641/7b, 91701 Trnava, Slovenská republika", "obec": "Trnava", "poistovne": null, "opening_hours": null, "aktualizacia": "2023-06-09T12:10:10Z", "osm_healthcare_within_50m": false}}, {"type": "Feature", "geometry": {"type": "Point", "coordinates": [17.5768724, 48.375625]}, "properties": {"evuc_id": 42983, "druh": "mobilný hospic", "name": "Mobilný hospic, Trnava, (Zdravá župa, s. r. o.)", "adresa": "Ulica Študentská 3579/16, 91701 Trnava, Slovenská republika", "obec": "Trnava", "poistovne": "VŠZP, Union, Dôvera", "opening_hours": "Tu 15:30-18:30; We 08:30-13:00; Th 08:30-15:30", "aktualizacia": "2023-06-09T12:10:10Z", "osm_healthcare_within_50m": true}}, {"type": "Feature", "geometry": {"type": "Point", "coordinates": [17.6579745, 48.3066621]}, "properties": {"evuc_id": 11069, "druh": "ambulancia zubného lekárstva", "name": "Ambulancia zubného lekárstva, Vlčkovce, (MUDr. Marta Poláčiková)", "adresa": "Obvodné zravotné stredisko,  68, 91923 Vlčkovce, Slovenská republika", "obec": "Vlčkovce", "poistovne": "VŠZP, Union, Dôvera", "opening_hours": "Mo-Fr 08:00-16:00", "aktualizacia": "2023-06-09T12:10:10Z", "osm_healthcare_within_50m": false}}, {"type": "Feature", "geometry": {"type": "Point", "coordinates": [17.5954774, 48.3795586]}, "properties": {"evuc_id": 11088, "druh": "kardiologická ambulancia", "name": "Kardiologická ambulancia, Trnava, (MUDr. Vladimír Maček)", "adresa": "Starohájska ulica 6755/2, 91701 Trnava, Slovenská republika", "obec": "Trnava", "poistovne": "VŠZP, Union, Dôvera", "opening_hours": "Mo-Fr 07:00-15:00", "aktualizacia": "2023-06-09T12:10:10Z", "osm_healthcare_within_50m": true}}, {"type": "Feature", "geometry": {"type": "Point", "coordinates": [17.5954774, 48.3795586]}, "properties": {"evuc_id": 11082, "druh": "ambulancia všeobecnej ambulantnej zdravotnej starostlivosti", "name": "Všeobecná ambulancia pre dospelých, Trnava, (MUDr. Ľubica Mesárošová)", "adresa": "Starohájska ulica 6755/2, 91701 Trnava, Slovenská republika", "obec": "Trnava", "poistovne": "VŠZP, Union, Dôvera", "opening_hours": "Mo-Fr 07:30-16:00", "aktualizacia": "2023-06-09T12:10:10Z", "osm_healthcare_within_50m": true}}, {"type": "Feature", "geometry": {"type": "Point", "coordinates": [17.567556, 48.351237]}, "properties": {"evuc_id": 32419, "druh": "ambulancia zubného lekárstva", "name": "Ambulancia zubného lekárstva, Hrnčiarovce nad Parnou, (Nemocnica pre obvinených a odsúdených a Ústav na výkon trestu odňatia slobody Trenčín)", "adresa": "ÚVTOS, Dlhé lúky 1, 91865 Hrnčiarovce nad Parnou, Slovenská republika", "obec": "Hrnčiarovce nad Parnou", "poistovne": "VŠZP, Union, Dôvera", "opening_hours": null, "aktualizacia": "2023-06-09T12:10:10Z", "osm_healthcare_within_50m": false}}, {"type": "Feature", "geometry": {"type": "Point", "coordinates": [17.567556, 48.351237]}, "properties": {"evuc_id": 32386, "druh": "ambulancia všeobecnej ambulantnej zdravotnej starostlivosti", "name": "Všeobecná ambulancia pre dospelých, Hrnčiarovce nad Parnou, (Nemocnica pre obvinených a odsúdených a Ústav na výkon trestu odňatia slobody Trenčín)", "adresa": "ÚVTOS, Dlhé lúky 1, 91865 Hrnčiarovce nad Parnou, Slovenská republika", "obec": "Hrnčiarovce nad Parnou", "poistovne": "VŠZP, Union, Dôvera", "opening_hours": null, "aktualizacia": "2023-06-09T12:10:10Z", "osm_healthcare_within_50m": false}}, {"type": "Feature", "geometry": {"type": "Point", "coordinates": [17.5794964, 48.3792416]}, "properties": {"evuc_id": 10886, "druh": "neurologická ambulancia", "name": "Neurologická ambulancia, Trnava, (NEUROTAMA, s.r.o.)", "adresa": "Ulica Kalinčiakova 3358/29, 91701 Trnava, Slovenská republika", "obec": "Trnava", "poistovne": "VŠZP, Union, Dôvera", "opening_hours": "Mo-Fr 07:30-14:00", "aktualizacia": "2023-06-09T12:10:10Z", "osm_healthcare_within_50m": false}}, {"type": "Feature", "geometry": {"type": "Point", "coordinates": [17.5883006, 48.3683214]}, "properties": {"evuc_id": 35000, "druh": "gynekologicko-pôrodnícka ambulancia", "name": "Odborná gynekologická ambulancia, Trnava, (Fakultná nemocnica Trnava)", "adresa": "Ulica Andreja Žarnova 7507/11, 91702 Trnava, Slovenská republika", "obec": "Trnava", "poistovne": "VŠZP, Union, Dôvera", "opening_hours": null, "aktualizacia": "2023-06-09T12:10:10Z", "osm_healthcare_within_50m": true}}, {"type": "Feature", "geometry": {"type": "Point", "coordinates": [17.5883006, 48.3683214]}, "properties": {"evuc_id": 35002, "druh": "hematologická a transfúziologická ambulancia", "name": "Hematologická a transfúziologická ambulancia, Trnava, (Fakultná nemocnica Trnava)", "adresa": "Ulica Andreja Žarnova 7507/11, 91702 Trnava, Slovenská republika", "obec": "Trnava", "poistovne": "VŠZP, Union, Dôvera", "opening_hours": null, "aktualizacia": "2023-06-09T12:10:10Z", "osm_healthcare_within_50m": true}}, {"type": "Feature", "geometry": {"type": "Point", "coordinates": [17.5883006, 48.3683214]}, "properties": {"evuc_id": 35003, "druh": "hematologická a transfúziologická ambulancia", "name": "Hematologická a transfúziologická ambulancia, Trnava, (Fakultná nemocnica Trnava)", "adresa": "Ulica Andreja Žarnova 7507/11, 91702 Trnava, Slovenská republika", "obec": "Trnava", "poistovne": "VŠZP, Union, Dôvera", "opening_hours": null, "aktualizacia": "2023-06-09T12:10:10Z", "osm_healthcare_within_50m": true}}, {"type": "Feature", "geometry": {"type": "Point", "coordinates": [17.5883006, 48.3683214]}, "properties": {"evuc_id": 35005, "druh": "kardiologická ambulancia", "name": "Kardiologická ambulancia, Trnava, (Fakultná nemocnica Trnava)", "adresa": "Ulica Andreja Žarnova 7507/11, 91702 Trnava, Slovenská republika", "obec": "Trnava", "poistovne": "VŠZP, Union, Dôvera", "opening_hours": null, "aktualizacia": "2023-06-09T12:10:10Z", "osm_healthcare_within_50m": true}}, {"type": "Feature", "geometry": {"type": "Point", "coordinates": [17.5883006, 48.3683214]}, "properties": {"evuc_id": 35007, "druh": "neurologická ambulancia", "name": "Neurologická ambulancia, Trnava, (Fakultná nemocnica Trnava)", "adresa": "Ulica Andreja Žarnova 7507/11, 91702 Trnava, Slovenská republika", "obec": "Trnava", "poistovne": "VŠZP, Union, Dôvera", "opening_hours": null, "aktualizacia": "2023-06-09T12:10:10Z", "osm_healthcare_within_50m": true}}, {"type": "Feature", "geometry": {"type": "Point", "coordinates": [17.5883006, 48.3683214]}, "properties": {"evuc_id": 35010, "druh": "ortopedická ambulancia", "name": "Ortopedická ambulancia, Trnava, (Fakultná nemocnica Trnava)", "adresa": "Ulica Andreja Žarnova 7507/11, 91702 Trnava, Slovenská republika", "obec": "Trnava", "poistovne": "VŠZP, Union, Dôvera", "opening_hours": null, "aktualizacia": "2023-06-09T12:10:10Z", "osm_healthcare_within_50m": true}}, {"type": "Feature", "geometry": {"type": "Point", "coordinates": [17.5883006, 48.3683214]}, "properties": {"evuc_id": 35011, "druh": "otorinolaryngologická ambulancia", "name": "Otorinolaryngologická ambulancia, MUDr. Marián Sabo, Trnava, (Fakultná nemocnica Trnava)", "adresa": "Ulica Andreja Žarnova 7507/11, 91702 Trnava, Slovenská republika", "obec": "Trnava", "poistovne": "VŠZP, Union, Dôvera", "opening_hours": null, "aktualizacia": "2023-06-09T12:10:10Z", "osm_healthcare_within_50m": true}}, {"type": "Feature", "geometry": {"type": "Point", "coordinates": [17.5883006, 48.3683214]}, "properties": {"evuc_id": 35012, "druh": "pediatrická ambulancia len v nemocnici, v ktorej sa poskytuje ústavná zdravotná starostlivosť najmenej v jednom pediatrickom odbore", "name": "Pediatrická ambulancia, Trnava, (Fakultná nemocnica Trnava)", "adresa": "Ulica Andreja Žarnova 7507/11, 91702 Trnava, Slovenská republika", "obec": "Trnava", "poistovne": "VŠZP, Union, Dôvera", "opening_hours": null, "aktualizacia": "2023-06-09T12:10:10Z", "osm_healthcare_within_50m": true}}, {"type": "Feature", "geometry": {"type": "Point", "coordinates": [17.5883006, 48.3683214]}, "properties": {"evuc_id": 35013, "druh": "pediatrická ambulancia len v nemocnici, v ktorej sa poskytuje ústavná zdravotná starostlivosť najmenej v jednom pediatrickom odbore", "name": "Pediatrická ambulancia, Trnava, (Fakultná nemocnica Trnava)", "adresa": "Ulica Andreja Žarnova 7507/11, 91702 Trnava, Slovenská republika", "obec": "Trnava", "poistovne": "VŠZP, Union, Dôvera", "opening_hours": null, "aktualizacia": "2023-06-09T12:10:10Z", "osm_healthcare_within_50m": true}}, {"type": "Feature", "geometry": {"type": "Point", "coordinates": [17.5883006, 48.3683214]}, "properties": {"evuc_id": 35015, "druh": "psychiatrická ambulancia", "name": "Psychiatrická ambulancia, Trnava, (Fakultná nemocnica Trnava)", "adresa": "Ulica Andreja Žarnova 7507/11, 91702 Trnava, Slovenská republika", "obec": "Trnava", "poistovne": "VŠZP, Union, Dôvera", "opening_hours": null, "aktualizacia": "2023-06-09T12:10:10Z", "osm_healthcare_within_50m": true}}, {"type": "Feature", "geometry": {"type": "Point", "coordinates": [17.5883006, 48.3683214]}, "properties": {"evuc_id": 35017, "druh": "stacionár", "name": "Stacionár, pediatrická neurológia, Trnava, (Fakultná nemocnica Trnava)", "adresa": "Ulica Andreja Žarnova 7507/11, 91702 Trnava, Slovenská republika", "obec": "Trnava", "poistovne": "VŠZP, Union, Dôvera", "opening_hours": null, "aktualizacia": "2023-06-09T12:10:10Z", "osm_healthcare_within_50m": true}}, {"type": "Feature", "geometry": {"type": "Point", "coordinates": [17.5883006, 48.3683214]}, "properties": {"evuc_id": 35018, "druh": "stacionár", "name": "Stacionár, psychiatria, Trnava, (Fakultná nemocnica Trnava)", "adresa": "Ulica Andreja Žarnova 7507/11, 91702 Trnava, Slovenská republika", "obec": "Trnava", "poistovne": "VŠZP, Union, Dôvera", "opening_hours": null, "aktualizacia": "2023-06-09T12:10:10Z", "osm_healthcare_within_50m": true}}, {"type": "Feature", "geometry": {"type": "Point", "coordinates": [17.5883006, 48.3683214]}, "properties": {"evuc_id": 35020, "druh": "stacionár", "name": "Stacionár, pediatrická pneumológia a ftizeológia, Trnava, (Fakultná nemocnica Trnava)", "adresa": "Ulica Andreja Žarnova 7507/11, 91702 Trnava, Slovenská republika", "obec": "Trnava", "poistovne": "VŠZP, Union, Dôvera", "opening_hours": null, "aktualizacia": "2023-06-09T12:10:10Z", "osm_healthcare_within_50m": true}}, {"type": "Feature", "geometry": {"type": "Point", "coordinates": [17.5883006, 48.3683214]}, "properties": {"evuc_id": 35021, "druh": "stacionár", "name": "Stacionár, fyziatria, balneológia a liečebná rehabilitácia, Trnava, (Fakultná nemocnica Trnava)", "adresa": "Ulica Andreja Žarnova 7507/11, 91702 Trnava, Slovenská republika", "obec": "Trnava", "poistovne": "Union", "opening_hours": null, "aktualizacia": "2023-06-09T12:10:10Z", "osm_healthcare_within_50m": true}}, {"type": "Feature", "geometry": {"type": "Point", "coordinates": [17.5883006, 48.3683214]}, "properties": {"evuc_id": 35022, "druh": "urologická ambulancia", "name": "Urologická ambulancia, MUDr. Vladimír Drozda (pondelok), Trnava, (Fakultná nemocnica Trnava)", "adresa": "Ulica Andreja Žarnova 7507/11, 91702 Trnava, Slovenská republika", "obec": "Trnava", "poistovne": "VŠZP, Union, Dôvera", "opening_hours": null, "aktualizacia": "2023-06-09T12:10:10Z", "osm_healthcare_within_50m": true}}, {"type": "Feature", "geometry": {"type": "Point", "coordinates": [17.5883006, 48.3683214]}, "properties": {"evuc_id": 35023, "druh": "všeobecná nemocnica", "name": "Všeobecná nemocnica, Ulica Andreja Žarnova, Trnava, (Fakultná nemocnica Trnava)", "adresa": "Ulica Andreja Žarnova 7507/11, 91702 Trnava, Slovenská republika", "obec": "Trnava", "poistovne": "VŠZP, Union, Dôvera", "opening_hours": null, "aktualizacia": "2023-06-09T12:10:10Z", "osm_healthcare_within_50m": true}}, {"type": "Feature", "geometry": {"type": "Point", "coordinates": [17.5883006, 48.3683214]}, "properties": {"evuc_id": 35024, "druh": "zariadenie na poskytovanie jednodňovej zdravotnej starostlivosti", "name": "Jednodňová zdravotná starostlivosť, oftalmológia, Trnava, (Fakultná nemocnica Trnava)", "adresa": "Ulica Andreja Žarnova 7507/11, 91702 Trnava, Slovenská republika", "obec": "Trnava", "poistovne": "VŠZP, Union, Dôvera", "opening_hours": null, "aktualizacia": "2023-06-09T12:10:10Z", "osm_healthcare_within_50m": true}}, {"type": "Feature", "geometry": {"type": "Point", "coordinates": [17.5883006, 48.3683214]}, "properties": {"evuc_id": 35025, "druh": "zariadenie na poskytovanie jednodňovej zdravotnej starostlivosti", "name": "Jednodňová zdravotná starostlivosť, otorinolaryngológia, Trnava, (Fakultná nemocnica Trnava)", "adresa": "Ulica Andreja Žarnova 7507/11, 91702 Trnava, Slovenská republika", "obec": "Trnava", "poistovne": "VŠZP, Union, Dôvera", "opening_hours": null, "aktualizacia": "2023-06-09T12:10:10Z", "osm_healthcare_within_50m": true}}, {"type": "Feature", "geometry": {"type": "Point", "coordinates": [17.5883006, 48.3683214]}, "properties": {"evuc_id": 35026, "druh": "zariadenie na poskytovanie jednodňovej zdravotnej starostlivosti", "name": "Jednodňová zdravotná starostlivosť, úrazová chirurgia, Trnava, (Fakultná nemocnica Trnava)", "adresa": "Ulica Andreja Žarnova 7507/11, 91702 Trnava, Slovenská republika", "obec": "Trnava", "poistovne": "VŠZP, Union, Dôvera", "opening_hours": null, "aktualizacia": "2023-06-09T12:10:10Z", "osm_healthcare_within_50m": true}}, {"type": "Feature", "geometry": {"type": "Point", "coordinates": [17.5883006, 48.3683214]}, "properties": {"evuc_id": 35027, "druh": "zariadenie na poskytovanie jednodňovej zdravotnej starostlivosti", "name": "Jednodňová zdravotná starostlivosť, urológia, Trnava, (Fakultná nemocnica Trnava)", "adresa": "Ulica Andreja Žarnova 7507/11, 91702 Trnava, Slovenská republika", "obec": "Trnava", "poistovne": "VŠZP, Union, Dôvera", "opening_hours": null, "aktualizacia": "2023-06-09T12:10:10Z", "osm_healthcare_within_50m": true}}, {"type": "Feature", "geometry": {"type": "Point", "coordinates": [17.5883006, 48.3683214]}, "properties": {"evuc_id": 35028, "druh": "zariadenie na poskytovanie jednodňovej zdravotnej starostlivosti", "name": "Jednodňová zdravotná starostlivosť, ortopédia, Trnava, (Fakultná nemocnica Trnava)", "adresa": "Ulica Andreja Žarnova 7507/11, 91702 Trnava, Slovenská republika", "obec": "Trnava", "poistovne": "VŠZP, Union", "opening_hours": null, "aktualizacia": "2023-06-09T12:10:10Z", "osm_healthcare_within_50m": true}}, {"type": "Feature", "geometry": {"type": "Point", "coordinates": [17.5883006, 48.3683214]}, "properties": {"evuc_id": 35029, "druh": "zariadenie na poskytovanie jednodňovej zdravotnej starostlivosti", "name": "Jednodňová zdravotná starostlivosť, gastroenterológia, Trnava, (Fakultná nemocnica Trnava)", "adresa": "Ulica Andreja Žarnova 7507/11, 91702 Trnava, Slovenská republika", "obec": "Trnava", "poistovne": "VŠZP, Union, Dôvera", "opening_hours": null, "aktualizacia": "2023-06-09T12:10:10Z", "osm_healthcare_within_50m": true}}, {"type": "Feature", "geometry": {"type": "Point", "coordinates": [17.5883006, 48.3683214]}, "properties": {"evuc_id": 35030, "druh": "zariadenie na poskytovanie jednodňovej zdravotnej starostlivosti", "name": "Jednodňová zdravotná starostlivosť, chirurgia, Trnava, (Fakultná nemocnica Trnava)", "adresa": "Ulica Andreja Žarnova 7507/11, 91702 Trnava, Slovenská republika", "obec": "Trnava", "poistovne": "VŠZP, Union, Dôvera", "opening_hours": null, "aktualizacia": "2023-06-09T12:10:10Z", "osm_healthcare_within_50m": true}}, {"type": "Feature", "geometry": {"type": "Point", "coordinates": [17.5883006, 48.3683214]}, "properties": {"evuc_id": 35031, "druh": "zariadenie na poskytovanie jednodňovej zdravotnej starostlivosti", "name": "Jednodňová zdravotná starostlivosť, gynekológia a pôrodníctvo, Trnava, (Fakultná nemocnica Trnava)", "adresa": "Ulica Andreja Žarnova 7507/11, 91702 Trnava, Slovenská republika", "obec": "Trnava", "poistovne": "VŠZP, Union, Dôvera", "opening_hours": null, "aktualizacia": "2023-06-09T12:10:10Z", "osm_healthcare_within_50m": true}}, {"type": "Feature", "geometry": {"type": "Point", "coordinates": [17.5883006, 48.3683214]}, "properties": {"evuc_id": 35033, "druh": "zariadenie spoločných vyšetrovacích a liečebných zložiek", "name": "SVaLZ, funkčná diagnostika, Trnava, (Fakultná nemocnica Trnava)", "adresa": "Ulica Andreja Žarnova 7507/11, 91702 Trnava, Slovenská republika", "obec": "Trnava", "poistovne": "VŠZP, Union, Dôvera", "opening_hours": null, "aktualizacia": "2023-06-09T12:10:10Z", "osm_healthcare_within_50m": true}}, {"type": "Feature", "geometry": {"type": "Point", "coordinates": [17.5883006, 48.3683214]}, "properties": {"evuc_id": 35034, "druh": "zariadenie spoločných vyšetrovacích a liečebných zložiek", "name": "SVaLZ, patologická anatómia, Trnava, (Fakultná nemocnica Trnava)", "adresa": "Ulica Andreja Žarnova 7507/11, 91702 Trnava, Slovenská republika", "obec": "Trnava", "poistovne": "VŠZP, Union, Dôvera", "opening_hours": null, "aktualizacia": "2023-06-09T12:10:10Z", "osm_healthcare_within_50m": true}}, {"type": "Feature", "geometry": {"type": "Point", "coordinates": [17.5883006, 48.3683214]}, "properties": {"evuc_id": 35035, "druh": "zariadenie spoločných vyšetrovacích a liečebných zložiek", "name": "SVaLZ, fyziatria, balneológia a liečebná rehabilitácia, Trnava, (Fakultná nemocnica Trnava)", "adresa": "Ulica Andreja Žarnova 7507/11, 91702 Trnava, Slovenská republika", "obec": "Trnava", "poistovne": "VŠZP, Union, Dôvera", "opening_hours": null, "aktualizacia": "2023-06-09T12:10:10Z", "osm_healthcare_within_50m": true}}, {"type": "Feature", "geometry": {"type": "Point", "coordinates": [17.5883006, 48.3683214]}, "properties": {"evuc_id": 35037, "druh": "zariadenie spoločných vyšetrovacích a liečebných zložiek", "name": "SVaLZ, fyziatria, balneológia a liečebná rehabilitácia, Trnava, (Fakultná nemocnica Trnava)", "adresa": "Ulica Andreja Žarnova 7507/11, 91702 Trnava, Slovenská republika", "obec": "Trnava", "poistovne": "VŠZP, Union, Dôvera", "opening_hours": null, "aktualizacia": "2023-06-09T12:10:10Z", "osm_healthcare_within_50m": true}}, {"type": "Feature", "geometry": {"type": "Point", "coordinates": [17.587365, 48.368953]}, "properties": {"evuc_id": 35038, "druh": "zariadenie spoločných vyšetrovacích a liečebných zložiek", "name": "Skiaskopia FN Trnava, Trnava, (Fakultná nemocnica Trnava)", "adresa": "Ulica Andreja Žarnova 7507/11, 91702 Trnava, Slovenská republika", "obec": "Trnava", "poistovne": "VŠZP, Union, Dôvera", "opening_hours": null, "aktualizacia": "2023-06-09T12:10:10Z", "osm_healthcare_within_50m": true}}, {"type": "Feature", "geometry": {"type": "Point", "coordinates": [17.5883006, 48.3683214]}, "properties": {"evuc_id": 35039, "druh": "zariadenie spoločných vyšetrovacích a liečebných zložiek", "name": "SVaLZ, hematológia a transfuziológia, Trnava, (Fakultná nemocnica Trnava)", "adresa": "Ulica Andreja Žarnova 7507/11, 91702 Trnava, Slovenská republika", "obec": "Trnava", "poistovne": "VŠZP, Union, Dôvera", "opening_hours": null, "aktualizacia": "2023-06-09T12:10:10Z", "osm_healthcare_within_50m": true}}, {"type": "Feature", "geometry": {"type": "Point", "coordinates": [17.5883006, 48.3683214]}, "properties": {"evuc_id": 35043, "druh": "zariadenie spoločných vyšetrovacích a liečebných zložiek", "name": "SVaLZ, centrálna sterilizácia, Trnava, (Fakultná nemocnica Trnava)", "adresa": "Ulica Andreja Žarnova 7507/11, 91702 Trnava, Slovenská republika", "obec": "Trnava", "poistovne": "Union", "opening_hours": null, "aktualizacia": "2023-06-09T12:10:10Z", "osm_healthcare_within_50m": true}}, {"type": "Feature", "geometry": {"type": "Point", "coordinates": [17.5883006, 48.3683214]}, "properties": {"evuc_id": 43184, "druh": "zariadenie spoločných vyšetrovacích a liečebných zložiek", "name": "SVaLZ, klinická farmakológia, Trnava, (Fakultná nemocnica Trnava)", "adresa": "Ulica Andreja Žarnova 7507/11, 91702 Trnava, Slovenská republika", "obec": "Trnava", "poistovne": "VŠZP, Union", "opening_hours": null, "aktualizacia": "2023-06-09T12:10:10Z", "osm_healthcare_within_50m": true}}, {"type": "Feature", "geometry": {"type": "Point", "coordinates": [17.6086643, 48.3733896]}, "properties": {"evuc_id": 41116, "druh": "ambulancia akupunktúry", "name": "Ambulancia akupunktúry, Trnava, (FROGYN GP, s.r.o.)", "adresa": "Ulica Koniarekova 5881/20, 91701 Trnava, Slovenská republika", "obec": "Trnava", "poistovne": null, "opening_hours": "Tu-Th 13:00-19:00", "aktualizacia": "2023-06-09T12:10:10Z", "osm_healthcare_within_50m": false}}, {"type": "Feature", "geometry": {"type": "Point", "coordinates": [17.6086643, 48.3733896]}, "properties": {"evuc_id": 10817, "druh": "zariadenie spoločných vyšetrovacích a liečebných zložiek", "name": "SVaLZ, fyziatria, balneológia a liečebná rehabilitácia, Trnava, (FROGYN GP, s.r.o.)", "adresa": "Ulica Koniarekova 5881/20, 91701 Trnava, Slovenská republika", "obec": "Trnava", "poistovne": "VŠZP, Union, Dôvera", "opening_hours": null, "aktualizacia": "2023-06-09T12:10:10Z", "osm_healthcare_within_50m": false}}, {"type": "Feature", "geometry": {"type": "Point", "coordinates": [17.5313493, 48.4312796]}, "properties": {"evuc_id": 11031, "druh": "ambulancia všeobecnej ambulantnej zdravotnej starostlivosti", "name": "Všeobecná ambulancia pre dospelých, Šelpice, (General Praktic s.r.o.)", "adresa": "195, 91909 Šelpice, Slovenská republika", "obec": "Šelpice", "poistovne": "VŠZP, Union, Dôvera", "opening_hours": "Tu 06:30-15:00; Th 06:30-13:00", "aktualizacia": "2023-06-09T12:10:10Z", "osm_healthcare_within_50m": true}}, {"type": "Feature", "geometry": {"type": "Point", "coordinates": [17.6473997, 48.4761986]}, "properties": {"evuc_id": 35532, "druh": "ambulancia pracovnej a organizačnej psychológie", "name": "Ambulancia pracovnej a organizačnej psychológie, Jaslovské Bohunice, (Gnostik, s.r.o.)", "adresa": "Jaslovské Bohunice, 91931 Jaslovské Bohunice, Slovenská republika", "obec": "Jaslovské Bohunice", "poistovne": null, "opening_hours": "Th 09:00-14:00", "aktualizacia": "2023-06-09T12:10:10Z", "osm_healthcare_within_50m": false}}, {"type": "Feature", "geometry": {"type": "Point", "coordinates": [17.7014118, 48.4373689]}, "properties": {"evuc_id": 32468, "druh": "ambulancia pracovnej a organizačnej psychológie", "name": "Ambulancia pracovnej a organizačnej psychológie, Jaslovské Bohunice, (GNOZIS, s.r.o.)", "adresa": "Zdravotné stredisko EBO,  61, 91931 Jaslovské Bohunice, Slovenská republika", "obec": "Jaslovské Bohunice", "poistovne": null, "opening_hours": "Tu-Th 07:00-14:00", "aktualizacia": "2023-06-09T12:10:10Z", "osm_healthcare_within_50m": false}}, {"type": "Feature", "geometry": {"type": "Point", "coordinates": [17.5954774, 48.3795586]}, "properties": {"evuc_id": 43378, "druh": "chirurgická ambulancia", "name": "Chirurgická ambulancia, Trnava, (kramar s.r.o.)", "adresa": "Starohájska ulica 6755/2, 91701 Trnava, Slovenská republika", "obec": "Trnava", "poistovne": null, "opening_hours": null, "aktualizacia": "2023-06-09T12:10:10Z", "osm_healthcare_within_50m": true}}, {"type": "Feature", "geometry": {"type": "Point", "coordinates": [17.6160947, 48.3687427]}, "properties": {"evuc_id": 35318, "druh": "ambulancia rýchlej zdravotnej pomoci „S“", "name": "Ambulancia rýchlej zdravotnej pomoci „S“, Trnava 4, (LSE - Life Star Emergency, s.r.o.)", "adresa": "4,  Trnava, Slovenská republika", "obec": "Trnava", "poistovne": "VŠZP, Union, Dôvera", "opening_hours": null, "aktualizacia": "2023-06-09T12:10:10Z", "osm_healthcare_within_50m": false}}, {"type": "Feature", "geometry": {"type": "Point", "coordinates": [17.5833218, 48.3709108]}, "properties": {"evuc_id": 35344, "druh": "ambulancia rýchlej lekárskej pomoci", "name": "Ambulancia rýchlej lekárskej pomoci, Trnava 2, (LSE - Life Star Emergency, s.r.o.)", "adresa": "2,  Trnava, Slovenská republika", "obec": "Trnava", "poistovne": "VŠZP, Union, Dôvera", "opening_hours": null, "aktualizacia": "2023-06-09T12:10:10Z", "osm_healthcare_within_50m": true}}, {"type": "Feature", "geometry": {"type": "Point", "coordinates": [17.4291779, 48.4392777]}, "properties": {"evuc_id": 35351, "druh": "ambulancia rýchlej zdravotnej pomoci", "name": "Ambulancia rýchlej zdravotnej pomoci, Dolné Orešany, (LSE - Life Star Emergency, s.r.o.)", "adresa": "0,  Dolné Orešany, Slovenská republika", "obec": "Dolné Orešany", "poistovne": "VŠZP, Union, Dôvera", "opening_hours": null, "aktualizacia": "2023-06-09T12:10:10Z", "osm_healthcare_within_50m": false}}, {"type": "Feature", "geometry": {"type": "Point", "coordinates": [17.5833218, 48.3709108]}, "properties": {"evuc_id": 35423, "druh": "ambulancia rýchlej zdravotnej pomoci „S“", "name": "Ambulancia rýchlej zdravotnej pomoci „S“, Trnava 1, (LSE - Life Star Emergency, s.r.o.)", "adresa": "1,  Trnava, Slovenská republika", "obec": "Trnava", "poistovne": "VŠZP, Union, Dôvera", "opening_hours": null, "aktualizacia": "2023-06-09T12:10:10Z", "osm_healthcare_within_50m": true}}, {"type": "Feature", "geometry": {"type": "Point", "coordinates": [17.6736431, 48.351445]}, "properties": {"evuc_id": 35569, "druh": "ambulancia rýchlej zdravotnej pomoci", "name": "Ambulancia rýchlej zdravotnej pomoci, Zavar, (LSE - Life Star Emergency, s.r.o.)", "adresa": "0,  Zavar, Slovenská republika", "obec": "Zavar", "poistovne": "VŠZP, Union, Dôvera", "opening_hours": null, "aktualizacia": "2023-06-09T12:10:10Z", "osm_healthcare_within_50m": false}}, {"type": "Feature", "geometry": {"type": "Point", "coordinates": [17.5833218, 48.3709108]}, "properties": {"evuc_id": 35570, "druh": "ambulancia rýchlej zdravotnej pomoci", "name": "Ambulancia rýchlej zdravotnej pomoci, Trnava 3, (LSE - Life Star Emergency, s.r.o.)", "adresa": "3,  Trnava, Slovenská republika", "obec": "Trnava", "poistovne": "VŠZP, Union, Dôvera", "opening_hours": null, "aktualizacia": "2023-06-09T12:10:10Z", "osm_healthcare_within_50m": true}}, {"type": "Feature", "geometry": {"type": "Point", "coordinates": [17.5964376, 48.5472808]}, "properties": {"evuc_id": 35587, "druh": "ambulancia rýchlej zdravotnej pomoci", "name": "Ambulancia rýchlej zdravotnej pomoci, Dechtice, (LSE - Life Star Emergency, s.r.o.)", "adresa": "0,  Dechtice, Slovenská republika", "obec": "Dechtice", "poistovne": "VŠZP, Union, Dôvera", "opening_hours": null, "aktualizacia": "2023-06-09T12:10:10Z", "osm_healthcare_within_50m": false}}, {"type": "Feature", "geometry": {"type": "Point", "coordinates": [17.6128706, 48.3484841]}, "properties": {"evuc_id": 37586, "druh": "mobilné odberové miesto", "name": "Mobilné odberové miesto, Trnava, (Medical Safe s.r.o.)", "adresa": "parkovisko pred Kultúrnym domom Modranka, Ulica Seredská 3956/131, 91705 Trnava, Slovenská republika", "obec": "Trnava", "poistovne": null, "opening_hours": null, "aktualizacia": "2023-06-09T12:10:10Z", "osm_healthcare_within_50m": false}}, {"type": "Feature", "geometry": {"type": "Point", "coordinates": [17.6079592, 48.3729286]}, "properties": {"evuc_id": 10915, "druh": "ortopedická ambulancia", "name": "Ortopedická ambulancia, Trnava, (ORT - PED, s.r.o.)", "adresa": "Ulica Koniarekova 5880/19, 91701 Trnava, Slovenská republika", "obec": "Trnava", "poistovne": "VŠZP, Union, Dôvera", "opening_hours": "Mo-Fr 07:30-15:30", "aktualizacia": "2023-06-09T12:10:10Z", "osm_healthcare_within_50m": false}}, {"type": "Feature", "geometry": {"type": "Point", "coordinates": [17.5878677, 48.3781426]}, "properties": {"evuc_id": 40868, "druh": "ambulancia klinickej psychológie", "name": "Ambulancia klinickej psychológie, Trnava, (Mental Care s.r.o.)", "adresa": "Ulica Hviezdoslavova 231/10, 91701 Trnava, Slovenská republika", "obec": "Trnava", "poistovne": null, "opening_hours": "Mo-Fr 13:00-20:00", "aktualizacia": "2023-06-09T12:10:10Z", "osm_healthcare_within_50m": false}}, {"type": "Feature", "geometry": {"type": "Point", "coordinates": [17.5954774, 48.3795586]}, "properties": {"evuc_id": 10975, "druh": "ambulancia čeľustnej ortopédie", "name": "Ambulancia čeľustnej ortopédie, Trnava, (Ortodont, s.r.o.)", "adresa": "Starohájska ulica 6755/2, 91701 Trnava, Slovenská republika", "obec": "Trnava", "poistovne": "VŠZP, Union, Dôvera", "opening_hours": "Mo-Fr 07:30-15:30", "aktualizacia": "2023-06-09T12:10:10Z", "osm_healthcare_within_50m": true}}, {"type": "Feature", "geometry": {"type": "Point", "coordinates": [17.5677493, 48.3695175]}, "properties": {"evuc_id": 11055, "druh": "zariadenie spoločných vyšetrovacích a liečebných zložiek", "name": "SVaLZ, fyzioterapia, Trnava, (Mgr. Mariana Teringová)", "adresa": "Ulica Mozartova 5906/3, 91708 Trnava, Slovenská republika", "obec": "Trnava", "poistovne": null, "opening_hours": "Mo 15:00-17:00; We 12:00-16:00; Fr 14:00-17:00", "aktualizacia": "2023-06-09T12:10:10Z", "osm_healthcare_within_50m": true}}, {"type": "Feature", "geometry": {"type": "Point", "coordinates": [17.5954774, 48.3795586]}, "properties": {"evuc_id": 10851, "druh": "ortopedická ambulancia", "name": "Ortopedická ambulancia, Trnava, (ORTOMOVIA, s.r.o.)", "adresa": "Starohájska ulica 6755/2, 91701 Trnava, Slovenská republika", "obec": "Trnava", "poistovne": "VŠZP, Union, Dôvera", "opening_hours": "Mo-Fr 07:30-15:30", "aktualizacia": "2023-06-09T12:10:10Z", "osm_healthcare_within_50m": true}}, {"type": "Feature", "geometry": {"type": "Point", "coordinates": [17.5954774, 48.3795586]}, "properties": {"evuc_id": 43236, "druh": "ortopedická ambulancia", "name": "Ortopedická ambulancia, MUDr. Peter Pružinec, Trnava, (Ortosona s. r. o.)", "adresa": "Starohájska ulica 6755/2, 91701 Trnava, Slovenská republika", "obec": "Trnava", "poistovne": "VŠZP, Union, Dôvera", "opening_hours": "Mo-Tu 07:00-12:30; Th-Fr 07:00-12:30", "aktualizacia": "2023-06-09T12:10:10Z", "osm_healthcare_within_50m": true}}, {"type": "Feature", "geometry": {"type": "Point", "coordinates": [17.5954774, 48.3795586]}, "properties": {"evuc_id": 43237, "druh": "ambulancia všeobecnej ambulantnej zdravotnej starostlivosti", "name": "Všeobecná ambulancia pre dospelých, Trnava, (Ortosona s. r. o.)", "adresa": "Starohájska ulica 6755/2, 91701 Trnava, Slovenská republika", "obec": "Trnava", "poistovne": "VŠZP, Union, Dôvera", "opening_hours": null, "aktualizacia": "2023-06-09T12:10:10Z", "osm_healthcare_within_50m": true}}, {"type": "Feature", "geometry": {"type": "Point", "coordinates": [17.4013763, 48.5446674]}, "properties": {"evuc_id": 11119, "druh": "agentúra domácej ošetrovateľskej starostlivosti", "name": "ADOS, Buková, (Oľga Botteková)", "adresa": "290, 91910 Buková, Slovenská republika", "obec": "Buková", "poistovne": "VŠZP, Union, Dôvera", "opening_hours": "Mo-Fr 07:00-15:30", "aktualizacia": "2023-06-09T12:10:10Z", "osm_healthcare_within_50m": false}}, {"type": "Feature", "geometry": {"type": "Point", "coordinates": [17.5708173, 48.3567725]}, "properties": {"evuc_id": 10918, "druh": "ambulancia všeobecnej ambulantnej zdravotnej starostlivosti", "name": "Všeobecná ambulancia pre dospelých, Trnava, (Prevent-centrum, s.r.o.)", "adresa": "Ulica Strojárenská 7238/2, 91702 Trnava, Slovenská republika", "obec": "Trnava", "poistovne": "VŠZP, Union, Dôvera", "opening_hours": null, "aktualizacia": "2023-06-09T12:10:10Z", "osm_healthcare_within_50m": false}}, {"type": "Feature", "geometry": {"type": "Point", "coordinates": [17.5954774, 48.3795586]}, "properties": {"evuc_id": 10812, "druh": "chirurgická ambulancia", "name": "Chirurgická ambulancia, Trnava, (PROCHIR s.r.o.)", "adresa": "Starohájska ulica 6755/2, 91701 Trnava, Slovenská republika", "obec": "Trnava", "poistovne": "VŠZP, Union, Dôvera", "opening_hours": "Mo 07:30-14:30; Tu 07:30-13:30; We-Th 07:30-14:30; Fr 07:30-12:00", "aktualizacia": "2023-06-09T12:10:10Z", "osm_healthcare_within_50m": true}}, {"type": "Feature", "geometry": {"type": "Point", "coordinates": [17.5954774, 48.3795586]}, "properties": {"evuc_id": 10931, "druh": "pneumologicko-ftizeologická ambulancia", "name": "Pneumologicko-ftizeologická ambulancia, Trnava, (RESPIRO-PHARMA CENTRUM s.r.o.)", "adresa": "Starohájska ulica 6755/2, 91701 Trnava, Slovenská republika", "obec": "Trnava", "poistovne": "VŠZP, Union, Dôvera", "opening_hours": "Mo-Fr 07:00-15:30", "aktualizacia": "2023-06-09T12:10:10Z", "osm_healthcare_within_50m": true}}, {"type": "Feature", "geometry": {"type": "Point", "coordinates": [17.599659, 48.3843156]}, "properties": {"evuc_id": 34787, "druh": "ambulancia zubného lekárstva", "name": "Ambulancia zubného lekárstva, Trnava, (SK Dental Trnava s.r.o.)", "adresa": "Ulica Piešťanská 8188/3, 91701 Trnava, Slovenská republika", "obec": "Trnava", "poistovne": "VŠZP, Union, Dôvera", "opening_hours": null, "aktualizacia": "2023-06-09T12:10:10Z", "osm_healthcare_within_50m": false}}, {"type": "Feature", "geometry": {"type": "Point", "coordinates": [17.5870325, 48.3743416]}, "properties": {"evuc_id": 10791, "druh": "agentúra domácej ošetrovateľskej starostlivosti", "name": "ADOS, Ulica Hlavná, Trnava, (Trnavská arcidiecézna charita)", "adresa": "Ulica Hlavná 17/43, 91701 Trnava, Slovenská republika", "obec": "Trnava", "poistovne": "VŠZP, Union, Dôvera", "opening_hours": "Mo-Tu 08:00-10:00; We 14:00-16:00; Th-Fr 08:00-10:00", "aktualizacia": "2023-06-09T12:10:10Z", "osm_healthcare_within_50m": false}}, {"type": "Feature", "geometry": {"type": "Point", "coordinates": [17.5954774, 48.3795586]}, "properties": {"evuc_id": 10849, "druh": "ortopedická ambulancia", "name": "Ortopedická ambulancia, Trnava, (VM - MED s.r.o.)", "adresa": "Starohájska ulica 6755/2, 91701 Trnava, Slovenská republika", "obec": "Trnava", "poistovne": "VŠZP, Union, Dôvera", "opening_hours": null, "aktualizacia": "2023-06-09T12:10:10Z", "osm_healthcare_within_50m": true}}, {"type": "Feature", "geometry": {"type": "Point", "coordinates": [17.5954774, 48.3795586]}, "properties": {"evuc_id": 10848, "druh": "ambulancia všeobecnej ambulantnej zdravotnej starostlivosti", "name": "Všeobecná ambulancia pre dospelých, Trnava, (VM - MED s.r.o.)", "adresa": "Starohájska ulica 6755/2, 91701 Trnava, Slovenská republika", "obec": "Trnava", "poistovne": "VŠZP, Union, Dôvera", "opening_hours": "Mo 09:00-16:00; Tu 07:00-14:00; We 07:00-15:00; Th 07:00-14:00; Fr 07:00-13:00", "aktualizacia": "2023-06-09T12:10:10Z", "osm_healthcare_within_50m": true}}, {"type": "Feature", "geometry": {"type": "Point", "coordinates": [17.5768724, 48.375625]}, "properties": {"evuc_id": 42982, "druh": "agentúra domácej ošetrovateľskej starostlivosti", "name": "ADOS, Ulica Študentská, Trnava, (Zdravá župa, s. r. o.)", "adresa": "Ulica Študentská 3579/16, 91701 Trnava, Slovenská republika", "obec": "Trnava", "poistovne": "VŠZP, Union, Dôvera", "opening_hours": "Mo-Fr 08:00-16:00", "aktualizacia": "2023-06-09T12:10:10Z", "osm_healthcare_within_50m": true}}, {"type": "Feature", "geometry": {"type": "Point", "coordinates": [17.5883006, 48.3683214]}, "properties": {"evuc_id": 10797, "druh": "zariadenie spoločných vyšetrovacích a liečebných zložiek", "name": "SVaLZ, klinická biochémia, Trnava, (AnalytX s.r.o.)", "adresa": "Fakultná nemocnica Trnava, Ulica Andreja Žarnova 7507/11, 91702 Trnava, Slovenská republika", "obec": "Trnava", "poistovne": "VŠZP, Union, Dôvera", "opening_hours": "Mo-Fr 07:30-15:30; Sa-Su 00:00-24:00", "aktualizacia": "2023-06-09T12:10:10Z", "osm_healthcare_within_50m": true}}, {"type": "Feature", "geometry": {"type": "Point", "coordinates": [17.5883006, 48.3683214]}, "properties": {"evuc_id": 34995, "druh": "dermatovenerologická ambulancia", "name": "Dermatovenerologická ambulancia, Trnava, (Fakultná nemocnica Trnava)", "adresa": "Ulica Andreja Žarnova 7507/11, 91702 Trnava, Slovenská republika", "obec": "Trnava", "poistovne": "VŠZP, Union, Dôvera", "opening_hours": null, "aktualizacia": "2023-06-09T12:10:10Z", "osm_healthcare_within_50m": true}}, {"type": "Feature", "geometry": {"type": "Point", "coordinates": [17.5954774, 48.3795586]}, "properties": {"evuc_id": 11053, "druh": "urologická ambulancia", "name": "Urologická ambulancia, Trnava, (MUDr. Dagmar Vargová, s.r.o.)", "adresa": "Starohájska ulica 6755/2, 91701 Trnava, Slovenská republika", "obec": "Trnava", "poistovne": "VŠZP, Dôvera", "opening_hours": null, "aktualizacia": "2023-06-09T12:10:10Z", "osm_healthcare_within_50m": true}}, {"type": "Feature", "geometry": {"type": "Point", "coordinates": [17.5883006, 48.3683214]}, "properties": {"evuc_id": 34998, "druh": "geriatrická ambulancia", "name": "Geriatrická ambulancia, Trnava, (Fakultná nemocnica Trnava)", "adresa": "Ulica Andreja Žarnova 7507/11, 91702 Trnava, Slovenská republika", "obec": "Trnava", "poistovne": "VŠZP, Union, Dôvera", "opening_hours": "Tu-Fr 07:30-14:30", "aktualizacia": "2023-06-09T12:10:10Z", "osm_healthcare_within_50m": true}}, {"type": "Feature", "geometry": {"type": "Point", "coordinates": [17.5858428, 48.3807795]}, "properties": {"evuc_id": 10868, "druh": "dermatovenerologická ambulancia", "name": "Dermatovenerologická ambulancia, Trnava, (MUDr. Katarína Plevová, spol. s r.o.)", "adresa": "Ulica Pekárska 23, 91701 Trnava, Slovenská republika", "obec": "Trnava", "poistovne": null, "opening_hours": null, "aktualizacia": "2023-06-09T12:10:10Z", "osm_healthcare_within_50m": false}}, {"type": "Feature", "geometry": {"type": "Point", "coordinates": [17.5883006, 48.3683214]}, "properties": {"evuc_id": 34999, "druh": "gynekologicko-pôrodnícka ambulancia", "name": "Gynekologická ambulancia, Trnava, (Fakultná nemocnica Trnava)", "adresa": "Ulica Andreja Žarnova 7507/11, 91702 Trnava, Slovenská republika", "obec": "Trnava", "poistovne": "VŠZP, Union, Dôvera", "opening_hours": null, "aktualizacia": "2023-06-09T12:10:10Z", "osm_healthcare_within_50m": true}}, {"type": "Feature", "geometry": {"type": "Point", "coordinates": [17.5883006, 48.3683214]}, "properties": {"evuc_id": 35001, "druh": "gynekologicko-pôrodnícka ambulancia", "name": "Gynekologická ambulancia, Trnava, (Fakultná nemocnica Trnava)", "adresa": "Ulica Andreja Žarnova 7507/11, 91702 Trnava, Slovenská republika", "obec": "Trnava", "poistovne": "VŠZP, Union, Dôvera", "opening_hours": "Mo-Fr 07:00-15:00", "aktualizacia": "2023-06-09T12:10:10Z", "osm_healthcare_within_50m": true}}, {"type": "Feature", "geometry": {"type": "Point", "coordinates": [17.5885556, 48.3860577]}, "properties": {"evuc_id": 11058, "druh": "ambulancia zubného lekárstva", "name": "Ambulancia zubného lekárstva, Trnava, (MUDr. Mária Škodáčková)", "adresa": "Ulica Jána Hajdóczyho 802/38, 91701 Trnava, Slovenská republika", "obec": "Trnava", "poistovne": null, "opening_hours": "Mo 08:00-12:00; Tu 13:00-17:00; We-Fr 08:00-12:00", "aktualizacia": "2023-06-09T12:10:10Z", "osm_healthcare_within_50m": false}}, {"type": "Feature", "geometry": {"type": "Point", "coordinates": [17.5883006, 48.3683214]}, "properties": {"evuc_id": 35014, "druh": "pneumologicko-ftizeologická ambulancia", "name": "Pneumologicko-ftizeologická ambulancia, Trnava, (Fakultná nemocnica Trnava)", "adresa": "Ulica Andreja Žarnova 7507/11, 91702 Trnava, Slovenská republika", "obec": "Trnava", "poistovne": "VŠZP, Union, Dôvera", "opening_hours": "Mo-Fr 12:00-15:30", "aktualizacia": "2023-06-09T12:10:10Z", "osm_healthcare_within_50m": true}}, {"type": "Feature", "geometry": {"type": "Point", "coordinates": [17.5883006, 48.3683214]}, "properties": {"evuc_id": 35019, "druh": "stacionár", "name": "Stacionár, neurológia, Trnava, (Fakultná nemocnica Trnava)", "adresa": "Ulica Andreja Žarnova 7507/11, 91702 Trnava, Slovenská republika", "obec": "Trnava", "poistovne": "VŠZP, Union, Dôvera", "opening_hours": null, "aktualizacia": "2023-06-09T12:10:10Z", "osm_healthcare_within_50m": true}}, {"type": "Feature", "geometry": {"type": "Point", "coordinates": [17.5883006, 48.3683214]}, "properties": {"evuc_id": 40316, "druh": "zariadenie spoločných vyšetrovacích a liečebných zložiek", "name": "SVaLZ, rádiológia, Trnava, (Fakultná nemocnica Trnava)", "adresa": "Ulica Andreja Žarnova 7507/11, 91702 Trnava, Slovenská republika", "obec": "Trnava", "poistovne": "VŠZP, Union, Dôvera", "opening_hours": "Mo-Fr 07:30-17:30", "aktualizacia": "2023-06-09T12:10:10Z", "osm_healthcare_within_50m": true}}, {"type": "Feature", "geometry": {"type": "Point", "coordinates": [17.5954774, 48.3795586]}, "properties": {"evuc_id": 10993, "druh": "ambulancia pediatrickej neurológie", "name": "Ambulancia pediatrickej neurológie, Trnava, (NEUROGRADE s. r. o.)", "adresa": "Starohájska ulica 6755/2, 91701 Trnava, Slovenská republika", "obec": "Trnava", "poistovne": "VŠZP, Dôvera", "opening_hours": null, "aktualizacia": "2023-06-09T12:10:10Z", "osm_healthcare_within_50m": true}}, {"type": "Feature", "geometry": {"type": "Point", "coordinates": [17.5954774, 48.3795586]}, "properties": {"evuc_id": 10974, "druh": "ambulancia zubného lekárstva", "name": "Ambulancia zubného lekárstva, Trnava, (Ortodont, s.r.o.)", "adresa": "Starohájska ulica 6755/2, 91701 Trnava, Slovenská republika", "obec": "Trnava", "poistovne": null, "opening_hours": "Mo-Fr 07:30-15:30", "aktualizacia": "2023-06-09T12:10:10Z", "osm_healthcare_within_50m": true}}, {"type": "Feature", "geometry": {"type": "Point", "coordinates": [17.5954774, 48.3795586]}, "properties": {"evuc_id": 10847, "druh": "zariadenie spoločných vyšetrovacích a liečebných zložiek", "name": "SVaLZ, nukleárna medicína, Trnava, (GAMMALAB, spol. s r.o.)", "adresa": "Starohájska ulica 6755/2, 91701 Trnava, Slovenská republika", "obec": "Trnava", "poistovne": "VŠZP, Union, Dôvera", "opening_hours": "Mo-Fr 07:00-14:30", "aktualizacia": "2023-06-09T12:10:10Z", "osm_healthcare_within_50m": true}}, {"type": "Feature", "geometry": {"type": "Point", "coordinates": [17.589936, 48.3820259]}, "properties": {"evuc_id": 42167, "druh": "ambulancia pracovnej a organizačnej psychológie", "name": "Ambulancia pracovnej a organizačnej psychológie, Trnava, (PhDr. Lucia Kardošová)", "adresa": "Ulica Jeruzalemská 7768/22, 91701 Trnava, Slovenská republika", "obec": "Trnava", "poistovne": null, "opening_hours": null, "aktualizacia": "2023-06-09T12:10:10Z", "osm_healthcare_within_50m": true}}, {"type": "Feature", "geometry": {"type": "Point", "coordinates": [17.5954774, 48.3795586]}, "properties": {"evuc_id": 40611, "druh": "zariadenie spoločných vyšetrovacích a liečebných zložiek", "name": "SVaLZ, fyzioterapia, Trnava, (PhDr. Serhii Zinchenko)", "adresa": "Starohájska ulica 6755/2, 91701 Trnava, Slovenská republika", "obec": "Trnava", "poistovne": null, "opening_hours": "Mo-Tu 10:00-16:00; Th 10:00-16:00; Fr 12:00-17:30", "aktualizacia": "2023-06-09T12:10:10Z", "osm_healthcare_within_50m": true}}, {"type": "Feature", "geometry": {"type": "Point", "coordinates": [17.5970678, 48.3710791]}, "properties": {"evuc_id": 35097, "druh": "zariadenie spoločných vyšetrovacích a liečebných zložiek", "name": "SVaLZ, fyziatria, balneológia a liečebná rehabilitácia, Trnava, (PROFYTT s.r.o.)", "adresa": "Ulica Palárikova 6094/1, 91701 Trnava, Slovenská republika", "obec": "Trnava", "poistovne": null, "opening_hours": "Mo-We 07:00-18:30; Th 07:00-13:00; Fr 07:00-15:30", "aktualizacia": "2023-06-09T12:10:10Z", "osm_healthcare_within_50m": false}}, {"type": "Feature", "geometry": {"type": "Point", "coordinates": [17.5954774, 48.3795586]}, "properties": {"evuc_id": 10783, "druh": "zariadenie na poskytovanie jednodňovej zdravotnej starostlivosti", "name": "Jednodňová zdravotná starostlivosť, gynekológia a pôrodníctvo, Trnava, (GYN. CENTRUM, spol. s r.o.)", "adresa": "Starohájska ulica 6755/2, 91701 Trnava, Slovenská republika", "obec": "Trnava", "poistovne": "VŠZP, Union, Dôvera", "opening_hours": "Mo-Fr 06:00-14:00", "aktualizacia": "2023-06-09T12:10:10Z", "osm_healthcare_within_50m": true}}, {"type": "Feature", "geometry": {"type": "Point", "coordinates": [17.6062561, 48.3886123]}, "properties": {"evuc_id": 43603, "druh": "ambulancia zubného lekárstva", "name": "Ambulancia zubného lekárstva, Trnava, (SK Dental Trnava s.r.o.)", "adresa": "Priečna ulica 9942/4, 91701 Trnava, Slovenská republika", "obec": "Trnava", "poistovne": null, "opening_hours": "Mo-Th 07:30-15:30; Fr 07:30-13:30", "aktualizacia": "2023-06-09T12:10:10Z", "osm_healthcare_within_50m": false}}, {"type": "Feature", "geometry": {"type": "Point", "coordinates": [17.5954774, 48.3795586]}, "properties": {"evuc_id": 10790, "druh": "ambulancia cievnej chirurgie", "name": "Ambulancia cievnej chirurgie, Trnava, (SURGERY, spol. s r.o.)", "adresa": "Starohájska ulica 6755/2, 91701 Trnava, Slovenská republika", "obec": "Trnava", "poistovne": null, "opening_hours": "Mo-Fr 07:30-15:00", "aktualizacia": "2023-06-09T12:10:10Z", "osm_healthcare_within_50m": true}}, {"type": "Feature", "geometry": {"type": "Point", "coordinates": [17.5954774, 48.3795586]}, "properties": {"evuc_id": 10881, "druh": "ambulancia akupunktúry", "name": "Ambulancia akupunktúry, Trnava, (TANAMED s.r.o.)", "adresa": "Starohájska ulica 6755/2, 91701 Trnava, Slovenská republika", "obec": "Trnava", "poistovne": null, "opening_hours": "Mo-Fr 07:00-15:00", "aktualizacia": "2023-06-09T12:10:10Z", "osm_healthcare_within_50m": true}}, {"type": "Feature", "geometry": {"type": "Point", "coordinates": [17.5870233, 48.3786486]}, "properties": {"evuc_id": 31234, "druh": "zariadenie na poskytovanie jednodňovej zdravotnej starostlivosti", "name": "Jednodňová zdravotná starostlivosť, plastická chirurgia, Trnava, (Belleza s.r.o.)", "adresa": "U Kráľa Ľudovíta - 1. poschodie, Hornopotočná 1, 91701 Trnava, Slovenská republika", "obec": "Trnava", "poistovne": "Union", "opening_hours": "Mo-Fr 08:00-16:00", "aktualizacia": "2023-06-09T12:10:10Z", "osm_healthcare_within_50m": true}}, {"type": "Feature", "geometry": {"type": "Point", "coordinates": [17.5899906, 48.3774696]}, "properties": {"evuc_id": 37013, "druh": "ambulancia dentálnej hygieny", "name": "Ambulancia dentálnej hygieny, Trnava, (DENTALIS, s. r. o.)", "adresa": "Ulica Halenárska 410/5, 91701 Trnava, Slovenská republika", "obec": "Trnava", "poistovne": "Union", "opening_hours": null, "aktualizacia": "2023-06-09T12:10:10Z", "osm_healthcare_within_50m": false}}, {"type": "Feature", "geometry": {"type": "Point", "coordinates": [17.4297394, 48.5052798]}, "properties": {"evuc_id": 41665, "druh": "ambulancia zubného lekárstva", "name": "Ambulancia zubného lekárstva, Smolenice, (IZ - Dent s.r.o.)", "adresa": "SNP 284/97, 91904 Smolenice, Slovenská republika", "obec": "Smolenice", "poistovne": "VŠZP, Union, Dôvera", "opening_hours": "Mo-Fr 08:00-15:00", "aktualizacia": "2023-06-09T12:10:10Z", "osm_healthcare_within_50m": false}}, {"type": "Feature", "geometry": {"type": "Point", "coordinates": [17.590621, 48.3733446]}, "properties": {"evuc_id": 16403, "druh": "zariadenie na poskytovanie jednodňovej zdravotnej starostlivosti", "name": "Jednodňová zdravotná starostlivosť, gynekológia a pôrodníctvo, Trnava, (GYN GROUP, s.r.o.)", "adresa": "Ulica Športová 533/17, 91701 Trnava, Slovenská republika", "obec": "Trnava", "poistovne": "Union, Dôvera", "opening_hours": "Tu 05:30-06:30; Th 05:30-07:00; Fr 05:30-06:30", "aktualizacia": "2023-06-09T12:10:10Z", "osm_healthcare_within_50m": false}}, {"type": "Feature", "geometry": {"type": "Point", "coordinates": [17.5870025, 48.3759101]}, "properties": {"evuc_id": 10798, "druh": "endokrinologická ambulancia", "name": "Endokrinologická ambulancia, Trnava, (JAL, s.r.o.)", "adresa": "Ulica Trhová 7435/4, 91701 Trnava, Slovenská republika", "obec": "Trnava", "poistovne": "VŠZP, Union, Dôvera", "opening_hours": null, "aktualizacia": "2023-06-09T12:10:10Z", "osm_healthcare_within_50m": false}}, {"type": "Feature", "geometry": {"type": "Point", "coordinates": [17.6227063, 48.3413979]}, "properties": {"evuc_id": 40500, "druh": "zariadenie na poskytovanie jednodňovej zdravotnej starostlivosti", "name": "Jednodňová zdravotná starostlivosť, oftalmológia, Trnava, (IVIO s. r. o.)", "adresa": "Ulica Seredská 9423/255E, 91705 Trnava, Slovenská republika", "obec": "Trnava", "poistovne": "Union", "opening_hours": null, "aktualizacia": "2023-06-09T12:10:10Z", "osm_healthcare_within_50m": false}}, {"type": "Feature", "geometry": {"type": "Point", "coordinates": [17.7184817, 48.3309467]}, "properties": {"evuc_id": 10937, "druh": "ambulancia vnútorného lekárstva", "name": "Ambulancia vnútorného lekárstva, Šúrovce, (Z.V.U.K, s.r.o.)", "adresa": "Hlavná 1/22, 91925 Šúrovce, Slovenská republika", "obec": "Šúrovce", "poistovne": "Union", "opening_hours": "Mo-Fr 07:30-13:30", "aktualizacia": "2023-06-09T12:10:10Z", "osm_healthcare_within_50m": false}}, {"type": "Feature", "geometry": {"type": "Point", "coordinates": [17.5954774, 48.3795586]}, "properties": {"evuc_id": 11015, "druh": "ambulancia klinickej logopédie", "name": "Ambulancia klinickej logopédie, Trnava, (KLINLOG s.r.o.)", "adresa": "Starohájska ulica 6755/2, 91701 Trnava, Slovenská republika", "obec": "Trnava", "poistovne": "VŠZP, Union, Dôvera", "opening_hours": "Mo 07:00-14:00; Tu 07:30-14:00; We 07:00-13:30; Th-Fr 07:30-13:30", "aktualizacia": "2023-06-09T12:10:10Z", "osm_healthcare_within_50m": true}}, {"type": "Feature", "geometry": {"type": "Point", "coordinates": [17.5954774, 48.3795586]}, "properties": {"evuc_id": 10929, "druh": "chirurgická ambulancia", "name": "Chirurgická ambulancia, Trnava, (kramar s.r.o.)", "adresa": "Starohájska ulica 6755/2, 91701 Trnava, Slovenská republika", "obec": "Trnava", "poistovne": "VŠZP, Union, Dôvera", "opening_hours": null, "aktualizacia": "2023-06-09T12:10:10Z", "osm_healthcare_within_50m": true}}, {"type": "Feature", "geometry": {"type": "Point", "coordinates": [17.5868104, 48.3726981]}, "properties": {"evuc_id": 10911, "druh": "ambulancia vnútorného lekárstva", "name": "Ambulancia vnútorného lekárstva, Trnava, (E.K.MEDIC, s.r.o.)", "adresa": "Námestie Slov. národ. povstania 270/3, 91701 Trnava, Slovenská republika", "obec": "Trnava", "poistovne": "VŠZP, Union", "opening_hours": "Mo-Fr 07:30-15:30", "aktualizacia": "2023-06-09T12:10:10Z", "osm_healthcare_within_50m": true}}, {"type": "Feature", "geometry": {"type": "Point", "coordinates": [17.5919954, 48.3768758]}, "properties": {"evuc_id": 10988, "druh": "ambulancia klinickej logopédie", "name": "Ambulancia klinickej logopédie, Trnava, (Logopaedica TT s.r.o.)", "adresa": "Ulica Kapitulská 7985/21A, 91701 Trnava, Slovenská republika", "obec": "Trnava", "poistovne": "VŠZP, Union, Dôvera", "opening_hours": "Mo-Fr 08:00-16:00", "aktualizacia": "2023-06-09T12:10:10Z", "osm_healthcare_within_50m": true}}, {"type": "Feature", "geometry": {"type": "Point", "coordinates": [17.5954774, 48.3795586]}, "properties": {"evuc_id": 10844, "druh": "psychiatrická ambulancia", "name": "Psychiatrická ambulancia, Trnava, (LIFE-MED s.r.o.)", "adresa": "Starohájska ulica 6755/2, 91701 Trnava, Slovenská republika", "obec": "Trnava", "poistovne": "VŠZP, Union", "opening_hours": "Mo-Th 07:30-14:00; Fr 07:30-12:00", "aktualizacia": "2023-06-09T12:10:10Z", "osm_healthcare_within_50m": true}}, {"type": "Feature", "geometry": {"type": "Point", "coordinates": [17.6692691, 48.3476183]}, "properties": {"evuc_id": 19753, "druh": "zariadenie spoločných vyšetrovacích a liečebných zložiek", "name": "SVaLZ, fyziatria, balneológia a liečebná rehabilitácia, Zavar, (MAJATO s.r.o.)", "adresa": "Hlavná 121/60, 91926 Zavar, Slovenská republika", "obec": "Zavar", "poistovne": "VŠZP, Union, Dôvera", "opening_hours": "Mo-Fr 08:00-16:30", "aktualizacia": "2023-06-09T12:10:10Z", "osm_healthcare_within_50m": false}}, {"type": "Feature", "geometry": {"type": "Point", "coordinates": [17.6086643, 48.3733896]}, "properties": {"evuc_id": 10843, "druh": "ambulancia zubného lekárstva", "name": "Ambulancia zubného lekárstva, Trnava, (MB DENT, spol. s r.o.)", "adresa": "Ulica Koniarekova 5881/20, 91701 Trnava, Slovenská republika", "obec": "Trnava", "poistovne": "VŠZP, Union, Dôvera", "opening_hours": null, "aktualizacia": "2023-06-09T12:10:10Z", "osm_healthcare_within_50m": false}}, {"type": "Feature", "geometry": {"type": "Point", "coordinates": [17.4954785, 48.3115939]}, "properties": {"evuc_id": 10928, "druh": "ambulancia všeobecnej ambulantnej zdravotnej starostlivosti", "name": "Všeobecná ambulancia pre deti a dorast, Cífer, (MED-ARCH Centrum, s.r.o.)", "adresa": "Ľudovíta Pavetitša 199/38, 91943 Cífer, Slovenská republika", "obec": "Cífer", "poistovne": "VŠZP, Union, Dôvera", "opening_hours": "Mo-Tu 07:00-12:00; Th 07:00-12:00; Fr 11:00-14:00", "aktualizacia": "2023-06-09T12:10:10Z", "osm_healthcare_within_50m": true}}, {"type": "Feature", "geometry": {"type": "Point", "coordinates": [17.5954774, 48.3795586]}, "properties": {"evuc_id": 37381, "druh": "ambulancia všeobecnej ambulantnej zdravotnej starostlivosti", "name": "Všeobecná ambulancia pre deti a dorast, Trnava, (MED-ARCH Centrum, s.r.o.)", "adresa": "Starohájska ulica 6755/2, 91701 Trnava, Slovenská republika", "obec": "Trnava", "poistovne": "VŠZP, Union, Dôvera", "opening_hours": "Mo 12:00-16:00; Tu 12:00-15:00; We 07:00-13:00; Th 12:00-14:00; Fr 07:00-11:00", "aktualizacia": "2023-06-09T12:10:10Z", "osm_healthcare_within_50m": true}}, {"type": "Feature", "geometry": {"type": "Point", "coordinates": [17.5622396, 48.3882129]}, "properties": {"evuc_id": 41115, "druh": "chirurgická ambulancia", "name": "Chirurgická ambulancia, Trnava, (MEDICAN-JAS, s.r.o.)", "adresa": "Orešianska ulica 6940/5, 91701 Trnava, Slovenská republika", "obec": "Trnava", "poistovne": "VŠZP, Union, Dôvera", "opening_hours": null, "aktualizacia": "2023-06-09T12:10:10Z", "osm_healthcare_within_50m": true}}, {"type": "Feature", "geometry": {"type": "Point", "coordinates": [17.5622396, 48.3882129]}, "properties": {"evuc_id": 28276, "druh": "zariadenie na poskytovanie jednodňovej zdravotnej starostlivosti", "name": "Jednodňová zdravotná starostlivosť, úrazová chirurgia, Trnava, (MEDICAN-JAS, s.r.o.)", "adresa": "Orešianska ulica 6940/5, 91701 Trnava, Slovenská republika", "obec": "Trnava", "poistovne": "VŠZP, Union, Dôvera", "opening_hours": null, "aktualizacia": "2023-06-09T12:10:10Z", "osm_healthcare_within_50m": true}}, {"type": "Feature", "geometry": {"type": "Point", "coordinates": [17.5954774, 48.3795586]}, "properties": {"evuc_id": 16584, "druh": "ambulancia pediatrickej kardiológie", "name": "Ambulancia pediatrickej kardiológie, Trnava, (MEDICARD, s. r. o.)", "adresa": "Starohájska ulica 6755/2, 91701 Trnava, Slovenská republika", "obec": "Trnava", "poistovne": "VŠZP, Union, Dôvera", "opening_hours": "Mo-Fr 07:00-15:00", "aktualizacia": "2023-06-09T12:10:10Z", "osm_healthcare_within_50m": true}}, {"type": "Feature", "geometry": {"type": "Point", "coordinates": [17.5954774, 48.3795586]}, "properties": {"evuc_id": 10841, "druh": "zariadenie na poskytovanie jednodňovej zdravotnej starostlivosti", "name": "Jednodňová zdravotná starostlivosť, oftalmológia, Trnava, (Očné centrum, s.r.o.)", "adresa": "Starohájska ulica 6755/2, 91701 Trnava, Slovenská republika", "obec": "Trnava", "poistovne": "VŠZP, Union, Dôvera", "opening_hours": null, "aktualizacia": "2023-06-09T12:10:10Z", "osm_healthcare_within_50m": true}}, {"type": "Feature", "geometry": {"type": "Point", "coordinates": [17.5935604, 48.5442789]}, "properties": {"evuc_id": 11065, "druh": "ambulancia zubného lekárstva", "name": "Ambulancia zubného lekárstva, Dechtice, (MUDr. Natália Augustín)", "adresa": "obvodné zdravotné stredisko,  541, 91953 Dechtice, Slovenská republika", "obec": "Dechtice", "poistovne": "VŠZP", "opening_hours": null, "aktualizacia": "2023-06-09T12:10:10Z", "osm_healthcare_within_50m": true}}, {"type": "Feature", "geometry": {"type": "Point", "coordinates": [17.5883006, 48.3683214]}, "properties": {"evuc_id": 10793, "druh": "zariadenie spoločných vyšetrovacích a liečebných zložiek", "name": "SVaLZ, klinická mikrobiológia, Trnava, (AnalytX s.r.o.)", "adresa": "Fakultná nemocnica Trnava, Ulica Andreja Žarnova 7507/11, 91702 Trnava, Slovenská republika", "obec": "Trnava", "poistovne": "VŠZP, Union, Dôvera", "opening_hours": "Mo-Su 00:00-24:00", "aktualizacia": "2023-06-09T12:10:10Z", "osm_healthcare_within_50m": true}}, {"type": "Feature", "geometry": {"type": "Point", "coordinates": [17.5883006, 48.3683214]}, "properties": {"evuc_id": 16415, "druh": "zariadenie spoločných vyšetrovacích a liečebných zložiek", "name": "SVaLZ, fyziatria, balneológia a liečebná rehabilitácia, Trnava, (AGAVE,s.r.o.)", "adresa": "Ulica Andreja Žarnova 7507/11, 91702 Trnava, Slovenská republika", "obec": "Trnava", "poistovne": "VŠZP, Union, Dôvera", "opening_hours": null, "aktualizacia": "2023-06-09T12:10:10Z", "osm_healthcare_within_50m": true}}, {"type": "Feature", "geometry": {"type": "Point", "coordinates": [17.5954774, 48.3795586]}, "properties": {"evuc_id": 11006, "druh": "ambulancia všeobecnej ambulantnej zdravotnej starostlivosti", "name": "Všeobecná ambulancia pre dospelých, Trnava, (ALMEDIC s.r.o.)", "adresa": "Starohájska ulica 6755/2, 91701 Trnava, Slovenská republika", "obec": "Trnava", "poistovne": "VŠZP, Union, Dôvera", "opening_hours": "Mo 07:00-15:00; Tu-We 07:00-14:00; Th 07:00-15:00; Fr 07:00-12:00", "aktualizacia": "2023-06-09T12:10:10Z", "osm_healthcare_within_50m": true}}, {"type": "Feature", "geometry": {"type": "Point", "coordinates": [17.5954774, 48.3795586]}, "properties": {"evuc_id": 11011, "druh": "ambulancia zubného lekárstva", "name": "Ambulancia zubného lekárstva, Trnava, (ALZIDENT, s.r.o.)", "adresa": "Starohájska ulica 6755/2, 91701 Trnava, Slovenská republika", "obec": "Trnava", "poistovne": "VŠZP, Dôvera", "opening_hours": null, "aktualizacia": "2023-06-09T12:10:10Z", "osm_healthcare_within_50m": true}}, {"type": "Feature", "geometry": {"type": "Point", "coordinates": [17.5954774, 48.3795586]}, "properties": {"evuc_id": 10998, "druh": "ambulancia klinickej logopédie", "name": "Ambulancia klinickej logopédie, Trnava, (ArsLogos s.r.o.)", "adresa": "Starohájska ulica 6755/2, 91701 Trnava, Slovenská republika", "obec": "Trnava", "poistovne": "VŠZP, Union, Dôvera", "opening_hours": null, "aktualizacia": "2023-06-09T12:10:10Z", "osm_healthcare_within_50m": true}}, {"type": "Feature", "geometry": {"type": "Point", "coordinates": [17.495273, 48.311676]}, "properties": {"evuc_id": 42861, "druh": "ambulancia všeobecnej ambulantnej zdravotnej starostlivosti", "name": "Všeobecná ambulancia pre dospelých, Cífer, (B&D medik s. r. o.)", "adresa": "Ľudovíta Pavetitša 198/37, 91943 Cífer, Slovenská republika", "obec": "Cífer", "poistovne": "VŠZP, Union, Dôvera", "opening_hours": "Mo 06:30-15:00; Tu 06:30-14:00; We 10:00-16:00; Th 07:00-14:00; Fr 07:00-13:00", "aktualizacia": "2023-06-09T12:10:10Z", "osm_healthcare_within_50m": true}}, {"type": "Feature", "geometry": {"type": "Point", "coordinates": [17.5677493, 48.3695175]}, "properties": {"evuc_id": 10935, "druh": "ambulancia zubného lekárstva", "name": "Ambulancia zubného lekárstva, Trnava, (BARDENT, s.r.o.)", "adresa": "Ulica Mozartova 5906/3, 91708 Trnava, Slovenská republika", "obec": "Trnava", "poistovne": "VŠZP, Union, Dôvera", "opening_hours": "Mo-Th 08:00-14:00; Fr 08:00-13:00", "aktualizacia": "2023-06-09T12:10:10Z", "osm_healthcare_within_50m": true}}, {"type": "Feature", "geometry": {"type": "Point", "coordinates": [17.5954774, 48.3795586]}, "properties": {"evuc_id": 30673, "druh": "zariadenie spoločných vyšetrovacích a liečebných zložiek", "name": "SVaLZ, fyzioterapia, Trnava, (Bc. Jana Rybanská)", "adresa": "Starohájska ulica 6755/2, 91701 Trnava, Slovenská republika", "obec": "Trnava", "poistovne": null, "opening_hours": null, "aktualizacia": "2023-06-09T12:10:10Z", "osm_healthcare_within_50m": true}}, {"type": "Feature", "geometry": {"type": "Point", "coordinates": [17.5954774, 48.3795586]}, "properties": {"evuc_id": 11022, "druh": "ambulancia zubného lekárstva", "name": "Ambulancia zubného lekárstva, Trnava, (BITTADENT, s.r.o.)", "adresa": "Poliklinika, Starohájska ulica 6755/2, 91701 Trnava, Slovenská republika", "obec": "Trnava", "poistovne": "VŠZP, Dôvera", "opening_hours": null, "aktualizacia": "2023-06-09T12:10:10Z", "osm_healthcare_within_50m": true}}, {"type": "Feature", "geometry": {"type": "Point", "coordinates": [17.579316, 48.3753381]}, "properties": {"evuc_id": 10945, "druh": "ambulancia zubného lekárstva", "name": "Ambulancia zubného lekárstva, Trnava, (Blaško s.r.o.)", "adresa": "Ulica Andreja Hlinku 3659/2, 91701 Trnava, Slovenská republika", "obec": "Trnava", "poistovne": "VŠZP, Union, Dôvera", "opening_hours": "Mo-Th 07:30-15:00; Fr 07:30-14:00", "aktualizacia": "2023-06-09T12:10:10Z", "osm_healthcare_within_50m": true}}, {"type": "Feature", "geometry": {"type": "Point", "coordinates": [17.5954774, 48.3795586]}, "properties": {"evuc_id": 10939, "druh": "ambulancia pediatrickej kardiológie", "name": "Ambulancia pediatrickej kardiológie, Trnava, (CARDIOMED s.r.o.)", "adresa": "Starohájska ulica 6755/2, 91701 Trnava, Slovenská republika", "obec": "Trnava", "poistovne": "VŠZP, Union, Dôvera", "opening_hours": "Mo-Fr 07:30-15:30", "aktualizacia": "2023-06-09T12:10:10Z", "osm_healthcare_within_50m": true}}, {"type": "Feature", "geometry": {"type": "Point", "coordinates": [17.5954774, 48.3795586]}, "properties": {"evuc_id": 19183, "druh": "ambulancia všeobecnej ambulantnej zdravotnej starostlivosti", "name": "Všeobecná ambulancia pre dospelých, Trnava, (CentroMedico, s.r.o.)", "adresa": "Starohájska ulica 6755/2, 91701 Trnava, Slovenská republika", "obec": "Trnava", "poistovne": "VŠZP, Union, Dôvera", "opening_hours": "Mo 07:30-17:00; Tu-We 07:30-15:00; Th-Fr 07:30-14:30", "aktualizacia": "2023-06-09T12:10:10Z", "osm_healthcare_within_50m": true}}, {"type": "Feature", "geometry": {"type": "Point", "coordinates": [17.5794964, 48.3792416]}, "properties": {"evuc_id": 10978, "druh": "dermatovenerologická ambulancia", "name": "Dermatovenerologická ambulancia, Trnava, (DERMAKORECT s.r.o.)", "adresa": "Ulica Kalinčiakova 3358/29, 91701 Trnava, Slovenská republika", "obec": "Trnava", "poistovne": null, "opening_hours": "Mo-Tu 07:00-15:30; Th 07:00-15:30; Fr 07:00-17:00", "aktualizacia": "2023-06-09T12:10:10Z", "osm_healthcare_within_50m": false}}, {"type": "Feature", "geometry": {"type": "Point", "coordinates": [17.5954774, 48.3795586]}, "properties": {"evuc_id": 10950, "druh": "gynekologicko-pôrodnícka ambulancia", "name": "Gynekologická ambulancia, Trnava, (DEČKOV, s.r.o.)", "adresa": "Starohájska ulica 6755/2, 91701 Trnava, Slovenská republika", "obec": "Trnava", "poistovne": "VŠZP, Union, Dôvera", "opening_hours": null, "aktualizacia": "2023-06-09T12:10:10Z", "osm_healthcare_within_50m": true}}, {"type": "Feature", "geometry": {"type": "Point", "coordinates": [17.5870025, 48.3759101]}, "properties": {"evuc_id": 10889, "druh": "ambulancia diabetológie a porúch látkovej premeny a výživy", "name": "Ambulancia diabetológie a porúch látkovej premeny a výživy, Trnava, (DIAMEX, s.r.o.)", "adresa": "Ulica Trhová 7435/4, 91701 Trnava, Slovenská republika", "obec": "Trnava", "poistovne": "VŠZP, Union, Dôvera", "opening_hours": null, "aktualizacia": "2023-06-09T12:10:10Z", "osm_healthcare_within_50m": false}}, {"type": "Feature", "geometry": {"type": "Point", "coordinates": [17.5954774, 48.3795586]}, "properties": {"evuc_id": 10963, "druh": "ambulancia diabetológie a porúch látkovej premeny a výživy", "name": "Ambulancia diabetológie a porúch látkovej premeny a výživy, Trnava, (DIAZU, s.r.o.)", "adresa": "Starohájska ulica 6755/2, 91701 Trnava, Slovenská republika", "obec": "Trnava", "poistovne": "VŠZP, Union, Dôvera", "opening_hours": "Mo-Fr 07:00-15:00", "aktualizacia": "2023-06-09T12:10:10Z", "osm_healthcare_within_50m": true}}, {"type": "Feature", "geometry": {"type": "Point", "coordinates": [17.5954774, 48.3795586]}, "properties": {"evuc_id": 10962, "druh": "ambulancia vnútorného lekárstva", "name": "Ambulancia vnútorného lekárstva, Trnava, (DIAZU, s.r.o.)", "adresa": "Starohájska ulica 6755/2, 91701 Trnava, Slovenská republika", "obec": "Trnava", "poistovne": null, "opening_hours": "Mo-Fr 07:00-15:00", "aktualizacia": "2023-06-09T12:10:10Z", "osm_healthcare_within_50m": true}}, {"type": "Feature", "geometry": {"type": "Point", "coordinates": [17.5954774, 48.3795586]}, "properties": {"evuc_id": 10964, "druh": "endokrinologická ambulancia", "name": "Endokrinologická ambulancia, Trnava, (DIAZU, s.r.o.)", "adresa": "Starohájska ulica 6755/2, 91701 Trnava, Slovenská republika", "obec": "Trnava", "poistovne": null, "opening_hours": "Mo-Fr 07:00-15:00", "aktualizacia": "2023-06-09T12:10:10Z", "osm_healthcare_within_50m": true}}, {"type": "Feature", "geometry": {"type": "Point", "coordinates": [17.4651265, 48.5251296]}, "properties": {"evuc_id": 10895, "druh": "ambulancia všeobecnej ambulantnej zdravotnej starostlivosti", "name": "Všeobecná ambulancia pre dospelých, Trstín, (DK PRAKTIK s.r.o.)", "adresa": "95, 91905 Trstín, Slovenská republika", "obec": "Trstín", "poistovne": "VŠZP, Union, Dôvera", "opening_hours": "Mo-Fr 07:30-15:30", "aktualizacia": "2023-06-09T12:10:10Z", "osm_healthcare_within_50m": false}}, {"type": "Feature", "geometry": {"type": "Point", "coordinates": [17.5917944, 48.3578831]}, "properties": {"evuc_id": 41241, "druh": "ambulancia zubného lekárstva", "name": "Ambulancia zubného lekárstva, Trnava, (DK STOM, s. r. o.)", "adresa": "Ulica Mikovíniho 9548/14, 91701 Trnava, Slovenská republika", "obec": "Trnava", "poistovne": "VŠZP, Union", "opening_hours": null, "aktualizacia": "2023-06-09T12:10:10Z", "osm_healthcare_within_50m": false}}, {"type": "Feature", "geometry": {"type": "Point", "coordinates": [17.5868104, 48.3726981]}, "properties": {"evuc_id": 10912, "druh": "hepatologická ambulancia", "name": "Hepatologická ambulancia, Trnava, (E.K.MEDIC, s.r.o.)", "adresa": "Námestie Slov. národ. povstania 270/3, 91701 Trnava, Slovenská republika", "obec": "Trnava", "poistovne": "VŠZP, Union, Dôvera", "opening_hours": "Mo 08:00-14:00; We-Th 08:00-14:00; Fr 08:00-13:00", "aktualizacia": "2023-06-09T12:10:10Z", "osm_healthcare_within_50m": true}}, {"type": "Feature", "geometry": {"type": "Point", "coordinates": [17.5954774, 48.3795586]}, "properties": {"evuc_id": 10834, "druh": "ambulancia zubného lekárstva", "name": "Ambulancia zubného lekárstva, Trnava, (ENAMEL s.r.o.)", "adresa": "Starohájska ulica 6755/2, 91701 Trnava, Slovenská republika", "obec": "Trnava", "poistovne": "VŠZP, Union, Dôvera", "opening_hours": "Mo-Fr 07:00-13:30", "aktualizacia": "2023-06-09T12:10:10Z", "osm_healthcare_within_50m": true}}, {"type": "Feature", "geometry": {"type": "Point", "coordinates": [17.5876555, 48.3696211]}, "properties": {"evuc_id": 28002, "druh": "gastroenterologická ambulancia", "name": "Gastroenterologická ambulancia, Trnava, (EndoCorp s.r.o.)", "adresa": "Ulica Andreja Žarnova 16, 91702 Trnava, Slovenská republika", "obec": "Trnava", "poistovne": "VŠZP, Union, Dôvera", "opening_hours": null, "aktualizacia": "2023-06-09T12:10:10Z", "osm_healthcare_within_50m": true}}, {"type": "Feature", "geometry": {"type": "Point", "coordinates": [17.5954774, 48.3795586]}, "properties": {"evuc_id": 11013, "druh": "ambulancia pediatrickej endokrinológie a diabetológie a porúch látkovej premeny a výživy", "name": "Ambulancia pediatrickej endokrinológie a diabetológie a porúch látkovej premeny a výživy, Trnava, (ENDOMA, s.r.o.)", "adresa": "Starohájska ulica 6755/2, 91701 Trnava, Slovenská republika", "obec": "Trnava", "poistovne": "VŠZP, Union, Dôvera", "opening_hours": null, "aktualizacia": "2023-06-09T12:10:10Z", "osm_healthcare_within_50m": true}}, {"type": "Feature", "geometry": {"type": "Point", "coordinates": [17.5954774, 48.3795586]}, "properties": {"evuc_id": 11035, "druh": "neurologická ambulancia", "name": "Neurologická ambulancia, Trnava, (ENEMED s.r.o.)", "adresa": "Starohájska ulica 6755/2, 91701 Trnava, Slovenská republika", "obec": "Trnava", "poistovne": "VŠZP, Union, Dôvera", "opening_hours": null, "aktualizacia": "2023-06-09T12:10:10Z", "osm_healthcare_within_50m": true}}, {"type": "Feature", "geometry": {"type": "Point", "coordinates": [17.5750039, 48.3805724]}, "properties": {"evuc_id": 34552, "druh": "geriatrická ambulancia", "name": "Geriatrická ambulancia, Trnava, (ENSÓ-SENIOR s. r. o.)", "adresa": "ZPS, Ulica Terézie Vansovej 2914/5, 91701 Trnava, Slovenská republika", "obec": "Trnava", "poistovne": "VŠZP, Union", "opening_hours": null, "aktualizacia": "2023-06-09T12:10:10Z", "osm_healthcare_within_50m": false}}, {"type": "Feature", "geometry": {"type": "Point", "coordinates": [17.4297394, 48.5052798]}, "properties": {"evuc_id": 10938, "druh": "gynekologicko-pôrodnícka ambulancia", "name": "Gynekologická ambulancia, Smolenice, (EPEDONNA s.r.o.)", "adresa": "SNP 284/97, 91904 Smolenice, Slovenská republika", "obec": "Smolenice", "poistovne": "VŠZP, Union, Dôvera", "opening_hours": "Mo-Tu 06:45-15:00; We 09:30-16:30; Th-Fr 06:45-15:00", "aktualizacia": "2023-06-09T12:10:10Z", "osm_healthcare_within_50m": false}}, {"type": "Feature", "geometry": {"type": "Point", "coordinates": [17.5954774, 48.3795586]}, "properties": {"evuc_id": 10838, "druh": "ambulancia všeobecnej ambulantnej zdravotnej starostlivosti", "name": "Všeobecná ambulancia pre dospelých, Trnava, (EVIMED s.r.o.)", "adresa": "Starohájska ulica 6755/2, 91701 Trnava, Slovenská republika", "obec": "Trnava", "poistovne": "VŠZP, Union, Dôvera", "opening_hours": "Mo 06:30-13:30; Tu 06:30-15:00; We 06:30-13:30; Th 10:00-16:00; Fr 06:30-13:00", "aktualizacia": "2023-06-09T12:10:10Z", "osm_healthcare_within_50m": true}}, {"type": "Feature", "geometry": {"type": "Point", "coordinates": [17.5883006, 48.3683214]}, "properties": {"evuc_id": 37275, "druh": "ambulancia klinickej imunológie a alergológie", "name": "Ambulancia klinickej imunológie a alergológie (MUDr. M. Bajer) / Ambulancia vnútorného lekárstva (MUDr. J. Marecová), Trnava, (Fakultná nemocnica Trnava)", "adresa": "Ulica Andreja Žarnova 7507/11, 91702 Trnava, Slovenská republika", "obec": "Trnava", "poistovne": "VŠZP, Union, Dôvera", "opening_hours": "We-Th 07:30-15:30; Fr 11:45-15:30", "aktualizacia": "2023-06-09T12:10:10Z", "osm_healthcare_within_50m": true}}, {"type": "Feature", "geometry": {"type": "Point", "coordinates": [17.5883006, 48.3683214]}, "properties": {"evuc_id": 34991, "druh": "ambulancia úrazovej chirurgie", "name": "Klinická traumatologická ambulancia, Trnava, (Fakultná nemocnica Trnava)", "adresa": "Ulica Andreja Žarnova 7507/11, 91702 Trnava, Slovenská republika", "obec": "Trnava", "poistovne": "VŠZP, Union, Dôvera", "opening_hours": null, "aktualizacia": "2023-06-09T12:10:10Z", "osm_healthcare_within_50m": true}}, {"type": "Feature", "geometry": {"type": "Point", "coordinates": [17.5883006, 48.3683214]}, "properties": {"evuc_id": 35016, "druh": "reumatologická ambulancia", "name": "Reumatologická a osteologická ambulancia, MUDR. Pavol DOBROVODSKÝ, Trnava, (Fakultná nemocnica Trnava)", "adresa": "Ulica Andreja Žarnova 7507/11, 91702 Trnava, Slovenská republika", "obec": "Trnava", "poistovne": "VŠZP, Union, Dôvera", "opening_hours": null, "aktualizacia": "2023-06-09T12:10:10Z", "osm_healthcare_within_50m": true}}, {"type": "Feature", "geometry": {"type": "Point", "coordinates": [17.5954774, 48.3795586]}, "properties": {"evuc_id": 31553, "druh": "ambulancia telovýchovného lekárstva", "name": "Ambulancia telovýchovného lekárstva, Trnava, (FRI md s.r.o.)", "adresa": "Starohájska ulica 6755/2, 91701 Trnava, Slovenská republika", "obec": "Trnava", "poistovne": null, "opening_hours": null, "aktualizacia": "2023-06-09T12:10:10Z", "osm_healthcare_within_50m": true}}, {"type": "Feature", "geometry": {"type": "Point", "coordinates": [17.6086643, 48.3733896]}, "properties": {"evuc_id": 16405, "druh": "ambulancia fyziatrie, balneológie a liečebnej rehabilitácie", "name": "Ambulancia fyziatrie, balneológie a liečebnej rehabilitácie, Trnava, (FROGYN GP, s.r.o.)", "adresa": "Ulica Koniarekova 5881/20, 91701 Trnava, Slovenská republika", "obec": "Trnava", "poistovne": "VŠZP, Union, Dôvera", "opening_hours": "Tu 15:00-21:00; Th 15:00-21:00", "aktualizacia": "2023-06-09T12:10:10Z", "osm_healthcare_within_50m": false}}, {"type": "Feature", "geometry": {"type": "Point", "coordinates": [17.5954774, 48.3795586]}, "properties": {"evuc_id": 10982, "druh": "oftalmologická ambulancia", "name": "Oftalmologická ambulancia, Trnava, (GaMaLaser, s.r.o.)", "adresa": "Starohájska ulica 6755/2, 91701 Trnava, Slovenská republika", "obec": "Trnava", "poistovne": "VŠZP, Union, Dôvera", "opening_hours": null, "aktualizacia": "2023-06-09T12:10:10Z", "osm_healthcare_within_50m": true}}, {"type": "Feature", "geometry": {"type": "Point", "coordinates": [17.5954774, 48.3795586]}, "properties": {"evuc_id": 10801, "druh": "gastroenterologická ambulancia", "name": "Gastroenterologická ambulancia, Trnava, (GEA s.r.o.)", "adresa": "Starohájska ulica 6755/2, 91701 Trnava, Slovenská republika", "obec": "Trnava", "poistovne": "VŠZP, Union, Dôvera", "opening_hours": "Mo-Tu 08:00-16:00; We-Fr 07:00-15:00", "aktualizacia": "2023-06-09T12:10:10Z", "osm_healthcare_within_50m": true}}, {"type": "Feature", "geometry": {"type": "Point", "coordinates": [17.4954012, 48.4639859]}, "properties": {"evuc_id": 11032, "druh": "ambulancia všeobecnej ambulantnej zdravotnej starostlivosti", "name": "Všeobecná ambulancia pre dospelých, Boleráz, (General Praktic s.r.o.)", "adresa": "404, 91908 Boleráz, Slovenská republika", "obec": "Boleráz", "poistovne": "VŠZP, Union, Dôvera", "opening_hours": "Mo 06:30-17:00; We 06:30-13:00; Fr 06:30-11:30", "aktualizacia": "2023-06-09T12:10:10Z", "osm_healthcare_within_50m": true}}, {"type": "Feature", "geometry": {"type": "Point", "coordinates": [17.5677493, 48.3695175]}, "properties": {"evuc_id": 32471, "druh": "ambulancia všeobecnej ambulantnej zdravotnej starostlivosti", "name": "Všeobecná ambulancia pre dospelých, Trnava, (General Praktic s.r.o.)", "adresa": "Ulica Mozartova 5906/3, 91708 Trnava, Slovenská republika", "obec": "Trnava", "poistovne": "VŠZP, Union, Dôvera", "opening_hours": "Mo 06:30-16:30; Tu 06:30-10:30; We 06:30-13:30; Th 06:30-16:00; Fr 06:30-12:30", "aktualizacia": "2023-06-09T12:10:10Z", "osm_healthcare_within_50m": true}}, {"type": "Feature", "geometry": {"type": "Point", "coordinates": [17.5954774, 48.3795586]}, "properties": {"evuc_id": 10884, "druh": "oftalmologická ambulancia", "name": "Oftalmologická ambulancia, Trnava, (GOLIS, s.r.o.)", "adresa": "Starohájska ulica 6755/2, 91701 Trnava, Slovenská republika", "obec": "Trnava", "poistovne": "VŠZP, Union, Dôvera", "opening_hours": "Mo-Fr 07:30-15:30", "aktualizacia": "2023-06-09T12:10:10Z", "osm_healthcare_within_50m": true}}, {"type": "Feature", "geometry": {"type": "Point", "coordinates": [17.4903664, 48.3133159]}, "properties": {"evuc_id": 19991, "druh": "ambulancia zubného lekárstva", "name": "Ambulancia zubného lekárstva, Cífer, (EuroDent Cífer s.r.o.)", "adresa": "Nám. Andreja Hlinku 169/31, 91943 Cífer, Slovenská republika", "obec": "Cífer", "poistovne": "VŠZP, Union, Dôvera", "opening_hours": "Tu 16:30-18:00", "aktualizacia": "2023-06-09T12:10:10Z", "osm_healthcare_within_50m": false}}, {"type": "Feature", "geometry": {"type": "Point", "coordinates": [17.5794964, 48.3792416]}, "properties": {"evuc_id": 10990, "druh": "gynekologicko-pôrodnícka ambulancia", "name": "Gynekologická ambulancia, Trnava, (Navrátil, s.r.o.)", "adresa": "Ulica Kalinčiakova 3358/29, 91701 Trnava, Slovenská republika", "obec": "Trnava", "poistovne": "VŠZP, Union, Dôvera", "opening_hours": "Mo 07:00-15:00; Tu 07:00-16:00; Th 07:00-15:00; Fr 07:00-14:00", "aktualizacia": "2023-06-09T12:10:10Z", "osm_healthcare_within_50m": false}}, {"type": "Feature", "geometry": {"type": "Point", "coordinates": [17.5964376, 48.5472808]}, "properties": {"evuc_id": 16496, "druh": "gynekologicko-pôrodnícka ambulancia", "name": "Gynekologická ambulancia, Dechtice, (Navrátil, s.r.o.)", "adresa": "Obvodné zdravotné stredisko, 91953 Dechtice, Slovenská republika", "obec": "Dechtice", "poistovne": "VŠZP, Union, Dôvera", "opening_hours": "We 07:00-15:00", "aktualizacia": "2023-06-09T12:10:10Z", "osm_healthcare_within_50m": false}}, {"type": "Feature", "geometry": {"type": "Point", "coordinates": [17.5817458, 48.3762547]}, "properties": {"evuc_id": 11000, "druh": "ambulancia zubného lekárstva", "name": "Ambulancia zubného lekárstva, Trnava, (OrthoJoy s. r. o.)", "adresa": "Ulica Študentská 3609/1, 91701 Trnava, Slovenská republika", "obec": "Trnava", "poistovne": "VŠZP, Union, Dôvera", "opening_hours": null, "aktualizacia": "2023-06-09T12:10:10Z", "osm_healthcare_within_50m": false}}, {"type": "Feature", "geometry": {"type": "Point", "coordinates": [17.5883355, 48.3683834]}, "properties": {"evuc_id": 33289, "druh": "ambulancia pevnej ambulantnej pohotovostnej služby pre dospelých", "name": "Ambulantná pohotovostná služba pre dospelých, Ulica Andreja Žarnova, Trnava, (Fakultná nemocnica Trnava)", "adresa": "Fakultná nemocnica Trnava, Ulica Andreja Žarnova 11, 91701 Trnava, Slovenská republika", "obec": "Trnava", "poistovne": "VŠZP, Union, Dôvera", "opening_hours": "Mo-Fr 16:00-22:00; Sa-Su 07:00-22:00", "aktualizacia": "2023-06-09T12:10:10Z", "osm_healthcare_within_50m": true}}, {"type": "Feature", "geometry": {"type": "Point", "coordinates": [17.5954774, 48.3795586]}, "properties": {"evuc_id": 10828, "druh": "gynekologicko-pôrodnícka ambulancia", "name": "Gynekologická ambulancia, Trnava, (PULSE s.r.o.)", "adresa": "Starohájska ulica 6755/2, 91701 Trnava, Slovenská republika", "obec": "Trnava", "poistovne": "VŠZP, Union, Dôvera", "opening_hours": "Mo-We 08:30-15:00; Th 09:00-16:00; Fr 08:30-14:00", "aktualizacia": "2023-06-09T12:10:10Z", "osm_healthcare_within_50m": true}}, {"type": "Feature", "geometry": {"type": "Point", "coordinates": [17.5936197, 48.3793647]}, "properties": {"evuc_id": 36832, "druh": "ambulancia všeobecnej ambulantnej zdravotnej starostlivosti", "name": "Všeobecná ambulancia pre dospelých, Trnava, (SagaVita s. r. o.)", "adresa": "Starohájska ulica 436/1, 91701 Trnava, Slovenská republika", "obec": "Trnava", "poistovne": "VŠZP, Union, Dôvera", "opening_hours": "Mo 07:00-13:00; Tu 12:00-19:00; We-Th 07:00-13:00; Fr 07:00-12:00", "aktualizacia": "2023-06-09T12:10:10Z", "osm_healthcare_within_50m": false}}, {"type": "Feature", "geometry": {"type": "Point", "coordinates": [17.5954774, 48.3795586]}, "properties": {"evuc_id": 10916, "druh": "ambulancia zubného lekárstva", "name": "Ambulancia zubného lekárstva, Trnava, (ZVOLDENT, s.r.o.)", "adresa": "Starohájska ulica 6755/2, 91701 Trnava, Slovenská republika", "obec": "Trnava", "poistovne": "VŠZP, Dôvera", "opening_hours": null, "aktualizacia": "2023-06-09T12:10:10Z", "osm_healthcare_within_50m": true}}, {"type": "Feature", "geometry": {"type": "Point", "coordinates": [17.5858491, 48.3807812]}, "properties": {"evuc_id": 33470, "druh": "kardiologická ambulancia", "name": "Kardiologická ambulancia, Trnava, (Abomedic s.r.o.)", "adresa": "Ulica Pekárska 8369/23, 91701 Trnava, Slovenská republika", "obec": "Trnava", "poistovne": "VŠZP, Union, Dôvera", "opening_hours": "Mo 07:00-15:30; Tu-We 07:00-13:30; Th 07:00-15:30", "aktualizacia": "2023-06-09T12:10:10Z", "osm_healthcare_within_50m": false}}, {"type": "Feature", "geometry": {"type": "Point", "coordinates": [17.5875743, 48.3753162]}, "properties": {"evuc_id": 22942, "druh": "ambulancia klinickej psychológie", "name": "Ambulancia klinickej psychológie, Trnava, (Al Mente s.r.o.)", "adresa": "Ulica Hlavná 7258/27A, 91701 Trnava, Slovenská republika", "obec": "Trnava", "poistovne": null, "opening_hours": null, "aktualizacia": "2023-06-09T12:10:10Z", "osm_healthcare_within_50m": false}}, {"type": "Feature", "geometry": {"type": "Point", "coordinates": [17.599659, 48.3843156]}, "properties": {"evuc_id": 10976, "druh": "gynekologicko-pôrodnícka ambulancia", "name": "Gynekologická ambulancia, Trnava, (ALLATURA, s.r.o.)", "adresa": "BC AQUAPOLIS, Ulica Piešťanská 8188/3, 91701 Trnava, Slovenská republika", "obec": "Trnava", "poistovne": "VŠZP, Union, Dôvera", "opening_hours": "Mo 07:00-15:30; Tu-We 07:30-12:30; Th 07:30-13:30; Fr 07:00-15:30", "aktualizacia": "2023-06-09T12:10:10Z", "osm_healthcare_within_50m": false}}, {"type": "Feature", "geometry": {"type": "Point", "coordinates": [17.5954774, 48.3795586]}, "properties": {"evuc_id": 10997, "druh": "ambulancia zubného lekárstva", "name": "Ambulancia zubného lekárstva, MUDr. Miloslav Matúš, Trnava, (Edenti, s.r.o.)", "adresa": "Starohájska ulica 6755/2, 91701 Trnava, Slovenská republika", "obec": "Trnava", "poistovne": "VŠZP, Dôvera", "opening_hours": "Mo-Fr 08:00-14:00", "aktualizacia": "2023-06-09T12:10:10Z", "osm_healthcare_within_50m": true}}, {"type": "Feature", "geometry": {"type": "Point", "coordinates": [17.587365, 48.368953]}, "properties": {"evuc_id": 35036, "druh": "zariadenie spoločných vyšetrovacích a liečebných zložiek", "name": "Intervenčná rádiológia FN Trnava, Trnava, (Fakultná nemocnica Trnava)", "adresa": "Ulica Andreja Žarnova 7507/11, 91702 Trnava, Slovenská republika", "obec": "Trnava", "poistovne": "VŠZP, Union, Dôvera", "opening_hours": null, "aktualizacia": "2023-06-09T12:10:10Z", "osm_healthcare_within_50m": true}}, {"type": "Feature", "geometry": {"type": "Point", "coordinates": [17.587365, 48.368953]}, "properties": {"evuc_id": 35041, "druh": "zariadenie spoločných vyšetrovacích a liečebných zložiek", "name": "Mamografia a sonografia prsníkov, Trnava, (Fakultná nemocnica Trnava)", "adresa": "Ulica Andreja Žarnova 7507/11, 91702 Trnava, Slovenská republika", "obec": "Trnava", "poistovne": "VŠZP, Union, Dôvera", "opening_hours": null, "aktualizacia": "2023-06-09T12:10:10Z", "osm_healthcare_within_50m": true}}, {"type": "Feature", "geometry": {"type": "Point", "coordinates": [17.6227063, 48.3413979]}, "properties": {"evuc_id": 40127, "druh": "oftalmologická ambulancia", "name": "IVIO CLINIC, očná klinika, Trnava, (IVIO s. r. o.)", "adresa": "Ulica Seredská 9423/255E, 91705 Trnava, Slovenská republika", "obec": "Trnava", "poistovne": "VŠZP, Union", "opening_hours": null, "aktualizacia": "2023-06-09T12:10:10Z", "osm_healthcare_within_50m": false}}, {"type": "Feature", "geometry": {"type": "Point", "coordinates": [17.6227063, 48.3413979]}, "properties": {"evuc_id": 40128, "druh": "oftalmologická ambulancia", "name": "IVIO CLINIC, očná klinika, Trnava, (IVIO s. r. o.)", "adresa": "Ulica Seredská 9423/255E, 91705 Trnava, Slovenská republika", "obec": "Trnava", "poistovne": "Union", "opening_hours": null, "aktualizacia": "2023-06-09T12:10:10Z", "osm_healthcare_within_50m": false}}, {"type": "Feature", "geometry": {"type": "Point", "coordinates": [17.5868541, 48.374849]}, "properties": {"evuc_id": 37196, "druh": "infektologická ambulancia", "name": "Ambulancia pre cudzokrajné choroby a tropickú medicínu, Trnava, (KARIBU s.r.o.)", "adresa": "Ulica Hlavná 15/31, 91701 Trnava, Slovenská republika", "obec": "Trnava", "poistovne": "VŠZP, Union, Dôvera", "opening_hours": null, "aktualizacia": "2023-06-09T12:10:10Z", "osm_healthcare_within_50m": true}}, {"type": "Feature", "geometry": {"type": "Point", "coordinates": [17.5884941, 48.3796467]}, "properties": {"evuc_id": 10996, "druh": "ambulancia klinickej imunológie a alergológie", "name": "Ambulancia klinickej imunológie a alergológie, Trnava, (MEDIMUN, s.r.o.)", "adresa": "Ulica Jána Hollého 8479/5, 91701 Trnava, Slovenská republika", "obec": "Trnava", "poistovne": "VŠZP, Union, Dôvera", "opening_hours": null, "aktualizacia": "2023-06-09T12:10:10Z", "osm_healthcare_within_50m": false}}, {"type": "Feature", "geometry": {"type": "Point", "coordinates": [17.5794964, 48.3792416]}, "properties": {"evuc_id": 34505, "druh": "ambulancia všeobecnej ambulantnej zdravotnej starostlivosti", "name": "Ambulancia všeobecného lekára pre dospelých, Trnava, (Medisil s.r.o.)", "adresa": "Ulica Kalinčiakova 3358/29, 91701 Trnava, Slovenská republika", "obec": "Trnava", "poistovne": "VŠZP, Union, Dôvera", "opening_hours": "Mo-We 07:30-15:00; Th 10:00-16:00; Fr 07:30-14:00", "aktualizacia": "2023-06-09T12:10:10Z", "osm_healthcare_within_50m": false}}, {"type": "Feature", "geometry": {"type": "Point", "coordinates": [17.5954774, 48.3795586]}, "properties": {"evuc_id": 10921, "druh": "ambulancia všeobecnej ambulantnej zdravotnej starostlivosti", "name": "Všeobecná ambulancia pre deti a dorast, MUDr. Katarína Tóthová, Trnava, (Mediso, s. r. o.)", "adresa": "Starohájska ulica 6755/2, 91701 Trnava, Slovenská republika", "obec": "Trnava", "poistovne": "VŠZP, Union, Dôvera", "opening_hours": "Mo 07:00-15:00; Tu 09:00-16:00; We-Th 07:00-14:00; Fr 07:00-13:00", "aktualizacia": "2023-06-09T12:10:10Z", "osm_healthcare_within_50m": true}}, {"type": "Feature", "geometry": {"type": "Point", "coordinates": [17.5904284, 48.3834406]}, "properties": {"evuc_id": 34801, "druh": "ambulancia klinickej psychológie", "name": "Ambulancia klinickej psychológie, Trnava, (Mgr. Lenka Šajtlavová)", "adresa": "Námestie Jozefa Herdu 579/1, 91701 Trnava, Slovenská republika", "obec": "Trnava", "poistovne": null, "opening_hours": null, "aktualizacia": "2023-06-09T12:10:10Z", "osm_healthcare_within_50m": true}}, {"type": "Feature", "geometry": {"type": "Point", "coordinates": [17.5999238, 48.3843061]}, "properties": {"evuc_id": 19754, "druh": "ambulancia všeobecnej ambulantnej zdravotnej starostlivosti", "name": "Všeobecná ambulancia pre dospelých, Trnava, (Praktická ambulancia, s.r.o.)", "adresa": "BC AQUAPOLIS, Piešťanská 3, 91701 Trnava, Slovenská republika", "obec": "Trnava", "poistovne": "VŠZP, Union, Dôvera", "opening_hours": "Mo 08:00-17:00; Tu 08:00-14:00; We 08:00-17:00; Th-Fr 08:00-14:00", "aktualizacia": "2023-06-09T12:10:10Z", "osm_healthcare_within_50m": false}}, {"type": "Feature", "geometry": {"type": "Point", "coordinates": [17.5999238, 48.3843061]}, "properties": {"evuc_id": 20543, "druh": "ambulancia všeobecnej ambulantnej zdravotnej starostlivosti", "name": "Všeobecná ambulancia pre dospelých, Trnava, (Praktická ambulancia, s.r.o.)", "adresa": "BC AQUAPOLIS, Piešťanská 3, 91701 Trnava, Slovenská republika", "obec": "Trnava", "poistovne": "VŠZP, Union, Dôvera", "opening_hours": null, "aktualizacia": "2023-06-09T12:10:10Z", "osm_healthcare_within_50m": false}}, {"type": "Feature", "geometry": {"type": "Point", "coordinates": [17.5936197, 48.3793647]}, "properties": {"evuc_id": 11041, "druh": "ambulancia všeobecnej ambulantnej zdravotnej starostlivosti", "name": "Všeobecná ambulancia pre dospelých, Trnava, (PREVENTÍVA Klinika, s.r.o.)", "adresa": "Starohájska ulica 436/1, 91701 Trnava, Slovenská republika", "obec": "Trnava", "poistovne": "VŠZP, Union, Dôvera", "opening_hours": "Mo 06:30-15:00; Tu 06:30-14:00; We 10:00-16:00; Th 07:00-14:00; Fr 07:00-13:00", "aktualizacia": "2023-06-09T12:10:10Z", "osm_healthcare_within_50m": false}}, {"type": "Feature", "geometry": {"type": "Point", "coordinates": [17.6736431, 48.351445]}, "properties": {"evuc_id": 10969, "druh": "ambulancia zubného lekárstva", "name": "Ambulancia zubného lekárstva, Zavar, (REDIN- DENT, s.r.o.)", "adresa": "Obvodné zdravotné stredisko, 91926 Zavar, Slovenská republika", "obec": "Zavar", "poistovne": "VŠZP, Union, Dôvera", "opening_hours": null, "aktualizacia": "2023-06-09T12:10:10Z", "osm_healthcare_within_50m": false}}, {"type": "Feature", "geometry": {"type": "Point", "coordinates": [17.5954774, 48.3795586]}, "properties": {"evuc_id": 10880, "druh": "ambulancia všeobecnej ambulantnej zdravotnej starostlivosti", "name": "Všeobecná ambulancia pre dospelých, MUDr.Tatiana Vejmelková, Trnava, (TANAMED s.r.o.)", "adresa": "Starohájska ulica 6755/2, 91701 Trnava, Slovenská republika", "obec": "Trnava", "poistovne": "VŠZP, Union, Dôvera", "opening_hours": null, "aktualizacia": "2023-06-09T12:10:10Z", "osm_healthcare_within_50m": true}}, {"type": "Feature", "geometry": {"type": "Point", "coordinates": [17.587964, 48.367688]}, "properties": {"evuc_id": 35098, "druh": "ambulancia zubného lekárstva", "name": "Ambulancia zubného lekárstva, Trnava, (TTDENT s.r.o.)", "adresa": "Ulica Andreja Žarnova 8089/13, 91702 Trnava, Slovenská republika", "obec": "Trnava", "poistovne": null, "opening_hours": null, "aktualizacia": "2023-06-09T12:10:10Z", "osm_healthcare_within_50m": true}}, {"type": "Feature", "geometry": {"type": "Point", "coordinates": [17.590681, 48.367922]}, "properties": {"evuc_id": 34977, "druh": "algeziologická ambulancia", "name": "Algeziologická ambulancia, MUDr. Mária Kubaláková, Trnava, (Fakultná nemocnica Trnava)", "adresa": "Ulica Andreja Žarnova 7507/11, 91702 Trnava, Slovenská republika", "obec": "Trnava", "poistovne": "VŠZP, Union, Dôvera", "opening_hours": null, "aktualizacia": "2023-06-09T12:10:10Z", "osm_healthcare_within_50m": true}}, {"type": "Feature", "geometry": {"type": "Point", "coordinates": [17.587531, 48.368239]}, "properties": {"evuc_id": 34978, "druh": "ambulancia anestéziológie a intenzívnej medicíny len v nemocnici, v ktorej sa poskytuje ústavná zdravotná starostlivosť najmenej v jednom odbore anestéziológia a intenzívna medicína", "name": "Anestéziologická ambulancia, Trnava, (Fakultná nemocnica Trnava)", "adresa": "Ulica Andreja Žarnova 7507/11, 91702 Trnava, Slovenská republika", "obec": "Trnava", "poistovne": "VŠZP, Union, Dôvera", "opening_hours": null, "aktualizacia": "2023-06-09T12:10:10Z", "osm_healthcare_within_50m": true}}, {"type": "Feature", "geometry": {"type": "Point", "coordinates": [17.587365, 48.368953]}, "properties": {"evuc_id": 35032, "druh": "zariadenie spoločných vyšetrovacích a liečebných zložiek", "name": "Počítačová tomografia - CT FN Trnava, Trnava, (Fakultná nemocnica Trnava)", "adresa": "Ulica Andreja Žarnova 7507/11, 91702 Trnava, Slovenská republika", "obec": "Trnava", "poistovne": "VŠZP, Union, Dôvera", "opening_hours": null, "aktualizacia": "2023-06-09T12:10:10Z", "osm_healthcare_within_50m": true}}, {"type": "Feature", "geometry": {"type": "Point", "coordinates": [17.587365, 48.368953]}, "properties": {"evuc_id": 35042, "druh": "zariadenie spoločných vyšetrovacích a liečebných zložiek", "name": "Sonografia/ultrazvuk FN Trnava, Trnava, (Fakultná nemocnica Trnava)", "adresa": "Ulica Andreja Žarnova 7507/11, 91702 Trnava, Slovenská republika", "obec": "Trnava", "poistovne": "VŠZP, Union, Dôvera", "opening_hours": null, "aktualizacia": "2023-06-09T12:10:10Z", "osm_healthcare_within_50m": true}}, {"type": "Feature", "geometry": {"type": "Point", "coordinates": [17.5829725, 48.371316]}, "properties": {"evuc_id": 28582, "druh": "ambulancia zubného lekárstva", "name": "Ambulancia dentoalveolárnej chirurgie, Trnava, (Janec-dental s.r.o.)", "adresa": "Ulica Andreja Hlinku 9875/61, 91701 Trnava, Slovenská republika", "obec": "Trnava", "poistovne": null, "opening_hours": null, "aktualizacia": "2023-06-09T12:10:10Z", "osm_healthcare_within_50m": true}}, {"type": "Feature", "geometry": {"type": "Point", "coordinates": [17.5954774, 48.3795586]}, "properties": {"evuc_id": 11002, "druh": "ambulancia všeobecnej ambulantnej zdravotnej starostlivosti", "name": "Všeobecná ambulancia pre dospelých, Trnava, (MUDr. Jana Hutková, s.r.o.)", "adresa": "Starohájska ulica 6755/2, 91701 Trnava, Slovenská republika", "obec": "Trnava", "poistovne": "VŠZP, Union, Dôvera", "opening_hours": "Mo-Fr 07:00-15:00", "aktualizacia": "2023-06-09T12:10:10Z", "osm_healthcare_within_50m": true}}, {"type": "Feature", "geometry": {"type": "Point", "coordinates": [17.6000283, 48.3756311]}, "properties": {"evuc_id": 11075, "druh": "ambulancia detskej psychiatrie", "name": "NZZ- psychiatrická ambulancia, Trnava, (MUDr. Soňa Petríková)", "adresa": "Ulica Spartakovská 6846/38, 91701 Trnava, Slovenská republika", "obec": "Trnava", "poistovne": "Dôvera", "opening_hours": "Mo-Th 08:00-17:00; Fr 09:00-13:00", "aktualizacia": "2023-06-09T12:10:10Z", "osm_healthcare_within_50m": false}}, {"type": "Feature", "geometry": {"type": "Point", "coordinates": [17.5954774, 48.3795586]}, "properties": {"evuc_id": 10840, "druh": "oftalmologická ambulancia", "name": "Oftalmologická ambulancia, Trnava, (Očné centrum, s.r.o.)", "adresa": "Starohájska ulica 6755/2, 91701 Trnava, Slovenská republika", "obec": "Trnava", "poistovne": "VŠZP, Union, Dôvera", "opening_hours": "Mo-Fr 08:00-16:00", "aktualizacia": "2023-06-09T12:10:10Z", "osm_healthcare_within_50m": true}}, {"type": "Feature", "geometry": {"type": "Point", "coordinates": [17.6734144, 48.3507778]}, "properties": {"evuc_id": 31551, "druh": "ambulancia všeobecnej ambulantnej zdravotnej starostlivosti", "name": "Všeobecná ambulancia pre dospelých, Zavar, (PREVENTÍVA s.r.o.)", "adresa": "Dom služieb , Hlavná 148/8, 91926 Zavar, Slovenská republika", "obec": "Zavar", "poistovne": "VŠZP, Union, Dôvera", "opening_hours": "Mo 06:30-15:00; Tu 06:30-14:00; We 10:00-16:00; Th 07:00-14:00; Fr 07:00-13:00", "aktualizacia": "2023-06-09T12:10:10Z", "osm_healthcare_within_50m": false}}, {"type": "Feature", "geometry": {"type": "Point", "coordinates": [17.587964, 48.367688]}, "properties": {"evuc_id": 10900, "druh": "ambulancia všeobecnej ambulantnej zdravotnej starostlivosti", "name": "Všeobecná ambulancia pre dospelých, Trnava, (GP - SAEM s.r.o.)", "adresa": "Ulica Andreja Žarnova 8089/13, 91702 Trnava, Slovenská republika", "obec": "Trnava", "poistovne": "VŠZP, Union, Dôvera", "opening_hours": null, "aktualizacia": "2023-06-09T12:10:10Z", "osm_healthcare_within_50m": true}}, {"type": "Feature", "geometry": {"type": "Point", "coordinates": [17.5936197, 48.3793647]}, "properties": {"evuc_id": 11023, "druh": "ambulancia zubného lekárstva", "name": "Ambulancia zubného lekárstva, Trnava, (Family Dental Care - Trnava s.r.o.)", "adresa": "Starohájska ulica 436/1, 91701 Trnava, Slovenská republika", "obec": "Trnava", "poistovne": "VŠZP, Union, Dôvera", "opening_hours": null, "aktualizacia": "2023-06-09T12:10:10Z", "osm_healthcare_within_50m": false}}, {"type": "Feature", "geometry": {"type": "Point", "coordinates": [17.5677493, 48.3695175]}, "properties": {"evuc_id": 10913, "druh": "ambulancia všeobecnej ambulantnej zdravotnej starostlivosti", "name": "Všeobecná ambulancia pre deti a dorast, Trnava, (Pro Vita Nova, spol. s r.o.)", "adresa": "Ulica Mozartova 5906/3, 91708 Trnava, Slovenská republika", "obec": "Trnava", "poistovne": "VŠZP, Union, Dôvera", "opening_hours": null, "aktualizacia": "2023-06-09T12:10:10Z", "osm_healthcare_within_50m": true}}, {"type": "Feature", "geometry": {"type": "Point", "coordinates": [17.5954774, 48.3795586]}, "properties": {"evuc_id": 10872, "druh": "pneumologicko-ftizeologická ambulancia", "name": "Pneumologicko-ftizeologická ambulancia, Trnava, (Pneumo-centrum s.r.o.)", "adresa": "Starohájska ulica 6755/2, 91701 Trnava, Slovenská republika", "obec": "Trnava", "poistovne": "VŠZP, Union, Dôvera", "opening_hours": null, "aktualizacia": "2023-06-09T12:10:10Z", "osm_healthcare_within_50m": true}}, {"type": "Feature", "geometry": {"type": "Point", "coordinates": [17.590621, 48.3733446]}, "properties": {"evuc_id": 10822, "druh": "gynekologicko-pôrodnícka ambulancia", "name": "Gynekologická ambulancia, Trnava, (GYN GROUP, s.r.o.)", "adresa": "Ulica Športová 533/17, 91701 Trnava, Slovenská republika", "obec": "Trnava", "poistovne": "VŠZP, Union, Dôvera", "opening_hours": "Mo 06:30-14:00; Tu 06:30-14:30; We 06:30-14:00; Th 07:00-13:00; Fr 06:30-14:00", "aktualizacia": "2023-06-09T12:10:10Z", "osm_healthcare_within_50m": false}}, {"type": "Feature", "geometry": {"type": "Point", "coordinates": [17.5954774, 48.3795586]}, "properties": {"evuc_id": 10782, "druh": "gynekologicko-pôrodnícka ambulancia", "name": "Gynekologická ambulancia, Trnava, (GYN. CENTRUM, spol. s r.o.)", "adresa": "Starohájska ulica 6755/2, 91701 Trnava, Slovenská republika", "obec": "Trnava", "poistovne": "VŠZP, Union, Dôvera", "opening_hours": "Mo-Fr 06:00-14:00", "aktualizacia": "2023-06-09T12:10:10Z", "osm_healthcare_within_50m": true}}, {"type": "Feature", "geometry": {"type": "Point", "coordinates": [17.6086643, 48.3733896]}, "properties": {"evuc_id": 12031, "druh": "gynekologicko-pôrodnícka ambulancia", "name": "Gynekologická ambulancia, Trnava, (GYNCECH s.r.o)", "adresa": "Ulica Koniarekova 5881/20, 91701 Trnava, Slovenská republika", "obec": "Trnava", "poistovne": "VŠZP, Union, Dôvera", "opening_hours": null, "aktualizacia": "2023-06-09T12:10:10Z", "osm_healthcare_within_50m": false}}, {"type": "Feature", "geometry": {"type": "Point", "coordinates": [17.5954774, 48.3795586]}, "properties": {"evuc_id": 30072, "druh": "ambulancia lekárskej genetiky", "name": "Ambulancia lekárskej genetiky, Trnava, (Génius n.o.)", "adresa": "Starohájska ulica 6755/2, 91701 Trnava, Slovenská republika", "obec": "Trnava", "poistovne": "VŠZP, Union, Dôvera", "opening_hours": null, "aktualizacia": "2023-06-09T12:10:10Z", "osm_healthcare_within_50m": true}}, {"type": "Feature", "geometry": {"type": "Point", "coordinates": [17.588018, 48.367978]}, "properties": {"evuc_id": 34795, "druh": "neurologická ambulancia", "name": "Neurologická ambulancia, Trnava, (HaboMed s. r. o.)", "adresa": "Ulica Andreja Žarnova 8408/14, 91702 Trnava, Slovenská republika", "obec": "Trnava", "poistovne": "VŠZP, Union, Dôvera", "opening_hours": null, "aktualizacia": "2023-06-09T12:10:10Z", "osm_healthcare_within_50m": true}}, {"type": "Feature", "geometry": {"type": "Point", "coordinates": [17.5954774, 48.3795586]}, "properties": {"evuc_id": 11003, "druh": "ambulancia klinickej imunológie a alergológie", "name": "Ambulancia klinickej imunológie a alergológie, Trnava, (IMUNO TT s.r.o.)", "adresa": "Starohájska ulica 6755/2, 91701 Trnava, Slovenská republika", "obec": "Trnava", "poistovne": "VŠZP, Union, Dôvera", "opening_hours": "Mo-Th 07:00-14:00; Fr 07:00-12:00", "aktualizacia": "2023-06-09T12:10:10Z", "osm_healthcare_within_50m": true}}, {"type": "Feature", "geometry": {"type": "Point", "coordinates": [17.5954774, 48.3795586]}, "properties": {"evuc_id": 10836, "druh": "ambulancia vnútorného lekárstva", "name": "Ambulancia vnútorného lekárstva, Trnava, (INTRAREN s.r.o.)", "adresa": "Starohájska ulica 6755/2, 91701 Trnava, Slovenská republika", "obec": "Trnava", "poistovne": "VŠZP, Union", "opening_hours": "Mo-Tu 07:00-15:00; We 07:00-11:00", "aktualizacia": "2023-06-09T12:10:10Z", "osm_healthcare_within_50m": true}}, {"type": "Feature", "geometry": {"type": "Point", "coordinates": [17.5954774, 48.3795586]}, "properties": {"evuc_id": 12009, "druh": "nefrologická ambulancia", "name": "Nefrologická ambulancia, Trnava, (INTRAREN s.r.o.)", "adresa": "Starohájska ulica 6755/2, 91701 Trnava, Slovenská republika", "obec": "Trnava", "poistovne": "VŠZP, Union, Dôvera", "opening_hours": "Th-Fr 07:00-15:00", "aktualizacia": "2023-06-09T12:10:10Z", "osm_healthcare_within_50m": true}}, {"type": "Feature", "geometry": {"type": "Point", "coordinates": [17.4297394, 48.5052798]}, "properties": {"evuc_id": 10859, "druh": "ambulancia všeobecnej ambulantnej zdravotnej starostlivosti", "name": "Všeobecná ambulancia pre dospelých, Smolenice, (IS SOLE, s.r.o.)", "adresa": "SNP 284/97, 91904 Smolenice, Slovenská republika", "obec": "Smolenice", "poistovne": "VŠZP, Union, Dôvera", "opening_hours": "Mo-Fr 07:00-15:30", "aktualizacia": "2023-06-09T12:10:10Z", "osm_healthcare_within_50m": false}}, {"type": "Feature", "geometry": {"type": "Point", "coordinates": [17.5870025, 48.3759101]}, "properties": {"evuc_id": 10799, "druh": "ambulancia diabetológie a porúch látkovej premeny a výživy", "name": "Ambulancia diabetológie a porúch látkovej premeny a výživy, Trnava, (JAL, s.r.o.)", "adresa": "Ulica Trhová 7435/4, 91701 Trnava, Slovenská republika", "obec": "Trnava", "poistovne": "VŠZP, Union, Dôvera", "opening_hours": null, "aktualizacia": "2023-06-09T12:10:10Z", "osm_healthcare_within_50m": false}}, {"type": "Feature", "geometry": {"type": "Point", "coordinates": [17.5954774, 48.3795586]}, "properties": {"evuc_id": 10835, "druh": "gynekologicko-pôrodnícka ambulancia", "name": "Gynekologická a pôrodnícka ambulancia, MUDr. Rudolf Kovačič, Trnava, JANAMED, s.r.o., Trnava, (JANAMED, s.r.o.)", "adresa": "Starohájska ulica 6755/2, 91701 Trnava, Slovenská republika", "obec": "Trnava", "poistovne": "VŠZP, Union, Dôvera", "opening_hours": null, "aktualizacia": "2023-06-09T12:10:10Z", "osm_healthcare_within_50m": true}}, {"type": "Feature", "geometry": {"type": "Point", "coordinates": [17.4297394, 48.5052798]}, "properties": {"evuc_id": 10860, "druh": "oftalmologická ambulancia", "name": "Oftalmologická ambulancia, Smolenice, (JS SINA, s.r.o.)", "adresa": "SNP 284/97, 91904 Smolenice, Slovenská republika", "obec": "Smolenice", "poistovne": "VŠZP, Union, Dôvera", "opening_hours": "Mo-We 11:00-17:00; Fr 11:00-17:00", "aktualizacia": "2023-06-09T12:10:10Z", "osm_healthcare_within_50m": false}}, {"type": "Feature", "geometry": {"type": "Point", "coordinates": [17.5954774, 48.3795586]}, "properties": {"evuc_id": 10878, "druh": "ambulancia všeobecnej ambulantnej zdravotnej starostlivosti", "name": "Všeobecná ambulancia pre dospelých, Trnava, (MED - ART CENTRUM s.r.o.)", "adresa": "Starohájska ulica 6755/2, 91701 Trnava, Slovenská republika", "obec": "Trnava", "poistovne": "VŠZP, Union, Dôvera", "opening_hours": "Mo 07:30-15:00; Tu-We 07:30-14:00; Th 08:00-16:00; Fr 07:30-14:00", "aktualizacia": "2023-06-09T12:10:10Z", "osm_healthcare_within_50m": true}}, {"type": "Feature", "geometry": {"type": "Point", "coordinates": [17.5884941, 48.3796467]}, "properties": {"evuc_id": 10887, "druh": "angiologická ambulancia", "name": "Angiologická ambulancia, Trnava, (MEDENA s.r.o.)", "adresa": "Ulica Jána Hollého 8479/5, 91701 Trnava, Slovenská republika", "obec": "Trnava", "poistovne": "VŠZP, Union, Dôvera", "opening_hours": null, "aktualizacia": "2023-06-09T12:10:10Z", "osm_healthcare_within_50m": false}}, {"type": "Feature", "geometry": {"type": "Point", "coordinates": [17.5622396, 48.3882129]}, "properties": {"evuc_id": 11431, "druh": "ambulancia úrazovej chirurgie", "name": "Ambulancia úrazovej chirurgie, Trnava, (MEDICAN-JAS, s.r.o.)", "adresa": "Orešianska ulica 6940/5, 91701 Trnava, Slovenská republika", "obec": "Trnava", "poistovne": "VŠZP, Union, Dôvera", "opening_hours": null, "aktualizacia": "2023-06-09T12:10:10Z", "osm_healthcare_within_50m": true}}, {"type": "Feature", "geometry": {"type": "Point", "coordinates": [17.5622396, 48.3882129]}, "properties": {"evuc_id": 11430, "druh": "zariadenie na poskytovanie jednodňovej zdravotnej starostlivosti", "name": "Jednodňová zdravotná starostlivosť, chirurgia, Trnava, (MEDICAN-JAS, s.r.o.)", "adresa": "Orešianska ulica 6940/5, 91701 Trnava, Slovenská republika", "obec": "Trnava", "poistovne": "VŠZP, Union, Dôvera", "opening_hours": null, "aktualizacia": "2023-06-09T12:10:10Z", "osm_healthcare_within_50m": true}}, {"type": "Feature", "geometry": {"type": "Point", "coordinates": [17.5622396, 48.3882129]}, "properties": {"evuc_id": 11432, "druh": "zariadenie na poskytovanie jednodňovej zdravotnej starostlivosti", "name": "Jednodňová zdravotná starostlivosť, oftalmológia, Trnava, (MEDICAN-JAS, s.r.o.)", "adresa": "Orešianska ulica 6940/5, 91701 Trnava, Slovenská republika", "obec": "Trnava", "poistovne": "VŠZP, Union, Dôvera", "opening_hours": null, "aktualizacia": "2023-06-09T12:10:10Z", "osm_healthcare_within_50m": true}}, {"type": "Feature", "geometry": {"type": "Point", "coordinates": [17.5954806, 48.3795524]}, "properties": {"evuc_id": 11489, "druh": "zariadenie spoločných vyšetrovacích a liečebných zložiek", "name": "SVaLZ, hematológia a transfuziológia, Trnava, (Medirex, a.s.)", "adresa": "poliklinika Družba, Starohájska 2, 91700 Trnava, Slovenská republika", "obec": "Trnava", "poistovne": "VŠZP, Union, Dôvera", "opening_hours": "Mo-Fr 07:00-15:30", "aktualizacia": "2023-06-09T12:10:10Z", "osm_healthcare_within_50m": true}}, {"type": "Feature", "geometry": {"type": "Point", "coordinates": [17.5954806, 48.3795524]}, "properties": {"evuc_id": 11490, "druh": "zariadenie spoločných vyšetrovacích a liečebných zložiek", "name": "SVaLZ, klinická biochémia, Trnava, (Medirex, a.s.)", "adresa": "poliklinika Družba, Starohájska 2, 91700 Trnava, Slovenská republika", "obec": "Trnava", "poistovne": "VŠZP, Union, Dôvera", "opening_hours": "Mo-Fr 07:00-15:30", "aktualizacia": "2023-06-09T12:10:10Z", "osm_healthcare_within_50m": true}}, {"type": "Feature", "geometry": {"type": "Point", "coordinates": [17.606499, 48.3857622]}, "properties": {"evuc_id": 10813, "druh": "psychiatrická ambulancia", "name": "Psychiatrická ambulancia, Trnava, (MENTALSERVIS, s.r.o.)", "adresa": "Námestie Slov.národ.povstania 270/3, 91701 Trnava, Slovenská republika", "obec": "Trnava", "poistovne": "VŠZP, Union, Dôvera", "opening_hours": "Tu 07:30-14:30; We 07:00-11:00; Th-Fr 07:30-14:30", "aktualizacia": "2023-06-09T12:10:10Z", "osm_healthcare_within_50m": false}}, {"type": "Feature", "geometry": {"type": "Point", "coordinates": [17.582628, 48.357823]}, "properties": {"evuc_id": 26767, "druh": "ambulancia zubného lekárstva", "name": "Ambulancia zubného lekárstva, Trnava, (Family Dental Clinic s.r.o.)", "adresa": "Ulica Limbová 6869/7, 91702 Trnava, Slovenská republika", "obec": "Trnava", "poistovne": "Union, Dôvera", "opening_hours": "Mo 08:00-16:00; Tu 08:00-19:00; We-Th 08:00-16:00; Fr 08:00-12:00", "aktualizacia": "2023-06-09T12:10:10Z", "osm_healthcare_within_50m": true}}, {"type": "Feature", "geometry": {"type": "Point", "coordinates": [17.7184817, 48.3309467]}, "properties": {"evuc_id": 16567, "druh": "ambulancia všeobecnej ambulantnej zdravotnej starostlivosti", "name": "Všeobecná ambulancia pre deti a dorast, Šúrovce, (MUDr. Alena Schuchmannová)", "adresa": "Hlavná 1/22, 91925 Šúrovce, Slovenská republika", "obec": "Šúrovce", "poistovne": "VŠZP, Union, Dôvera", "opening_hours": "Mo 11:45-15:00; Tu 07:30-12:15; Th 07:30-15:00", "aktualizacia": "2023-06-09T12:10:10Z", "osm_healthcare_within_50m": false}}, {"type": "Feature", "geometry": {"type": "Point", "coordinates": [17.5970678, 48.3710791]}, "properties": {"evuc_id": 35096, "druh": "ambulancia fyziatrie, balneológie a liečebnej rehabilitácie", "name": "Ambulancia fyziatrie, balneológie a liečebnej rehabilitácie, Trnava, (PROFYTT s.r.o.)", "adresa": "Ulica Palárikova 6094/1, 91701 Trnava, Slovenská republika", "obec": "Trnava", "poistovne": null, "opening_hours": "Th 13:00-17:00", "aktualizacia": "2023-06-09T12:10:10Z", "osm_healthcare_within_50m": false}}, {"type": "Feature", "geometry": {"type": "Point", "coordinates": [17.5954774, 48.3795586]}, "properties": {"evuc_id": 11115, "druh": "ambulancia klinickej imunológie a alergológie", "name": "Ambulancia klinickej imunológie a alergológie, Trnava, (MUDr. Alexandra Drobná)", "adresa": "Starohájska ulica 6755/2, 91701 Trnava, Slovenská republika", "obec": "Trnava", "poistovne": "VŠZP, Union, Dôvera", "opening_hours": "Mo-Th 07:30-15:30; Fr 07:30-13:00", "aktualizacia": "2023-06-09T12:10:10Z", "osm_healthcare_within_50m": true}}, {"type": "Feature", "geometry": {"type": "Point", "coordinates": [17.5879424, 48.3695664]}, "properties": {"evuc_id": 10832, "druh": "gynekologicko-pôrodnícka ambulancia", "name": "Gynekologická ambulancia, Trnava, (GYNARS, s.r.o.)", "adresa": "Ulica Andreja Žarnova 9601/16, 91702 Trnava, Slovenská republika", "obec": "Trnava", "poistovne": "VŠZP, Union, Dôvera", "opening_hours": "Mo 08:00-16:00; Tu-Fr 07:00-15:00", "aktualizacia": "2023-06-09T12:10:10Z", "osm_healthcare_within_50m": true}}, {"type": "Feature", "geometry": {"type": "Point", "coordinates": [17.6044772, 48.3876866]}, "properties": {"evuc_id": 42114, "druh": "ambulancia zubného lekárstva", "name": "Ambulancia zubného lekárstva, Trnava, (iDentic s. r. o.)", "adresa": "Novomestská ulica 9765/2, 91701 Trnava, Slovenská republika", "obec": "Trnava", "poistovne": "VŠZP, Union", "opening_hours": null, "aktualizacia": "2023-06-09T12:10:10Z", "osm_healthcare_within_50m": true}}, {"type": "Feature", "geometry": {"type": "Point", "coordinates": [17.6059064, 48.350995]}, "properties": {"evuc_id": 11066, "druh": "ambulancia zubného lekárstva", "name": "Ambulancia zubného lekárstva, Trnava, (MUDr. Daniela Rusnáková)", "adresa": "Rajčurská ulica 4121/10, 91705 Trnava, Slovenská republika", "obec": "Trnava", "poistovne": "VŠZP, Dôvera", "opening_hours": null, "aktualizacia": "2023-06-09T12:10:10Z", "osm_healthcare_within_50m": false}}, {"type": "Feature", "geometry": {"type": "Point", "coordinates": [17.5677493, 48.3695175]}, "properties": {"evuc_id": 10941, "druh": "ambulancia všeobecnej ambulantnej zdravotnej starostlivosti", "name": "Všeobecná ambulancia pre dospelých, MUDr. Bc. Viera Dammak, MBA, Trnava, (SORRISSO s.r.o.)", "adresa": "Ulica Mozartova 5906/3, 91708 Trnava, Slovenská republika", "obec": "Trnava", "poistovne": "VŠZP, Union, Dôvera", "opening_hours": "Mo 07:30-13:00; Tu 13:00-16:00; We 07:30-13:00; Th 12:00-16:00; Fr 07:30-13:00", "aktualizacia": "2023-06-09T12:10:10Z", "osm_healthcare_within_50m": true}}, {"type": "Feature", "geometry": {"type": "Point", "coordinates": [17.5677493, 48.3695175]}, "properties": {"evuc_id": 10910, "druh": "ambulancia zubného lekárstva", "name": "Ambulancia zubného lekárstva, Trnava, (STOPI s.r.o.)", "adresa": "Ulica Mozartova 5906/3, 91708 Trnava, Slovenská republika", "obec": "Trnava", "poistovne": "VŠZP, Union, Dôvera", "opening_hours": "Mo-Fr 07:00-13:30", "aktualizacia": "2023-06-09T12:10:10Z", "osm_healthcare_within_50m": true}}, {"type": "Feature", "geometry": {"type": "Point", "coordinates": [17.5954774, 48.3795586]}, "properties": {"evuc_id": 11042, "druh": "dermatovenerologická ambulancia", "name": "Dermatovenerologická ambulancia, Trnava, (MUDr. Darina Péčiová, s.r.o.)", "adresa": "Starohájska ulica 6755/2, 91701 Trnava, Slovenská republika", "obec": "Trnava", "poistovne": "VŠZP, Union, Dôvera", "opening_hours": null, "aktualizacia": "2023-06-09T12:10:10Z", "osm_healthcare_within_50m": true}}, {"type": "Feature", "geometry": {"type": "Point", "coordinates": [17.5954774, 48.3795586]}, "properties": {"evuc_id": 40129, "druh": "ortopedická ambulancia", "name": "Ortopedická ambulancia, Trnava, (Medico Pro s. r. o.)", "adresa": "Starohájska ulica 6755/2, 91701 Trnava, Slovenská republika", "obec": "Trnava", "poistovne": "VŠZP, Union", "opening_hours": null, "aktualizacia": "2023-06-09T12:10:10Z", "osm_healthcare_within_50m": true}}, {"type": "Feature", "geometry": {"type": "Point", "coordinates": [17.6473997, 48.4761986]}, "properties": {"evuc_id": 11024, "druh": "ambulancia všeobecnej ambulantnej zdravotnej starostlivosti", "name": "Všeobecná ambulancia pre dospelých, Jaslovské Bohunice, (MUDr. Eva Ondrišová, s.r.o.)", "adresa": "Zdravotné stredisko, EBO Jaslovske Bohunice, 91930 Jaslovské Bohunice, Slovenská republika", "obec": "Jaslovské Bohunice", "poistovne": "VŠZP, Union, Dôvera", "opening_hours": "Mo 07:00-13:30; Tu 07:00-15:00; We 07:00-16:00; Th 06:45-13:30; Fr 07:00-13:00", "aktualizacia": "2023-06-09T12:10:10Z", "osm_healthcare_within_50m": false}}, {"type": "Feature", "geometry": {"type": "Point", "coordinates": [17.588757, 48.3717831]}, "properties": {"evuc_id": 20488, "druh": "ambulancia všeobecnej ambulantnej zdravotnej starostlivosti", "name": "Všeobecná ambulancia pre dospelých MUDr.Jaroslav Novák, Trnava, (Univerzitná nemocnica - Nemocnica svätého Michala, a. s.)", "adresa": "Centrum podpory Trnava, Kollárova 31, 91702 Trnava, Slovenská republika", "obec": "Trnava", "poistovne": "VŠZP, Union, Dôvera", "opening_hours": null, "aktualizacia": "2023-06-09T12:10:10Z", "osm_healthcare_within_50m": false}}, {"type": "Feature", "geometry": {"type": "Point", "coordinates": [17.4954012, 48.4639859]}, "properties": {"evuc_id": 11045, "druh": "ambulancia všeobecnej ambulantnej zdravotnej starostlivosti", "name": "Všeobecná ambulancia pre deti a dorast, Boleráz, (MUDr. František Uhrovič s.r.o.)", "adresa": "404, 91908 Boleráz, Slovenská republika", "obec": "Boleráz", "poistovne": "VŠZP, Union, Dôvera", "opening_hours": "Mo 07:15-09:45; We 07:15-15:00; Th-Fr 07:15-09:45", "aktualizacia": "2023-06-09T12:10:10Z", "osm_healthcare_within_50m": true}}, {"type": "Feature", "geometry": {"type": "Point", "coordinates": [17.5841402, 48.3762961]}, "properties": {"evuc_id": 33455, "druh": "ambulancia zubného lekárstva", "name": "Ambulancia zubného lekárstva, Trnava, (VIP Family Dentistry s.r.o.)", "adresa": "Ulica Vajanského 8787/37, 91701 Trnava, Slovenská republika", "obec": "Trnava", "poistovne": null, "opening_hours": null, "aktualizacia": "2023-06-09T12:10:10Z", "osm_healthcare_within_50m": false}}, {"type": "Feature", "geometry": {"type": "Point", "coordinates": [17.5690013, 48.3854448]}, "properties": {"evuc_id": 40323, "druh": "zariadenie spoločných vyšetrovacích a liečebných zložiek", "name": "SVaLZ, liečebná rehabilitácia a fyzioterapia porúch vybraných systémov, Trnava, (KALOKA s. r. o.)", "adresa": "Ulica Suchovská 3187/5, 91701 Trnava, Slovenská republika", "obec": "Trnava", "poistovne": null, "opening_hours": "Mo-Th 08:00-20:00; Fr 08:00-19:00", "aktualizacia": "2023-06-09T12:10:10Z", "osm_healthcare_within_50m": false}}, {"type": "Feature", "geometry": {"type": "Point", "coordinates": [17.6079592, 48.3729286]}, "properties": {"evuc_id": 34553, "druh": "dermatovenerologická ambulancia", "name": "Dermatovenerologická ambulancia, Trnava, (RENOVADERM s.r.o.)", "adresa": "Ulica Koniarekova 5880/19, 91701 Trnava, Slovenská republika", "obec": "Trnava", "poistovne": null, "opening_hours": "Mo 12:30-18:30; Tu-We 08:30-13:30; Th-Fr 08:30-12:30", "aktualizacia": "2023-06-09T12:10:10Z", "osm_healthcare_within_50m": false}}, {"type": "Feature", "geometry": {"type": "Point", "coordinates": [17.4828921, 48.412876]}, "properties": {"evuc_id": 10952, "druh": "ambulancia pediatrickej pneumológie a ftizeológie", "name": "Ambulancia pediatrickej pneumológie a ftizeológie, Suchá nad Parnou, (VLIMARK, s.r.o.)", "adresa": "Obvodné zdravotné stredisko,  6, 91901 Suchá nad Parnou, Slovenská republika", "obec": "Suchá nad Parnou", "poistovne": "VŠZP, Union, Dôvera", "opening_hours": null, "aktualizacia": "2023-06-09T12:10:10Z", "osm_healthcare_within_50m": false}}, {"type": "Feature", "geometry": {"type": "Point", "coordinates": [17.5936197, 48.3793647]}, "properties": {"evuc_id": 35394, "druh": "ambulancia zubného lekárstva", "name": "Ambulancia zubného lekárstva, Trnava, (WERNERdent, s.r.o.)", "adresa": "Starohájska ulica 436/1, 91701 Trnava, Slovenská republika", "obec": "Trnava", "poistovne": null, "opening_hours": "Mo 08:00-16:00; Tu 08:00-17:00; We-Th 08:00-16:00; Fr 08:00-15:00", "aktualizacia": "2023-06-09T12:10:10Z", "osm_healthcare_within_50m": false}}, {"type": "Feature", "geometry": {"type": "Point", "coordinates": [17.5883006, 48.3683214]}, "properties": {"evuc_id": 16416, "druh": "ambulancia fyziatrie, balneológie a liečebnej rehabilitácie", "name": "FRO  - fyziatricko- rehabilitačné oddelenie, MUDr Martáková, Trnava, (AGAVE,s.r.o.)", "adresa": "Ulica Andreja Žarnova 7507/11, 91702 Trnava, Slovenská republika", "obec": "Trnava", "poistovne": "VŠZP, Union, Dôvera", "opening_hours": null, "aktualizacia": "2023-06-09T12:10:10Z", "osm_healthcare_within_50m": true}}, {"type": "Feature", "geometry": {"type": "Point", "coordinates": [17.5954774, 48.3795586]}, "properties": {"evuc_id": 11118, "druh": "ambulancia všeobecnej ambulantnej zdravotnej starostlivosti", "name": "Všeobecná ambulancia pre deti a dorast, Trnava, (MUDr. František Bradiak)", "adresa": "Starohájska ulica 6755/2, 91701 Trnava, Slovenská republika", "obec": "Trnava", "poistovne": "VŠZP, Union, Dôvera", "opening_hours": null, "aktualizacia": "2023-06-09T12:10:10Z", "osm_healthcare_within_50m": true}}, {"type": "Feature", "geometry": {"type": "Point", "coordinates": [17.5935604, 48.5442789]}, "properties": {"evuc_id": 11380, "druh": "ambulancia všeobecnej ambulantnej zdravotnej starostlivosti", "name": "Všeobecná ambulancia pre deti a dorast, Dechtice, (Laudatum s.r.o.)", "adresa": "541, 91953 Dechtice, Slovenská republika", "obec": "Dechtice", "poistovne": "VŠZP, Union, Dôvera", "opening_hours": "Mo 07:30-12:00; Th 07:30-12:00", "aktualizacia": "2023-06-09T12:10:10Z", "osm_healthcare_within_50m": true}}, {"type": "Feature", "geometry": {"type": "Point", "coordinates": [17.5954774, 48.3795586]}, "properties": {"evuc_id": 19617, "druh": "ambulancia zubného lekárstva", "name": "Ambulancia zubného lekárstva, Trnava, (D.K.B.A. s.r.o.)", "adresa": "Starohájska ulica 6755/2, 91701 Trnava, Slovenská republika", "obec": "Trnava", "poistovne": "VŠZP, Union, Dôvera", "opening_hours": null, "aktualizacia": "2023-06-09T12:10:10Z", "osm_healthcare_within_50m": true}}, {"type": "Feature", "geometry": {"type": "Point", "coordinates": [17.599659, 48.3843156]}, "properties": {"evuc_id": 28148, "druh": "ambulancia zubného lekárstva", "name": "Ambulancia zubného lekárstva, Trnava, (M - DentalCare, s.r.o.)", "adresa": "Ulica Piešťanská 8188/3, 91701 Trnava, Slovenská republika", "obec": "Trnava", "poistovne": "VŠZP, Union, Dôvera", "opening_hours": null, "aktualizacia": "2023-06-09T12:10:10Z", "osm_healthcare_within_50m": false}}, {"type": "Feature", "geometry": {"type": "Point", "coordinates": [17.5677493, 48.3695175]}, "properties": {"evuc_id": 29988, "druh": "reumatologická ambulancia", "name": "Reumatologická ambulancia, Trnava, (Reumatologicko - rehabilitačné centrum, spol.s.r.o.)", "adresa": "Ulica Mozartova 5906/3, 91708 Trnava, Slovenská republika", "obec": "Trnava", "poistovne": "Union, Dôvera", "opening_hours": "Th 08:00-13:00", "aktualizacia": "2023-06-09T12:10:10Z", "osm_healthcare_within_50m": true}}, {"type": "Feature", "geometry": {"type": "Point", "coordinates": [17.5884941, 48.3796467]}, "properties": {"evuc_id": 10850, "druh": "ambulancia zubného lekárstva", "name": "Ambulancia zubného lekárstva, Trnava, (DENTÁLNE CENTRUM, s.r.o.)", "adresa": "Ulica Jána Hollého 8479/5, 91701 Trnava, Slovenská republika", "obec": "Trnava", "poistovne": null, "opening_hours": "Mo-Th 08:30-16:00; Fr 08:30-13:00", "aktualizacia": "2023-06-09T12:10:10Z", "osm_healthcare_within_50m": false}}, {"type": "Feature", "geometry": {"type": "Point", "coordinates": [17.599659, 48.3843156]}, "properties": {"evuc_id": 34789, "druh": "ambulancia zubno–lekárskej pohotovostnej služby", "name": "Zubno–lekárska pohotovostná služba, Ulica Piešťanská, Trnava, (SK Dental Trnava s.r.o.)", "adresa": "Ulica Piešťanská 8188/3, 91701 Trnava, Slovenská republika", "obec": "Trnava", "poistovne": "VŠZP, Union, Dôvera", "opening_hours": "Mo-Th 17:00-22:00; Fr 15:00-22:00; Sa-Su 10:00-20:00", "aktualizacia": "2023-06-09T12:10:10Z", "osm_healthcare_within_50m": false}}, {"type": "Feature", "geometry": {"type": "Point", "coordinates": [17.5954774, 48.3795586]}, "properties": {"evuc_id": 11010, "druh": "ambulancia zubného lekárstva", "name": "Ambulancia zubného lekárstva, Trnava, (EM - DENT, s.r.o.)", "adresa": "Starohájska ulica 6755/2, 91701 Trnava, Slovenská republika", "obec": "Trnava", "poistovne": "VŠZP, Union, Dôvera", "opening_hours": "Mo-Th 08:00-15:00; Fr 08:00-14:00", "aktualizacia": "2023-06-09T12:10:10Z", "osm_healthcare_within_50m": true}}, {"type": "Feature", "geometry": {"type": "Point", "coordinates": [17.6062561, 48.3886123]}, "properties": {"evuc_id": 43605, "druh": "ambulancia zubno–lekárskej pohotovostnej služby", "name": "Zubno–lekárska pohotovostná služba, Priečna ulica, Trnava, (SK Dental Trnava s.r.o.)", "adresa": "Priečna ulica 9942/4, 91701 Trnava, Slovenská republika", "obec": "Trnava", "poistovne": null, "opening_hours": "Mo-Th 17:00-22:00; Fr 15:00-22:00; Sa-Su 10:00-20:00", "aktualizacia": "2023-06-09T12:10:10Z", "osm_healthcare_within_50m": false}}, {"type": "Feature", "geometry": {"type": "Point", "coordinates": [17.5954774, 48.3795586]}, "properties": {"evuc_id": 34088, "druh": "ambulancia dentálnej hygieny", "name": "Ambulancia dentálnej hygieny, Trnava, (Tadent, s.r.o.)", "adresa": "Starohájska ulica 6755/2, 91701 Trnava, Slovenská republika", "obec": "Trnava", "poistovne": null, "opening_hours": null, "aktualizacia": "2023-06-09T12:10:10Z", "osm_healthcare_within_50m": true}}, {"type": "Feature", "geometry": {"type": "Point", "coordinates": [17.587501, 48.368222]}, "properties": {"evuc_id": 34992, "druh": "chirurgická ambulancia", "name": "Proktologická ambulancia a ambulanica na chirurgickú liečbu morbídnej obezity, Trnava, (Fakultná nemocnica Trnava)", "adresa": "Ulica Andreja Žarnova 7507/11, 91702 Trnava, Slovenská republika", "obec": "Trnava", "poistovne": "VŠZP, Union, Dôvera", "opening_hours": null, "aktualizacia": "2023-06-09T12:10:10Z", "osm_healthcare_within_50m": true}}, {"type": "Feature", "geometry": {"type": "Point", "coordinates": [17.5883355, 48.3683834]}, "properties": {"evuc_id": 10778, "druh": "agentúra domácej ošetrovateľskej starostlivosti", "name": "ADOS, Andreja Žarnova, Trnava, (SALVUS, s.r.o.)", "adresa": "Andreja Žarnova 11, 91700 Trnava, Slovenská republika", "obec": "Trnava", "poistovne": "VŠZP, Union, Dôvera", "opening_hours": null, "aktualizacia": "2023-06-09T12:10:10Z", "osm_healthcare_within_50m": true}}, {"type": "Feature", "geometry": {"type": "Point", "coordinates": [17.586207, 48.3766833]}, "properties": {"evuc_id": 11106, "druh": "ambulancia zubného lekárstva", "name": "Ambulancia zubného lekárstva, Trnava, (MUDr. Jelisaveta Haviarová)", "adresa": "Ulica Hlavná 5/9, 91701 Trnava, Slovenská republika", "obec": "Trnava", "poistovne": null, "opening_hours": "Mo-Th 09:00-16:30; Fr 09:00-13:00", "aktualizacia": "2023-06-09T12:10:10Z", "osm_healthcare_within_50m": true}}, {"type": "Feature", "geometry": {"type": "Point", "coordinates": [17.5954774, 48.3795586]}, "properties": {"evuc_id": 10787, "druh": "ambulancia fyziatrie, balneológie a liečebnej rehabilitácie", "name": "Ambulancia fyziatrie, balneológie a liečebnej rehabilitácie, Trnava, (AGAVE,s.r.o.)", "adresa": "Starohájska ulica 6755/2, 91701 Trnava, Slovenská republika", "obec": "Trnava", "poistovne": "VŠZP, Union, Dôvera", "opening_hours": null, "aktualizacia": "2023-06-09T12:10:10Z", "osm_healthcare_within_50m": true}}, {"type": "Feature", "geometry": {"type": "Point", "coordinates": [17.6564545, 48.3247114]}, "properties": {"evuc_id": 11047, "druh": "ambulancia všeobecnej ambulantnej zdravotnej starostlivosti", "name": "Všeobecná ambulancia pre dospelých, Križovany nad Dudváhom, (SANABITUR, s.r.o.)", "adresa": "1, 91924 Križovany nad Dudváhom, Slovenská republika", "obec": "Križovany nad Dudváhom", "poistovne": "VŠZP, Union, Dôvera", "opening_hours": "Mo 07:00-16:00; We 07:00-14:30; Fr 07:00-14:00", "aktualizacia": "2023-06-09T12:10:10Z", "osm_healthcare_within_50m": true}}, {"type": "Feature", "geometry": {"type": "Point", "coordinates": [17.5954774, 48.3795586]}, "properties": {"evuc_id": 42730, "druh": "ambulancia všeobecnej ambulantnej zdravotnej starostlivosti", "name": "Všeobecná ambulancia pre deti a dorast, Trnava, (Santé RG s. r. o.)", "adresa": "Starohájska ulica 6755/2, 91701 Trnava, Slovenská republika", "obec": "Trnava", "poistovne": "VŠZP, Union, Dôvera", "opening_hours": "Mo-We 07:30-15:00; Th 07:15-14:00; Fr 07:15-13:00", "aktualizacia": "2023-06-09T12:10:10Z", "osm_healthcare_within_50m": true}}, {"type": "Feature", "geometry": {"type": "Point", "coordinates": [17.5954774, 48.3795586]}, "properties": {"evuc_id": 11056, "druh": "ambulancia všeobecnej ambulantnej zdravotnej starostlivosti", "name": "Všeobecná ambulancia pre deti a dorast, Trnava, (MUDr. Jitka Šumichrastová)", "adresa": "Starohájska ulica 6755/2, 91701 Trnava, Slovenská republika", "obec": "Trnava", "poistovne": "VŠZP, Union, Dôvera", "opening_hours": "Mo-Tu 07:00-15:00; We 07:00-13:00; Th 07:00-14:00; Fr 07:00-13:00", "aktualizacia": "2023-06-09T12:10:10Z", "osm_healthcare_within_50m": true}}, {"type": "Feature", "geometry": {"type": "Point", "coordinates": [17.5936197, 48.3793647]}, "properties": {"evuc_id": 43115, "druh": "ambulancia pevnej ambulantnej pohotovostnej služby pre deti a dorast", "name": "Ambulantná pohotovostná služba pre deti a dorast, Starohájska ulica, Trnava, (Zdravá župa, s. r. o.)", "adresa": "Starohájska ulica 436/1, 91701 Trnava, Slovenská republika", "obec": "Trnava", "poistovne": "VŠZP, Union, Dôvera", "opening_hours": null, "aktualizacia": "2023-06-09T12:10:10Z", "osm_healthcare_within_50m": false}}, {"type": "Feature", "geometry": {"type": "Point", "coordinates": [17.5954774, 48.3795586]}, "properties": {"evuc_id": 11101, "druh": "ambulancia vnútorného lekárstva", "name": "Ambulancia vnútorného lekárstva, Trnava, (MUDr. Juraj Jánošík)", "adresa": "Starohájska ulica 6755/2, 91701 Trnava, Slovenská republika", "obec": "Trnava", "poistovne": "VŠZP, Union, Dôvera", "opening_hours": "Mo-Th 08:00-12:30", "aktualizacia": "2023-06-09T12:10:10Z", "osm_healthcare_within_50m": true}}, {"type": "Feature", "geometry": {"type": "Point", "coordinates": [17.5954774, 48.3795586]}, "properties": {"evuc_id": 10846, "druh": "ambulancia nukleárnej medicíny", "name": "Ambulancia nukleárnej medicíny, Trnava, (GAMMALAB, spol. s r.o.)", "adresa": "Starohájska ulica 6755/2, 91701 Trnava, Slovenská republika", "obec": "Trnava", "poistovne": "VŠZP, Union, Dôvera", "opening_hours": "Mo-Fr 07:00-14:30", "aktualizacia": "2023-06-09T12:10:10Z", "osm_healthcare_within_50m": true}}, {"type": "Feature", "geometry": {"type": "Point", "coordinates": [17.5883006, 48.3683214]}, "properties": {"evuc_id": 10794, "druh": "zariadenie spoločných vyšetrovacích a liečebných zložiek", "name": "SVaLZ, hematológia a transfuziológia, Trnava, (AnalytX s.r.o.)", "adresa": "Fakultná nemocnica Trnava, Ulica Andreja Žarnova 7507/11, 91702 Trnava, Slovenská republika", "obec": "Trnava", "poistovne": "VŠZP, Union, Dôvera", "opening_hours": "Mo-Fr 07:30-15:30; Sa-Su 00:00-24:00", "aktualizacia": "2023-06-09T12:10:10Z", "osm_healthcare_within_50m": true}}, {"type": "Feature", "geometry": {"type": "Point", "coordinates": [17.5768724, 48.375625]}, "properties": {"evuc_id": 42981, "druh": "kardiologická ambulancia", "name": "Kardiologická ambulancia, Študentská 3579/16, Trnava, (Zdravá župa, s. r. o.)", "adresa": "Ulica Študentská 3579/16, 91701 Trnava, Slovenská republika", "obec": "Trnava", "poistovne": "VŠZP, Union, Dôvera", "opening_hours": "Mo-Tu 15:00-19:00; We 08:00-18:30; Sa 08:00-18:00", "aktualizacia": "2023-06-09T12:10:10Z", "osm_healthcare_within_50m": true}}, {"type": "Feature", "geometry": {"type": "Point", "coordinates": [17.5954774, 48.3795586]}, "properties": {"evuc_id": 10927, "druh": "ambulancia všeobecnej ambulantnej zdravotnej starostlivosti", "name": "Všeobecná ambulancia pre dospelých, Trnava, (MED-ARCH Centrum, s.r.o.)", "adresa": "Starohájska ulica 6755/2, 91701 Trnava, Slovenská republika", "obec": "Trnava", "poistovne": "VŠZP, Union, Dôvera", "opening_hours": "Mo 07:30-15:00; Tu 07:30-16:00; We 07:30-14:30; Th 07:30-14:00; Fr 07:30-13:00", "aktualizacia": "2023-06-09T12:10:10Z", "osm_healthcare_within_50m": true}}, {"type": "Feature", "geometry": {"type": "Point", "coordinates": [17.5518592, 48.48284]}, "properties": {"evuc_id": 11091, "druh": "ambulancia všeobecnej ambulantnej zdravotnej starostlivosti", "name": "Všeobecná ambulancia pre dospelých, Dolná Krupá, (MUDr. Ján Lančarič)", "adresa": "Nám.L.van Beethovena 139/1, 91965 Dolná Krupá, Slovenská republika", "obec": "Dolná Krupá", "poistovne": "VŠZP, Union, Dôvera", "opening_hours": null, "aktualizacia": "2023-06-09T12:10:10Z", "osm_healthcare_within_50m": true}}, {"type": "Feature", "geometry": {"type": "Point", "coordinates": [17.5954774, 48.3795586]}, "properties": {"evuc_id": 11110, "druh": "kardiologická ambulancia", "name": "Kardiologická ambulancia, Trnava, (MUDr. Mária Gaľová)", "adresa": "Starohájska ulica 6755/2, 91701 Trnava, Slovenská republika", "obec": "Trnava", "poistovne": "VŠZP, Union, Dôvera", "opening_hours": "Mo-Fr 08:00-16:00", "aktualizacia": "2023-06-09T12:10:10Z", "osm_healthcare_within_50m": true}}, {"type": "Feature", "geometry": {"type": "Point", "coordinates": [17.5622396, 48.3882129]}, "properties": {"evuc_id": 10780, "druh": "zariadenie spoločných vyšetrovacích a liečebných zložiek", "name": "SVaLZ, rádiológia, Trnava, (MEDICAN, s.r.o.)", "adresa": "Orešianska ulica 6940/5, 91701 Trnava, Slovenská republika", "obec": "Trnava", "poistovne": "VŠZP, Union, Dôvera", "opening_hours": null, "aktualizacia": "2023-06-09T12:10:10Z", "osm_healthcare_within_50m": true}}, {"type": "Feature", "geometry": {"type": "Point", "coordinates": [17.5954774, 48.3795586]}, "properties": {"evuc_id": 10796, "druh": "zariadenie spoločných vyšetrovacích a liečebných zložiek", "name": "SVaLZ, klinická biochémia, Trnava, (AnalytX s.r.o.)", "adresa": "Starohájska ulica 6755/2, 91701 Trnava, Slovenská republika", "obec": "Trnava", "poistovne": "VŠZP, Union, Dôvera", "opening_hours": "Mo-Fr 07:00-15:30; Sa-Su 00:00-24:00", "aktualizacia": "2023-06-09T12:10:10Z", "osm_healthcare_within_50m": true}}, {"type": "Feature", "geometry": {"type": "Point", "coordinates": [17.5622396, 48.3882129]}, "properties": {"evuc_id": 42107, "druh": "zariadenie spoločných vyšetrovacích a liečebných zložiek", "name": "SVaLZ, rádiológia, Trnava, (MEDICAN, s.r.o.)", "adresa": "Orešianska ulica 6940/5, 91701 Trnava, Slovenská republika", "obec": "Trnava", "poistovne": "VŠZP, Dôvera", "opening_hours": null, "aktualizacia": "2023-06-09T12:10:10Z", "osm_healthcare_within_50m": true}}, {"type": "Feature", "geometry": {"type": "Point", "coordinates": [17.586207, 48.3766833]}, "properties": {"evuc_id": 10902, "druh": "ambulancia zubného lekárstva", "name": "Ambulancia zubného lekárstva, Trnava, (KUK- DENT, s.r.o. (KUK-DENT, spol. s r.o.))", "adresa": "Ulica Hlavná 5/9, 91701 Trnava, Slovenská republika", "obec": "Trnava", "poistovne": null, "opening_hours": "Mo-Fr 08:00-16:00", "aktualizacia": "2023-06-09T12:10:10Z", "osm_healthcare_within_50m": true}}, {"type": "Feature", "geometry": {"type": "Point", "coordinates": [17.5622396, 48.3882129]}, "properties": {"evuc_id": 11429, "druh": "zariadenie na poskytovanie jednodňovej zdravotnej starostlivosti", "name": "Jednodňová zdravotná starostlivosť, ortopédia, Trnava, (MEDICAN-JAS, s.r.o.)", "adresa": "Orešianska ulica 6940/5, 91701 Trnava, Slovenská republika", "obec": "Trnava", "poistovne": "VŠZP, Union, Dôvera", "opening_hours": null, "aktualizacia": "2023-06-09T12:10:10Z", "osm_healthcare_within_50m": true}}, {"type": "Feature", "geometry": {"type": "Point", "coordinates": [17.5875567, 48.3711695]}, "properties": {"evuc_id": 11104, "druh": "ambulancia zubného lekárstva", "name": "Ambulancia zubného lekárstva, Trnava, (MUDr. Stanislav Hlavatovič)", "adresa": "Ulica Andreja Žarnova 5263/7, 91702 Trnava, Slovenská republika", "obec": "Trnava", "poistovne": "VŠZP, Union, Dôvera", "opening_hours": null, "aktualizacia": "2023-06-09T12:10:10Z", "osm_healthcare_within_50m": false}}, {"type": "Feature", "geometry": {"type": "Point", "coordinates": [17.5868791, 48.3724313]}, "properties": {"evuc_id": 16562, "druh": "urologická ambulancia", "name": "Urologická ambulancia, Trnava, (LEGATI, s.r.o.)", "adresa": "Ulica Andreja Žarnova 5260/1, 91702 Trnava, Slovenská republika", "obec": "Trnava", "poistovne": "VŠZP, Union, Dôvera", "opening_hours": "Tu-We 07:30-14:30; Th 07:30-16:30; Fr 07:30-14:30", "aktualizacia": "2023-06-09T12:10:10Z", "osm_healthcare_within_50m": true}}, {"type": "Feature", "geometry": {"type": "Point", "coordinates": [17.599068, 48.365217]}, "properties": {"evuc_id": 41249, "druh": "mobilné odberové miesto", "name": "Mobilné odberové miesto, Trnava, (Saint-Gobain Construction Products, s.r.o.)", "adresa": "Saint-Gobain Construction Products, s.r.o., Ulica Vlárska 44, 91701 Trnava, Slovenská republika", "obec": "Trnava", "poistovne": null, "opening_hours": null, "aktualizacia": "2023-06-09T12:10:10Z", "osm_healthcare_within_50m": false}}, {"type": "Feature", "geometry": {"type": "Point", "coordinates": [17.5954774, 48.3795586]}, "properties": {"evuc_id": 11098, "druh": "urologická ambulancia", "name": "Urologická ambulancia, Trnava, (MUDr. Katarína Stegmannová)", "adresa": "Starohájska ulica 6755/2, 91701 Trnava, Slovenská republika", "obec": "Trnava", "poistovne": "VŠZP, Union, Dôvera", "opening_hours": "Mo-Fr 06:30-14:30", "aktualizacia": "2023-06-09T12:10:10Z", "osm_healthcare_within_50m": true}}, {"type": "Feature", "geometry": {"type": "Point", "coordinates": [17.5954774, 48.3795586]}, "properties": {"evuc_id": 10885, "druh": "oftalmologická ambulancia", "name": "Oftalmologická ambulancia, Trnava, (St. Norbert s. r. o.)", "adresa": "Starohájska ulica 6755/2, 91701 Trnava, Slovenská republika", "obec": "Trnava", "poistovne": "VŠZP, Union, Dôvera", "opening_hours": null, "aktualizacia": "2023-06-09T12:10:10Z", "osm_healthcare_within_50m": true}}, {"type": "Feature", "geometry": {"type": "Point", "coordinates": [17.5868791, 48.3724313]}, "properties": {"evuc_id": 42993, "druh": "ambulancia dentálnej hygieny", "name": "Ambulancia dentálnej hygieny, Trnava, (DentiMay s.r.o.)", "adresa": "Ulica Andreja Žarnova 5260/1, 91702 Trnava, Slovenská republika", "obec": "Trnava", "poistovne": null, "opening_hours": "Mo-Th 08:00-14:00; Fr 08:00-13:00", "aktualizacia": "2023-06-09T12:10:10Z", "osm_healthcare_within_50m": true}}, {"type": "Feature", "geometry": {"type": "Point", "coordinates": [17.5954774, 48.3795586]}, "properties": {"evuc_id": 10920, "druh": "chirurgická ambulancia", "name": "Chirurgická ambulancia, Trnava, (MISTIG, s.r.o.)", "adresa": "Starohájska ulica 6755/2, 91701 Trnava, Slovenská republika", "obec": "Trnava", "poistovne": "VŠZP, Union, Dôvera", "opening_hours": null, "aktualizacia": "2023-06-09T12:10:10Z", "osm_healthcare_within_50m": true}}, {"type": "Feature", "geometry": {"type": "Point", "coordinates": [17.6073148, 48.4399869]}, "properties": {"evuc_id": 11090, "druh": "ambulancia zubného lekárstva", "name": "Ambulancia zubného lekárstva, Špačince, (MUDr. Milada Lančaričová)", "adresa": "Ulička 301/16, 91951 Špačince, Slovenská republika", "obec": "Špačince", "poistovne": "VŠZP, Union, Dôvera", "opening_hours": "Mo-Fr 08:00-14:00", "aktualizacia": "2023-06-09T12:10:10Z", "osm_healthcare_within_50m": false}}, {"type": "Feature", "geometry": {"type": "Point", "coordinates": [17.5677493, 48.3695175]}, "properties": {"evuc_id": 10980, "druh": "ambulancia plastickej chirurgie", "name": "Ambulancia plastickej chirurgie, Trnava, (Dr. Guba, s. r. o.)", "adresa": "Ulica Mozartova 5906/3, 91708 Trnava, Slovenská republika", "obec": "Trnava", "poistovne": null, "opening_hours": "Tu 16:30-18:00", "aktualizacia": "2023-06-09T12:10:10Z", "osm_healthcare_within_50m": true}}, {"type": "Feature", "geometry": {"type": "Point", "coordinates": [17.5518592, 48.48284]}, "properties": {"evuc_id": 11121, "druh": "ambulancia všeobecnej ambulantnej zdravotnej starostlivosti", "name": "Všeobecná ambulancia pre deti a dorast, Dolná Krupá, (MUDr. Milan Bílik)", "adresa": "ObZS, Nám.L.van Beethovena 139/1, 91965 Dolná Krupá, Slovenská republika", "obec": "Dolná Krupá", "poistovne": "VŠZP, Union, Dôvera", "opening_hours": "Mo 07:00-15:00; Tu 07:00-14:00; We 07:00-15:00; Th-Fr 07:00-13:00", "aktualizacia": "2023-06-09T12:10:10Z", "osm_healthcare_within_50m": true}}, {"type": "Feature", "geometry": {"type": "Point", "coordinates": [17.5677493, 48.3695175]}, "properties": {"evuc_id": 10979, "druh": "chirurgická ambulancia", "name": "Chirurgická ambulancia, Trnava, (Dr. Guba, s. r. o.)", "adresa": "Ulica Mozartova 5906/3, 91708 Trnava, Slovenská republika", "obec": "Trnava", "poistovne": null, "opening_hours": "Tu 16:30-18:00", "aktualizacia": "2023-06-09T12:10:10Z", "osm_healthcare_within_50m": true}}, {"type": "Feature", "geometry": {"type": "Point", "coordinates": [17.5954774, 48.3795586]}, "properties": {"evuc_id": 11051, "druh": "ambulancia klinickej imunológie a alergológie", "name": "Ambulancia klinickej imunológie a alergológie, Trnava, (MUDr. Darina Vozatárová)", "adresa": "Starohájska ulica 6755/2, 91701 Trnava, Slovenská republika", "obec": "Trnava", "poistovne": "VŠZP, Union, Dôvera", "opening_hours": "Mo-Th 07:15-15:00; Fr 07:15-12:00", "aktualizacia": "2023-06-09T12:10:10Z", "osm_healthcare_within_50m": true}}, {"type": "Feature", "geometry": {"type": "Point", "coordinates": [17.5954774, 48.3795586]}, "properties": {"evuc_id": 10789, "druh": "chirurgická ambulancia", "name": "Chirurgická ambulancia, Trnava, (SURGERY, spol. s r.o.)", "adresa": "Starohájska ulica 6755/2, 91701 Trnava, Slovenská republika", "obec": "Trnava", "poistovne": "VŠZP, Union, Dôvera", "opening_hours": "Mo-Fr 07:30-15:00", "aktualizacia": "2023-06-09T12:10:10Z", "osm_healthcare_within_50m": true}}, {"type": "Feature", "geometry": {"type": "Point", "coordinates": [17.588796, 48.36801]}, "properties": {"evuc_id": 34983, "druh": "ambulancia klinickej onkológie", "name": "Onkologické centrum FN Trnava, Trnava, (Fakultná nemocnica Trnava)", "adresa": "Ulica Andreja Žarnova 7507/11, 91702 Trnava, Slovenská republika", "obec": "Trnava", "poistovne": "VŠZP, Union, Dôvera", "opening_hours": "Mo-Fr 07:30-14:30", "aktualizacia": "2023-06-09T12:10:10Z", "osm_healthcare_within_50m": true}}, {"type": "Feature", "geometry": {"type": "Point", "coordinates": [17.5883006, 48.3683214]}, "properties": {"evuc_id": 10819, "druh": "nefrologická ambulancia", "name": "Nefrologická ambulancia, Trnava, (FMC - dialyzačné služby, s.r.o.)", "adresa": "FN Trnava - 1,a2,NP, Ulica Andreja Žarnova 7507/11, 91702 Trnava, Slovenská republika", "obec": "Trnava", "poistovne": "VŠZP, Union, Dôvera", "opening_hours": "Mo-Fr 07:00-15:00", "aktualizacia": "2023-06-09T12:10:10Z", "osm_healthcare_within_50m": true}}, {"type": "Feature", "geometry": {"type": "Point", "coordinates": [17.5954774, 48.3795586]}, "properties": {"evuc_id": 11073, "druh": "gynekologicko-pôrodnícka ambulancia", "name": "Gynekologická ambulancia, Trnava, (MUDr. Milan Pikna)", "adresa": "Starohájska ulica 6755/2, 91701 Trnava, Slovenská republika", "obec": "Trnava", "poistovne": "VŠZP, Union, Dôvera", "opening_hours": "Mo-We 07:30-14:30; Th 07:30-13:30; Fr 07:30-14:30", "aktualizacia": "2023-06-09T12:10:10Z", "osm_healthcare_within_50m": true}}, {"type": "Feature", "geometry": {"type": "Point", "coordinates": [17.5883355, 48.3683834]}, "properties": {"evuc_id": 10818, "druh": "stacionár", "name": "Stacionár, nefrológia, Trnava, (FMC - dialyzačné služby, s.r.o.)", "adresa": "Ulica Andreja Žarnova 11, 91700 Trnava, Slovenská republika", "obec": "Trnava", "poistovne": "VŠZP, Union, Dôvera", "opening_hours": null, "aktualizacia": "2023-06-09T12:10:10Z", "osm_healthcare_within_50m": true}}, {"type": "Feature", "geometry": {"type": "Point", "coordinates": [17.5904284, 48.3834406]}, "properties": {"evuc_id": 11120, "druh": "ambulancia zubného lekárstva", "name": "Ambulancia zubného lekárstva, Trnava, (MUDr. Monika Boledovičová)", "adresa": "Námestie Jozefa Herdu 579/1, 91701 Trnava, Slovenská republika", "obec": "Trnava", "poistovne": null, "opening_hours": "Mo-Tu 08:00-14:00; We 10:00-17:00; Th-Fr 08:00-14:00", "aktualizacia": "2023-06-09T12:10:10Z", "osm_healthcare_within_50m": true}}, {"type": "Feature", "geometry": {"type": "Point", "coordinates": [17.588796, 48.36801]}, "properties": {"evuc_id": 37276, "druh": "ambulancia klinickej onkológie", "name": "Onkologické centrum FN Trnava, Trnava, (Fakultná nemocnica Trnava)", "adresa": "Ulica Andreja Žarnova 7507/11, 91702 Trnava, Slovenská republika", "obec": "Trnava", "poistovne": "VŠZP, Union, Dôvera", "opening_hours": "Mo-Fr 07:30-14:30", "aktualizacia": "2023-06-09T12:10:10Z", "osm_healthcare_within_50m": true}}, {"type": "Feature", "geometry": {"type": "Point", "coordinates": [17.5677493, 48.3695175]}, "properties": {"evuc_id": 11077, "druh": "ambulancia všeobecnej ambulantnej zdravotnej starostlivosti", "name": "Všeobecná ambulancia pre deti a dorast, Trnava, (MUDr. Jana Pešková)", "adresa": "Ulica Mozartova 5906/3, 91708 Trnava, Slovenská republika", "obec": "Trnava", "poistovne": "VŠZP, Union, Dôvera", "opening_hours": null, "aktualizacia": "2023-06-09T12:10:10Z", "osm_healthcare_within_50m": true}}, {"type": "Feature", "geometry": {"type": "Point", "coordinates": [17.6075126, 48.3626734]}, "properties": {"evuc_id": 30848, "druh": "ambulancia pracovného lekárstva", "name": "Ambulancia pracovného lekárstva, Trnava, (TeamPrevent Santé s. r. o.)", "adresa": "Ulica Nitrianska 5504/4, 91701 Trnava, Slovenská republika", "obec": "Trnava", "poistovne": null, "opening_hours": null, "aktualizacia": "2023-06-09T12:10:10Z", "osm_healthcare_within_50m": false}}, {"type": "Feature", "geometry": {"type": "Point", "coordinates": [17.588796, 48.36801]}, "properties": {"evuc_id": 37277, "druh": "ambulancia klinickej onkológie", "name": "Onkologické centrum FN Trnava, Trnava, (Fakultná nemocnica Trnava)", "adresa": "Ulica Andreja Žarnova 7507/11, 91702 Trnava, Slovenská republika", "obec": "Trnava", "poistovne": "VŠZP, Union, Dôvera", "opening_hours": "Mo-Fr 07:30-14:30", "aktualizacia": "2023-06-09T12:10:10Z", "osm_healthcare_within_50m": true}}, {"type": "Feature", "geometry": {"type": "Point", "coordinates": [17.5954774, 48.3795586]}, "properties": {"evuc_id": 11085, "druh": "ambulancia všeobecnej ambulantnej zdravotnej starostlivosti", "name": "Všeobecná ambulancia pre deti a dorast, Trnava, (MUDr. Mária Margetáková)", "adresa": "Starohájska ulica 6755/2, 91701 Trnava, Slovenská republika", "obec": "Trnava", "poistovne": "VŠZP, Union, Dôvera", "opening_hours": "Mo 07:30-15:00; Tu 07:30-13:30; We 07:30-17:00; Th-Fr 07:30-13:30", "aktualizacia": "2023-06-09T12:10:10Z", "osm_healthcare_within_50m": true}}, {"type": "Feature", "geometry": {"type": "Point", "coordinates": [17.598556, 48.3888378]}, "properties": {"evuc_id": 11054, "druh": "ambulancia zubného lekárstva", "name": "Ambulancia zubného lekárstva, Trnava, (MUDr. Mária Varačková)", "adresa": "Saleziánska ulica 6542/17, 91701 Trnava, Slovenská republika", "obec": "Trnava", "poistovne": null, "opening_hours": "Mo-Th 08:00-15:00; Fr 08:00-14:00", "aktualizacia": "2023-06-09T12:10:10Z", "osm_healthcare_within_50m": false}}, {"type": "Feature", "geometry": {"type": "Point", "coordinates": [17.6000283, 48.3756311]}, "properties": {"evuc_id": 11074, "druh": "psychiatrická ambulancia", "name": "Psychiatrická ambulancia, Trnava, (MUDr. Soňa Petríková)", "adresa": "Ulica Spartakovská 6846/38, 91701 Trnava, Slovenská republika", "obec": "Trnava", "poistovne": "VŠZP, Union, Dôvera", "opening_hours": "Mo-Th 08:00-17:00; Fr 09:00-13:00", "aktualizacia": "2023-06-09T12:10:10Z", "osm_healthcare_within_50m": false}}, {"type": "Feature", "geometry": {"type": "Point", "coordinates": [17.588687, 48.368666]}, "properties": {"evuc_id": 34996, "druh": "endokrinologická ambulancia", "name": "Endokrinologická ambulancia, MUDr. Andrea Bobályová, Trnava, (Fakultná nemocnica Trnava)", "adresa": "Ulica Andreja Žarnova 7507/11, 91702 Trnava, Slovenská republika", "obec": "Trnava", "poistovne": "VŠZP, Union, Dôvera", "opening_hours": "Mo-Fr 07:00-15:00", "aktualizacia": "2023-06-09T12:10:10Z", "osm_healthcare_within_50m": true}}, {"type": "Feature", "geometry": {"type": "Point", "coordinates": [17.5846327, 48.3790227]}, "properties": {"evuc_id": 11124, "druh": "oftalmologická ambulancia", "name": "Oftalmologická ambulancia, Trnava, (MUDr. Vladimír Bartovic)", "adresa": "Ulica Štefánikova 130/40, 91701 Trnava, Slovenská republika", "obec": "Trnava", "poistovne": null, "opening_hours": "Mo-Tu 09:00-15:30; Th-Fr 09:00-15:30", "aktualizacia": "2023-06-09T12:10:10Z", "osm_healthcare_within_50m": false}}, {"type": "Feature", "geometry": {"type": "Point", "coordinates": [17.5716883, 48.3825617]}, "properties": {"evuc_id": 10981, "druh": "neurologická ambulancia", "name": "Neurologická ambulancia, Trnava, (Neuro Shine, s. r. o.)", "adresa": "Ulica Štefana Moyzesa 3215/25, 91701 Trnava, Slovenská republika", "obec": "Trnava", "poistovne": "VŠZP, Union", "opening_hours": "Tu 08:00-14:00; Th 08:00-14:00", "aktualizacia": "2023-06-09T12:10:10Z", "osm_healthcare_within_50m": false}}, {"type": "Feature", "geometry": {"type": "Point", "coordinates": [17.587618, 48.369056]}, "properties": {"evuc_id": 35004, "druh": "infektologická ambulancia", "name": "Ambulancia pre cudzokrajné choroby a cestovnú medicínu, Trnava, (Fakultná nemocnica Trnava)", "adresa": "Ulica Andreja Žarnova 7507/11, 91702 Trnava, Slovenská republika", "obec": "Trnava", "poistovne": "VŠZP, Union, Dôvera", "opening_hours": null, "aktualizacia": "2023-06-09T12:10:10Z", "osm_healthcare_within_50m": true}}, {"type": "Feature", "geometry": {"type": "Point", "coordinates": [17.6446729, 48.4742933]}, "properties": {"evuc_id": 10930, "druh": "ambulancia zubného lekárstva", "name": "Ambulancia zubného lekárstva, Jaslovské Bohunice, (HAPPY SMILE, s.r.o.)", "adresa": "Sídlisko 337, 91930 Jaslovské Bohunice, Slovenská republika", "obec": "Jaslovské Bohunice", "poistovne": "VŠZP, Union, Dôvera", "opening_hours": null, "aktualizacia": "2023-06-09T12:10:10Z", "osm_healthcare_within_50m": false}}, {"type": "Feature", "geometry": {"type": "Point", "coordinates": [17.5954774, 48.3795586]}, "properties": {"evuc_id": 11081, "druh": "ambulancia klinickej psychológie", "name": "Ambulancia klinickej psychológie, Trnava, (PhDr. Zita Michlerová)", "adresa": "Starohájska ulica 6755/2, 91701 Trnava, Slovenská republika", "obec": "Trnava", "poistovne": "VŠZP, Union, Dôvera", "opening_hours": "Mo-Fr 08:30-16:30", "aktualizacia": "2023-06-09T12:10:10Z", "osm_healthcare_within_50m": true}}, {"type": "Feature", "geometry": {"type": "Point", "coordinates": [17.5883006, 48.3683214]}, "properties": {"evuc_id": 35008, "druh": "oftalmologická ambulancia", "name": "Glaukómová a Retinologická ambulancia, Trnava, (Fakultná nemocnica Trnava)", "adresa": "Ulica Andreja Žarnova 7507/11, 91702 Trnava, Slovenská republika", "obec": "Trnava", "poistovne": "VŠZP, Union, Dôvera", "opening_hours": null, "aktualizacia": "2023-06-09T12:10:10Z", "osm_healthcare_within_50m": true}}, {"type": "Feature", "geometry": {"type": "Point", "coordinates": [17.5954774, 48.3795586]}, "properties": {"evuc_id": 10831, "druh": "ambulancia všeobecnej ambulantnej zdravotnej starostlivosti", "name": "Všeobecná ambulancia pre deti a dorast, Trnava, (PRAKTIC - PEDIATRIC s r.o.)", "adresa": "Starohájska ulica 6755/2, 91701 Trnava, Slovenská republika", "obec": "Trnava", "poistovne": "VŠZP, Union, Dôvera", "opening_hours": "Mo-Tu 07:30-15:00; We 09:00-16:00; Th 07:30-13:30; Fr 07:30-14:30", "aktualizacia": "2023-06-09T12:10:10Z", "osm_healthcare_within_50m": true}}, {"type": "Feature", "geometry": {"type": "Point", "coordinates": [17.5868791, 48.3724313]}, "properties": {"evuc_id": 10894, "druh": "urologická ambulancia", "name": "Urologická ambulancia, Trnava, (URO centrum Trnava, s.r.o.)", "adresa": "Ulica Andreja Žarnova 5260/1, 91702 Trnava, Slovenská republika", "obec": "Trnava", "poistovne": "VŠZP, Union, Dôvera", "opening_hours": "Mo-We 15:00-22:30; Fr 15:00-22:30", "aktualizacia": "2023-06-09T12:10:10Z", "osm_healthcare_within_50m": true}}, {"type": "Feature", "geometry": {"type": "Point", "coordinates": [17.5883006, 48.3683214]}, "properties": {"evuc_id": 35009, "druh": "oftalmologická ambulancia", "name": "Metabolicko - cievna a Mikrochirurgická ambulancia, Trnava, (Fakultná nemocnica Trnava)", "adresa": "Ulica Andreja Žarnova 7507/11, 91702 Trnava, Slovenská republika", "obec": "Trnava", "poistovne": "VŠZP, Union, Dôvera", "opening_hours": null, "aktualizacia": "2023-06-09T12:10:10Z", "osm_healthcare_within_50m": true}}, {"type": "Feature", "geometry": {"type": "Point", "coordinates": [17.5884074, 48.3889902]}, "properties": {"evuc_id": 11105, "druh": "ambulancia zubného lekárstva", "name": "Ambulancia zubného lekárstva, Trnava, (MUDr. Milan Hejduk)", "adresa": "Ulica Školská 8092/28, 91701 Trnava, Slovenská republika", "obec": "Trnava", "poistovne": null, "opening_hours": null, "aktualizacia": "2023-06-09T12:10:10Z", "osm_healthcare_within_50m": false}}, {"type": "Feature", "geometry": {"type": "Point", "coordinates": [17.5907046, 48.376421]}, "properties": {"evuc_id": 10923, "druh": "ambulancia vnútorného lekárstva", "name": "Ambulancia vnútorného lekárstva, Trnava, (VASA-CARE, s.r.o.)", "adresa": "Ulica Halenárska 418/13, 91701 Trnava, Slovenská republika", "obec": "Trnava", "poistovne": "VŠZP, Union, Dôvera", "opening_hours": "Tu 08:00-12:00; Th 08:00-12:00", "aktualizacia": "2023-06-09T12:10:10Z", "osm_healthcare_within_50m": false}}, {"type": "Feature", "geometry": {"type": "Point", "coordinates": [17.5883006, 48.3683214]}, "properties": {"evuc_id": 10917, "druh": "ambulancia cievnej chirurgie", "name": "Ambulancia cievnej chirurgie, Trnava, (VascuFin, s. r. o.)", "adresa": "Ulica Andreja Žarnova 7507/11, 91702 Trnava, Slovenská republika", "obec": "Trnava", "poistovne": "VŠZP, Union, Dôvera", "opening_hours": null, "aktualizacia": "2023-06-09T12:10:10Z", "osm_healthcare_within_50m": true}}, {"type": "Feature", "geometry": {"type": "Point", "coordinates": [17.5969221, 48.3799444]}, "properties": {"evuc_id": 16564, "druh": "ambulancia všeobecnej ambulantnej zdravotnej starostlivosti", "name": "Všeobecná ambulancia pre dospelých, Trnava, (Secret Miga, s. r. o.)", "adresa": "Starohájska ulica 6641/9C, 91701 Trnava, Slovenská republika", "obec": "Trnava", "poistovne": "VŠZP, Union, Dôvera", "opening_hours": null, "aktualizacia": "2023-06-09T12:10:10Z", "osm_healthcare_within_50m": false}}, {"type": "Feature", "geometry": {"type": "Point", "coordinates": [17.5954774, 48.3795586]}, "properties": {"evuc_id": 11114, "druh": "endokrinologická ambulancia", "name": "Endokrinologická ambulancia, Trnava, (MUDr. Viera Frimmelová)", "adresa": "Starohájska ulica 6755/2, 91701 Trnava, Slovenská republika", "obec": "Trnava", "poistovne": "VŠZP, Union, Dôvera", "opening_hours": "Mo-Fr 07:30-15:30", "aktualizacia": "2023-06-09T12:10:10Z", "osm_healthcare_within_50m": true}}, {"type": "Feature", "geometry": {"type": "Point", "coordinates": [17.5890715, 48.376917]}, "properties": {"evuc_id": 11064, "druh": "ambulancia zubného lekárstva", "name": "Ambulancia zubného lekárstva, Trnava, (MUDr. Viktor Stano)", "adresa": "Ulica Dolnopotočná 7374/5, 91701 Trnava, Slovenská republika", "obec": "Trnava", "poistovne": null, "opening_hours": "Mo 08:00-12:00; We 13:00-17:00; Fr 08:00-12:00", "aktualizacia": "2023-06-09T12:10:10Z", "osm_healthcare_within_50m": false}}, {"type": "Feature", "geometry": {"type": "Point", "coordinates": [17.6564545, 48.3247114]}, "properties": {"evuc_id": 10869, "druh": "ambulancia zubného lekárstva", "name": "Ambulancia zubného lekárstva, Križovany nad Dudváhom, (SHENMEN s.r.o.)", "adresa": "1, 91924 Križovany nad Dudváhom, Slovenská republika", "obec": "Križovany nad Dudváhom", "poistovne": "VŠZP, Union, Dôvera", "opening_hours": "Mo 07:30-14:00; Tu 07:30-12:00; We 07:30-14:00; Th-Fr 07:30-12:00", "aktualizacia": "2023-06-09T12:10:10Z", "osm_healthcare_within_50m": true}}, {"type": "Feature", "geometry": {"type": "Point", "coordinates": [17.6564545, 48.3247114]}, "properties": {"evuc_id": 20005, "druh": "ambulancia čeľustnej ortopédie", "name": "Ambulancia čeľustnej ortopédie, Križovany nad Dudváhom, (SHENMEN s.r.o.)", "adresa": "1, 91924 Križovany nad Dudváhom, Slovenská republika", "obec": "Križovany nad Dudváhom", "poistovne": "VŠZP, Union, Dôvera", "opening_hours": "Tu 12:00-14:00; Th 12:00-14:00; Fr 12:00-13:00", "aktualizacia": "2023-06-09T12:10:10Z", "osm_healthcare_within_50m": true}}, {"type": "Feature", "geometry": {"type": "Point", "coordinates": [17.582628, 48.357823]}, "properties": {"evuc_id": 11057, "druh": "ambulancia všeobecnej ambulantnej zdravotnej starostlivosti", "name": "Všeobecná ambulancia pre dospelých, Trnava, (MUDr. Ľudmila Šlosárová)", "adresa": "Ulica Limbová 6869/7, 91702 Trnava, Slovenská republika", "obec": "Trnava", "poistovne": "VŠZP, Union, Dôvera", "opening_hours": "Mo-Fr 07:00-16:00", "aktualizacia": "2023-06-09T12:10:10Z", "osm_healthcare_within_50m": true}}, {"type": "Feature", "geometry": {"type": "Point", "coordinates": [17.6204954, 48.3624442]}, "properties": {"evuc_id": 28444, "druh": "zariadenie spoločných vyšetrovacích a liečebných zložiek", "name": "SVaLZ, fyziatria, balneológia a liečebná rehabilitácia, Trnava, (MDclinic a.s.)", "adresa": "Automobilová ulica 1, 91701 Trnava, Slovenská republika", "obec": "Trnava", "poistovne": null, "opening_hours": null, "aktualizacia": "2023-06-09T12:10:10Z", "osm_healthcare_within_50m": false}}, {"type": "Feature", "geometry": {"type": "Point", "coordinates": [17.5954774, 48.3795586]}, "properties": {"evuc_id": 11027, "druh": "ambulancia zubného lekárstva", "name": "Ambulancia zubného lekárstva, Trnava, (MUDr. Zuzana Uherčíková, s.r.o.)", "adresa": "Starohájska ulica 6755/2, 91701 Trnava, Slovenská republika", "obec": "Trnava", "poistovne": "VŠZP, Union, Dôvera", "opening_hours": "Mo-Fr 08:00-16:00", "aktualizacia": "2023-06-09T12:10:10Z", "osm_healthcare_within_50m": true}}, {"type": "Feature", "geometry": {"type": "Point", "coordinates": [17.5768724, 48.375625]}, "properties": {"evuc_id": 42717, "druh": "ambulancia všeobecnej ambulantnej zdravotnej starostlivosti", "name": "Všeobecná ambulancia pre dospelých, Trnava, (Zdravá župa, s. r. o.)", "adresa": "Ulica Študentská 3579/16, 91701 Trnava, Slovenská republika", "obec": "Trnava", "poistovne": "VŠZP, Union, Dôvera", "opening_hours": "Mo-Th 07:00-19:00; Fr 07:00-16:00", "aktualizacia": "2023-06-09T12:10:10Z", "osm_healthcare_within_50m": true}}, {"type": "Feature", "geometry": {"type": "Point", "coordinates": [17.5954774, 48.3795586]}, "properties": {"evuc_id": 10896, "druh": "oftalmologická ambulancia", "name": "Oftalmologická ambulancia, Trnava, (NeoVízia Trnava s. r. o.)", "adresa": "Starohájska ulica 6755/2, 91701 Trnava, Slovenská republika", "obec": "Trnava", "poistovne": "VŠZP, Union, Dôvera", "opening_hours": null, "aktualizacia": "2023-06-09T12:10:10Z", "osm_healthcare_within_50m": true}}, {"type": "Feature", "geometry": {"type": "Point", "coordinates": [17.5954774, 48.3795586]}, "properties": {"evuc_id": 11033, "druh": "gynekologicko-pôrodnícka ambulancia", "name": "Gynekologická ambulancia, Trnava, (MUDr. Ľubor Péči, s.r.o.)", "adresa": "Starohájska ulica 6755/2, 91701 Trnava, Slovenská republika", "obec": "Trnava", "poistovne": "VŠZP, Union, Dôvera", "opening_hours": "Mo-Fr 07:00-15:00", "aktualizacia": "2023-06-09T12:10:10Z", "osm_healthcare_within_50m": true}}, {"type": "Feature", "geometry": {"type": "Point", "coordinates": [17.5954774, 48.3795586]}, "properties": {"evuc_id": 43795, "druh": "ambulancia všeobecnej ambulantnej zdravotnej starostlivosti", "name": "Všeobecná ambulancia pre deti a dorast, Trnava, (ZH Pediater s. r. o.)", "adresa": "Starohájska ulica 6755/2, 91701 Trnava, Slovenská republika", "obec": "Trnava", "poistovne": "VŠZP, Union, Dôvera", "opening_hours": null, "aktualizacia": "2023-06-09T12:10:10Z", "osm_healthcare_within_50m": true}}, {"type": "Feature", "geometry": {"type": "Point", "coordinates": [17.5954774, 48.3795586]}, "properties": {"evuc_id": 10954, "druh": "ambulancia všeobecnej ambulantnej zdravotnej starostlivosti", "name": "Všeobecná ambulancia pre dospelých, Trnava, (VIVA praktik, s.r.o.)", "adresa": "Starohájska ulica 6755/2, 91701 Trnava, Slovenská republika", "obec": "Trnava", "poistovne": "VŠZP, Union, Dôvera", "opening_hours": "Mo 06:30-15:00; Tu 06:30-14:00; We 10:00-17:00; Th 07:00-14:00; Fr 07:00-12:00", "aktualizacia": "2023-06-09T12:10:10Z", "osm_healthcare_within_50m": true}}, {"type": "Feature", "geometry": {"type": "Point", "coordinates": [17.5954774, 48.3795586]}, "properties": {"evuc_id": 42932, "druh": "otorinolaryngologická ambulancia", "name": "Otorinolaryngologická ambulancia, Trnava, (RHINO, s.r.o.)", "adresa": "Starohájska ulica 6755/2, 91701 Trnava, Slovenská republika", "obec": "Trnava", "poistovne": "VŠZP, Union, Dôvera", "opening_hours": "Mo-We 06:00-15:00; Th-Fr 06:00-07:30", "aktualizacia": "2023-06-09T12:10:10Z", "osm_healthcare_within_50m": true}}, {"type": "Feature", "geometry": {"type": "Point", "coordinates": [17.592302, 48.3782158]}, "properties": {"evuc_id": 10925, "druh": "oftalmologická ambulancia", "name": "Oftalmologická ambulancia, Trnava, (OFTA s.r.o.)", "adresa": "Ulica Kapitulská 444/2, 91701 Trnava, Slovenská republika", "obec": "Trnava", "poistovne": null, "opening_hours": "Mo-Fr 08:00-15:30", "aktualizacia": "2023-06-09T12:10:10Z", "osm_healthcare_within_50m": false}}, {"type": "Feature", "geometry": {"type": "Point", "coordinates": [17.578491, 48.3761148]}, "properties": {"evuc_id": 40539, "druh": "ambulancia zubného lekárstva", "name": "Ambulancia zubného lekárstva, Trnava, (PDG Dent s. r. o.)", "adresa": "Ulica Komenského 3477/1, 91701 Trnava, Slovenská republika", "obec": "Trnava", "poistovne": "VŠZP, Union, Dôvera", "opening_hours": null, "aktualizacia": "2023-06-09T12:10:10Z", "osm_healthcare_within_50m": false}}, {"type": "Feature", "geometry": {"type": "Point", "coordinates": [17.5954774, 48.3795586]}, "properties": {"evuc_id": 11046, "druh": "ambulancia vnútorného lekárstva", "name": "Ambulancia vnútorného lekárstva, Trnava, (NIOX, s.r.o.)", "adresa": "Starohájska ulica 6755/2, 91701 Trnava, Slovenská republika", "obec": "Trnava", "poistovne": "VŠZP, Union, Dôvera", "opening_hours": null, "aktualizacia": "2023-06-09T12:10:10Z", "osm_healthcare_within_50m": true}}, {"type": "Feature", "geometry": {"type": "Point", "coordinates": [17.5830191, 48.3788296]}, "properties": {"evuc_id": 37262, "druh": "ambulancia zubného lekárstva", "name": "Ambulancia zubného lekárstva, Trnava, (Zdent clinic s. r. o.)", "adresa": "Ulica Františkánska 7538/6, 91701 Trnava, Slovenská republika", "obec": "Trnava", "poistovne": null, "opening_hours": "Mo 10:00-18:00; Tu 07:30-16:00; We 07:30-16:30; Th 10:00-18:00; Fr 07:30-15:00", "aktualizacia": "2023-06-09T12:10:10Z", "osm_healthcare_within_50m": false}}, {"type": "Feature", "geometry": {"type": "Point", "coordinates": [17.5954774, 48.3795586]}, "properties": {"evuc_id": 10987, "druh": "zariadenie spoločných vyšetrovacích a liečebných zložiek", "name": "SVaLZ, rádiológia, Trnava, (PHARMACY - HC, spol. s r.o.)", "adresa": "Starohájska ulica 6755/2, 91701 Trnava, Slovenská republika", "obec": "Trnava", "poistovne": "VŠZP, Union, Dôvera", "opening_hours": null, "aktualizacia": "2023-06-09T12:10:10Z", "osm_healthcare_within_50m": true}}, {"type": "Feature", "geometry": {"type": "Point", "coordinates": [17.5954774, 48.3795586]}, "properties": {"evuc_id": 33952, "druh": "ambulancia čeľustnej ortopédie", "name": "Ambulancia čeľustnej ortopédie, Trnava, (3D ortodoncia, s.r.o.)", "adresa": "Starohájska ulica 6755/2, 91701 Trnava, Slovenská republika", "obec": "Trnava", "poistovne": "VŠZP, Union, Dôvera", "opening_hours": "Mo-Tu 08:00-15:00; We 08:00-18:00; Th 08:00-17:00", "aktualizacia": "2023-06-09T12:10:10Z", "osm_healthcare_within_50m": true}}, {"type": "Feature", "geometry": {"type": "Point", "coordinates": [17.5925639, 48.3776173]}, "properties": {"evuc_id": 11116, "druh": "ambulancia klinickej psychológie", "name": "Ambulancia klinickej psychológie, Trnava, (PhDr. Denisa Demovičová)", "adresa": "Ulica Kapitulská 448/6, 91701 Trnava, Slovenská republika", "obec": "Trnava", "poistovne": null, "opening_hours": null, "aktualizacia": "2023-06-09T12:10:10Z", "osm_healthcare_within_50m": false}}, {"type": "Feature", "geometry": {"type": "Point", "coordinates": [17.606499, 48.3857622]}, "properties": {"evuc_id": 31647, "druh": "neurologická ambulancia", "name": "Neurologická ambulancia, Trnava, (Neuro Trnava, s.r.o.)", "adresa": "Námestie Slov.národ.povstania 270/3, 91701 Trnava, Slovenská republika", "obec": "Trnava", "poistovne": "VŠZP, Union, Dôvera", "opening_hours": null, "aktualizacia": "2023-06-09T12:10:10Z", "osm_healthcare_within_50m": false}}, {"type": "Feature", "geometry": {"type": "Point", "coordinates": [17.599659, 48.3843156]}, "properties": {"evuc_id": 34472, "druh": "psychiatrická ambulancia", "name": "Psychiatrická ambulancia, Trnava, (PSYCH-MED s.r.o.)", "adresa": "BC AQUAPOLIS, Ulica Piešťanská 8188/3, 91701 Trnava, Slovenská republika", "obec": "Trnava", "poistovne": null, "opening_hours": null, "aktualizacia": "2023-06-09T12:10:10Z", "osm_healthcare_within_50m": false}}, {"type": "Feature", "geometry": {"type": "Point", "coordinates": [17.592889, 48.3765946]}, "properties": {"evuc_id": 10870, "druh": "agentúra domácej ošetrovateľskej starostlivosti", "name": "ADOS, Ulica Kapitulská, Trnava, (ADOSKA, s.r.o.)", "adresa": "Ulica Kapitulská 455/13, 91701 Trnava, Slovenská republika", "obec": "Trnava", "poistovne": "VŠZP, Union, Dôvera", "opening_hours": null, "aktualizacia": "2023-06-09T12:10:10Z", "osm_healthcare_within_50m": false}}, {"type": "Feature", "geometry": {"type": "Point", "coordinates": [17.588235, 48.3710168]}, "properties": {"evuc_id": 42508, "druh": "pneumologicko-ftizeologická ambulancia", "name": "Pneumologicko-ftizeologická ambulancia, Trnava, (Pulmonar s. r. o.)", "adresa": "Ulica Klempova 9462/4, 91701 Trnava, Slovenská republika", "obec": "Trnava", "poistovne": "VŠZP, Union, Dôvera", "opening_hours": "Mo 06:30-13:00; Tu 07:00-14:00; We 06:30-13:30; Th 07:00-14:00; Fr 06:30-13:00", "aktualizacia": "2023-06-09T12:10:10Z", "osm_healthcare_within_50m": false}}, {"type": "Feature", "geometry": {"type": "Point", "coordinates": [17.5801393, 48.376316]}, "properties": {"evuc_id": 10877, "druh": "ambulancia všeobecnej ambulantnej zdravotnej starostlivosti", "name": "Všeobecná ambulancia pre dospelých, Trnava, (Ambulancia Praktikom s.r.o.)", "adresa": "Ulica Študentská 3575/8, 91701 Trnava, Slovenská republika", "obec": "Trnava", "poistovne": "VŠZP, Union, Dôvera", "opening_hours": null, "aktualizacia": "2023-06-09T12:10:10Z", "osm_healthcare_within_50m": true}}, {"type": "Feature", "geometry": {"type": "Point", "coordinates": [17.606499, 48.3857622]}, "properties": {"evuc_id": 31785, "druh": "stacionár", "name": "Stacionár, neurológia, Trnava, (Neuro Trnava, s.r.o.)", "adresa": "Námestie Slov.národ.povstania 270/3, 91701 Trnava, Slovenská republika", "obec": "Trnava", "poistovne": null, "opening_hours": null, "aktualizacia": "2023-06-09T12:10:10Z", "osm_healthcare_within_50m": false}}, {"type": "Feature", "geometry": {"type": "Point", "coordinates": [17.7184817, 48.3309467]}, "properties": {"evuc_id": 10936, "druh": "ambulancia všeobecnej ambulantnej zdravotnej starostlivosti", "name": "Všeobecná ambulancia pre dospelých, Šúrovce, (Z.V.U.K, s.r.o.)", "adresa": "Hlavná 1/22, 91925 Šúrovce, Slovenská republika", "obec": "Šúrovce", "poistovne": "VŠZP, Union, Dôvera", "opening_hours": "Mo-Fr 07:30-13:30", "aktualizacia": "2023-06-09T12:10:10Z", "osm_healthcare_within_50m": false}}, {"type": "Feature", "geometry": {"type": "Point", "coordinates": [17.5885745, 48.38311]}, "properties": {"evuc_id": 31457, "druh": "ambulancia poradenskej psychológie", "name": "Ambulancia poradenskej psychológie, Trnava, (Trnavská univerzita v Trnave)", "adresa": "Ulica Rybníková 580/13, 91701 Trnava, Slovenská republika", "obec": "Trnava", "poistovne": null, "opening_hours": null, "aktualizacia": "2023-06-09T12:10:10Z", "osm_healthcare_within_50m": false}}, {"type": "Feature", "geometry": {"type": "Point", "coordinates": [17.5954774, 48.3795586]}, "properties": {"evuc_id": 10826, "druh": "neurologická ambulancia", "name": "Neurologická ambulancia, Trnava, (NEURO-MED s.r.o.)", "adresa": "Starohájska ulica 6755/2, 91701 Trnava, Slovenská republika", "obec": "Trnava", "poistovne": "VŠZP, Union, Dôvera", "opening_hours": null, "aktualizacia": "2023-06-09T12:10:10Z", "osm_healthcare_within_50m": true}}, {"type": "Feature", "geometry": {"type": "Point", "coordinates": [17.5954774, 48.3795586]}, "properties": {"evuc_id": 11004, "druh": "ambulancia zubného lekárstva", "name": "Ambulancia zubného lekárstva, Trnava, (ARRIDENS s.r.o.)", "adresa": "Starohájska ulica 6755/2, 91701 Trnava, Slovenská republika", "obec": "Trnava", "poistovne": "VŠZP, Dôvera", "opening_hours": "Mo-Th 07:30-14:00; Fr 07:30-13:00", "aktualizacia": "2023-06-09T12:10:10Z", "osm_healthcare_within_50m": true}}, {"type": "Feature", "geometry": {"type": "Point", "coordinates": [17.5622396, 48.3882129]}, "properties": {"evuc_id": 42719, "druh": "ambulancia neurochirurgická", "name": "Ambulancia neurochirurgická, Trnava, (NeuroSpine s.r.o.)", "adresa": "Orešianska ulica 6940/5, 91701 Trnava, Slovenská republika", "obec": "Trnava", "poistovne": null, "opening_hours": null, "aktualizacia": "2023-06-09T12:10:10Z", "osm_healthcare_within_50m": true}}, {"type": "Feature", "geometry": {"type": "Point", "coordinates": [17.5803224, 48.3711243]}, "properties": {"evuc_id": 10874, "druh": "ambulancia zubného lekárstva", "name": "Ambulancia zubného lekárstva, Trnava, (Aspadit Dental, spol. s r.o.)", "adresa": "Ulica Ferka Urbánka 19, 91701 Trnava, Slovenská republika", "obec": "Trnava", "poistovne": "VŠZP, Union, Dôvera", "opening_hours": null, "aktualizacia": "2023-06-09T12:10:10Z", "osm_healthcare_within_50m": false}}, {"type": "Feature", "geometry": {"type": "Point", "coordinates": [17.4828921, 48.412876]}, "properties": {"evuc_id": 10951, "druh": "ambulancia všeobecnej ambulantnej zdravotnej starostlivosti", "name": "Všeobecná ambulancia pre deti a dorast, Suchá nad Parnou, (VLIMARK, s.r.o.)", "adresa": "6, 91901 Suchá nad Parnou, Slovenská republika", "obec": "Suchá nad Parnou", "poistovne": "VŠZP, Union, Dôvera", "opening_hours": "Mo 06:45-15:00; Tu 06:45-14:00; We 12:30-18:00; Th 06:45-13:30; Fr 06:45-14:00", "aktualizacia": "2023-06-09T12:10:10Z", "osm_healthcare_within_50m": false}}, {"type": "Feature", "geometry": {"type": "Point", "coordinates": [17.5954774, 48.3795586]}, "properties": {"evuc_id": 43477, "druh": "ambulancia klinickej imunológie a alergológie", "name": "Ambulancia klinickej imunológie a alergológie, Trnava, (ZLATOŠ s. r. o.)", "adresa": "Starohájska ulica 6755/2, 91701 Trnava, Slovenská republika", "obec": "Trnava", "poistovne": "VŠZP, Union, Dôvera", "opening_hours": "Mo 09:30-15:30; Tu-Th 07:30-15:30; Fr 07:30-15:00", "aktualizacia": "2023-06-09T12:10:10Z", "osm_healthcare_within_50m": true}}, {"type": "Feature", "geometry": {"type": "Point", "coordinates": [17.5941572, 48.3672356]}, "properties": {"evuc_id": 10875, "druh": "ambulancia zubného lekárstva", "name": "Ambulancia zubného lekárstva, Trnava, (Aspadit Dental, spol. s r.o.)", "adresa": "Ulica Tamaškovičova 2742/17, 91701 Trnava, Slovenská republika", "obec": "Trnava", "poistovne": "Union", "opening_hours": null, "aktualizacia": "2023-06-09T12:10:10Z", "osm_healthcare_within_50m": true}}, {"type": "Feature", "geometry": {"type": "Point", "coordinates": [17.5936197, 48.3793647]}, "properties": {"evuc_id": 37557, "druh": "ambulancia dentálnej hygieny", "name": "Ambulancia dentálnej hygieny, Trnava, (Bc. Peter Kramárik)", "adresa": "Starohájska ulica 436/1, 91701 Trnava, Slovenská republika", "obec": "Trnava", "poistovne": null, "opening_hours": null, "aktualizacia": "2023-06-09T12:10:10Z", "osm_healthcare_within_50m": false}}, {"type": "Feature", "geometry": {"type": "Point", "coordinates": [17.5954774, 48.3795586]}, "properties": {"evuc_id": 10994, "druh": "ambulancia všeobecnej ambulantnej zdravotnej starostlivosti", "name": "Všeobecná ambulancia pre deti a dorast, Trnava, (AK-Medik, s.r.o.)", "adresa": "Starohájska ulica 6755/2, 91701 Trnava, Slovenská republika", "obec": "Trnava", "poistovne": "VŠZP, Union, Dôvera", "opening_hours": "Mo 07:30-15:00; Tu 07:30-14:30; We 08:00-16:00; Th 07:30-14:00; Fr 07:30-13:30", "aktualizacia": "2023-06-09T12:10:10Z", "osm_healthcare_within_50m": true}}, {"type": "Feature", "geometry": {"type": "Point", "coordinates": [17.5870233, 48.3786486]}, "properties": {"evuc_id": 19759, "druh": "ambulancia plastickej chirurgie", "name": "Ambulancia plastickej chirurgie, Trnava, (Belleza s.r.o.)", "adresa": "U Kráľa Ľudovíta - 1. poschodie, Hornopotočná 1, 91701 Trnava, Slovenská republika", "obec": "Trnava", "poistovne": "VŠZP, Union, Dôvera", "opening_hours": "Mo-Fr 08:00-16:00", "aktualizacia": "2023-06-09T12:10:10Z", "osm_healthcare_within_50m": true}}, {"type": "Feature", "geometry": {"type": "Point", "coordinates": [17.5677493, 48.3695175]}, "properties": {"evuc_id": 10933, "druh": "ambulancia všeobecnej ambulantnej zdravotnej starostlivosti", "name": "Všeobecná ambulancia pre dospelých, Trnava, (MEDISTAP s.r.o.)", "adresa": "Ulica Mozartova 5906/3, 91708 Trnava, Slovenská republika", "obec": "Trnava", "poistovne": "VŠZP, Union, Dôvera", "opening_hours": "Mo 07:00-15:00; Tu 08:00-16:00; We 07:00-15:00; Th 07:00-14:00; Fr 07:00-13:00", "aktualizacia": "2023-06-09T12:10:10Z", "osm_healthcare_within_50m": true}}, {"type": "Feature", "geometry": {"type": "Point", "coordinates": [17.597022, 48.379419]}, "properties": {"evuc_id": 10893, "druh": "ambulancia zubného lekárstva", "name": "Ambulancia zubného lekárstva, Trnava, (SANUS DENTIS s.r.o.)", "adresa": "Starohájska ulica 8180/9B, 91701 Trnava, Slovenská republika", "obec": "Trnava", "poistovne": "VŠZP, Dôvera", "opening_hours": "Mo-Th 08:00-14:00; Fr 08:00-12:00", "aktualizacia": "2023-06-09T12:10:10Z", "osm_healthcare_within_50m": false}}, {"type": "Feature", "geometry": {"type": "Point", "coordinates": [17.5794964, 48.3792416]}, "properties": {"evuc_id": 37341, "druh": "ambulancia klinickej psychológie", "name": "Ambulancia klinickej psychológie, Trnava, (CDD (Centre for Developmental Disorders) s. r. o.)", "adresa": "Ulica Kalinčiakova 3358/29, 91701 Trnava, Slovenská republika", "obec": "Trnava", "poistovne": null, "opening_hours": null, "aktualizacia": "2023-06-09T12:10:10Z", "osm_healthcare_within_50m": false}}, {"type": "Feature", "geometry": {"type": "Point", "coordinates": [17.5883006, 48.3683214]}, "properties": {"evuc_id": 42978, "druh": "mobilné odberové miesto", "name": "Mobilné odberové miesto, Trnava, (AnalytX s.r.o.)", "adresa": "mobilné unimobunky v zadnej časti areálu Fakultnej nemocnice v Trnave, Ulica Andreja Žarnova 7507/11, 91702 Trnava, Slovenská republika", "obec": "Trnava", "poistovne": null, "opening_hours": "Mo-Fr 08:00-10:00", "aktualizacia": "2023-06-09T12:10:10Z", "osm_healthcare_within_50m": true}}, {"type": "Feature", "geometry": {"type": "Point", "coordinates": [17.6086643, 48.3733896]}, "properties": {"evuc_id": 33512, "druh": "ambulancia vnútorného lekárstva", "name": "Ambulancia vnútorného lekárstva, Sapienza s.r.o., Trnava, (Sapienza s.r.o.)", "adresa": "Ulica Koniarekova 5881/20, 91701 Trnava, Slovenská republika", "obec": "Trnava", "poistovne": "VŠZP, Union, Dôvera", "opening_hours": "Mo-Tu 07:00-14:30; We 07:00-14:00; Th 07:00-13:00; Fr 08:00-10:00", "aktualizacia": "2023-06-09T12:10:10Z", "osm_healthcare_within_50m": false}}, {"type": "Feature", "geometry": {"type": "Point", "coordinates": [17.7175724, 48.3318862]}, "properties": {"evuc_id": 35397, "druh": "zariadenie spoločných vyšetrovacích a liečebných zložiek", "name": "SVaLZ, liečebná rehabilitácia a fyzioterapia porúch vybraných systémov, Šúrovce, (Centrum rehabilitácie Miroslava Náhlika - CEREMINA, n.o.)", "adresa": "Hlavná 11/6, 91925 Šúrovce, Slovenská republika", "obec": "Šúrovce", "poistovne": null, "opening_hours": null, "aktualizacia": "2023-06-09T12:10:10Z", "osm_healthcare_within_50m": false}}, {"type": "Feature", "geometry": {"type": "Point", "coordinates": [17.486568, 48.4109431]}, "properties": {"evuc_id": 11026, "druh": "ambulancia všeobecnej ambulantnej zdravotnej starostlivosti", "name": "Všeobecná ambulancia pre dospelých, Suchá nad Parnou, (BEAMEDIC s.r.o.)", "adresa": "66, 91901 Suchá nad Parnou, Slovenská republika", "obec": "Suchá nad Parnou", "poistovne": "VŠZP, Union, Dôvera", "opening_hours": "Mo-Tu 07:00-15:00; We 07:00-14:00; Th-Fr 07:00-13:00", "aktualizacia": "2023-06-09T12:10:10Z", "osm_healthcare_within_50m": true}}, {"type": "Feature", "geometry": {"type": "Point", "coordinates": [17.599659, 48.3843156]}, "properties": {"evuc_id": 34086, "druh": "kardiologická ambulancia", "name": "Kardiologická ambulancia, Trnava, (BIRRA consult, s.r.o.)", "adresa": "Ulica Piešťanská 8188/3, 91701 Trnava, Slovenská republika", "obec": "Trnava", "poistovne": "VŠZP, Union, Dôvera", "opening_hours": null, "aktualizacia": "2023-06-09T12:10:10Z", "osm_healthcare_within_50m": false}}, {"type": "Feature", "geometry": {"type": "Point", "coordinates": [17.5954774, 48.3795586]}, "properties": {"evuc_id": 35095, "druh": "otorinolaryngologická ambulancia", "name": "Otorinolaryngologická ambulancia, Trnava, (ORL komplet s. r. o.)", "adresa": "Starohájska ulica 6755/2, 91701 Trnava, Slovenská republika", "obec": "Trnava", "poistovne": "VŠZP, Union, Dôvera", "opening_hours": null, "aktualizacia": "2023-06-09T12:10:10Z", "osm_healthcare_within_50m": true}}, {"type": "Feature", "geometry": {"type": "Point", "coordinates": [17.5677493, 48.3695175]}, "properties": {"evuc_id": 10854, "druh": "dermatovenerologická ambulancia", "name": "Dermatovenerologická ambulancia, Trnava, (CUTIS-AK, s.r.o.)", "adresa": "Ulica Mozartova 5906/3, 91708 Trnava, Slovenská republika", "obec": "Trnava", "poistovne": "VŠZP, Union, Dôvera", "opening_hours": "Mo 07:00-13:30; Tu 07:00-15:00; We 07:00-13:30; Th 07:00-12:00; Fr 07:00-11:00", "aktualizacia": "2023-06-09T12:10:10Z", "osm_healthcare_within_50m": true}}, {"type": "Feature", "geometry": {"type": "Point", "coordinates": [17.5954774, 48.3795586]}, "properties": {"evuc_id": 10853, "druh": "pneumologicko-ftizeologická ambulancia", "name": "Pneumologicko-ftizeologická ambulancia, Trnava, (CUTIS-AK, s.r.o.)", "adresa": "Starohájska ulica 6755/2, 91701 Trnava, Slovenská republika", "obec": "Trnava", "poistovne": "VŠZP, Union, Dôvera", "opening_hours": "Mo-Tu 07:00-13:30; We-Th 07:00-13:00; Fr 07:00-12:00", "aktualizacia": "2023-06-09T12:10:10Z", "osm_healthcare_within_50m": true}}, {"type": "Feature", "geometry": {"type": "Point", "coordinates": [17.5325067, 48.369832]}, "properties": {"evuc_id": 34138, "druh": "ambulancia zubného lekárstva", "name": "Ambulancia zubného lekárstva, Biely Kostol, (Damident s.r.o.)", "adresa": "Poľná 6668/23, 91934 Biely Kostol, Slovenská republika", "obec": "Biely Kostol", "poistovne": null, "opening_hours": "Mo-Fr 07:00-14:00", "aktualizacia": "2023-06-09T12:10:10Z", "osm_healthcare_within_50m": false}}, {"type": "Feature", "geometry": {"type": "Point", "coordinates": [17.5907046, 48.376421]}, "properties": {"evuc_id": 10924, "druh": "angiologická ambulancia", "name": "Angiologická ambulancia, Trnava, (VASA-CARE, s.r.o.)", "adresa": "Ulica Halenárska 418/13, 91701 Trnava, Slovenská republika", "obec": "Trnava", "poistovne": "VŠZP, Union, Dôvera", "opening_hours": null, "aktualizacia": "2023-06-09T12:10:10Z", "osm_healthcare_within_50m": false}}, {"type": "Feature", "geometry": {"type": "Point", "coordinates": [17.5899906, 48.3774696]}, "properties": {"evuc_id": 37012, "druh": "ambulancia zubného lekárstva", "name": "Ambulancia zubného lekárstva, Trnava, (DENTALIS, s. r. o.)", "adresa": "Ulica Halenárska 410/5, 91701 Trnava, Slovenská republika", "obec": "Trnava", "poistovne": "VŠZP, Union", "opening_hours": null, "aktualizacia": "2023-06-09T12:10:10Z", "osm_healthcare_within_50m": false}}, {"type": "Feature", "geometry": {"type": "Point", "coordinates": [17.5817458, 48.3762547]}, "properties": {"evuc_id": 11001, "druh": "ambulancia čeľustnej ortopédie", "name": "Ambulancia čeľustnej ortopédie, Trnava, (OrthoJoy s. r. o.)", "adresa": "Ulica Študentská 3609/1, 91701 Trnava, Slovenská republika", "obec": "Trnava", "poistovne": "VŠZP, Union, Dôvera", "opening_hours": null, "aktualizacia": "2023-06-09T12:10:10Z", "osm_healthcare_within_50m": false}}, {"type": "Feature", "geometry": {"type": "Point", "coordinates": [17.5518592, 48.48284]}, "properties": {"evuc_id": 43287, "druh": "ambulancia zubného lekárstva", "name": "Ambulancia zubného lekárstva, Dolná Krupá, (DENTALPARK PRO s. r. o.)", "adresa": "Nám.L.van Beethovena 139/1, 91965 Dolná Krupá, Slovenská republika", "obec": "Dolná Krupá", "poistovne": "VŠZP, Union, Dôvera", "opening_hours": "Mo-We 06:30-15:30", "aktualizacia": "2023-06-09T12:10:10Z", "osm_healthcare_within_50m": true}}, {"type": "Feature", "geometry": {"type": "Point", "coordinates": [17.6073148, 48.4399869]}, "properties": {"evuc_id": 11008, "druh": "ambulancia všeobecnej ambulantnej zdravotnej starostlivosti", "name": "Všeobecná ambulancia pre dospelých, Špačince, (VISMED plus s.r.o.)", "adresa": "obvodné zdravotné stredisko, Ulička 301/16, 91951 Špačince, Slovenská republika", "obec": "Špačince", "poistovne": "VŠZP, Union, Dôvera", "opening_hours": "Mo 07:30-15:30; We 07:30-15:30; Th 11:30-15:30; Fr 07:30-15:30", "aktualizacia": "2023-06-09T12:10:10Z", "osm_healthcare_within_50m": false}}, {"type": "Feature", "geometry": {"type": "Point", "coordinates": [17.5954774, 48.3795586]}, "properties": {"evuc_id": 34805, "druh": "ortopedická ambulancia", "name": "Ortopedická ambulancia, Trnava, (OrtoTrnava s.r.o.)", "adresa": "Starohájska ulica 6755/2, 91701 Trnava, Slovenská republika", "obec": "Trnava", "poistovne": "VŠZP, Union, Dôvera", "opening_hours": "Mo-Th 07:00-14:30; Fr 07:00-12:30", "aktualizacia": "2023-06-09T12:10:10Z", "osm_healthcare_within_50m": true}}, {"type": "Feature", "geometry": {"type": "Point", "coordinates": [17.5954774, 48.3795586]}, "properties": {"evuc_id": 11037, "druh": "dermatovenerologická ambulancia", "name": "Dermatovenerologická ambulancia, Trnava, (VITADERM, s.r.o.)", "adresa": "Starohájska ulica 6755/2, 91701 Trnava, Slovenská republika", "obec": "Trnava", "poistovne": null, "opening_hours": "Mo 14:00-19:00; Tu 08:00-12:30; We 14:00-18:00; Th 07:00-14:00", "aktualizacia": "2023-06-09T12:10:10Z", "osm_healthcare_within_50m": true}}, {"type": "Feature", "geometry": {"type": "Point", "coordinates": [17.5954774, 48.3795586]}, "properties": {"evuc_id": 10803, "druh": "otorinolaryngologická ambulancia", "name": "Otorinolaryngologická ambulancia, Trnava, (FONAURIS, s.r.o.)", "adresa": "Starohájska ulica 6755/2, 91701 Trnava, Slovenská republika", "obec": "Trnava", "poistovne": "VŠZP, Union, Dôvera", "opening_hours": "Mo-Fr 07:30-11:30", "aktualizacia": "2023-06-09T12:10:10Z", "osm_healthcare_within_50m": true}}, {"type": "Feature", "geometry": {"type": "Point", "coordinates": [17.5858491, 48.3807812]}, "properties": {"evuc_id": 40414, "druh": "ambulancia zubného lekárstva", "name": "Ambulancia zubného lekárstva, Trnava, (Dentest, s. r. o.)", "adresa": "Ulica Pekárska 8369/23, 91701 Trnava, Slovenská republika", "obec": "Trnava", "poistovne": "VŠZP, Union, Dôvera", "opening_hours": null, "aktualizacia": "2023-06-09T12:10:10Z", "osm_healthcare_within_50m": false}}, {"type": "Feature", "geometry": {"type": "Point", "coordinates": [17.5954774, 48.3795586]}, "properties": {"evuc_id": 10855, "druh": "ambulancia zubného lekárstva", "name": "Ambulancia zubného lekárstva, Trnava, (OTOSTOMA, s.r.o.)", "adresa": "Starohájska ulica 6755/2, 91701 Trnava, Slovenská republika", "obec": "Trnava", "poistovne": "VŠZP, Union, Dôvera", "opening_hours": null, "aktualizacia": "2023-06-09T12:10:10Z", "osm_healthcare_within_50m": true}}, {"type": "Feature", "geometry": {"type": "Point", "coordinates": [17.6086643, 48.3733896]}, "properties": {"evuc_id": 37346, "druh": "ambulancia všeobecnej ambulantnej zdravotnej starostlivosti", "name": "Ambulancia všeobecného lekára, Trnava, (VL.AK s. r. o.)", "adresa": "Ulica Koniarekova 5881/20, 91701 Trnava, Slovenská republika", "obec": "Trnava", "poistovne": "VŠZP, Union, Dôvera", "opening_hours": null, "aktualizacia": "2023-06-09T12:10:10Z", "osm_healthcare_within_50m": false}}, {"type": "Feature", "geometry": {"type": "Point", "coordinates": [17.4297394, 48.5052798]}, "properties": {"evuc_id": 11019, "druh": "ambulancia všeobecnej ambulantnej zdravotnej starostlivosti", "name": "Všeobecná ambulancia pre deti a dorast, Smolenice, (Kaderová, s.r.o.)", "adresa": "SNP 284/97, 91904 Smolenice, Slovenská republika", "obec": "Smolenice", "poistovne": "VŠZP, Union, Dôvera", "opening_hours": null, "aktualizacia": "2023-06-09T12:10:10Z", "osm_healthcare_within_50m": false}}, {"type": "Feature", "geometry": {"type": "Point", "coordinates": [17.5954774, 48.3795586]}, "properties": {"evuc_id": 11020, "druh": "ambulancia zubného lekárstva", "name": "Ambulancia zubného lekárstva, Trnava, (SAIDA STOM, s.r.o.)", "adresa": "Starohájska ulica 6755/2, 91701 Trnava, Slovenská republika", "obec": "Trnava", "poistovne": "VŠZP, Union, Dôvera", "opening_hours": null, "aktualizacia": "2023-06-09T12:10:10Z", "osm_healthcare_within_50m": true}}, {"type": "Feature", "geometry": {"type": "Point", "coordinates": [17.5858491, 48.3807812]}, "properties": {"evuc_id": 41767, "druh": "ambulancia zubného lekárstva", "name": "Ambulancia zubného lekárstva, Trnava, (Dentest, s. r. o.)", "adresa": "Ulica Pekárska 8369/23, 91701 Trnava, Slovenská republika", "obec": "Trnava", "poistovne": null, "opening_hours": null, "aktualizacia": "2023-06-09T12:10:10Z", "osm_healthcare_within_50m": false}}, {"type": "Feature", "geometry": {"type": "Point", "coordinates": [17.6204954, 48.3624442]}, "properties": {"evuc_id": 10919, "druh": "ambulancia všeobecnej ambulantnej zdravotnej starostlivosti", "name": "Všeobecná ambulancia pre dospelých, Trnava, (MDclinic a.s.)", "adresa": "Automobilová ulica 1, 91701 Trnava, Slovenská republika", "obec": "Trnava", "poistovne": "VŠZP, Union, Dôvera", "opening_hours": null, "aktualizacia": "2023-06-09T12:10:10Z", "osm_healthcare_within_50m": false}}, {"type": "Feature", "geometry": {"type": "Point", "coordinates": [17.5918267, 48.3777522]}, "properties": {"evuc_id": 11039, "druh": "ambulancia zubného lekárstva", "name": "Ambulancia zubného lekárstva, Trnava, (DENTY, s.r.o.)", "adresa": "Ulica Kapitulská 468/26, 91701 Trnava, Slovenská republika", "obec": "Trnava", "poistovne": null, "opening_hours": "Mo 07:30-16:00; Tu 07:30-17:00; We 07:30-16:00; Th 07:30-15:30; Fr 07:30-13:00", "aktualizacia": "2023-06-09T12:10:10Z", "osm_healthcare_within_50m": false}}, {"type": "Feature", "geometry": {"type": "Point", "coordinates": [17.5858491, 48.3807812]}, "properties": {"evuc_id": 11036, "druh": "ambulancia zubného lekárstva", "name": "Ambulancia zubného lekárstva, Trnava, (Zelené zdravie, s. r. o.)", "adresa": "Ulica Pekárska 8369/23, 91701 Trnava, Slovenská republika", "obec": "Trnava", "poistovne": null, "opening_hours": null, "aktualizacia": "2023-06-09T12:10:10Z", "osm_healthcare_within_50m": false}}, {"type": "Feature", "geometry": {"type": "Point", "coordinates": [17.5918267, 48.3777522]}, "properties": {"evuc_id": 11040, "druh": "ambulancia čeľustnej ortopédie", "name": "Ambulancia čeľustnej ortopédie, Trnava, (DENTY, s.r.o.)", "adresa": "Ulica Kapitulská 468/26, 91701 Trnava, Slovenská republika", "obec": "Trnava", "poistovne": "VŠZP, Union, Dôvera", "opening_hours": "Mo 08:00-14:00; Tu 11:30-17:00; We-Th 08:00-14:00; Fr 08:00-13:00", "aktualizacia": "2023-06-09T12:10:10Z", "osm_healthcare_within_50m": false}}, {"type": "Feature", "geometry": {"type": "Point", "coordinates": [17.4898687, 48.4098855]}, "properties": {"evuc_id": 10829, "druh": "ambulancia zubného lekárstva", "name": "Ambulancia zubného lekárstva, Suchá nad Parnou, (MEDIMIRA s.r.o.)", "adresa": "Obvodné zdravotné stredisko, Suchá nad Parnou, 91901 Suchá nad Parnou, Slovenská republika", "obec": "Suchá nad Parnou", "poistovne": "VŠZP, Union, Dôvera", "opening_hours": "Mo-Th 08:00-14:30; Fr 08:00-13:00", "aktualizacia": "2023-06-09T12:10:10Z", "osm_healthcare_within_50m": false}}, {"type": "Feature", "geometry": {"type": "Point", "coordinates": [17.4403293, 48.4648686]}, "properties": {"evuc_id": 10888, "druh": "ambulancia všeobecnej ambulantnej zdravotnej starostlivosti", "name": "Všeobecná ambulancia pre dospelých, Horné Orešany, (MEDENA s.r.o.)", "adresa": "609, 91903 Horné Orešany, Slovenská republika", "obec": "Horné Orešany", "poistovne": "VŠZP, Union, Dôvera", "opening_hours": "Mo 07:00-16:00; Tu 07:00-13:00; We 07:00-15:00; Th-Fr 07:00-13:00", "aktualizacia": "2023-06-09T12:10:10Z", "osm_healthcare_within_50m": false}}, {"type": "Feature", "geometry": {"type": "Point", "coordinates": [17.5927051, 48.385014]}, "properties": {"evuc_id": 43488, "druh": "agentúra domácej ošetrovateľskej starostlivosti", "name": "ADOS, Ulica Jaderná, Trnava, (Life Art 1998 s. r. o.)", "adresa": "Ulica Jaderná 1799/2, 91701 Trnava, Slovenská republika", "obec": "Trnava", "poistovne": null, "opening_hours": null, "aktualizacia": "2023-06-09T12:10:10Z", "osm_healthcare_within_50m": false}}, {"type": "Feature", "geometry": {"type": "Point", "coordinates": [17.6086643, 48.3733896]}, "properties": {"evuc_id": 10947, "druh": "ambulancia všeobecnej ambulantnej zdravotnej starostlivosti", "name": "Všeobecná ambulancia pre dospelých, Trnava, (ZG PRAKTIK s.r.o.)", "adresa": "Ulica Koniarekova 5881/20, 91701 Trnava, Slovenská republika", "obec": "Trnava", "poistovne": "VŠZP, Union, Dôvera", "opening_hours": null, "aktualizacia": "2023-06-09T12:10:10Z", "osm_healthcare_within_50m": false}}, {"type": "Feature", "geometry": {"type": "Point", "coordinates": [17.6434232, 48.4739369]}, "properties": {"evuc_id": 11016, "druh": "ambulancia všeobecnej ambulantnej zdravotnej starostlivosti", "name": "Všeobecná ambulancia pre dospelých, Jaslovské Bohunice, (Medigred, s.r.o.)", "adresa": "ObZS, Sídlisko 337/14, 91930 Jaslovské Bohunice, Slovenská republika", "obec": "Jaslovské Bohunice", "poistovne": "VŠZP, Union, Dôvera", "opening_hours": null, "aktualizacia": "2023-06-09T12:10:10Z", "osm_healthcare_within_50m": false}}, {"type": "Feature", "geometry": {"type": "Point", "coordinates": [17.5795983, 48.3791641]}, "properties": {"evuc_id": 39366, "druh": "mobilné odberové miesto", "name": "Odberové miesto Antigénové testy Medisil, Kalinčiakova 27, Trnava, (Medisil s.r.o.)", "adresa": "v nebytovom priestore, Ulica Kalinčiakova 3357/27, 91701 Trnava, Slovenská republika", "obec": "Trnava", "poistovne": null, "opening_hours": "Mo-We 07:30-15:00; Th 07:30-15:30; Fr 07:30-15:00; Sa-Su 08:00-13:00", "aktualizacia": "2023-06-09T12:10:10Z", "osm_healthcare_within_50m": false}}, {"type": "Feature", "geometry": {"type": "Point", "coordinates": [17.5844915, 48.3591764]}, "properties": {"evuc_id": 10802, "druh": "ambulancia všeobecnej ambulantnej zdravotnej starostlivosti", "name": "Všeobecná ambulancia pre deti a dorast, Trnava, (MEDUNA s.r.o.)", "adresa": "Ulica Limbová 6052/4, 91702 Trnava, Slovenská republika", "obec": "Trnava", "poistovne": "VŠZP, Union, Dôvera", "opening_hours": "Mo-We 07:00-15:00; Th 07:00-16:00; Fr 07:00-14:00", "aktualizacia": "2023-06-09T12:10:10Z", "osm_healthcare_within_50m": false}}, {"type": "Feature", "geometry": {"type": "Point", "coordinates": [17.5844915, 48.3591764]}, "properties": {"evuc_id": 11097, "druh": "ambulancia všeobecnej ambulantnej zdravotnej starostlivosti", "name": "Všeobecná ambulancia pre deti a dorast, Trnava, (MUDr. Jarmila Jeleníková)", "adresa": "Ulica Limbová 6052/4, 91702 Trnava, Slovenská republika", "obec": "Trnava", "poistovne": "VŠZP, Union, Dôvera", "opening_hours": "Mo 07:15-15:00; Tu 07:15-14:45; We 07:15-15:00; Th 07:30-14:45; Fr 07:15-14:45", "aktualizacia": "2023-06-09T12:10:10Z", "osm_healthcare_within_50m": false}}, {"type": "Feature", "geometry": {"type": "Point", "coordinates": [17.5795983, 48.3791641]}, "properties": {"evuc_id": 40727, "druh": "mobilné odberové miesto", "name": "Odberové miesto PCR testy Medisil, Kalinčiakova 27, Trnava, Trnava, (Medisil s.r.o.)", "adresa": "v nebytovom priestore, Ulica Kalinčiakova 3357/27, 91701 Trnava, Slovenská republika", "obec": "Trnava", "poistovne": null, "opening_hours": "Mo-We 07:30-15:00; Th 07:30-15:30; Fr 07:30-15:00; Sa-Su 00:00-00:00", "aktualizacia": "2023-06-09T12:10:10Z", "osm_healthcare_within_50m": false}}, {"type": "Feature", "geometry": {"type": "Point", "coordinates": [17.6734144, 48.3507778]}, "properties": {"evuc_id": 40751, "druh": "ambulancia všeobecnej ambulantnej zdravotnej starostlivosti", "name": "Všeobecná ambulancia pre deti a dorast, Zavar, (MUDr. Černá s.r.o.)", "adresa": "Hlavná 148/8, 91926 Zavar, Slovenská republika", "obec": "Zavar", "poistovne": "VŠZP, Union, Dôvera", "opening_hours": "Mo-Tu 07:30-15:00; We 07:30-16:00; Th 07:30-15:00; Fr 07:30-14:00", "aktualizacia": "2023-06-09T12:10:10Z", "osm_healthcare_within_50m": false}}, {"type": "Feature", "geometry": {"type": "Point", "coordinates": [17.5954774, 48.3795586]}, "properties": {"evuc_id": 36673, "druh": "ambulancia úrazovej chirurgie", "name": "Ambulancia úrazovej chirurgie, Trnava, (MISTIG, s.r.o.)", "adresa": "Starohájska ulica 6755/2, 91701 Trnava, Slovenská republika", "obec": "Trnava", "poistovne": "VŠZP, Union", "opening_hours": null, "aktualizacia": "2023-06-09T12:10:10Z", "osm_healthcare_within_50m": true}}, {"type": "Feature", "geometry": {"type": "Point", "coordinates": [17.5954774, 48.3795586]}, "properties": {"evuc_id": 32922, "druh": "ambulancia zubného lekárstva", "name": "Ambulancia zubného lekárstva, Trnava, (MUDr. Alexander Bednárik - stomatológ, s.r.o.)", "adresa": "Starohájska ulica 6755/2, 91701 Trnava, Slovenská republika", "obec": "Trnava", "poistovne": "VŠZP, Union", "opening_hours": null, "aktualizacia": "2023-06-09T12:10:10Z", "osm_healthcare_within_50m": true}}, {"type": "Feature", "geometry": {"type": "Point", "coordinates": [17.5954774, 48.3795586]}, "properties": {"evuc_id": 10949, "druh": "ambulancia všeobecnej ambulantnej zdravotnej starostlivosti", "name": "Všeobecná ambulancia pre deti a dorast, Trnava, (PEDKLEV, s. r. o.)", "adresa": "Starohájska ulica 6755/2, 91701 Trnava, Slovenská republika", "obec": "Trnava", "poistovne": "VŠZP, Union, Dôvera", "opening_hours": null, "aktualizacia": "2023-06-09T12:10:10Z", "osm_healthcare_within_50m": true}}, {"type": "Feature", "geometry": {"type": "Point", "coordinates": [17.5677493, 48.3695175]}, "properties": {"evuc_id": 10999, "druh": "gynekologicko-pôrodnícka ambulancia", "name": "BABAE s.r.o., Trnava, (BABAE s.r.o.)", "adresa": "Ulica Mozartova 5906/3, 91708 Trnava, Slovenská republika", "obec": "Trnava", "poistovne": "VŠZP, Union, Dôvera", "opening_hours": "Mo-Fr 07:00-15:00", "aktualizacia": "2023-06-09T12:10:10Z", "osm_healthcare_within_50m": true}}, {"type": "Feature", "geometry": {"type": "Point", "coordinates": [17.4954012, 48.4639859]}, "properties": {"evuc_id": 10977, "druh": "ambulancia zubného lekárstva", "name": "Ambulancia zubného lekárstva, Boleráz, (Dubai clinic, s.r.o.)", "adresa": "404, 91908 Boleráz, Slovenská republika", "obec": "Boleráz", "poistovne": "VŠZP, Union", "opening_hours": null, "aktualizacia": "2023-06-09T12:10:10Z", "osm_healthcare_within_50m": true}}, {"type": "Feature", "geometry": {"type": "Point", "coordinates": [17.5954774, 48.3795586]}, "properties": {"evuc_id": 10983, "druh": "ambulancia všeobecnej ambulantnej zdravotnej starostlivosti", "name": "Všeobecná ambulancia pre deti a dorast, Trnava, (MUDr. Ľubica Ďurková - pediater, s.r.o.)", "adresa": "Starohájska ulica 6755/2, 91701 Trnava, Slovenská republika", "obec": "Trnava", "poistovne": "VŠZP, Union, Dôvera", "opening_hours": null, "aktualizacia": "2023-06-09T12:10:10Z", "osm_healthcare_within_50m": true}}, {"type": "Feature", "geometry": {"type": "Point", "coordinates": [17.5935604, 48.5442789]}, "properties": {"evuc_id": 10932, "druh": "ambulancia všeobecnej ambulantnej zdravotnej starostlivosti", "name": "Všeobecná ambulancia pre dospelých, Dechtice, (BEORG, s.r.o.)", "adresa": "541, 91953 Dechtice, Slovenská republika", "obec": "Dechtice", "poistovne": "VŠZP, Union, Dôvera", "opening_hours": "Mo-Tu 07:30-14:30; We 07:30-15:00; Th 07:30-14:30; Fr 07:30-14:00", "aktualizacia": "2023-06-09T12:10:10Z", "osm_healthcare_within_50m": true}}, {"type": "Feature", "geometry": {"type": "Point", "coordinates": [17.567556, 48.351237]}, "properties": {"evuc_id": 32387, "druh": "ambulancia všeobecnej ambulantnej zdravotnej starostlivosti", "name": "Všeobecná ambulancia pre dospelých, MUDr. Tomečková Jana, Hrnčiarovce nad Parnou, (Nemocnica pre obvinených a odsúdených a Ústav na výkon trestu odňatia slobody Trenčín)", "adresa": "ÚVTOS, Dlhé lúky 1, 91865 Hrnčiarovce nad Parnou, Slovenská republika", "obec": "Hrnčiarovce nad Parnou", "poistovne": "VŠZP, Union, Dôvera", "opening_hours": null, "aktualizacia": "2023-06-09T12:10:10Z", "osm_healthcare_within_50m": false}}, {"type": "Feature", "geometry": {"type": "Point", "coordinates": [17.5619033, 48.2747349]}, "properties": {"evuc_id": 11034, "druh": "ambulancia všeobecnej ambulantnej zdravotnej starostlivosti", "name": "Všeobecná ambulancia pre dospelých, Voderady, (PETRIČKOVÁ s.r.o.)", "adresa": "Obvodné zdravotné stredisko, Voderady 286, 91942 Voderady, Slovenská republika", "obec": "Voderady", "poistovne": "VŠZP, Union, Dôvera", "opening_hours": "Mo 07:00-13:30; Tu 07:00-16:00; We 07:00-15:00; Th 07:00-13:00; Fr 07:00-12:30", "aktualizacia": "2023-06-09T12:10:10Z", "osm_healthcare_within_50m": true}}, {"type": "Feature", "geometry": {"type": "Point", "coordinates": [17.5677493, 48.3695175]}, "properties": {"evuc_id": 10882, "druh": "ambulancia všeobecnej ambulantnej zdravotnej starostlivosti", "name": "Všeobecná ambulancia pre dospelých, Trnava, (EVAMED s.r.o.)", "adresa": "Ulica Mozartova 5906/3, 91708 Trnava, Slovenská republika", "obec": "Trnava", "poistovne": "VŠZP, Union, Dôvera", "opening_hours": "Mo-Tu 07:00-14:00; We 07:00-15:00; Th 10:00-16:00; Fr 07:00-14:00", "aktualizacia": "2023-06-09T12:10:10Z", "osm_healthcare_within_50m": true}}, {"type": "Feature", "geometry": {"type": "Point", "coordinates": [17.5954774, 48.3795586]}, "properties": {"evuc_id": 10866, "druh": "ambulancia klinickej onkológie", "name": "Ambulancia klinickej onkológie, Trnava, (EKUMED, spol. s r.o.)", "adresa": "Starohájska ulica 6755/2, 91701 Trnava, Slovenská republika", "obec": "Trnava", "poistovne": "VŠZP, Union, Dôvera", "opening_hours": "Mo 07:30-15:30; Tu 07:30-14:30; Th 07:30-14:30; Fr 07:30-12:00", "aktualizacia": "2023-06-09T12:10:10Z", "osm_healthcare_within_50m": true}}, {"type": "Feature", "geometry": {"type": "Point", "coordinates": [17.5954774, 48.3795586]}, "properties": {"evuc_id": 11061, "druh": "ambulancia klinickej psychológie", "name": "Ambulancia klinickej psychológie, Trnava, (PhDr. Iveta Šefarová)", "adresa": "Starohájska ulica 6755/2, 91701 Trnava, Slovenská republika", "obec": "Trnava", "poistovne": "VŠZP, Union, Dôvera", "opening_hours": "Mo-Fr 08:00-16:00", "aktualizacia": "2023-06-09T12:10:10Z", "osm_healthcare_within_50m": true}}, {"type": "Feature", "geometry": {"type": "Point", "coordinates": [17.6073148, 48.4399869]}, "properties": {"evuc_id": 10989, "druh": "ambulancia všeobecnej ambulantnej zdravotnej starostlivosti", "name": "Všeobecná ambulancia pre deti a dorast, Špačince, (POLMED plus s.r.o.)", "adresa": "Ulička 301/16, 91951 Špačince, Slovenská republika", "obec": "Špačince", "poistovne": "VŠZP, Union, Dôvera", "opening_hours": "Mo 07:30-15:00; Tu 07:30-16:00; We 07:30-15:00; Th 07:30-13:30; Fr 07:30-14:30", "aktualizacia": "2023-06-09T12:10:10Z", "osm_healthcare_within_50m": false}}, {"type": "Feature", "geometry": {"type": "Point", "coordinates": [17.5954774, 48.3795586]}, "properties": {"evuc_id": 10992, "druh": "neurologická ambulancia", "name": "Neurologická ambulancia, Trnava, (NEUROGRADE s. r. o.)", "adresa": "Starohájska ulica 6755/2, 91701 Trnava, Slovenská republika", "obec": "Trnava", "poistovne": "VŠZP, Dôvera", "opening_hours": "Mo-Fr 08:00-12:00", "aktualizacia": "2023-06-09T12:10:10Z", "osm_healthcare_within_50m": true}}, {"type": "Feature", "geometry": {"type": "Point", "coordinates": [17.5954774, 48.3795586]}, "properties": {"evuc_id": 11907, "druh": "ambulancia všeobecnej ambulantnej zdravotnej starostlivosti", "name": "Všeobecná ambulancia pre deti a dorast, Trnava, (MP MEDICO s. r. o.)", "adresa": "Starohájska ulica 6755/2, 91701 Trnava, Slovenská republika", "obec": "Trnava", "poistovne": "VŠZP, Union, Dôvera", "opening_hours": null, "aktualizacia": "2023-06-09T12:10:10Z", "osm_healthcare_within_50m": true}}, {"type": "Feature", "geometry": {"type": "Point", "coordinates": [17.5954774, 48.3795586]}, "properties": {"evuc_id": 10892, "druh": "ambulancia všeobecnej ambulantnej zdravotnej starostlivosti", "name": "Všeobecná ambulancia pre deti a dorast, Trnava, (MUDr. Eva Križanová, s.r.o.)", "adresa": "Starohájska ulica 6755/2, 91701 Trnava, Slovenská republika", "obec": "Trnava", "poistovne": "VŠZP, Union, Dôvera", "opening_hours": "Mo 07:00-15:00; Tu 09:00-16:00; We-Th 07:00-14:00; Fr 07:00-13:00", "aktualizacia": "2023-06-09T12:10:10Z", "osm_healthcare_within_50m": true}}, {"type": "Feature", "geometry": {"type": "Point", "coordinates": [17.5954774, 48.3795586]}, "properties": {"evuc_id": 11089, "druh": "ambulancia všeobecnej ambulantnej zdravotnej starostlivosti", "name": "Všeobecná ambulancia pre deti a dorast, Trnava, (MUDr. Jarmila Lásková)", "adresa": "Starohájska ulica 6755/2, 91701 Trnava, Slovenská republika", "obec": "Trnava", "poistovne": "VŠZP, Union, Dôvera", "opening_hours": "Mo 07:00-15:00; Tu 09:00-16:00; We-Th 07:00-14:00; Fr 07:00-13:00", "aktualizacia": "2023-06-09T12:10:10Z", "osm_healthcare_within_50m": true}}, {"type": "Feature", "geometry": {"type": "Point", "coordinates": [17.5954774, 48.3795586]}, "properties": {"evuc_id": 11096, "druh": "ambulancia vnútorného lekárstva", "name": "Ambulancia vnútorného lekárstva, Trnava, (MUDr. Magdaléna Kozinová)", "adresa": "Starohájska ulica 6755/2, 91701 Trnava, Slovenská republika", "obec": "Trnava", "poistovne": "VŠZP, Union, Dôvera", "opening_hours": null, "aktualizacia": "2023-06-09T12:10:10Z", "osm_healthcare_within_50m": true}}]}