{"type": "FeatureCollection", "features": [{"type": "Feature", "geometry": {"type": "Point", "coordinates": [19.165142, 48.973022]}, "properties": {"objectid": 12033, "cislo_b": "1894", "hg_region": "Veľká Fatra - východná časť", "popis": "prameň", "vydatnost_l_s": 0.481582, "proposed_tag": "natural=spring", "osm_spring_or_water_100m": false}}, {"type": "Feature", "geometry": {"type": "Point", "coordinates": [19.165152, 48.972745]}, "properties": {"objectid": 12034, "cislo_b": "1895", "hg_region": "Veľká Fatra - východná časť", "popis": "prameň", "vydatnost_l_s": 0.276923, "proposed_tag": "natural=spring", "osm_spring_or_water_100m": false}}, {"type": "Feature", "geometry": {"type": "Point", "coordinates": [19.16543, 48.97264]}, "properties": {"objectid": 12035, "cislo_b": "1896", "hg_region": "Veľká Fatra - východná časť", "popis": "prameň", "vydatnost_l_s": 0.2, "proposed_tag": "natural=spring", "osm_spring_or_water_100m": false}}, {"type": "Feature", "geometry": {"type": "Point", "coordinates": [19.16652, 48.972626]}, "properties": {"objectid": 12036, "cislo_b": "1897", "hg_region": "Veľká Fatra - východná časť", "popis": "prameň", "vydatnost_l_s": 0.0586319, "proposed_tag": "natural=spring", "osm_spring_or_water_100m": false}}, {"type": "Feature", "geometry": {"type": "Point", "coordinates": [19.177258, 48.970534]}, "properties": {"objectid": 12037, "cislo_b": "1898", "hg_region": "Veľká Fatra - východná časť", "popis": "prameň", "vydatnost_l_s": 0.48, "proposed_tag": "natural=spring", "osm_spring_or_water_100m": false}}, {"type": "Feature", "geometry": {"type": "Point", "coordinates": [19.177414, 48.970017]}, "properties": {"objectid": 12038, "cislo_b": "1899", "hg_region": "Veľká Fatra - východná časť", "popis": "prameň", "vydatnost_l_s": 0.0819734, "proposed_tag": "natural=spring", "osm_spring_or_water_100m": false}}, {"type": "Feature", "geometry": {"type": "Point", "coordinates": [19.178855, 48.969609]}, "properties": {"objectid": 12039, "cislo_b": "1900", "hg_region": "Veľká Fatra - východná časť", "popis": "prameň", "vydatnost_l_s": 0.105451, "proposed_tag": "natural=spring", "osm_spring_or_water_100m": false}}, {"type": "Feature", "geometry": {"type": "Point", "coordinates": [19.181967, 48.96977]}, "properties": {"objectid": 12040, "cislo_b": "1901", "hg_region": "Veľká Fatra - východná časť", "popis": "prameň", "vydatnost_l_s": 0.115385, "proposed_tag": "natural=spring", "osm_spring_or_water_100m": false}}, {"type": "Feature", "geometry": {"type": "Point", "coordinates": [19.183964, 48.969811]}, "properties": {"objectid": 12041, "cislo_b": "1902", "hg_region": "Veľká Fatra - východná časť", "popis": "prameň", "vydatnost_l_s": 0.209024, "proposed_tag": "natural=spring", "osm_spring_or_water_100m": false}}, {"type": "Feature", "geometry": {"type": "Point", "coordinates": [19.183478, 48.969761]}, "properties": {"objectid": 12042, "cislo_b": "1903", "hg_region": "Veľká Fatra - východná časť", "popis": "prameň", "vydatnost_l_s": 0.0596026, "proposed_tag": "natural=spring", "osm_spring_or_water_100m": false}}, {"type": "Feature", "geometry": {"type": "Point", "coordinates": [19.182279, 48.968893]}, "properties": {"objectid": 12043, "cislo_b": "1904", "hg_region": "Veľká Fatra - východná časť", "popis": "prameň", "vydatnost_l_s": 0.2, "proposed_tag": "natural=spring", "osm_spring_or_water_100m": false}}, {"type": "Feature", "geometry": {"type": "Point", "coordinates": [19.183046, 48.968687]}, "properties": {"objectid": 12044, "cislo_b": "1905", "hg_region": "Veľká Fatra - východná časť", "popis": "prameň", "vydatnost_l_s": 0.15, "proposed_tag": "natural=spring", "osm_spring_or_water_100m": false}}, {"type": "Feature", "geometry": {"type": "Point", "coordinates": [19.18448, 48.968242]}, "properties": {"objectid": 12045, "cislo_b": "1906", "hg_region": "Veľká Fatra - východná časť", "popis": "prameň", "vydatnost_l_s": 0.138462, "proposed_tag": "natural=spring", "osm_spring_or_water_100m": false}}, {"type": "Feature", "geometry": {"type": "Point", "coordinates": [19.184962, 48.970875]}, "properties": {"objectid": 12046, "cislo_b": "1907", "hg_region": "Veľká Fatra - východná časť", "popis": "prameň", "vydatnost_l_s": 0.02, "proposed_tag": "natural=spring", "osm_spring_or_water_100m": false}}, {"type": "Feature", "geometry": {"type": "Point", "coordinates": [19.184173, 48.970445]}, "properties": {"objectid": 12047, "cislo_b": "1908", "hg_region": "Veľká Fatra - východná časť", "popis": "prameň", "vydatnost_l_s": 0.0947368, "proposed_tag": "natural=spring", "osm_spring_or_water_100m": false}}, {"type": "Feature", "geometry": {"type": "Point", "coordinates": [19.184534, 48.969946]}, "properties": {"objectid": 12048, "cislo_b": "1909", "hg_region": "Veľká Fatra - východná časť", "popis": "prameň", "vydatnost_l_s": 0.0451694, "proposed_tag": "natural=spring", "osm_spring_or_water_100m": true}}, {"type": "Feature", "geometry": {"type": "Point", "coordinates": [19.185166, 48.969918]}, "properties": {"objectid": 12049, "cislo_b": "1910", "hg_region": "Veľká Fatra - východná časť", "popis": "prameň", "vydatnost_l_s": 0.13, "proposed_tag": "natural=spring", "osm_spring_or_water_100m": true}}, {"type": "Feature", "geometry": {"type": "Point", "coordinates": [19.184544, 48.969323]}, "properties": {"objectid": 12050, "cislo_b": "1911", "hg_region": "Veľká Fatra - východná časť", "popis": "prameň", "vydatnost_l_s": 0.04, "proposed_tag": "natural=spring", "osm_spring_or_water_100m": false}}, {"type": "Feature", "geometry": {"type": "Point", "coordinates": [19.183779, 48.969275]}, "properties": {"objectid": 12051, "cislo_b": "1912", "hg_region": "Veľká Fatra - východná časť", "popis": "prameň", "vydatnost_l_s": 0.1, "proposed_tag": "natural=spring", "osm_spring_or_water_100m": false}}, {"type": "Feature", "geometry": {"type": "Point", "coordinates": [19.18343, 48.970078]}, "properties": {"objectid": 12052, "cislo_b": "1913", "hg_region": "Veľká Fatra - východná časť", "popis": "prameň", "vydatnost_l_s": 0.232258, "proposed_tag": "natural=spring", "osm_spring_or_water_100m": false}}, {"type": "Feature", "geometry": {"type": "Point", "coordinates": [19.139147, 48.97663]}, "properties": {"objectid": 12053, "cislo_b": "1914", "hg_region": "Veľká Fatra - východná časť", "popis": "prameň", "vydatnost_l_s": 0.1, "proposed_tag": "natural=spring", "osm_spring_or_water_100m": false}}, {"type": "Feature", "geometry": {"type": "Point", "coordinates": [19.143757, 48.974367]}, "properties": {"objectid": 12054, "cislo_b": "1915", "hg_region": "Veľká Fatra - východná časť", "popis": "prameň", "vydatnost_l_s": 0.206897, "proposed_tag": "natural=spring", "osm_spring_or_water_100m": false}}, {"type": "Feature", "geometry": {"type": "Point", "coordinates": [19.14582, 48.974868]}, "properties": {"objectid": 12055, "cislo_b": "1916", "hg_region": "Veľká Fatra - východná časť", "popis": "prameň", "vydatnost_l_s": 0.03, "proposed_tag": "natural=spring", "osm_spring_or_water_100m": false}}, {"type": "Feature", "geometry": {"type": "Point", "coordinates": [19.146925, 48.975047]}, "properties": {"objectid": 12056, "cislo_b": "1917", "hg_region": "Veľká Fatra - východná časť", "popis": "prameň", "vydatnost_l_s": 0.101408, "proposed_tag": "natural=spring", "osm_spring_or_water_100m": true}}, {"type": "Feature", "geometry": {"type": "Point", "coordinates": [19.148047, 48.97506]}, "properties": {"objectid": 12057, "cislo_b": "1918", "hg_region": "Veľká Fatra - východná časť", "popis": "prameň", "vydatnost_l_s": 0.0521739, "proposed_tag": "natural=spring", "osm_spring_or_water_100m": true}}, {"type": "Feature", "geometry": {"type": "Point", "coordinates": [19.144885, 48.973076]}, "properties": {"objectid": 12058, "cislo_b": "1919", "hg_region": "Veľká Fatra - východná časť", "popis": "prameň", "vydatnost_l_s": 0.01, "proposed_tag": "natural=spring", "osm_spring_or_water_100m": false}}, {"type": "Feature", "geometry": {"type": "Point", "coordinates": [19.14384, 48.973836]}, "properties": {"objectid": 12059, "cislo_b": "1920", "hg_region": "Veľká Fatra - východná časť", "popis": "prameň", "vydatnost_l_s": 0.05, "proposed_tag": "natural=spring", "osm_spring_or_water_100m": false}}, {"type": "Feature", "geometry": {"type": "Point", "coordinates": [19.141033, 48.972142]}, "properties": {"objectid": 12060, "cislo_b": "1921", "hg_region": "Veľká Fatra - východná časť", "popis": "prameň", "vydatnost_l_s": 0.0486486, "proposed_tag": "natural=spring", "osm_spring_or_water_100m": false}}, {"type": "Feature", "geometry": {"type": "Point", "coordinates": [19.141568, 48.972588]}, "properties": {"objectid": 12061, "cislo_b": "1922", "hg_region": "Veľká Fatra - východná časť", "popis": "prameň", "vydatnost_l_s": 0.05, "proposed_tag": "natural=spring", "osm_spring_or_water_100m": false}}, {"type": "Feature", "geometry": {"type": "Point", "coordinates": [19.147437, 48.971019]}, "properties": {"objectid": 12062, "cislo_b": "1923", "hg_region": "Veľká Fatra - východná časť", "popis": "prameň", "vydatnost_l_s": 0.117588, "proposed_tag": "natural=spring", "osm_spring_or_water_100m": false}}, {"type": "Feature", "geometry": {"type": "Point", "coordinates": [19.149553, 48.972008]}, "properties": {"objectid": 12063, "cislo_b": "1924", "hg_region": "Veľká Fatra - východná časť", "popis": "prameň", "vydatnost_l_s": 0.0947368, "proposed_tag": "natural=spring", "osm_spring_or_water_100m": true}}, {"type": "Feature", "geometry": {"type": "Point", "coordinates": [19.149389, 48.971246]}, "properties": {"objectid": 12064, "cislo_b": "1925", "hg_region": "Veľká Fatra - východná časť", "popis": "prameň", "vydatnost_l_s": 0.114225, "proposed_tag": "natural=spring", "osm_spring_or_water_100m": false}}, {"type": "Feature", "geometry": {"type": "Point", "coordinates": [19.150626, 48.972271]}, "properties": {"objectid": 12065, "cislo_b": "1926", "hg_region": "Veľká Fatra - východná časť", "popis": "prameň", "vydatnost_l_s": 0.017734, "proposed_tag": "natural=spring", "osm_spring_or_water_100m": true}}, {"type": "Feature", "geometry": {"type": "Point", "coordinates": [19.144884, 48.969978]}, "properties": {"objectid": 12066, "cislo_b": "1927", "hg_region": "Veľká Fatra - východná časť", "popis": "prameň", "vydatnost_l_s": 0.02, "proposed_tag": "natural=spring", "osm_spring_or_water_100m": false}}, {"type": "Feature", "geometry": {"type": "Point", "coordinates": [19.14011, 48.961454]}, "properties": {"objectid": 12067, "cislo_b": "1928", "hg_region": "Veľká Fatra - východná časť", "popis": "prameň", "vydatnost_l_s": 0.05, "proposed_tag": "natural=spring", "osm_spring_or_water_100m": false}}, {"type": "Feature", "geometry": {"type": "Point", "coordinates": [19.140305, 48.962357]}, "properties": {"objectid": 12068, "cislo_b": "1929", "hg_region": "Veľká Fatra - východná časť", "popis": "prameň", "vydatnost_l_s": 0.0118033, "proposed_tag": "natural=spring", "osm_spring_or_water_100m": false}}, {"type": "Feature", "geometry": {"type": "Point", "coordinates": [19.143233, 48.963432]}, "properties": {"objectid": 12069, "cislo_b": "1930", "hg_region": "Veľká Fatra - východná časť", "popis": "prameň", "vydatnost_l_s": 0.05, "proposed_tag": "natural=spring", "osm_spring_or_water_100m": false}}, {"type": "Feature", "geometry": {"type": "Point", "coordinates": [19.144261, 48.963407]}, "properties": {"objectid": 12070, "cislo_b": "1931", "hg_region": "Veľká Fatra - východná časť", "popis": "prameň", "vydatnost_l_s": 0.15, "proposed_tag": "natural=spring", "osm_spring_or_water_100m": false}}, {"type": "Feature", "geometry": {"type": "Point", "coordinates": [19.139888, 48.944344]}, "properties": {"objectid": 12071, "cislo_b": "1932", "hg_region": "Veľká Fatra - východná časť", "popis": "prameň", "vydatnost_l_s": 0.15, "proposed_tag": "natural=spring", "osm_spring_or_water_100m": true}}, {"type": "Feature", "geometry": {"type": "Point", "coordinates": [19.139619, 48.944212]}, "properties": {"objectid": 12072, "cislo_b": "1933", "hg_region": "Veľká Fatra - východná časť", "popis": "prameň", "vydatnost_l_s": 0.1, "proposed_tag": "natural=spring", "osm_spring_or_water_100m": true}}, {"type": "Feature", "geometry": {"type": "Point", "coordinates": [19.139131, 48.944281]}, "properties": {"objectid": 12073, "cislo_b": "1934", "hg_region": "Veľká Fatra - východná časť", "popis": "prameň", "vydatnost_l_s": 0.765957, "proposed_tag": "natural=spring", "osm_spring_or_water_100m": true}}, {"type": "Feature", "geometry": {"type": "Point", "coordinates": [19.139015, 48.943938]}, "properties": {"objectid": 12074, "cislo_b": "1935", "hg_region": "Veľká Fatra - východná časť", "popis": "prameň", "vydatnost_l_s": 4.63765, "proposed_tag": "natural=spring", "osm_spring_or_water_100m": true}}, {"type": "Feature", "geometry": {"type": "Point", "coordinates": [19.130886, 48.93706]}, "properties": {"objectid": 12075, "cislo_b": "1936", "hg_region": "Veľká Fatra - východná časť", "popis": "prameň", "vydatnost_l_s": 1.27859, "proposed_tag": "natural=spring", "osm_spring_or_water_100m": false}}, {"type": "Feature", "geometry": {"type": "Point", "coordinates": [19.129461, 48.935915]}, "properties": {"objectid": 12076, "cislo_b": "1937", "hg_region": "Veľká Fatra - východná časť", "popis": "prameň", "vydatnost_l_s": 0.199082, "proposed_tag": "natural=spring", "osm_spring_or_water_100m": true}}, {"type": "Feature", "geometry": {"type": "Point", "coordinates": [19.128354, 48.93536]}, "properties": {"objectid": 12077, "cislo_b": "1938", "hg_region": "Veľká Fatra - východná časť", "popis": "prameň", "vydatnost_l_s": 0.1, "proposed_tag": "natural=spring", "osm_spring_or_water_100m": true}}, {"type": "Feature", "geometry": {"type": "Point", "coordinates": [19.126863, 48.935497]}, "properties": {"objectid": 12078, "cislo_b": "1939", "hg_region": "Veľká Fatra - východná časť", "popis": "prameň", "vydatnost_l_s": 0.796813, "proposed_tag": "natural=spring", "osm_spring_or_water_100m": true}}, {"type": "Feature", "geometry": {"type": "Point", "coordinates": [19.122287, 48.934028]}, "properties": {"objectid": 12079, "cislo_b": "1940", "hg_region": "Veľká Fatra - východná časť", "popis": "prameň", "vydatnost_l_s": 0.518135, "proposed_tag": "natural=spring", "osm_spring_or_water_100m": false}}, {"type": "Feature", "geometry": {"type": "Point", "coordinates": [19.129234, 48.931524]}, "properties": {"objectid": 12080, "cislo_b": "1941", "hg_region": "Veľká Fatra - východná časť", "popis": "prameň", "vydatnost_l_s": 0.0875912, "proposed_tag": "natural=spring", "osm_spring_or_water_100m": true}}, {"type": "Feature", "geometry": {"type": "Point", "coordinates": [19.130327, 48.931826]}, "properties": {"objectid": 12081, "cislo_b": "1942", "hg_region": "Veľká Fatra - východná časť", "popis": "prameň", "vydatnost_l_s": 0.0875912, "proposed_tag": "natural=spring", "osm_spring_or_water_100m": true}}, {"type": "Feature", "geometry": {"type": "Point", "coordinates": [19.131133, 48.932429]}, "properties": {"objectid": 12082, "cislo_b": "1943", "hg_region": "Veľká Fatra - východná časť", "popis": "prameň", "vydatnost_l_s": 0.209302, "proposed_tag": "natural=spring", "osm_spring_or_water_100m": true}}, {"type": "Feature", "geometry": {"type": "Point", "coordinates": [19.130657, 48.932222]}, "properties": {"objectid": 12083, "cislo_b": "1944", "hg_region": "Veľká Fatra - východná časť", "popis": "prameň", "vydatnost_l_s": 0.142841, "proposed_tag": "natural=spring", "osm_spring_or_water_100m": true}}, {"type": "Feature", "geometry": {"type": "Point", "coordinates": [19.131302, 48.933304]}, "properties": {"objectid": 12084, "cislo_b": "1945", "hg_region": "Veľká Fatra - východná časť", "popis": "prameň", "vydatnost_l_s": 0.225, "proposed_tag": "natural=spring", "osm_spring_or_water_100m": false}}, {"type": "Feature", "geometry": {"type": "Point", "coordinates": [19.131066, 48.933348]}, "properties": {"objectid": 12085, "cislo_b": "1946", "hg_region": "Veľká Fatra - východná časť", "popis": "prameň", "vydatnost_l_s": 0.104651, "proposed_tag": "natural=spring", "osm_spring_or_water_100m": false}}, {"type": "Feature", "geometry": {"type": "Point", "coordinates": [19.132928, 48.933487]}, "properties": {"objectid": 12086, "cislo_b": "1947", "hg_region": "Veľká Fatra - východná časť", "popis": "prameň", "vydatnost_l_s": 0.367347, "proposed_tag": "natural=spring", "osm_spring_or_water_100m": true}}, {"type": "Feature", "geometry": {"type": "Point", "coordinates": [19.133731, 48.934122]}, "properties": {"objectid": 12087, "cislo_b": "1948", "hg_region": "Veľká Fatra - východná časť", "popis": "prameň", "vydatnost_l_s": 0.257143, "proposed_tag": "natural=spring", "osm_spring_or_water_100m": true}}, {"type": "Feature", "geometry": {"type": "Point", "coordinates": [19.133418, 48.936047]}, "properties": {"objectid": 12088, "cislo_b": "1949", "hg_region": "Veľká Fatra - východná časť", "popis": "prameň", "vydatnost_l_s": 0.503521, "proposed_tag": "natural=spring", "osm_spring_or_water_100m": false}}, {"type": "Feature", "geometry": {"type": "Point", "coordinates": [19.143084, 48.955408]}, "properties": {"objectid": 12089, "cislo_b": "1950", "hg_region": "Veľká Fatra - východná časť", "popis": "prameň", "vydatnost_l_s": 0.1, "proposed_tag": "natural=spring", "osm_spring_or_water_100m": false}}, {"type": "Feature", "geometry": {"type": "Point", "coordinates": [19.142839, 48.954974]}, "properties": {"objectid": 12090, "cislo_b": "1951", "hg_region": "Veľká Fatra - východná časť", "popis": "prameň", "vydatnost_l_s": 1.08117, "proposed_tag": "natural=spring", "osm_spring_or_water_100m": false}}, {"type": "Feature", "geometry": {"type": "Point", "coordinates": [19.143289, 48.954814]}, "properties": {"objectid": 12091, "cislo_b": "1952", "hg_region": "Veľká Fatra - východná časť", "popis": "prameň", "vydatnost_l_s": 0.194595, "proposed_tag": "natural=spring", "osm_spring_or_water_100m": false}}, {"type": "Feature", "geometry": {"type": "Point", "coordinates": [19.142894, 48.954651]}, "properties": {"objectid": 12092, "cislo_b": "1953", "hg_region": "Veľká Fatra - východná časť", "popis": "prameň", "vydatnost_l_s": 0.8, "proposed_tag": "natural=spring", "osm_spring_or_water_100m": false}}, {"type": "Feature", "geometry": {"type": "Point", "coordinates": [19.144406, 48.954529]}, "properties": {"objectid": 12093, "cislo_b": "1954", "hg_region": "Veľká Fatra - východná časť", "popis": "prameň", "vydatnost_l_s": 0.295082, "proposed_tag": "natural=spring", "osm_spring_or_water_100m": false}}, {"type": "Feature", "geometry": {"type": "Point", "coordinates": [19.144328, 48.954358]}, "properties": {"objectid": 12094, "cislo_b": "1955", "hg_region": "Veľká Fatra - východná časť", "popis": "prameň", "vydatnost_l_s": 0.315811, "proposed_tag": "natural=spring", "osm_spring_or_water_100m": false}}, {"type": "Feature", "geometry": {"type": "Point", "coordinates": [19.14595, 48.951647]}, "properties": {"objectid": 12095, "cislo_b": "1956", "hg_region": "Veľká Fatra - východná časť", "popis": "prameň", "vydatnost_l_s": 0.276923, "proposed_tag": "natural=spring", "osm_spring_or_water_100m": true}}, {"type": "Feature", "geometry": {"type": "Point", "coordinates": [19.146435, 48.952483]}, "properties": {"objectid": 12096, "cislo_b": "1957", "hg_region": "Veľká Fatra - východná časť", "popis": "prameň", "vydatnost_l_s": 0.138996, "proposed_tag": "natural=spring", "osm_spring_or_water_100m": true}}, {"type": "Feature", "geometry": {"type": "Point", "coordinates": [19.14847, 48.952253]}, "properties": {"objectid": 12097, "cislo_b": "1958", "hg_region": "Veľká Fatra - východná časť", "popis": "prameň", "vydatnost_l_s": 0.6, "proposed_tag": "natural=spring", "osm_spring_or_water_100m": true}}, {"type": "Feature", "geometry": {"type": "Point", "coordinates": [19.148508, 48.951955]}, "properties": {"objectid": 12098, "cislo_b": "1959", "hg_region": "Veľká Fatra - východná časť", "popis": "prameň", "vydatnost_l_s": 0.545455, "proposed_tag": "natural=spring", "osm_spring_or_water_100m": true}}, {"type": "Feature", "geometry": {"type": "Point", "coordinates": [19.148229, 48.952121]}, "properties": {"objectid": 12099, "cislo_b": "1960", "hg_region": "Veľká Fatra - východná časť", "popis": "prameň", "vydatnost_l_s": 0.251572, "proposed_tag": "natural=spring", "osm_spring_or_water_100m": true}}, {"type": "Feature", "geometry": {"type": "Point", "coordinates": [19.148887, 48.950943]}, "properties": {"objectid": 12100, "cislo_b": "1961", "hg_region": "Veľká Fatra - východná časť", "popis": "prameň", "vydatnost_l_s": 0.295082, "proposed_tag": "natural=spring", "osm_spring_or_water_100m": true}}, {"type": "Feature", "geometry": {"type": "Point", "coordinates": [19.149176, 48.951005]}, "properties": {"objectid": 12101, "cislo_b": "1962", "hg_region": "Veľká Fatra - východná časť", "popis": "prameň", "vydatnost_l_s": 0.113174, "proposed_tag": "natural=spring", "osm_spring_or_water_100m": true}}, {"type": "Feature", "geometry": {"type": "Point", "coordinates": [19.149354, 48.951117]}, "properties": {"objectid": 12102, "cislo_b": "1963", "hg_region": "Veľká Fatra - východná časť", "popis": "prameň", "vydatnost_l_s": 0.1, "proposed_tag": "natural=spring", "osm_spring_or_water_100m": true}}, {"type": "Feature", "geometry": {"type": "Point", "coordinates": [19.152377, 48.950595]}, "properties": {"objectid": 12103, "cislo_b": "1964", "hg_region": "Veľká Fatra - východná časť", "popis": "prameň", "vydatnost_l_s": 0.4, "proposed_tag": "natural=spring", "osm_spring_or_water_100m": true}}, {"type": "Feature", "geometry": {"type": "Point", "coordinates": [19.124587, 48.931065]}, "properties": {"objectid": 12140, "cislo_b": "2001", "hg_region": "Veľká Fatra - východná časť", "popis": "prameň", "vydatnost_l_s": 0.383142, "proposed_tag": "natural=spring", "osm_spring_or_water_100m": true}}, {"type": "Feature", "geometry": {"type": "Point", "coordinates": [19.125335, 48.930687]}, "properties": {"objectid": 12141, "cislo_b": "2002", "hg_region": "Veľká Fatra - východná časť", "popis": "prameň", "vydatnost_l_s": 0.0332447, "proposed_tag": "natural=spring", "osm_spring_or_water_100m": true}}, {"type": "Feature", "geometry": {"type": "Point", "coordinates": [19.125822, 48.931256]}, "properties": {"objectid": 12142, "cislo_b": "2003", "hg_region": "Veľká Fatra - východná časť", "popis": "prameň", "vydatnost_l_s": 0.02, "proposed_tag": "natural=spring", "osm_spring_or_water_100m": true}}, {"type": "Feature", "geometry": {"type": "Point", "coordinates": [19.126456, 48.932245]}, "properties": {"objectid": 12143, "cislo_b": "2004", "hg_region": "Veľká Fatra - východná časť", "popis": "prameň", "vydatnost_l_s": 0.418337, "proposed_tag": "natural=spring", "osm_spring_or_water_100m": false}}, {"type": "Feature", "geometry": {"type": "Point", "coordinates": [19.127872, 48.932771]}, "properties": {"objectid": 12144, "cislo_b": "2005", "hg_region": "Veľká Fatra - východná časť", "popis": "prameň", "vydatnost_l_s": 0.05, "proposed_tag": "natural=spring", "osm_spring_or_water_100m": false}}, {"type": "Feature", "geometry": {"type": "Point", "coordinates": [19.128116, 48.93331]}, "properties": {"objectid": 12145, "cislo_b": "2006", "hg_region": "Veľká Fatra - východná časť", "popis": "prameň", "vydatnost_l_s": 0.05, "proposed_tag": "natural=spring", "osm_spring_or_water_100m": false}}, {"type": "Feature", "geometry": {"type": "Point", "coordinates": [19.128502, 48.934005]}, "properties": {"objectid": 12146, "cislo_b": "2007", "hg_region": "Veľká Fatra - východná časť", "popis": "prameň", "vydatnost_l_s": 0.03, "proposed_tag": "natural=spring", "osm_spring_or_water_100m": false}}, {"type": "Feature", "geometry": {"type": "Point", "coordinates": [19.243102, 49.00983]}, "properties": {"objectid": 12206, "cislo_b": "2067", "hg_region": "Veľká Fatra - východná časť", "popis": "prameň", "vydatnost_l_s": 0.1, "proposed_tag": "natural=spring", "osm_spring_or_water_100m": false}}, {"type": "Feature", "geometry": {"type": "Point", "coordinates": [19.244107, 49.010498]}, "properties": {"objectid": 12207, "cislo_b": "2068", "hg_region": "Veľká Fatra - východná časť", "popis": "prameň", "vydatnost_l_s": 0.1, "proposed_tag": "natural=spring", "osm_spring_or_water_100m": false}}, {"type": "Feature", "geometry": {"type": "Point", "coordinates": [19.244337, 49.01113]}, "properties": {"objectid": 12208, "cislo_b": "2069", "hg_region": "Veľká Fatra - východná časť", "popis": "prameň", "vydatnost_l_s": 0.392857, "proposed_tag": "natural=spring", "osm_spring_or_water_100m": true}}, {"type": "Feature", "geometry": {"type": "Point", "coordinates": [19.245306, 49.013336]}, "properties": {"objectid": 12209, "cislo_b": "2070", "hg_region": "Veľká Fatra - východná časť", "popis": "prameň", "vydatnost_l_s": 0.48, "proposed_tag": "natural=spring", "osm_spring_or_water_100m": true}}, {"type": "Feature", "geometry": {"type": "Point", "coordinates": [19.246077, 49.013104]}, "properties": {"objectid": 12210, "cislo_b": "2071", "hg_region": "Veľká Fatra - východná časť", "popis": "prameň", "vydatnost_l_s": 0.35, "proposed_tag": "natural=spring", "osm_spring_or_water_100m": true}}, {"type": "Feature", "geometry": {"type": "Point", "coordinates": [19.245573, 49.012566]}, "properties": {"objectid": 12211, "cislo_b": "2072", "hg_region": "Veľká Fatra - východná časť", "popis": "prameň", "vydatnost_l_s": 0.07, "proposed_tag": "natural=spring", "osm_spring_or_water_100m": false}}, {"type": "Feature", "geometry": {"type": "Point", "coordinates": [19.245663, 49.012369]}, "properties": {"objectid": 12212, "cislo_b": "2073", "hg_region": "Veľká Fatra - východná časť", "popis": "prameň", "vydatnost_l_s": 0.05, "proposed_tag": "natural=spring", "osm_spring_or_water_100m": false}}, {"type": "Feature", "geometry": {"type": "Point", "coordinates": [19.250232, 49.01022]}, "properties": {"objectid": 12213, "cislo_b": "2074", "hg_region": "Veľká Fatra - východná časť", "popis": "prameň", "vydatnost_l_s": 0.05, "proposed_tag": "natural=spring", "osm_spring_or_water_100m": false}}, {"type": "Feature", "geometry": {"type": "Point", "coordinates": [19.249686, 49.009552]}, "properties": {"objectid": 12214, "cislo_b": "2075", "hg_region": "Veľká Fatra - východná časť", "popis": "prameň", "vydatnost_l_s": 0.05, "proposed_tag": "natural=spring", "osm_spring_or_water_100m": true}}, {"type": "Feature", "geometry": {"type": "Point", "coordinates": [19.248274, 49.008848]}, "properties": {"objectid": 12215, "cislo_b": "2076", "hg_region": "Veľká Fatra - východná časť", "popis": "prameň", "vydatnost_l_s": 0.08, "proposed_tag": "natural=spring", "osm_spring_or_water_100m": true}}, {"type": "Feature", "geometry": {"type": "Point", "coordinates": [19.247721, 49.006135]}, "properties": {"objectid": 12216, "cislo_b": "2077", "hg_region": "Veľká Fatra - východná časť", "popis": "prameň", "vydatnost_l_s": 0.1, "proposed_tag": "natural=spring", "osm_spring_or_water_100m": false}}, {"type": "Feature", "geometry": {"type": "Point", "coordinates": [19.245243, 49.007814]}, "properties": {"objectid": 12217, "cislo_b": "2078", "hg_region": "Veľká Fatra - východná časť", "popis": "prameň", "vydatnost_l_s": 0.1, "proposed_tag": "natural=spring", "osm_spring_or_water_100m": false}}, {"type": "Feature", "geometry": {"type": "Point", "coordinates": [19.243615, 49.008721]}, "properties": {"objectid": 12218, "cislo_b": "2079", "hg_region": "Veľká Fatra - východná časť", "popis": "prameň", "vydatnost_l_s": 0.2, "proposed_tag": "natural=spring", "osm_spring_or_water_100m": false}}, {"type": "Feature", "geometry": {"type": "Point", "coordinates": [19.237011, 49.012025]}, "properties": {"objectid": 12219, "cislo_b": "2080", "hg_region": "Veľká Fatra - východná časť", "popis": "prameň", "vydatnost_l_s": 0.07, "proposed_tag": "natural=spring", "osm_spring_or_water_100m": false}}, {"type": "Feature", "geometry": {"type": "Point", "coordinates": [19.236973, 49.012518]}, "properties": {"objectid": 12220, "cislo_b": "2081", "hg_region": "Veľká Fatra - východná časť", "popis": "prameň", "vydatnost_l_s": 0.1, "proposed_tag": "natural=spring", "osm_spring_or_water_100m": true}}, {"type": "Feature", "geometry": {"type": "Point", "coordinates": [19.236454, 49.013611]}, "properties": {"objectid": 12221, "cislo_b": "2082", "hg_region": "Veľká Fatra - východná časť", "popis": "prameň", "vydatnost_l_s": 0.07, "proposed_tag": "natural=spring", "osm_spring_or_water_100m": true}}, {"type": "Feature", "geometry": {"type": "Point", "coordinates": [19.23759, 49.013766]}, "properties": {"objectid": 12222, "cislo_b": "2083", "hg_region": "Veľká Fatra - východná časť", "popis": "prameň", "vydatnost_l_s": 0.1, "proposed_tag": "natural=spring", "osm_spring_or_water_100m": true}}, {"type": "Feature", "geometry": {"type": "Point", "coordinates": [19.237002, 49.01586]}, "properties": {"objectid": 12223, "cislo_b": "2084", "hg_region": "Veľká Fatra - východná časť", "popis": "prameň", "vydatnost_l_s": 0.07, "proposed_tag": "natural=spring", "osm_spring_or_water_100m": true}}, {"type": "Feature", "geometry": {"type": "Point", "coordinates": [19.237205, 49.01682]}, "properties": {"objectid": 12224, "cislo_b": "2085", "hg_region": "Veľká Fatra - východná časť", "popis": "prameň", "vydatnost_l_s": 0.05, "proposed_tag": "natural=spring", "osm_spring_or_water_100m": true}}, {"type": "Feature", "geometry": {"type": "Point", "coordinates": [19.237393, 49.017198]}, "properties": {"objectid": 12225, "cislo_b": "2086", "hg_region": "Veľká Fatra - východná časť", "popis": "prameň", "vydatnost_l_s": 0.52037, "proposed_tag": "natural=spring", "osm_spring_or_water_100m": false}}, {"type": "Feature", "geometry": {"type": "Point", "coordinates": [19.237333, 49.017019]}, "properties": {"objectid": 12226, "cislo_b": "2087", "hg_region": "Veľká Fatra - východná časť", "popis": "prameň", "vydatnost_l_s": 0.05, "proposed_tag": "natural=spring", "osm_spring_or_water_100m": false}}, {"type": "Feature", "geometry": {"type": "Point", "coordinates": [19.237945, 49.019823]}, "properties": {"objectid": 12227, "cislo_b": "2088", "hg_region": "Veľká Fatra - východná časť", "popis": "prameň", "vydatnost_l_s": 0.05, "proposed_tag": "natural=spring", "osm_spring_or_water_100m": false}}, {"type": "Feature", "geometry": {"type": "Point", "coordinates": [19.237733, 49.019988]}, "properties": {"objectid": 12228, "cislo_b": "2089", "hg_region": "Veľká Fatra - východná časť", "popis": "prameň", "vydatnost_l_s": 0.05, "proposed_tag": "natural=spring", "osm_spring_or_water_100m": false}}, {"type": "Feature", "geometry": {"type": "Point", "coordinates": [19.231193, 49.019413]}, "properties": {"objectid": 12229, "cislo_b": "2090", "hg_region": "Veľká Fatra - východná časť", "popis": "prameň", "vydatnost_l_s": 0.02, "proposed_tag": "natural=spring", "osm_spring_or_water_100m": false}}, {"type": "Feature", "geometry": {"type": "Point", "coordinates": [19.232074, 49.018751]}, "properties": {"objectid": 12230, "cislo_b": "2091", "hg_region": "Veľká Fatra - východná časť", "popis": "prameň", "vydatnost_l_s": 0.07, "proposed_tag": "natural=spring", "osm_spring_or_water_100m": false}}, {"type": "Feature", "geometry": {"type": "Point", "coordinates": [19.23191, 49.018116]}, "properties": {"objectid": 12231, "cislo_b": "2092", "hg_region": "Veľká Fatra - východná časť", "popis": "prameň", "vydatnost_l_s": 0.1, "proposed_tag": "natural=spring", "osm_spring_or_water_100m": false}}, {"type": "Feature", "geometry": {"type": "Point", "coordinates": [19.235432, 49.016271]}, "properties": {"objectid": 12232, "cislo_b": "2093", "hg_region": "Veľká Fatra - východná časť", "popis": "prameň", "vydatnost_l_s": 0.35, "proposed_tag": "natural=spring", "osm_spring_or_water_100m": false}}, {"type": "Feature", "geometry": {"type": "Point", "coordinates": [19.232507, 49.013962]}, "properties": {"objectid": 12233, "cislo_b": "2094", "hg_region": "Veľká Fatra - východná časť", "popis": "prameň", "vydatnost_l_s": 0.2, "proposed_tag": "natural=spring", "osm_spring_or_water_100m": true}}, {"type": "Feature", "geometry": {"type": "Point", "coordinates": [19.229319, 49.015689]}, "properties": {"objectid": 12234, "cislo_b": "2095", "hg_region": "Veľká Fatra - východná časť", "popis": "prameň", "vydatnost_l_s": 0.05, "proposed_tag": "natural=spring", "osm_spring_or_water_100m": true}}, {"type": "Feature", "geometry": {"type": "Point", "coordinates": [19.229601, 49.015712]}, "properties": {"objectid": 12235, "cislo_b": "2096", "hg_region": "Veľká Fatra - východná časť", "popis": "prameň", "vydatnost_l_s": 0.3, "proposed_tag": "natural=spring", "osm_spring_or_water_100m": true}}, {"type": "Feature", "geometry": {"type": "Point", "coordinates": [19.228712, 49.016844]}, "properties": {"objectid": 12236, "cislo_b": "2097", "hg_region": "Veľká Fatra - východná časť", "popis": "prameň", "vydatnost_l_s": 0.08, "proposed_tag": "natural=spring", "osm_spring_or_water_100m": false}}, {"type": "Feature", "geometry": {"type": "Point", "coordinates": [19.228119, 49.014336]}, "properties": {"objectid": 12237, "cislo_b": "2098", "hg_region": "Veľká Fatra - východná časť", "popis": "prameň", "vydatnost_l_s": 0.15, "proposed_tag": "natural=spring", "osm_spring_or_water_100m": false}}, {"type": "Feature", "geometry": {"type": "Point", "coordinates": [19.226408, 49.012939]}, "properties": {"objectid": 12238, "cislo_b": "2099", "hg_region": "Veľká Fatra - východná časť", "popis": "prameň", "vydatnost_l_s": 0.05, "proposed_tag": "natural=spring", "osm_spring_or_water_100m": false}}, {"type": "Feature", "geometry": {"type": "Point", "coordinates": [19.2243, 49.013777]}, "properties": {"objectid": 12239, "cislo_b": "2100", "hg_region": "Veľká Fatra - východná časť", "popis": "prameň", "vydatnost_l_s": 0.07, "proposed_tag": "natural=spring", "osm_spring_or_water_100m": false}}, {"type": "Feature", "geometry": {"type": "Point", "coordinates": [19.172869, 49.025307]}, "properties": {"objectid": 12294, "cislo_b": "2155", "hg_region": "Veľká Fatra - východná časť", "popis": "prameň", "vydatnost_l_s": 0.015, "proposed_tag": "natural=spring", "osm_spring_or_water_100m": false}}, {"type": "Feature", "geometry": {"type": "Point", "coordinates": [19.170829, 49.021163]}, "properties": {"objectid": 12295, "cislo_b": "2156", "hg_region": "Veľká Fatra - východná časť", "popis": "prameň", "vydatnost_l_s": 0.0967742, "proposed_tag": "natural=spring", "osm_spring_or_water_100m": false}}, {"type": "Feature", "geometry": {"type": "Point", "coordinates": [19.169705, 49.018966]}, "properties": {"objectid": 12296, "cislo_b": "2157", "hg_region": "Veľká Fatra - východná časť", "popis": "prameň", "vydatnost_l_s": 0.0507042, "proposed_tag": "natural=spring", "osm_spring_or_water_100m": false}}, {"type": "Feature", "geometry": {"type": "Point", "coordinates": [19.167786, 49.018837]}, "properties": {"objectid": 12297, "cislo_b": "2158", "hg_region": "Veľká Fatra - východná časť", "popis": "prameň", "vydatnost_l_s": 0.685191, "proposed_tag": "natural=spring", "osm_spring_or_water_100m": false}}, {"type": "Feature", "geometry": {"type": "Point", "coordinates": [19.167466, 49.018825]}, "properties": {"objectid": 12298, "cislo_b": "2159", "hg_region": "Veľká Fatra - východná časť", "popis": "prameň", "vydatnost_l_s": 1.36357, "proposed_tag": "natural=spring", "osm_spring_or_water_100m": false}}, {"type": "Feature", "geometry": {"type": "Point", "coordinates": [19.165658, 49.018373]}, "properties": {"objectid": 12299, "cislo_b": "2160", "hg_region": "Veľká Fatra - východná časť", "popis": "prameň", "vydatnost_l_s": 2.918, "proposed_tag": "natural=spring", "osm_spring_or_water_100m": true}}, {"type": "Feature", "geometry": {"type": "Point", "coordinates": [19.166118, 49.01847]}, "properties": {"objectid": 12300, "cislo_b": "2161", "hg_region": "Veľká Fatra - východná časť", "popis": "prameň", "vydatnost_l_s": 0.0740741, "proposed_tag": "natural=spring", "osm_spring_or_water_100m": true}}, {"type": "Feature", "geometry": {"type": "Point", "coordinates": [19.167832, 49.021434]}, "properties": {"objectid": 12301, "cislo_b": "2162", "hg_region": "Veľká Fatra - východná časť", "popis": "prameň", "vydatnost_l_s": 0.075, "proposed_tag": "natural=spring", "osm_spring_or_water_100m": false}}, {"type": "Feature", "geometry": {"type": "Point", "coordinates": [19.167646, 49.022531]}, "properties": {"objectid": 12302, "cislo_b": "2163", "hg_region": "Veľká Fatra - východná časť", "popis": "prameň", "vydatnost_l_s": 0.3, "proposed_tag": "natural=spring", "osm_spring_or_water_100m": false}}, {"type": "Feature", "geometry": {"type": "Point", "coordinates": [19.16644, 49.026927]}, "properties": {"objectid": 12303, "cislo_b": "2164", "hg_region": "Veľká Fatra - východná časť", "popis": "prameň", "vydatnost_l_s": 0.1, "proposed_tag": "natural=spring", "osm_spring_or_water_100m": false}}, {"type": "Feature", "geometry": {"type": "Point", "coordinates": [19.190513, 49.019953]}, "properties": {"objectid": 12304, "cislo_b": "2165", "hg_region": "Veľká Fatra - východná časť", "popis": "prameň", "vydatnost_l_s": 0.1, "proposed_tag": "natural=spring", "osm_spring_or_water_100m": false}}, {"type": "Feature", "geometry": {"type": "Point", "coordinates": [19.186098, 49.02114]}, "properties": {"objectid": 12305, "cislo_b": "2166", "hg_region": "Veľká Fatra - východná časť", "popis": "prameň", "vydatnost_l_s": 0.125, "proposed_tag": "natural=spring", "osm_spring_or_water_100m": false}}, {"type": "Feature", "geometry": {"type": "Point", "coordinates": [19.185002, 49.020558]}, "properties": {"objectid": 12306, "cislo_b": "2167", "hg_region": "Veľká Fatra - východná časť", "popis": "prameň", "vydatnost_l_s": 0.808333, "proposed_tag": "natural=spring", "osm_spring_or_water_100m": false}}, {"type": "Feature", "geometry": {"type": "Point", "coordinates": [19.184555, 49.019508]}, "properties": {"objectid": 12307, "cislo_b": "2168", "hg_region": "Veľká Fatra - východná časť", "popis": "prameň", "vydatnost_l_s": 1.42571, "proposed_tag": "natural=spring", "osm_spring_or_water_100m": false}}, {"type": "Feature", "geometry": {"type": "Point", "coordinates": [19.182601, 49.018657]}, "properties": {"objectid": 12308, "cislo_b": "2169", "hg_region": "Veľká Fatra - východná časť", "popis": "prameň", "vydatnost_l_s": 0.2, "proposed_tag": "natural=spring", "osm_spring_or_water_100m": false}}, {"type": "Feature", "geometry": {"type": "Point", "coordinates": [19.164611, 49.027388]}, "properties": {"objectid": 12309, "cislo_b": "2170", "hg_region": "Veľká Fatra - východná časť", "popis": "prameň", "vydatnost_l_s": 0.02, "proposed_tag": "natural=spring", "osm_spring_or_water_100m": false}}, {"type": "Feature", "geometry": {"type": "Point", "coordinates": [19.163142, 49.028577]}, "properties": {"objectid": 12310, "cislo_b": "2171", "hg_region": "Veľká Fatra - východná časť", "popis": "prameň", "vydatnost_l_s": 0.0909091, "proposed_tag": "natural=spring", "osm_spring_or_water_100m": false}}, {"type": "Feature", "geometry": {"type": "Point", "coordinates": [19.16057, 49.030788]}, "properties": {"objectid": 12311, "cislo_b": "2172", "hg_region": "Veľká Fatra - východná časť", "popis": "prameň", "vydatnost_l_s": 0.05, "proposed_tag": "natural=spring", "osm_spring_or_water_100m": false}}, {"type": "Feature", "geometry": {"type": "Point", "coordinates": [19.159169, 49.03165]}, "properties": {"objectid": 12312, "cislo_b": "2173", "hg_region": "Veľká Fatra - východná časť", "popis": "prameň", "vydatnost_l_s": 0.02, "proposed_tag": "natural=spring", "osm_spring_or_water_100m": false}}, {"type": "Feature", "geometry": {"type": "Point", "coordinates": [19.15589, 49.031724]}, "properties": {"objectid": 12313, "cislo_b": "2174", "hg_region": "Veľká Fatra - východná časť", "popis": "prameň", "vydatnost_l_s": 0.1, "proposed_tag": "natural=spring", "osm_spring_or_water_100m": false}}, {"type": "Feature", "geometry": {"type": "Point", "coordinates": [19.141999, 48.986302]}, "properties": {"objectid": 12314, "cislo_b": "2175", "hg_region": "Veľká Fatra - východná časť", "popis": "prameň", "vydatnost_l_s": 0.2, "proposed_tag": "natural=spring", "osm_spring_or_water_100m": false}}, {"type": "Feature", "geometry": {"type": "Point", "coordinates": [19.142551, 48.986515]}, "properties": {"objectid": 12315, "cislo_b": "2176", "hg_region": "Veľká Fatra - východná časť", "popis": "prameň", "vydatnost_l_s": 0.0357143, "proposed_tag": "natural=spring", "osm_spring_or_water_100m": false}}, {"type": "Feature", "geometry": {"type": "Point", "coordinates": [19.141721, 48.986975]}, "properties": {"objectid": 12316, "cislo_b": "2177", "hg_region": "Veľká Fatra - východná časť", "popis": "prameň", "vydatnost_l_s": 0.39375, "proposed_tag": "natural=spring", "osm_spring_or_water_100m": false}}, {"type": "Feature", "geometry": {"type": "Point", "coordinates": [19.140616, 48.987193]}, "properties": {"objectid": 12317, "cislo_b": "2178", "hg_region": "Veľká Fatra - východná časť", "popis": "prameň", "vydatnost_l_s": 0.05, "proposed_tag": "natural=spring", "osm_spring_or_water_100m": false}}, {"type": "Feature", "geometry": {"type": "Point", "coordinates": [19.141551, 48.988177]}, "properties": {"objectid": 12318, "cislo_b": "2179", "hg_region": "Veľká Fatra - východná časť", "popis": "prameň", "vydatnost_l_s": 0.332, "proposed_tag": "natural=spring", "osm_spring_or_water_100m": false}}, {"type": "Feature", "geometry": {"type": "Point", "coordinates": [19.14406, 48.993806]}, "properties": {"objectid": 12319, "cislo_b": "2180", "hg_region": "Veľká Fatra - východná časť", "popis": "prameň", "vydatnost_l_s": 0.0384615, "proposed_tag": "natural=spring", "osm_spring_or_water_100m": false}}, {"type": "Feature", "geometry": {"type": "Point", "coordinates": [19.145377, 48.99387]}, "properties": {"objectid": 12320, "cislo_b": "2181", "hg_region": "Veľká Fatra - východná časť", "popis": "prameň", "vydatnost_l_s": 0.133871, "proposed_tag": "natural=spring", "osm_spring_or_water_100m": false}}, {"type": "Feature", "geometry": {"type": "Point", "coordinates": [19.142585, 48.996698]}, "properties": {"objectid": 12321, "cislo_b": "2182", "hg_region": "Veľká Fatra - východná časť", "popis": "prameň", "vydatnost_l_s": 0.619231, "proposed_tag": "natural=spring", "osm_spring_or_water_100m": false}}, {"type": "Feature", "geometry": {"type": "Point", "coordinates": [19.139817, 48.96873]}, "properties": {"objectid": 12322, "cislo_b": "2183", "hg_region": "Veľká Fatra - východná časť", "popis": "prameň", "vydatnost_l_s": 0.0857143, "proposed_tag": "natural=spring", "osm_spring_or_water_100m": true}}, {"type": "Feature", "geometry": {"type": "Point", "coordinates": [19.151606, 48.965266]}, "properties": {"objectid": 12323, "cislo_b": "2184", "hg_region": "Veľká Fatra - východná časť", "popis": "prameň", "vydatnost_l_s": 0.01, "proposed_tag": "natural=spring", "osm_spring_or_water_100m": false}}, {"type": "Feature", "geometry": {"type": "Point", "coordinates": [19.154249, 48.965494]}, "properties": {"objectid": 12324, "cislo_b": "2185", "hg_region": "Veľká Fatra - východná časť", "popis": "prameň", "vydatnost_l_s": 0.0128205, "proposed_tag": "natural=spring", "osm_spring_or_water_100m": true}}, {"type": "Feature", "geometry": {"type": "Point", "coordinates": [19.155381, 48.965341]}, "properties": {"objectid": 12325, "cislo_b": "2186", "hg_region": "Veľká Fatra - východná časť", "popis": "prameň", "vydatnost_l_s": 0.15, "proposed_tag": "natural=spring", "osm_spring_or_water_100m": true}}, {"type": "Feature", "geometry": {"type": "Point", "coordinates": [19.156003, 48.965329]}, "properties": {"objectid": 12326, "cislo_b": "2187", "hg_region": "Veľká Fatra - východná časť", "popis": "prameň", "vydatnost_l_s": 0.156604, "proposed_tag": "natural=spring", "osm_spring_or_water_100m": false}}, {"type": "Feature", "geometry": {"type": "Point", "coordinates": [19.156701, 48.965047]}, "properties": {"objectid": 12327, "cislo_b": "2188", "hg_region": "Veľká Fatra - východná časť", "popis": "prameň", "vydatnost_l_s": 0.1, "proposed_tag": "natural=spring", "osm_spring_or_water_100m": false}}, {"type": "Feature", "geometry": {"type": "Point", "coordinates": [19.154294, 48.963768]}, "properties": {"objectid": 12328, "cislo_b": "2189", "hg_region": "Veľká Fatra - východná časť", "popis": "prameň", "vydatnost_l_s": 0.197619, "proposed_tag": "natural=spring", "osm_spring_or_water_100m": false}}, {"type": "Feature", "geometry": {"type": "Point", "coordinates": [19.153606, 48.963244]}, "properties": {"objectid": 12329, "cislo_b": "2190", "hg_region": "Veľká Fatra - východná časť", "popis": "prameň", "vydatnost_l_s": 0.1, "proposed_tag": "natural=spring", "osm_spring_or_water_100m": false}}, {"type": "Feature", "geometry": {"type": "Point", "coordinates": [19.151077, 48.961298]}, "properties": {"objectid": 12330, "cislo_b": "2191", "hg_region": "Veľká Fatra - východná časť", "popis": "prameň", "vydatnost_l_s": 0.146341, "proposed_tag": "natural=spring", "osm_spring_or_water_100m": false}}, {"type": "Feature", "geometry": {"type": "Point", "coordinates": [19.149378, 48.960533]}, "properties": {"objectid": 12331, "cislo_b": "2192", "hg_region": "Veľká Fatra - východná časť", "popis": "prameň", "vydatnost_l_s": 0.1, "proposed_tag": "natural=spring", "osm_spring_or_water_100m": false}}, {"type": "Feature", "geometry": {"type": "Point", "coordinates": [19.14825, 48.96098]}, "properties": {"objectid": 12332, "cislo_b": "2193", "hg_region": "Veľká Fatra - východná časť", "popis": "prameň", "vydatnost_l_s": 0.188636, "proposed_tag": "natural=spring", "osm_spring_or_water_100m": false}}, {"type": "Feature", "geometry": {"type": "Point", "coordinates": [19.147392, 48.960234]}, "properties": {"objectid": 12333, "cislo_b": "2194", "hg_region": "Veľká Fatra - východná časť", "popis": "prameň", "vydatnost_l_s": 0.0337079, "proposed_tag": "natural=spring", "osm_spring_or_water_100m": false}}, {"type": "Feature", "geometry": {"type": "Point", "coordinates": [19.141748, 48.947233]}, "properties": {"objectid": 12334, "cislo_b": "2195", "hg_region": "Veľká Fatra - východná časť", "popis": "prameň", "vydatnost_l_s": 0.18, "proposed_tag": "natural=spring", "osm_spring_or_water_100m": false}}, {"type": "Feature", "geometry": {"type": "Point", "coordinates": [19.14284, 48.94685]}, "properties": {"objectid": 12335, "cislo_b": "2196", "hg_region": "Veľká Fatra - východná časť", "popis": "prameň", "vydatnost_l_s": 0.791667, "proposed_tag": "natural=spring", "osm_spring_or_water_100m": false}}, {"type": "Feature", "geometry": {"type": "Point", "coordinates": [19.145051, 48.945226]}, "properties": {"objectid": 12336, "cislo_b": "2197", "hg_region": "Veľká Fatra - východná časť", "popis": "prameň", "vydatnost_l_s": 0.147273, "proposed_tag": "natural=spring", "osm_spring_or_water_100m": false}}, {"type": "Feature", "geometry": {"type": "Point", "coordinates": [19.145444, 48.944743]}, "properties": {"objectid": 12337, "cislo_b": "2198", "hg_region": "Veľká Fatra - východná časť", "popis": "prameň", "vydatnost_l_s": 0.02, "proposed_tag": "natural=spring", "osm_spring_or_water_100m": false}}, {"type": "Feature", "geometry": {"type": "Point", "coordinates": [19.145855, 48.944819]}, "properties": {"objectid": 12338, "cislo_b": "2199", "hg_region": "Veľká Fatra - východná časť", "popis": "prameň", "vydatnost_l_s": 0.377468, "proposed_tag": "natural=spring", "osm_spring_or_water_100m": false}}, {"type": "Feature", "geometry": {"type": "Point", "coordinates": [19.147419, 48.944516]}, "properties": {"objectid": 12339, "cislo_b": "2200", "hg_region": "Veľká Fatra - východná časť", "popis": "prameň", "vydatnost_l_s": 0.3, "proposed_tag": "natural=spring", "osm_spring_or_water_100m": true}}, {"type": "Feature", "geometry": {"type": "Point", "coordinates": [19.148938, 48.94438]}, "properties": {"objectid": 12340, "cislo_b": "2201", "hg_region": "Veľká Fatra - východná časť", "popis": "prameň", "vydatnost_l_s": 0.184444, "proposed_tag": "natural=spring", "osm_spring_or_water_100m": true}}, {"type": "Feature", "geometry": {"type": "Point", "coordinates": [19.149185, 48.947227]}, "properties": {"objectid": 12341, "cislo_b": "2202", "hg_region": "Veľká Fatra - východná časť", "popis": "prameň", "vydatnost_l_s": 0.01, "proposed_tag": "natural=spring", "osm_spring_or_water_100m": true}}, {"type": "Feature", "geometry": {"type": "Point", "coordinates": [19.146714, 48.947478]}, "properties": {"objectid": 12342, "cislo_b": "2203", "hg_region": "Veľká Fatra - východná časť", "popis": "prameň", "vydatnost_l_s": 0.1, "proposed_tag": "natural=spring", "osm_spring_or_water_100m": false}}, {"type": "Feature", "geometry": {"type": "Point", "coordinates": [19.14362, 48.947359]}, "properties": {"objectid": 12343, "cislo_b": "2204", "hg_region": "Veľká Fatra - východná časť", "popis": "prameň", "vydatnost_l_s": 0.03, "proposed_tag": "natural=spring", "osm_spring_or_water_100m": false}}, {"type": "Feature", "geometry": {"type": "Point", "coordinates": [19.142894, 48.947269]}, "properties": {"objectid": 12344, "cislo_b": "2205", "hg_region": "Veľká Fatra - východná časť", "popis": "prameň", "vydatnost_l_s": 0.45, "proposed_tag": "natural=spring", "osm_spring_or_water_100m": false}}, {"type": "Feature", "geometry": {"type": "Point", "coordinates": [19.134434, 48.939228]}, "properties": {"objectid": 12345, "cislo_b": "2206", "hg_region": "Veľká Fatra - východná časť", "popis": "prameň", "vydatnost_l_s": 0.338776, "proposed_tag": "natural=spring", "osm_spring_or_water_100m": false}}, {"type": "Feature", "geometry": {"type": "Point", "coordinates": [19.135584, 48.937938]}, "properties": {"objectid": 12346, "cislo_b": "2207", "hg_region": "Veľká Fatra - východná časť", "popis": "prameň", "vydatnost_l_s": 0.1, "proposed_tag": "natural=spring", "osm_spring_or_water_100m": true}}, {"type": "Feature", "geometry": {"type": "Point", "coordinates": [19.135708, 48.9376]}, "properties": {"objectid": 12347, "cislo_b": "2208", "hg_region": "Veľká Fatra - východná časť", "popis": "prameň", "vydatnost_l_s": 0.1, "proposed_tag": "natural=spring", "osm_spring_or_water_100m": true}}, {"type": "Feature", "geometry": {"type": "Point", "coordinates": [19.135481, 48.937505]}, "properties": {"objectid": 12348, "cislo_b": "2209", "hg_region": "Veľká Fatra - východná časť", "popis": "prameň", "vydatnost_l_s": 0.05, "proposed_tag": "natural=spring", "osm_spring_or_water_100m": true}}, {"type": "Feature", "geometry": {"type": "Point", "coordinates": [19.136188, 48.937124]}, "properties": {"objectid": 12349, "cislo_b": "2210", "hg_region": "Veľká Fatra - východná časť", "popis": "prameň", "vydatnost_l_s": 0.714, "proposed_tag": "natural=spring", "osm_spring_or_water_100m": true}}, {"type": "Feature", "geometry": {"type": "Point", "coordinates": [19.136469, 48.936825]}, "properties": {"objectid": 12350, "cislo_b": "2211", "hg_region": "Veľká Fatra - východná časť", "popis": "prameň", "vydatnost_l_s": 0.317742, "proposed_tag": "natural=spring", "osm_spring_or_water_100m": true}}, {"type": "Feature", "geometry": {"type": "Point", "coordinates": [19.134389, 48.935526]}, "properties": {"objectid": 12351, "cislo_b": "2212", "hg_region": "Veľká Fatra - východná časť", "popis": "prameň", "vydatnost_l_s": 0.05, "proposed_tag": "natural=spring", "osm_spring_or_water_100m": true}}, {"type": "Feature", "geometry": {"type": "Point", "coordinates": [19.134672, 48.935712]}, "properties": {"objectid": 12352, "cislo_b": "2213", "hg_region": "Veľká Fatra - východná časť", "popis": "prameň", "vydatnost_l_s": 0.448649, "proposed_tag": "natural=spring", "osm_spring_or_water_100m": true}}, {"type": "Feature", "geometry": {"type": "Point", "coordinates": [19.13507, 48.935359]}, "properties": {"objectid": 12353, "cislo_b": "2214", "hg_region": "Veľká Fatra - východná časť", "popis": "prameň", "vydatnost_l_s": 0.2, "proposed_tag": "natural=spring", "osm_spring_or_water_100m": true}}, {"type": "Feature", "geometry": {"type": "Point", "coordinates": [19.135797, 48.935257]}, "properties": {"objectid": 12354, "cislo_b": "2215", "hg_region": "Veľká Fatra - východná časť", "popis": "prameň", "vydatnost_l_s": 0.448649, "proposed_tag": "natural=spring", "osm_spring_or_water_100m": true}}, {"type": "Feature", "geometry": {"type": "Point", "coordinates": [19.135986, 48.935655]}, "properties": {"objectid": 12355, "cislo_b": "2216", "hg_region": "Veľká Fatra - východná časť", "popis": "prameň", "vydatnost_l_s": 0.0612245, "proposed_tag": "natural=spring", "osm_spring_or_water_100m": true}}, {"type": "Feature", "geometry": {"type": "Point", "coordinates": [19.137419, 48.937628]}, "properties": {"objectid": 12356, "cislo_b": "2217", "hg_region": "Veľká Fatra - východná časť", "popis": "prameň", "vydatnost_l_s": 1.10667, "proposed_tag": "natural=spring", "osm_spring_or_water_100m": true}}, {"type": "Feature", "geometry": {"type": "Point", "coordinates": [19.137887, 48.937296]}, "properties": {"objectid": 12357, "cislo_b": "2218", "hg_region": "Veľká Fatra - východná časť", "popis": "prameň", "vydatnost_l_s": 0.15, "proposed_tag": "natural=spring", "osm_spring_or_water_100m": true}}, {"type": "Feature", "geometry": {"type": "Point", "coordinates": [19.137683, 48.936503]}, "properties": {"objectid": 12358, "cislo_b": "2219", "hg_region": "Veľká Fatra - východná časť", "popis": "prameň", "vydatnost_l_s": 0.1, "proposed_tag": "natural=spring", "osm_spring_or_water_100m": true}}, {"type": "Feature", "geometry": {"type": "Point", "coordinates": [19.138, 48.93523]}, "properties": {"objectid": 12359, "cislo_b": "2220", "hg_region": "Veľká Fatra - východná časť", "popis": "prameň", "vydatnost_l_s": 0.08, "proposed_tag": "natural=spring", "osm_spring_or_water_100m": true}}, {"type": "Feature", "geometry": {"type": "Point", "coordinates": [19.13829, 48.935362]}, "properties": {"objectid": 12360, "cislo_b": "2221", "hg_region": "Veľká Fatra - východná časť", "popis": "prameň", "vydatnost_l_s": 0.1, "proposed_tag": "natural=spring", "osm_spring_or_water_100m": true}}, {"type": "Feature", "geometry": {"type": "Point", "coordinates": [19.138772, 48.935629]}, "properties": {"objectid": 12361, "cislo_b": "2222", "hg_region": "Veľká Fatra - východná časť", "popis": "prameň", "vydatnost_l_s": 0.1, "proposed_tag": "natural=spring", "osm_spring_or_water_100m": true}}, {"type": "Feature", "geometry": {"type": "Point", "coordinates": [19.141116, 48.93638]}, "properties": {"objectid": 12362, "cislo_b": "2223", "hg_region": "Veľká Fatra - východná časť", "popis": "prameň", "vydatnost_l_s": 0.2, "proposed_tag": "natural=spring", "osm_spring_or_water_100m": true}}, {"type": "Feature", "geometry": {"type": "Point", "coordinates": [19.14108, 48.938821]}, "properties": {"objectid": 12363, "cislo_b": "2224", "hg_region": "Veľká Fatra - východná časť", "popis": "prameň", "vydatnost_l_s": 0.332, "proposed_tag": "natural=spring", "osm_spring_or_water_100m": false}}, {"type": "Feature", "geometry": {"type": "Point", "coordinates": [19.14206, 48.939265]}, "properties": {"objectid": 12364, "cislo_b": "2225", "hg_region": "Veľká Fatra - východná časť", "popis": "prameň", "vydatnost_l_s": 0.2, "proposed_tag": "natural=spring", "osm_spring_or_water_100m": false}}, {"type": "Feature", "geometry": {"type": "Point", "coordinates": [19.216235, 49.046625]}, "properties": {"objectid": 12438, "cislo_b": "2299", "hg_region": "Veľká Fatra - východná časť", "popis": "prameň", "vydatnost_l_s": 0.747748, "proposed_tag": "natural=spring", "osm_spring_or_water_100m": true}}, {"type": "Feature", "geometry": {"type": "Point", "coordinates": [19.215287, 49.04522]}, "properties": {"objectid": 12439, "cislo_b": "2300", "hg_region": "Veľká Fatra - východná časť", "popis": "prameň", "vydatnost_l_s": 0.0325866, "proposed_tag": "natural=spring", "osm_spring_or_water_100m": true}}, {"type": "Feature", "geometry": {"type": "Point", "coordinates": [19.216309, 49.044093]}, "properties": {"objectid": 12440, "cislo_b": "2301", "hg_region": "Veľká Fatra - východná časť", "popis": "prameň", "vydatnost_l_s": 0.112162, "proposed_tag": "natural=spring", "osm_spring_or_water_100m": true}}, {"type": "Feature", "geometry": {"type": "Point", "coordinates": [19.212038, 49.042524]}, "properties": {"objectid": 12441, "cislo_b": "2302", "hg_region": "Veľká Fatra - východná časť", "popis": "prameň", "vydatnost_l_s": 0.0542484, "proposed_tag": "natural=spring", "osm_spring_or_water_100m": true}}, {"type": "Feature", "geometry": {"type": "Point", "coordinates": [19.211476, 49.042468]}, "properties": {"objectid": 12442, "cislo_b": "2303", "hg_region": "Veľká Fatra - východná časť", "popis": "prameň", "vydatnost_l_s": 0.02, "proposed_tag": "natural=spring", "osm_spring_or_water_100m": true}}, {"type": "Feature", "geometry": {"type": "Point", "coordinates": [19.214764, 49.042934]}, "properties": {"objectid": 12443, "cislo_b": "2304", "hg_region": "Veľká Fatra - východná časť", "popis": "prameň", "vydatnost_l_s": 0.04, "proposed_tag": "natural=spring", "osm_spring_or_water_100m": true}}, {"type": "Feature", "geometry": {"type": "Point", "coordinates": [19.215533, 49.042204]}, "properties": {"objectid": 12444, "cislo_b": "2305", "hg_region": "Veľká Fatra - východná časť", "popis": "prameň", "vydatnost_l_s": 0.02, "proposed_tag": "natural=spring", "osm_spring_or_water_100m": false}}, {"type": "Feature", "geometry": {"type": "Point", "coordinates": [19.216082, 49.047835]}, "properties": {"objectid": 12445, "cislo_b": "2306", "hg_region": "Veľká Fatra - východná časť", "popis": "prameň", "vydatnost_l_s": 0.0727273, "proposed_tag": "natural=spring", "osm_spring_or_water_100m": true}}, {"type": "Feature", "geometry": {"type": "Point", "coordinates": [19.219623, 49.046994]}, "properties": {"objectid": 12447, "cislo_b": "2308", "hg_region": "Veľká Fatra - východná časť", "popis": "prameň", "vydatnost_l_s": 0.04, "proposed_tag": "natural=spring", "osm_spring_or_water_100m": true}}, {"type": "Feature", "geometry": {"type": "Point", "coordinates": [19.220172, 49.046822]}, "properties": {"objectid": 12448, "cislo_b": "2309", "hg_region": "Veľká Fatra - východná časť", "popis": "prameň", "vydatnost_l_s": 0.42132, "proposed_tag": "natural=spring", "osm_spring_or_water_100m": true}}, {"type": "Feature", "geometry": {"type": "Point", "coordinates": [19.221655, 49.046489]}, "properties": {"objectid": 12449, "cislo_b": "2310", "hg_region": "Veľká Fatra - východná časť", "popis": "prameň", "vydatnost_l_s": 0.03, "proposed_tag": "natural=spring", "osm_spring_or_water_100m": true}}, {"type": "Feature", "geometry": {"type": "Point", "coordinates": [19.220131, 49.047708]}, "properties": {"objectid": 12450, "cislo_b": "2311", "hg_region": "Veľká Fatra - východná časť", "popis": "prameň", "vydatnost_l_s": 0.105063, "proposed_tag": "natural=spring", "osm_spring_or_water_100m": true}}, {"type": "Feature", "geometry": {"type": "Point", "coordinates": [19.222401, 49.046787]}, "properties": {"objectid": 12451, "cislo_b": "2312", "hg_region": "Veľká Fatra - východná časť", "popis": "prameň", "vydatnost_l_s": 0.133871, "proposed_tag": "natural=spring", "osm_spring_or_water_100m": true}}, {"type": "Feature", "geometry": {"type": "Point", "coordinates": [19.222982, 49.046061]}, "properties": {"objectid": 12452, "cislo_b": "2313", "hg_region": "Veľká Fatra - východná časť", "popis": "prameň", "vydatnost_l_s": 0.03, "proposed_tag": "natural=spring", "osm_spring_or_water_100m": false}}, {"type": "Feature", "geometry": {"type": "Point", "coordinates": [19.221315, 49.044991]}, "properties": {"objectid": 12453, "cislo_b": "2314", "hg_region": "Veľká Fatra - východná časť", "popis": "prameň", "vydatnost_l_s": 0.1, "proposed_tag": "natural=spring", "osm_spring_or_water_100m": false}}, {"type": "Feature", "geometry": {"type": "Point", "coordinates": [19.220851, 49.044978]}, "properties": {"objectid": 12454, "cislo_b": "2315", "hg_region": "Veľká Fatra - východná časť", "popis": "prameň", "vydatnost_l_s": 0.0660317, "proposed_tag": "natural=spring", "osm_spring_or_water_100m": false}}, {"type": "Feature", "geometry": {"type": "Point", "coordinates": [19.21929, 49.044505]}, "properties": {"objectid": 12455, "cislo_b": "2316", "hg_region": "Veľká Fatra - východná časť", "popis": "prameň", "vydatnost_l_s": 0.210601, "proposed_tag": "natural=spring", "osm_spring_or_water_100m": true}}, {"type": "Feature", "geometry": {"type": "Point", "coordinates": [19.219394, 49.043916]}, "properties": {"objectid": 12456, "cislo_b": "2317", "hg_region": "Veľká Fatra - východná časť", "popis": "prameň", "vydatnost_l_s": 0.03, "proposed_tag": "natural=spring", "osm_spring_or_water_100m": true}}, {"type": "Feature", "geometry": {"type": "Point", "coordinates": [19.218657, 49.043559]}, "properties": {"objectid": 12457, "cislo_b": "2318", "hg_region": "Veľká Fatra - východná časť", "popis": "prameň", "vydatnost_l_s": 0.01, "proposed_tag": "natural=spring", "osm_spring_or_water_100m": true}}, {"type": "Feature", "geometry": {"type": "Point", "coordinates": [19.218972, 49.043351]}, "properties": {"objectid": 12458, "cislo_b": "2319", "hg_region": "Veľká Fatra - východná časť", "popis": "prameň", "vydatnost_l_s": 0.05, "proposed_tag": "natural=spring", "osm_spring_or_water_100m": true}}, {"type": "Feature", "geometry": {"type": "Point", "coordinates": [19.20674, 48.999493]}, "properties": {"objectid": 12459, "cislo_b": "2320", "hg_region": "Veľká Fatra - východná časť", "popis": "prameň", "vydatnost_l_s": 0.3, "proposed_tag": "natural=spring", "osm_spring_or_water_100m": true}}, {"type": "Feature", "geometry": {"type": "Point", "coordinates": [19.197692, 49.040403]}, "properties": {"objectid": 11035, "cislo_b": "901", "hg_region": "Veľká Fatra - východná časť", "popis": "prameň", "vydatnost_l_s": 0.987292, "proposed_tag": "natural=spring", "osm_spring_or_water_100m": false}}, {"type": "Feature", "geometry": {"type": "Point", "coordinates": [19.196999, 49.038603]}, "properties": {"objectid": 11036, "cislo_b": "902", "hg_region": "Veľká Fatra - východná časť", "popis": "prameň", "vydatnost_l_s": 0.1, "proposed_tag": "natural=spring", "osm_spring_or_water_100m": false}}, {"type": "Feature", "geometry": {"type": "Point", "coordinates": [19.199839, 49.039098]}, "properties": {"objectid": 11037, "cislo_b": "903", "hg_region": "Veľká Fatra - východná časť", "popis": "prameň", "vydatnost_l_s": 0.306061, "proposed_tag": "natural=spring", "osm_spring_or_water_100m": false}}, {"type": "Feature", "geometry": {"type": "Point", "coordinates": [19.201597, 49.036274]}, "properties": {"objectid": 11038, "cislo_b": "904", "hg_region": "Veľká Fatra - východná časť", "popis": "prameň", "vydatnost_l_s": 0.05, "proposed_tag": "natural=spring", "osm_spring_or_water_100m": false}}, {"type": "Feature", "geometry": {"type": "Point", "coordinates": [19.200728, 49.035885]}, "properties": {"objectid": 11039, "cislo_b": "905", "hg_region": "Veľká Fatra - východná časť", "popis": "prameň", "vydatnost_l_s": 0.302395, "proposed_tag": "natural=spring", "osm_spring_or_water_100m": false}}, {"type": "Feature", "geometry": {"type": "Point", "coordinates": [19.193479, 49.036399]}, "properties": {"objectid": 11040, "cislo_b": "906", "hg_region": "Veľká Fatra - východná časť", "popis": "prameň", "vydatnost_l_s": 0.05, "proposed_tag": "natural=spring", "osm_spring_or_water_100m": false}}, {"type": "Feature", "geometry": {"type": "Point", "coordinates": [19.192461, 49.036109]}, "properties": {"objectid": 11041, "cislo_b": "907", "hg_region": "Veľká Fatra - východná časť", "popis": "prameň", "vydatnost_l_s": 0.05, "proposed_tag": "natural=spring", "osm_spring_or_water_100m": false}}, {"type": "Feature", "geometry": {"type": "Point", "coordinates": [19.189713, 49.037119]}, "properties": {"objectid": 11042, "cislo_b": "908", "hg_region": "Veľká Fatra - východná časť", "popis": "prameň", "vydatnost_l_s": 0.01, "proposed_tag": "natural=spring", "osm_spring_or_water_100m": false}}, {"type": "Feature", "geometry": {"type": "Point", "coordinates": [19.189153, 49.035882]}, "properties": {"objectid": 11043, "cislo_b": "909", "hg_region": "Veľká Fatra - východná časť", "popis": "prameň", "vydatnost_l_s": 0.15, "proposed_tag": "natural=spring", "osm_spring_or_water_100m": false}}, {"type": "Feature", "geometry": {"type": "Point", "coordinates": [19.188283, 49.035854]}, "properties": {"objectid": 11044, "cislo_b": "910", "hg_region": "Veľká Fatra - východná časť", "popis": "prameň", "vydatnost_l_s": 0.05, "proposed_tag": "natural=spring", "osm_spring_or_water_100m": false}}, {"type": "Feature", "geometry": {"type": "Point", "coordinates": [19.201643, 49.033968]}, "properties": {"objectid": 11045, "cislo_b": "911", "hg_region": "Veľká Fatra - východná časť", "popis": "prameň", "vydatnost_l_s": 0.47549, "proposed_tag": "natural=spring", "osm_spring_or_water_100m": true}}, {"type": "Feature", "geometry": {"type": "Point", "coordinates": [19.201284, 49.033632]}, "properties": {"objectid": 11046, "cislo_b": "912", "hg_region": "Veľká Fatra - východná časť", "popis": "prameň", "vydatnost_l_s": 0.297546, "proposed_tag": "natural=spring", "osm_spring_or_water_100m": true}}, {"type": "Feature", "geometry": {"type": "Point", "coordinates": [19.202492, 49.032554]}, "properties": {"objectid": 11047, "cislo_b": "913", "hg_region": "Veľká Fatra - východná časť", "popis": "prameň", "vydatnost_l_s": 0.423849, "proposed_tag": "natural=spring", "osm_spring_or_water_100m": true}}, {"type": "Feature", "geometry": {"type": "Point", "coordinates": [19.204169, 49.031018]}, "properties": {"objectid": 11048, "cislo_b": "914", "hg_region": "Veľká Fatra - východná časť", "popis": "prameň", "vydatnost_l_s": 0.36194, "proposed_tag": "natural=spring", "osm_spring_or_water_100m": false}}, {"type": "Feature", "geometry": {"type": "Point", "coordinates": [19.206185, 49.030797]}, "properties": {"objectid": 11049, "cislo_b": "915", "hg_region": "Veľká Fatra - východná časť", "popis": "prameň", "vydatnost_l_s": 0.170775, "proposed_tag": "natural=spring", "osm_spring_or_water_100m": false}}, {"type": "Feature", "geometry": {"type": "Point", "coordinates": [19.208516, 49.030032]}, "properties": {"objectid": 11050, "cislo_b": "916", "hg_region": "Veľká Fatra - východná časť", "popis": "prameň", "vydatnost_l_s": 1.2125, "proposed_tag": "natural=spring", "osm_spring_or_water_100m": false}}, {"type": "Feature", "geometry": {"type": "Point", "coordinates": [19.212335, 49.030081]}, "properties": {"objectid": 11051, "cislo_b": "917", "hg_region": "Veľká Fatra - východná časť", "popis": "prameň", "vydatnost_l_s": 0.182331, "proposed_tag": "natural=spring", "osm_spring_or_water_100m": false}}, {"type": "Feature", "geometry": {"type": "Point", "coordinates": [19.212899, 49.029703]}, "properties": {"objectid": 11052, "cislo_b": "918", "hg_region": "Veľká Fatra - východná časť", "popis": "prameň", "vydatnost_l_s": 0.449074, "proposed_tag": "natural=spring", "osm_spring_or_water_100m": false}}, {"type": "Feature", "geometry": {"type": "Point", "coordinates": [19.214987, 49.030747]}, "properties": {"objectid": 11053, "cislo_b": "919", "hg_region": "Veľká Fatra - východná časť", "popis": "prameň", "vydatnost_l_s": 1.40609, "proposed_tag": "natural=spring", "osm_spring_or_water_100m": false}}, {"type": "Feature", "geometry": {"type": "Point", "coordinates": [19.213068, 49.033316]}, "properties": {"objectid": 11054, "cislo_b": "920", "hg_region": "Veľká Fatra - východná časť", "popis": "prameň", "vydatnost_l_s": 0.782258, "proposed_tag": "natural=spring", "osm_spring_or_water_100m": false}}, {"type": "Feature", "geometry": {"type": "Point", "coordinates": [19.209391, 49.034095]}, "properties": {"objectid": 11055, "cislo_b": "921", "hg_region": "Veľká Fatra - východná časť", "popis": "prameň", "vydatnost_l_s": 0.151562, "proposed_tag": "natural=spring", "osm_spring_or_water_100m": true}}, {"type": "Feature", "geometry": {"type": "Point", "coordinates": [19.207308, 49.032568]}, "properties": {"objectid": 11056, "cislo_b": "922", "hg_region": "Veľká Fatra - východná časť", "popis": "prameň", "vydatnost_l_s": 0.577381, "proposed_tag": "natural=spring", "osm_spring_or_water_100m": true}}, {"type": "Feature", "geometry": {"type": "Point", "coordinates": [19.206579, 49.032256]}, "properties": {"objectid": 11057, "cislo_b": "923", "hg_region": "Veľká Fatra - východná časť", "popis": "prameň", "vydatnost_l_s": 0.836207, "proposed_tag": "natural=spring", "osm_spring_or_water_100m": false}}, {"type": "Feature", "geometry": {"type": "Point", "coordinates": [19.206319, 49.032101]}, "properties": {"objectid": 11058, "cislo_b": "924", "hg_region": "Veľká Fatra - východná časť", "popis": "prameň", "vydatnost_l_s": 0.4, "proposed_tag": "natural=spring", "osm_spring_or_water_100m": false}}, {"type": "Feature", "geometry": {"type": "Point", "coordinates": [19.195024, 49.030822]}, "properties": {"objectid": 11059, "cislo_b": "925", "hg_region": "Veľká Fatra - východná časť", "popis": "prameň", "vydatnost_l_s": 0.673611, "proposed_tag": "natural=spring", "osm_spring_or_water_100m": false}}, {"type": "Feature", "geometry": {"type": "Point", "coordinates": [19.19618, 49.02622]}, "properties": {"objectid": 11060, "cislo_b": "926", "hg_region": "Veľká Fatra - východná časť", "popis": "prameň", "vydatnost_l_s": 0.12125, "proposed_tag": "natural=spring", "osm_spring_or_water_100m": false}}, {"type": "Feature", "geometry": {"type": "Point", "coordinates": [19.197297, 49.026549]}, "properties": {"objectid": 11061, "cislo_b": "927", "hg_region": "Veľká Fatra - východná časť", "popis": "prameň", "vydatnost_l_s": 0.131081, "proposed_tag": "natural=spring", "osm_spring_or_water_100m": false}}, {"type": "Feature", "geometry": {"type": "Point", "coordinates": [19.196439, 49.026187]}, "properties": {"objectid": 11062, "cislo_b": "928", "hg_region": "Veľká Fatra - východná časť", "popis": "prameň", "vydatnost_l_s": 0.02, "proposed_tag": "natural=spring", "osm_spring_or_water_100m": false}}, {"type": "Feature", "geometry": {"type": "Point", "coordinates": [19.197431, 49.026146]}, "properties": {"objectid": 11063, "cislo_b": "929", "hg_region": "Veľká Fatra - východná časť", "popis": "prameň", "vydatnost_l_s": 0.1, "proposed_tag": "natural=spring", "osm_spring_or_water_100m": false}}, {"type": "Feature", "geometry": {"type": "Point", "coordinates": [19.198556, 49.026421]}, "properties": {"objectid": 11064, "cislo_b": "930", "hg_region": "Veľká Fatra - východná časť", "popis": "prameň", "vydatnost_l_s": 0.177656, "proposed_tag": "natural=spring", "osm_spring_or_water_100m": false}}, {"type": "Feature", "geometry": {"type": "Point", "coordinates": [19.199847, 49.025813]}, "properties": {"objectid": 11065, "cislo_b": "931", "hg_region": "Veľká Fatra - východná časť", "popis": "prameň", "vydatnost_l_s": 0.2425, "proposed_tag": "natural=spring", "osm_spring_or_water_100m": false}}, {"type": "Feature", "geometry": {"type": "Point", "coordinates": [19.205073, 49.022022]}, "properties": {"objectid": 11066, "cislo_b": "932", "hg_region": "Veľká Fatra - východná časť", "popis": "prameň", "vydatnost_l_s": 0.230952, "proposed_tag": "natural=spring", "osm_spring_or_water_100m": false}}, {"type": "Feature", "geometry": {"type": "Point", "coordinates": [19.207696, 49.021413]}, "properties": {"objectid": 11067, "cislo_b": "933", "hg_region": "Veľká Fatra - východná časť", "popis": "prameň", "vydatnost_l_s": 0.131793, "proposed_tag": "natural=spring", "osm_spring_or_water_100m": false}}, {"type": "Feature", "geometry": {"type": "Point", "coordinates": [19.207852, 49.021044]}, "properties": {"objectid": 11068, "cislo_b": "934", "hg_region": "Veľká Fatra - východná časť", "popis": "prameň", "vydatnost_l_s": 0.281977, "proposed_tag": "natural=spring", "osm_spring_or_water_100m": false}}, {"type": "Feature", "geometry": {"type": "Point", "coordinates": [19.207908, 49.020765]}, "properties": {"objectid": 11069, "cislo_b": "935", "hg_region": "Veľká Fatra - východná časť", "popis": "prameň", "vydatnost_l_s": 0.138968, "proposed_tag": "natural=spring", "osm_spring_or_water_100m": false}}, {"type": "Feature", "geometry": {"type": "Point", "coordinates": [19.192804, 49.027129]}, "properties": {"objectid": 11070, "cislo_b": "936", "hg_region": "Veľká Fatra - východná časť", "popis": "prameň", "vydatnost_l_s": 0.2, "proposed_tag": "natural=spring", "osm_spring_or_water_100m": false}}, {"type": "Feature", "geometry": {"type": "Point", "coordinates": [19.197337, 49.032366]}, "properties": {"objectid": 11071, "cislo_b": "937", "hg_region": "Veľká Fatra - východná časť", "popis": "prameň", "vydatnost_l_s": 0.341549, "proposed_tag": "natural=spring", "osm_spring_or_water_100m": false}}, {"type": "Feature", "geometry": {"type": "Point", "coordinates": [19.198547, 49.027263]}, "properties": {"objectid": 11072, "cislo_b": "938", "hg_region": "Veľká Fatra - východná časť", "popis": "prameň", "vydatnost_l_s": 0.0692857, "proposed_tag": "natural=spring", "osm_spring_or_water_100m": false}}, {"type": "Feature", "geometry": {"type": "Point", "coordinates": [19.198957, 49.027219]}, "properties": {"objectid": 11073, "cislo_b": "939", "hg_region": "Veľká Fatra - východná časť", "popis": "prameň", "vydatnost_l_s": 0.0692857, "proposed_tag": "natural=spring", "osm_spring_or_water_100m": false}}, {"type": "Feature", "geometry": {"type": "Point", "coordinates": [19.204829, 49.026979]}, "properties": {"objectid": 11074, "cislo_b": "940", "hg_region": "Veľká Fatra - východná časť", "popis": "prameň", "vydatnost_l_s": 0.621795, "proposed_tag": "natural=spring", "osm_spring_or_water_100m": false}}, {"type": "Feature", "geometry": {"type": "Point", "coordinates": [19.205642, 49.026428]}, "properties": {"objectid": 11075, "cislo_b": "941", "hg_region": "Veľká Fatra - východná časť", "popis": "prameň", "vydatnost_l_s": 0.283626, "proposed_tag": "natural=spring", "osm_spring_or_water_100m": false}}, {"type": "Feature", "geometry": {"type": "Point", "coordinates": [19.206886, 49.025746]}, "properties": {"objectid": 11076, "cislo_b": "942", "hg_region": "Veľká Fatra - východná časť", "popis": "prameň", "vydatnost_l_s": 0.201245, "proposed_tag": "natural=spring", "osm_spring_or_water_100m": false}}, {"type": "Feature", "geometry": {"type": "Point", "coordinates": [19.208198, 49.024425]}, "properties": {"objectid": 11077, "cislo_b": "943", "hg_region": "Veľká Fatra - východná časť", "popis": "prameň", "vydatnost_l_s": 0.334483, "proposed_tag": "natural=spring", "osm_spring_or_water_100m": false}}, {"type": "Feature", "geometry": {"type": "Point", "coordinates": [19.211539, 49.025307]}, "properties": {"objectid": 11078, "cislo_b": "944", "hg_region": "Veľká Fatra - východná časť", "popis": "prameň", "vydatnost_l_s": 0.738579, "proposed_tag": "natural=spring", "osm_spring_or_water_100m": false}}, {"type": "Feature", "geometry": {"type": "Point", "coordinates": [19.211488, 49.025688]}, "properties": {"objectid": 11079, "cislo_b": "945", "hg_region": "Veľká Fatra - východná časť", "popis": "prameň", "vydatnost_l_s": 0.143068, "proposed_tag": "natural=spring", "osm_spring_or_water_100m": false}}, {"type": "Feature", "geometry": {"type": "Point", "coordinates": [19.211148, 49.025834]}, "properties": {"objectid": 11080, "cislo_b": "946", "hg_region": "Veľká Fatra - východná časť", "popis": "prameň", "vydatnost_l_s": 0.295732, "proposed_tag": "natural=spring", "osm_spring_or_water_100m": false}}, {"type": "Feature", "geometry": {"type": "Point", "coordinates": [19.211055, 49.025681]}, "properties": {"objectid": 11081, "cislo_b": "947", "hg_region": "Veľká Fatra - východná časť", "popis": "prameň", "vydatnost_l_s": 0.16782, "proposed_tag": "natural=spring", "osm_spring_or_water_100m": false}}, {"type": "Feature", "geometry": {"type": "Point", "coordinates": [19.211738, 49.02589]}, "properties": {"objectid": 11082, "cislo_b": "948", "hg_region": "Veľká Fatra - východná časť", "popis": "prameň", "vydatnost_l_s": 0.160596, "proposed_tag": "natural=spring", "osm_spring_or_water_100m": false}}, {"type": "Feature", "geometry": {"type": "Point", "coordinates": [19.212428, 49.026175]}, "properties": {"objectid": 11083, "cislo_b": "949", "hg_region": "Veľká Fatra - východná časť", "popis": "prameň", "vydatnost_l_s": 0.05, "proposed_tag": "natural=spring", "osm_spring_or_water_100m": false}}, {"type": "Feature", "geometry": {"type": "Point", "coordinates": [19.215331, 49.026592]}, "properties": {"objectid": 11084, "cislo_b": "950", "hg_region": "Veľká Fatra - východná časť", "popis": "prameň", "vydatnost_l_s": 0.0418103, "proposed_tag": "natural=spring", "osm_spring_or_water_100m": false}}, {"type": "Feature", "geometry": {"type": "Point", "coordinates": [19.211157, 49.02598]}, "properties": {"objectid": 11085, "cislo_b": "951", "hg_region": "Veľká Fatra - východná časť", "popis": "prameň", "vydatnost_l_s": 0.1, "proposed_tag": "natural=spring", "osm_spring_or_water_100m": false}}, {"type": "Feature", "geometry": {"type": "Point", "coordinates": [19.194021, 49.031973]}, "properties": {"objectid": 11086, "cislo_b": "952", "hg_region": "Veľká Fatra - východná časť", "popis": "prameň", "vydatnost_l_s": 0.1, "proposed_tag": "natural=spring", "osm_spring_or_water_100m": false}}, {"type": "Feature", "geometry": {"type": "Point", "coordinates": [19.188604, 49.030252]}, "properties": {"objectid": 11087, "cislo_b": "953", "hg_region": "Veľká Fatra - východná časť", "popis": "prameň", "vydatnost_l_s": 0.1, "proposed_tag": "natural=spring", "osm_spring_or_water_100m": false}}, {"type": "Feature", "geometry": {"type": "Point", "coordinates": [19.188571, 49.027466]}, "properties": {"objectid": 11088, "cislo_b": "954", "hg_region": "Veľká Fatra - východná časť", "popis": "prameň", "vydatnost_l_s": 0.411017, "proposed_tag": "natural=spring", "osm_spring_or_water_100m": false}}, {"type": "Feature", "geometry": {"type": "Point", "coordinates": [19.187065, 49.025685]}, "properties": {"objectid": 11089, "cislo_b": "955", "hg_region": "Veľká Fatra - východná časť", "popis": "prameň", "vydatnost_l_s": 0.0747304, "proposed_tag": "natural=spring", "osm_spring_or_water_100m": false}}, {"type": "Feature", "geometry": {"type": "Point", "coordinates": [19.184062, 49.036651]}, "properties": {"objectid": 11090, "cislo_b": "956", "hg_region": "Veľká Fatra - východná časť", "popis": "prameň", "vydatnost_l_s": 0.01, "proposed_tag": "natural=spring", "osm_spring_or_water_100m": false}}, {"type": "Feature", "geometry": {"type": "Point", "coordinates": [19.179014, 49.039065]}, "properties": {"objectid": 11091, "cislo_b": "957", "hg_region": "Veľká Fatra - východná časť", "popis": "prameň", "vydatnost_l_s": 0.01, "proposed_tag": "natural=spring", "osm_spring_or_water_100m": false}}, {"type": "Feature", "geometry": {"type": "Point", "coordinates": [19.179741, 49.039732]}, "properties": {"objectid": 11092, "cislo_b": "958", "hg_region": "Veľká Fatra - východná časť", "popis": "prameň", "vydatnost_l_s": 0.159016, "proposed_tag": "natural=spring", "osm_spring_or_water_100m": false}}, {"type": "Feature", "geometry": {"type": "Point", "coordinates": [19.182592, 49.040346]}, "properties": {"objectid": 11093, "cislo_b": "959", "hg_region": "Veľká Fatra - východná časť", "popis": "prameň", "vydatnost_l_s": 0.112791, "proposed_tag": "natural=spring", "osm_spring_or_water_100m": false}}, {"type": "Feature", "geometry": {"type": "Point", "coordinates": [19.188362, 49.038228]}, "properties": {"objectid": 11094, "cislo_b": "960", "hg_region": "Veľká Fatra - východná časť", "popis": "prameň", "vydatnost_l_s": 0.01, "proposed_tag": "natural=spring", "osm_spring_or_water_100m": false}}, {"type": "Feature", "geometry": {"type": "Point", "coordinates": [19.186694, 49.038726]}, "properties": {"objectid": 11095, "cislo_b": "961", "hg_region": "Veľká Fatra - východná časť", "popis": "prameň", "vydatnost_l_s": 0.346429, "proposed_tag": "natural=spring", "osm_spring_or_water_100m": false}}, {"type": "Feature", "geometry": {"type": "Point", "coordinates": [19.186277, 49.038844]}, "properties": {"objectid": 11096, "cislo_b": "962", "hg_region": "Veľká Fatra - východná časť", "popis": "prameň", "vydatnost_l_s": 0.190945, "proposed_tag": "natural=spring", "osm_spring_or_water_100m": false}}, {"type": "Feature", "geometry": {"type": "Point", "coordinates": [19.186476, 49.03836]}, "properties": {"objectid": 11097, "cislo_b": "963", "hg_region": "Veľká Fatra - východná časť", "popis": "prameň", "vydatnost_l_s": 0.0576694, "proposed_tag": "natural=spring", "osm_spring_or_water_100m": false}}, {"type": "Feature", "geometry": {"type": "Point", "coordinates": [19.181125, 49.026973]}, "properties": {"objectid": 11098, "cislo_b": "964", "hg_region": "Veľká Fatra - východná časť", "popis": "prameň", "vydatnost_l_s": 0.166667, "proposed_tag": "natural=spring", "osm_spring_or_water_100m": false}}, {"type": "Feature", "geometry": {"type": "Point", "coordinates": [19.181231, 49.031325]}, "properties": {"objectid": 11099, "cislo_b": "965", "hg_region": "Veľká Fatra - východná časť", "popis": "prameň", "vydatnost_l_s": 0.5, "proposed_tag": "natural=spring", "osm_spring_or_water_100m": false}}, {"type": "Feature", "geometry": {"type": "Point", "coordinates": [19.177797, 49.019816]}, "properties": {"objectid": 11100, "cislo_b": "966", "hg_region": "Veľká Fatra - východná časť", "popis": "prameň", "vydatnost_l_s": 0.229858, "proposed_tag": "natural=spring", "osm_spring_or_water_100m": false}}, {"type": "Feature", "geometry": {"type": "Point", "coordinates": [19.1761, 49.01762]}, "properties": {"objectid": 11101, "cislo_b": "967", "hg_region": "Veľká Fatra - východná časť", "popis": "prameň", "vydatnost_l_s": 0.303125, "proposed_tag": "natural=spring", "osm_spring_or_water_100m": false}}, {"type": "Feature", "geometry": {"type": "Point", "coordinates": [19.171563, 49.015811]}, "properties": {"objectid": 11102, "cislo_b": "968", "hg_region": "Veľká Fatra - východná časť", "popis": "prameň", "vydatnost_l_s": 0.1, "proposed_tag": "natural=spring", "osm_spring_or_water_100m": false}}, {"type": "Feature", "geometry": {"type": "Point", "coordinates": [19.170493, 49.015924]}, "properties": {"objectid": 11103, "cislo_b": "969", "hg_region": "Veľká Fatra - východná časť", "popis": "prameň", "vydatnost_l_s": 0.159539, "proposed_tag": "natural=spring", "osm_spring_or_water_100m": false}}, {"type": "Feature", "geometry": {"type": "Point", "coordinates": [19.170592, 49.015617]}, "properties": {"objectid": 11104, "cislo_b": "970", "hg_region": "Veľká Fatra - východná časť", "popis": "prameň", "vydatnost_l_s": 0.102537, "proposed_tag": "natural=spring", "osm_spring_or_water_100m": false}}, {"type": "Feature", "geometry": {"type": "Point", "coordinates": [19.170356, 49.015728]}, "properties": {"objectid": 11105, "cislo_b": "971", "hg_region": "Veľká Fatra - východná časť", "popis": "prameň", "vydatnost_l_s": 0.388, "proposed_tag": "natural=spring", "osm_spring_or_water_100m": false}}, {"type": "Feature", "geometry": {"type": "Point", "coordinates": [19.170039, 49.014375]}, "properties": {"objectid": 11106, "cislo_b": "972", "hg_region": "Veľká Fatra - východná časť", "popis": "prameň", "vydatnost_l_s": 0.183019, "proposed_tag": "natural=spring", "osm_spring_or_water_100m": false}}, {"type": "Feature", "geometry": {"type": "Point", "coordinates": [19.16964, 49.013255]}, "properties": {"objectid": 11107, "cislo_b": "973", "hg_region": "Veľká Fatra - východná časť", "popis": "prameň", "vydatnost_l_s": 0.873119, "proposed_tag": "natural=spring", "osm_spring_or_water_100m": true}}, {"type": "Feature", "geometry": {"type": "Point", "coordinates": [19.169159, 49.012643]}, "properties": {"objectid": 11108, "cislo_b": "974", "hg_region": "Veľká Fatra - východná časť", "popis": "prameň", "vydatnost_l_s": 0.332192, "proposed_tag": "natural=spring", "osm_spring_or_water_100m": true}}, {"type": "Feature", "geometry": {"type": "Point", "coordinates": [19.171645, 49.010284]}, "properties": {"objectid": 11109, "cislo_b": "975", "hg_region": "Veľká Fatra - východná časť", "popis": "prameň", "vydatnost_l_s": 0.1, "proposed_tag": "natural=spring", "osm_spring_or_water_100m": true}}, {"type": "Feature", "geometry": {"type": "Point", "coordinates": [19.172047, 49.011002]}, "properties": {"objectid": 11110, "cislo_b": "976", "hg_region": "Veľká Fatra - východná časť", "popis": "prameň", "vydatnost_l_s": 0.181648, "proposed_tag": "natural=spring", "osm_spring_or_water_100m": true}}, {"type": "Feature", "geometry": {"type": "Point", "coordinates": [19.175612, 49.010847]}, "properties": {"objectid": 11111, "cislo_b": "977", "hg_region": "Veľká Fatra - východná časť", "popis": "prameň", "vydatnost_l_s": 0.151562, "proposed_tag": "natural=spring", "osm_spring_or_water_100m": false}}, {"type": "Feature", "geometry": {"type": "Point", "coordinates": [19.176483, 49.012862]}, "properties": {"objectid": 11112, "cislo_b": "978", "hg_region": "Veľká Fatra - východná časť", "popis": "prameň", "vydatnost_l_s": 0.14521, "proposed_tag": "natural=spring", "osm_spring_or_water_100m": false}}, {"type": "Feature", "geometry": {"type": "Point", "coordinates": [19.187741, 49.011748]}, "properties": {"objectid": 11113, "cislo_b": "979", "hg_region": "Veľká Fatra - východná časť", "popis": "prameň", "vydatnost_l_s": 0.181648, "proposed_tag": "natural=spring", "osm_spring_or_water_100m": false}}, {"type": "Feature", "geometry": {"type": "Point", "coordinates": [19.187338, 49.01261]}, "properties": {"objectid": 11114, "cislo_b": "980", "hg_region": "Veľká Fatra - východná časť", "popis": "prameň", "vydatnost_l_s": 0.613924, "proposed_tag": "natural=spring", "osm_spring_or_water_100m": false}}, {"type": "Feature", "geometry": {"type": "Point", "coordinates": [19.18263, 49.009081]}, "properties": {"objectid": 11115, "cislo_b": "981", "hg_region": "Veľká Fatra - východná časť", "popis": "prameň", "vydatnost_l_s": 0.664384, "proposed_tag": "natural=spring", "osm_spring_or_water_100m": true}}, {"type": "Feature", "geometry": {"type": "Point", "coordinates": [19.181444, 49.009378]}, "properties": {"objectid": 11116, "cislo_b": "982", "hg_region": "Veľká Fatra - východná časť", "popis": "prameň", "vydatnost_l_s": 1.31081, "proposed_tag": "natural=spring", "osm_spring_or_water_100m": true}}, {"type": "Feature", "geometry": {"type": "Point", "coordinates": [19.179825, 49.013047]}, "properties": {"objectid": 11117, "cislo_b": "983", "hg_region": "Veľká Fatra - východná časť", "popis": "prameň", "vydatnost_l_s": 0.15, "proposed_tag": "natural=spring", "osm_spring_or_water_100m": false}}, {"type": "Feature", "geometry": {"type": "Point", "coordinates": [19.189569, 49.022198]}, "properties": {"objectid": 11118, "cislo_b": "984", "hg_region": "Veľká Fatra - východná časť", "popis": "prameň", "vydatnost_l_s": 0.0964215, "proposed_tag": "natural=spring", "osm_spring_or_water_100m": false}}, {"type": "Feature", "geometry": {"type": "Point", "coordinates": [19.190122, 49.021839]}, "properties": {"objectid": 11119, "cislo_b": "985", "hg_region": "Veľká Fatra - východná časť", "popis": "prameň", "vydatnost_l_s": 0.111751, "proposed_tag": "natural=spring", "osm_spring_or_water_100m": false}}, {"type": "Feature", "geometry": {"type": "Point", "coordinates": [19.198247, 49.011451]}, "properties": {"objectid": 11120, "cislo_b": "986", "hg_region": "Veľká Fatra - východná časť", "popis": "prameň", "vydatnost_l_s": 0.584337, "proposed_tag": "natural=spring", "osm_spring_or_water_100m": false}}, {"type": "Feature", "geometry": {"type": "Point", "coordinates": [19.204296, 49.008356]}, "properties": {"objectid": 11121, "cislo_b": "987", "hg_region": "Veľká Fatra - východná časť", "popis": "prameň", "vydatnost_l_s": 0.301242, "proposed_tag": "natural=spring", "osm_spring_or_water_100m": true}}, {"type": "Feature", "geometry": {"type": "Point", "coordinates": [19.204591, 49.007888]}, "properties": {"objectid": 11122, "cislo_b": "988", "hg_region": "Veľká Fatra - východná časť", "popis": "prameň", "vydatnost_l_s": 0.189453, "proposed_tag": "natural=spring", "osm_spring_or_water_100m": true}}, {"type": "Feature", "geometry": {"type": "Point", "coordinates": [19.206423, 49.008071]}, "properties": {"objectid": 11123, "cislo_b": "989", "hg_region": "Veľká Fatra - východná časť", "popis": "prameň", "vydatnost_l_s": 0.202083, "proposed_tag": "natural=spring", "osm_spring_or_water_100m": true}}, {"type": "Feature", "geometry": {"type": "Point", "coordinates": [19.206114, 49.008733]}, "properties": {"objectid": 11124, "cislo_b": "990", "hg_region": "Veľká Fatra - východná časť", "popis": "prameň", "vydatnost_l_s": 0.480198, "proposed_tag": "natural=spring", "osm_spring_or_water_100m": true}}, {"type": "Feature", "geometry": {"type": "Point", "coordinates": [19.20643, 49.008996]}, "properties": {"objectid": 11125, "cislo_b": "991", "hg_region": "Veľká Fatra - východná časť", "popis": "prameň", "vydatnost_l_s": 0.339161, "proposed_tag": "natural=spring", "osm_spring_or_water_100m": true}}, {"type": "Feature", "geometry": {"type": "Point", "coordinates": [19.201093, 49.008827]}, "properties": {"objectid": 11126, "cislo_b": "992", "hg_region": "Veľká Fatra - východná časť", "popis": "prameň", "vydatnost_l_s": 0.3, "proposed_tag": "natural=spring", "osm_spring_or_water_100m": false}}, {"type": "Feature", "geometry": {"type": "Point", "coordinates": [19.200597, 49.008488]}, "properties": {"objectid": 11127, "cislo_b": "993", "hg_region": "Veľká Fatra - východná časť", "popis": "prameň", "vydatnost_l_s": 0.35, "proposed_tag": "natural=spring", "osm_spring_or_water_100m": false}}, {"type": "Feature", "geometry": {"type": "Point", "coordinates": [19.177753, 48.999959]}, "properties": {"objectid": 11134, "cislo_b": "1000", "hg_region": "Veľká Fatra - východná časť", "popis": "prameň", "vydatnost_l_s": 0.162458, "proposed_tag": "natural=spring", "osm_spring_or_water_100m": false}}, {"type": "Feature", "geometry": {"type": "Point", "coordinates": [19.177233, 48.998737]}, "properties": {"objectid": 11135, "cislo_b": "1001", "hg_region": "Veľká Fatra - východná časť", "popis": "prameň", "vydatnost_l_s": 0.410282, "proposed_tag": "natural=spring", "osm_spring_or_water_100m": false}}, {"type": "Feature", "geometry": {"type": "Point", "coordinates": [19.179259, 49.000872]}, "properties": {"objectid": 11136, "cislo_b": "1002", "hg_region": "Veľká Fatra - východná časť", "popis": "prameň", "vydatnost_l_s": 0.0922222, "proposed_tag": "natural=spring", "osm_spring_or_water_100m": false}}, {"type": "Feature", "geometry": {"type": "Point", "coordinates": [19.178614, 49.001489]}, "properties": {"objectid": 11137, "cislo_b": "1003", "hg_region": "Veľká Fatra - východná časť", "popis": "prameň", "vydatnost_l_s": 0.138819, "proposed_tag": "natural=spring", "osm_spring_or_water_100m": false}}, {"type": "Feature", "geometry": {"type": "Point", "coordinates": [19.187453, 49.000583]}, "properties": {"objectid": 11138, "cislo_b": "1004", "hg_region": "Veľká Fatra - východná časť", "popis": "prameň", "vydatnost_l_s": 0.302038, "proposed_tag": "natural=spring", "osm_spring_or_water_100m": false}}, {"type": "Feature", "geometry": {"type": "Point", "coordinates": [19.188157, 49.000849]}, "properties": {"objectid": 11139, "cislo_b": "1005", "hg_region": "Veľká Fatra - východná časť", "popis": "prameň", "vydatnost_l_s": 2.33598, "proposed_tag": "natural=spring", "osm_spring_or_water_100m": false}}, {"type": "Feature", "geometry": {"type": "Point", "coordinates": [19.189737, 48.998342]}, "properties": {"objectid": 11140, "cislo_b": "1006", "hg_region": "Veľká Fatra - východná časť", "popis": "prameň", "vydatnost_l_s": 1.82557, "proposed_tag": "natural=spring", "osm_spring_or_water_100m": false}}, {"type": "Feature", "geometry": {"type": "Point", "coordinates": [19.189985, 48.994595]}, "properties": {"objectid": 11141, "cislo_b": "1007", "hg_region": "Veľká Fatra - východná časť", "popis": "prameň", "vydatnost_l_s": 0.582051, "proposed_tag": "natural=spring", "osm_spring_or_water_100m": false}}, {"type": "Feature", "geometry": {"type": "Point", "coordinates": [19.190285, 48.995066]}, "properties": {"objectid": 11142, "cislo_b": "1008", "hg_region": "Veľká Fatra - východná časť", "popis": "prameň", "vydatnost_l_s": 1.14011, "proposed_tag": "natural=spring", "osm_spring_or_water_100m": false}}, {"type": "Feature", "geometry": {"type": "Point", "coordinates": [19.188247, 48.993995]}, "properties": {"objectid": 11143, "cislo_b": "1009", "hg_region": "Veľká Fatra - východná časť", "popis": "prameň", "vydatnost_l_s": 1.36582, "proposed_tag": "natural=spring", "osm_spring_or_water_100m": false}}, {"type": "Feature", "geometry": {"type": "Point", "coordinates": [19.188906, 48.995514]}, "properties": {"objectid": 11144, "cislo_b": "1010", "hg_region": "Veľká Fatra - východná časť", "popis": "prameň", "vydatnost_l_s": 0.393286, "proposed_tag": "natural=spring", "osm_spring_or_water_100m": false}}, {"type": "Feature", "geometry": {"type": "Point", "coordinates": [19.192648, 48.996393]}, "properties": {"objectid": 11145, "cislo_b": "1011", "hg_region": "Veľká Fatra - východná časť", "popis": "prameň", "vydatnost_l_s": 0.839232, "proposed_tag": "natural=spring", "osm_spring_or_water_100m": false}}, {"type": "Feature", "geometry": {"type": "Point", "coordinates": [19.197513, 48.997618]}, "properties": {"objectid": 11146, "cislo_b": "1012", "hg_region": "Veľká Fatra - východná časť", "popis": "prameň", "vydatnost_l_s": 0.268869, "proposed_tag": "natural=spring", "osm_spring_or_water_100m": false}}, {"type": "Feature", "geometry": {"type": "Point", "coordinates": [19.199159, 48.997202]}, "properties": {"objectid": 11147, "cislo_b": "1013", "hg_region": "Veľká Fatra - východná časť", "popis": "prameň", "vydatnost_l_s": 0.495227, "proposed_tag": "natural=spring", "osm_spring_or_water_100m": false}}, {"type": "Feature", "geometry": {"type": "Point", "coordinates": [19.199159, 48.997531]}, "properties": {"objectid": 11148, "cislo_b": "1014", "hg_region": "Veľká Fatra - východná časť", "popis": "prameň", "vydatnost_l_s": 0.2, "proposed_tag": "natural=spring", "osm_spring_or_water_100m": false}}, {"type": "Feature", "geometry": {"type": "Point", "coordinates": [19.199161, 48.997822]}, "properties": {"objectid": 11149, "cislo_b": "1015", "hg_region": "Veľká Fatra - východná časť", "popis": "prameň", "vydatnost_l_s": 0.1, "proposed_tag": "natural=spring", "osm_spring_or_water_100m": false}}, {"type": "Feature", "geometry": {"type": "Point", "coordinates": [19.199505, 48.996647]}, "properties": {"objectid": 11150, "cislo_b": "1016", "hg_region": "Veľká Fatra - východná časť", "popis": "prameň", "vydatnost_l_s": 0.05, "proposed_tag": "natural=spring", "osm_spring_or_water_100m": false}}, {"type": "Feature", "geometry": {"type": "Point", "coordinates": [19.201721, 49.000691]}, "properties": {"objectid": 11151, "cislo_b": "1017", "hg_region": "Veľká Fatra - východná časť", "popis": "prameň", "vydatnost_l_s": 0.292769, "proposed_tag": "natural=spring", "osm_spring_or_water_100m": true}}, {"type": "Feature", "geometry": {"type": "Point", "coordinates": [19.202093, 49.001454]}, "properties": {"objectid": 11152, "cislo_b": "1018", "hg_region": "Veľká Fatra - východná časť", "popis": "prameň", "vydatnost_l_s": 0.336851, "proposed_tag": "natural=spring", "osm_spring_or_water_100m": false}}, {"type": "Feature", "geometry": {"type": "Point", "coordinates": [19.20119, 49.001583]}, "properties": {"objectid": 11153, "cislo_b": "1019", "hg_region": "Veľká Fatra - východná časť", "popis": "prameň", "vydatnost_l_s": 0.717203, "proposed_tag": "natural=spring", "osm_spring_or_water_100m": false}}, {"type": "Feature", "geometry": {"type": "Point", "coordinates": [19.198439, 48.999863]}, "properties": {"objectid": 11154, "cislo_b": "1020", "hg_region": "Veľká Fatra - východná časť", "popis": "prameň", "vydatnost_l_s": 0.695531, "proposed_tag": "natural=spring", "osm_spring_or_water_100m": false}}, {"type": "Feature", "geometry": {"type": "Point", "coordinates": [19.181735, 49.005979]}, "properties": {"objectid": 11155, "cislo_b": "1021", "hg_region": "Veľká Fatra - východná časť", "popis": "prameň", "vydatnost_l_s": 0.43501, "proposed_tag": "natural=spring", "osm_spring_or_water_100m": false}}, {"type": "Feature", "geometry": {"type": "Point", "coordinates": [19.18335, 49.005955]}, "properties": {"objectid": 11156, "cislo_b": "1022", "hg_region": "Veľká Fatra - východná časť", "popis": "prameň", "vydatnost_l_s": 0.241983, "proposed_tag": "natural=spring", "osm_spring_or_water_100m": false}}, {"type": "Feature", "geometry": {"type": "Point", "coordinates": [19.184004, 49.006033]}, "properties": {"objectid": 11157, "cislo_b": "1023", "hg_region": "Veľká Fatra - východná časť", "popis": "prameň", "vydatnost_l_s": 4.74379, "proposed_tag": "natural=spring", "osm_spring_or_water_100m": false}}, {"type": "Feature", "geometry": {"type": "Point", "coordinates": [19.186101, 49.0054]}, "properties": {"objectid": 11158, "cislo_b": "1024", "hg_region": "Veľká Fatra - východná časť", "popis": "prameň", "vydatnost_l_s": 0.176071, "proposed_tag": "natural=spring", "osm_spring_or_water_100m": false}}, {"type": "Feature", "geometry": {"type": "Point", "coordinates": [19.188649, 49.00348]}, "properties": {"objectid": 11159, "cislo_b": "1025", "hg_region": "Veľká Fatra - východná časť", "popis": "prameň", "vydatnost_l_s": 0.54699, "proposed_tag": "natural=spring", "osm_spring_or_water_100m": false}}, {"type": "Feature", "geometry": {"type": "Point", "coordinates": [19.189751, 49.006748]}, "properties": {"objectid": 11160, "cislo_b": "1026", "hg_region": "Veľká Fatra - východná časť", "popis": "prameň", "vydatnost_l_s": 1.32162, "proposed_tag": "natural=spring", "osm_spring_or_water_100m": false}}, {"type": "Feature", "geometry": {"type": "Point", "coordinates": [19.190504, 49.006215]}, "properties": {"objectid": 11161, "cislo_b": "1027", "hg_region": "Veľká Fatra - východná časť", "popis": "prameň", "vydatnost_l_s": 0.203133, "proposed_tag": "natural=spring", "osm_spring_or_water_100m": false}}, {"type": "Feature", "geometry": {"type": "Point", "coordinates": [19.192845, 49.006101]}, "properties": {"objectid": 11162, "cislo_b": "1028", "hg_region": "Veľká Fatra - východná časť", "popis": "prameň", "vydatnost_l_s": 1.61289, "proposed_tag": "natural=spring", "osm_spring_or_water_100m": false}}, {"type": "Feature", "geometry": {"type": "Point", "coordinates": [19.194221, 49.005718]}, "properties": {"objectid": 11163, "cislo_b": "1029", "hg_region": "Veľká Fatra - východná časť", "popis": "prameň", "vydatnost_l_s": 0.437302, "proposed_tag": "natural=spring", "osm_spring_or_water_100m": false}}, {"type": "Feature", "geometry": {"type": "Point", "coordinates": [19.195512, 49.004798]}, "properties": {"objectid": 11164, "cislo_b": "1030", "hg_region": "Veľká Fatra - východná časť", "popis": "prameň", "vydatnost_l_s": 2.5, "proposed_tag": "natural=spring", "osm_spring_or_water_100m": false}}, {"type": "Feature", "geometry": {"type": "Point", "coordinates": [19.194304, 49.004876]}, "properties": {"objectid": 11165, "cislo_b": "1031", "hg_region": "Veľká Fatra - východná časť", "popis": "prameň", "vydatnost_l_s": 0.5, "proposed_tag": "natural=spring", "osm_spring_or_water_100m": false}}, {"type": "Feature", "geometry": {"type": "Point", "coordinates": [19.192861, 49.005138]}, "properties": {"objectid": 11166, "cislo_b": "1032", "hg_region": "Veľká Fatra - východná časť", "popis": "prameň", "vydatnost_l_s": 0.185558, "proposed_tag": "natural=spring", "osm_spring_or_water_100m": false}}, {"type": "Feature", "geometry": {"type": "Point", "coordinates": [19.192429, 49.00464]}, "properties": {"objectid": 11167, "cislo_b": "1033", "hg_region": "Veľká Fatra - východná časť", "popis": "prameň", "vydatnost_l_s": 0.116704, "proposed_tag": "natural=spring", "osm_spring_or_water_100m": false}}, {"type": "Feature", "geometry": {"type": "Point", "coordinates": [19.195629, 49.003494]}, "properties": {"objectid": 11168, "cislo_b": "1034", "hg_region": "Veľká Fatra - východná časť", "popis": "prameň", "vydatnost_l_s": 2.10876, "proposed_tag": "natural=spring", "osm_spring_or_water_100m": false}}, {"type": "Feature", "geometry": {"type": "Point", "coordinates": [19.194387, 49.002848]}, "properties": {"objectid": 11169, "cislo_b": "1035", "hg_region": "Veľká Fatra - východná časť", "popis": "prameň", "vydatnost_l_s": 0.298991, "proposed_tag": "natural=spring", "osm_spring_or_water_100m": false}}, {"type": "Feature", "geometry": {"type": "Point", "coordinates": [19.19209, 49.004465]}, "properties": {"objectid": 11170, "cislo_b": "1036", "hg_region": "Veľká Fatra - východná časť", "popis": "prameň", "vydatnost_l_s": 2.20953, "proposed_tag": "natural=spring", "osm_spring_or_water_100m": false}}, {"type": "Feature", "geometry": {"type": "Point", "coordinates": [19.184093, 48.989466]}, "properties": {"objectid": 11171, "cislo_b": "1037", "hg_region": "Veľká Fatra - východná časť", "popis": "prameň", "vydatnost_l_s": 5.2931, "proposed_tag": "natural=spring", "osm_spring_or_water_100m": false}}, {"type": "Feature", "geometry": {"type": "Point", "coordinates": [19.199406, 48.991801]}, "properties": {"objectid": 11172, "cislo_b": "1038", "hg_region": "Veľká Fatra - východná časť", "popis": "prameň", "vydatnost_l_s": 0.136021, "proposed_tag": "natural=spring", "osm_spring_or_water_100m": true}}, {"type": "Feature", "geometry": {"type": "Point", "coordinates": [19.199683, 48.991656]}, "properties": {"objectid": 11173, "cislo_b": "1039", "hg_region": "Veľká Fatra - východná časť", "popis": "prameň", "vydatnost_l_s": 0.389854, "proposed_tag": "natural=spring", "osm_spring_or_water_100m": true}}, {"type": "Feature", "geometry": {"type": "Point", "coordinates": [19.187232, 48.987974]}, "properties": {"objectid": 11174, "cislo_b": "1040", "hg_region": "Veľká Fatra - východná časť", "popis": "prameň", "vydatnost_l_s": 0.306726, "proposed_tag": "natural=spring", "osm_spring_or_water_100m": true}}, {"type": "Feature", "geometry": {"type": "Point", "coordinates": [19.185451, 48.988703]}, "properties": {"objectid": 11175, "cislo_b": "1041", "hg_region": "Veľká Fatra - východná časť", "popis": "prameň", "vydatnost_l_s": 18.6174, "proposed_tag": "natural=spring", "osm_spring_or_water_100m": false}}, {"type": "Feature", "geometry": {"type": "Point", "coordinates": [19.177914, 48.993021]}, "properties": {"objectid": 11176, "cislo_b": "1042", "hg_region": "Veľká Fatra - východná časť", "popis": "prameň", "vydatnost_l_s": 1.26274, "proposed_tag": "natural=spring", "osm_spring_or_water_100m": false}}, {"type": "Feature", "geometry": {"type": "Point", "coordinates": [19.17821, 48.993126]}, "properties": {"objectid": 11177, "cislo_b": "1043", "hg_region": "Veľká Fatra - východná časť", "popis": "prameň", "vydatnost_l_s": 0.1, "proposed_tag": "natural=spring", "osm_spring_or_water_100m": false}}, {"type": "Feature", "geometry": {"type": "Point", "coordinates": [19.177431, 48.992597]}, "properties": {"objectid": 11178, "cislo_b": "1044", "hg_region": "Veľká Fatra - východná časť", "popis": "prameň", "vydatnost_l_s": 0.345853, "proposed_tag": "natural=spring", "osm_spring_or_water_100m": false}}, {"type": "Feature", "geometry": {"type": "Point", "coordinates": [19.17582, 48.990679]}, "properties": {"objectid": 11179, "cislo_b": "1045", "hg_region": "Veľká Fatra - východná časť", "popis": "prameň", "vydatnost_l_s": 0.139895, "proposed_tag": "natural=spring", "osm_spring_or_water_100m": false}}, {"type": "Feature", "geometry": {"type": "Point", "coordinates": [19.175924, 48.991068]}, "properties": {"objectid": 11180, "cislo_b": "1046", "hg_region": "Veľká Fatra - východná časť", "popis": "prameň", "vydatnost_l_s": 0.222819, "proposed_tag": "natural=spring", "osm_spring_or_water_100m": false}}, {"type": "Feature", "geometry": {"type": "Point", "coordinates": [19.178278, 48.990068]}, "properties": {"objectid": 11181, "cislo_b": "1047", "hg_region": "Veľká Fatra - východná časť", "popis": "prameň", "vydatnost_l_s": 1.43398, "proposed_tag": "natural=spring", "osm_spring_or_water_100m": false}}, {"type": "Feature", "geometry": {"type": "Point", "coordinates": [19.179363, 48.99106]}, "properties": {"objectid": 11182, "cislo_b": "1048", "hg_region": "Veľká Fatra - východná časť", "popis": "prameň", "vydatnost_l_s": 0.2, "proposed_tag": "natural=spring", "osm_spring_or_water_100m": false}}, {"type": "Feature", "geometry": {"type": "Point", "coordinates": [19.180853, 48.989757]}, "properties": {"objectid": 11183, "cislo_b": "1049", "hg_region": "Veľká Fatra - východná časť", "popis": "prameň", "vydatnost_l_s": 1.4, "proposed_tag": "natural=spring", "osm_spring_or_water_100m": false}}, {"type": "Feature", "geometry": {"type": "Point", "coordinates": [19.181901, 48.989357]}, "properties": {"objectid": 11184, "cislo_b": "1050", "hg_region": "Veľká Fatra - východná časť", "popis": "prameň", "vydatnost_l_s": 1.44712, "proposed_tag": "natural=spring", "osm_spring_or_water_100m": false}}, {"type": "Feature", "geometry": {"type": "Point", "coordinates": [19.183646, 48.98706]}, "properties": {"objectid": 11185, "cislo_b": "1051", "hg_region": "Veľká Fatra - východná časť", "popis": "prameň", "vydatnost_l_s": 0.215137, "proposed_tag": "natural=spring", "osm_spring_or_water_100m": true}}, {"type": "Feature", "geometry": {"type": "Point", "coordinates": [19.184476, 48.986732]}, "properties": {"objectid": 11186, "cislo_b": "1052", "hg_region": "Veľká Fatra - východná časť", "popis": "prameň", "vydatnost_l_s": 0.559865, "proposed_tag": "natural=spring", "osm_spring_or_water_100m": true}}, {"type": "Feature", "geometry": {"type": "Point", "coordinates": [19.183722, 48.986435]}, "properties": {"objectid": 11187, "cislo_b": "1053", "hg_region": "Veľká Fatra - východná časť", "popis": "prameň", "vydatnost_l_s": 0.14118, "proposed_tag": "natural=spring", "osm_spring_or_water_100m": true}}, {"type": "Feature", "geometry": {"type": "Point", "coordinates": [19.181799, 48.985389]}, "properties": {"objectid": 11188, "cislo_b": "1054", "hg_region": "Veľká Fatra - východná časť", "popis": "prameň", "vydatnost_l_s": 0.148479, "proposed_tag": "natural=spring", "osm_spring_or_water_100m": false}}, {"type": "Feature", "geometry": {"type": "Point", "coordinates": [19.181432, 48.986115]}, "properties": {"objectid": 11189, "cislo_b": "1055", "hg_region": "Veľká Fatra - východná časť", "popis": "prameň", "vydatnost_l_s": 0.171772, "proposed_tag": "natural=spring", "osm_spring_or_water_100m": false}}, {"type": "Feature", "geometry": {"type": "Point", "coordinates": [19.234396, 48.932836]}, "properties": {"objectid": 11196, "cislo_b": "1062", "hg_region": "Veľká Fatra - východná časť", "popis": "prameň", "vydatnost_l_s": 0.03, "proposed_tag": "natural=spring", "osm_spring_or_water_100m": false}}, {"type": "Feature", "geometry": {"type": "Point", "coordinates": [19.232985, 48.934835]}, "properties": {"objectid": 11197, "cislo_b": "1063", "hg_region": "Veľká Fatra - východná časť", "popis": "prameň", "vydatnost_l_s": 0.545279, "proposed_tag": "natural=spring", "osm_spring_or_water_100m": false}}, {"type": "Feature", "geometry": {"type": "Point", "coordinates": [19.230734, 48.937677]}, "properties": {"objectid": 11198, "cislo_b": "1064", "hg_region": "Veľká Fatra - východná časť", "popis": "prameň", "vydatnost_l_s": 1.01052, "proposed_tag": "natural=spring", "osm_spring_or_water_100m": true}}, {"type": "Feature", "geometry": {"type": "Point", "coordinates": [19.202156, 48.929953]}, "properties": {"objectid": 11199, "cislo_b": "1065", "hg_region": "Veľká Fatra - východná časť", "popis": "prameň", "vydatnost_l_s": 0.2, "proposed_tag": "natural=spring", "osm_spring_or_water_100m": false}}, {"type": "Feature", "geometry": {"type": "Point", "coordinates": [19.18663, 48.929294]}, "properties": {"objectid": 11200, "cislo_b": "1066", "hg_region": "Veľká Fatra - východná časť", "popis": "prameň", "vydatnost_l_s": 0.20891, "proposed_tag": "natural=spring", "osm_spring_or_water_100m": true}}, {"type": "Feature", "geometry": {"type": "Point", "coordinates": [19.239993, 48.94365]}, "properties": {"objectid": 11201, "cislo_b": "1067", "hg_region": "Veľká Fatra - východná časť", "popis": "prameň", "vydatnost_l_s": 1.5, "proposed_tag": "natural=spring", "osm_spring_or_water_100m": false}}, {"type": "Feature", "geometry": {"type": "Point", "coordinates": [19.239284, 48.943669]}, "properties": {"objectid": 11202, "cislo_b": "1068", "hg_region": "Veľká Fatra - východná časť", "popis": "prameň", "vydatnost_l_s": 10.0, "proposed_tag": "natural=spring", "osm_spring_or_water_100m": false}}, {"type": "Feature", "geometry": {"type": "Point", "coordinates": [19.251284, 48.941329]}, "properties": {"objectid": 11203, "cislo_b": "1069", "hg_region": "Veľká Fatra - východná časť", "popis": "prameň", "vydatnost_l_s": 0.260025, "proposed_tag": "natural=spring", "osm_spring_or_water_100m": true}}, {"type": "Feature", "geometry": {"type": "Point", "coordinates": [19.252804, 48.942393]}, "properties": {"objectid": 11204, "cislo_b": "1070", "hg_region": "Veľká Fatra - východná časť", "popis": "prameň", "vydatnost_l_s": 0.13372, "proposed_tag": "natural=spring", "osm_spring_or_water_100m": true}}, {"type": "Feature", "geometry": {"type": "Point", "coordinates": [19.230972, 49.044732]}, "properties": {"objectid": 11228, "cislo_b": "1094", "hg_region": "Veľká Fatra - východná časť", "popis": "prameň", "vydatnost_l_s": 0.15, "proposed_tag": "natural=spring", "osm_spring_or_water_100m": false}}, {"type": "Feature", "geometry": {"type": "Point", "coordinates": [19.231026, 49.044285]}, "properties": {"objectid": 11229, "cislo_b": "1095", "hg_region": "Veľká Fatra - východná časť", "popis": "prameň", "vydatnost_l_s": 0.25, "proposed_tag": "natural=spring", "osm_spring_or_water_100m": false}}, {"type": "Feature", "geometry": {"type": "Point", "coordinates": [19.231567, 49.043222]}, "properties": {"objectid": 11230, "cislo_b": "1096", "hg_region": "Veľká Fatra - východná časť", "popis": "prameň", "vydatnost_l_s": 0.5, "proposed_tag": "natural=spring", "osm_spring_or_water_100m": false}}, {"type": "Feature", "geometry": {"type": "Point", "coordinates": [19.235032, 49.041873]}, "properties": {"objectid": 11231, "cislo_b": "1097", "hg_region": "Veľká Fatra - východná časť", "popis": "prameň", "vydatnost_l_s": 0.15, "proposed_tag": "natural=spring", "osm_spring_or_water_100m": true}}, {"type": "Feature", "geometry": {"type": "Point", "coordinates": [19.232362, 49.04094]}, "properties": {"objectid": 11232, "cislo_b": "1098", "hg_region": "Veľká Fatra - východná časť", "popis": "prameň", "vydatnost_l_s": 0.3, "proposed_tag": "natural=spring", "osm_spring_or_water_100m": false}}, {"type": "Feature", "geometry": {"type": "Point", "coordinates": [19.233307, 49.038632]}, "properties": {"objectid": 11233, "cislo_b": "1099", "hg_region": "Veľká Fatra - východná časť", "popis": "prameň", "vydatnost_l_s": 0.2, "proposed_tag": "natural=spring", "osm_spring_or_water_100m": true}}, {"type": "Feature", "geometry": {"type": "Point", "coordinates": [19.233468, 49.038129]}, "properties": {"objectid": 11234, "cislo_b": "1100", "hg_region": "Veľká Fatra - východná časť", "popis": "prameň", "vydatnost_l_s": 1.2, "proposed_tag": "natural=spring", "osm_spring_or_water_100m": true}}, {"type": "Feature", "geometry": {"type": "Point", "coordinates": [19.170385, 49.048003]}, "properties": {"objectid": 11288, "cislo_b": "1154", "hg_region": "Veľká Fatra - východná časť", "popis": "prameň", "vydatnost_l_s": 0.1, "proposed_tag": "natural=spring", "osm_spring_or_water_100m": false}}, {"type": "Feature", "geometry": {"type": "Point", "coordinates": [19.173673, 49.048267]}, "properties": {"objectid": 11289, "cislo_b": "1155", "hg_region": "Veľká Fatra - východná časť", "popis": "prameň", "vydatnost_l_s": 0.1, "proposed_tag": "natural=spring", "osm_spring_or_water_100m": false}}, {"type": "Feature", "geometry": {"type": "Point", "coordinates": [19.17438, 49.048385]}, "properties": {"objectid": 11290, "cislo_b": "1156", "hg_region": "Veľká Fatra - východná časť", "popis": "prameň", "vydatnost_l_s": 0.2, "proposed_tag": "natural=spring", "osm_spring_or_water_100m": false}}, {"type": "Feature", "geometry": {"type": "Point", "coordinates": [19.176779, 49.046409]}, "properties": {"objectid": 11291, "cislo_b": "1157", "hg_region": "Veľká Fatra - východná časť", "popis": "prameň", "vydatnost_l_s": 0.2, "proposed_tag": "natural=spring", "osm_spring_or_water_100m": false}}, {"type": "Feature", "geometry": {"type": "Point", "coordinates": [19.176438, 49.04714]}, "properties": {"objectid": 11292, "cislo_b": "1158", "hg_region": "Veľká Fatra - východná časť", "popis": "prameň", "vydatnost_l_s": 0.1, "proposed_tag": "natural=spring", "osm_spring_or_water_100m": false}}, {"type": "Feature", "geometry": {"type": "Point", "coordinates": [19.169622, 49.041664]}, "properties": {"objectid": 11293, "cislo_b": "1159", "hg_region": "Veľká Fatra - východná časť", "popis": "prameň", "vydatnost_l_s": 0.02, "proposed_tag": "natural=spring", "osm_spring_or_water_100m": false}}, {"type": "Feature", "geometry": {"type": "Point", "coordinates": [19.171281, 49.04004]}, "properties": {"objectid": 11294, "cislo_b": "1160", "hg_region": "Veľká Fatra - východná časť", "popis": "prameň", "vydatnost_l_s": 0.03, "proposed_tag": "natural=spring", "osm_spring_or_water_100m": false}}, {"type": "Feature", "geometry": {"type": "Point", "coordinates": [19.172215, 49.039687]}, "properties": {"objectid": 11295, "cislo_b": "1161", "hg_region": "Veľká Fatra - východná časť", "popis": "prameň", "vydatnost_l_s": 0.02, "proposed_tag": "natural=spring", "osm_spring_or_water_100m": false}}, {"type": "Feature", "geometry": {"type": "Point", "coordinates": [19.17329, 49.038868]}, "properties": {"objectid": 11296, "cislo_b": "1162", "hg_region": "Veľká Fatra - východná časť", "popis": "prameň", "vydatnost_l_s": 0.05, "proposed_tag": "natural=spring", "osm_spring_or_water_100m": true}}, {"type": "Feature", "geometry": {"type": "Point", "coordinates": [19.175556, 49.039413]}, "properties": {"objectid": 11297, "cislo_b": "1163", "hg_region": "Veľká Fatra - východná časť", "popis": "prameň", "vydatnost_l_s": 0.05, "proposed_tag": "natural=spring", "osm_spring_or_water_100m": true}}, {"type": "Feature", "geometry": {"type": "Point", "coordinates": [19.179408, 49.042525]}, "properties": {"objectid": 11298, "cislo_b": "1164", "hg_region": "Veľká Fatra - východná časť", "popis": "prameň", "vydatnost_l_s": 0.2, "proposed_tag": "natural=spring", "osm_spring_or_water_100m": false}}, {"type": "Feature", "geometry": {"type": "Point", "coordinates": [19.179267, 49.042276]}, "properties": {"objectid": 11299, "cislo_b": "1165", "hg_region": "Veľká Fatra - východná časť", "popis": "prameň", "vydatnost_l_s": 0.05, "proposed_tag": "natural=spring", "osm_spring_or_water_100m": false}}, {"type": "Feature", "geometry": {"type": "Point", "coordinates": [19.179673, 49.043363]}, "properties": {"objectid": 11300, "cislo_b": "1166", "hg_region": "Veľká Fatra - východná časť", "popis": "prameň", "vydatnost_l_s": 0.05, "proposed_tag": "natural=spring", "osm_spring_or_water_100m": false}}, {"type": "Feature", "geometry": {"type": "Point", "coordinates": [19.178447, 49.04391]}, "properties": {"objectid": 11301, "cislo_b": "1167", "hg_region": "Veľká Fatra - východná časť", "popis": "prameň", "vydatnost_l_s": 0.03, "proposed_tag": "natural=spring", "osm_spring_or_water_100m": false}}, {"type": "Feature", "geometry": {"type": "Point", "coordinates": [19.175618, 49.044827]}, "properties": {"objectid": 11302, "cislo_b": "1168", "hg_region": "Veľká Fatra - východná časť", "popis": "prameň", "vydatnost_l_s": 0.05, "proposed_tag": "natural=spring", "osm_spring_or_water_100m": false}}, {"type": "Feature", "geometry": {"type": "Point", "coordinates": [19.175208, 49.044951]}, "properties": {"objectid": 11303, "cislo_b": "1169", "hg_region": "Veľká Fatra - východná časť", "popis": "prameň", "vydatnost_l_s": 0.02, "proposed_tag": "natural=spring", "osm_spring_or_water_100m": false}}, {"type": "Feature", "geometry": {"type": "Point", "coordinates": [19.177263, 49.043835]}, "properties": {"objectid": 11304, "cislo_b": "1170", "hg_region": "Veľká Fatra - východná časť", "popis": "prameň", "vydatnost_l_s": 0.666667, "proposed_tag": "natural=spring", "osm_spring_or_water_100m": false}}, {"type": "Feature", "geometry": {"type": "Point", "coordinates": [19.167869, 49.045515]}, "properties": {"objectid": 11305, "cislo_b": "1171", "hg_region": "Veľká Fatra - východná časť", "popis": "prameň", "vydatnost_l_s": 0.1, "proposed_tag": "natural=spring", "osm_spring_or_water_100m": false}}, {"type": "Feature", "geometry": {"type": "Point", "coordinates": [19.167433, 49.047332]}, "properties": {"objectid": 11306, "cislo_b": "1172", "hg_region": "Veľká Fatra - východná časť", "popis": "prameň", "vydatnost_l_s": 0.02, "proposed_tag": "natural=spring", "osm_spring_or_water_100m": false}}, {"type": "Feature", "geometry": {"type": "Point", "coordinates": [19.15945, 49.044368]}, "properties": {"objectid": 11307, "cislo_b": "1173", "hg_region": "Veľká Fatra - východná časť", "popis": "prameň", "vydatnost_l_s": 0.05, "proposed_tag": "natural=spring", "osm_spring_or_water_100m": false}}, {"type": "Feature", "geometry": {"type": "Point", "coordinates": [19.160684, 49.042649]}, "properties": {"objectid": 11308, "cislo_b": "1174", "hg_region": "Veľká Fatra - východná časť", "popis": "prameň", "vydatnost_l_s": 0.03, "proposed_tag": "natural=spring", "osm_spring_or_water_100m": false}}, {"type": "Feature", "geometry": {"type": "Point", "coordinates": [19.16773, 49.039181]}, "properties": {"objectid": 11309, "cislo_b": "1175", "hg_region": "Veľká Fatra - východná časť", "popis": "prameň", "vydatnost_l_s": 0.05, "proposed_tag": "natural=spring", "osm_spring_or_water_100m": false}}, {"type": "Feature", "geometry": {"type": "Point", "coordinates": [19.167282, 49.038795]}, "properties": {"objectid": 11310, "cislo_b": "1176", "hg_region": "Veľká Fatra - východná časť", "popis": "prameň", "vydatnost_l_s": 0.05, "proposed_tag": "natural=spring", "osm_spring_or_water_100m": false}}, {"type": "Feature", "geometry": {"type": "Point", "coordinates": [19.163135, 49.038421]}, "properties": {"objectid": 11311, "cislo_b": "1177", "hg_region": "Veľká Fatra - východná časť", "popis": "prameň", "vydatnost_l_s": 0.05, "proposed_tag": "natural=spring", "osm_spring_or_water_100m": false}}, {"type": "Feature", "geometry": {"type": "Point", "coordinates": [19.160235, 49.03705]}, "properties": {"objectid": 11312, "cislo_b": "1178", "hg_region": "Veľká Fatra - východná časť", "popis": "prameň", "vydatnost_l_s": 0.05, "proposed_tag": "natural=spring", "osm_spring_or_water_100m": false}}, {"type": "Feature", "geometry": {"type": "Point", "coordinates": [19.155768, 49.036029]}, "properties": {"objectid": 11313, "cislo_b": "1179", "hg_region": "Veľká Fatra - východná časť", "popis": "prameň", "vydatnost_l_s": 0.05, "proposed_tag": "natural=spring", "osm_spring_or_water_100m": false}}, {"type": "Feature", "geometry": {"type": "Point", "coordinates": [19.164103, 49.034964]}, "properties": {"objectid": 11314, "cislo_b": "1180", "hg_region": "Veľká Fatra - východná časť", "popis": "prameň", "vydatnost_l_s": 0.05, "proposed_tag": "natural=spring", "osm_spring_or_water_100m": false}}, {"type": "Feature", "geometry": {"type": "Point", "coordinates": [19.164911, 49.035924]}, "properties": {"objectid": 11315, "cislo_b": "1181", "hg_region": "Veľká Fatra - východná časť", "popis": "prameň", "vydatnost_l_s": 0.02, "proposed_tag": "natural=spring", "osm_spring_or_water_100m": false}}, {"type": "Feature", "geometry": {"type": "Point", "coordinates": [19.167028, 49.033874]}, "properties": {"objectid": 11316, "cislo_b": "1182", "hg_region": "Veľká Fatra - východná časť", "popis": "prameň", "vydatnost_l_s": 0.05, "proposed_tag": "natural=spring", "osm_spring_or_water_100m": false}}, {"type": "Feature", "geometry": {"type": "Point", "coordinates": [19.169045, 49.037139]}, "properties": {"objectid": 11317, "cislo_b": "1183", "hg_region": "Veľká Fatra - východná časť", "popis": "prameň", "vydatnost_l_s": 0.03, "proposed_tag": "natural=spring", "osm_spring_or_water_100m": false}}, {"type": "Feature", "geometry": {"type": "Point", "coordinates": [19.171376, 49.03693]}, "properties": {"objectid": 11318, "cislo_b": "1184", "hg_region": "Veľká Fatra - východná časť", "popis": "prameň", "vydatnost_l_s": 0.02, "proposed_tag": "natural=spring", "osm_spring_or_water_100m": false}}, {"type": "Feature", "geometry": {"type": "Point", "coordinates": [19.169829, 49.035127]}, "properties": {"objectid": 11319, "cislo_b": "1185", "hg_region": "Veľká Fatra - východná časť", "popis": "prameň", "vydatnost_l_s": 0.01, "proposed_tag": "natural=spring", "osm_spring_or_water_100m": false}}, {"type": "Feature", "geometry": {"type": "Point", "coordinates": [19.174077, 49.034766]}, "properties": {"objectid": 11320, "cislo_b": "1186", "hg_region": "Veľká Fatra - východná časť", "popis": "prameň", "vydatnost_l_s": 0.01, "proposed_tag": "natural=spring", "osm_spring_or_water_100m": false}}, {"type": "Feature", "geometry": {"type": "Point", "coordinates": [19.175453, 49.034509]}, "properties": {"objectid": 11321, "cislo_b": "1187", "hg_region": "Veľká Fatra - východná časť", "popis": "prameň", "vydatnost_l_s": 0.05, "proposed_tag": "natural=spring", "osm_spring_or_water_100m": false}}, {"type": "Feature", "geometry": {"type": "Point", "coordinates": [19.174923, 49.03427]}, "properties": {"objectid": 11322, "cislo_b": "1188", "hg_region": "Veľká Fatra - východná časť", "popis": "prameň", "vydatnost_l_s": 0.15, "proposed_tag": "natural=spring", "osm_spring_or_water_100m": false}}, {"type": "Feature", "geometry": {"type": "Point", "coordinates": [19.172774, 49.030431]}, "properties": {"objectid": 11323, "cislo_b": "1189", "hg_region": "Veľká Fatra - východná časť", "popis": "prameň", "vydatnost_l_s": 0.1, "proposed_tag": "natural=spring", "osm_spring_or_water_100m": false}}, {"type": "Feature", "geometry": {"type": "Point", "coordinates": [19.163991, 49.030743]}, "properties": {"objectid": 11324, "cislo_b": "1190", "hg_region": "Veľká Fatra - východná časť", "popis": "prameň", "vydatnost_l_s": 0.01, "proposed_tag": "natural=spring", "osm_spring_or_water_100m": false}}, {"type": "Feature", "geometry": {"type": "Point", "coordinates": [19.259561, 49.001868]}, "properties": {"objectid": 11325, "cislo_b": "1191", "hg_region": "Veľká Fatra - východná časť", "popis": "prameň", "vydatnost_l_s": 0.05, "proposed_tag": "natural=spring", "osm_spring_or_water_100m": false}}, {"type": "Feature", "geometry": {"type": "Point", "coordinates": [19.25357, 49.002939]}, "properties": {"objectid": 11326, "cislo_b": "1192", "hg_region": "Veľká Fatra - východná časť", "popis": "prameň", "vydatnost_l_s": 0.407143, "proposed_tag": "natural=spring", "osm_spring_or_water_100m": false}}, {"type": "Feature", "geometry": {"type": "Point", "coordinates": [19.250502, 49.004763]}, "properties": {"objectid": 11327, "cislo_b": "1193", "hg_region": "Veľká Fatra - východná časť", "popis": "prameň", "vydatnost_l_s": 1.51111, "proposed_tag": "natural=spring", "osm_spring_or_water_100m": false}}, {"type": "Feature", "geometry": {"type": "Point", "coordinates": [19.250297, 49.005084]}, "properties": {"objectid": 11328, "cislo_b": "1194", "hg_region": "Veľká Fatra - východná časť", "popis": "prameň", "vydatnost_l_s": 0.05, "proposed_tag": "natural=spring", "osm_spring_or_water_100m": false}}, {"type": "Feature", "geometry": {"type": "Point", "coordinates": [19.243381, 49.007539]}, "properties": {"objectid": 11329, "cislo_b": "1195", "hg_region": "Veľká Fatra - východná časť", "popis": "prameň", "vydatnost_l_s": 0.238679, "proposed_tag": "natural=spring", "osm_spring_or_water_100m": false}}, {"type": "Feature", "geometry": {"type": "Point", "coordinates": [19.241857, 49.006005]}, "properties": {"objectid": 11330, "cislo_b": "1196", "hg_region": "Veľká Fatra - východná časť", "popis": "prameň", "vydatnost_l_s": 0.05, "proposed_tag": "natural=spring", "osm_spring_or_water_100m": true}}, {"type": "Feature", "geometry": {"type": "Point", "coordinates": [19.242107, 49.005705]}, "properties": {"objectid": 11331, "cislo_b": "1197", "hg_region": "Veľká Fatra - východná časť", "popis": "prameň", "vydatnost_l_s": 0.1, "proposed_tag": "natural=spring", "osm_spring_or_water_100m": true}}, {"type": "Feature", "geometry": {"type": "Point", "coordinates": [19.240605, 49.007431]}, "properties": {"objectid": 11332, "cislo_b": "1198", "hg_region": "Veľká Fatra - východná časť", "popis": "prameň", "vydatnost_l_s": 0.30303, "proposed_tag": "natural=spring", "osm_spring_or_water_100m": false}}, {"type": "Feature", "geometry": {"type": "Point", "coordinates": [19.239233, 49.007638]}, "properties": {"objectid": 11333, "cislo_b": "1199", "hg_region": "Veľká Fatra - východná časť", "popis": "prameň", "vydatnost_l_s": 0.1, "proposed_tag": "natural=spring", "osm_spring_or_water_100m": true}}, {"type": "Feature", "geometry": {"type": "Point", "coordinates": [19.239076, 49.007356]}, "properties": {"objectid": 11334, "cislo_b": "1201", "hg_region": "Veľká Fatra - východná časť", "popis": "prameň", "vydatnost_l_s": 0.0871518, "proposed_tag": "natural=spring", "osm_spring_or_water_100m": true}}, {"type": "Feature", "geometry": {"type": "Point", "coordinates": [19.233035, 49.049667]}, "properties": {"objectid": 11353, "cislo_b": "1220", "hg_region": "Veľká Fatra - východná časť", "popis": "prameň", "vydatnost_l_s": 0.425439, "proposed_tag": "natural=spring", "osm_spring_or_water_100m": true}}, {"type": "Feature", "geometry": {"type": "Point", "coordinates": [19.238773, 49.006983]}, "properties": {"objectid": 11385, "cislo_b": "1251", "hg_region": "Veľká Fatra - východná časť", "popis": "prameň", "vydatnost_l_s": 0.4, "proposed_tag": "natural=spring", "osm_spring_or_water_100m": true}}, {"type": "Feature", "geometry": {"type": "Point", "coordinates": [19.238255, 49.008986]}, "properties": {"objectid": 11391, "cislo_b": "1255", "hg_region": "Veľká Fatra - východná časť", "popis": "prameň", "vydatnost_l_s": 0.6, "proposed_tag": "natural=spring", "osm_spring_or_water_100m": false}}, {"type": "Feature", "geometry": {"type": "Point", "coordinates": [19.23675, 49.008861]}, "properties": {"objectid": 11392, "cislo_b": "1256", "hg_region": "Veľká Fatra - východná časť", "popis": "prameň", "vydatnost_l_s": 2.02163, "proposed_tag": "natural=spring", "osm_spring_or_water_100m": false}}, {"type": "Feature", "geometry": {"type": "Point", "coordinates": [19.236357, 49.008935]}, "properties": {"objectid": 11393, "cislo_b": "1257", "hg_region": "Veľká Fatra - východná časť", "popis": "prameň", "vydatnost_l_s": 0.1, "proposed_tag": "natural=spring", "osm_spring_or_water_100m": false}}, {"type": "Feature", "geometry": {"type": "Point", "coordinates": [19.235344, 49.007105]}, "properties": {"objectid": 11394, "cislo_b": "1258", "hg_region": "Veľká Fatra - východná časť", "popis": "prameň", "vydatnost_l_s": 0.1, "proposed_tag": "natural=spring", "osm_spring_or_water_100m": true}}, {"type": "Feature", "geometry": {"type": "Point", "coordinates": [19.235492, 49.005872]}, "properties": {"objectid": 11395, "cislo_b": "1259", "hg_region": "Veľká Fatra - východná časť", "popis": "prameň", "vydatnost_l_s": 0.1, "proposed_tag": "natural=spring", "osm_spring_or_water_100m": true}}, {"type": "Feature", "geometry": {"type": "Point", "coordinates": [19.233545, 49.00422]}, "properties": {"objectid": 11396, "cislo_b": "1260", "hg_region": "Veľká Fatra - východná časť", "popis": "prameň", "vydatnost_l_s": 0.1, "proposed_tag": "natural=spring", "osm_spring_or_water_100m": true}}, {"type": "Feature", "geometry": {"type": "Point", "coordinates": [19.232777, 49.004261]}, "properties": {"objectid": 11397, "cislo_b": "1261", "hg_region": "Veľká Fatra - východná časť", "popis": "prameň", "vydatnost_l_s": 0.285714, "proposed_tag": "natural=spring", "osm_spring_or_water_100m": true}}, {"type": "Feature", "geometry": {"type": "Point", "coordinates": [19.228045, 49.007261]}, "properties": {"objectid": 11398, "cislo_b": "1262", "hg_region": "Veľká Fatra - východná časť", "popis": "prameň", "vydatnost_l_s": 0.2, "proposed_tag": "natural=spring", "osm_spring_or_water_100m": true}}, {"type": "Feature", "geometry": {"type": "Point", "coordinates": [19.229144, 49.008282]}, "properties": {"objectid": 11399, "cislo_b": "1263", "hg_region": "Veľká Fatra - východná časť", "popis": "prameň", "vydatnost_l_s": 0.05, "proposed_tag": "natural=spring", "osm_spring_or_water_100m": true}}, {"type": "Feature", "geometry": {"type": "Point", "coordinates": [19.231365, 49.009392]}, "properties": {"objectid": 11400, "cislo_b": "1264", "hg_region": "Veľká Fatra - východná časť", "popis": "prameň", "vydatnost_l_s": 1.0, "proposed_tag": "natural=spring", "osm_spring_or_water_100m": false}}, {"type": "Feature", "geometry": {"type": "Point", "coordinates": [19.232213, 49.00957]}, "properties": {"objectid": 11401, "cislo_b": "1265", "hg_region": "Veľká Fatra - východná časť", "popis": "prameň", "vydatnost_l_s": 0.4, "proposed_tag": "natural=spring", "osm_spring_or_water_100m": false}}, {"type": "Feature", "geometry": {"type": "Point", "coordinates": [19.232714, 49.009847]}, "properties": {"objectid": 11402, "cislo_b": "1266", "hg_region": "Veľká Fatra - východná časť", "popis": "prameň", "vydatnost_l_s": 0.2, "proposed_tag": "natural=spring", "osm_spring_or_water_100m": false}}, {"type": "Feature", "geometry": {"type": "Point", "coordinates": [19.233681, 49.010472]}, "properties": {"objectid": 11403, "cislo_b": "1267", "hg_region": "Veľká Fatra - východná časť", "popis": "prameň", "vydatnost_l_s": 0.5, "proposed_tag": "natural=spring", "osm_spring_or_water_100m": false}}, {"type": "Feature", "geometry": {"type": "Point", "coordinates": [19.227338, 49.011814]}, "properties": {"objectid": 11404, "cislo_b": "1268", "hg_region": "Veľká Fatra - východná časť", "popis": "prameň", "vydatnost_l_s": 0.1, "proposed_tag": "natural=spring", "osm_spring_or_water_100m": true}}, {"type": "Feature", "geometry": {"type": "Point", "coordinates": [19.22717, 49.011053]}, "properties": {"objectid": 11405, "cislo_b": "1269", "hg_region": "Veľká Fatra - východná časť", "popis": "prameň", "vydatnost_l_s": 0.1, "proposed_tag": "natural=spring", "osm_spring_or_water_100m": true}}, {"type": "Feature", "geometry": {"type": "Point", "coordinates": [19.228151, 49.011653]}, "properties": {"objectid": 11406, "cislo_b": "1270", "hg_region": "Veľká Fatra - východná časť", "popis": "prameň", "vydatnost_l_s": 0.1, "proposed_tag": "natural=spring", "osm_spring_or_water_100m": true}}, {"type": "Feature", "geometry": {"type": "Point", "coordinates": [19.228561, 49.011612]}, "properties": {"objectid": 11407, "cislo_b": "1271", "hg_region": "Veľká Fatra - východná časť", "popis": "prameň", "vydatnost_l_s": 0.2, "proposed_tag": "natural=spring", "osm_spring_or_water_100m": true}}, {"type": "Feature", "geometry": {"type": "Point", "coordinates": [19.228929, 49.011584]}, "properties": {"objectid": 11408, "cislo_b": "1272", "hg_region": "Veľká Fatra - východná časť", "popis": "prameň", "vydatnost_l_s": 0.1, "proposed_tag": "natural=spring", "osm_spring_or_water_100m": true}}, {"type": "Feature", "geometry": {"type": "Point", "coordinates": [19.223593, 49.00901]}, "properties": {"objectid": 11409, "cislo_b": "1273", "hg_region": "Veľká Fatra - východná časť", "popis": "prameň", "vydatnost_l_s": 0.05, "proposed_tag": "natural=spring", "osm_spring_or_water_100m": true}}, {"type": "Feature", "geometry": {"type": "Point", "coordinates": [19.223943, 49.008536]}, "properties": {"objectid": 11410, "cislo_b": "1274", "hg_region": "Veľká Fatra - východná časť", "popis": "prameň", "vydatnost_l_s": 0.03, "proposed_tag": "natural=spring", "osm_spring_or_water_100m": true}}, {"type": "Feature", "geometry": {"type": "Point", "coordinates": [19.223251, 49.007092]}, "properties": {"objectid": 11411, "cislo_b": "1275", "hg_region": "Veľká Fatra - východná časť", "popis": "prameň", "vydatnost_l_s": 0.8, "proposed_tag": "natural=spring", "osm_spring_or_water_100m": true}}, {"type": "Feature", "geometry": {"type": "Point", "coordinates": [19.220899, 49.007245]}, "properties": {"objectid": 11412, "cislo_b": "1276", "hg_region": "Veľká Fatra - východná časť", "popis": "prameň", "vydatnost_l_s": 0.05, "proposed_tag": "natural=spring", "osm_spring_or_water_100m": false}}, {"type": "Feature", "geometry": {"type": "Point", "coordinates": [19.219752, 49.006625]}, "properties": {"objectid": 11413, "cislo_b": "1277", "hg_region": "Veľká Fatra - východná časť", "popis": "prameň", "vydatnost_l_s": 0.1, "proposed_tag": "natural=spring", "osm_spring_or_water_100m": true}}, {"type": "Feature", "geometry": {"type": "Point", "coordinates": [19.218369, 49.006419]}, "properties": {"objectid": 11414, "cislo_b": "1278", "hg_region": "Veľká Fatra - východná časť", "popis": "prameň", "vydatnost_l_s": 0.4, "proposed_tag": "natural=spring", "osm_spring_or_water_100m": true}}, {"type": "Feature", "geometry": {"type": "Point", "coordinates": [19.220338, 49.005543]}, "properties": {"objectid": 11415, "cislo_b": "1279", "hg_region": "Veľká Fatra - východná časť", "popis": "prameň", "vydatnost_l_s": 0.05, "proposed_tag": "natural=spring", "osm_spring_or_water_100m": true}}, {"type": "Feature", "geometry": {"type": "Point", "coordinates": [19.219695, 49.005544]}, "properties": {"objectid": 11416, "cislo_b": "1280", "hg_region": "Veľká Fatra - východná časť", "popis": "prameň", "vydatnost_l_s": 0.2, "proposed_tag": "natural=spring", "osm_spring_or_water_100m": true}}, {"type": "Feature", "geometry": {"type": "Point", "coordinates": [19.219362, 49.005915]}, "properties": {"objectid": 11417, "cislo_b": "1281", "hg_region": "Veľká Fatra - východná časť", "popis": "prameň", "vydatnost_l_s": 0.6, "proposed_tag": "natural=spring", "osm_spring_or_water_100m": true}}, {"type": "Feature", "geometry": {"type": "Point", "coordinates": [19.216165, 49.00865]}, "properties": {"objectid": 11418, "cislo_b": "1282", "hg_region": "Veľká Fatra - východná časť", "popis": "prameň", "vydatnost_l_s": 0.4, "proposed_tag": "natural=spring", "osm_spring_or_water_100m": false}}, {"type": "Feature", "geometry": {"type": "Point", "coordinates": [19.213899, 49.007827]}, "properties": {"objectid": 11419, "cislo_b": "1283", "hg_region": "Veľká Fatra - východná časť", "popis": "prameň", "vydatnost_l_s": 0.6, "proposed_tag": "natural=spring", "osm_spring_or_water_100m": true}}, {"type": "Feature", "geometry": {"type": "Point", "coordinates": [19.209252, 49.010292]}, "properties": {"objectid": 11420, "cislo_b": "1284", "hg_region": "Veľká Fatra - východná časť", "popis": "prameň", "vydatnost_l_s": 0.2, "proposed_tag": "natural=spring", "osm_spring_or_water_100m": true}}, {"type": "Feature", "geometry": {"type": "Point", "coordinates": [19.209606, 49.010104]}, "properties": {"objectid": 11421, "cislo_b": "1285", "hg_region": "Veľká Fatra - východná časť", "popis": "prameň", "vydatnost_l_s": 0.1, "proposed_tag": "natural=spring", "osm_spring_or_water_100m": true}}, {"type": "Feature", "geometry": {"type": "Point", "coordinates": [19.21116, 49.01074]}, "properties": {"objectid": 11422, "cislo_b": "1286", "hg_region": "Veľká Fatra - východná časť", "popis": "prameň", "vydatnost_l_s": 0.2, "proposed_tag": "natural=spring", "osm_spring_or_water_100m": false}}, {"type": "Feature", "geometry": {"type": "Point", "coordinates": [19.212536, 49.011791]}, "properties": {"objectid": 11423, "cislo_b": "1287", "hg_region": "Veľká Fatra - východná časť", "popis": "prameň", "vydatnost_l_s": 0.6, "proposed_tag": "natural=spring", "osm_spring_or_water_100m": false}}, {"type": "Feature", "geometry": {"type": "Point", "coordinates": [19.214885, 49.011668]}, "properties": {"objectid": 11424, "cislo_b": "1288", "hg_region": "Veľká Fatra - východná časť", "popis": "prameň", "vydatnost_l_s": 0.1, "proposed_tag": "natural=spring", "osm_spring_or_water_100m": false}}, {"type": "Feature", "geometry": {"type": "Point", "coordinates": [19.21929, 49.01419]}, "properties": {"objectid": 11425, "cislo_b": "1289", "hg_region": "Veľká Fatra - východná časť", "popis": "prameň", "vydatnost_l_s": 0.1, "proposed_tag": "natural=spring", "osm_spring_or_water_100m": false}}, {"type": "Feature", "geometry": {"type": "Point", "coordinates": [19.220821, 49.008913]}, "properties": {"objectid": 11426, "cislo_b": "1290", "hg_region": "Veľká Fatra - východná časť", "popis": "prameň", "vydatnost_l_s": 0.484615, "proposed_tag": "natural=spring", "osm_spring_or_water_100m": false}}, {"type": "Feature", "geometry": {"type": "Point", "coordinates": [19.219142, 49.008822]}, "properties": {"objectid": 11427, "cislo_b": "1291", "hg_region": "Veľká Fatra - východná časť", "popis": "prameň", "vydatnost_l_s": 0.138889, "proposed_tag": "natural=spring", "osm_spring_or_water_100m": false}}, {"type": "Feature", "geometry": {"type": "Point", "coordinates": [19.218235, 49.008644]}, "properties": {"objectid": 11428, "cislo_b": "1292", "hg_region": "Veľká Fatra - východná časť", "popis": "prameň", "vydatnost_l_s": 0.1, "proposed_tag": "natural=spring", "osm_spring_or_water_100m": false}}, {"type": "Feature", "geometry": {"type": "Point", "coordinates": [19.218396, 49.009063]}, "properties": {"objectid": 11429, "cislo_b": "1293", "hg_region": "Veľká Fatra - východná časť", "popis": "prameň", "vydatnost_l_s": 0.217391, "proposed_tag": "natural=spring", "osm_spring_or_water_100m": false}}, {"type": "Feature", "geometry": {"type": "Point", "coordinates": [19.217874, 49.008805]}, "properties": {"objectid": 11430, "cislo_b": "1294", "hg_region": "Veľká Fatra - východná časť", "popis": "prameň", "vydatnost_l_s": 0.243902, "proposed_tag": "natural=spring", "osm_spring_or_water_100m": false}}, {"type": "Feature", "geometry": {"type": "Point", "coordinates": [19.214774, 49.012071]}, "properties": {"objectid": 11431, "cislo_b": "1295", "hg_region": "Veľká Fatra - východná časť", "popis": "prameň", "vydatnost_l_s": 0.4, "proposed_tag": "natural=spring", "osm_spring_or_water_100m": false}}, {"type": "Feature", "geometry": {"type": "Point", "coordinates": [19.215757, 49.011778]}, "properties": {"objectid": 11432, "cislo_b": "1296", "hg_region": "Veľká Fatra - východná časť", "popis": "prameň", "vydatnost_l_s": 0.758235, "proposed_tag": "natural=spring", "osm_spring_or_water_100m": false}}, {"type": "Feature", "geometry": {"type": "Point", "coordinates": [19.216345, 49.011775]}, "properties": {"objectid": 11433, "cislo_b": "1297", "hg_region": "Veľká Fatra - východná časť", "popis": "prameň", "vydatnost_l_s": 0.5, "proposed_tag": "natural=spring", "osm_spring_or_water_100m": false}}, {"type": "Feature", "geometry": {"type": "Point", "coordinates": [19.219757, 49.01249]}, "properties": {"objectid": 11434, "cislo_b": "1298", "hg_region": "Veľká Fatra - východná časť", "popis": "prameň", "vydatnost_l_s": 0.5, "proposed_tag": "natural=spring", "osm_spring_or_water_100m": true}}, {"type": "Feature", "geometry": {"type": "Point", "coordinates": [19.220316, 49.01238]}, "properties": {"objectid": 11435, "cislo_b": "1299", "hg_region": "Veľká Fatra - východná časť", "popis": "prameň", "vydatnost_l_s": 0.232558, "proposed_tag": "natural=spring", "osm_spring_or_water_100m": true}}, {"type": "Feature", "geometry": {"type": "Point", "coordinates": [19.220087, 49.012077]}, "properties": {"objectid": 11436, "cislo_b": "1301", "hg_region": "Veľká Fatra - východná časť", "popis": "prameň", "vydatnost_l_s": 1.2, "proposed_tag": "natural=spring", "osm_spring_or_water_100m": true}}, {"type": "Feature", "geometry": {"type": "Point", "coordinates": [19.23239, 49.037854]}, "properties": {"objectid": 11437, "cislo_b": "1302", "hg_region": "Veľká Fatra - východná časť", "popis": "prameň", "vydatnost_l_s": 0.15, "proposed_tag": "natural=spring", "osm_spring_or_water_100m": true}}, {"type": "Feature", "geometry": {"type": "Point", "coordinates": [19.234146, 49.035983]}, "properties": {"objectid": 11438, "cislo_b": "1303", "hg_region": "Veľká Fatra - východná časť", "popis": "prameň", "vydatnost_l_s": 0.2, "proposed_tag": "natural=spring", "osm_spring_or_water_100m": false}}, {"type": "Feature", "geometry": {"type": "Point", "coordinates": [19.228617, 49.034793]}, "properties": {"objectid": 11439, "cislo_b": "1304", "hg_region": "Veľká Fatra - východná časť", "popis": "prameň", "vydatnost_l_s": 0.0212858, "proposed_tag": "natural=spring", "osm_spring_or_water_100m": true}}, {"type": "Feature", "geometry": {"type": "Point", "coordinates": [19.22434, 49.031849]}, "properties": {"objectid": 11440, "cislo_b": "1305", "hg_region": "Veľká Fatra - východná časť", "popis": "prameň", "vydatnost_l_s": 0.07, "proposed_tag": "natural=spring", "osm_spring_or_water_100m": true}}, {"type": "Feature", "geometry": {"type": "Point", "coordinates": [19.24209, 49.045291]}, "properties": {"objectid": 11441, "cislo_b": "1306", "hg_region": "Veľká Fatra - východná časť", "popis": "prameň", "vydatnost_l_s": 0.1, "proposed_tag": "natural=spring", "osm_spring_or_water_100m": true}}, {"type": "Feature", "geometry": {"type": "Point", "coordinates": [19.23836, 49.044131]}, "properties": {"objectid": 11442, "cislo_b": "1307", "hg_region": "Veľká Fatra - východná časť", "popis": "prameň", "vydatnost_l_s": 0.15, "proposed_tag": "natural=spring", "osm_spring_or_water_100m": true}}, {"type": "Feature", "geometry": {"type": "Point", "coordinates": [19.236707, 49.043602]}, "properties": {"objectid": 11443, "cislo_b": "1308", "hg_region": "Veľká Fatra - východná časť", "popis": "prameň", "vydatnost_l_s": 0.7, "proposed_tag": "natural=spring", "osm_spring_or_water_100m": true}}, {"type": "Feature", "geometry": {"type": "Point", "coordinates": [19.234228, 49.046852]}, "properties": {"objectid": 11444, "cislo_b": "1309", "hg_region": "Veľká Fatra - východná časť", "popis": "prameň", "vydatnost_l_s": 0.2, "proposed_tag": "natural=spring", "osm_spring_or_water_100m": false}}, {"type": "Feature", "geometry": {"type": "Point", "coordinates": [19.226441, 49.047597]}, "properties": {"objectid": 11445, "cislo_b": "1310", "hg_region": "Veľká Fatra - východná časť", "popis": "prameň", "vydatnost_l_s": 0.15, "proposed_tag": "natural=spring", "osm_spring_or_water_100m": true}}, {"type": "Feature", "geometry": {"type": "Point", "coordinates": [19.223387, 49.011963]}, "properties": {"objectid": 11488, "cislo_b": "1352", "hg_region": "Veľká Fatra - východná časť", "popis": "prameň", "vydatnost_l_s": 0.826446, "proposed_tag": "natural=spring", "osm_spring_or_water_100m": true}}, {"type": "Feature", "geometry": {"type": "Point", "coordinates": [19.194395, 49.019188]}, "properties": {"objectid": 11536, "cislo_b": "1401", "hg_region": "Veľká Fatra - východná časť", "popis": "prameň", "vydatnost_l_s": 1.28844, "proposed_tag": "natural=spring", "osm_spring_or_water_100m": false}}, {"type": "Feature", "geometry": {"type": "Point", "coordinates": [19.249186, 48.989073]}, "properties": {"objectid": 11566, "cislo_b": "1431", "hg_region": "Veľká Fatra - východná časť", "popis": "prameň", "vydatnost_l_s": 1.10227, "proposed_tag": "natural=spring", "osm_spring_or_water_100m": true}}, {"type": "Feature", "geometry": {"type": "Point", "coordinates": [19.245423, 48.992091]}, "properties": {"objectid": 11567, "cislo_b": "1432", "hg_region": "Veľká Fatra - východná časť", "popis": "prameň", "vydatnost_l_s": 0.692857, "proposed_tag": "natural=spring", "osm_spring_or_water_100m": true}}, {"type": "Feature", "geometry": {"type": "Point", "coordinates": [19.245132, 48.992861]}, "properties": {"objectid": 11568, "cislo_b": "1433", "hg_region": "Veľká Fatra - východná časť", "popis": "prameň", "vydatnost_l_s": 0.2, "proposed_tag": "natural=spring", "osm_spring_or_water_100m": true}}, {"type": "Feature", "geometry": {"type": "Point", "coordinates": [19.252554, 48.997345]}, "properties": {"objectid": 11569, "cislo_b": "1434", "hg_region": "Veľká Fatra - východná časť", "popis": "prameň", "vydatnost_l_s": 0.285294, "proposed_tag": "natural=spring", "osm_spring_or_water_100m": true}}, {"type": "Feature", "geometry": {"type": "Point", "coordinates": [19.251605, 48.996755]}, "properties": {"objectid": 11570, "cislo_b": "1435", "hg_region": "Veľká Fatra - východná časť", "popis": "prameň", "vydatnost_l_s": 0.15, "proposed_tag": "natural=spring", "osm_spring_or_water_100m": true}}, {"type": "Feature", "geometry": {"type": "Point", "coordinates": [19.201193, 48.992842]}, "properties": {"objectid": 11571, "cislo_b": "1436", "hg_region": "Veľká Fatra - východná časť", "popis": "prameň", "vydatnost_l_s": 0.2, "proposed_tag": "natural=spring", "osm_spring_or_water_100m": false}}, {"type": "Feature", "geometry": {"type": "Point", "coordinates": [19.20146, 48.992505]}, "properties": {"objectid": 11572, "cislo_b": "1437", "hg_region": "Veľká Fatra - východná časť", "popis": "prameň", "vydatnost_l_s": 0.35, "proposed_tag": "natural=spring", "osm_spring_or_water_100m": false}}, {"type": "Feature", "geometry": {"type": "Point", "coordinates": [19.206571, 48.990668]}, "properties": {"objectid": 11573, "cislo_b": "1438", "hg_region": "Veľká Fatra - východná časť", "popis": "prameň", "vydatnost_l_s": 0.2, "proposed_tag": "natural=spring", "osm_spring_or_water_100m": false}}, {"type": "Feature", "geometry": {"type": "Point", "coordinates": [19.206581, 48.989999]}, "properties": {"objectid": 11574, "cislo_b": "1439", "hg_region": "Veľká Fatra - východná časť", "popis": "prameň", "vydatnost_l_s": 0.1, "proposed_tag": "natural=spring", "osm_spring_or_water_100m": false}}, {"type": "Feature", "geometry": {"type": "Point", "coordinates": [19.20628, 48.989536]}, "properties": {"objectid": 11575, "cislo_b": "1440", "hg_region": "Veľká Fatra - východná časť", "popis": "prameň", "vydatnost_l_s": 0.15, "proposed_tag": "natural=spring", "osm_spring_or_water_100m": true}}, {"type": "Feature", "geometry": {"type": "Point", "coordinates": [19.203664, 48.989178]}, "properties": {"objectid": 11576, "cislo_b": "1441", "hg_region": "Veľká Fatra - východná časť", "popis": "prameň", "vydatnost_l_s": 0.285294, "proposed_tag": "natural=spring", "osm_spring_or_water_100m": true}}, {"type": "Feature", "geometry": {"type": "Point", "coordinates": [19.204411, 48.990139]}, "properties": {"objectid": 11577, "cislo_b": "1442", "hg_region": "Veľká Fatra - východná časť", "popis": "prameň", "vydatnost_l_s": 0.05, "proposed_tag": "natural=spring", "osm_spring_or_water_100m": false}}, {"type": "Feature", "geometry": {"type": "Point", "coordinates": [19.20454, 48.99063]}, "properties": {"objectid": 11578, "cislo_b": "1443", "hg_region": "Veľká Fatra - východná časť", "popis": "prameň", "vydatnost_l_s": 0.378906, "proposed_tag": "natural=spring", "osm_spring_or_water_100m": false}}, {"type": "Feature", "geometry": {"type": "Point", "coordinates": [19.209556, 48.992208]}, "properties": {"objectid": 11579, "cislo_b": "1444", "hg_region": "Veľká Fatra - východná časť", "popis": "prameň", "vydatnost_l_s": 0.2, "proposed_tag": "natural=spring", "osm_spring_or_water_100m": true}}, {"type": "Feature", "geometry": {"type": "Point", "coordinates": [19.208715, 48.992128]}, "properties": {"objectid": 11580, "cislo_b": "1445", "hg_region": "Veľká Fatra - východná časť", "popis": "prameň", "vydatnost_l_s": 0.25, "proposed_tag": "natural=spring", "osm_spring_or_water_100m": true}}, {"type": "Feature", "geometry": {"type": "Point", "coordinates": [19.208062, 48.992023]}, "properties": {"objectid": 11581, "cislo_b": "1446", "hg_region": "Veľká Fatra - východná časť", "popis": "prameň", "vydatnost_l_s": 0.05, "proposed_tag": "natural=spring", "osm_spring_or_water_100m": true}}, {"type": "Feature", "geometry": {"type": "Point", "coordinates": [19.207538, 48.991932]}, "properties": {"objectid": 11582, "cislo_b": "1447", "hg_region": "Veľká Fatra - východná časť", "popis": "prameň", "vydatnost_l_s": 1.0, "proposed_tag": "natural=spring", "osm_spring_or_water_100m": true}}, {"type": "Feature", "geometry": {"type": "Point", "coordinates": [19.215533, 48.992604]}, "properties": {"objectid": 11583, "cislo_b": "1448", "hg_region": "Veľká Fatra - východná časť", "popis": "prameň", "vydatnost_l_s": 0.485, "proposed_tag": "natural=spring", "osm_spring_or_water_100m": true}}, {"type": "Feature", "geometry": {"type": "Point", "coordinates": [19.209335, 48.994073]}, "properties": {"objectid": 11584, "cislo_b": "1449", "hg_region": "Veľká Fatra - východná časť", "popis": "prameň", "vydatnost_l_s": 0.285294, "proposed_tag": "natural=spring", "osm_spring_or_water_100m": true}}, {"type": "Feature", "geometry": {"type": "Point", "coordinates": [19.209794, 48.994765]}, "properties": {"objectid": 11585, "cislo_b": "1450", "hg_region": "Veľká Fatra - východná časť", "popis": "prameň", "vydatnost_l_s": 0.485, "proposed_tag": "natural=spring", "osm_spring_or_water_100m": true}}, {"type": "Feature", "geometry": {"type": "Point", "coordinates": [19.210544, 48.995]}, "properties": {"objectid": 11586, "cislo_b": "1451", "hg_region": "Veľká Fatra - východná časť", "popis": "prameň", "vydatnost_l_s": 0.238916, "proposed_tag": "natural=spring", "osm_spring_or_water_100m": true}}, {"type": "Feature", "geometry": {"type": "Point", "coordinates": [19.217661, 48.995753]}, "properties": {"objectid": 11587, "cislo_b": "1452", "hg_region": "Veľká Fatra - východná časť", "popis": "prameň", "vydatnost_l_s": 0.2, "proposed_tag": "natural=spring", "osm_spring_or_water_100m": false}}, {"type": "Feature", "geometry": {"type": "Point", "coordinates": [19.225225, 49.001155]}, "properties": {"objectid": 11588, "cislo_b": "1453", "hg_region": "Veľká Fatra - východná časť", "popis": "prameň", "vydatnost_l_s": 0.114387, "proposed_tag": "natural=spring", "osm_spring_or_water_100m": true}}, {"type": "Feature", "geometry": {"type": "Point", "coordinates": [19.22375, 49.002462]}, "properties": {"objectid": 11589, "cislo_b": "1454", "hg_region": "Veľká Fatra - východná časť", "popis": "prameň", "vydatnost_l_s": 0.1, "proposed_tag": "natural=spring", "osm_spring_or_water_100m": false}}, {"type": "Feature", "geometry": {"type": "Point", "coordinates": [19.227033, 48.999844]}, "properties": {"objectid": 11590, "cislo_b": "1455", "hg_region": "Veľká Fatra - východná časť", "popis": "prameň", "vydatnost_l_s": 0.194, "proposed_tag": "natural=spring", "osm_spring_or_water_100m": false}}, {"type": "Feature", "geometry": {"type": "Point", "coordinates": [19.198438, 49.016523]}, "properties": {"objectid": 11596, "cislo_b": "1460", "hg_region": "Veľká Fatra - východná časť", "popis": "prameň", "vydatnost_l_s": 0.210412, "proposed_tag": "natural=spring", "osm_spring_or_water_100m": false}}, {"type": "Feature", "geometry": {"type": "Point", "coordinates": [19.200038, 49.016684]}, "properties": {"objectid": 11597, "cislo_b": "1461", "hg_region": "Veľká Fatra - východná časť", "popis": "prameň", "vydatnost_l_s": 0.308917, "proposed_tag": "natural=spring", "osm_spring_or_water_100m": false}}, {"type": "Feature", "geometry": {"type": "Point", "coordinates": [19.201948, 49.015029]}, "properties": {"objectid": 11598, "cislo_b": "1462", "hg_region": "Veľká Fatra - východná časť", "popis": "prameň", "vydatnost_l_s": 0.171378, "proposed_tag": "natural=spring", "osm_spring_or_water_100m": false}}, {"type": "Feature", "geometry": {"type": "Point", "coordinates": [19.20159, 49.014875]}, "properties": {"objectid": 11599, "cislo_b": "1463", "hg_region": "Veľká Fatra - východná časť", "popis": "prameň", "vydatnost_l_s": 0.757813, "proposed_tag": "natural=spring", "osm_spring_or_water_100m": false}}, {"type": "Feature", "geometry": {"type": "Point", "coordinates": [19.202595, 49.01633]}, "properties": {"objectid": 11600, "cislo_b": "1464", "hg_region": "Veľká Fatra - východná časť", "popis": "prameň", "vydatnost_l_s": 0.128989, "proposed_tag": "natural=spring", "osm_spring_or_water_100m": false}}, {"type": "Feature", "geometry": {"type": "Point", "coordinates": [19.202734, 49.016126]}, "properties": {"objectid": 11601, "cislo_b": "1465", "hg_region": "Veľká Fatra - východná časť", "popis": "prameň", "vydatnost_l_s": 0.12125, "proposed_tag": "natural=spring", "osm_spring_or_water_100m": false}}, {"type": "Feature", "geometry": {"type": "Point", "coordinates": [19.202966, 49.01572]}, "properties": {"objectid": 11602, "cislo_b": "1466", "hg_region": "Veľká Fatra - východná časť", "popis": "prameň", "vydatnost_l_s": 0.108744, "proposed_tag": "natural=spring", "osm_spring_or_water_100m": false}}, {"type": "Feature", "geometry": {"type": "Point", "coordinates": [19.203119, 49.015894]}, "properties": {"objectid": 11603, "cislo_b": "1467", "hg_region": "Veľká Fatra - východná časť", "popis": "prameň", "vydatnost_l_s": 0.429204, "proposed_tag": "natural=spring", "osm_spring_or_water_100m": false}}, {"type": "Feature", "geometry": {"type": "Point", "coordinates": [19.205175, 49.019371]}, "properties": {"objectid": 11604, "cislo_b": "1468", "hg_region": "Veľká Fatra - východná časť", "popis": "prameň", "vydatnost_l_s": 0.05, "proposed_tag": "natural=spring", "osm_spring_or_water_100m": false}}, {"type": "Feature", "geometry": {"type": "Point", "coordinates": [19.201683, 49.019469]}, "properties": {"objectid": 11605, "cislo_b": "1469", "hg_region": "Veľká Fatra - východná časť", "popis": "prameň", "vydatnost_l_s": 2.09052, "proposed_tag": "natural=spring", "osm_spring_or_water_100m": false}}, {"type": "Feature", "geometry": {"type": "Point", "coordinates": [19.198449, 49.018482]}, "properties": {"objectid": 11606, "cislo_b": "1470", "hg_region": "Veľká Fatra - východná časť", "popis": "prameň", "vydatnost_l_s": 0.0416667, "proposed_tag": "natural=spring", "osm_spring_or_water_100m": false}}, {"type": "Feature", "geometry": {"type": "Point", "coordinates": [19.153829, 49.029279]}, "properties": {"objectid": 11607, "cislo_b": "1471", "hg_region": "Veľká Fatra - východná časť", "popis": "prameň", "vydatnost_l_s": 0.0355556, "proposed_tag": "natural=spring", "osm_spring_or_water_100m": false}}, {"type": "Feature", "geometry": {"type": "Point", "coordinates": [19.154405, 49.028188]}, "properties": {"objectid": 11608, "cislo_b": "1472", "hg_region": "Veľká Fatra - východná časť", "popis": "prameň", "vydatnost_l_s": 0.085567, "proposed_tag": "natural=spring", "osm_spring_or_water_100m": false}}, {"type": "Feature", "geometry": {"type": "Point", "coordinates": [19.156127, 49.026575]}, "properties": {"objectid": 11609, "cislo_b": "1473", "hg_region": "Veľká Fatra - východná časť", "popis": "prameň", "vydatnost_l_s": 0.02, "proposed_tag": "natural=spring", "osm_spring_or_water_100m": false}}, {"type": "Feature", "geometry": {"type": "Point", "coordinates": [19.156772, 49.026075]}, "properties": {"objectid": 11610, "cislo_b": "1474", "hg_region": "Veľká Fatra - východná časť", "popis": "prameň", "vydatnost_l_s": 0.0666667, "proposed_tag": "natural=spring", "osm_spring_or_water_100m": false}}, {"type": "Feature", "geometry": {"type": "Point", "coordinates": [19.158871, 49.020655]}, "properties": {"objectid": 11611, "cislo_b": "1475", "hg_region": "Veľká Fatra - východná časť", "popis": "prameň", "vydatnost_l_s": 0.0615385, "proposed_tag": "natural=spring", "osm_spring_or_water_100m": false}}, {"type": "Feature", "geometry": {"type": "Point", "coordinates": [19.158586, 49.020558]}, "properties": {"objectid": 11612, "cislo_b": "1476", "hg_region": "Veľká Fatra - východná časť", "popis": "prameň", "vydatnost_l_s": 0.05, "proposed_tag": "natural=spring", "osm_spring_or_water_100m": false}}, {"type": "Feature", "geometry": {"type": "Point", "coordinates": [19.157847, 49.021572]}, "properties": {"objectid": 11613, "cislo_b": "1477", "hg_region": "Veľká Fatra - východná časť", "popis": "prameň", "vydatnost_l_s": 0.453552, "proposed_tag": "natural=spring", "osm_spring_or_water_100m": false}}, {"type": "Feature", "geometry": {"type": "Point", "coordinates": [19.156839, 49.020346]}, "properties": {"objectid": 11614, "cislo_b": "1478", "hg_region": "Veľká Fatra - východná časť", "popis": "prameň", "vydatnost_l_s": 0.0680851, "proposed_tag": "natural=spring", "osm_spring_or_water_100m": false}}, {"type": "Feature", "geometry": {"type": "Point", "coordinates": [19.15362, 49.02338]}, "properties": {"objectid": 11615, "cislo_b": "1479", "hg_region": "Veľká Fatra - východná časť", "popis": "prameň", "vydatnost_l_s": 0.05, "proposed_tag": "natural=spring", "osm_spring_or_water_100m": false}}, {"type": "Feature", "geometry": {"type": "Point", "coordinates": [19.149363, 49.023884]}, "properties": {"objectid": 11616, "cislo_b": "1480", "hg_region": "Veľká Fatra - východná časť", "popis": "prameň", "vydatnost_l_s": 0.05, "proposed_tag": "natural=spring", "osm_spring_or_water_100m": false}}, {"type": "Feature", "geometry": {"type": "Point", "coordinates": [19.149496, 49.022304]}, "properties": {"objectid": 11617, "cislo_b": "1481", "hg_region": "Veľká Fatra - východná časť", "popis": "prameň", "vydatnost_l_s": 0.761468, "proposed_tag": "natural=spring", "osm_spring_or_water_100m": false}}, {"type": "Feature", "geometry": {"type": "Point", "coordinates": [19.145045, 49.022074]}, "properties": {"objectid": 11618, "cislo_b": "1482", "hg_region": "Veľká Fatra - východná časť", "popis": "prameň", "vydatnost_l_s": 1.52647, "proposed_tag": "natural=spring", "osm_spring_or_water_100m": true}}, {"type": "Feature", "geometry": {"type": "Point", "coordinates": [19.15457, 49.018279]}, "properties": {"objectid": 11619, "cislo_b": "1483", "hg_region": "Veľká Fatra - východná časť", "popis": "prameň", "vydatnost_l_s": 1.36081, "proposed_tag": "natural=spring", "osm_spring_or_water_100m": false}}, {"type": "Feature", "geometry": {"type": "Point", "coordinates": [19.159001, 49.016492]}, "properties": {"objectid": 11620, "cislo_b": "1484", "hg_region": "Veľká Fatra - východná časť", "popis": "prameň", "vydatnost_l_s": 0.0657895, "proposed_tag": "natural=spring", "osm_spring_or_water_100m": false}}, {"type": "Feature", "geometry": {"type": "Point", "coordinates": [19.148322, 49.016229]}, "properties": {"objectid": 11621, "cislo_b": "1485", "hg_region": "Veľká Fatra - východná časť", "popis": "prameň", "vydatnost_l_s": 0.0265815, "proposed_tag": "natural=spring", "osm_spring_or_water_100m": false}}, {"type": "Feature", "geometry": {"type": "Point", "coordinates": [19.148796, 49.013678]}, "properties": {"objectid": 11622, "cislo_b": "1486", "hg_region": "Veľká Fatra - východná časť", "popis": "prameň", "vydatnost_l_s": 0.0833333, "proposed_tag": "natural=spring", "osm_spring_or_water_100m": false}}, {"type": "Feature", "geometry": {"type": "Point", "coordinates": [19.144672, 49.015264]}, "properties": {"objectid": 11623, "cislo_b": "1487", "hg_region": "Veľká Fatra - východná časť", "popis": "prameň", "vydatnost_l_s": 0.262162, "proposed_tag": "natural=spring", "osm_spring_or_water_100m": false}}, {"type": "Feature", "geometry": {"type": "Point", "coordinates": [19.168353, 48.971208]}, "properties": {"objectid": 11624, "cislo_b": "1488", "hg_region": "Veľká Fatra - východná časť", "popis": "prameň", "vydatnost_l_s": 0.0833333, "proposed_tag": "natural=spring", "osm_spring_or_water_100m": false}}, {"type": "Feature", "geometry": {"type": "Point", "coordinates": [19.169405, 48.970567]}, "properties": {"objectid": 11625, "cislo_b": "1489", "hg_region": "Veľká Fatra - východná časť", "popis": "prameň", "vydatnost_l_s": 0.591463, "proposed_tag": "natural=spring", "osm_spring_or_water_100m": false}}, {"type": "Feature", "geometry": {"type": "Point", "coordinates": [19.171196, 48.969385]}, "properties": {"objectid": 11626, "cislo_b": "1490", "hg_region": "Veľká Fatra - východná časť", "popis": "prameň", "vydatnost_l_s": 0.0287356, "proposed_tag": "natural=spring", "osm_spring_or_water_100m": false}}, {"type": "Feature", "geometry": {"type": "Point", "coordinates": [19.172243, 48.967143]}, "properties": {"objectid": 11627, "cislo_b": "1491", "hg_region": "Veľká Fatra - východná časť", "popis": "prameň", "vydatnost_l_s": 0.0373134, "proposed_tag": "natural=spring", "osm_spring_or_water_100m": false}}, {"type": "Feature", "geometry": {"type": "Point", "coordinates": [19.172034, 48.966079]}, "properties": {"objectid": 11628, "cislo_b": "1492", "hg_region": "Veľká Fatra - východná časť", "popis": "prameň", "vydatnost_l_s": 0.161667, "proposed_tag": "natural=spring", "osm_spring_or_water_100m": false}}, {"type": "Feature", "geometry": {"type": "Point", "coordinates": [19.172423, 48.96612]}, "properties": {"objectid": 11629, "cislo_b": "1493", "hg_region": "Veľká Fatra - východná časť", "popis": "prameň", "vydatnost_l_s": 0.226636, "proposed_tag": "natural=spring", "osm_spring_or_water_100m": false}}, {"type": "Feature", "geometry": {"type": "Point", "coordinates": [19.172992, 48.965643]}, "properties": {"objectid": 11630, "cislo_b": "1494", "hg_region": "Veľká Fatra - východná časť", "popis": "prameň", "vydatnost_l_s": 1.07778, "proposed_tag": "natural=spring", "osm_spring_or_water_100m": false}}, {"type": "Feature", "geometry": {"type": "Point", "coordinates": [19.173923, 48.965428]}, "properties": {"objectid": 11631, "cislo_b": "1495", "hg_region": "Veľká Fatra - východná časť", "popis": "prameň", "vydatnost_l_s": 0.927123, "proposed_tag": "natural=spring", "osm_spring_or_water_100m": false}}, {"type": "Feature", "geometry": {"type": "Point", "coordinates": [19.174545, 48.965702]}, "properties": {"objectid": 11632, "cislo_b": "1496", "hg_region": "Veľká Fatra - východná časť", "popis": "prameň", "vydatnost_l_s": 0.1, "proposed_tag": "natural=spring", "osm_spring_or_water_100m": false}}, {"type": "Feature", "geometry": {"type": "Point", "coordinates": [19.176794, 48.96466]}, "properties": {"objectid": 11633, "cislo_b": "1497", "hg_region": "Veľká Fatra - východná časť", "popis": "prameň", "vydatnost_l_s": 0.570588, "proposed_tag": "natural=spring", "osm_spring_or_water_100m": false}}, {"type": "Feature", "geometry": {"type": "Point", "coordinates": [19.176054, 48.964484]}, "properties": {"objectid": 11634, "cislo_b": "1498", "hg_region": "Veľká Fatra - východná časť", "popis": "prameň", "vydatnost_l_s": 0.05, "proposed_tag": "natural=spring", "osm_spring_or_water_100m": false}}, {"type": "Feature", "geometry": {"type": "Point", "coordinates": [19.177307, 48.966738]}, "properties": {"objectid": 11635, "cislo_b": "1499", "hg_region": "Veľká Fatra - východná časť", "popis": "prameň", "vydatnost_l_s": 0.0694444, "proposed_tag": "natural=spring", "osm_spring_or_water_100m": false}}, {"type": "Feature", "geometry": {"type": "Point", "coordinates": [19.179568, 48.966678]}, "properties": {"objectid": 11636, "cislo_b": "1500", "hg_region": "Veľká Fatra - východná časť", "popis": "prameň", "vydatnost_l_s": 0.0367647, "proposed_tag": "natural=spring", "osm_spring_or_water_100m": false}}, {"type": "Feature", "geometry": {"type": "Point", "coordinates": [19.178756, 48.967503]}, "properties": {"objectid": 11637, "cislo_b": "1501", "hg_region": "Veľká Fatra - východná časť", "popis": "prameň", "vydatnost_l_s": 0.557471, "proposed_tag": "natural=spring", "osm_spring_or_water_100m": false}}, {"type": "Feature", "geometry": {"type": "Point", "coordinates": [19.178387, 48.967363]}, "properties": {"objectid": 11638, "cislo_b": "1502", "hg_region": "Veľká Fatra - východná časť", "popis": "prameň", "vydatnost_l_s": 0.0581395, "proposed_tag": "natural=spring", "osm_spring_or_water_100m": false}}, {"type": "Feature", "geometry": {"type": "Point", "coordinates": [19.178107, 48.968274]}, "properties": {"objectid": 11639, "cislo_b": "1503", "hg_region": "Veľká Fatra - východná časť", "popis": "prameň", "vydatnost_l_s": 0.113636, "proposed_tag": "natural=spring", "osm_spring_or_water_100m": false}}, {"type": "Feature", "geometry": {"type": "Point", "coordinates": [19.179618, 48.968249]}, "properties": {"objectid": 11640, "cislo_b": "1504", "hg_region": "Veľká Fatra - východná časť", "popis": "prameň", "vydatnost_l_s": 0.347177, "proposed_tag": "natural=spring", "osm_spring_or_water_100m": false}}, {"type": "Feature", "geometry": {"type": "Point", "coordinates": [19.14543, 49.006889]}, "properties": {"objectid": 11641, "cislo_b": "1505", "hg_region": "Veľká Fatra - východná časť", "popis": "prameň", "vydatnost_l_s": 0.215556, "proposed_tag": "natural=spring", "osm_spring_or_water_100m": false}}, {"type": "Feature", "geometry": {"type": "Point", "coordinates": [19.145075, 49.005863]}, "properties": {"objectid": 11642, "cislo_b": "1506", "hg_region": "Veľká Fatra - východná časť", "popis": "prameň", "vydatnost_l_s": 0.151562, "proposed_tag": "natural=spring", "osm_spring_or_water_100m": false}}, {"type": "Feature", "geometry": {"type": "Point", "coordinates": [19.1451, 49.005558]}, "properties": {"objectid": 11643, "cislo_b": "1507", "hg_region": "Veľká Fatra - východná časť", "popis": "prameň", "vydatnost_l_s": 0.248718, "proposed_tag": "natural=spring", "osm_spring_or_water_100m": false}}, {"type": "Feature", "geometry": {"type": "Point", "coordinates": [19.140908, 48.999127]}, "properties": {"objectid": 11644, "cislo_b": "1508", "hg_region": "Veľká Fatra - východná časť", "popis": "prameň", "vydatnost_l_s": 40.352, "proposed_tag": "natural=spring", "osm_spring_or_water_100m": true}}, {"type": "Feature", "geometry": {"type": "Point", "coordinates": [19.147814, 49.011233]}, "properties": {"objectid": 11645, "cislo_b": "1509", "hg_region": "Veľká Fatra - východná časť", "popis": "prameň", "vydatnost_l_s": 6.0, "proposed_tag": "natural=spring", "osm_spring_or_water_100m": false}}, {"type": "Feature", "geometry": {"type": "Point", "coordinates": [19.145709, 49.014116]}, "properties": {"objectid": 11646, "cislo_b": "1510", "hg_region": "Veľká Fatra - východná časť", "popis": "prameň", "vydatnost_l_s": 0.0892857, "proposed_tag": "natural=spring", "osm_spring_or_water_100m": false}}, {"type": "Feature", "geometry": {"type": "Point", "coordinates": [19.146537, 49.01418]}, "properties": {"objectid": 11647, "cislo_b": "1511", "hg_region": "Veľká Fatra - východná časť", "popis": "prameň", "vydatnost_l_s": 0.0446429, "proposed_tag": "natural=spring", "osm_spring_or_water_100m": false}}, {"type": "Feature", "geometry": {"type": "Point", "coordinates": [19.179065, 48.967935]}, "properties": {"objectid": 11648, "cislo_b": "1512", "hg_region": "Veľká Fatra - východná časť", "popis": "prameň", "vydatnost_l_s": 0.03125, "proposed_tag": "natural=spring", "osm_spring_or_water_100m": false}}, {"type": "Feature", "geometry": {"type": "Point", "coordinates": [19.179537, 48.967672]}, "properties": {"objectid": 11649, "cislo_b": "1513", "hg_region": "Veľká Fatra - východná časť", "popis": "prameň", "vydatnost_l_s": 0.702899, "proposed_tag": "natural=spring", "osm_spring_or_water_100m": false}}, {"type": "Feature", "geometry": {"type": "Point", "coordinates": [19.177467, 49.024107]}, "properties": {"objectid": 11650, "cislo_b": "1514", "hg_region": "Veľká Fatra - východná časť", "popis": "prameň", "vydatnost_l_s": 0.0347222, "proposed_tag": "natural=spring", "osm_spring_or_water_100m": false}}, {"type": "Feature", "geometry": {"type": "Point", "coordinates": [19.17954, 49.024657]}, "properties": {"objectid": 11651, "cislo_b": "1515", "hg_region": "Veľká Fatra - východná časť", "popis": "prameň", "vydatnost_l_s": 0.150155, "proposed_tag": "natural=spring", "osm_spring_or_water_100m": false}}, {"type": "Feature", "geometry": {"type": "Point", "coordinates": [19.179417, 49.025074]}, "properties": {"objectid": 11652, "cislo_b": "1516", "hg_region": "Veľká Fatra - východná časť", "popis": "prameň", "vydatnost_l_s": 0.0247748, "proposed_tag": "natural=spring", "osm_spring_or_water_100m": false}}, {"type": "Feature", "geometry": {"type": "Point", "coordinates": [19.180146, 49.024784]}, "properties": {"objectid": 11653, "cislo_b": "1517", "hg_region": "Veľká Fatra - východná časť", "popis": "prameň", "vydatnost_l_s": 0.0164474, "proposed_tag": "natural=spring", "osm_spring_or_water_100m": false}}, {"type": "Feature", "geometry": {"type": "Point", "coordinates": [19.180262, 49.024949]}, "properties": {"objectid": 11654, "cislo_b": "1518", "hg_region": "Veľká Fatra - východná časť", "popis": "prameň", "vydatnost_l_s": 0.124359, "proposed_tag": "natural=spring", "osm_spring_or_water_100m": false}}, {"type": "Feature", "geometry": {"type": "Point", "coordinates": [19.17764, 49.026602]}, "properties": {"objectid": 11655, "cislo_b": "1519", "hg_region": "Veľká Fatra - východná časť", "popis": "prameň", "vydatnost_l_s": 0.00561798, "proposed_tag": "natural=spring", "osm_spring_or_water_100m": false}}, {"type": "Feature", "geometry": {"type": "Point", "coordinates": [19.178351, 49.027503]}, "properties": {"objectid": 11656, "cislo_b": "1520", "hg_region": "Veľká Fatra - východná časť", "popis": "prameň", "vydatnost_l_s": 0.108501, "proposed_tag": "natural=spring", "osm_spring_or_water_100m": false}}, {"type": "Feature", "geometry": {"type": "Point", "coordinates": [19.17814, 49.027142]}, "properties": {"objectid": 11657, "cislo_b": "1521", "hg_region": "Veľká Fatra - východná časť", "popis": "prameň", "vydatnost_l_s": 0.0176056, "proposed_tag": "natural=spring", "osm_spring_or_water_100m": false}}, {"type": "Feature", "geometry": {"type": "Point", "coordinates": [19.154612, 48.981827]}, "properties": {"objectid": 11709, "cislo_b": "1573", "hg_region": "Veľká Fatra - východná časť", "popis": "prameň", "vydatnost_l_s": 0.354762, "proposed_tag": "natural=spring", "osm_spring_or_water_100m": true}}, {"type": "Feature", "geometry": {"type": "Point", "coordinates": [19.154316, 48.982127]}, "properties": {"objectid": 11710, "cislo_b": "1574", "hg_region": "Veľká Fatra - východná časť", "popis": "prameň", "vydatnost_l_s": 1.25188, "proposed_tag": "natural=spring", "osm_spring_or_water_100m": true}}, {"type": "Feature", "geometry": {"type": "Point", "coordinates": [19.155626, 48.982665]}, "properties": {"objectid": 11711, "cislo_b": "1575", "hg_region": "Veľká Fatra - východná časť", "popis": "prameň", "vydatnost_l_s": 121.428, "proposed_tag": "natural=spring", "osm_spring_or_water_100m": true}}, {"type": "Feature", "geometry": {"type": "Point", "coordinates": [19.15621, 48.983224]}, "properties": {"objectid": 11712, "cislo_b": "1576", "hg_region": "Veľká Fatra - východná časť", "popis": "prameň", "vydatnost_l_s": 2.21774, "proposed_tag": "natural=spring", "osm_spring_or_water_100m": true}}, {"type": "Feature", "geometry": {"type": "Point", "coordinates": [19.159753, 48.98807]}, "properties": {"objectid": 11713, "cislo_b": "1577", "hg_region": "Veľká Fatra - východná časť", "popis": "prameň", "vydatnost_l_s": 0.249766, "proposed_tag": "natural=spring", "osm_spring_or_water_100m": false}}, {"type": "Feature", "geometry": {"type": "Point", "coordinates": [19.153767, 48.98835]}, "properties": {"objectid": 11714, "cislo_b": "1578", "hg_region": "Veľká Fatra - východná časť", "popis": "prameň", "vydatnost_l_s": 0.144506, "proposed_tag": "natural=spring", "osm_spring_or_water_100m": false}}, {"type": "Feature", "geometry": {"type": "Point", "coordinates": [19.153388, 48.98781]}, "properties": {"objectid": 11715, "cislo_b": "1579", "hg_region": "Veľká Fatra - východná časť", "popis": "prameň", "vydatnost_l_s": 3.63847, "proposed_tag": "natural=spring", "osm_spring_or_water_100m": false}}, {"type": "Feature", "geometry": {"type": "Point", "coordinates": [19.150191, 48.985111]}, "properties": {"objectid": 11716, "cislo_b": "1580", "hg_region": "Veľká Fatra - východná časť", "popis": "prameň", "vydatnost_l_s": 0.1, "proposed_tag": "natural=spring", "osm_spring_or_water_100m": false}}, {"type": "Feature", "geometry": {"type": "Point", "coordinates": [19.150381, 48.98444]}, "properties": {"objectid": 11717, "cislo_b": "1581", "hg_region": "Veľká Fatra - východná časť", "popis": "prameň", "vydatnost_l_s": 0.15, "proposed_tag": "natural=spring", "osm_spring_or_water_100m": false}}, {"type": "Feature", "geometry": {"type": "Point", "coordinates": [19.14902, 48.977373]}, "properties": {"objectid": 11718, "cislo_b": "1582", "hg_region": "Veľká Fatra - východná časť", "popis": "prameň", "vydatnost_l_s": 0.662185, "proposed_tag": "natural=spring", "osm_spring_or_water_100m": false}}, {"type": "Feature", "geometry": {"type": "Point", "coordinates": [19.149965, 48.977295]}, "properties": {"objectid": 11719, "cislo_b": "1583", "hg_region": "Veľká Fatra - východná časť", "popis": "prameň", "vydatnost_l_s": 0.206009, "proposed_tag": "natural=spring", "osm_spring_or_water_100m": true}}, {"type": "Feature", "geometry": {"type": "Point", "coordinates": [19.15375, 48.9815]}, "properties": {"objectid": 11720, "cislo_b": "1584", "hg_region": "Veľká Fatra - východná časť", "popis": "prameň minerálnej vody", "vydatnost_l_s": 0.05, "proposed_tag": "natural=spring + water_characteristic=mineral", "osm_spring_or_water_100m": true}}, {"type": "Feature", "geometry": {"type": "Point", "coordinates": [19.155685, 48.982248]}, "properties": {"objectid": 11721, "cislo_b": "1585", "hg_region": "Veľká Fatra - východná časť", "popis": "prameň", "vydatnost_l_s": 0.876494, "proposed_tag": "natural=spring", "osm_spring_or_water_100m": true}}, {"type": "Feature", "geometry": {"type": "Point", "coordinates": [19.157401, 48.981064]}, "properties": {"objectid": 11722, "cislo_b": "1586", "hg_region": "Veľká Fatra - východná časť", "popis": "prameň", "vydatnost_l_s": 16.58, "proposed_tag": "natural=spring", "osm_spring_or_water_100m": true}}, {"type": "Feature", "geometry": {"type": "Point", "coordinates": [19.146731, 48.978192]}, "properties": {"objectid": 11723, "cislo_b": "1587", "hg_region": "Veľká Fatra - východná časť", "popis": "prameň", "vydatnost_l_s": 0.123596, "proposed_tag": "natural=spring", "osm_spring_or_water_100m": false}}, {"type": "Feature", "geometry": {"type": "Point", "coordinates": [19.147224, 48.977377]}, "properties": {"objectid": 11724, "cislo_b": "1588", "hg_region": "Veľká Fatra - východná časť", "popis": "prameň", "vydatnost_l_s": 0.2, "proposed_tag": "natural=spring", "osm_spring_or_water_100m": false}}, {"type": "Feature", "geometry": {"type": "Point", "coordinates": [19.147403, 48.981922]}, "properties": {"objectid": 11725, "cislo_b": "1589", "hg_region": "Veľká Fatra - východná časť", "popis": "prameň", "vydatnost_l_s": 0.216578, "proposed_tag": "natural=spring", "osm_spring_or_water_100m": false}}, {"type": "Feature", "geometry": {"type": "Point", "coordinates": [19.146108, 48.983099]}, "properties": {"objectid": 11726, "cislo_b": "1590", "hg_region": "Veľká Fatra - východná časť", "popis": "prameň", "vydatnost_l_s": 0.0543902, "proposed_tag": "natural=spring", "osm_spring_or_water_100m": false}}, {"type": "Feature", "geometry": {"type": "Point", "coordinates": [19.140935, 48.983291]}, "properties": {"objectid": 11727, "cislo_b": "1591", "hg_region": "Veľká Fatra - východná časť", "popis": "prameň", "vydatnost_l_s": 0.1, "proposed_tag": "natural=spring", "osm_spring_or_water_100m": false}}, {"type": "Feature", "geometry": {"type": "Point", "coordinates": [19.161346, 48.974445]}, "properties": {"objectid": 11728, "cislo_b": "1592", "hg_region": "Veľká Fatra - východná časť", "popis": "prameň", "vydatnost_l_s": 0.157692, "proposed_tag": "natural=spring", "osm_spring_or_water_100m": false}}, {"type": "Feature", "geometry": {"type": "Point", "coordinates": [19.158396, 48.972614]}, "properties": {"objectid": 11729, "cislo_b": "1593", "hg_region": "Veľká Fatra - východná časť", "popis": "prameň", "vydatnost_l_s": 0.105263, "proposed_tag": "natural=spring", "osm_spring_or_water_100m": false}}, {"type": "Feature", "geometry": {"type": "Point", "coordinates": [19.160324, 48.972016]}, "properties": {"objectid": 11730, "cislo_b": "1594", "hg_region": "Veľká Fatra - východná časť", "popis": "prameň", "vydatnost_l_s": 0.357717, "proposed_tag": "natural=spring", "osm_spring_or_water_100m": false}}, {"type": "Feature", "geometry": {"type": "Point", "coordinates": [19.167374, 48.966068]}, "properties": {"objectid": 11731, "cislo_b": "1595", "hg_region": "Veľká Fatra - východná časť", "popis": "prameň", "vydatnost_l_s": 0.0891365, "proposed_tag": "natural=spring", "osm_spring_or_water_100m": false}}, {"type": "Feature", "geometry": {"type": "Point", "coordinates": [19.1683, 48.965299]}, "properties": {"objectid": 11732, "cislo_b": "1596", "hg_region": "Veľká Fatra - východná časť", "popis": "prameň", "vydatnost_l_s": 0.0807547, "proposed_tag": "natural=spring", "osm_spring_or_water_100m": false}}, {"type": "Feature", "geometry": {"type": "Point", "coordinates": [19.168953, 48.965294]}, "properties": {"objectid": 11733, "cislo_b": "1597", "hg_region": "Veľká Fatra - východná časť", "popis": "prameň", "vydatnost_l_s": 0.0293848, "proposed_tag": "natural=spring", "osm_spring_or_water_100m": false}}, {"type": "Feature", "geometry": {"type": "Point", "coordinates": [19.167703, 48.964951]}, "properties": {"objectid": 11734, "cislo_b": "1598", "hg_region": "Veľká Fatra - východná časť", "popis": "prameň", "vydatnost_l_s": 0.15, "proposed_tag": "natural=spring", "osm_spring_or_water_100m": false}}, {"type": "Feature", "geometry": {"type": "Point", "coordinates": [19.166834, 48.964816]}, "properties": {"objectid": 11735, "cislo_b": "1599", "hg_region": "Veľká Fatra - východná časť", "popis": "prameň", "vydatnost_l_s": 0.188235, "proposed_tag": "natural=spring", "osm_spring_or_water_100m": false}}, {"type": "Feature", "geometry": {"type": "Point", "coordinates": [19.172665, 48.98066]}, "properties": {"objectid": 11736, "cislo_b": "1600", "hg_region": "Veľká Fatra - východná časť", "popis": "prameň", "vydatnost_l_s": 0.101803, "proposed_tag": "natural=spring", "osm_spring_or_water_100m": false}}, {"type": "Feature", "geometry": {"type": "Point", "coordinates": [19.178734, 48.977684]}, "properties": {"objectid": 11737, "cislo_b": "1601", "hg_region": "Veľká Fatra - východná časť", "popis": "prameň", "vydatnost_l_s": 0.07, "proposed_tag": "natural=spring", "osm_spring_or_water_100m": false}}, {"type": "Feature", "geometry": {"type": "Point", "coordinates": [19.178025, 48.977027]}, "properties": {"objectid": 11738, "cislo_b": "1602", "hg_region": "Veľká Fatra - východná časť", "popis": "prameň", "vydatnost_l_s": 0.04, "proposed_tag": "natural=spring", "osm_spring_or_water_100m": false}}, {"type": "Feature", "geometry": {"type": "Point", "coordinates": [19.180226, 48.975717]}, "properties": {"objectid": 11739, "cislo_b": "1603", "hg_region": "Veľká Fatra - východná časť", "popis": "prameň", "vydatnost_l_s": 0.116646, "proposed_tag": "natural=spring", "osm_spring_or_water_100m": false}}, {"type": "Feature", "geometry": {"type": "Point", "coordinates": [19.182892, 48.973774]}, "properties": {"objectid": 11740, "cislo_b": "1604", "hg_region": "Veľká Fatra - východná časť", "popis": "prameň", "vydatnost_l_s": 0.25, "proposed_tag": "natural=spring", "osm_spring_or_water_100m": false}}, {"type": "Feature", "geometry": {"type": "Point", "coordinates": [19.180706, 48.976156]}, "properties": {"objectid": 11741, "cislo_b": "1605", "hg_region": "Veľká Fatra - východná časť", "popis": "prameň", "vydatnost_l_s": 0.830838, "proposed_tag": "natural=spring", "osm_spring_or_water_100m": false}}, {"type": "Feature", "geometry": {"type": "Point", "coordinates": [19.187975, 48.981229]}, "properties": {"objectid": 11742, "cislo_b": "1606", "hg_region": "Veľká Fatra - východná časť", "popis": "prameň", "vydatnost_l_s": 0.6439, "proposed_tag": "natural=spring", "osm_spring_or_water_100m": true}}, {"type": "Feature", "geometry": {"type": "Point", "coordinates": [19.181674, 48.981834]}, "properties": {"objectid": 11743, "cislo_b": "1607", "hg_region": "Veľká Fatra - východná časť", "popis": "prameň", "vydatnost_l_s": 0.0671798, "proposed_tag": "natural=spring", "osm_spring_or_water_100m": false}}, {"type": "Feature", "geometry": {"type": "Point", "coordinates": [19.179627, 48.981077]}, "properties": {"objectid": 11744, "cislo_b": "1608", "hg_region": "Veľká Fatra - východná časť", "popis": "prameň", "vydatnost_l_s": 0.08, "proposed_tag": "natural=spring", "osm_spring_or_water_100m": true}}, {"type": "Feature", "geometry": {"type": "Point", "coordinates": [19.179409, 48.981681]}, "properties": {"objectid": 11745, "cislo_b": "1609", "hg_region": "Veľká Fatra - východná časť", "popis": "prameň", "vydatnost_l_s": 0.04, "proposed_tag": "natural=spring", "osm_spring_or_water_100m": false}}, {"type": "Feature", "geometry": {"type": "Point", "coordinates": [19.171078, 48.981604]}, "properties": {"objectid": 11746, "cislo_b": "1610", "hg_region": "Veľká Fatra - východná časť", "popis": "prameň", "vydatnost_l_s": 0.3, "proposed_tag": "natural=spring", "osm_spring_or_water_100m": false}}, {"type": "Feature", "geometry": {"type": "Point", "coordinates": [19.145419, 48.957287]}, "properties": {"objectid": 11747, "cislo_b": "1611", "hg_region": "Veľká Fatra - východná časť", "popis": "prameň", "vydatnost_l_s": 0.0344456, "proposed_tag": "natural=spring", "osm_spring_or_water_100m": false}}, {"type": "Feature", "geometry": {"type": "Point", "coordinates": [19.155995, 48.956821]}, "properties": {"objectid": 11748, "cislo_b": "1612", "hg_region": "Veľká Fatra - východná časť", "popis": "prameň", "vydatnost_l_s": 0.264422, "proposed_tag": "natural=spring", "osm_spring_or_water_100m": false}}, {"type": "Feature", "geometry": {"type": "Point", "coordinates": [19.16124, 48.954158]}, "properties": {"objectid": 11749, "cislo_b": "1613", "hg_region": "Veľká Fatra - východná časť", "popis": "prameň", "vydatnost_l_s": 0.02, "proposed_tag": "natural=spring", "osm_spring_or_water_100m": false}}, {"type": "Feature", "geometry": {"type": "Point", "coordinates": [19.169212, 48.959252]}, "properties": {"objectid": 11750, "cislo_b": "1614", "hg_region": "Veľká Fatra - východná časť", "popis": "prameň", "vydatnost_l_s": 0.08, "proposed_tag": "natural=spring", "osm_spring_or_water_100m": false}}, {"type": "Feature", "geometry": {"type": "Point", "coordinates": [19.169487, 48.959179]}, "properties": {"objectid": 11751, "cislo_b": "1615", "hg_region": "Veľká Fatra - východná časť", "popis": "prameň", "vydatnost_l_s": 0.15, "proposed_tag": "natural=spring", "osm_spring_or_water_100m": false}}, {"type": "Feature", "geometry": {"type": "Point", "coordinates": [19.170139, 48.959279]}, "properties": {"objectid": 11752, "cislo_b": "1616", "hg_region": "Veľká Fatra - východná časť", "popis": "prameň", "vydatnost_l_s": 0.188235, "proposed_tag": "natural=spring", "osm_spring_or_water_100m": false}}, {"type": "Feature", "geometry": {"type": "Point", "coordinates": [19.169893, 48.95927]}, "properties": {"objectid": 11753, "cislo_b": "1617", "hg_region": "Veľká Fatra - východná časť", "popis": "prameň", "vydatnost_l_s": 0.1, "proposed_tag": "natural=spring", "osm_spring_or_water_100m": false}}, {"type": "Feature", "geometry": {"type": "Point", "coordinates": [19.17324, 48.958736]}, "properties": {"objectid": 11754, "cislo_b": "1618", "hg_region": "Veľká Fatra - východná časť", "popis": "prameň", "vydatnost_l_s": 0.0678925, "proposed_tag": "natural=spring", "osm_spring_or_water_100m": false}}, {"type": "Feature", "geometry": {"type": "Point", "coordinates": [19.17008, 48.958803]}, "properties": {"objectid": 11755, "cislo_b": "1619", "hg_region": "Veľká Fatra - východná časť", "popis": "prameň", "vydatnost_l_s": 0.07, "proposed_tag": "natural=spring", "osm_spring_or_water_100m": false}}, {"type": "Feature", "geometry": {"type": "Point", "coordinates": [19.170216, 48.958945]}, "properties": {"objectid": 11756, "cislo_b": "1620", "hg_region": "Veľká Fatra - východná časť", "popis": "prameň", "vydatnost_l_s": 0.0916905, "proposed_tag": "natural=spring", "osm_spring_or_water_100m": false}}, {"type": "Feature", "geometry": {"type": "Point", "coordinates": [19.152069, 48.959716]}, "properties": {"objectid": 11757, "cislo_b": "1621", "hg_region": "Veľká Fatra - východná časť", "popis": "prameň", "vydatnost_l_s": 0.725352, "proposed_tag": "natural=spring", "osm_spring_or_water_100m": true}}, {"type": "Feature", "geometry": {"type": "Point", "coordinates": [19.152243, 48.959906]}, "properties": {"objectid": 11758, "cislo_b": "1622", "hg_region": "Veľká Fatra - východná časť", "popis": "prameň", "vydatnost_l_s": 0.2, "proposed_tag": "natural=spring", "osm_spring_or_water_100m": true}}, {"type": "Feature", "geometry": {"type": "Point", "coordinates": [19.152864, 48.959391]}, "properties": {"objectid": 11759, "cislo_b": "1623", "hg_region": "Veľká Fatra - východná časť", "popis": "prameň", "vydatnost_l_s": 0.787542, "proposed_tag": "natural=spring", "osm_spring_or_water_100m": true}}, {"type": "Feature", "geometry": {"type": "Point", "coordinates": [19.157545, 48.959827]}, "properties": {"objectid": 11760, "cislo_b": "1624", "hg_region": "Veľká Fatra - východná časť", "popis": "prameň", "vydatnost_l_s": 0.15, "proposed_tag": "natural=spring", "osm_spring_or_water_100m": false}}, {"type": "Feature", "geometry": {"type": "Point", "coordinates": [19.158823, 48.959772]}, "properties": {"objectid": 11761, "cislo_b": "1625", "hg_region": "Veľká Fatra - východná časť", "popis": "prameň", "vydatnost_l_s": 0.1, "proposed_tag": "natural=spring", "osm_spring_or_water_100m": false}}, {"type": "Feature", "geometry": {"type": "Point", "coordinates": [19.159507, 48.959618]}, "properties": {"objectid": 11762, "cislo_b": "1626", "hg_region": "Veľká Fatra - východná časť", "popis": "prameň", "vydatnost_l_s": 0.238806, "proposed_tag": "natural=spring", "osm_spring_or_water_100m": false}}, {"type": "Feature", "geometry": {"type": "Point", "coordinates": [19.159749, 48.95808]}, "properties": {"objectid": 11763, "cislo_b": "1627", "hg_region": "Veľká Fatra - východná časť", "popis": "prameň", "vydatnost_l_s": 0.15, "proposed_tag": "natural=spring", "osm_spring_or_water_100m": false}}, {"type": "Feature", "geometry": {"type": "Point", "coordinates": [19.164546, 48.960256]}, "properties": {"objectid": 11764, "cislo_b": "1628", "hg_region": "Veľká Fatra - východná časť", "popis": "prameň", "vydatnost_l_s": 0.961801, "proposed_tag": "natural=spring", "osm_spring_or_water_100m": false}}, {"type": "Feature", "geometry": {"type": "Point", "coordinates": [19.164189, 48.961076]}, "properties": {"objectid": 11765, "cislo_b": "1629", "hg_region": "Veľká Fatra - východná časť", "popis": "prameň", "vydatnost_l_s": 0.07, "proposed_tag": "natural=spring", "osm_spring_or_water_100m": false}}, {"type": "Feature", "geometry": {"type": "Point", "coordinates": [19.170335, 48.960735]}, "properties": {"objectid": 11766, "cislo_b": "1630", "hg_region": "Veľká Fatra - východná časť", "popis": "prameň", "vydatnost_l_s": 0.2, "proposed_tag": "natural=spring", "osm_spring_or_water_100m": false}}, {"type": "Feature", "geometry": {"type": "Point", "coordinates": [19.168734, 48.960692]}, "properties": {"objectid": 11767, "cislo_b": "1631", "hg_region": "Veľká Fatra - východná časť", "popis": "prameň", "vydatnost_l_s": 0.15, "proposed_tag": "natural=spring", "osm_spring_or_water_100m": false}}, {"type": "Feature", "geometry": {"type": "Point", "coordinates": [19.16787, 48.960633]}, "properties": {"objectid": 11768, "cislo_b": "1632", "hg_region": "Veľká Fatra - východná časť", "popis": "prameň", "vydatnost_l_s": 0.286933, "proposed_tag": "natural=spring", "osm_spring_or_water_100m": false}}, {"type": "Feature", "geometry": {"type": "Point", "coordinates": [19.168008, 48.960276]}, "properties": {"objectid": 11769, "cislo_b": "1633", "hg_region": "Veľká Fatra - východná časť", "popis": "prameň", "vydatnost_l_s": 0.15, "proposed_tag": "natural=spring", "osm_spring_or_water_100m": false}}, {"type": "Feature", "geometry": {"type": "Point", "coordinates": [19.165928, 48.959434]}, "properties": {"objectid": 11770, "cislo_b": "1634", "hg_region": "Veľká Fatra - východná časť", "popis": "prameň", "vydatnost_l_s": 0.2, "proposed_tag": "natural=spring", "osm_spring_or_water_100m": true}}, {"type": "Feature", "geometry": {"type": "Point", "coordinates": [19.162671, 48.960593]}, "properties": {"objectid": 11771, "cislo_b": "1635", "hg_region": "Veľká Fatra - východná časť", "popis": "prameň", "vydatnost_l_s": 0.06, "proposed_tag": "natural=spring", "osm_spring_or_water_100m": false}}, {"type": "Feature", "geometry": {"type": "Point", "coordinates": [19.161845, 48.960566]}, "properties": {"objectid": 11772, "cislo_b": "1636", "hg_region": "Veľká Fatra - východná časť", "popis": "prameň", "vydatnost_l_s": 0.05, "proposed_tag": "natural=spring", "osm_spring_or_water_100m": false}}, {"type": "Feature", "geometry": {"type": "Point", "coordinates": [19.162602, 48.96142]}, "properties": {"objectid": 11773, "cislo_b": "1637", "hg_region": "Veľká Fatra - východná časť", "popis": "prameň", "vydatnost_l_s": 1.64709, "proposed_tag": "natural=spring", "osm_spring_or_water_100m": true}}, {"type": "Feature", "geometry": {"type": "Point", "coordinates": [19.15916, 48.960152]}, "properties": {"objectid": 11774, "cislo_b": "1638", "hg_region": "Veľká Fatra - východná časť", "popis": "prameň", "vydatnost_l_s": 1.12405, "proposed_tag": "natural=spring", "osm_spring_or_water_100m": false}}, {"type": "Feature", "geometry": {"type": "Point", "coordinates": [19.143767, 48.942627]}, "properties": {"objectid": 11775, "cislo_b": "1639", "hg_region": "Veľká Fatra - východná časť", "popis": "prameň", "vydatnost_l_s": 0.15, "proposed_tag": "natural=spring", "osm_spring_or_water_100m": true}}, {"type": "Feature", "geometry": {"type": "Point", "coordinates": [19.145576, 48.942712]}, "properties": {"objectid": 11776, "cislo_b": "1640", "hg_region": "Veľká Fatra - východná časť", "popis": "prameň", "vydatnost_l_s": 0.07, "proposed_tag": "natural=spring", "osm_spring_or_water_100m": true}}, {"type": "Feature", "geometry": {"type": "Point", "coordinates": [19.144215, 48.94071]}, "properties": {"objectid": 11777, "cislo_b": "1641", "hg_region": "Veľká Fatra - východná časť", "popis": "prameň", "vydatnost_l_s": 0.15, "proposed_tag": "natural=spring", "osm_spring_or_water_100m": true}}, {"type": "Feature", "geometry": {"type": "Point", "coordinates": [19.14512, 48.940969]}, "properties": {"objectid": 11778, "cislo_b": "1642", "hg_region": "Veľká Fatra - východná časť", "popis": "prameň", "vydatnost_l_s": 0.20339, "proposed_tag": "natural=spring", "osm_spring_or_water_100m": true}}, {"type": "Feature", "geometry": {"type": "Point", "coordinates": [19.145228, 48.941566]}, "properties": {"objectid": 11779, "cislo_b": "1643", "hg_region": "Veľká Fatra - východná časť", "popis": "prameň", "vydatnost_l_s": 0.25, "proposed_tag": "natural=spring", "osm_spring_or_water_100m": true}}, {"type": "Feature", "geometry": {"type": "Point", "coordinates": [19.145558, 48.940477]}, "properties": {"objectid": 11780, "cislo_b": "1644", "hg_region": "Veľká Fatra - východná časť", "popis": "prameň", "vydatnost_l_s": 0.05, "proposed_tag": "natural=spring", "osm_spring_or_water_100m": true}}, {"type": "Feature", "geometry": {"type": "Point", "coordinates": [19.146343, 48.939694]}, "properties": {"objectid": 11781, "cislo_b": "1645", "hg_region": "Veľká Fatra - východná časť", "popis": "prameň", "vydatnost_l_s": 0.573017, "proposed_tag": "natural=spring", "osm_spring_or_water_100m": true}}, {"type": "Feature", "geometry": {"type": "Point", "coordinates": [19.14456, 48.939955]}, "properties": {"objectid": 11782, "cislo_b": "1646", "hg_region": "Veľká Fatra - východná časť", "popis": "prameň", "vydatnost_l_s": 0.0496296, "proposed_tag": "natural=spring", "osm_spring_or_water_100m": true}}, {"type": "Feature", "geometry": {"type": "Point", "coordinates": [19.215627, 49.018078]}, "properties": {"objectid": 11836, "cislo_b": "1700", "hg_region": "Veľká Fatra - východná časť", "popis": "prameň", "vydatnost_l_s": 1.57544, "proposed_tag": "natural=spring", "osm_spring_or_water_100m": true}}, {"type": "Feature", "geometry": {"type": "Point", "coordinates": [19.216386, 49.0197]}, "properties": {"objectid": 11837, "cislo_b": "1701", "hg_region": "Veľká Fatra - východná časť", "popis": "prameň", "vydatnost_l_s": 0.0457143, "proposed_tag": "natural=spring", "osm_spring_or_water_100m": true}}, {"type": "Feature", "geometry": {"type": "Point", "coordinates": [19.216318, 49.022192]}, "properties": {"objectid": 11838, "cislo_b": "1702", "hg_region": "Veľká Fatra - východná časť", "popis": "prameň", "vydatnost_l_s": 1.11523, "proposed_tag": "natural=spring", "osm_spring_or_water_100m": true}}, {"type": "Feature", "geometry": {"type": "Point", "coordinates": [19.215588, 49.022044]}, "properties": {"objectid": 11839, "cislo_b": "1703", "hg_region": "Veľká Fatra - východná časť", "popis": "prameň", "vydatnost_l_s": 1.36806, "proposed_tag": "natural=spring", "osm_spring_or_water_100m": true}}, {"type": "Feature", "geometry": {"type": "Point", "coordinates": [19.220203, 49.01769]}, "properties": {"objectid": 11840, "cislo_b": "1704", "hg_region": "Veľká Fatra - východná časť", "popis": "prameň", "vydatnost_l_s": 0.119701, "proposed_tag": "natural=spring", "osm_spring_or_water_100m": false}}, {"type": "Feature", "geometry": {"type": "Point", "coordinates": [19.219122, 49.020784]}, "properties": {"objectid": 11841, "cislo_b": "1705", "hg_region": "Veľká Fatra - východná časť", "popis": "prameň", "vydatnost_l_s": 0.692683, "proposed_tag": "natural=spring", "osm_spring_or_water_100m": false}}, {"type": "Feature", "geometry": {"type": "Point", "coordinates": [19.219346, 49.022761]}, "properties": {"objectid": 11842, "cislo_b": "1706", "hg_region": "Veľká Fatra - východná časť", "popis": "prameň", "vydatnost_l_s": 0.6, "proposed_tag": "natural=spring", "osm_spring_or_water_100m": true}}, {"type": "Feature", "geometry": {"type": "Point", "coordinates": [19.217289, 49.02394]}, "properties": {"objectid": 11843, "cislo_b": "1707", "hg_region": "Veľká Fatra - východná časť", "popis": "prameň", "vydatnost_l_s": 0.185258, "proposed_tag": "natural=spring", "osm_spring_or_water_100m": true}}, {"type": "Feature", "geometry": {"type": "Point", "coordinates": [19.220191, 49.023265]}, "properties": {"objectid": 11844, "cislo_b": "1708", "hg_region": "Veľká Fatra - východná časť", "popis": "prameň", "vydatnost_l_s": 0.2, "proposed_tag": "natural=spring", "osm_spring_or_water_100m": true}}, {"type": "Feature", "geometry": {"type": "Point", "coordinates": [19.222202, 49.026968]}, "properties": {"objectid": 11845, "cislo_b": "1709", "hg_region": "Veľká Fatra - východná časť", "popis": "prameň", "vydatnost_l_s": 0.4, "proposed_tag": "natural=spring", "osm_spring_or_water_100m": true}}, {"type": "Feature", "geometry": {"type": "Point", "coordinates": [19.224798, 49.026235]}, "properties": {"objectid": 11846, "cislo_b": "1710", "hg_region": "Veľká Fatra - východná časť", "popis": "prameň", "vydatnost_l_s": 0.03, "proposed_tag": "natural=spring", "osm_spring_or_water_100m": true}}, {"type": "Feature", "geometry": {"type": "Point", "coordinates": [19.224804, 49.02562]}, "properties": {"objectid": 11847, "cislo_b": "1711", "hg_region": "Veľká Fatra - východná časť", "popis": "prameň", "vydatnost_l_s": 0.1, "proposed_tag": "natural=spring", "osm_spring_or_water_100m": true}}, {"type": "Feature", "geometry": {"type": "Point", "coordinates": [19.224052, 49.026853]}, "properties": {"objectid": 11848, "cislo_b": "1712", "hg_region": "Veľká Fatra - východná časť", "popis": "prameň", "vydatnost_l_s": 0.07, "proposed_tag": "natural=spring", "osm_spring_or_water_100m": true}}, {"type": "Feature", "geometry": {"type": "Point", "coordinates": [19.224398, 49.018144]}, "properties": {"objectid": 11849, "cislo_b": "1713", "hg_region": "Veľká Fatra - východná časť", "popis": "prameň", "vydatnost_l_s": 0.02, "proposed_tag": "natural=spring", "osm_spring_or_water_100m": false}}, {"type": "Feature", "geometry": {"type": "Point", "coordinates": [19.223459, 49.017789]}, "properties": {"objectid": 11850, "cislo_b": "1714", "hg_region": "Veľká Fatra - východná časť", "popis": "prameň", "vydatnost_l_s": 0.959794, "proposed_tag": "natural=spring", "osm_spring_or_water_100m": false}}, {"type": "Feature", "geometry": {"type": "Point", "coordinates": [19.256538, 49.03787]}, "properties": {"objectid": 10247, "cislo_b": "113", "hg_region": "Veľká Fatra - východná časť", "popis": "prameň", "vydatnost_l_s": 0.200726, "proposed_tag": "natural=spring", "osm_spring_or_water_100m": false}}, {"type": "Feature", "geometry": {"type": "Point", "coordinates": [19.249437, 49.037385]}, "properties": {"objectid": 10248, "cislo_b": "114", "hg_region": "Veľká Fatra - východná časť", "popis": "prameň", "vydatnost_l_s": 0.05, "proposed_tag": "natural=spring", "osm_spring_or_water_100m": false}}, {"type": "Feature", "geometry": {"type": "Point", "coordinates": [19.248208, 49.036181]}, "properties": {"objectid": 10249, "cislo_b": "115", "hg_region": "Veľká Fatra - východná časť", "popis": "prameň", "vydatnost_l_s": 0.22372, "proposed_tag": "natural=spring", "osm_spring_or_water_100m": true}}, {"type": "Feature", "geometry": {"type": "Point", "coordinates": [19.246074, 49.036811]}, "properties": {"objectid": 10250, "cislo_b": "116", "hg_region": "Veľká Fatra - východná časť", "popis": "prameň", "vydatnost_l_s": 0.123127, "proposed_tag": "natural=spring", "osm_spring_or_water_100m": true}}, {"type": "Feature", "geometry": {"type": "Point", "coordinates": [19.245676, 49.037312]}, "properties": {"objectid": 10251, "cislo_b": "117", "hg_region": "Veľká Fatra - východná časť", "popis": "prameň", "vydatnost_l_s": 1.0513, "proposed_tag": "natural=spring", "osm_spring_or_water_100m": false}}, {"type": "Feature", "geometry": {"type": "Point", "coordinates": [19.250824, 49.04335]}, "properties": {"objectid": 10253, "cislo_b": "119", "hg_region": "Veľká Fatra - východná časť", "popis": "prameň", "vydatnost_l_s": 0.104245, "proposed_tag": "natural=spring", "osm_spring_or_water_100m": true}}, {"type": "Feature", "geometry": {"type": "Point", "coordinates": [19.248835, 49.044057]}, "properties": {"objectid": 10254, "cislo_b": "120", "hg_region": "Veľká Fatra - východná časť", "popis": "prameň", "vydatnost_l_s": 0.178488, "proposed_tag": "natural=spring", "osm_spring_or_water_100m": false}}, {"type": "Feature", "geometry": {"type": "Point", "coordinates": [19.246869, 49.045022]}, "properties": {"objectid": 10255, "cislo_b": "121", "hg_region": "Veľká Fatra - východná časť", "popis": "prameň", "vydatnost_l_s": 0.325746, "proposed_tag": "natural=spring", "osm_spring_or_water_100m": false}}, {"type": "Feature", "geometry": {"type": "Point", "coordinates": [19.245322, 49.044914]}, "properties": {"objectid": 10256, "cislo_b": "122", "hg_region": "Veľká Fatra - východná časť", "popis": "prameň", "vydatnost_l_s": 0.0317862, "proposed_tag": "natural=spring", "osm_spring_or_water_100m": true}}, {"type": "Feature", "geometry": {"type": "Point", "coordinates": [19.249371, 49.019759]}, "properties": {"objectid": 10276, "cislo_b": "142", "hg_region": "Veľká Fatra - východná časť", "popis": "prameň", "vydatnost_l_s": 0.3, "proposed_tag": "natural=spring", "osm_spring_or_water_100m": true}}, {"type": "Feature", "geometry": {"type": "Point", "coordinates": [19.247592, 49.019753]}, "properties": {"objectid": 10277, "cislo_b": "143", "hg_region": "Veľká Fatra - východná časť", "popis": "prameň", "vydatnost_l_s": 0.477011, "proposed_tag": "natural=spring", "osm_spring_or_water_100m": true}}, {"type": "Feature", "geometry": {"type": "Point", "coordinates": [19.251887, 49.019784]}, "properties": {"objectid": 10278, "cislo_b": "144", "hg_region": "Veľká Fatra - východná časť", "popis": "prameň", "vydatnost_l_s": 0.868519, "proposed_tag": "natural=spring", "osm_spring_or_water_100m": true}}, {"type": "Feature", "geometry": {"type": "Point", "coordinates": [19.23994, 48.973087]}, "properties": {"objectid": 10290, "cislo_b": "156", "hg_region": "Veľká Fatra - východná časť", "popis": "prameň", "vydatnost_l_s": 2.14531, "proposed_tag": "natural=spring", "osm_spring_or_water_100m": false}}, {"type": "Feature", "geometry": {"type": "Point", "coordinates": [19.244201, 48.975022]}, "properties": {"objectid": 10291, "cislo_b": "157", "hg_region": "Veľká Fatra - východná časť", "popis": "prameň", "vydatnost_l_s": 0.844262, "proposed_tag": "natural=spring", "osm_spring_or_water_100m": false}}, {"type": "Feature", "geometry": {"type": "Point", "coordinates": [19.241517, 48.964282]}, "properties": {"objectid": 10292, "cislo_b": "158", "hg_region": "Veľká Fatra - východná časť", "popis": "prameň", "vydatnost_l_s": 0.19213, "proposed_tag": "natural=spring", "osm_spring_or_water_100m": false}}, {"type": "Feature", "geometry": {"type": "Point", "coordinates": [19.252151, 48.963417]}, "properties": {"objectid": 10293, "cislo_b": "159", "hg_region": "Veľká Fatra - východná časť", "popis": "prameň minerálnej vody", "vydatnost_l_s": 0.00474074, "proposed_tag": "natural=spring + water_characteristic=mineral", "osm_spring_or_water_100m": true}}, {"type": "Feature", "geometry": {"type": "Point", "coordinates": [19.253306, 48.964072]}, "properties": {"objectid": 10294, "cislo_b": "160", "hg_region": "Veľká Fatra - východná časť", "popis": "prameň", "vydatnost_l_s": 0.342975, "proposed_tag": "natural=spring", "osm_spring_or_water_100m": true}}, {"type": "Feature", "geometry": {"type": "Point", "coordinates": [19.254828, 48.966395]}, "properties": {"objectid": 10295, "cislo_b": "161", "hg_region": "Veľká Fatra - východná časť", "popis": "prameň", "vydatnost_l_s": 0.298925, "proposed_tag": "natural=spring", "osm_spring_or_water_100m": false}}, {"type": "Feature", "geometry": {"type": "Point", "coordinates": [19.249088, 48.96653]}, "properties": {"objectid": 10296, "cislo_b": "162", "hg_region": "Veľká Fatra - východná časť", "popis": "prameň", "vydatnost_l_s": 0.20296, "proposed_tag": "natural=spring", "osm_spring_or_water_100m": false}}, {"type": "Feature", "geometry": {"type": "Point", "coordinates": [19.244994, 48.965552]}, "properties": {"objectid": 10297, "cislo_b": "163", "hg_region": "Veľká Fatra - východná časť", "popis": "prameň", "vydatnost_l_s": 0.644911, "proposed_tag": "natural=spring", "osm_spring_or_water_100m": false}}, {"type": "Feature", "geometry": {"type": "Point", "coordinates": [19.244616, 48.98293]}, "properties": {"objectid": 10298, "cislo_b": "164", "hg_region": "Veľká Fatra - východná časť", "popis": "prameň", "vydatnost_l_s": 0.1, "proposed_tag": "natural=spring", "osm_spring_or_water_100m": true}}, {"type": "Feature", "geometry": {"type": "Point", "coordinates": [19.236068, 48.98371]}, "properties": {"objectid": 10299, "cislo_b": "165", "hg_region": "Veľká Fatra - východná časť", "popis": "prameň", "vydatnost_l_s": 2.48997, "proposed_tag": "natural=spring", "osm_spring_or_water_100m": true}}, {"type": "Feature", "geometry": {"type": "Point", "coordinates": [19.243789, 48.984143]}, "properties": {"objectid": 10300, "cislo_b": "166", "hg_region": "Veľká Fatra - východná časť", "popis": "prameň", "vydatnost_l_s": 1.10465, "proposed_tag": "natural=spring", "osm_spring_or_water_100m": true}}, {"type": "Feature", "geometry": {"type": "Point", "coordinates": [19.249886, 48.980791]}, "properties": {"objectid": 10301, "cislo_b": "167", "hg_region": "Veľká Fatra - východná časť", "popis": "prameň", "vydatnost_l_s": 0.624286, "proposed_tag": "natural=spring", "osm_spring_or_water_100m": true}}, {"type": "Feature", "geometry": {"type": "Point", "coordinates": [19.2587, 48.975141]}, "properties": {"objectid": 10305, "cislo_b": "171", "hg_region": "Veľká Fatra - východná časť", "popis": "prameň", "vydatnost_l_s": 0.250608, "proposed_tag": "natural=spring", "osm_spring_or_water_100m": true}}, {"type": "Feature", "geometry": {"type": "Point", "coordinates": [19.257267, 48.974706]}, "properties": {"objectid": 10306, "cislo_b": "172", "hg_region": "Veľká Fatra - východná časť", "popis": "prameň", "vydatnost_l_s": 0.4, "proposed_tag": "natural=spring", "osm_spring_or_water_100m": true}}, {"type": "Feature", "geometry": {"type": "Point", "coordinates": [19.257383, 48.959872]}, "properties": {"objectid": 10312, "cislo_b": "178", "hg_region": "Veľká Fatra - východná časť", "popis": "prameň", "vydatnost_l_s": 0.384252, "proposed_tag": "natural=spring", "osm_spring_or_water_100m": false}}, {"type": "Feature", "geometry": {"type": "Point", "coordinates": [19.256689, 48.958277]}, "properties": {"objectid": 10313, "cislo_b": "179", "hg_region": "Veľká Fatra - východná časť", "popis": "prameň", "vydatnost_l_s": 0.368937, "proposed_tag": "natural=spring", "osm_spring_or_water_100m": false}}, {"type": "Feature", "geometry": {"type": "Point", "coordinates": [19.256691, 48.954304]}, "properties": {"objectid": 10314, "cislo_b": "180", "hg_region": "Veľká Fatra - východná časť", "popis": "prameň", "vydatnost_l_s": 0.974144, "proposed_tag": "natural=spring", "osm_spring_or_water_100m": false}}, {"type": "Feature", "geometry": {"type": "Point", "coordinates": [19.259832, 48.954069]}, "properties": {"objectid": 10315, "cislo_b": "181", "hg_region": "Veľká Fatra - východná časť", "popis": "prameň", "vydatnost_l_s": 3.48751, "proposed_tag": "natural=spring", "osm_spring_or_water_100m": true}}, {"type": "Feature", "geometry": {"type": "Point", "coordinates": [19.259673, 48.954287]}, "properties": {"objectid": 10316, "cislo_b": "182", "hg_region": "Veľká Fatra - východná časť", "popis": "prameň", "vydatnost_l_s": 1.05611, "proposed_tag": "natural=spring", "osm_spring_or_water_100m": true}}, {"type": "Feature", "geometry": {"type": "Point", "coordinates": [19.259662, 48.954641]}, "properties": {"objectid": 10317, "cislo_b": "183", "hg_region": "Veľká Fatra - východná časť", "popis": "prameň", "vydatnost_l_s": 4.0, "proposed_tag": "natural=spring", "osm_spring_or_water_100m": true}}, {"type": "Feature", "geometry": {"type": "Point", "coordinates": [19.255234, 48.950298]}, "properties": {"objectid": 10319, "cislo_b": "185", "hg_region": "Veľká Fatra - východná časť", "popis": "prameň", "vydatnost_l_s": 0.324627, "proposed_tag": "natural=spring", "osm_spring_or_water_100m": false}}, {"type": "Feature", "geometry": {"type": "Point", "coordinates": [19.25228, 48.949562]}, "properties": {"objectid": 10320, "cislo_b": "186", "hg_region": "Veľká Fatra - východná časť", "popis": "prameň", "vydatnost_l_s": 1.5, "proposed_tag": "natural=spring", "osm_spring_or_water_100m": false}}, {"type": "Feature", "geometry": {"type": "Point", "coordinates": [19.251857, 48.949301]}, "properties": {"objectid": 10321, "cislo_b": "187", "hg_region": "Veľká Fatra - východná časť", "popis": "prameň", "vydatnost_l_s": 0.641724, "proposed_tag": "natural=spring", "osm_spring_or_water_100m": false}}, {"type": "Feature", "geometry": {"type": "Point", "coordinates": [19.251458, 48.948985]}, "properties": {"objectid": 10322, "cislo_b": "188", "hg_region": "Veľká Fatra - východná časť", "popis": "prameň", "vydatnost_l_s": 3.43659, "proposed_tag": "natural=spring", "osm_spring_or_water_100m": false}}, {"type": "Feature", "geometry": {"type": "Point", "coordinates": [19.251278, 48.948486]}, "properties": {"objectid": 10323, "cislo_b": "189", "hg_region": "Veľká Fatra - východná časť", "popis": "prameň", "vydatnost_l_s": 3.34795, "proposed_tag": "natural=spring", "osm_spring_or_water_100m": false}}, {"type": "Feature", "geometry": {"type": "Point", "coordinates": [19.251167, 48.94818]}, "properties": {"objectid": 10324, "cislo_b": "190", "hg_region": "Veľká Fatra - východná časť", "popis": "prameň", "vydatnost_l_s": 4.54878, "proposed_tag": "natural=spring", "osm_spring_or_water_100m": false}}, {"type": "Feature", "geometry": {"type": "Point", "coordinates": [19.249119, 48.947056]}, "properties": {"objectid": 10325, "cislo_b": "191", "hg_region": "Veľká Fatra - východná časť", "popis": "prameň", "vydatnost_l_s": 2.5, "proposed_tag": "natural=spring", "osm_spring_or_water_100m": false}}, {"type": "Feature", "geometry": {"type": "Point", "coordinates": [19.245162, 48.946666]}, "properties": {"objectid": 10326, "cislo_b": "192", "hg_region": "Veľká Fatra - východná časť", "popis": "prameň", "vydatnost_l_s": 0.740365, "proposed_tag": "natural=spring", "osm_spring_or_water_100m": false}}, {"type": "Feature", "geometry": {"type": "Point", "coordinates": [19.244198, 48.946197]}, "properties": {"objectid": 10327, "cislo_b": "193", "hg_region": "Veľká Fatra - východná časť", "popis": "prameň", "vydatnost_l_s": 0.542903, "proposed_tag": "natural=spring", "osm_spring_or_water_100m": false}}, {"type": "Feature", "geometry": {"type": "Point", "coordinates": [19.227351, 48.95922]}, "properties": {"objectid": 10328, "cislo_b": "194", "hg_region": "Veľká Fatra - východná časť", "popis": "prameň", "vydatnost_l_s": 4.11919, "proposed_tag": "natural=spring", "osm_spring_or_water_100m": true}}, {"type": "Feature", "geometry": {"type": "Point", "coordinates": [19.228212, 48.960293]}, "properties": {"objectid": 10329, "cislo_b": "195", "hg_region": "Veľká Fatra - východná časť", "popis": "prameň", "vydatnost_l_s": 3.89237, "proposed_tag": "natural=spring", "osm_spring_or_water_100m": true}}, {"type": "Feature", "geometry": {"type": "Point", "coordinates": [19.228015, 48.960611]}, "properties": {"objectid": 10330, "cislo_b": "196", "hg_region": "Veľká Fatra - východná časť", "popis": "prameň", "vydatnost_l_s": 2.84897, "proposed_tag": "natural=spring", "osm_spring_or_water_100m": true}}, {"type": "Feature", "geometry": {"type": "Point", "coordinates": [19.22775, 48.961561]}, "properties": {"objectid": 10331, "cislo_b": "197", "hg_region": "Veľká Fatra - východná časť", "popis": "prameň", "vydatnost_l_s": 9.28474, "proposed_tag": "natural=spring", "osm_spring_or_water_100m": true}}, {"type": "Feature", "geometry": {"type": "Point", "coordinates": [19.22741, 48.961791]}, "properties": {"objectid": 10332, "cislo_b": "198", "hg_region": "Veľká Fatra - východná časť", "popis": "prameň", "vydatnost_l_s": 0.980809, "proposed_tag": "natural=spring", "osm_spring_or_water_100m": true}}, {"type": "Feature", "geometry": {"type": "Point", "coordinates": [19.231101, 48.960531]}, "properties": {"objectid": 10333, "cislo_b": "199", "hg_region": "Veľká Fatra - východná časť", "popis": "prameň", "vydatnost_l_s": 0.1, "proposed_tag": "natural=spring", "osm_spring_or_water_100m": false}}, {"type": "Feature", "geometry": {"type": "Point", "coordinates": [19.233554, 48.962107]}, "properties": {"objectid": 10334, "cislo_b": "200", "hg_region": "Veľká Fatra - východná časť", "popis": "prameň", "vydatnost_l_s": 0.305567, "proposed_tag": "natural=spring", "osm_spring_or_water_100m": true}}, {"type": "Feature", "geometry": {"type": "Point", "coordinates": [19.23509, 48.966908]}, "properties": {"objectid": 10335, "cislo_b": "201", "hg_region": "Veľká Fatra - východná časť", "popis": "prameň", "vydatnost_l_s": 0.229607, "proposed_tag": "natural=spring", "osm_spring_or_water_100m": false}}, {"type": "Feature", "geometry": {"type": "Point", "coordinates": [19.232121, 48.970767]}, "properties": {"objectid": 10336, "cislo_b": "202", "hg_region": "Veľká Fatra - východná časť", "popis": "prameň", "vydatnost_l_s": 0.7, "proposed_tag": "natural=spring", "osm_spring_or_water_100m": true}}, {"type": "Feature", "geometry": {"type": "Point", "coordinates": [19.232147, 48.97006]}, "properties": {"objectid": 10337, "cislo_b": "203", "hg_region": "Veľká Fatra - východná časť", "popis": "prameň", "vydatnost_l_s": 0.200418, "proposed_tag": "natural=spring", "osm_spring_or_water_100m": true}}, {"type": "Feature", "geometry": {"type": "Point", "coordinates": [19.224212, 48.965357]}, "properties": {"objectid": 10338, "cislo_b": "204", "hg_region": "Veľká Fatra - východná časť", "popis": "prameň", "vydatnost_l_s": 0.807587, "proposed_tag": "natural=spring", "osm_spring_or_water_100m": true}}, {"type": "Feature", "geometry": {"type": "Point", "coordinates": [19.224095, 48.967102]}, "properties": {"objectid": 10339, "cislo_b": "205", "hg_region": "Veľká Fatra - východná časť", "popis": "prameň", "vydatnost_l_s": 0.85592, "proposed_tag": "natural=spring", "osm_spring_or_water_100m": false}}, {"type": "Feature", "geometry": {"type": "Point", "coordinates": [19.223164, 48.970631]}, "properties": {"objectid": 10340, "cislo_b": "206", "hg_region": "Veľká Fatra - východná časť", "popis": "prameň", "vydatnost_l_s": 0.4, "proposed_tag": "natural=spring", "osm_spring_or_water_100m": false}}, {"type": "Feature", "geometry": {"type": "Point", "coordinates": [19.224217, 48.969817]}, "properties": {"objectid": 10341, "cislo_b": "207", "hg_region": "Veľká Fatra - východná časť", "popis": "prameň", "vydatnost_l_s": 0.508436, "proposed_tag": "natural=spring", "osm_spring_or_water_100m": true}}, {"type": "Feature", "geometry": {"type": "Point", "coordinates": [19.222081, 48.978566]}, "properties": {"objectid": 10342, "cislo_b": "208", "hg_region": "Veľká Fatra - východná časť", "popis": "prameň", "vydatnost_l_s": 1.2, "proposed_tag": "natural=spring", "osm_spring_or_water_100m": true}}, {"type": "Feature", "geometry": {"type": "Point", "coordinates": [19.230181, 48.977164]}, "properties": {"objectid": 10343, "cislo_b": "209", "hg_region": "Veľká Fatra - východná časť", "popis": "prameň", "vydatnost_l_s": 0.971521, "proposed_tag": "natural=spring", "osm_spring_or_water_100m": false}}, {"type": "Feature", "geometry": {"type": "Point", "coordinates": [19.230172, 48.974069]}, "properties": {"objectid": 10344, "cislo_b": "210", "hg_region": "Veľká Fatra - východná časť", "popis": "prameň", "vydatnost_l_s": 0.15, "proposed_tag": "natural=spring", "osm_spring_or_water_100m": false}}, {"type": "Feature", "geometry": {"type": "Point", "coordinates": [19.231077, 48.973596]}, "properties": {"objectid": 10345, "cislo_b": "211", "hg_region": "Veľká Fatra - východná časť", "popis": "prameň", "vydatnost_l_s": 0.3, "proposed_tag": "natural=spring", "osm_spring_or_water_100m": false}}, {"type": "Feature", "geometry": {"type": "Point", "coordinates": [19.217783, 48.976702]}, "properties": {"objectid": 10346, "cislo_b": "212", "hg_region": "Veľká Fatra - východná časť", "popis": "prameň", "vydatnost_l_s": 0.357373, "proposed_tag": "natural=spring", "osm_spring_or_water_100m": false}}, {"type": "Feature", "geometry": {"type": "Point", "coordinates": [19.215527, 48.978854]}, "properties": {"objectid": 10347, "cislo_b": "213", "hg_region": "Veľká Fatra - východná časť", "popis": "prameň", "vydatnost_l_s": 0.456682, "proposed_tag": "natural=spring", "osm_spring_or_water_100m": true}}, {"type": "Feature", "geometry": {"type": "Point", "coordinates": [19.215527, 48.980168]}, "properties": {"objectid": 10348, "cislo_b": "214", "hg_region": "Veľká Fatra - východná časť", "popis": "prameň", "vydatnost_l_s": 0.694636, "proposed_tag": "natural=spring", "osm_spring_or_water_100m": false}}, {"type": "Feature", "geometry": {"type": "Point", "coordinates": [19.216022, 48.98096]}, "properties": {"objectid": 10349, "cislo_b": "215", "hg_region": "Veľká Fatra - východná časť", "popis": "prameň", "vydatnost_l_s": 3.47993, "proposed_tag": "natural=spring", "osm_spring_or_water_100m": false}}, {"type": "Feature", "geometry": {"type": "Point", "coordinates": [19.218133, 48.982846]}, "properties": {"objectid": 10350, "cislo_b": "216", "hg_region": "Veľká Fatra - východná časť", "popis": "prameň", "vydatnost_l_s": 1.2, "proposed_tag": "natural=spring", "osm_spring_or_water_100m": true}}, {"type": "Feature", "geometry": {"type": "Point", "coordinates": [19.217882, 48.983924]}, "properties": {"objectid": 10351, "cislo_b": "217", "hg_region": "Veľká Fatra - východná časť", "popis": "prameň", "vydatnost_l_s": 0.272352, "proposed_tag": "natural=spring", "osm_spring_or_water_100m": true}}, {"type": "Feature", "geometry": {"type": "Point", "coordinates": [19.217472, 48.983998]}, "properties": {"objectid": 10352, "cislo_b": "218", "hg_region": "Veľká Fatra - východná časť", "popis": "prameň", "vydatnost_l_s": 0.265193, "proposed_tag": "natural=spring", "osm_spring_or_water_100m": true}}, {"type": "Feature", "geometry": {"type": "Point", "coordinates": [19.218374, 48.983452]}, "properties": {"objectid": 10353, "cislo_b": "219", "hg_region": "Veľká Fatra - východná časť", "popis": "prameň", "vydatnost_l_s": 1.93388, "proposed_tag": "natural=spring", "osm_spring_or_water_100m": true}}, {"type": "Feature", "geometry": {"type": "Point", "coordinates": [19.212034, 48.98362]}, "properties": {"objectid": 10354, "cislo_b": "220", "hg_region": "Veľká Fatra - východná časť", "popis": "prameň", "vydatnost_l_s": 0.260842, "proposed_tag": "natural=spring", "osm_spring_or_water_100m": true}}, {"type": "Feature", "geometry": {"type": "Point", "coordinates": [19.210457, 48.985053]}, "properties": {"objectid": 10355, "cislo_b": "221", "hg_region": "Veľká Fatra - východná časť", "popis": "prameň", "vydatnost_l_s": 0.22051, "proposed_tag": "natural=spring", "osm_spring_or_water_100m": true}}, {"type": "Feature", "geometry": {"type": "Point", "coordinates": [19.209797, 48.986278]}, "properties": {"objectid": 10356, "cislo_b": "222", "hg_region": "Veľká Fatra - východná časť", "popis": "prameň", "vydatnost_l_s": 0.156098, "proposed_tag": "natural=spring", "osm_spring_or_water_100m": false}}, {"type": "Feature", "geometry": {"type": "Point", "coordinates": [19.20851, 48.983089]}, "properties": {"objectid": 10357, "cislo_b": "223", "hg_region": "Veľká Fatra - východná časť", "popis": "prameň", "vydatnost_l_s": 0.497319, "proposed_tag": "natural=spring", "osm_spring_or_water_100m": false}}, {"type": "Feature", "geometry": {"type": "Point", "coordinates": [19.207061, 48.98858]}, "properties": {"objectid": 10358, "cislo_b": "224", "hg_region": "Veľká Fatra - východná časť", "popis": "prameň", "vydatnost_l_s": 0.2, "proposed_tag": "natural=spring", "osm_spring_or_water_100m": true}}, {"type": "Feature", "geometry": {"type": "Point", "coordinates": [19.206264, 48.988135]}, "properties": {"objectid": 10359, "cislo_b": "225", "hg_region": "Veľká Fatra - východná časť", "popis": "prameň", "vydatnost_l_s": 0.05, "proposed_tag": "natural=spring", "osm_spring_or_water_100m": true}}, {"type": "Feature", "geometry": {"type": "Point", "coordinates": [19.201805, 48.983215]}, "properties": {"objectid": 10360, "cislo_b": "226", "hg_region": "Veľká Fatra - východná časť", "popis": "prameň", "vydatnost_l_s": 0.15, "proposed_tag": "natural=spring", "osm_spring_or_water_100m": true}}, {"type": "Feature", "geometry": {"type": "Point", "coordinates": [19.198152, 48.982389]}, "properties": {"objectid": 10361, "cislo_b": "227", "hg_region": "Veľká Fatra - východná časť", "popis": "prameň", "vydatnost_l_s": 0.1, "proposed_tag": "natural=spring", "osm_spring_or_water_100m": false}}, {"type": "Feature", "geometry": {"type": "Point", "coordinates": [19.208883, 48.980858]}, "properties": {"objectid": 10362, "cislo_b": "228", "hg_region": "Veľká Fatra - východná časť", "popis": "prameň", "vydatnost_l_s": 3.17369, "proposed_tag": "natural=spring", "osm_spring_or_water_100m": false}}, {"type": "Feature", "geometry": {"type": "Point", "coordinates": [19.197594, 48.978296]}, "properties": {"objectid": 10363, "cislo_b": "229", "hg_region": "Veľká Fatra - východná časť", "popis": "prameň", "vydatnost_l_s": 0.1, "proposed_tag": "natural=spring", "osm_spring_or_water_100m": true}}, {"type": "Feature", "geometry": {"type": "Point", "coordinates": [19.196622, 48.979228]}, "properties": {"objectid": 10364, "cislo_b": "230", "hg_region": "Veľká Fatra - východná časť", "popis": "prameň", "vydatnost_l_s": 0.178439, "proposed_tag": "natural=spring", "osm_spring_or_water_100m": true}}, {"type": "Feature", "geometry": {"type": "Point", "coordinates": [19.189175, 48.976773]}, "properties": {"objectid": 10365, "cislo_b": "231", "hg_region": "Veľká Fatra - východná časť", "popis": "prameň", "vydatnost_l_s": 0.0882171, "proposed_tag": "natural=spring", "osm_spring_or_water_100m": false}}, {"type": "Feature", "geometry": {"type": "Point", "coordinates": [19.198662, 48.974804]}, "properties": {"objectid": 10366, "cislo_b": "232", "hg_region": "Veľká Fatra - východná časť", "popis": "prameň", "vydatnost_l_s": 2.63624, "proposed_tag": "natural=spring", "osm_spring_or_water_100m": true}}, {"type": "Feature", "geometry": {"type": "Point", "coordinates": [19.198853, 48.974536]}, "properties": {"objectid": 10367, "cislo_b": "233", "hg_region": "Veľká Fatra - východná časť", "popis": "prameň", "vydatnost_l_s": 1.51701, "proposed_tag": "natural=spring", "osm_spring_or_water_100m": true}}, {"type": "Feature", "geometry": {"type": "Point", "coordinates": [19.196914, 48.973841]}, "properties": {"objectid": 10368, "cislo_b": "234", "hg_region": "Veľká Fatra - východná časť", "popis": "prameň", "vydatnost_l_s": 0.1, "proposed_tag": "natural=spring", "osm_spring_or_water_100m": false}}, {"type": "Feature", "geometry": {"type": "Point", "coordinates": [19.191509, 48.970414]}, "properties": {"objectid": 10369, "cislo_b": "235", "hg_region": "Veľká Fatra - východná časť", "popis": "prameň", "vydatnost_l_s": 0.0977597, "proposed_tag": "natural=spring", "osm_spring_or_water_100m": false}}, {"type": "Feature", "geometry": {"type": "Point", "coordinates": [19.192469, 48.969019]}, "properties": {"objectid": 10370, "cislo_b": "236", "hg_region": "Veľká Fatra - východná časť", "popis": "prameň", "vydatnost_l_s": 0.41087, "proposed_tag": "natural=spring", "osm_spring_or_water_100m": false}}, {"type": "Feature", "geometry": {"type": "Point", "coordinates": [19.197435, 48.968527]}, "properties": {"objectid": 10371, "cislo_b": "237", "hg_region": "Veľká Fatra - východná časť", "popis": "prameň", "vydatnost_l_s": 0.12615, "proposed_tag": "natural=spring", "osm_spring_or_water_100m": false}}, {"type": "Feature", "geometry": {"type": "Point", "coordinates": [19.200463, 48.972041]}, "properties": {"objectid": 10372, "cislo_b": "238", "hg_region": "Veľká Fatra - východná časť", "popis": "prameň", "vydatnost_l_s": 0.4, "proposed_tag": "natural=spring", "osm_spring_or_water_100m": true}}, {"type": "Feature", "geometry": {"type": "Point", "coordinates": [19.201149, 48.972793]}, "properties": {"objectid": 10373, "cislo_b": "239", "hg_region": "Veľká Fatra - východná časť", "popis": "prameň", "vydatnost_l_s": 0.247343, "proposed_tag": "natural=spring", "osm_spring_or_water_100m": true}}, {"type": "Feature", "geometry": {"type": "Point", "coordinates": [19.201764, 48.97312]}, "properties": {"objectid": 10374, "cislo_b": "240", "hg_region": "Veľká Fatra - východná časť", "popis": "prameň", "vydatnost_l_s": 1.12051, "proposed_tag": "natural=spring", "osm_spring_or_water_100m": true}}, {"type": "Feature", "geometry": {"type": "Point", "coordinates": [19.202678, 48.97778]}, "properties": {"objectid": 10375, "cislo_b": "241", "hg_region": "Veľká Fatra - východná časť", "popis": "prameň", "vydatnost_l_s": 2.36238, "proposed_tag": "natural=spring", "osm_spring_or_water_100m": true}}, {"type": "Feature", "geometry": {"type": "Point", "coordinates": [19.2023, 48.966025]}, "properties": {"objectid": 10376, "cislo_b": "242", "hg_region": "Veľká Fatra - východná časť", "popis": "prameň", "vydatnost_l_s": 0.111429, "proposed_tag": "natural=spring", "osm_spring_or_water_100m": false}}, {"type": "Feature", "geometry": {"type": "Point", "coordinates": [19.223427, 48.946136]}, "properties": {"objectid": 10377, "cislo_b": "243", "hg_region": "Veľká Fatra - východná časť", "popis": "prameň", "vydatnost_l_s": 23.151, "proposed_tag": "natural=spring", "osm_spring_or_water_100m": true}}, {"type": "Feature", "geometry": {"type": "Point", "coordinates": [19.221764, 48.946208]}, "properties": {"objectid": 10378, "cislo_b": "244", "hg_region": "Veľká Fatra - východná časť", "popis": "prameň", "vydatnost_l_s": 3.93377, "proposed_tag": "natural=spring", "osm_spring_or_water_100m": true}}, {"type": "Feature", "geometry": {"type": "Point", "coordinates": [19.20975, 48.94726]}, "properties": {"objectid": 10379, "cislo_b": "245", "hg_region": "Veľká Fatra - východná časť", "popis": "prameň", "vydatnost_l_s": 4.61913, "proposed_tag": "natural=spring", "osm_spring_or_water_100m": true}}, {"type": "Feature", "geometry": {"type": "Point", "coordinates": [19.21257, 48.952024]}, "properties": {"objectid": 10380, "cislo_b": "246", "hg_region": "Veľká Fatra - východná časť", "popis": "prameň", "vydatnost_l_s": 1.00128, "proposed_tag": "natural=spring", "osm_spring_or_water_100m": true}}, {"type": "Feature", "geometry": {"type": "Point", "coordinates": [19.209722, 48.95303]}, "properties": {"objectid": 10381, "cislo_b": "247", "hg_region": "Veľká Fatra - východná časť", "popis": "prameň", "vydatnost_l_s": 0.265176, "proposed_tag": "natural=spring", "osm_spring_or_water_100m": true}}, {"type": "Feature", "geometry": {"type": "Point", "coordinates": [19.208622, 48.955033]}, "properties": {"objectid": 10382, "cislo_b": "248", "hg_region": "Veľká Fatra - východná časť", "popis": "prameň", "vydatnost_l_s": 2.97758, "proposed_tag": "natural=spring", "osm_spring_or_water_100m": true}}, {"type": "Feature", "geometry": {"type": "Point", "coordinates": [19.212503, 48.952544]}, "properties": {"objectid": 10383, "cislo_b": "249", "hg_region": "Veľká Fatra - východná časť", "popis": "prameň", "vydatnost_l_s": 0.7, "proposed_tag": "natural=spring", "osm_spring_or_water_100m": true}}, {"type": "Feature", "geometry": {"type": "Point", "coordinates": [19.21522, 48.953102]}, "properties": {"objectid": 10384, "cislo_b": "250", "hg_region": "Veľká Fatra - východná časť", "popis": "prameň", "vydatnost_l_s": 2.5, "proposed_tag": "natural=spring", "osm_spring_or_water_100m": false}}, {"type": "Feature", "geometry": {"type": "Point", "coordinates": [19.215634, 48.952924]}, "properties": {"objectid": 10385, "cislo_b": "251", "hg_region": "Veľká Fatra - východná časť", "popis": "prameň", "vydatnost_l_s": 12.0, "proposed_tag": "natural=spring", "osm_spring_or_water_100m": false}}, {"type": "Feature", "geometry": {"type": "Point", "coordinates": [19.215199, 48.955957]}, "properties": {"objectid": 10386, "cislo_b": "252", "hg_region": "Veľká Fatra - východná časť", "popis": "prameň", "vydatnost_l_s": 1.3184, "proposed_tag": "natural=spring", "osm_spring_or_water_100m": false}}, {"type": "Feature", "geometry": {"type": "Point", "coordinates": [19.231141, 48.945045]}, "properties": {"objectid": 10387, "cislo_b": "253", "hg_region": "Veľká Fatra - východná časť", "popis": "prameň", "vydatnost_l_s": 0.8, "proposed_tag": "natural=spring", "osm_spring_or_water_100m": true}}, {"type": "Feature", "geometry": {"type": "Point", "coordinates": [19.228287, 48.945886]}, "properties": {"objectid": 10388, "cislo_b": "254", "hg_region": "Veľká Fatra - východná časť", "popis": "prameň", "vydatnost_l_s": 0.3, "proposed_tag": "natural=spring", "osm_spring_or_water_100m": true}}, {"type": "Feature", "geometry": {"type": "Point", "coordinates": [19.226735, 48.945985]}, "properties": {"objectid": 10389, "cislo_b": "255", "hg_region": "Veľká Fatra - východná časť", "popis": "prameň s monitorovaním výdatnosti", "vydatnost_l_s": 6.5, "proposed_tag": "natural=spring", "osm_spring_or_water_100m": true}}, {"type": "Feature", "geometry": {"type": "Point", "coordinates": [19.226464, 48.946262]}, "properties": {"objectid": 10390, "cislo_b": "256", "hg_region": "Veľká Fatra - východná časť", "popis": "prameň", "vydatnost_l_s": 0.596371, "proposed_tag": "natural=spring", "osm_spring_or_water_100m": true}}, {"type": "Feature", "geometry": {"type": "Point", "coordinates": [19.215931, 48.95117]}, "properties": {"objectid": 10391, "cislo_b": "257", "hg_region": "Veľká Fatra - východná časť", "popis": "prameň", "vydatnost_l_s": 1.10828, "proposed_tag": "natural=spring", "osm_spring_or_water_100m": false}}, {"type": "Feature", "geometry": {"type": "Point", "coordinates": [19.216886, 48.951081]}, "properties": {"objectid": 10392, "cislo_b": "258", "hg_region": "Veľká Fatra - východná časť", "popis": "prameň", "vydatnost_l_s": 0.479689, "proposed_tag": "natural=spring", "osm_spring_or_water_100m": false}}, {"type": "Feature", "geometry": {"type": "Point", "coordinates": [19.218401, 48.952623]}, "properties": {"objectid": 10393, "cislo_b": "259", "hg_region": "Veľká Fatra - východná časť", "popis": "vodárensky využívaný a monitorovaný prameň", "vydatnost_l_s": 73.1, "proposed_tag": "natural=spring", "osm_spring_or_water_100m": false}}, {"type": "Feature", "geometry": {"type": "Point", "coordinates": [19.21974, 48.95359]}, "properties": {"objectid": 10394, "cislo_b": "260", "hg_region": "Veľká Fatra - východná časť", "popis": "prameň", "vydatnost_l_s": 0.25, "proposed_tag": "natural=spring", "osm_spring_or_water_100m": true}}, {"type": "Feature", "geometry": {"type": "Point", "coordinates": [19.220166, 48.954107]}, "properties": {"objectid": 10395, "cislo_b": "261", "hg_region": "Veľká Fatra - východná časť", "popis": "prameň", "vydatnost_l_s": 1.03876, "proposed_tag": "natural=spring", "osm_spring_or_water_100m": true}}, {"type": "Feature", "geometry": {"type": "Point", "coordinates": [19.207935, 48.955643]}, "properties": {"objectid": 10396, "cislo_b": "262", "hg_region": "Veľká Fatra - východná časť", "popis": "vodárensky využívaný prameň", "vydatnost_l_s": 23.8, "proposed_tag": "natural=spring", "osm_spring_or_water_100m": true}}, {"type": "Feature", "geometry": {"type": "Point", "coordinates": [19.204524, 48.956847]}, "properties": {"objectid": 10397, "cislo_b": "263", "hg_region": "Veľká Fatra - východná časť", "popis": "vodárensky využívaný prameň", "vydatnost_l_s": 23.87, "proposed_tag": "natural=spring", "osm_spring_or_water_100m": false}}, {"type": "Feature", "geometry": {"type": "Point", "coordinates": [19.204344, 48.958216]}, "properties": {"objectid": 10398, "cislo_b": "264", "hg_region": "Veľká Fatra - východná časť", "popis": "prameň", "vydatnost_l_s": 0.1, "proposed_tag": "natural=spring", "osm_spring_or_water_100m": false}}, {"type": "Feature", "geometry": {"type": "Point", "coordinates": [19.201077, 48.966035]}, "properties": {"objectid": 10399, "cislo_b": "265", "hg_region": "Veľká Fatra - východná časť", "popis": "prameň", "vydatnost_l_s": 0.844084, "proposed_tag": "natural=spring", "osm_spring_or_water_100m": false}}, {"type": "Feature", "geometry": {"type": "Point", "coordinates": [19.225562, 48.946255]}, "properties": {"objectid": 10400, "cislo_b": "266", "hg_region": "Veľká Fatra - východná časť", "popis": "prameň", "vydatnost_l_s": 3.32924, "proposed_tag": "natural=spring", "osm_spring_or_water_100m": true}}, {"type": "Feature", "geometry": {"type": "Point", "coordinates": [19.198055, 48.959623]}, "properties": {"objectid": 10401, "cislo_b": "267", "hg_region": "Veľká Fatra - východná časť", "popis": "prameň", "vydatnost_l_s": 0.400803, "proposed_tag": "natural=spring", "osm_spring_or_water_100m": false}}, {"type": "Feature", "geometry": {"type": "Point", "coordinates": [19.196469, 48.9629]}, "properties": {"objectid": 10402, "cislo_b": "268", "hg_region": "Veľká Fatra - východná časť", "popis": "prameň", "vydatnost_l_s": 0.3, "proposed_tag": "natural=spring", "osm_spring_or_water_100m": false}}, {"type": "Feature", "geometry": {"type": "Point", "coordinates": [19.194143, 48.963609]}, "properties": {"objectid": 10403, "cislo_b": "269", "hg_region": "Veľká Fatra - východná časť", "popis": "prameň", "vydatnost_l_s": 0.140556, "proposed_tag": "natural=spring", "osm_spring_or_water_100m": true}}, {"type": "Feature", "geometry": {"type": "Point", "coordinates": [19.193893, 48.964048]}, "properties": {"objectid": 10404, "cislo_b": "270", "hg_region": "Veľká Fatra - východná časť", "popis": "prameň", "vydatnost_l_s": 0.568265, "proposed_tag": "natural=spring", "osm_spring_or_water_100m": true}}, {"type": "Feature", "geometry": {"type": "Point", "coordinates": [19.195026, 48.964167]}, "properties": {"objectid": 10405, "cislo_b": "271", "hg_region": "Veľká Fatra - východná časť", "popis": "prameň", "vydatnost_l_s": 2.1137, "proposed_tag": "natural=spring", "osm_spring_or_water_100m": true}}, {"type": "Feature", "geometry": {"type": "Point", "coordinates": [19.196581, 48.964079]}, "properties": {"objectid": 10406, "cislo_b": "272", "hg_region": "Veľká Fatra - východná časť", "popis": "prameň", "vydatnost_l_s": 0.976854, "proposed_tag": "natural=spring", "osm_spring_or_water_100m": false}}, {"type": "Feature", "geometry": {"type": "Point", "coordinates": [19.19134, 48.963141]}, "properties": {"objectid": 10407, "cislo_b": "273", "hg_region": "Veľká Fatra - východná časť", "popis": "prameň", "vydatnost_l_s": 2.31476, "proposed_tag": "natural=spring", "osm_spring_or_water_100m": true}}, {"type": "Feature", "geometry": {"type": "Point", "coordinates": [19.19075, 48.963651]}, "properties": {"objectid": 10408, "cislo_b": "274", "hg_region": "Veľká Fatra - východná časť", "popis": "prameň", "vydatnost_l_s": 0.3, "proposed_tag": "natural=spring", "osm_spring_or_water_100m": true}}, {"type": "Feature", "geometry": {"type": "Point", "coordinates": [19.190813, 48.963892]}, "properties": {"objectid": 10409, "cislo_b": "275", "hg_region": "Veľká Fatra - východná časť", "popis": "prameň", "vydatnost_l_s": 0.13641, "proposed_tag": "natural=spring", "osm_spring_or_water_100m": true}}, {"type": "Feature", "geometry": {"type": "Point", "coordinates": [19.191113, 48.96492]}, "properties": {"objectid": 10410, "cislo_b": "276", "hg_region": "Veľká Fatra - východná časť", "popis": "prameň", "vydatnost_l_s": 0.3, "proposed_tag": "natural=spring", "osm_spring_or_water_100m": true}}, {"type": "Feature", "geometry": {"type": "Point", "coordinates": [19.191113, 48.965368]}, "properties": {"objectid": 10411, "cislo_b": "277", "hg_region": "Veľká Fatra - východná časť", "popis": "prameň", "vydatnost_l_s": 0.9, "proposed_tag": "natural=spring", "osm_spring_or_water_100m": true}}, {"type": "Feature", "geometry": {"type": "Point", "coordinates": [19.189036, 48.962114]}, "properties": {"objectid": 10412, "cislo_b": "278", "hg_region": "Veľká Fatra - východná časť", "popis": "prameň", "vydatnost_l_s": 0.10356, "proposed_tag": "natural=spring", "osm_spring_or_water_100m": true}}, {"type": "Feature", "geometry": {"type": "Point", "coordinates": [19.188828, 48.961889]}, "properties": {"objectid": 10413, "cislo_b": "279", "hg_region": "Veľká Fatra - východná časť", "popis": "prameň", "vydatnost_l_s": 0.292844, "proposed_tag": "natural=spring", "osm_spring_or_water_100m": true}}, {"type": "Feature", "geometry": {"type": "Point", "coordinates": [19.191872, 48.958081]}, "properties": {"objectid": 10414, "cislo_b": "280", "hg_region": "Veľká Fatra - východná časť", "popis": "prameň", "vydatnost_l_s": 0.181818, "proposed_tag": "natural=spring", "osm_spring_or_water_100m": true}}, {"type": "Feature", "geometry": {"type": "Point", "coordinates": [19.190155, 48.959723]}, "properties": {"objectid": 10415, "cislo_b": "281", "hg_region": "Veľká Fatra - východná časť", "popis": "prameň", "vydatnost_l_s": 0.305344, "proposed_tag": "natural=spring", "osm_spring_or_water_100m": true}}, {"type": "Feature", "geometry": {"type": "Point", "coordinates": [19.230633, 48.938039]}, "properties": {"objectid": 10416, "cislo_b": "282", "hg_region": "Veľká Fatra - východná časť", "popis": "prameň", "vydatnost_l_s": 0.487398, "proposed_tag": "natural=spring", "osm_spring_or_water_100m": true}}, {"type": "Feature", "geometry": {"type": "Point", "coordinates": [19.211463, 48.934305]}, "properties": {"objectid": 10417, "cislo_b": "283", "hg_region": "Veľká Fatra - východná časť", "popis": "vodárensky využívaný prameň", "vydatnost_l_s": 8.45, "proposed_tag": "natural=spring", "osm_spring_or_water_100m": true}}, {"type": "Feature", "geometry": {"type": "Point", "coordinates": [19.216665, 48.937181]}, "properties": {"objectid": 10418, "cislo_b": "284", "hg_region": "Veľká Fatra - východná časť", "popis": "prameň", "vydatnost_l_s": 0.0690647, "proposed_tag": "natural=spring", "osm_spring_or_water_100m": false}}, {"type": "Feature", "geometry": {"type": "Point", "coordinates": [19.215019, 48.938369]}, "properties": {"objectid": 10419, "cislo_b": "285", "hg_region": "Veľká Fatra - východná časť", "popis": "prameň", "vydatnost_l_s": 0.0783673, "proposed_tag": "natural=spring", "osm_spring_or_water_100m": true}}, {"type": "Feature", "geometry": {"type": "Point", "coordinates": [19.214814, 48.938694]}, "properties": {"objectid": 10420, "cislo_b": "286", "hg_region": "Veľká Fatra - východná časť", "popis": "prameň", "vydatnost_l_s": 0.916135, "proposed_tag": "natural=spring", "osm_spring_or_water_100m": true}}, {"type": "Feature", "geometry": {"type": "Point", "coordinates": [19.197441, 48.954673]}, "properties": {"objectid": 10421, "cislo_b": "287", "hg_region": "Veľká Fatra - východná časť", "popis": "prameň", "vydatnost_l_s": 0.05, "proposed_tag": "natural=spring", "osm_spring_or_water_100m": true}}, {"type": "Feature", "geometry": {"type": "Point", "coordinates": [19.196209, 48.95468]}, "properties": {"objectid": 10422, "cislo_b": "288", "hg_region": "Veľká Fatra - východná časť", "popis": "prameň", "vydatnost_l_s": 0.323479, "proposed_tag": "natural=spring", "osm_spring_or_water_100m": true}}, {"type": "Feature", "geometry": {"type": "Point", "coordinates": [19.193093, 48.954725]}, "properties": {"objectid": 10423, "cislo_b": "289", "hg_region": "Veľká Fatra - východná časť", "popis": "prameň", "vydatnost_l_s": 0.413995, "proposed_tag": "natural=spring", "osm_spring_or_water_100m": true}}, {"type": "Feature", "geometry": {"type": "Point", "coordinates": [19.191966, 48.955775]}, "properties": {"objectid": 10424, "cislo_b": "290", "hg_region": "Veľká Fatra - východná časť", "popis": "prameň", "vydatnost_l_s": 5.26988, "proposed_tag": "natural=spring", "osm_spring_or_water_100m": false}}, {"type": "Feature", "geometry": {"type": "Point", "coordinates": [19.205212, 48.953227]}, "properties": {"objectid": 10425, "cislo_b": "291", "hg_region": "Veľká Fatra - východná časť", "popis": "prameň", "vydatnost_l_s": 0.1, "proposed_tag": "natural=spring", "osm_spring_or_water_100m": false}}, {"type": "Feature", "geometry": {"type": "Point", "coordinates": [19.201916, 48.939586]}, "properties": {"objectid": 10426, "cislo_b": "292", "hg_region": "Veľká Fatra - východná časť", "popis": "prameň", "vydatnost_l_s": 0.097561, "proposed_tag": "natural=spring", "osm_spring_or_water_100m": false}}, {"type": "Feature", "geometry": {"type": "Point", "coordinates": [19.202585, 48.940185]}, "properties": {"objectid": 10427, "cislo_b": "293", "hg_region": "Veľká Fatra - východná časť", "popis": "prameň", "vydatnost_l_s": 0.520679, "proposed_tag": "natural=spring", "osm_spring_or_water_100m": false}}, {"type": "Feature", "geometry": {"type": "Point", "coordinates": [19.2015, 48.941644]}, "properties": {"objectid": 10428, "cislo_b": "294", "hg_region": "Veľká Fatra - východná časť", "popis": "prameň", "vydatnost_l_s": 0.23614, "proposed_tag": "natural=spring", "osm_spring_or_water_100m": false}}, {"type": "Feature", "geometry": {"type": "Point", "coordinates": [19.197252, 48.9447]}, "properties": {"objectid": 10429, "cislo_b": "295", "hg_region": "Veľká Fatra - východná časť", "popis": "prameň", "vydatnost_l_s": 0.146591, "proposed_tag": "natural=spring", "osm_spring_or_water_100m": true}}, {"type": "Feature", "geometry": {"type": "Point", "coordinates": [19.192437, 48.944529]}, "properties": {"objectid": 10430, "cislo_b": "296", "hg_region": "Veľká Fatra - východná časť", "popis": "prameň", "vydatnost_l_s": 0.04, "proposed_tag": "natural=spring", "osm_spring_or_water_100m": false}}, {"type": "Feature", "geometry": {"type": "Point", "coordinates": [19.195621, 48.938448]}, "properties": {"objectid": 10431, "cislo_b": "297", "hg_region": "Veľká Fatra - východná časť", "popis": "prameň", "vydatnost_l_s": 0.2, "proposed_tag": "natural=spring", "osm_spring_or_water_100m": true}}, {"type": "Feature", "geometry": {"type": "Point", "coordinates": [19.187277, 48.936871]}, "properties": {"objectid": 10432, "cislo_b": "298", "hg_region": "Veľká Fatra - východná časť", "popis": "prameň", "vydatnost_l_s": 0.469989, "proposed_tag": "natural=spring", "osm_spring_or_water_100m": true}}, {"type": "Feature", "geometry": {"type": "Point", "coordinates": [19.186815, 48.93729]}, "properties": {"objectid": 10433, "cislo_b": "299", "hg_region": "Veľká Fatra - východná časť", "popis": "prameň", "vydatnost_l_s": 0.658171, "proposed_tag": "natural=spring", "osm_spring_or_water_100m": true}}, {"type": "Feature", "geometry": {"type": "Point", "coordinates": [19.182317, 48.942206]}, "properties": {"objectid": 10434, "cislo_b": "300", "hg_region": "Veľká Fatra - východná časť", "popis": "prameň", "vydatnost_l_s": 0.586383, "proposed_tag": "natural=spring", "osm_spring_or_water_100m": false}}, {"type": "Feature", "geometry": {"type": "Point", "coordinates": [19.17646, 48.948665]}, "properties": {"objectid": 10435, "cislo_b": "301", "hg_region": "Veľká Fatra - východná časť", "popis": "prameň", "vydatnost_l_s": 0.0726413, "proposed_tag": "natural=spring", "osm_spring_or_water_100m": false}}, {"type": "Feature", "geometry": {"type": "Point", "coordinates": [19.1786, 48.950165]}, "properties": {"objectid": 10436, "cislo_b": "302", "hg_region": "Veľká Fatra - východná časť", "popis": "prameň", "vydatnost_l_s": 0.423034, "proposed_tag": "natural=spring", "osm_spring_or_water_100m": true}}, {"type": "Feature", "geometry": {"type": "Point", "coordinates": [19.177912, 48.951183]}, "properties": {"objectid": 10437, "cislo_b": "303", "hg_region": "Veľká Fatra - východná časť", "popis": "prameň", "vydatnost_l_s": 1.01467, "proposed_tag": "natural=spring", "osm_spring_or_water_100m": true}}, {"type": "Feature", "geometry": {"type": "Point", "coordinates": [19.173776, 48.956132]}, "properties": {"objectid": 10438, "cislo_b": "304", "hg_region": "Veľká Fatra - východná časť", "popis": "prameň", "vydatnost_l_s": 0.321747, "proposed_tag": "natural=spring", "osm_spring_or_water_100m": true}}, {"type": "Feature", "geometry": {"type": "Point", "coordinates": [19.175224, 48.955949]}, "properties": {"objectid": 10439, "cislo_b": "305", "hg_region": "Veľká Fatra - východná časť", "popis": "prameň", "vydatnost_l_s": 0.05, "proposed_tag": "natural=spring", "osm_spring_or_water_100m": true}}, {"type": "Feature", "geometry": {"type": "Point", "coordinates": [19.188353, 48.951037]}, "properties": {"objectid": 10440, "cislo_b": "306", "hg_region": "Veľká Fatra - východná časť", "popis": "prameň", "vydatnost_l_s": 0.05, "proposed_tag": "natural=spring", "osm_spring_or_water_100m": false}}, {"type": "Feature", "geometry": {"type": "Point", "coordinates": [19.185463, 48.950613]}, "properties": {"objectid": 10441, "cislo_b": "307", "hg_region": "Veľká Fatra - východná časť", "popis": "prameň", "vydatnost_l_s": 0.05, "proposed_tag": "natural=spring", "osm_spring_or_water_100m": false}}, {"type": "Feature", "geometry": {"type": "Point", "coordinates": [19.185311, 48.950371]}, "properties": {"objectid": 10442, "cislo_b": "308", "hg_region": "Veľká Fatra - východná časť", "popis": "prameň", "vydatnost_l_s": 0.05, "proposed_tag": "natural=spring", "osm_spring_or_water_100m": false}}, {"type": "Feature", "geometry": {"type": "Point", "coordinates": [19.191143, 48.94842]}, "properties": {"objectid": 10443, "cislo_b": "309", "hg_region": "Veľká Fatra - východná časť", "popis": "prameň", "vydatnost_l_s": 0.0741071, "proposed_tag": "natural=spring", "osm_spring_or_water_100m": false}}, {"type": "Feature", "geometry": {"type": "Point", "coordinates": [19.189815, 48.943271]}, "properties": {"objectid": 10444, "cislo_b": "310", "hg_region": "Veľká Fatra - východná časť", "popis": "prameň", "vydatnost_l_s": 0.05, "proposed_tag": "natural=spring", "osm_spring_or_water_100m": true}}, {"type": "Feature", "geometry": {"type": "Point", "coordinates": [19.166992, 48.937392]}, "properties": {"objectid": 10445, "cislo_b": "311", "hg_region": "Veľká Fatra - východná časť", "popis": "prameň", "vydatnost_l_s": 1.63543, "proposed_tag": "natural=spring", "osm_spring_or_water_100m": true}}, {"type": "Feature", "geometry": {"type": "Point", "coordinates": [19.167463, 48.94085]}, "properties": {"objectid": 10446, "cislo_b": "312", "hg_region": "Veľká Fatra - východná časť", "popis": "prameň", "vydatnost_l_s": 0.974736, "proposed_tag": "natural=spring", "osm_spring_or_water_100m": false}}, {"type": "Feature", "geometry": {"type": "Point", "coordinates": [19.171415, 48.942746]}, "properties": {"objectid": 10447, "cislo_b": "313", "hg_region": "Veľká Fatra - východná časť", "popis": "prameň", "vydatnost_l_s": 0.12828, "proposed_tag": "natural=spring", "osm_spring_or_water_100m": false}}, {"type": "Feature", "geometry": {"type": "Point", "coordinates": [19.173208, 48.943785]}, "properties": {"objectid": 10448, "cislo_b": "314", "hg_region": "Veľká Fatra - východná časť", "popis": "prameň", "vydatnost_l_s": 0.03, "proposed_tag": "natural=spring", "osm_spring_or_water_100m": false}}, {"type": "Feature", "geometry": {"type": "Point", "coordinates": [19.170247, 48.946123]}, "properties": {"objectid": 10449, "cislo_b": "315", "hg_region": "Veľká Fatra - východná časť", "popis": "prameň", "vydatnost_l_s": 0.256879, "proposed_tag": "natural=spring", "osm_spring_or_water_100m": false}}, {"type": "Feature", "geometry": {"type": "Point", "coordinates": [19.16534, 48.945807]}, "properties": {"objectid": 10450, "cislo_b": "316", "hg_region": "Veľká Fatra - východná časť", "popis": "prameň", "vydatnost_l_s": 2.39773, "proposed_tag": "natural=spring", "osm_spring_or_water_100m": true}}, {"type": "Feature", "geometry": {"type": "Point", "coordinates": [19.165498, 48.945642]}, "properties": {"objectid": 10451, "cislo_b": "317", "hg_region": "Veľká Fatra - východná časť", "popis": "prameň", "vydatnost_l_s": 7.64, "proposed_tag": "natural=spring", "osm_spring_or_water_100m": true}}, {"type": "Feature", "geometry": {"type": "Point", "coordinates": [19.166648, 48.945253]}, "properties": {"objectid": 10452, "cislo_b": "318", "hg_region": "Veľká Fatra - východná časť", "popis": "prameň", "vydatnost_l_s": 1.08466, "proposed_tag": "natural=spring", "osm_spring_or_water_100m": true}}, {"type": "Feature", "geometry": {"type": "Point", "coordinates": [19.166209, 48.945066]}, "properties": {"objectid": 10453, "cislo_b": "319", "hg_region": "Veľká Fatra - východná časť", "popis": "prameň", "vydatnost_l_s": 0.4, "proposed_tag": "natural=spring", "osm_spring_or_water_100m": true}}, {"type": "Feature", "geometry": {"type": "Point", "coordinates": [19.166428, 48.944572]}, "properties": {"objectid": 10454, "cislo_b": "320", "hg_region": "Veľká Fatra - východná časť", "popis": "prameň", "vydatnost_l_s": 3.07467, "proposed_tag": "natural=spring", "osm_spring_or_water_100m": true}}, {"type": "Feature", "geometry": {"type": "Point", "coordinates": [19.166884, 48.944112]}, "properties": {"objectid": 10455, "cislo_b": "321", "hg_region": "Veľká Fatra - východná časť", "popis": "prameň", "vydatnost_l_s": 0.177349, "proposed_tag": "natural=spring", "osm_spring_or_water_100m": true}}, {"type": "Feature", "geometry": {"type": "Point", "coordinates": [19.16353, 48.934161]}, "properties": {"objectid": 10456, "cislo_b": "322", "hg_region": "Veľká Fatra - východná časť", "popis": "prameň", "vydatnost_l_s": 3.00871, "proposed_tag": "natural=spring", "osm_spring_or_water_100m": false}}, {"type": "Feature", "geometry": {"type": "Point", "coordinates": [19.15923, 48.930681]}, "properties": {"objectid": 10457, "cislo_b": "323", "hg_region": "Veľká Fatra - východná časť", "popis": "prameň", "vydatnost_l_s": 0.695514, "proposed_tag": "natural=spring", "osm_spring_or_water_100m": true}}, {"type": "Feature", "geometry": {"type": "Point", "coordinates": [19.155832, 48.932507]}, "properties": {"objectid": 10458, "cislo_b": "324", "hg_region": "Veľká Fatra - východná časť", "popis": "prameň", "vydatnost_l_s": 0.5, "proposed_tag": "natural=spring", "osm_spring_or_water_100m": true}}, {"type": "Feature", "geometry": {"type": "Point", "coordinates": [19.154564, 48.932605]}, "properties": {"objectid": 10459, "cislo_b": "325", "hg_region": "Veľká Fatra - východná časť", "popis": "prameň", "vydatnost_l_s": 0.667203, "proposed_tag": "natural=spring", "osm_spring_or_water_100m": true}}, {"type": "Feature", "geometry": {"type": "Point", "coordinates": [19.159044, 48.934345]}, "properties": {"objectid": 10460, "cislo_b": "326", "hg_region": "Veľká Fatra - východná časť", "popis": "prameň", "vydatnost_l_s": 0.05, "proposed_tag": "natural=spring", "osm_spring_or_water_100m": false}}, {"type": "Feature", "geometry": {"type": "Point", "coordinates": [19.160229, 48.934552]}, "properties": {"objectid": 10461, "cislo_b": "327", "hg_region": "Veľká Fatra - východná časť", "popis": "prameň", "vydatnost_l_s": 0.0743528, "proposed_tag": "natural=spring", "osm_spring_or_water_100m": true}}, {"type": "Feature", "geometry": {"type": "Point", "coordinates": [19.157834, 48.938334]}, "properties": {"objectid": 10462, "cislo_b": "328", "hg_region": "Veľká Fatra - východná časť", "popis": "prameň", "vydatnost_l_s": 0.933864, "proposed_tag": "natural=spring", "osm_spring_or_water_100m": true}}, {"type": "Feature", "geometry": {"type": "Point", "coordinates": [19.160752, 48.941321]}, "properties": {"objectid": 10463, "cislo_b": "329", "hg_region": "Veľká Fatra - východná časť", "popis": "prameň", "vydatnost_l_s": 0.166868, "proposed_tag": "natural=spring", "osm_spring_or_water_100m": false}}, {"type": "Feature", "geometry": {"type": "Point", "coordinates": [19.163084, 48.942456]}, "properties": {"objectid": 10464, "cislo_b": "330", "hg_region": "Veľká Fatra - východná časť", "popis": "prameň", "vydatnost_l_s": 0.0594796, "proposed_tag": "natural=spring", "osm_spring_or_water_100m": false}}, {"type": "Feature", "geometry": {"type": "Point", "coordinates": [19.166199, 48.924706]}, "properties": {"objectid": 10465, "cislo_b": "331", "hg_region": "Veľká Fatra - východná časť", "popis": "prameň", "vydatnost_l_s": 0.0241145, "proposed_tag": "natural=spring", "osm_spring_or_water_100m": false}}, {"type": "Feature", "geometry": {"type": "Point", "coordinates": [19.163204, 48.926206]}, "properties": {"objectid": 10466, "cislo_b": "332", "hg_region": "Veľká Fatra - východná časť", "popis": "prameň", "vydatnost_l_s": 0.03, "proposed_tag": "natural=spring", "osm_spring_or_water_100m": false}}, {"type": "Feature", "geometry": {"type": "Point", "coordinates": [19.163161, 48.926959]}, "properties": {"objectid": 10467, "cislo_b": "333", "hg_region": "Veľká Fatra - východná časť", "popis": "prameň", "vydatnost_l_s": 0.103624, "proposed_tag": "natural=spring", "osm_spring_or_water_100m": true}}, {"type": "Feature", "geometry": {"type": "Point", "coordinates": [19.163072, 48.92734]}, "properties": {"objectid": 10468, "cislo_b": "334", "hg_region": "Veľká Fatra - východná časť", "popis": "prameň", "vydatnost_l_s": 0.167143, "proposed_tag": "natural=spring", "osm_spring_or_water_100m": true}}, {"type": "Feature", "geometry": {"type": "Point", "coordinates": [19.164173, 48.927114]}, "properties": {"objectid": 10469, "cislo_b": "335", "hg_region": "Veľká Fatra - východná časť", "popis": "prameň", "vydatnost_l_s": 3.37197, "proposed_tag": "natural=spring", "osm_spring_or_water_100m": true}}, {"type": "Feature", "geometry": {"type": "Point", "coordinates": [19.169373, 48.934238]}, "properties": {"objectid": 10470, "cislo_b": "336", "hg_region": "Veľká Fatra - východná časť", "popis": "prameň", "vydatnost_l_s": 0.769457, "proposed_tag": "natural=spring", "osm_spring_or_water_100m": true}}, {"type": "Feature", "geometry": {"type": "Point", "coordinates": [19.171208, 48.932825]}, "properties": {"objectid": 10471, "cislo_b": "337", "hg_region": "Veľká Fatra - východná časť", "popis": "prameň", "vydatnost_l_s": 0.169255, "proposed_tag": "natural=spring", "osm_spring_or_water_100m": false}}, {"type": "Feature", "geometry": {"type": "Point", "coordinates": [19.172032, 48.931686]}, "properties": {"objectid": 10472, "cislo_b": "338", "hg_region": "Veľká Fatra - východná časť", "popis": "prameň", "vydatnost_l_s": 0.2, "proposed_tag": "natural=spring", "osm_spring_or_water_100m": true}}, {"type": "Feature", "geometry": {"type": "Point", "coordinates": [19.172133, 48.931409]}, "properties": {"objectid": 10473, "cislo_b": "339", "hg_region": "Veľká Fatra - východná časť", "popis": "prameň", "vydatnost_l_s": 0.174229, "proposed_tag": "natural=spring", "osm_spring_or_water_100m": true}}, {"type": "Feature", "geometry": {"type": "Point", "coordinates": [19.1772, 48.929493]}, "properties": {"objectid": 10474, "cislo_b": "340", "hg_region": "Veľká Fatra - východná časť", "popis": "prameň", "vydatnost_l_s": 1.9985, "proposed_tag": "natural=spring", "osm_spring_or_water_100m": true}}, {"type": "Feature", "geometry": {"type": "Point", "coordinates": [19.15688, 48.920997]}, "properties": {"objectid": 10477, "cislo_b": "343", "hg_region": "Veľká Fatra - východná časť", "popis": "prameň", "vydatnost_l_s": 0.15, "proposed_tag": "natural=spring", "osm_spring_or_water_100m": false}}, {"type": "Feature", "geometry": {"type": "Point", "coordinates": [19.163817, 48.921471]}, "properties": {"objectid": 10479, "cislo_b": "345", "hg_region": "Veľká Fatra - východná časť", "popis": "prameň", "vydatnost_l_s": 0.08, "proposed_tag": "natural=spring", "osm_spring_or_water_100m": true}}, {"type": "Feature", "geometry": {"type": "Point", "coordinates": [19.165271, 48.922153]}, "properties": {"objectid": 10480, "cislo_b": "346", "hg_region": "Veľká Fatra - východná časť", "popis": "prameň", "vydatnost_l_s": 0.83369, "proposed_tag": "natural=spring", "osm_spring_or_water_100m": true}}, {"type": "Feature", "geometry": {"type": "Point", "coordinates": [19.129826, 48.920117]}, "properties": {"objectid": 10488, "cislo_b": "354", "hg_region": "Veľká Fatra - východná časť", "popis": "prameň", "vydatnost_l_s": 0.15, "proposed_tag": "natural=spring", "osm_spring_or_water_100m": false}}, {"type": "Feature", "geometry": {"type": "Point", "coordinates": [19.129459, 48.921646]}, "properties": {"objectid": 10490, "cislo_b": "356", "hg_region": "Veľká Fatra - východná časť", "popis": "prameň", "vydatnost_l_s": 0.1, "proposed_tag": "natural=spring", "osm_spring_or_water_100m": false}}, {"type": "Feature", "geometry": {"type": "Point", "coordinates": [19.129555, 48.923658]}, "properties": {"objectid": 10491, "cislo_b": "357", "hg_region": "Veľká Fatra - východná časť", "popis": "prameň", "vydatnost_l_s": 0.1, "proposed_tag": "natural=spring", "osm_spring_or_water_100m": false}}, {"type": "Feature", "geometry": {"type": "Point", "coordinates": [19.136836, 48.92279]}, "properties": {"objectid": 10492, "cislo_b": "358", "hg_region": "Veľká Fatra - východná časť", "popis": "prameň", "vydatnost_l_s": 0.571748, "proposed_tag": "natural=spring", "osm_spring_or_water_100m": true}}, {"type": "Feature", "geometry": {"type": "Point", "coordinates": [19.132373, 48.92615]}, "properties": {"objectid": 10493, "cislo_b": "359", "hg_region": "Veľká Fatra - východná časť", "popis": "prameň", "vydatnost_l_s": 0.186449, "proposed_tag": "natural=spring", "osm_spring_or_water_100m": false}}, {"type": "Feature", "geometry": {"type": "Point", "coordinates": [19.13203, 48.92603]}, "properties": {"objectid": 10494, "cislo_b": "360", "hg_region": "Veľká Fatra - východná časť", "popis": "prameň", "vydatnost_l_s": 0.340649, "proposed_tag": "natural=spring", "osm_spring_or_water_100m": false}}, {"type": "Feature", "geometry": {"type": "Point", "coordinates": [19.134143, 48.926937]}, "properties": {"objectid": 10495, "cislo_b": "361", "hg_region": "Veľká Fatra - východná časť", "popis": "prameň", "vydatnost_l_s": 0.299099, "proposed_tag": "natural=spring", "osm_spring_or_water_100m": true}}, {"type": "Feature", "geometry": {"type": "Point", "coordinates": [19.134895, 48.927224]}, "properties": {"objectid": 10496, "cislo_b": "362", "hg_region": "Veľká Fatra - východná časť", "popis": "prameň", "vydatnost_l_s": 0.968118, "proposed_tag": "natural=spring", "osm_spring_or_water_100m": true}}, {"type": "Feature", "geometry": {"type": "Point", "coordinates": [19.136378, 48.929323]}, "properties": {"objectid": 10497, "cislo_b": "363", "hg_region": "Veľká Fatra - východná časť", "popis": "prameň", "vydatnost_l_s": 0.628323, "proposed_tag": "natural=spring", "osm_spring_or_water_100m": true}}, {"type": "Feature", "geometry": {"type": "Point", "coordinates": [19.146649, 48.924842]}, "properties": {"objectid": 10498, "cislo_b": "364", "hg_region": "Veľká Fatra - východná časť", "popis": "prameň", "vydatnost_l_s": 0.07, "proposed_tag": "natural=spring", "osm_spring_or_water_100m": true}}, {"type": "Feature", "geometry": {"type": "Point", "coordinates": [19.146001, 48.924873]}, "properties": {"objectid": 10499, "cislo_b": "365", "hg_region": "Veľká Fatra - východná časť", "popis": "prameň", "vydatnost_l_s": 0.118431, "proposed_tag": "natural=spring", "osm_spring_or_water_100m": true}}, {"type": "Feature", "geometry": {"type": "Point", "coordinates": [19.145733, 48.925408]}, "properties": {"objectid": 10500, "cislo_b": "366", "hg_region": "Veľká Fatra - východná časť", "popis": "prameň", "vydatnost_l_s": 0.146877, "proposed_tag": "natural=spring", "osm_spring_or_water_100m": true}}, {"type": "Feature", "geometry": {"type": "Point", "coordinates": [19.144458, 48.926681]}, "properties": {"objectid": 10501, "cislo_b": "367", "hg_region": "Veľká Fatra - východná časť", "popis": "prameň", "vydatnost_l_s": 0.118318, "proposed_tag": "natural=spring", "osm_spring_or_water_100m": false}}, {"type": "Feature", "geometry": {"type": "Point", "coordinates": [19.148378, 48.932001]}, "properties": {"objectid": 10502, "cislo_b": "368", "hg_region": "Veľká Fatra - východná časť", "popis": "prameň", "vydatnost_l_s": 0.0478326, "proposed_tag": "natural=spring", "osm_spring_or_water_100m": false}}, {"type": "Feature", "geometry": {"type": "Point", "coordinates": [19.148577, 48.932669]}, "properties": {"objectid": 10503, "cislo_b": "369", "hg_region": "Veľká Fatra - východná časť", "popis": "prameň", "vydatnost_l_s": 0.1, "proposed_tag": "natural=spring", "osm_spring_or_water_100m": false}}, {"type": "Feature", "geometry": {"type": "Point", "coordinates": [19.148181, 48.9315]}, "properties": {"objectid": 10504, "cislo_b": "370", "hg_region": "Veľká Fatra - východná časť", "popis": "prameň", "vydatnost_l_s": 0.0146386, "proposed_tag": "natural=spring", "osm_spring_or_water_100m": false}}, {"type": "Feature", "geometry": {"type": "Point", "coordinates": [19.148889, 48.930991]}, "properties": {"objectid": 10505, "cislo_b": "371", "hg_region": "Veľká Fatra - východná časť", "popis": "prameň", "vydatnost_l_s": 0.427394, "proposed_tag": "natural=spring", "osm_spring_or_water_100m": true}}, {"type": "Feature", "geometry": {"type": "Point", "coordinates": [19.150734, 48.930072]}, "properties": {"objectid": 10506, "cislo_b": "372", "hg_region": "Veľká Fatra - východná časť", "popis": "prameň", "vydatnost_l_s": 0.224888, "proposed_tag": "natural=spring", "osm_spring_or_water_100m": false}}, {"type": "Feature", "geometry": {"type": "Point", "coordinates": [19.153385, 48.927342]}, "properties": {"objectid": 10507, "cislo_b": "373", "hg_region": "Veľká Fatra - východná časť", "popis": "prameň", "vydatnost_l_s": 0.437936, "proposed_tag": "natural=spring", "osm_spring_or_water_100m": false}}, {"type": "Feature", "geometry": {"type": "Point", "coordinates": [19.154501, 48.926192]}, "properties": {"objectid": 10508, "cislo_b": "374", "hg_region": "Veľká Fatra - východná časť", "popis": "prameň", "vydatnost_l_s": 0.0719113, "proposed_tag": "natural=spring", "osm_spring_or_water_100m": false}}, {"type": "Feature", "geometry": {"type": "Point", "coordinates": [19.154386, 48.925851]}, "properties": {"objectid": 10509, "cislo_b": "375", "hg_region": "Veľká Fatra - východná časť", "popis": "prameň", "vydatnost_l_s": 0.1, "proposed_tag": "natural=spring", "osm_spring_or_water_100m": false}}, {"type": "Feature", "geometry": {"type": "Point", "coordinates": [19.20988, 48.921848]}, "properties": {"objectid": 10517, "cislo_b": "383", "hg_region": "Veľká Fatra - východná časť", "popis": "prameň", "vydatnost_l_s": 0.2, "proposed_tag": "natural=spring", "osm_spring_or_water_100m": false}}, {"type": "Feature", "geometry": {"type": "Point", "coordinates": [19.211004, 48.929925]}, "properties": {"objectid": 10518, "cislo_b": "384", "hg_region": "Veľká Fatra - východná časť", "popis": "prameň", "vydatnost_l_s": 0.4, "proposed_tag": "natural=spring", "osm_spring_or_water_100m": false}}, {"type": "Feature", "geometry": {"type": "Point", "coordinates": [19.210957, 48.928728]}, "properties": {"objectid": 10519, "cislo_b": "385", "hg_region": "Veľká Fatra - východná časť", "popis": "prameň", "vydatnost_l_s": 0.81875, "proposed_tag": "natural=spring", "osm_spring_or_water_100m": false}}, {"type": "Feature", "geometry": {"type": "Point", "coordinates": [19.247041, 48.996651]}, "properties": {"objectid": 10589, "cislo_b": "455", "hg_region": "Veľká Fatra - východná časť", "popis": "prameň", "vydatnost_l_s": 0.05, "proposed_tag": "natural=spring", "osm_spring_or_water_100m": false}}, {"type": "Feature", "geometry": {"type": "Point", "coordinates": [19.246686, 48.996747]}, "properties": {"objectid": 10590, "cislo_b": "456", "hg_region": "Veľká Fatra - východná časť", "popis": "prameň", "vydatnost_l_s": 0.338148, "proposed_tag": "natural=spring", "osm_spring_or_water_100m": false}}, {"type": "Feature", "geometry": {"type": "Point", "coordinates": [19.246082, 48.996675]}, "properties": {"objectid": 10591, "cislo_b": "457", "hg_region": "Veľká Fatra - východná časť", "popis": "prameň", "vydatnost_l_s": 0.03, "proposed_tag": "natural=spring", "osm_spring_or_water_100m": false}}, {"type": "Feature", "geometry": {"type": "Point", "coordinates": [19.240765, 48.997554]}, "properties": {"objectid": 10592, "cislo_b": "458", "hg_region": "Veľká Fatra - východná časť", "popis": "prameň", "vydatnost_l_s": 0.1, "proposed_tag": "natural=spring", "osm_spring_or_water_100m": false}}, {"type": "Feature", "geometry": {"type": "Point", "coordinates": [19.241239, 48.99589]}, "properties": {"objectid": 10593, "cislo_b": "459", "hg_region": "Veľká Fatra - východná časť", "popis": "prameň", "vydatnost_l_s": 0.891667, "proposed_tag": "natural=spring", "osm_spring_or_water_100m": false}}, {"type": "Feature", "geometry": {"type": "Point", "coordinates": [19.241047, 48.995544]}, "properties": {"objectid": 10594, "cislo_b": "460", "hg_region": "Veľká Fatra - východná časť", "popis": "prameň", "vydatnost_l_s": 0.674394, "proposed_tag": "natural=spring", "osm_spring_or_water_100m": false}}, {"type": "Feature", "geometry": {"type": "Point", "coordinates": [19.23959, 48.993685]}, "properties": {"objectid": 10595, "cislo_b": "461", "hg_region": "Veľká Fatra - východná časť", "popis": "prameň", "vydatnost_l_s": 0.571365, "proposed_tag": "natural=spring", "osm_spring_or_water_100m": false}}, {"type": "Feature", "geometry": {"type": "Point", "coordinates": [19.239592, 48.993081]}, "properties": {"objectid": 10596, "cislo_b": "462", "hg_region": "Veľká Fatra - východná časť", "popis": "prameň", "vydatnost_l_s": 1.01591, "proposed_tag": "natural=spring", "osm_spring_or_water_100m": false}}, {"type": "Feature", "geometry": {"type": "Point", "coordinates": [19.237902, 48.991386]}, "properties": {"objectid": 10597, "cislo_b": "463", "hg_region": "Veľká Fatra - východná časť", "popis": "prameň", "vydatnost_l_s": 0.3, "proposed_tag": "natural=spring", "osm_spring_or_water_100m": true}}, {"type": "Feature", "geometry": {"type": "Point", "coordinates": [19.230871, 48.990166]}, "properties": {"objectid": 10598, "cislo_b": "464", "hg_region": "Veľká Fatra - východná časť", "popis": "prameň", "vydatnost_l_s": 0.592857, "proposed_tag": "natural=spring", "osm_spring_or_water_100m": false}}, {"type": "Feature", "geometry": {"type": "Point", "coordinates": [19.230503, 48.989183]}, "properties": {"objectid": 10599, "cislo_b": "465", "hg_region": "Veľká Fatra - východná časť", "popis": "prameň", "vydatnost_l_s": 0.436842, "proposed_tag": "natural=spring", "osm_spring_or_water_100m": true}}, {"type": "Feature", "geometry": {"type": "Point", "coordinates": [19.2305, 48.98791]}, "properties": {"objectid": 10600, "cislo_b": "466", "hg_region": "Veľká Fatra - východná časť", "popis": "prameň", "vydatnost_l_s": 1.26279, "proposed_tag": "natural=spring", "osm_spring_or_water_100m": true}}, {"type": "Feature", "geometry": {"type": "Point", "coordinates": [19.229989, 48.989009]}, "properties": {"objectid": 10601, "cislo_b": "467", "hg_region": "Veľká Fatra - východná časť", "popis": "prameň", "vydatnost_l_s": 0.296429, "proposed_tag": "natural=spring", "osm_spring_or_water_100m": true}}, {"type": "Feature", "geometry": {"type": "Point", "coordinates": [19.229438, 48.988016]}, "properties": {"objectid": 10602, "cislo_b": "468", "hg_region": "Veľká Fatra - východná časť", "popis": "prameň", "vydatnost_l_s": 0.5, "proposed_tag": "natural=spring", "osm_spring_or_water_100m": true}}, {"type": "Feature", "geometry": {"type": "Point", "coordinates": [19.228476, 48.988263]}, "properties": {"objectid": 10603, "cislo_b": "469", "hg_region": "Veľká Fatra - východná časť", "popis": "prameň", "vydatnost_l_s": 1.2, "proposed_tag": "natural=spring", "osm_spring_or_water_100m": true}}, {"type": "Feature", "geometry": {"type": "Point", "coordinates": [19.22772, 48.988877]}, "properties": {"objectid": 10604, "cislo_b": "470", "hg_region": "Veľká Fatra - východná časť", "popis": "prameň", "vydatnost_l_s": 0.8, "proposed_tag": "natural=spring", "osm_spring_or_water_100m": true}}, {"type": "Feature", "geometry": {"type": "Point", "coordinates": [19.227608, 48.989412]}, "properties": {"objectid": 10605, "cislo_b": "471", "hg_region": "Veľká Fatra - východná časť", "popis": "prameň", "vydatnost_l_s": 0.9, "proposed_tag": "natural=spring", "osm_spring_or_water_100m": true}}, {"type": "Feature", "geometry": {"type": "Point", "coordinates": [19.227443, 48.989765]}, "properties": {"objectid": 10606, "cislo_b": "472", "hg_region": "Veľká Fatra - východná časť", "popis": "prameň", "vydatnost_l_s": 0.5, "proposed_tag": "natural=spring", "osm_spring_or_water_100m": false}}, {"type": "Feature", "geometry": {"type": "Point", "coordinates": [19.234022, 48.9964]}, "properties": {"objectid": 10607, "cislo_b": "473", "hg_region": "Veľká Fatra - východná časť", "popis": "prameň", "vydatnost_l_s": 0.05, "proposed_tag": "natural=spring", "osm_spring_or_water_100m": false}}, {"type": "Feature", "geometry": {"type": "Point", "coordinates": [19.23319, 48.994829]}, "properties": {"objectid": 10608, "cislo_b": "474", "hg_region": "Veľká Fatra - východná časť", "popis": "prameň", "vydatnost_l_s": 0.395238, "proposed_tag": "natural=spring", "osm_spring_or_water_100m": false}}, {"type": "Feature", "geometry": {"type": "Point", "coordinates": [19.23371, 48.994244]}, "properties": {"objectid": 10609, "cislo_b": "475", "hg_region": "Veľká Fatra - východná časť", "popis": "prameň", "vydatnost_l_s": 2.61748, "proposed_tag": "natural=spring", "osm_spring_or_water_100m": false}}, {"type": "Feature", "geometry": {"type": "Point", "coordinates": [19.23295, 48.989147]}, "properties": {"objectid": 10610, "cislo_b": "476", "hg_region": "Veľká Fatra - východná časť", "popis": "prameň", "vydatnost_l_s": 0.3, "proposed_tag": "natural=spring", "osm_spring_or_water_100m": false}}, {"type": "Feature", "geometry": {"type": "Point", "coordinates": [19.233314, 48.989156]}, "properties": {"objectid": 10611, "cislo_b": "477", "hg_region": "Veľká Fatra - východná časť", "popis": "prameň", "vydatnost_l_s": 1.62236, "proposed_tag": "natural=spring", "osm_spring_or_water_100m": false}}, {"type": "Feature", "geometry": {"type": "Point", "coordinates": [19.233734, 48.989135]}, "properties": {"objectid": 10612, "cislo_b": "478", "hg_region": "Veľká Fatra - východná časť", "popis": "prameň", "vydatnost_l_s": 0.3, "proposed_tag": "natural=spring", "osm_spring_or_water_100m": false}}, {"type": "Feature", "geometry": {"type": "Point", "coordinates": [19.234091, 48.989353]}, "properties": {"objectid": 10613, "cislo_b": "479", "hg_region": "Veľká Fatra - východná časť", "popis": "prameň", "vydatnost_l_s": 1.51415, "proposed_tag": "natural=spring", "osm_spring_or_water_100m": false}}, {"type": "Feature", "geometry": {"type": "Point", "coordinates": [19.234984, 48.990454]}, "properties": {"objectid": 10614, "cislo_b": "480", "hg_region": "Veľká Fatra - východná časť", "popis": "prameň", "vydatnost_l_s": 0.197619, "proposed_tag": "natural=spring", "osm_spring_or_water_100m": true}}, {"type": "Feature", "geometry": {"type": "Point", "coordinates": [19.229576, 48.993026]}, "properties": {"objectid": 10615, "cislo_b": "481", "hg_region": "Veľká Fatra - východná časť", "popis": "prameň", "vydatnost_l_s": 0.655839, "proposed_tag": "natural=spring", "osm_spring_or_water_100m": true}}, {"type": "Feature", "geometry": {"type": "Point", "coordinates": [19.230034, 48.992952]}, "properties": {"objectid": 10616, "cislo_b": "482", "hg_region": "Veľká Fatra - východná časť", "popis": "prameň", "vydatnost_l_s": 0.2075, "proposed_tag": "natural=spring", "osm_spring_or_water_100m": true}}, {"type": "Feature", "geometry": {"type": "Point", "coordinates": [19.22514, 48.9963]}, "properties": {"objectid": 10617, "cislo_b": "483", "hg_region": "Veľká Fatra - východná časť", "popis": "prameň", "vydatnost_l_s": 0.1, "proposed_tag": "natural=spring", "osm_spring_or_water_100m": false}}, {"type": "Feature", "geometry": {"type": "Point", "coordinates": [19.220817, 48.994156]}, "properties": {"objectid": 10618, "cislo_b": "484", "hg_region": "Veľká Fatra - východná časť", "popis": "prameň", "vydatnost_l_s": 0.218421, "proposed_tag": "natural=spring", "osm_spring_or_water_100m": false}}, {"type": "Feature", "geometry": {"type": "Point", "coordinates": [19.220595, 48.993648]}, "properties": {"objectid": 10619, "cislo_b": "485", "hg_region": "Veľká Fatra - východná časť", "popis": "prameň", "vydatnost_l_s": 0.1, "proposed_tag": "natural=spring", "osm_spring_or_water_100m": false}}, {"type": "Feature", "geometry": {"type": "Point", "coordinates": [19.220886, 48.993231]}, "properties": {"objectid": 10620, "cislo_b": "486", "hg_region": "Veľká Fatra - východná časť", "popis": "prameň", "vydatnost_l_s": 1.01713, "proposed_tag": "natural=spring", "osm_spring_or_water_100m": true}}, {"type": "Feature", "geometry": {"type": "Point", "coordinates": [19.219365, 48.99308]}, "properties": {"objectid": 10621, "cislo_b": "487", "hg_region": "Veľká Fatra - východná časť", "popis": "prameň", "vydatnost_l_s": 0.2, "proposed_tag": "natural=spring", "osm_spring_or_water_100m": true}}, {"type": "Feature", "geometry": {"type": "Point", "coordinates": [19.21941, 48.992826]}, "properties": {"objectid": 10622, "cislo_b": "488", "hg_region": "Veľká Fatra - východná časť", "popis": "prameň", "vydatnost_l_s": 0.698846, "proposed_tag": "natural=spring", "osm_spring_or_water_100m": true}}, {"type": "Feature", "geometry": {"type": "Point", "coordinates": [19.220896, 48.992303]}, "properties": {"objectid": 10623, "cislo_b": "489", "hg_region": "Veľká Fatra - východná časť", "popis": "prameň", "vydatnost_l_s": 0.813725, "proposed_tag": "natural=spring", "osm_spring_or_water_100m": false}}, {"type": "Feature", "geometry": {"type": "Point", "coordinates": [19.222004, 48.996101]}, "properties": {"objectid": 10624, "cislo_b": "490", "hg_region": "Veľká Fatra - východná časť", "popis": "prameň", "vydatnost_l_s": 0.8, "proposed_tag": "natural=spring", "osm_spring_or_water_100m": false}}, {"type": "Feature", "geometry": {"type": "Point", "coordinates": [19.220448, 48.992846]}, "properties": {"objectid": 10625, "cislo_b": "491", "hg_region": "Veľká Fatra - východná časť", "popis": "prameň", "vydatnost_l_s": 0.2, "proposed_tag": "natural=spring", "osm_spring_or_water_100m": true}}, {"type": "Feature", "geometry": {"type": "Point", "coordinates": [19.220371, 48.991914]}, "properties": {"objectid": 10626, "cislo_b": "492", "hg_region": "Veľká Fatra - východná časť", "popis": "prameň", "vydatnost_l_s": 0.1, "proposed_tag": "natural=spring", "osm_spring_or_water_100m": true}}, {"type": "Feature", "geometry": {"type": "Point", "coordinates": [19.221304, 48.991162]}, "properties": {"objectid": 10627, "cislo_b": "493", "hg_region": "Veľká Fatra - východná časť", "popis": "prameň", "vydatnost_l_s": 1.78333, "proposed_tag": "natural=spring", "osm_spring_or_water_100m": true}}, {"type": "Feature", "geometry": {"type": "Point", "coordinates": [19.220433, 48.991187]}, "properties": {"objectid": 10628, "cislo_b": "494", "hg_region": "Veľká Fatra - východná časť", "popis": "prameň", "vydatnost_l_s": 3.4634, "proposed_tag": "natural=spring", "osm_spring_or_water_100m": true}}, {"type": "Feature", "geometry": {"type": "Point", "coordinates": [19.219693, 48.991414]}, "properties": {"objectid": 10629, "cislo_b": "495", "hg_region": "Veľká Fatra - východná časť", "popis": "prameň", "vydatnost_l_s": 1.52524, "proposed_tag": "natural=spring", "osm_spring_or_water_100m": true}}, {"type": "Feature", "geometry": {"type": "Point", "coordinates": [19.222315, 48.990886]}, "properties": {"objectid": 10630, "cislo_b": "496", "hg_region": "Veľká Fatra - východná časť", "popis": "prameň", "vydatnost_l_s": 0.538235, "proposed_tag": "natural=spring", "osm_spring_or_water_100m": false}}, {"type": "Feature", "geometry": {"type": "Point", "coordinates": [19.224638, 48.99044]}, "properties": {"objectid": 10631, "cislo_b": "497", "hg_region": "Veľká Fatra - východná časť", "popis": "prameň", "vydatnost_l_s": 0.538235, "proposed_tag": "natural=spring", "osm_spring_or_water_100m": false}}, {"type": "Feature", "geometry": {"type": "Point", "coordinates": [19.237655, 48.996587]}, "properties": {"objectid": 10632, "cislo_b": "498", "hg_region": "Veľká Fatra - východná časť", "popis": "prameň", "vydatnost_l_s": 0.50303, "proposed_tag": "natural=spring", "osm_spring_or_water_100m": true}}, {"type": "Feature", "geometry": {"type": "Point", "coordinates": [19.232862, 48.996332]}, "properties": {"objectid": 10633, "cislo_b": "499", "hg_region": "Veľká Fatra - východná časť", "popis": "prameň", "vydatnost_l_s": 0.3, "proposed_tag": "natural=spring", "osm_spring_or_water_100m": false}}, {"type": "Feature", "geometry": {"type": "Point", "coordinates": [19.253938, 48.998526]}, "properties": {"objectid": 10681, "cislo_b": "547", "hg_region": "Veľká Fatra - východná časť", "popis": "prameň", "vydatnost_l_s": 0.05, "proposed_tag": "natural=spring", "osm_spring_or_water_100m": false}}, {"type": "Feature", "geometry": {"type": "Point", "coordinates": [19.246764, 49.000328]}, "properties": {"objectid": 10682, "cislo_b": "548", "hg_region": "Veľká Fatra - východná časť", "popis": "prameň", "vydatnost_l_s": 0.915094, "proposed_tag": "natural=spring", "osm_spring_or_water_100m": false}}, {"type": "Feature", "geometry": {"type": "Point", "coordinates": [19.245875, 49.000317]}, "properties": {"objectid": 10683, "cislo_b": "549", "hg_region": "Veľká Fatra - východná časť", "popis": "prameň", "vydatnost_l_s": 0.1, "proposed_tag": "natural=spring", "osm_spring_or_water_100m": false}}, {"type": "Feature", "geometry": {"type": "Point", "coordinates": [19.2433, 48.999715]}, "properties": {"objectid": 10684, "cislo_b": "550", "hg_region": "Veľká Fatra - východná časť", "popis": "prameň", "vydatnost_l_s": 0.0746154, "proposed_tag": "natural=spring", "osm_spring_or_water_100m": false}}, {"type": "Feature", "geometry": {"type": "Point", "coordinates": [19.240846, 49.000649]}, "properties": {"objectid": 10685, "cislo_b": "551", "hg_region": "Veľká Fatra - východná časť", "popis": "prameň", "vydatnost_l_s": 0.161667, "proposed_tag": "natural=spring", "osm_spring_or_water_100m": false}}, {"type": "Feature", "geometry": {"type": "Point", "coordinates": [19.241181, 48.999059]}, "properties": {"objectid": 10686, "cislo_b": "552", "hg_region": "Veľká Fatra - východná časť", "popis": "prameň", "vydatnost_l_s": 0.097, "proposed_tag": "natural=spring", "osm_spring_or_water_100m": true}}, {"type": "Feature", "geometry": {"type": "Point", "coordinates": [19.240952, 48.999215]}, "properties": {"objectid": 10687, "cislo_b": "553", "hg_region": "Veľká Fatra - východná časť", "popis": "prameň", "vydatnost_l_s": 0.692857, "proposed_tag": "natural=spring", "osm_spring_or_water_100m": true}}, {"type": "Feature", "geometry": {"type": "Point", "coordinates": [19.209263, 48.995741]}, "properties": {"objectid": 10688, "cislo_b": "554", "hg_region": "Veľká Fatra - východná časť", "popis": "prameň", "vydatnost_l_s": 0.118756, "proposed_tag": "natural=spring", "osm_spring_or_water_100m": true}}, {"type": "Feature", "geometry": {"type": "Point", "coordinates": [19.208322, 48.99612]}, "properties": {"objectid": 10689, "cislo_b": "555", "hg_region": "Veľká Fatra - východná časť", "popis": "prameň", "vydatnost_l_s": 0.95098, "proposed_tag": "natural=spring", "osm_spring_or_water_100m": false}}, {"type": "Feature", "geometry": {"type": "Point", "coordinates": [19.207527, 48.996393]}, "properties": {"objectid": 10690, "cislo_b": "556", "hg_region": "Veľká Fatra - východná časť", "popis": "prameň", "vydatnost_l_s": 1.05435, "proposed_tag": "natural=spring", "osm_spring_or_water_100m": false}}, {"type": "Feature", "geometry": {"type": "Point", "coordinates": [19.207141, 48.996672]}, "properties": {"objectid": 10691, "cislo_b": "557", "hg_region": "Veľká Fatra - východná časť", "popis": "prameň", "vydatnost_l_s": 0.17446, "proposed_tag": "natural=spring", "osm_spring_or_water_100m": false}}, {"type": "Feature", "geometry": {"type": "Point", "coordinates": [19.207291, 48.996826]}, "properties": {"objectid": 10692, "cislo_b": "558", "hg_region": "Veľká Fatra - východná časť", "popis": "prameň", "vydatnost_l_s": 1.30231, "proposed_tag": "natural=spring", "osm_spring_or_water_100m": false}}, {"type": "Feature", "geometry": {"type": "Point", "coordinates": [19.206982, 48.99686]}, "properties": {"objectid": 10693, "cislo_b": "559", "hg_region": "Veľká Fatra - východná časť", "popis": "prameň", "vydatnost_l_s": 0.02, "proposed_tag": "natural=spring", "osm_spring_or_water_100m": false}}, {"type": "Feature", "geometry": {"type": "Point", "coordinates": [19.206996, 48.997048]}, "properties": {"objectid": 10694, "cislo_b": "560", "hg_region": "Veľká Fatra - východná časť", "popis": "prameň", "vydatnost_l_s": 1.31291, "proposed_tag": "natural=spring", "osm_spring_or_water_100m": false}}, {"type": "Feature", "geometry": {"type": "Point", "coordinates": [19.206551, 48.997023]}, "properties": {"objectid": 10695, "cislo_b": "561", "hg_region": "Veľká Fatra - východná časť", "popis": "prameň", "vydatnost_l_s": 1.12791, "proposed_tag": "natural=spring", "osm_spring_or_water_100m": false}}, {"type": "Feature", "geometry": {"type": "Point", "coordinates": [19.202784, 49.000104]}, "properties": {"objectid": 10696, "cislo_b": "562", "hg_region": "Veľká Fatra - východná časť", "popis": "prameň", "vydatnost_l_s": 0.430728, "proposed_tag": "natural=spring", "osm_spring_or_water_100m": true}}, {"type": "Feature", "geometry": {"type": "Point", "coordinates": [19.203209, 49.001568]}, "properties": {"objectid": 10697, "cislo_b": "563", "hg_region": "Veľká Fatra - východná časť", "popis": "prameň", "vydatnost_l_s": 0.348972, "proposed_tag": "natural=spring", "osm_spring_or_water_100m": false}}, {"type": "Feature", "geometry": {"type": "Point", "coordinates": [19.203275, 49.00198]}, "properties": {"objectid": 10698, "cislo_b": "564", "hg_region": "Veľká Fatra - východná časť", "popis": "prameň", "vydatnost_l_s": 0.391129, "proposed_tag": "natural=spring", "osm_spring_or_water_100m": true}}, {"type": "Feature", "geometry": {"type": "Point", "coordinates": [19.210058, 49.004497]}, "properties": {"objectid": 10699, "cislo_b": "565", "hg_region": "Veľká Fatra - východná časť", "popis": "prameň", "vydatnost_l_s": 0.521505, "proposed_tag": "natural=spring", "osm_spring_or_water_100m": true}}, {"type": "Feature", "geometry": {"type": "Point", "coordinates": [19.212684, 49.005101]}, "properties": {"objectid": 10700, "cislo_b": "566", "hg_region": "Veľká Fatra - východná časť", "popis": "prameň", "vydatnost_l_s": 0.47549, "proposed_tag": "natural=spring", "osm_spring_or_water_100m": true}}, {"type": "Feature", "geometry": {"type": "Point", "coordinates": [19.213465, 49.003792]}, "properties": {"objectid": 10701, "cislo_b": "567", "hg_region": "Veľká Fatra - východná časť", "popis": "prameň", "vydatnost_l_s": 0.0808333, "proposed_tag": "natural=spring", "osm_spring_or_water_100m": true}}, {"type": "Feature", "geometry": {"type": "Point", "coordinates": [19.213635, 49.003448]}, "properties": {"objectid": 10702, "cislo_b": "568", "hg_region": "Veľká Fatra - východná časť", "popis": "prameň", "vydatnost_l_s": 0.0692857, "proposed_tag": "natural=spring", "osm_spring_or_water_100m": true}}, {"type": "Feature", "geometry": {"type": "Point", "coordinates": [19.21182, 48.996766]}, "properties": {"objectid": 10703, "cislo_b": "569", "hg_region": "Veľká Fatra - východná časť", "popis": "prameň", "vydatnost_l_s": 0.405294, "proposed_tag": "natural=spring", "osm_spring_or_water_100m": false}}, {"type": "Feature", "geometry": {"type": "Point", "coordinates": [19.212772, 48.99702]}, "properties": {"objectid": 10704, "cislo_b": "570", "hg_region": "Veľká Fatra - východná časť", "popis": "prameň", "vydatnost_l_s": 0.473271, "proposed_tag": "natural=spring", "osm_spring_or_water_100m": false}}, {"type": "Feature", "geometry": {"type": "Point", "coordinates": [19.21486, 48.997005]}, "properties": {"objectid": 10705, "cislo_b": "571", "hg_region": "Veľká Fatra - východná časť", "popis": "prameň", "vydatnost_l_s": 0.2, "proposed_tag": "natural=spring", "osm_spring_or_water_100m": false}}, {"type": "Feature", "geometry": {"type": "Point", "coordinates": [19.216044, 48.997591]}, "properties": {"objectid": 10706, "cislo_b": "572", "hg_region": "Veľká Fatra - východná časť", "popis": "prameň", "vydatnost_l_s": 0.595823, "proposed_tag": "natural=spring", "osm_spring_or_water_100m": false}}, {"type": "Feature", "geometry": {"type": "Point", "coordinates": [19.215461, 48.997882]}, "properties": {"objectid": 10707, "cislo_b": "573", "hg_region": "Veľká Fatra - východná časť", "popis": "prameň", "vydatnost_l_s": 1.18293, "proposed_tag": "natural=spring", "osm_spring_or_water_100m": false}}, {"type": "Feature", "geometry": {"type": "Point", "coordinates": [19.214298, 48.998708]}, "properties": {"objectid": 10708, "cislo_b": "574", "hg_region": "Veľká Fatra - východná časť", "popis": "prameň", "vydatnost_l_s": 0.208155, "proposed_tag": "natural=spring", "osm_spring_or_water_100m": false}}, {"type": "Feature", "geometry": {"type": "Point", "coordinates": [19.214017, 48.998607]}, "properties": {"objectid": 10709, "cislo_b": "575", "hg_region": "Veľká Fatra - východná časť", "popis": "prameň", "vydatnost_l_s": 0.97, "proposed_tag": "natural=spring", "osm_spring_or_water_100m": false}}, {"type": "Feature", "geometry": {"type": "Point", "coordinates": [19.213198, 48.999863]}, "properties": {"objectid": 10710, "cislo_b": "576", "hg_region": "Veľká Fatra - východná časť", "popis": "prameň", "vydatnost_l_s": 0.0225581, "proposed_tag": "natural=spring", "osm_spring_or_water_100m": false}}, {"type": "Feature", "geometry": {"type": "Point", "coordinates": [19.213344, 49.00012]}, "properties": {"objectid": 10711, "cislo_b": "577", "hg_region": "Veľká Fatra - východná časť", "popis": "prameň", "vydatnost_l_s": 0.213656, "proposed_tag": "natural=spring", "osm_spring_or_water_100m": false}}, {"type": "Feature", "geometry": {"type": "Point", "coordinates": [19.212504, 49.000379]}, "properties": {"objectid": 10712, "cislo_b": "578", "hg_region": "Veľká Fatra - východná časť", "popis": "prameň", "vydatnost_l_s": 0.1, "proposed_tag": "natural=spring", "osm_spring_or_water_100m": false}}, {"type": "Feature", "geometry": {"type": "Point", "coordinates": [19.212514, 49.000681]}, "properties": {"objectid": 10713, "cislo_b": "579", "hg_region": "Veľká Fatra - východná časť", "popis": "prameň", "vydatnost_l_s": 0.346429, "proposed_tag": "natural=spring", "osm_spring_or_water_100m": false}}, {"type": "Feature", "geometry": {"type": "Point", "coordinates": [19.213825, 49.002037]}, "properties": {"objectid": 10714, "cislo_b": "580", "hg_region": "Veľká Fatra - východná časť", "popis": "prameň", "vydatnost_l_s": 0.405858, "proposed_tag": "natural=spring", "osm_spring_or_water_100m": true}}, {"type": "Feature", "geometry": {"type": "Point", "coordinates": [19.213158, 49.001992]}, "properties": {"objectid": 10715, "cislo_b": "581", "hg_region": "Veľká Fatra - východná časť", "popis": "prameň", "vydatnost_l_s": 0.729323, "proposed_tag": "natural=spring", "osm_spring_or_water_100m": true}}, {"type": "Feature", "geometry": {"type": "Point", "coordinates": [19.213029, 49.002191]}, "properties": {"objectid": 10716, "cislo_b": "582", "hg_region": "Veľká Fatra - východná časť", "popis": "prameň", "vydatnost_l_s": 0.461905, "proposed_tag": "natural=spring", "osm_spring_or_water_100m": true}}, {"type": "Feature", "geometry": {"type": "Point", "coordinates": [19.212547, 49.003165]}, "properties": {"objectid": 10717, "cislo_b": "583", "hg_region": "Veľká Fatra - východná časť", "popis": "vodárensky využívaný prameň", "vydatnost_l_s": 10.0, "proposed_tag": "natural=spring", "osm_spring_or_water_100m": true}}, {"type": "Feature", "geometry": {"type": "Point", "coordinates": [19.21188, 49.003326]}, "properties": {"objectid": 10718, "cislo_b": "584", "hg_region": "Veľká Fatra - východná časť", "popis": "vodárensky využívaný prameň", "vydatnost_l_s": 3.34009, "proposed_tag": "natural=spring", "osm_spring_or_water_100m": true}}, {"type": "Feature", "geometry": {"type": "Point", "coordinates": [19.213548, 49.00299]}, "properties": {"objectid": 10719, "cislo_b": "585", "hg_region": "Veľká Fatra - východná časť", "popis": "prameň", "vydatnost_l_s": 0.107301, "proposed_tag": "natural=spring", "osm_spring_or_water_100m": true}}, {"type": "Feature", "geometry": {"type": "Point", "coordinates": [19.214662, 49.002108]}, "properties": {"objectid": 10720, "cislo_b": "586", "hg_region": "Veľká Fatra - východná časť", "popis": "prameň", "vydatnost_l_s": 0.1, "proposed_tag": "natural=spring", "osm_spring_or_water_100m": false}}, {"type": "Feature", "geometry": {"type": "Point", "coordinates": [19.214669, 49.001704]}, "properties": {"objectid": 10721, "cislo_b": "587", "hg_region": "Veľká Fatra - východná časť", "popis": "prameň", "vydatnost_l_s": 0.127632, "proposed_tag": "natural=spring", "osm_spring_or_water_100m": false}}, {"type": "Feature", "geometry": {"type": "Point", "coordinates": [19.212742, 49.002681]}, "properties": {"objectid": 10722, "cislo_b": "588", "hg_region": "Veľká Fatra - východná časť", "popis": "vodárensky využívaný prameň", "vydatnost_l_s": 10.0, "proposed_tag": "natural=spring", "osm_spring_or_water_100m": true}}, {"type": "Feature", "geometry": {"type": "Point", "coordinates": [19.21555, 49.00032]}, "properties": {"objectid": 10723, "cislo_b": "589", "hg_region": "Veľká Fatra - východná časť", "popis": "prameň", "vydatnost_l_s": 0.255263, "proposed_tag": "natural=spring", "osm_spring_or_water_100m": false}}, {"type": "Feature", "geometry": {"type": "Point", "coordinates": [19.21862, 48.99946]}, "properties": {"objectid": 10724, "cislo_b": "590", "hg_region": "Veľká Fatra - východná časť", "popis": "prameň", "vydatnost_l_s": 0.104301, "proposed_tag": "natural=spring", "osm_spring_or_water_100m": false}}, {"type": "Feature", "geometry": {"type": "Point", "coordinates": [19.11034, 48.92126]}, "properties": {"objectid": 10797, "cislo_b": "663", "hg_region": "Veľká Fatra - východná časť", "popis": "prameň", "vydatnost_l_s": 0.2, "proposed_tag": "natural=spring", "osm_spring_or_water_100m": true}}, {"type": "Feature", "geometry": {"type": "Point", "coordinates": [19.109389, 48.922442]}, "properties": {"objectid": 10798, "cislo_b": "664", "hg_region": "Veľká Fatra - východná časť", "popis": "prameň", "vydatnost_l_s": 0.1, "proposed_tag": "natural=spring", "osm_spring_or_water_100m": true}}, {"type": "Feature", "geometry": {"type": "Point", "coordinates": [19.11511, 48.92562]}, "properties": {"objectid": 10799, "cislo_b": "665", "hg_region": "Veľká Fatra - východná časť", "popis": "prameň", "vydatnost_l_s": 0.05, "proposed_tag": "natural=spring", "osm_spring_or_water_100m": true}}, {"type": "Feature", "geometry": {"type": "Point", "coordinates": [19.114136, 48.923056]}, "properties": {"objectid": 10800, "cislo_b": "666", "hg_region": "Veľká Fatra - východná časť", "popis": "prameň", "vydatnost_l_s": 0.1, "proposed_tag": "natural=spring", "osm_spring_or_water_100m": true}}, {"type": "Feature", "geometry": {"type": "Point", "coordinates": [19.253947, 48.948513]}, "properties": {"objectid": 10840, "cislo_b": "706", "hg_region": "Veľká Fatra - východná časť", "popis": "prameň", "vydatnost_l_s": 1.22449, "proposed_tag": "natural=spring", "osm_spring_or_water_100m": false}}, {"type": "Feature", "geometry": {"type": "Point", "coordinates": [19.256822, 48.944445]}, "properties": {"objectid": 10841, "cislo_b": "707", "hg_region": "Veľká Fatra - východná časť", "popis": "prameň", "vydatnost_l_s": 0.111304, "proposed_tag": "natural=spring", "osm_spring_or_water_100m": false}}, {"type": "Feature", "geometry": {"type": "Point", "coordinates": [19.256573, 48.942229]}, "properties": {"objectid": 10842, "cislo_b": "708", "hg_region": "Veľká Fatra - východná časť", "popis": "prameň", "vydatnost_l_s": 0.137931, "proposed_tag": "natural=spring", "osm_spring_or_water_100m": true}}, {"type": "Feature", "geometry": {"type": "Point", "coordinates": [19.246623, 48.920682]}, "properties": {"objectid": 10843, "cislo_b": "709", "hg_region": "Veľká Fatra - východná časť", "popis": "prameň", "vydatnost_l_s": 0.218182, "proposed_tag": "natural=spring", "osm_spring_or_water_100m": true}}, {"type": "Feature", "geometry": {"type": "Point", "coordinates": [19.243741, 48.920262]}, "properties": {"objectid": 10862, "cislo_b": "728", "hg_region": "Veľká Fatra - východná časť", "popis": "prameň", "vydatnost_l_s": 3.70648, "proposed_tag": "natural=spring", "osm_spring_or_water_100m": true}}, {"type": "Feature", "geometry": {"type": "Point", "coordinates": [19.244372, 48.920666]}, "properties": {"objectid": 10863, "cislo_b": "729", "hg_region": "Veľká Fatra - východná časť", "popis": "prameň", "vydatnost_l_s": 0.535117, "proposed_tag": "natural=spring", "osm_spring_or_water_100m": true}}, {"type": "Feature", "geometry": {"type": "Point", "coordinates": [19.257941, 48.941161]}, "properties": {"objectid": 10864, "cislo_b": "730", "hg_region": "Veľká Fatra - východná časť", "popis": "prameň", "vydatnost_l_s": 0.271186, "proposed_tag": "natural=spring", "osm_spring_or_water_100m": true}}, {"type": "Feature", "geometry": {"type": "Point", "coordinates": [19.255967, 48.939924]}, "properties": {"objectid": 10865, "cislo_b": "731", "hg_region": "Veľká Fatra - východná časť", "popis": "prameň", "vydatnost_l_s": 0.168421, "proposed_tag": "natural=spring", "osm_spring_or_water_100m": false}}, {"type": "Feature", "geometry": {"type": "Point", "coordinates": [19.253461, 48.939675]}, "properties": {"objectid": 10866, "cislo_b": "732", "hg_region": "Veľká Fatra - východná časť", "popis": "prameň", "vydatnost_l_s": 0.244648, "proposed_tag": "natural=spring", "osm_spring_or_water_100m": true}}, {"type": "Feature", "geometry": {"type": "Point", "coordinates": [19.257296, 48.928704]}, "properties": {"objectid": 10867, "cislo_b": "733", "hg_region": "Veľká Fatra - východná časť", "popis": "prameň", "vydatnost_l_s": 0.265631, "proposed_tag": "natural=spring", "osm_spring_or_water_100m": false}}, {"type": "Feature", "geometry": {"type": "Point", "coordinates": [19.257022, 48.927827]}, "properties": {"objectid": 10868, "cislo_b": "734", "hg_region": "Veľká Fatra - východná časť", "popis": "prameň", "vydatnost_l_s": 0.338095, "proposed_tag": "natural=spring", "osm_spring_or_water_100m": false}}, {"type": "Feature", "geometry": {"type": "Point", "coordinates": [19.254726, 48.926942]}, "properties": {"objectid": 10869, "cislo_b": "735", "hg_region": "Veľká Fatra - východná časť", "popis": "prameň", "vydatnost_l_s": 1.46316, "proposed_tag": "natural=spring", "osm_spring_or_water_100m": false}}, {"type": "Feature", "geometry": {"type": "Point", "coordinates": [19.245329, 48.922017]}, "properties": {"objectid": 10870, "cislo_b": "736", "hg_region": "Veľká Fatra - východná časť", "popis": "prameň", "vydatnost_l_s": 0.408163, "proposed_tag": "natural=spring", "osm_spring_or_water_100m": true}}, {"type": "Feature", "geometry": {"type": "Point", "coordinates": [19.249634, 48.923238]}, "properties": {"objectid": 10871, "cislo_b": "737", "hg_region": "Veľká Fatra - východná časť", "popis": "prameň", "vydatnost_l_s": 0.148699, "proposed_tag": "natural=spring", "osm_spring_or_water_100m": true}}, {"type": "Feature", "geometry": {"type": "Point", "coordinates": [19.256303, 48.921921]}, "properties": {"objectid": 10872, "cislo_b": "738", "hg_region": "Veľká Fatra - východná časť", "popis": "prameň", "vydatnost_l_s": 1.92, "proposed_tag": "natural=spring", "osm_spring_or_water_100m": true}}, {"type": "Feature", "geometry": {"type": "Point", "coordinates": [19.257798, 48.922449]}, "properties": {"objectid": 10873, "cislo_b": "739", "hg_region": "Veľká Fatra - východná časť", "popis": "prameň", "vydatnost_l_s": 0.0671329, "proposed_tag": "natural=spring", "osm_spring_or_water_100m": true}}, {"type": "Feature", "geometry": {"type": "Point", "coordinates": [19.25805, 48.936211]}, "properties": {"objectid": 10875, "cislo_b": "741", "hg_region": "Veľká Fatra - východná časť", "popis": "prameň", "vydatnost_l_s": 0.128, "proposed_tag": "natural=spring", "osm_spring_or_water_100m": true}}, {"type": "Feature", "geometry": {"type": "Point", "coordinates": [19.258383, 48.937924]}, "properties": {"objectid": 10876, "cislo_b": "742", "hg_region": "Veľká Fatra - východná časť", "popis": "prameň", "vydatnost_l_s": 0.0776699, "proposed_tag": "natural=spring", "osm_spring_or_water_100m": false}}, {"type": "Feature", "geometry": {"type": "Point", "coordinates": [19.223674, 48.931643]}, "properties": {"objectid": 10895, "cislo_b": "761", "hg_region": "Veľká Fatra - východná časť", "popis": "prameň", "vydatnost_l_s": 0.01, "proposed_tag": "natural=spring", "osm_spring_or_water_100m": false}}, {"type": "Feature", "geometry": {"type": "Point", "coordinates": [19.225168, 48.930391]}, "properties": {"objectid": 10896, "cislo_b": "762", "hg_region": "Veľká Fatra - východná časť", "popis": "prameň", "vydatnost_l_s": 0.513208, "proposed_tag": "natural=spring", "osm_spring_or_water_100m": true}}, {"type": "Feature", "geometry": {"type": "Point", "coordinates": [19.225949, 48.929862]}, "properties": {"objectid": 10897, "cislo_b": "763", "hg_region": "Veľká Fatra - východná časť", "popis": "prameň", "vydatnost_l_s": 0.2, "proposed_tag": "natural=spring", "osm_spring_or_water_100m": false}}, {"type": "Feature", "geometry": {"type": "Point", "coordinates": [19.22648, 48.929285]}, "properties": {"objectid": 10898, "cislo_b": "764", "hg_region": "Veľká Fatra - východná časť", "popis": "prameň", "vydatnost_l_s": 0.3, "proposed_tag": "natural=spring", "osm_spring_or_water_100m": false}}, {"type": "Feature", "geometry": {"type": "Point", "coordinates": [19.230423, 48.928242]}, "properties": {"objectid": 10899, "cislo_b": "765", "hg_region": "Veľká Fatra - východná časť", "popis": "prameň", "vydatnost_l_s": 0.410891, "proposed_tag": "natural=spring", "osm_spring_or_water_100m": true}}, {"type": "Feature", "geometry": {"type": "Point", "coordinates": [19.14935, 49.00826]}, "properties": {"objectid": 10910, "cislo_b": "776", "hg_region": "Veľká Fatra - východná časť", "popis": "prameň", "vydatnost_l_s": 0.478111, "proposed_tag": "natural=spring", "osm_spring_or_water_100m": false}}, {"type": "Feature", "geometry": {"type": "Point", "coordinates": [19.15154, 49.007409]}, "properties": {"objectid": 10911, "cislo_b": "777", "hg_region": "Veľká Fatra - východná časť", "popis": "prameň", "vydatnost_l_s": 0.161134, "proposed_tag": "natural=spring", "osm_spring_or_water_100m": false}}, {"type": "Feature", "geometry": {"type": "Point", "coordinates": [19.152854, 49.007901]}, "properties": {"objectid": 10912, "cislo_b": "778", "hg_region": "Veľká Fatra - východná časť", "popis": "prameň", "vydatnost_l_s": 1.46076, "proposed_tag": "natural=spring", "osm_spring_or_water_100m": false}}, {"type": "Feature", "geometry": {"type": "Point", "coordinates": [19.164166, 48.9966]}, "properties": {"objectid": 10913, "cislo_b": "779", "hg_region": "Veľká Fatra - východná časť", "popis": "prameň", "vydatnost_l_s": 1.22533, "proposed_tag": "natural=spring", "osm_spring_or_water_100m": false}}, {"type": "Feature", "geometry": {"type": "Point", "coordinates": [19.161637, 48.994078]}, "properties": {"objectid": 10914, "cislo_b": "780", "hg_region": "Veľká Fatra - východná časť", "popis": "prameň", "vydatnost_l_s": 0.927846, "proposed_tag": "natural=spring", "osm_spring_or_water_100m": false}}, {"type": "Feature", "geometry": {"type": "Point", "coordinates": [19.161356, 48.994203]}, "properties": {"objectid": 10915, "cislo_b": "781", "hg_region": "Veľká Fatra - východná časť", "popis": "prameň", "vydatnost_l_s": 1.70431, "proposed_tag": "natural=spring", "osm_spring_or_water_100m": false}}, {"type": "Feature", "geometry": {"type": "Point", "coordinates": [19.158991, 48.992994]}, "properties": {"objectid": 10916, "cislo_b": "782", "hg_region": "Veľká Fatra - východná časť", "popis": "prameň", "vydatnost_l_s": 0.159923, "proposed_tag": "natural=spring", "osm_spring_or_water_100m": false}}, {"type": "Feature", "geometry": {"type": "Point", "coordinates": [19.157105, 48.993002]}, "properties": {"objectid": 10917, "cislo_b": "783", "hg_region": "Veľká Fatra - východná časť", "popis": "prameň", "vydatnost_l_s": 0.462902, "proposed_tag": "natural=spring", "osm_spring_or_water_100m": true}}, {"type": "Feature", "geometry": {"type": "Point", "coordinates": [19.156507, 48.993375]}, "properties": {"objectid": 10918, "cislo_b": "784", "hg_region": "Veľká Fatra - východná časť", "popis": "prameň", "vydatnost_l_s": 0.343401, "proposed_tag": "natural=spring", "osm_spring_or_water_100m": true}}, {"type": "Feature", "geometry": {"type": "Point", "coordinates": [19.160099, 48.991686]}, "properties": {"objectid": 10919, "cislo_b": "785", "hg_region": "Veľká Fatra - východná časť", "popis": "prameň", "vydatnost_l_s": 0.224993, "proposed_tag": "natural=spring", "osm_spring_or_water_100m": false}}, {"type": "Feature", "geometry": {"type": "Point", "coordinates": [19.171092, 48.993915]}, "properties": {"objectid": 10920, "cislo_b": "786", "hg_region": "Veľká Fatra - východná časť", "popis": "prameň", "vydatnost_l_s": 0.07, "proposed_tag": "natural=spring", "osm_spring_or_water_100m": false}}, {"type": "Feature", "geometry": {"type": "Point", "coordinates": [19.171654, 48.99433]}, "properties": {"objectid": 10921, "cislo_b": "787", "hg_region": "Veľká Fatra - východná časť", "popis": "prameň", "vydatnost_l_s": 0.366042, "proposed_tag": "natural=spring", "osm_spring_or_water_100m": false}}, {"type": "Feature", "geometry": {"type": "Point", "coordinates": [19.157701, 49.00567]}, "properties": {"objectid": 10922, "cislo_b": "788", "hg_region": "Veľká Fatra - východná časť", "popis": "prameň", "vydatnost_l_s": 0.759146, "proposed_tag": "natural=spring", "osm_spring_or_water_100m": false}}, {"type": "Feature", "geometry": {"type": "Point", "coordinates": [19.159961, 49.004223]}, "properties": {"objectid": 10923, "cislo_b": "789", "hg_region": "Veľká Fatra - východná časť", "popis": "prameň", "vydatnost_l_s": 65.2407, "proposed_tag": "natural=spring", "osm_spring_or_water_100m": false}}, {"type": "Feature", "geometry": {"type": "Point", "coordinates": [19.160893, 49.003851]}, "properties": {"objectid": 10924, "cislo_b": "790", "hg_region": "Veľká Fatra - východná časť", "popis": "prameň", "vydatnost_l_s": 30.0, "proposed_tag": "natural=spring", "osm_spring_or_water_100m": false}}, {"type": "Feature", "geometry": {"type": "Point", "coordinates": [19.168538, 48.997258]}, "properties": {"objectid": 10925, "cislo_b": "791", "hg_region": "Veľká Fatra - východná časť", "popis": "prameň", "vydatnost_l_s": 0.367582, "proposed_tag": "natural=spring", "osm_spring_or_water_100m": false}}, {"type": "Feature", "geometry": {"type": "Point", "coordinates": [19.168926, 48.996643]}, "properties": {"objectid": 10926, "cislo_b": "792", "hg_region": "Veľká Fatra - východná časť", "popis": "prameň", "vydatnost_l_s": 5.41663, "proposed_tag": "natural=spring", "osm_spring_or_water_100m": false}}, {"type": "Feature", "geometry": {"type": "Point", "coordinates": [19.170011, 48.994788]}, "properties": {"objectid": 10927, "cislo_b": "793", "hg_region": "Veľká Fatra - východná časť", "popis": "prameň", "vydatnost_l_s": 1.08734, "proposed_tag": "natural=spring", "osm_spring_or_water_100m": false}}, {"type": "Feature", "geometry": {"type": "Point", "coordinates": [19.169725, 48.995009]}, "properties": {"objectid": 10928, "cislo_b": "794", "hg_region": "Veľká Fatra - východná časť", "popis": "prameň", "vydatnost_l_s": 6.42614, "proposed_tag": "natural=spring", "osm_spring_or_water_100m": false}}, {"type": "Feature", "geometry": {"type": "Point", "coordinates": [19.176153, 48.996844]}, "properties": {"objectid": 10929, "cislo_b": "795", "hg_region": "Veľká Fatra - východná časť", "popis": "prameň", "vydatnost_l_s": 0.15, "proposed_tag": "natural=spring", "osm_spring_or_water_100m": false}}, {"type": "Feature", "geometry": {"type": "Point", "coordinates": [19.177951, 48.996646]}, "properties": {"objectid": 10930, "cislo_b": "796", "hg_region": "Veľká Fatra - východná časť", "popis": "prameň", "vydatnost_l_s": 0.191553, "proposed_tag": "natural=spring", "osm_spring_or_water_100m": false}}, {"type": "Feature", "geometry": {"type": "Point", "coordinates": [19.179679, 48.994722]}, "properties": {"objectid": 10931, "cislo_b": "797", "hg_region": "Veľká Fatra - východná časť", "popis": "prameň", "vydatnost_l_s": 0.180867, "proposed_tag": "natural=spring", "osm_spring_or_water_100m": false}}, {"type": "Feature", "geometry": {"type": "Point", "coordinates": [19.175617, 48.99381]}, "properties": {"objectid": 10932, "cislo_b": "798", "hg_region": "Veľká Fatra - východná časť", "popis": "prameň", "vydatnost_l_s": 0.4, "proposed_tag": "natural=spring", "osm_spring_or_water_100m": false}}, {"type": "Feature", "geometry": {"type": "Point", "coordinates": [19.174633, 48.994509]}, "properties": {"objectid": 10933, "cislo_b": "799", "hg_region": "Veľká Fatra - východná časť", "popis": "prameň", "vydatnost_l_s": 0.35, "proposed_tag": "natural=spring", "osm_spring_or_water_100m": false}}, {"type": "Feature", "geometry": {"type": "Point", "coordinates": [19.168949, 49.001567]}, "properties": {"objectid": 10934, "cislo_b": "800", "hg_region": "Veľká Fatra - východná časť", "popis": "prameň", "vydatnost_l_s": 0.219635, "proposed_tag": "natural=spring", "osm_spring_or_water_100m": false}}, {"type": "Feature", "geometry": {"type": "Point", "coordinates": [19.198748, 49.049274]}, "properties": {"objectid": 10940, "cislo_b": "806", "hg_region": "Veľká Fatra - východná časť", "popis": "prameň", "vydatnost_l_s": 0.2, "proposed_tag": "natural=spring", "osm_spring_or_water_100m": true}}, {"type": "Feature", "geometry": {"type": "Point", "coordinates": [19.200188, 49.049596]}, "properties": {"objectid": 10941, "cislo_b": "807", "hg_region": "Veľká Fatra - východná časť", "popis": "prameň", "vydatnost_l_s": 4.66881, "proposed_tag": "natural=spring", "osm_spring_or_water_100m": true}}, {"type": "Feature", "geometry": {"type": "Point", "coordinates": [19.198393, 49.046235]}, "properties": {"objectid": 10942, "cislo_b": "808", "hg_region": "Veľká Fatra - východná časť", "popis": "prameň", "vydatnost_l_s": 0.296296, "proposed_tag": "natural=spring", "osm_spring_or_water_100m": false}}, {"type": "Feature", "geometry": {"type": "Point", "coordinates": [19.19913, 49.046121]}, "properties": {"objectid": 10943, "cislo_b": "809", "hg_region": "Veľká Fatra - východná časť", "popis": "prameň", "vydatnost_l_s": 0.644444, "proposed_tag": "natural=spring", "osm_spring_or_water_100m": false}}, {"type": "Feature", "geometry": {"type": "Point", "coordinates": [19.199007, 49.045853]}, "properties": {"objectid": 10944, "cislo_b": "810", "hg_region": "Veľká Fatra - východná časť", "popis": "prameň", "vydatnost_l_s": 0.6, "proposed_tag": "natural=spring", "osm_spring_or_water_100m": false}}, {"type": "Feature", "geometry": {"type": "Point", "coordinates": [19.198991, 49.045464]}, "properties": {"objectid": 10945, "cislo_b": "811", "hg_region": "Veľká Fatra - východná časť", "popis": "prameň", "vydatnost_l_s": 0.4, "proposed_tag": "natural=spring", "osm_spring_or_water_100m": false}}, {"type": "Feature", "geometry": {"type": "Point", "coordinates": [19.203088, 49.044114]}, "properties": {"objectid": 10946, "cislo_b": "812", "hg_region": "Veľká Fatra - východná časť", "popis": "prameň", "vydatnost_l_s": 0.354895, "proposed_tag": "natural=spring", "osm_spring_or_water_100m": false}}, {"type": "Feature", "geometry": {"type": "Point", "coordinates": [19.205041, 49.043476]}, "properties": {"objectid": 10947, "cislo_b": "813", "hg_region": "Veľká Fatra - východná časť", "popis": "prameň", "vydatnost_l_s": 0.2, "proposed_tag": "natural=spring", "osm_spring_or_water_100m": false}}, {"type": "Feature", "geometry": {"type": "Point", "coordinates": [19.205081, 49.042709]}, "properties": {"objectid": 10948, "cislo_b": "814", "hg_region": "Veľká Fatra - východná časť", "popis": "prameň", "vydatnost_l_s": 0.2, "proposed_tag": "natural=spring", "osm_spring_or_water_100m": false}}, {"type": "Feature", "geometry": {"type": "Point", "coordinates": [19.206126, 49.04199]}, "properties": {"objectid": 10949, "cislo_b": "815", "hg_region": "Veľká Fatra - východná časť", "popis": "prameň", "vydatnost_l_s": 0.2, "proposed_tag": "natural=spring", "osm_spring_or_water_100m": false}}, {"type": "Feature", "geometry": {"type": "Point", "coordinates": [19.206512, 49.041933]}, "properties": {"objectid": 10950, "cislo_b": "816", "hg_region": "Veľká Fatra - východná časť", "popis": "prameň", "vydatnost_l_s": 0.2, "proposed_tag": "natural=spring", "osm_spring_or_water_100m": true}}, {"type": "Feature", "geometry": {"type": "Point", "coordinates": [19.207154, 49.041863]}, "properties": {"objectid": 10951, "cislo_b": "817", "hg_region": "Veľká Fatra - východná časť", "popis": "prameň", "vydatnost_l_s": 0.3, "proposed_tag": "natural=spring", "osm_spring_or_water_100m": true}}, {"type": "Feature", "geometry": {"type": "Point", "coordinates": [19.207381, 49.042844]}, "properties": {"objectid": 10952, "cislo_b": "818", "hg_region": "Veľká Fatra - východná časť", "popis": "prameň", "vydatnost_l_s": 0.2, "proposed_tag": "natural=spring", "osm_spring_or_water_100m": false}}, {"type": "Feature", "geometry": {"type": "Point", "coordinates": [19.207729, 49.043653]}, "properties": {"objectid": 10953, "cislo_b": "819", "hg_region": "Veľká Fatra - východná časť", "popis": "prameň", "vydatnost_l_s": 0.3, "proposed_tag": "natural=spring", "osm_spring_or_water_100m": false}}, {"type": "Feature", "geometry": {"type": "Point", "coordinates": [19.206405, 49.044012]}, "properties": {"objectid": 10954, "cislo_b": "820", "hg_region": "Veľká Fatra - východná časť", "popis": "prameň", "vydatnost_l_s": 0.2, "proposed_tag": "natural=spring", "osm_spring_or_water_100m": false}}, {"type": "Feature", "geometry": {"type": "Point", "coordinates": [19.206071, 49.044382]}, "properties": {"objectid": 10955, "cislo_b": "821", "hg_region": "Veľká Fatra - východná časť", "popis": "prameň", "vydatnost_l_s": 0.5, "proposed_tag": "natural=spring", "osm_spring_or_water_100m": false}}, {"type": "Feature", "geometry": {"type": "Point", "coordinates": [19.100475, 48.934248]}, "properties": {"objectid": 5234, "cislo_b": "1685", "hg_region": "Veľká Fatra - západná časť", "popis": "prameň", "vydatnost_l_s": 11.94, "proposed_tag": "natural=spring", "osm_spring_or_water_100m": false}}, {"type": "Feature", "geometry": {"type": "Point", "coordinates": [19.100182, 48.95508]}, "properties": {"objectid": 5236, "cislo_b": "1719", "hg_region": "Veľká Fatra - západná časť", "popis": "prameň", "vydatnost_l_s": 16.44, "proposed_tag": "natural=spring", "osm_spring_or_water_100m": false}}, {"type": "Feature", "geometry": {"type": "Point", "coordinates": [19.100917, 48.963961]}, "properties": {"objectid": 5237, "cislo_b": "1744", "hg_region": "Veľká Fatra - západná časť", "popis": "prameň", "vydatnost_l_s": 1.1, "proposed_tag": "natural=spring", "osm_spring_or_water_100m": false}}, {"type": "Feature", "geometry": {"type": "Point", "coordinates": [19.101277, 48.963495]}, "properties": {"objectid": 5238, "cislo_b": "1748", "hg_region": "Veľká Fatra - západná časť", "popis": "prameň", "vydatnost_l_s": 3.58, "proposed_tag": "natural=spring", "osm_spring_or_water_100m": false}}, {"type": "Feature", "geometry": {"type": "Point", "coordinates": [19.101195, 49.003032]}, "properties": {"objectid": 5242, "cislo_b": "1804", "hg_region": "Veľká Fatra - západná časť", "popis": "prameň", "vydatnost_l_s": 1.01, "proposed_tag": "natural=spring", "osm_spring_or_water_100m": false}}, {"type": "Feature", "geometry": {"type": "Point", "coordinates": [19.110618, 48.933999]}, "properties": {"objectid": 5244, "cislo_b": "1825", "hg_region": "Veľká Fatra - západná časť", "popis": "prameň", "vydatnost_l_s": 1.68, "proposed_tag": "natural=spring", "osm_spring_or_water_100m": true}}, {"type": "Feature", "geometry": {"type": "Point", "coordinates": [19.110881, 48.933728]}, "properties": {"objectid": 5245, "cislo_b": "1829", "hg_region": "Veľká Fatra - západná časť", "popis": "prameň", "vydatnost_l_s": 3.7, "proposed_tag": "natural=spring", "osm_spring_or_water_100m": true}}, {"type": "Feature", "geometry": {"type": "Point", "coordinates": [19.104393, 49.006153]}, "properties": {"objectid": 5246, "cislo_b": "1851", "hg_region": "Veľká Fatra - západná časť", "popis": "prameň", "vydatnost_l_s": 1.15, "proposed_tag": "natural=spring", "osm_spring_or_water_100m": false}}, {"type": "Feature", "geometry": {"type": "Point", "coordinates": [19.106117, 48.991111]}, "properties": {"objectid": 5247, "cislo_b": "1852", "hg_region": "Veľká Fatra - západná časť", "popis": "prameň", "vydatnost_l_s": 2.96, "proposed_tag": "natural=spring", "osm_spring_or_water_100m": false}}, {"type": "Feature", "geometry": {"type": "Point", "coordinates": [19.111476, 48.97923]}, "properties": {"objectid": 5250, "cislo_b": "1921", "hg_region": "Veľká Fatra - západná časť", "popis": "prameň", "vydatnost_l_s": 1.53, "proposed_tag": "natural=spring", "osm_spring_or_water_100m": true}}, {"type": "Feature", "geometry": {"type": "Point", "coordinates": [19.111503, 48.97899]}, "properties": {"objectid": 5251, "cislo_b": "1922", "hg_region": "Veľká Fatra - západná časť", "popis": "prameň", "vydatnost_l_s": 1.49, "proposed_tag": "natural=spring", "osm_spring_or_water_100m": true}}, {"type": "Feature", "geometry": {"type": "Point", "coordinates": [19.110033, 48.995182]}, "properties": {"objectid": 5252, "cislo_b": "1929", "hg_region": "Veľká Fatra - západná časť", "popis": "prameň", "vydatnost_l_s": 1.48, "proposed_tag": "natural=spring", "osm_spring_or_water_100m": false}}, {"type": "Feature", "geometry": {"type": "Point", "coordinates": [19.120352, 48.939809]}, "properties": {"objectid": 5254, "cislo_b": "1998", "hg_region": "Veľká Fatra - západná časť", "popis": "prameň", "vydatnost_l_s": 1.12, "proposed_tag": "natural=spring", "osm_spring_or_water_100m": true}}, {"type": "Feature", "geometry": {"type": "Point", "coordinates": [19.120824, 48.939347]}, "properties": {"objectid": 5255, "cislo_b": "2014", "hg_region": "Veľká Fatra - západná časť", "popis": "prameň", "vydatnost_l_s": 2.06, "proposed_tag": "natural=spring", "osm_spring_or_water_100m": false}}, {"type": "Feature", "geometry": {"type": "Point", "coordinates": [19.115355, 49.01243]}, "properties": {"objectid": 5258, "cislo_b": "2080", "hg_region": "Veľká Fatra - západná časť", "popis": "prameň", "vydatnost_l_s": 1.32, "proposed_tag": "natural=spring", "osm_spring_or_water_100m": false}}, {"type": "Feature", "geometry": {"type": "Point", "coordinates": [19.116602, 49.002143]}, "properties": {"objectid": 5259, "cislo_b": "2083", "hg_region": "Veľká Fatra - západná časť", "popis": "prameň", "vydatnost_l_s": 1.53, "proposed_tag": "natural=spring", "osm_spring_or_water_100m": false}}, {"type": "Feature", "geometry": {"type": "Point", "coordinates": [19.118733, 48.98674]}, "properties": {"objectid": 5260, "cislo_b": "2094", "hg_region": "Veľká Fatra - západná časť", "popis": "prameň", "vydatnost_l_s": 2.39, "proposed_tag": "natural=spring", "osm_spring_or_water_100m": true}}, {"type": "Feature", "geometry": {"type": "Point", "coordinates": [19.123934, 48.947503]}, "properties": {"objectid": 5262, "cislo_b": "2114", "hg_region": "Veľká Fatra - západná časť", "popis": "prameň", "vydatnost_l_s": 1.33, "proposed_tag": "natural=spring", "osm_spring_or_water_100m": false}}, {"type": "Feature", "geometry": {"type": "Point", "coordinates": [19.126186, 48.947792]}, "properties": {"objectid": 5263, "cislo_b": "2152", "hg_region": "Veľká Fatra - západná časť", "popis": "prameň", "vydatnost_l_s": 2.03, "proposed_tag": "natural=spring", "osm_spring_or_water_100m": false}}, {"type": "Feature", "geometry": {"type": "Point", "coordinates": [19.121982, 48.994881]}, "properties": {"objectid": 5264, "cislo_b": "2172", "hg_region": "Veľká Fatra - západná časť", "popis": "prameň", "vydatnost_l_s": 1.89, "proposed_tag": "natural=spring", "osm_spring_or_water_100m": false}}, {"type": "Feature", "geometry": {"type": "Point", "coordinates": [19.127149, 48.950271]}, "properties": {"objectid": 5265, "cislo_b": "2176", "hg_region": "Veľká Fatra - západná časť", "popis": "prameň", "vydatnost_l_s": 1.09, "proposed_tag": "natural=spring", "osm_spring_or_water_100m": true}}, {"type": "Feature", "geometry": {"type": "Point", "coordinates": [19.127385, 48.950261]}, "properties": {"objectid": 5266, "cislo_b": "2183", "hg_region": "Veľká Fatra - západná časť", "popis": "prameň", "vydatnost_l_s": 1.12, "proposed_tag": "natural=spring", "osm_spring_or_water_100m": true}}, {"type": "Feature", "geometry": {"type": "Point", "coordinates": [19.124696, 48.975841]}, "properties": {"objectid": 5267, "cislo_b": "2188", "hg_region": "Veľká Fatra - západná časť", "popis": "prameň", "vydatnost_l_s": 1.16, "proposed_tag": "natural=spring", "osm_spring_or_water_100m": true}}, {"type": "Feature", "geometry": {"type": "Point", "coordinates": [19.12759, 48.950381]}, "properties": {"objectid": 5268, "cislo_b": "2189", "hg_region": "Veľká Fatra - západná časť", "popis": "prameň", "vydatnost_l_s": 1.77, "proposed_tag": "natural=spring", "osm_spring_or_water_100m": true}}, {"type": "Feature", "geometry": {"type": "Point", "coordinates": [19.127866, 48.950461]}, "properties": {"objectid": 5269, "cislo_b": "2194", "hg_region": "Veľká Fatra - západná časť", "popis": "prameň", "vydatnost_l_s": 6.6, "proposed_tag": "natural=spring", "osm_spring_or_water_100m": true}}, {"type": "Feature", "geometry": {"type": "Point", "coordinates": [19.129635, 48.947885]}, "properties": {"objectid": 5270, "cislo_b": "2222", "hg_region": "Veľká Fatra - západná časť", "popis": "prameň", "vydatnost_l_s": 1.76, "proposed_tag": "natural=spring", "osm_spring_or_water_100m": false}}, {"type": "Feature", "geometry": {"type": "Point", "coordinates": [19.128144, 48.965501]}, "properties": {"objectid": 5271, "cislo_b": "2238", "hg_region": "Veľká Fatra - západná časť", "popis": "prameň", "vydatnost_l_s": 27.1, "proposed_tag": "natural=spring", "osm_spring_or_water_100m": true}}, {"type": "Feature", "geometry": {"type": "Point", "coordinates": [19.130196, 48.948421]}, "properties": {"objectid": 5272, "cislo_b": "2244", "hg_region": "Veľká Fatra - západná časť", "popis": "prameň", "vydatnost_l_s": 1.98, "proposed_tag": "natural=spring", "osm_spring_or_water_100m": false}}, {"type": "Feature", "geometry": {"type": "Point", "coordinates": [19.127344, 48.976651]}, "properties": {"objectid": 5273, "cislo_b": "2247", "hg_region": "Veľká Fatra - západná časť", "popis": "prameň", "vydatnost_l_s": 2.31, "proposed_tag": "natural=spring", "osm_spring_or_water_100m": false}}, {"type": "Feature", "geometry": {"type": "Point", "coordinates": [19.129014, 48.965926]}, "properties": {"objectid": 5274, "cislo_b": "2254", "hg_region": "Veľká Fatra - západná časť", "popis": "prameň", "vydatnost_l_s": 6.5, "proposed_tag": "natural=spring", "osm_spring_or_water_100m": true}}, {"type": "Feature", "geometry": {"type": "Point", "coordinates": [19.129283, 48.96584]}, "properties": {"objectid": 5275, "cislo_b": "2258", "hg_region": "Veľká Fatra - západná časť", "popis": "prameň", "vydatnost_l_s": 3.18, "proposed_tag": "natural=spring", "osm_spring_or_water_100m": true}}, {"type": "Feature", "geometry": {"type": "Point", "coordinates": [19.13027, 48.966456]}, "properties": {"objectid": 5276, "cislo_b": "2282", "hg_region": "Veľká Fatra - západná časť", "popis": "prameň", "vydatnost_l_s": 3.57, "proposed_tag": "natural=spring", "osm_spring_or_water_100m": true}}, {"type": "Feature", "geometry": {"type": "Point", "coordinates": [19.133668, 48.94883]}, "properties": {"objectid": 5277, "cislo_b": "2305", "hg_region": "Veľká Fatra - západná časť", "popis": "prameň", "vydatnost_l_s": 5.0, "proposed_tag": "natural=spring", "osm_spring_or_water_100m": false}}, {"type": "Feature", "geometry": {"type": "Point", "coordinates": [19.131809, 48.96734]}, "properties": {"objectid": 5278, "cislo_b": "2308", "hg_region": "Veľká Fatra - západná časť", "popis": "prameň", "vydatnost_l_s": 2.01, "proposed_tag": "natural=spring", "osm_spring_or_water_100m": true}}, {"type": "Feature", "geometry": {"type": "Point", "coordinates": [19.131841, 48.967625]}, "properties": {"objectid": 5279, "cislo_b": "2309", "hg_region": "Veľká Fatra - západná časť", "popis": "prameň", "vydatnost_l_s": 2.0, "proposed_tag": "natural=spring", "osm_spring_or_water_100m": false}}, {"type": "Feature", "geometry": {"type": "Point", "coordinates": [19.128018, 49.007681]}, "properties": {"objectid": 5280, "cislo_b": "2320", "hg_region": "Veľká Fatra - západná časť", "popis": "prameň", "vydatnost_l_s": 1.6, "proposed_tag": "natural=spring", "osm_spring_or_water_100m": false}}, {"type": "Feature", "geometry": {"type": "Point", "coordinates": [19.135731, 48.940635]}, "properties": {"objectid": 5281, "cislo_b": "2323", "hg_region": "Veľká Fatra - západná časť", "popis": "prameň", "vydatnost_l_s": 1.13, "proposed_tag": "natural=spring", "osm_spring_or_water_100m": false}}, {"type": "Feature", "geometry": {"type": "Point", "coordinates": [19.135144, 48.968147]}, "properties": {"objectid": 5282, "cislo_b": "2384", "hg_region": "Veľká Fatra - západná časť", "popis": "prameň", "vydatnost_l_s": 31.42, "proposed_tag": "natural=spring", "osm_spring_or_water_100m": true}}, {"type": "Feature", "geometry": {"type": "Point", "coordinates": [19.138576, 48.945045]}, "properties": {"objectid": 5283, "cislo_b": "2402", "hg_region": "Veľká Fatra - západná časť", "popis": "prameň", "vydatnost_l_s": 5.21, "proposed_tag": "natural=spring", "osm_spring_or_water_100m": true}}, {"type": "Feature", "geometry": {"type": "Point", "coordinates": [19.130876, 49.038712]}, "properties": {"objectid": 5288, "cislo_b": "2471", "hg_region": "Veľká Fatra - západná časť", "popis": "prameň", "vydatnost_l_s": 1.39, "proposed_tag": "natural=spring", "osm_spring_or_water_100m": false}}, {"type": "Feature", "geometry": {"type": "Point", "coordinates": [19.13935, 48.964471]}, "properties": {"objectid": 5289, "cislo_b": "2472", "hg_region": "Veľká Fatra - západná časť", "popis": "prameň", "vydatnost_l_s": 1.29, "proposed_tag": "natural=spring", "osm_spring_or_water_100m": true}}, {"type": "Feature", "geometry": {"type": "Point", "coordinates": [19.139307, 48.965217]}, "properties": {"objectid": 5290, "cislo_b": "2474", "hg_region": "Veľká Fatra - západná časť", "popis": "prameň", "vydatnost_l_s": 2.72, "proposed_tag": "natural=spring", "osm_spring_or_water_100m": true}}, {"type": "Feature", "geometry": {"type": "Point", "coordinates": [19.138944, 48.998783]}, "properties": {"objectid": 5293, "cislo_b": "2516", "hg_region": "Veľká Fatra - západná časť", "popis": "vodárensky využívaný prameň", "vydatnost_l_s": 5.68, "proposed_tag": "natural=spring", "osm_spring_or_water_100m": true}}, {"type": "Feature", "geometry": {"type": "Point", "coordinates": [19.146728, 49.048444]}, "properties": {"objectid": 5304, "cislo_b": "2664", "hg_region": "Veľká Fatra - západná časť", "popis": "vodárensky využívaný prameň", "vydatnost_l_s": 0.2, "proposed_tag": "natural=spring", "osm_spring_or_water_100m": false}}]}